sex,age_cat,race,juv_fel_count,juv_misd_count,juv_other_count,priors_count1,days_b_screening_arrest,c_charge_degree,c_charge_desc,is_recid,is_violent_recid,r_charge_desc,priors_count2,score_text,two_year_recid
Male,25 - 45,Caucasian,0,0,0,4.0,-1.0,F,Grand Theft in the 3rd Degree,1,0,Petit Theft,4,Low,1
Male,Less than 25,African-American,0,1,0,3.0,-1.0,F,Burglary Conveyance Unoccup,1,0,Operating W/O Valid License,3,Medium,1
Male,25 - 45,Other,0,0,0,0.0,-1.0,F,arrest case no charge,0,0,,0,Low,0
Male,25 - 45,Caucasian,0,0,0,6.0,-1.0,M,Assault,1,1,Battery,6,Low,1
Male,Less than 25,African-American,0,0,0,2.0,-1.0,F,DUI/Property Damage/Persnl Inj,1,0,Petit Theft,2,Low,1
Male,Greater than 45,Caucasian,0,0,0,0.0,0.0,M,DUI Blood Alcohol Above 0.20,1,0,,0,Low,0
Male,25 - 45,Caucasian,0,0,0,0.0,-1.0,F,Grand Theft in the 3rd Degree,0,0,Petit Theft,0,Low,0
Male,25 - 45,Hispanic,0,0,0,0.0,-1.0,M,Battery,0,0,,0,Low,0
Male,25 - 45,Caucasian,0,0,0,9.0,0.0,F,arrest case no charge,1,1,Felony Battery (Dom Strang),9,High,1
Male,Greater than 45,Hispanic,0,0,0,0.0,-1.0,F,Tamper With Witness/Victim/CI,0,0,,0,Low,0
Male,Greater than 45,African-American,0,0,0,19.0,0.0,F,Possession of Cocaine,0,0,Grand Theft in the 3rd Degree,19,High,1
Male,Less than 25,African-American,0,0,0,0.0,0.0,F,Burglary Unoccupied Dwelling,1,0,Grand Theft in the 3rd Degree,0,Medium,1
Male,25 - 45,African-American,0,1,0,14.0,-1.0,M,Battery,1,0,Grand Theft of the 2nd Degree,14,High,1
Male,25 - 45,African-American,0,0,0,5.0,-1.0,F,arrest case no charge,1,1,Battery,5,High,1
Female,25 - 45,Caucasian,0,0,0,2.0,-1.0,F,Grand Theft (Motor Vehicle),0,0,,2,Low,0
Male,Greater than 45,Caucasian,0,0,0,0.0,-1.0,M,Battery,0,0,,0,Low,0
Male,25 - 45,Caucasian,0,0,0,0.0,-1.0,F,Grand Theft in the 3rd Degree,0,0,,0,Low,0
Male,25 - 45,African-American,0,0,0,2.0,-1.0,M,Pos Cannabis W/Intent Sel/Del,1,0,Resist/Obstruct W/O Violence,2,Medium,1
Male,25 - 45,African-American,0,0,0,1.0,-1.0,F,Possession Of Amphetamine,0,0,,1,Low,0
Male,Less than 25,African-American,0,0,0,0.0,-1.0,F,Possession Burglary Tools,0,0,,0,High,0
Male,Less than 25,African-American,0,2,0,2.0,-1.0,F,Poss Pyrrolidinovalerophenone,1,0,Grand Theft in the 3rd Degree,2,High,1
Male,Less than 25,African-American,0,0,1,1.0,-1.0,F,arrest case no charge,0,0,,1,High,0
Male,Greater than 45,African-American,0,0,0,0.0,-1.0,M,Battery,0,0,,0,Low,0
Male,Greater than 45,African-American,0,0,0,6.0,-1.0,F,Felony Petit Theft,0,0,,6,Medium,0
Male,25 - 45,African-American,0,0,0,0.0,-1.0,F,Driving While License Revoked,0,0,,0,High,0
Female,25 - 45,African-American,0,0,0,1.0,-1.0,F,Grand Theft in the 3rd Degree,0,0,,1,Low,0
Female,25 - 45,African-American,0,0,0,0.0,0.0,F,Felony Battery (Dom Strang),0,0,,0,Low,0
Female,25 - 45,Caucasian,0,0,0,9.0,-1.0,F,Poss Contr Subst W/o Prescript,1,0,,9,Medium,1
Female,25 - 45,African-American,0,0,0,5.0,-8.0,F,arrest case no charge,1,0,Grand Theft in the 3rd Degree,5,Low,1
Male,25 - 45,African-American,0,0,0,15.0,-1.0,F,Expired DL More Than 6 Months,1,0,Grand Theft in the 3rd Degree,15,High,1
Male,Greater than 45,Caucasian,0,0,0,1.0,-1.0,F,Burglary Conveyance Unoccup,1,0,Grand Theft in the 3rd Degree,1,Low,1
Female,25 - 45,African-American,0,0,0,1.0,-1.0,M,Battery,1,0,Petit Theft,1,Low,1
Male,25 - 45,Other,0,0,0,2.0,0.0,F,"Poss3,4 Methylenedioxymethcath",1,0,Resist/Obstruct W/O Violence,2,Low,1
Male,Greater than 45,Caucasian,0,0,0,8.0,0.0,F,False Motor Veh Insurance Card,1,0,Resist/Obstruct W/O Violence,8,Medium,1
Male,Less than 25,African-American,0,0,0,0.0,0.0,M,Battery,0,0,,0,Low,0
Male,25 - 45,African-American,0,0,0,1.0,-1.0,F,Battery on Law Enforc Officer,0,0,,1,Low,0
Male,25 - 45,African-American,0,1,3,10.0,-1.0,F,Driving While License Revoked,1,0,Driving License Suspended,10,Medium,1
Male,Greater than 45,Caucasian,0,0,0,1.0,0.0,F,Burglary Conveyance Unoccup,1,0,,1,Medium,1
Male,Less than 25,Caucasian,0,0,1,0.0,-1.0,F,Criminal Mischief>$200<$1000,1,1,Felony Battery (Dom Strang),0,High,1
Female,Less than 25,Caucasian,0,0,0,3.0,-1.0,F,Grand Theft in the 3rd Degree,1,0,Petit Theft,3,High,1
Male,25 - 45,Hispanic,0,0,0,2.0,0.0,F,Aggravated Battery / Pregnant,1,0,Petit Theft,2,Low,1
Female,Less than 25,African-American,0,1,0,2.0,-1.0,M,Battery,1,0,Grand Theft of the 2nd Degree,2,High,1
Male,Less than 25,Caucasian,0,0,0,0.0,-1.0,M,Battery,0,0,Grand Theft in the 3rd Degree,0,Low,0
Female,25 - 45,Caucasian,0,0,0,0.0,0.0,M,Prostitution/Lewd Act Assignation,0,0,,0,Low,0
Female,25 - 45,Caucasian,0,0,0,0.0,-1.0,M,Carry Open/Uncov Bev In Pub,0,0,,0,Low,0
Male,Greater than 45,African-American,0,0,0,6.0,-1.0,M,DUI Property Damage/Injury,0,0,Petit Theft,6,Low,0
Male,25 - 45,African-American,0,0,0,3.0,0.0,F,Felony Battery (Dom Strang),1,0,Resist/Obstruct W/O Violence,3,Low,1
Female,25 - 45,African-American,0,0,0,0.0,0.0,M,Battery,0,0,,0,Low,0
Male,25 - 45,Caucasian,0,0,0,4.0,-1.0,F,Grand Theft in the 3rd Degree,1,0,Grand Theft in the 3rd Degree,4,Medium,1
Male,25 - 45,African-American,0,0,0,4.0,-1.0,F,Fleeing Or Attmp Eluding A Leo,0,0,,4,Low,0
Male,25 - 45,Caucasian,0,0,0,5.0,-2.0,F,Grand Theft in the 3rd Degree,1,0,Resist/Obstruct W/O Violence,5,Medium,1
Female,Greater than 45,Caucasian,0,0,0,0.0,-3.0,F,Possession of Hydrocodone,0,0,,0,Low,0
Male,Less than 25,Caucasian,0,0,0,1.0,-1.0,M,Battery,1,0,Grand Theft in the 3rd Degree,1,Low,1
Female,25 - 45,African-American,0,0,0,0.0,-1.0,M,Petit Theft $100- $300,0,0,,0,Low,0
Male,25 - 45,African-American,0,0,0,1.0,-1.0,M,Battery,1,0,Resist/Obstruct W/O Violence,1,Low,1
Male,Less than 25,African-American,1,0,0,1.0,26.993974990062355,M,arrest case no charge,1,0,Petit Theft,1,High,1
Male,25 - 45,African-American,0,0,0,4.0,0.0,M,Driving License Suspended,0,0,,4,Low,0
Male,Less than 25,Caucasian,1,0,3,2.0,0.0,M,Battery,1,0,,2,High,0
Male,Greater than 45,Hispanic,0,0,0,0.0,-1.0,M,DUI/Property Damage/Persnl Inj,0,0,,0,Low,0
Female,25 - 45,Caucasian,0,0,1,3.0,0.0,F,Possession of Cocaine,0,0,,3,Low,0
Male,Less than 25,Hispanic,0,0,0,0.0,-1.0,F,Corrupt Public Servant,1,0,Petit Theft,0,Medium,1
Male,25 - 45,African-American,0,1,0,11.0,-1.0,F,Felony Battery w/Prior Convict,0,0,,11,High,0
Male,25 - 45,Caucasian,0,0,0,1.0,-1.0,F,arrest case no charge,0,0,,1,Low,0
Male,25 - 45,African-American,0,0,0,1.0,-1.0,M,Burglary Unoccupied Dwelling,0,0,,1,Medium,0
Male,25 - 45,Caucasian,0,0,0,1.0,-1.0,F,arrest case no charge,1,0,Resist/Obstruct W/O Violence,1,Low,1
Male,Less than 25,African-American,0,0,0,0.0,-1.0,F,Possession of Cocaine,0,0,,0,Medium,0
Male,25 - 45,African-American,0,0,0,2.0,-1.0,M,Driving Under The Influence,0,0,,2,Low,0
Male,25 - 45,African-American,0,0,0,0.0,-1.0,F,Possession of Cocaine,1,0,Petit Theft,0,Low,1
Female,25 - 45,African-American,0,0,0,13.0,-1.0,F,Aggravated Battery / Pregnant,1,0,Petit Theft,13,High,1
Male,25 - 45,Caucasian,0,0,0,0.0,-1.0,F,Possession of Cannabis,0,0,Grand Theft in the 3rd Degree,0,Low,0
Male,Less than 25,African-American,0,0,0,0.0,0.0,F,Pos Cannabis W/Intent Sel/Del,1,0,Petit Theft,0,Low,1
Male,Greater than 45,Hispanic,0,0,0,1.0,0.0,M,Driving Under The Influence,0,0,Grand Theft in the 3rd Degree,1,Low,0
Male,25 - 45,Caucasian,0,0,0,2.0,-1.0,F,Possession of Cocaine,1,0,Grand Theft in the 3rd Degree,2,Medium,1
Female,Less than 25,African-American,0,0,0,0.0,-1.0,F,Driving While License Revoked,1,0,Resist/Obstruct W/O Violence,0,Medium,1
Male,25 - 45,African-American,0,0,0,2.0,-1.0,F,Fleeing Or Attmp Eluding A Leo,1,0,Grand Theft in the 3rd Degree,2,Low,1
Female,25 - 45,Other,0,0,0,0.0,-1.0,F,Grand Theft in the 3rd Degree,0,0,,0,Low,0
Male,25 - 45,Caucasian,0,1,0,6.0,0.0,F,Grand Theft Firearm,1,1,Battery,6,High,1
Male,Greater than 45,Caucasian,0,0,0,7.0,-1.0,F,Aggrav Battery w/Deadly Weapon,0,0,,7,Low,0
Male,25 - 45,African-American,0,0,1,10.0,0.0,F,Attempt Armed Burglary Dwell,1,0,Petit Theft,10,Low,1
Female,25 - 45,African-American,0,0,0,11.0,0.0,M,Driving While License Revoked,0,0,,11,Medium,0
Male,Less than 25,African-American,0,0,0,3.0,0.0,M,Battery,1,0,,3,Medium,1
Male,25 - 45,Caucasian,0,0,0,1.0,-1.0,F,Burglary Conveyance Unoccup,0,0,,1,Low,0
Male,25 - 45,Caucasian,0,0,0,3.0,-1.0,M,Viol Injunct Domestic Violence,1,0,,3,Low,0
Male,Greater than 45,Asian,0,0,0,0.0,0.0,M,Felony Battery w/Prior Convict,0,0,,0,Low,0
Male,25 - 45,Caucasian,0,0,0,1.0,-1.0,F,arrest case no charge,0,0,,1,High,0
Female,25 - 45,Caucasian,0,0,0,0.0,-4.0,F,Possession of Cocaine,0,0,,0,Low,0
Male,25 - 45,African-American,0,0,0,3.0,0.0,F,Driving While License Revoked,0,0,,3,Low,0
Female,25 - 45,African-American,0,0,0,5.0,-1.0,F,Dealing in Stolen Property,1,0,Petit Theft,5,High,1
Male,25 - 45,Caucasian,0,0,0,5.0,-1.0,F,Grand Theft in the 3rd Degree,1,0,Grand Theft in the 3rd Degree,5,High,1
Male,25 - 45,African-American,0,0,0,8.0,-1.0,M,Battery,1,0,Grand Theft in the 3rd Degree,8,Low,1
Male,Less than 25,African-American,1,1,2,4.0,-1.0,F,Burglary Unoccupied Dwelling,0,0,Possession Of Alprazolam,4,High,0
Male,Less than 25,Caucasian,0,0,0,0.0,-1.0,M,Battery,1,1,Battery,0,High,1
Female,25 - 45,African-American,0,0,0,0.0,-1.0,M,Battery,1,0,Petit Theft,0,Low,1
Male,Greater than 45,Caucasian,0,0,0,0.0,-1.0,F,Possession of Cocaine,1,0,,0,Low,0
Male,Less than 25,African-American,0,0,0,0.0,-1.0,F,Grand Theft on 65 Yr or Older,1,1,Criminal Mischief Damage <$200,0,High,1
Male,Less than 25,African-American,0,0,0,1.0,-1.0,F,arrest case no charge,0,0,,1,Medium,0
Male,Greater than 45,Caucasian,0,0,0,1.0,-2.0,M,DUI Property Damage/Injury,0,0,,1,Low,0
Female,25 - 45,Caucasian,0,0,0,2.0,21.731824909161737,F,Grand Theft in the 3rd Degree,1,0,Petit Theft,2,High,1
Male,Greater than 45,Caucasian,0,0,0,2.0,-1.0,F,arrest case no charge,0,0,,2,Low,0
Male,25 - 45,Other,0,0,0,0.0,0.0,F,Tamper With Witness/Victim/CI,1,0,Resist/Obstruct W/O Violence,0,Low,1
Male,25 - 45,Caucasian,0,0,0,4.0,0.0,F,arrest case no charge,1,0,Petit Theft,4,Low,1
Female,25 - 45,Other,0,0,0,4.0,-27.0,F,arrest case no charge,1,0,Grand Theft in the 3rd Degree,4,Medium,1
Male,Less than 25,Caucasian,1,2,0,3.0,-1.0,M,Battery,0,0,,3,Low,0
Male,25 - 45,African-American,0,0,0,2.0,0.0,M,Viol Injunct Domestic Violence,1,0,Grand Theft in the 3rd Degree,2,Low,0
Male,Greater than 45,Caucasian,0,0,0,1.0,-1.0,M,DUI Property Damage/Injury,0,0,,1,Low,0
Female,25 - 45,African-American,0,0,0,2.0,-1.0,M,Battery,1,0,,2,Low,0
Male,Less than 25,Caucasian,0,0,0,0.0,-1.0,M,Battery,1,0,Grand Theft in the 3rd Degree,0,Medium,1
Male,25 - 45,African-American,0,0,0,5.0,-1.0,M,Felony Battery,0,0,,5,Medium,0
Male,25 - 45,Caucasian,0,0,0,5.0,-19.683043223372664,F,arrest case no charge,0,0,,5,Low,0
Male,25 - 45,Caucasian,0,0,1,5.0,-1.0,F,"Poss3,4 Methylenedioxymethcath",1,0,Grand Theft in the 3rd Degree,5,Medium,1
Male,25 - 45,African-American,0,1,0,7.0,-1.0,F,Resist Officer w/Violence,1,1,Poss Pyrrolidinovalerophenone,7,High,1
Male,Less than 25,African-American,0,0,0,1.0,-1.0,M,Battery,1,1,Battery,1,Low,1
Female,25 - 45,Caucasian,0,0,0,3.0,0.0,F,arrest case no charge,0,0,Petit Theft,3,Low,0
Male,25 - 45,African-American,0,1,0,3.0,-1.0,M,Battery,1,0,Petit Theft,3,High,1
Male,25 - 45,Caucasian,0,0,0,1.0,-1.0,F,Felony Battery (Dom Strang),1,1,Felony Battery w/Prior Convict,1,Low,1
Male,25 - 45,Caucasian,0,0,0,2.0,-24.0,F,arrest case no charge,0,0,,2,Low,0
Male,Less than 25,African-American,0,1,1,2.0,-1.0,F,Burglary Unoccupied Dwelling,1,0,Petit Theft,2,High,1
Female,Less than 25,African-American,0,0,0,1.0,-2.0,F,Poss Pyrrolidinovalerophenone,1,0,Resist/Obstruct W/O Violence,1,Medium,1
Male,25 - 45,Caucasian,0,0,0,0.0,-1.0,M,DUI Property Damage/Injury,0,0,,0,Medium,0
Male,Greater than 45,African-American,0,0,0,2.0,-1.0,F,Felony Battery (Dom Strang),0,0,,2,Low,0
Male,Less than 25,Hispanic,1,0,0,1.0,-1.0,F,Felony Battery (Dom Strang),1,1,Aggravated Battery / Pregnant,1,High,1
Male,Less than 25,Caucasian,0,0,0,3.0,-1.0,F,Grand Theft in the 3rd Degree,1,0,Grand Theft in the 3rd Degree,3,High,1
Male,25 - 45,Hispanic,0,0,0,0.0,-1.0,M,Battery,0,0,,0,Low,0
Male,25 - 45,African-American,0,0,0,1.0,-1.0,M,Battery,1,1,Resist/Obstruct W/O Violence,1,Medium,1
Female,25 - 45,African-American,0,0,0,2.0,-1.0,M,Battery,0,0,,2,Low,0
Male,25 - 45,Hispanic,0,0,0,1.0,-1.0,M,Battery,1,0,Petit Theft,1,Low,1
Male,25 - 45,African-American,0,0,0,4.0,-1.0,F,Robbery / No Weapon,1,0,,4,Medium,1
Male,Less than 25,Other,0,0,0,0.0,-1.0,F,Failure To Return Hired Vehicle,0,0,,0,Low,0
Male,25 - 45,African-American,0,0,0,0.0,0.0,F,"Poss3,4 Methylenedioxymethcath",0,0,,0,Medium,0
Male,25 - 45,African-American,0,0,0,0.0,0.0,M,Tamper With Victim,0,0,,0,Medium,0
Male,Less than 25,African-American,0,0,0,0.0,-1.0,F,Poss Pyrrolidinovalerophenone,1,0,Petit Theft,0,Medium,1
Male,Greater than 45,African-American,0,0,0,0.0,-1.0,F,Possession of Cocaine,0,0,,0,Medium,0
Male,Greater than 45,African-American,0,0,0,0.0,-1.0,F,Grand Theft in the 3rd Degree,1,0,Petit Theft,0,Low,0
Female,25 - 45,Caucasian,0,0,0,0.0,-2.0,M,Viol Injunct Domestic Violence,0,0,,0,Medium,0
Male,Less than 25,African-American,0,2,0,3.0,0.0,F,arrest case no charge,1,1,Resist Officer w/Violence,3,Medium,1
Male,25 - 45,Caucasian,0,0,0,1.0,-1.0,M,Driving Under The Influence,0,0,,1,Low,1
Male,25 - 45,Caucasian,0,0,0,2.0,-1.0,F,arrest case no charge,1,0,Petit Theft,2,Low,1
Female,25 - 45,African-American,0,0,0,15.0,0.0,F,Drivg While Lic Suspd/Revk/Can,1,0,Grand Theft in the 3rd Degree,15,Medium,0
Male,Less than 25,African-American,0,0,0,1.0,-1.0,F,Driving While License Revoked,0,0,,1,Low,0
Male,25 - 45,Hispanic,0,0,0,3.0,-1.0,F,arrest case no charge,1,0,Petit Theft,3,Low,1
Female,25 - 45,African-American,0,0,0,1.0,-1.0,M,Battery,0,0,,1,Low,0
Male,25 - 45,Caucasian,0,0,0,0.0,-1.0,F,Possession of Cannabis,0,0,,0,Low,0
Female,Greater than 45,African-American,0,0,0,7.0,-1.0,F,Possession of Cocaine,1,0,Grand Theft in the 3rd Degree,7,High,1
Male,Greater than 45,Caucasian,0,0,0,2.0,0.0,M,Viol Injunct Domestic Violence,1,0,Grand Theft in the 3rd Degree,2,Low,1
Male,25 - 45,African-American,0,0,0,2.0,0.0,M,Battery,1,0,,2,Low,0
Male,Less than 25,Hispanic,0,0,2,0.0,-1.0,F,Aggravated Assault W/dead Weap,1,0,,0,High,1
Male,25 - 45,Caucasian,0,0,0,3.0,-1.0,F,Tamper With Victim,1,0,,3,Medium,1
Male,Less than 25,African-American,1,0,0,1.0,-1.0,F,arrest case no charge,0,0,,1,Low,0
Male,25 - 45,Hispanic,0,0,0,6.0,-24.0,F,arrest case no charge,1,1,Resist/Obstruct W/O Violence,6,Medium,1
Female,25 - 45,African-American,2,0,0,17.84469185805924,-1.0,M,Battery,0,0,,18,High,0
Male,25 - 45,Caucasian,0,0,0,0.0,-1.0,M,Battery,1,0,Resist/Obstruct W/O Violence,0,Low,1
Female,25 - 45,Caucasian,0,0,0,0.0,0.0,M,Battery,0,0,,0,Low,0
Male,Greater than 45,African-American,0,0,0,1.0,0.0,M,Battery,0,0,,1,Low,0
Female,25 - 45,Caucasian,0,0,0,0.0,0.0,F,Tresspass in Structure or Conveyance,0,0,,0,Medium,0
Male,Greater than 45,African-American,0,0,0,2.0,-1.0,F,Possession of Cocaine,0,0,Grand Theft in the 3rd Degree,2,High,1
Male,25 - 45,Caucasian,0,0,0,5.0,-1.0,F,Driving While License Revoked,1,0,Petit Theft,5,Medium,1
Male,Greater than 45,Caucasian,0,0,0,7.0,-1.0,F,Burglary Conveyance Unoccup,1,1,Felony Battery w/Prior Convict,7,Low,1
Female,25 - 45,Other,0,0,0,0.0,-1.0,F,Burglary Dwelling Assault/Batt,0,0,,0,Low,0
Female,25 - 45,African-American,0,0,0,9.0,-12.0,M,arrest case no charge,1,1,Aggravated Battery / Pregnant,9,High,1
Male,Less than 25,African-American,0,0,0,0.0,-1.0,M,Battery,0,0,Petit Theft,0,High,0
Male,25 - 45,Other,0,0,0,4.0,-1.0,M,Battery,1,0,Petit Theft,4,Medium,1
Female,25 - 45,Caucasian,0,0,0,3.0,-1.0,F,arrest case no charge,0,0,,3,Low,1
Male,25 - 45,African-American,0,1,0,4.0,-1.0,M,Battery,0,0,,4,Medium,0
Female,25 - 45,Caucasian,0,0,0,1.0,-1.0,F,arrest case no charge,1,0,,1,Medium,1
Male,Less than 25,Other,0,0,0,0.0,-1.0,F,Uttering a Forged Instrument,0,0,Petit Theft,0,Medium,0
Male,25 - 45,African-American,0,0,0,13.0,-1.0,F,Possession Of Alprazolam,1,0,Petit Theft,13,Low,1
Male,25 - 45,Caucasian,0,0,0,0.0,0.0,M,Battery,1,0,Petit Theft,0,Medium,1
Male,Less than 25,African-American,0,1,2,1.0,-1.0,F,Carrying Concealed Firearm,0,0,,1,Medium,0
Male,Greater than 45,Caucasian,0,0,0,0.0,-1.0,M,Battery,0,0,,0,Low,0
Female,25 - 45,African-American,0,0,0,0.0,-1.0,M,Battery,0,0,,0,Low,0
Female,Greater than 45,Caucasian,0,0,0,0.0,-1.0,M,Battery,0,0,,0,Low,0
Female,Less than 25,African-American,0,1,0,2.0,-12.907213565744833,F,Poss Cocaine/Intent To Del/Sel,1,0,,2,Medium,0
Male,Less than 25,African-American,0,0,0,1.0,-10.0,F,Burglary Unoccupied Dwelling,0,0,,1,Low,0
Female,Less than 25,African-American,0,0,1,0.0,-1.0,F,Felony Batt(Great Bodily Harm),1,0,Grand Theft in the 3rd Degree,0,Low,1
Male,25 - 45,Caucasian,0,0,0,1.0,-21.0,F,Possession of Cocaine,1,0,Grand Theft in the 3rd Degree,1,Low,1
Male,25 - 45,African-American,0,0,0,2.0,-1.0,F,Sell or Offer for Sale Counterfeit Goods,0,0,,2,Medium,0
Male,25 - 45,Hispanic,0,0,0,1.0,-1.0,M,Battery on Law Enforc Officer,1,0,Grand Theft in the 3rd Degree,1,Low,1
Male,25 - 45,African-American,0,0,0,2.0,-4.0,M,Felony Battery (Dom Strang),0,0,,2,Low,0
Male,25 - 45,African-American,0,0,0,2.0,-1.0,F,Grand Theft Firearm,0,0,,2,Low,0
Female,25 - 45,African-American,0,0,0,1.0,-1.0,F,arrest case no charge,0,0,,1,Low,0
Female,Greater than 45,Asian,0,0,0,6.0,-1.0,F,Failure To Return Hired Vehicle,1,0,Petit Theft,6,Low,1
Female,Less than 25,African-American,0,0,0,2.0,0.0,M,Felony Battery (Dom Strang),1,0,Petit Theft,2,Medium,1
Male,25 - 45,African-American,1,0,0,3.0,-1.0,F,Att Burgl Unoccupied Dwel,1,0,Resist/Obstruct W/O Violence,3,High,1
Male,25 - 45,Hispanic,0,0,0,5.0,0.0,F,False Ownership Info/Pawn Item,1,0,Petit Theft,5,Medium,1
Male,Greater than 45,Caucasian,0,0,0,0.0,-2.0,M,Battery,0,0,,0,Low,0
Male,Greater than 45,African-American,0,0,0,20.0,-1.0,F,Tamper With Witness/Victim/CI,0,0,,20,High,0
Male,Greater than 45,Hispanic,0,0,0,1.0,0.0,M,Lve/Scen/Acc/Veh/Prop/Damage,0,0,,1,Low,0
Male,Greater than 45,African-American,0,0,0,7.0,-1.0,F,Aggrav Battery w/Deadly Weapon,0,0,,7,Low,0
Male,Less than 25,Hispanic,0,0,0,0.0,0.0,M,Battery,1,0,,0,Low,1
Female,Greater than 45,African-American,0,0,0,2.0,-1.0,M,Driving Under The Influence,1,0,Resist/Obstruct W/O Violence,2,Low,1
Male,Greater than 45,Caucasian,0,0,0,3.0,0.0,F,Possession of Cocaine,0,0,Grand Theft in the 3rd Degree,3,Low,0
Male,25 - 45,African-American,0,0,0,0.0,-1.0,F,Poss of Cocaine W/I/D/S 1000FT Park,0,0,,0,High,0
Male,25 - 45,African-American,0,0,0,1.0,-4.0,M,Petit Theft,1,0,,1,High,1
Female,25 - 45,African-American,0,0,0,3.0,-1.0,F,Possession of Cocaine,1,0,,3,Medium,1
Male,25 - 45,African-American,0,0,0,5.0,-1.0,M,Battery,0,0,,5,Low,0
Male,Greater than 45,African-American,0,0,0,5.0,0.0,F,Sound Articles Over 100,1,0,Petit Theft,5,High,1
Female,25 - 45,African-American,0,0,0,4.0,-1.0,F,Grand Theft (Motor Vehicle),1,0,Petit Theft,4,High,1
Female,Greater than 45,African-American,0,0,0,0.0,-1.0,F,Grand Theft in the 3rd Degree,0,0,,0,Low,0
Male,25 - 45,African-American,0,0,0,1.0,-1.0,F,Grand Theft (Motor Vehicle),1,0,Grand Theft in the 3rd Degree,1,Low,0
Male,25 - 45,African-American,0,0,0,1.0,-1.0,M,Battery,1,1,Aggravated Battery / Pregnant,1,Low,1
Male,25 - 45,Caucasian,0,2,1,9.0,0.0,F,arrest case no charge,0,0,,9,High,0
Male,25 - 45,African-American,0,0,0,0.0,0.0,F,Tampering With Physical Evidence,0,0,Petit Theft,0,Medium,0
Male,25 - 45,African-American,0,0,0,0.0,0.0,M,Battery,0,0,,0,Low,0
Male,25 - 45,Other,0,0,0,3.0,-1.0,F,Uttering a Forged Instrument,0,0,,3,Medium,0
Male,Greater than 45,African-American,0,0,0,0.0,-1.0,M,Trespass Private Property,0,0,,0,Low,0
Male,25 - 45,African-American,0,0,0,2.0,0.0,F,Driving While License Revoked,1,0,Resist/Obstruct W/O Violence,2,Low,1
Male,Less than 25,African-American,0,0,1,0.0,0.0,F,Possession Of Methamphetamine,1,0,Petit Theft,0,Low,0
Male,25 - 45,African-American,0,0,0,2.0,-1.0,M,Battery,1,1,Battery,2,High,1
Male,25 - 45,African-American,0,0,0,9.0,-1.0,F,Possession of Cocaine,0,0,,9,Medium,0
Male,25 - 45,African-American,0,0,0,0.0,0.0,F,Battery on Law Enforc Officer,0,0,,0,Low,0
Male,Less than 25,African-American,0,0,0,0.0,0.0,F,Poss F/Arm Delinq,1,1,Felony Battery (Dom Strang),0,Medium,1
Male,25 - 45,African-American,0,0,0,1.0,-1.0,F,Possess Cannabis 1000FTSch,1,0,,1,Low,1
Male,25 - 45,African-American,0,0,0,4.0,-1.0,M,Battery,1,0,Resist/Obstruct W/O Violence,4,High,1
Male,25 - 45,African-American,0,0,0,0.0,0.0,M,Battery,0,0,,0,Low,0
Male,Less than 25,Caucasian,0,0,0,1.0,-1.0,F,False Ownership Info/Pawn Item,1,0,Grand Theft in the 3rd Degree,1,Medium,1
Male,25 - 45,African-American,0,0,0,0.0,-1.0,M,Possession of Cocaine,0,0,,0,Low,0
Male,25 - 45,Caucasian,0,0,0,1.0,-1.0,F,Possession of Oxycodone,0,0,,1,Medium,0
Female,Less than 25,African-American,0,0,0,0.0,-1.0,F,Grand Theft in the 3rd Degree,0,0,,0,Medium,0
Male,25 - 45,Other,0,0,0,1.0,0.0,F,Felony Battery (Dom Strang),0,0,,1,Low,0
Male,25 - 45,African-American,0,0,0,9.0,-1.0,F,Grand Theft in the 3rd Degree,1,1,Felony Battery w/Prior Convict,9,Medium,1
Female,Greater than 45,Hispanic,0,0,0,1.0,-8.0,F,Carrying Concealed Firearm,0,0,,1,Low,0
Male,Less than 25,African-American,0,1,0,2.0,-15.493825923169954,F,Possession of Cocaine,1,0,Grand Theft in the 3rd Degree,2,High,1
Male,25 - 45,Hispanic,0,0,0,0.0,-1.0,F,Uttering a Forged Instrument,0,0,,0,Low,0
Male,Greater than 45,Caucasian,0,0,0,2.0,0.0,F,Grand Theft in the 3rd Degree,1,0,Grand Theft in the 3rd Degree,2,High,1
Male,25 - 45,African-American,0,0,0,0.0,0.0,M,Resist Officer w/Violence,0,0,,0,Medium,0
Male,25 - 45,African-American,0,0,0,7.0,-1.0,M,Resist/Obstruct W/O Violence,0,0,,7,Medium,0
Male,25 - 45,Hispanic,0,0,0,3.0,21.24454074227387,M,Battery,1,0,Petit Theft,3,Low,1
Male,Greater than 45,Caucasian,0,0,0,0.0,0.0,F,Felony Battery (Dom Strang),1,1,Felony Battery (Dom Strang),0,Low,1
Female,Greater than 45,Caucasian,0,0,0,0.0,0.0,M,Battery on Law Enforc Officer,0,0,,0,Low,0
Male,Less than 25,African-American,0,0,0,0.0,-1.0,F,Grand Theft in the 3rd Degree,0,0,,0,Low,0
Female,Greater than 45,Caucasian,0,0,0,2.0,-1.0,F,Aggrav Battery w/Deadly Weapon,0,0,,2,Low,0
Female,25 - 45,African-American,0,0,0,0.0,0.0,M,arrest case no charge,0,0,,0,Medium,0
Male,Less than 25,African-American,0,0,0,2.0,-1.0,M,Battery,0,0,,2,Low,0
Male,25 - 45,African-American,0,0,0,0.0,0.0,F,Grand Theft on 65 Yr or Older,1,0,Petit Theft,0,Medium,1
Female,25 - 45,African-American,0,0,0,0.0,0.0,M,Battery,0,0,,0,Low,0
Male,Less than 25,African-American,0,0,0,2.0,-1.0,M,Battery,1,0,Petit Theft,2,Low,1
Male,25 - 45,Caucasian,0,0,0,0.0,-1.0,F,Felony Battery (Dom Strang),0,0,,0,Low,0
Male,25 - 45,Caucasian,0,0,0,4.0,-1.0,F,"Deliver 3,4 Methylenediox",1,0,Petit Theft,4,Medium,1
Male,25 - 45,African-American,0,0,0,2.0,-1.0,F,Burglary Dwelling Occupied,1,0,Petit Theft,2,Low,1
Male,25 - 45,African-American,0,0,0,1.0,-1.0,F,Grand Theft in the 3rd Degree,0,0,,1,Low,0
Female,Greater than 45,African-American,0,0,0,2.0,-1.0,F,Aggrav Battery w/Deadly Weapon,0,0,,2,Low,0
Female,Greater than 45,Caucasian,0,0,0,0.0,0.0,F,Battery on Law Enforc Officer,0,0,,0,Low,0
Male,25 - 45,Caucasian,0,0,0,2.0,-1.0,M,Poss Pyrrolidinovalerophenone,1,0,Resist/Obstruct W/O Violence,2,Low,1
Male,Less than 25,Hispanic,0,0,0,1.0,-1.0,F,arrest case no charge,0,0,,1,Low,0
Male,Greater than 45,African-American,0,0,0,5.0,-1.0,F,Possession of Cocaine,1,0,Resist/Obstruct W/O Violence,5,High,1
Male,Less than 25,African-American,0,1,0,2.0,-1.0,F,Possession of Cannabis,0,0,,2,High,0
Male,Less than 25,African-American,0,0,0,3.0,-1.0,F,Burglary Unoccupied Dwelling,1,0,Grand Theft in the 3rd Degree,3,Medium,1
Female,25 - 45,Caucasian,0,0,0,0.0,-1.0,F,Driving While License Revoked,0,0,,0,Low,0
Male,Less than 25,Hispanic,1,0,0,4.0,-1.0,F,arrest case no charge,1,0,,4,High,1
Male,25 - 45,African-American,0,0,0,0.0,-1.0,F,Harass Witness/Victm/Informnt,0,0,,0,Medium,0
Male,Greater than 45,Caucasian,0,0,0,3.0,0.0,M,Viol Injunction Protect Dom Vi,0,0,,3,Low,0
Male,25 - 45,Caucasian,0,0,0,5.0,-1.0,F,Tamper With Victim,1,0,,5,Medium,1
Male,25 - 45,African-American,0,0,0,4.0,-12.027193525326823,F,arrest case no charge,1,0,Petit Theft,4,Medium,1
Male,25 - 45,Other,0,0,0,2.0,-1.0,F,Grand Theft in the 3rd Degree,0,0,Grand Theft in the 3rd Degree,2,Low,0
Male,Greater than 45,Caucasian,0,0,0,0.0,0.0,F,Possession of Cocaine,0,0,,0,Low,0
Male,Greater than 45,Caucasian,0,0,0,13.0,0.0,M,Battery,1,1,Battery,13,Low,1
Male,25 - 45,African-American,0,0,1,5.0,-1.0,F,Viol Injunction Protect Dom Vi,1,0,Grand Theft in the 3rd Degree,5,Low,1
Male,25 - 45,African-American,0,1,1,3.0,0.0,M,Susp Drivers Lic 1st Offense,1,0,Susp Drivers Lic 1st Offense,3,High,1
Male,25 - 45,Caucasian,0,0,0,2.0,-1.0,F,Grand Theft of the 2nd Degree,0,0,,2,Low,0
Male,Less than 25,Caucasian,0,0,1,1.0,-1.0,F,Felony Battery (Dom Strang),1,0,Grand Theft in the 3rd Degree,1,High,1
Female,25 - 45,African-American,0,0,0,1.0,-10.0,F,Grand Theft in the 3rd Degree,0,0,Grand Theft in the 3rd Degree,1,Low,0
Male,25 - 45,Asian,0,0,0,7.0,-1.0,F,Aggravated Battery / Pregnant,1,0,Grand Theft in the 3rd Degree,7,High,1
Male,Greater than 45,Asian,0,0,0,1.0,-1.0,F,Sell or Offer for Sale Counterfeit Goods,0,0,,1,Low,0
Male,Less than 25,Caucasian,0,0,1,3.0,18.071593797985052,F,arrest case no charge,1,0,Grand Theft in the 3rd Degree,3,Medium,1
Male,Less than 25,African-American,0,0,0,0.0,-1.0,F,Battery,1,0,Resist/Obstruct W/O Violence,0,Medium,1
Male,Less than 25,Other,0,0,0,1.0,-1.0,F,Possession of Cannabis,1,0,,1,Low,1
Female,25 - 45,Caucasian,0,0,0,4.0,-1.0,M,Battery,1,0,Grand Theft in the 3rd Degree,4,Medium,1
Male,25 - 45,African-American,0,1,0,13.0,-1.0,F,Possession of Cocaine,1,0,Petit Theft,13,High,1
Male,Greater than 45,Caucasian,0,0,0,1.0,-13.0,M,Battery,1,0,,1,Low,0
Female,Greater than 45,Caucasian,0,0,0,0.0,-1.0,M,Driving Under The Influence,1,1,Battery,0,Low,1
Female,25 - 45,African-American,0,0,0,1.0,-1.0,F,Battery on Law Enforc Officer,0,0,,1,Low,0
Male,Less than 25,Caucasian,0,0,0,1.0,-5.0,F,arrest case no charge,0,0,,1,Low,0
Female,25 - 45,African-American,0,0,0,0.0,-1.0,M,Battery,0,0,,0,Medium,0
Male,Greater than 45,African-American,0,0,0,12.0,-1.0,F,Possession of Cocaine,0,0,,12,High,0
Male,25 - 45,African-American,0,0,1,15.0,-1.0,F,Attempt Armed Burglary Dwell,1,0,Grand Theft in the 3rd Degree,14,Medium,0
Male,25 - 45,African-American,6,0,1,16.0,-1.0,F,Principal In The First Degree,1,1,Introduce Contraband Into Jail,16,High,1
Male,25 - 45,Other,0,0,0,0.0,-1.0,M,Battery,0,0,,0,Low,0
Male,25 - 45,Hispanic,0,0,1,4.0,-1.0,F,Robbery / No Weapon,1,0,Possess Cannabis/20 Grams Or Less,4,Medium,1
Female,25 - 45,African-American,0,0,0,1.0,-1.0,M,Battery,0,0,,1,Low,0
Male,25 - 45,African-American,0,2,1,19.0,-1.0,F,Aggravated Assault W/Dead Weap,1,0,Petit Theft,19,High,1
Female,25 - 45,Hispanic,0,0,0,0.0,0.0,M,Battery,0,0,,0,Low,0
Male,Greater than 45,Caucasian,0,0,0,0.0,0.0,F,False Imprisonment,0,0,,0,Low,0
Female,Greater than 45,African-American,0,0,0,1.0,-1.0,M,Resist/Obstruct W/O Violence,1,0,Grand Theft in the 3rd Degree,1,Low,1
Male,Less than 25,Hispanic,0,0,0,0.0,-1.0,F,Tampering With Physical Evidence,1,0,Resist/Obstruct W/O Violence,0,Low,1
Male,25 - 45,African-American,0,1,0,6.0,0.0,F,Aggravated Battery / Pregnant,1,0,Petit Theft,6,Medium,1
Male,25 - 45,African-American,0,0,0,6.0,-1.0,F,Possession of Cocaine,1,0,Grand Theft in the 3rd Degree,6,Medium,1
Male,25 - 45,Hispanic,0,0,0,1.0,-17.394832399912524,F,Aggravated Assault W/Dead Weap,0,0,,1,Low,0
Male,Less than 25,Caucasian,0,0,0,0.0,-1.0,M,Battery,0,0,,0,Low,1
Male,Less than 25,African-American,0,0,0,0.0,-1.0,F,Grand Theft in the 3rd Degree,1,1,Agg Battery Grt/Bod/Harm,0,High,1
Male,25 - 45,Caucasian,0,0,0,0.0,-1.0,M,Battery,1,0,Petit Theft,0,High,1
Female,Less than 25,African-American,0,0,0,0.0,-1.0,F,Assault,0,0,,0,Medium,0
Female,25 - 45,Caucasian,0,0,0,4.0,0.0,F,Possession of Cocaine,1,0,,4,Medium,1
Male,25 - 45,Hispanic,0,0,0,0.0,0.0,F,arrest case no charge,0,0,,0,Low,0
Male,Greater than 45,Other,0,0,0,0.0,-1.0,M,Battery,0,0,,0,Low,0
Male,25 - 45,African-American,0,0,0,1.0,-1.0,F,Felony Battery,1,0,,1,Low,0
Male,Less than 25,African-American,0,0,1,0.0,-1.0,F,Uttering a Forged Instrument,1,0,Petit Theft,0,High,1
Male,Less than 25,African-American,0,0,0,1.0,-10.0,M,Battery,1,1,Viol Pretrial Release Dom Viol,1,Low,1
Male,25 - 45,African-American,0,0,0,0.0,0.0,M,Driving Under The Influence,0,0,,0,Low,0
Male,25 - 45,Caucasian,0,0,0,5.0,-1.0,M,Battery,1,0,,5,Low,1
Male,25 - 45,African-American,0,0,0,7.0,0.0,M,Aggravated Battery / Pregnant,1,0,Grand Theft in the 3rd Degree,7,Low,1
Male,Greater than 45,Caucasian,0,0,0,3.0,-1.0,M,Aggravated Assault W/dead Weap,1,0,Grand Theft in the 3rd Degree,3,Low,1
Male,Greater than 45,Caucasian,0,0,0,1.0,-1.0,M,Battery,1,0,Resist/Obstruct W/O Violence,1,Low,1
Male,25 - 45,Other,0,0,0,2.0,-1.0,F,Sell or Offer for Sale Counterfeit Goods,1,1,Viol Pretrial Release Dom Viol,2,Low,1
Male,Less than 25,African-American,1,0,1,3.0,-1.0,F,Grand Theft Firearm,0,0,,3,High,0
Male,25 - 45,Caucasian,0,0,0,0.0,0.0,F,Possession of Cocaine,0,0,,0,Medium,0
Male,Less than 25,Caucasian,0,0,0,1.0,-1.0,F,Grand Theft in the 3rd Degree,0,0,,1,High,0
Male,Greater than 45,African-American,0,0,0,3.0,-1.0,M,arrest case no charge,1,0,Resist/Obstruct W/O Violence,3,Medium,1
Female,25 - 45,Caucasian,0,0,0,0.0,0.0,M,Battery,1,1,Viol Pretrial Release Dom Viol,0,High,1
Male,Less than 25,Hispanic,0,0,0,3.0,0.0,M,Possession of Cocaine,1,0,Grand Theft in the 3rd Degree,3,Medium,1
Male,25 - 45,African-American,0,1,0,10.0,0.0,F,arrest case no charge,0,0,,10,High,0
Male,25 - 45,Hispanic,0,0,0,0.0,0.0,M,Driving Under The Influence,0,0,Petit Theft,0,Low,0
Male,25 - 45,Hispanic,0,0,0,1.0,-1.0,F,Possess Cannabis 1000FTSch,0,0,,1,Low,0
Male,25 - 45,Caucasian,0,0,0,0.0,0.0,M,Driving Under The Influence,1,0,Resist/Obstruct W/O Violence,0,Low,1
Male,25 - 45,Hispanic,0,0,0,5.0,-1.0,F,arrest case no charge,1,0,Grand Theft in the 3rd Degree,5,Low,0
Male,25 - 45,African-American,0,0,0,8.0,0.0,F,arrest case no charge,1,0,Grand Theft in the 3rd Degree,8,High,1
Female,25 - 45,African-American,0,0,0,5.0,-1.0,F,Possession of Cocaine,1,0,Resist/Obstruct W/O Violence,5,High,1
Male,Less than 25,African-American,0,0,0,0.0,-1.0,F,Pos Cannabis W/Intent Sel/Del,1,0,Petit Theft,0,Low,1
Male,25 - 45,Hispanic,0,0,0,5.0,-1.0,F,Driving While License Revoked,0,0,,5,Low,0
Male,25 - 45,African-American,0,0,0,0.0,-1.0,M,Battery,1,0,Grand Theft in the 3rd Degree,0,Low,1
Female,25 - 45,Caucasian,0,0,0,1.0,-2.0,M,Driving Under The Influence,1,0,Resist/Obstruct W/O Violence,1,Medium,1
Female,25 - 45,African-American,0,0,0,7.0,-1.0,F,Possession of Cocaine,1,0,Grand Theft in the 3rd Degree,7,High,1
Male,Greater than 45,Caucasian,0,0,0,1.0,-5.0,F,arrest case no charge,0,0,,1,Low,0
Male,Less than 25,Caucasian,0,0,0,1.0,-1.0,F,Grand Theft in the 3rd Degree,0,0,,1,Low,0
Male,25 - 45,African-American,0,0,0,7.0,-1.0,F,arrest case no charge,0,0,,7,High,0
Male,Less than 25,Hispanic,0,0,0,1.0,-2.0,M,Disorderly Intoxication,0,0,,1,High,0
Female,Greater than 45,Caucasian,0,0,0,0.0,-1.0,F,Burglary Dwelling Occupied,0,0,,0,Low,0
Male,25 - 45,Caucasian,0,0,0,0.0,-1.0,M,Battery,0,0,,0,Low,0
Male,25 - 45,African-American,0,0,0,1.0,-1.0,F,Burglary Structure Unoccup,1,0,Petit Theft,1,Low,1
Female,25 - 45,Caucasian,0,0,0,0.0,0.0,F,Aggrav Battery w/Deadly Weapon,0,0,Petit Theft,0,Low,0
Male,25 - 45,African-American,2,0,0,16.0,-7.922514560845364,F,arrest case no charge,1,0,Grand Theft in the 3rd Degree,16,High,1
Male,25 - 45,Other,0,0,0,1.0,-1.0,F,Burglary Unoccupied Dwelling,0,0,,1,Medium,0
Female,25 - 45,Hispanic,0,0,0,7.0,-19.0,F,arrest case no charge,1,0,,7,Low,1
Female,25 - 45,African-American,0,0,0,1.0,-10.0,F,arrest case no charge,0,0,,1,Low,0
Male,25 - 45,African-American,0,0,0,5.0,0.0,F,arrest case no charge,1,1,Aggravated Battery / Pregnant,5,Medium,1
Male,25 - 45,African-American,0,0,1,10.0,-1.0,F,Poss Pyrrolidinobutiophenone,1,0,Possess Cannabis/20 Grams Or Less,10,Medium,1
Male,25 - 45,African-American,0,0,0,1.0,-1.0,F,Burglary Structure Unoccup,1,0,Resist/Obstruct W/O Violence,1,Low,1
Male,Greater than 45,African-American,0,0,0,1.0,-17.238799831557593,F,Neglect Child / No Bodily Harm,0,0,,1,Low,0
Male,25 - 45,Caucasian,0,0,0,2.0,-1.0,F,arrest case no charge,0,0,,2,Low,0
Female,Greater than 45,African-American,0,0,0,0.0,0.0,F,Battery,0,0,,0,Low,0
Male,25 - 45,African-American,0,0,0,1.0,0.0,F,Burglary Conveyance Unoccup,0,0,,1,Medium,0
Male,25 - 45,African-American,0,0,0,16.0,-1.0,F,arrest case no charge,1,1,Battery,16,High,1
Male,Less than 25,African-American,0,0,0,0.0,-1.0,M,Driving Under The Influence,0,0,,0,High,0
Male,Less than 25,Caucasian,0,0,0,0.0,-4.0,M,Burglary Conveyance Armed,0,0,,0,Low,0
Male,Less than 25,African-American,0,1,0,1.0,-1.0,F,Grand Theft in the 3rd Degree,1,0,Grand Theft of the 2nd Degree,1,Low,0
Male,25 - 45,Caucasian,0,0,0,0.0,-1.0,F,Possession of Cocaine,0,0,,0,Low,0
Male,25 - 45,Hispanic,0,0,0,0.0,-1.0,F,Tamper With Witness/Victim/CI,1,1,Battery,0,Low,1
Male,25 - 45,Hispanic,0,0,1,9.0,0.0,F,Battery on Law Enforc Officer,1,0,Grand Theft in the 3rd Degree,9,Low,1
Male,Less than 25,Caucasian,0,0,0,3.0,-1.0,F,Grand Theft in the 3rd Degree,1,0,Grand Theft in the 3rd Degree,3,Medium,1
Male,25 - 45,African-American,0,0,0,8.0,0.0,M,Assault,1,0,Resist/Obstruct W/O Violence,8,Medium,1
Male,25 - 45,African-American,0,0,0,1.0,-1.0,M,arrest case no charge,0,0,,1,Low,0
Female,25 - 45,African-American,0,0,0,6.0,24.24513333580977,F,Driving While License Revoked,1,0,Grand Theft in the 3rd Degree,6,Medium,1
Male,Greater than 45,Caucasian,0,0,0,0.0,-1.0,M,Criminal Mischief Damage <$200,0,0,,0,Low,0
Male,Less than 25,African-American,0,0,0,1.0,-1.0,F,Prowling/Loitering,1,0,Petit Theft,1,High,0
Male,25 - 45,Caucasian,0,0,0,1.0,-1.0,F,Possession of Cocaine,1,0,Grand Theft in the 3rd Degree,1,Low,1
Male,25 - 45,Caucasian,0,0,0,0.0,-1.0,M,arrest case no charge,1,1,Battery,0,Low,1
Male,Less than 25,Caucasian,0,1,0,4.0,-1.0,M,Battery,1,0,Petit Theft,4,Low,1
Male,Greater than 45,Caucasian,0,0,0,1.0,-1.0,F,Grand Theft in the 3rd Degree,0,0,,1,Low,0
Female,25 - 45,African-American,0,0,0,2.0,-1.0,M,Susp Drivers Lic 1st Offense,0,0,,2,Medium,0
Male,Less than 25,African-American,0,0,0,3.0,-1.0,F,Crimin Mischief Damage $1000+,1,0,Grand Theft in the 3rd Degree,3,Low,1
Male,25 - 45,African-American,0,0,0,1.0,-1.0,F,Felony Petit Theft,0,0,,1,Medium,0
Male,Greater than 45,Caucasian,0,0,0,0.0,-1.0,M,DUI Property Damage/Injury,0,0,,0,Low,0
Male,Greater than 45,Caucasian,0,0,0,3.0,-1.0,F,Possession of Oxycodone,0,0,,3,Low,0
Male,25 - 45,Other,0,0,0,1.0,-1.0,F,Agg Fleeing and Eluding,0,0,,1,Low,0
Male,Greater than 45,Caucasian,0,0,0,0.0,0.0,F,Possession of Cocaine,0,0,,0,Low,0
Male,25 - 45,Caucasian,0,0,0,0.0,-1.0,M,Driving License Suspended,1,0,Grand Theft in the 3rd Degree,0,Low,1
Male,Less than 25,African-American,0,0,0,0.0,-1.0,M,Battery,0,0,,0,Low,0
Male,Less than 25,African-American,0,0,0,2.0,-22.0,F,Possession Of Alprazolam,0,0,Petit Theft,2,Low,1
Female,Greater than 45,Caucasian,0,0,0,0.0,-1.0,M,Battery,0,0,,0,Low,0
Female,Greater than 45,Caucasian,0,0,0,2.0,0.0,M,Driving Under The Influence,1,0,,2,Low,1
Male,Greater than 45,Caucasian,0,0,0,0.0,-1.0,F,Aggrav Child Abuse-Agg Battery,0,0,,0,Low,0
Male,25 - 45,Caucasian,0,0,0,0.0,0.0,F,Uttering a Forged Instrument,0,0,,0,Low,0
Male,25 - 45,African-American,0,0,0,4.0,-1.0,F,Agg Fleeing and Eluding,1,0,Petit Theft,4,Medium,1
Male,Greater than 45,Other,0,0,0,5.0,-1.0,M,arrest case no charge,1,0,,5,Low,1
Female,25 - 45,African-American,0,0,0,0.0,0.0,M,Battery,0,0,,0,Low,0
Male,25 - 45,African-American,0,0,0,19.0,28.963962588232107,F,Felony Battery,1,0,Grand Theft in the 3rd Degree,19,Medium,1
Male,Greater than 45,Caucasian,0,0,0,6.0,0.0,F,arrest case no charge,1,0,Petit Theft,6,Low,1
Female,25 - 45,African-American,0,0,0,4.0,-1.0,F,Drivg While Lic Suspd/Revk/Can,1,0,Petit Theft,4,Medium,1
Male,25 - 45,Caucasian,0,0,0,1.0,-1.0,F,arrest case no charge,0,0,,1,Low,0
Female,Less than 25,African-American,0,0,0,0.0,-1.0,F,Grand Theft in the 3rd Degree,0,0,,0,Medium,0
Male,25 - 45,African-American,0,0,0,1.0,-1.0,F,Felony Petit Theft,0,0,,1,High,0
Male,25 - 45,African-American,0,0,0,0.0,0.0,F,Burglary Structure Unoccup,1,0,Resist/Obstruct W/O Violence,0,Medium,1
Female,25 - 45,Hispanic,0,0,0,0.0,-1.0,F,Grand Theft in the 3rd Degree,0,0,,0,Low,0
Male,25 - 45,Caucasian,0,0,0,5.0,-1.0,F,Resist Officer w/Violence,1,0,Grand Theft in the 3rd Degree,5,Medium,1
Male,25 - 45,Hispanic,0,1,1,2.0,-1.0,F,Carrying Concealed Firearm,1,0,Felon in Pos of Firearm or Amm,2,Low,1
Male,25 - 45,Hispanic,0,0,0,7.0,-1.0,F,Uttering a Forged Instrument,0,0,,7,High,0
Male,25 - 45,Caucasian,0,0,0,3.0,0.0,M,Poss Pyrrolidinovalerophenone,0,0,,3,Low,0
Male,25 - 45,Other,0,0,0,1.0,-3.0,F,Possession of Cocaine,0,0,,1,Low,0
Male,Less than 25,Caucasian,0,0,5,0.0,-1.0,M,Battery,0,0,,0,Low,0
Male,25 - 45,African-American,0,0,0,2.0,-1.0,F,Pos Cannabis W/Intent Sel/Del,0,0,,2,Low,0
Male,25 - 45,Caucasian,0,0,0,0.0,-6.6111604907831385,F,Aggravated Assault w/Firearm,0,0,,0,Low,0
Female,Greater than 45,Caucasian,0,0,0,0.0,-3.0,M,Driving Under The Influence,1,1,Battery,0,Low,1
Male,Less than 25,Caucasian,0,0,0,0.0,-1.0,F,Pos Cannabis W/Intent Sel/Del,0,0,,0,Low,0
Male,25 - 45,African-American,0,0,0,16.0,-1.0,F,Driving While License Revoked,1,0,Resist/Obstruct W/O Violence,15,High,1
Male,Greater than 45,Hispanic,0,0,0,0.0,0.0,F,Stalking (Aggravated),1,0,Resist/Obstruct W/O Violence,0,Low,1
Male,25 - 45,Other,0,0,0,2.0,-1.0,F,arrest case no charge,0,0,,2,Low,0
Male,25 - 45,African-American,0,1,0,9.0,-1.0,F,Criminal Mischief,0,1,Battery,9,Medium,1
Female,Greater than 45,Caucasian,0,0,0,0.0,-1.0,F,Attempted Burg/struct/unocc,0,0,,0,Low,0
Female,25 - 45,African-American,0,0,0,7.0,-1.0,F,Poss Pyrrolidinovalerophenone,1,0,Grand Theft in the 3rd Degree,7,Low,1
Male,25 - 45,African-American,0,0,0,2.0,-23.0,F,arrest case no charge,0,0,,2,Low,0
Male,25 - 45,African-American,2,0,0,12.0,-1.0,M,arrest case no charge,0,0,,12,High,0
Female,25 - 45,Other,0,0,0,2.0,-1.0,F,arrest case no charge,0,0,,2,Low,0
Male,25 - 45,Caucasian,0,0,0,1.0,0.0,F,arrest case no charge,1,1,Aggravated Battery / Pregnant,1,Low,1
Female,25 - 45,African-American,0,0,0,0.0,0.0,M,Prostitution/Lewd Act Assignation,0,0,,0,Low,0
Male,Greater than 45,Caucasian,0,0,0,0.0,0.0,F,Aggrav Battery w/Deadly Weapon,0,0,,0,Low,0
Male,Less than 25,African-American,0,0,0,1.0,-1.0,F,Burglary Unoccupied Dwelling,1,0,Petit Theft,1,Medium,1
Female,25 - 45,Caucasian,0,0,0,21.652029499765987,-1.0,M,Trespass Private Property,1,0,Resist/Obstruct W/O Violence,21,High,1
Male,25 - 45,African-American,0,1,0,14.0,28.961585638355764,M,Petit Theft $100- $300,1,1,Grand Theft (Motor Vehicle),14,Medium,1
Male,Less than 25,African-American,0,0,1,14.0,-1.0,F,Driving While License Revoked,1,0,Grand Theft (Motor Vehicle),14,High,1
Male,25 - 45,Caucasian,0,0,0,7.0,-1.0,F,Felony Battery (Dom Strang),1,1,Battery,7,High,1
Male,25 - 45,African-American,0,0,0,7.0,-1.0,M,Driving License Suspended,0,0,,7,Medium,0
Male,25 - 45,Other,0,0,0,0.0,-1.0,F,Battery on Law Enforc Officer,1,0,Resist/Obstruct W/O Violence,0,Low,1
Male,25 - 45,African-American,0,0,0,4.0,0.0,F,Soliciting For Prostitution,0,0,,4,Medium,0
Male,Greater than 45,Caucasian,0,0,0,0.0,-1.0,M,Viol Injunct Domestic Violence,1,0,Petit Theft,0,Low,1
Male,Greater than 45,Caucasian,0,0,0,0.0,-1.0,F,Aggravated Assault W/dead Weap,1,0,Resist/Obstruct W/O Violence,0,Low,1
Male,Greater than 45,Caucasian,0,0,0,1.0,-1.0,M,DUI Property Damage/Injury,0,0,,1,Low,0
Male,Greater than 45,African-American,0,0,0,4.0,-1.0,F,Driving While License Revoked,0,0,,4,Low,0
Male,25 - 45,African-American,0,0,0,13.0,-1.0,F,arrest case no charge,1,0,Grand Theft in the 3rd Degree,13,High,1
Female,Greater than 45,Caucasian,0,0,0,2.0,-12.0,F,Possession of Cocaine,0,0,,2,Low,0
Male,25 - 45,African-American,0,0,0,0.0,-1.0,F,Possession of Cocaine,1,0,Petit Theft,0,Low,1
Male,Greater than 45,African-American,0,0,0,0.0,-1.0,F,Possession of Cocaine,1,0,Petit Theft,0,Medium,1
Male,25 - 45,African-American,0,0,0,1.0,-1.0,M,Battery,1,1,Aggravated Battery / Pregnant,1,Low,1
Male,Less than 25,African-American,0,0,0,0.0,-1.0,F,Poss Tetrahydrocannabinols,0,0,,0,High,0
Male,25 - 45,African-American,0,1,3,7.0,-1.0,F,Felony Battery w/Prior Convict,1,1,Introduce Contraband Into Jail,7,High,1
Male,25 - 45,Caucasian,0,0,0,0.0,-1.0,M,Battery,0,0,Petit Theft,0,Low,0
Male,25 - 45,African-American,0,0,0,0.0,-1.0,F,Possess Cannabis 1000FTSch,0,0,,0,Low,0
Female,25 - 45,African-American,0,0,0,0.0,-1.0,M,Battery,1,1,Felony Battery w/Prior Convict,0,Low,0
Male,25 - 45,African-American,1,0,1,11.0,0.0,F,Possession of Cocaine,1,0,Resist/Obstruct W/O Violence,11,High,1
Male,Less than 25,African-American,0,0,0,0.0,-3.0,F,Battery on Law Enforc Officer,0,0,Grand Theft in the 3rd Degree,0,Low,0
Male,25 - 45,Caucasian,0,0,0,1.0,-1.0,F,Felony Battery (Dom Strang),1,1,Resist/Obstruct W/O Violence,1,Low,1
Female,Greater than 45,Caucasian,0,0,0,0.0,-1.0,M,Battery,0,0,,0,Low,0
Male,25 - 45,African-American,0,0,0,12.0,-1.0,F,Felony Battery,1,1,Battery,12,High,1
Male,Less than 25,African-American,0,0,0,0.0,-1.0,F,Disorderly Intoxication,1,0,Petit Theft,0,Low,1
Male,25 - 45,Caucasian,0,0,0,0.0,0.0,M,Susp Drivers Lic 1st Offense,1,0,,0,Low,1
Male,Less than 25,African-American,0,0,0,0.0,0.0,F,Aggravated Assault W/dead Weap,0,0,,0,Low,0
Male,25 - 45,African-American,0,0,0,9.0,0.0,F,arrest case no charge,1,1,Viol Pretrial Release Dom Viol,9,Medium,1
Male,25 - 45,Caucasian,0,0,0,0.0,0.0,M,Driving Under The Influence,1,0,,0,Low,0
Male,Less than 25,African-American,0,0,0,1.0,0.0,F,Grand Theft in the 3rd Degree,1,0,Resist/Obstruct W/O Violence,1,High,1
Male,25 - 45,African-American,0,0,0,2.0,-1.0,F,Possession of Oxycodone,1,0,,2,Medium,0
Male,Less than 25,African-American,4,0,2,4.0,9.116701787664446,F,arrest case no charge,1,1,Tampering With Physical Evidence,4,Medium,1
Male,25 - 45,Hispanic,0,0,0,0.0,0.0,F,Grand Theft in the 3rd Degree,0,0,,0,Low,0
Female,25 - 45,African-American,0,0,0,3.0,-1.0,F,arrest case no charge,0,0,,3,Low,0
Male,25 - 45,African-American,0,0,0,0.0,0.0,M,Neglect Child / No Bodily Harm,1,0,Petit Theft,0,Low,1
Male,Greater than 45,African-American,0,0,0,3.0,0.0,F,Soliciting For Prostitution,0,0,,3,Low,0
Male,25 - 45,Caucasian,0,0,0,4.0,0.0,M,Battery,0,0,,4,Low,0
Male,25 - 45,Hispanic,0,0,0,2.0,0.0,M,Viol Prot Injunc Repeat Viol,1,0,Petit Theft,2,Medium,1
Female,Greater than 45,Caucasian,0,0,0,1.0,-1.0,F,Grand Theft (Motor Vehicle),1,0,,1,Low,0
Female,25 - 45,African-American,0,0,0,1.0,-1.0,M,Battery,0,0,,1,Low,0
Female,25 - 45,Caucasian,0,0,0,2.0,0.0,M,Battery,1,1,Felony Battery (Dom Strang),2,Low,1
Female,Less than 25,African-American,0,0,0,6.0,-1.0,M,arrest case no charge,0,0,,6,Medium,1
Male,25 - 45,African-American,0,0,0,1.0,-1.0,M,Tresspass in Structure or Conveyance,0,0,,1,Low,0
Female,Less than 25,African-American,0,0,0,0.0,0.0,M,Battery,0,1,Criminal Mischief Damage <$200,0,Medium,1
Female,Less than 25,Caucasian,0,0,0,0.0,-2.0,F,Grand Theft in the 3rd Degree,1,1,Criminal Mischief Damage <$200,0,Low,0
Male,25 - 45,Other,0,0,0,0.0,-1.0,F,Possession of Cocaine,1,1,Felony Battery (Dom Strang),0,High,1
Male,25 - 45,African-American,0,0,0,0.0,-1.0,F,Robbery / No Weapon,0,0,,0,Low,0
Female,Greater than 45,Caucasian,0,0,0,0.0,0.0,F,Leave Accd/Attend Veh/Less $50,0,1,Battery,0,Low,1
Male,Greater than 45,African-American,0,0,0,3.0,-1.0,F,Resist Officer w/Violence,1,0,Petit Theft,3,Low,1
Male,25 - 45,Caucasian,0,0,0,3.0,-1.0,F,arrest case no charge,0,0,,3,Medium,0
Female,25 - 45,African-American,0,0,0,0.0,-1.0,F,Uttering a Forged Instrument,1,0,Petit Theft,0,High,1
Male,25 - 45,African-American,0,0,0,4.0,-26.0,F,arrest case no charge,1,1,Battery,4,Low,1
Male,25 - 45,Caucasian,0,0,0,2.0,-10.0,F,arrest case no charge,0,0,,2,Low,0
Male,25 - 45,Hispanic,0,0,0,4.0,-1.0,F,Burglary Dwelling Occupied,1,0,,4,Low,1
Male,25 - 45,Caucasian,0,0,0,2.0,-1.0,M,DUI Property Damage/Injury,1,0,Petit Theft,2,Low,1
Male,25 - 45,Hispanic,0,0,0,1.0,-1.0,M,Viol Injunct Domestic Violence,0,0,,1,Medium,0
Male,25 - 45,African-American,0,0,0,0.0,-1.0,M,Susp Drivers Lic 1st Offense,0,0,,0,Medium,0
Male,Less than 25,African-American,0,0,0,1.0,-1.0,F,Grand Theft Firearm,0,0,,1,Medium,0
Male,Greater than 45,Caucasian,0,0,0,4.0,-1.0,M,Battery,0,0,,4,Low,0
Male,25 - 45,Caucasian,0,0,0,2.0,0.0,F,Purchase Cannabis,1,0,Resist/Obstruct W/O Violence,2,Low,1
Male,Greater than 45,Caucasian,0,0,0,5.0,-1.0,M,arrest case no charge,1,1,Resist/Obstruct W/O Violence,5,Medium,0
Male,25 - 45,Caucasian,0,0,0,0.0,0.0,M,DUI - Enhanced,0,0,,0,Low,0
Male,25 - 45,African-American,1,0,0,1.0,-1.0,F,arrest case no charge,1,0,,1,Medium,1
Female,25 - 45,Hispanic,0,0,0,1.0,-5.0,M,Battery,0,0,,1,Low,0
Male,Greater than 45,Caucasian,0,0,0,1.0,-2.0,F,Carry Open/Uncov Bev In Pub,1,0,Grand Theft in the 3rd Degree,1,Low,1
Female,Less than 25,Caucasian,0,0,0,0.0,-2.0,F,Possession Burglary Tools,0,0,,0,Low,0
Female,25 - 45,African-American,0,0,0,0.0,-1.0,F,Possession of Cocaine,1,0,Grand Theft in the 3rd Degree,0,Low,1
Male,Greater than 45,Caucasian,0,0,0,1.0,-1.0,F,Grand Theft in the 3rd Degree,0,0,,1,Low,0
Male,Greater than 45,African-American,0,0,0,3.0,0.0,M,Leave Accd/Attend Veh/Less $50,0,0,,3,Medium,0
Male,25 - 45,Other,0,0,0,0.0,-1.0,F,Uttering a Forged Instrument,0,0,Grand Theft in the 3rd Degree,0,Low,0
Female,Greater than 45,Caucasian,0,0,0,1.0,-20.33747651651331,F,Resist Officer w/Violence,0,0,,1,Low,0
Male,Less than 25,Hispanic,0,0,0,8.0,-1.0,F,Possession of Cocaine,1,0,Petit Theft,8,Medium,1
Male,Less than 25,Hispanic,0,0,0,0.0,0.0,F,"Poss 3,4 MDMA (Ecstasy)",0,0,,0,High,0
Female,Less than 25,African-American,0,0,0,0.0,-1.0,M,Battery,0,0,,0,Low,0
Male,25 - 45,African-American,0,0,0,4.0,0.0,F,Possession of Oxycodone,1,0,Petit Theft,4,Medium,1
Female,25 - 45,Caucasian,0,0,0,0.0,-2.0,M,Battery,0,0,,0,Low,0
Male,Less than 25,Caucasian,0,0,0,3.0,0.0,F,Possession of Cocaine,0,0,,3,Medium,0
Male,Greater than 45,Hispanic,0,0,0,1.0,-14.873865894912809,M,Tamper With Victim,0,0,,1,Low,0
Male,Greater than 45,African-American,1,0,0,16.0,-1.0,F,Possession of Cocaine,0,0,,16,Medium,0
Female,Greater than 45,African-American,0,0,0,3.0,-1.0,F,Grand Theft in the 3rd Degree,1,0,,3,Low,0
Female,25 - 45,African-American,0,0,0,16.0,-1.0,F,Resist Officer w/Violence,0,0,,16,Medium,0
Male,Less than 25,Hispanic,0,0,0,0.0,-1.0,M,Battery,0,0,,0,Low,0
Male,25 - 45,African-American,0,0,0,3.0,-1.0,M,Battery,0,0,,3,Medium,0
Male,Less than 25,African-American,0,1,0,3.0,-1.0,F,Unauth Poss ID Card or DL,1,0,Petit Theft,3,High,1
Male,Greater than 45,African-American,0,0,0,17.0,0.0,M,DUI Blood Alcohol Above 0.20,0,0,,16,Low,0
Male,Less than 25,African-American,2,1,0,3.0,0.0,M,Battery,1,0,Grand Theft of the 2nd Degree,3,Medium,1
Male,25 - 45,Other,0,0,0,4.0,-1.0,F,Resist/Obstruct W/O Violence,1,0,Grand Theft in the 3rd Degree,4,Low,1
Male,25 - 45,Other,0,0,0,0.0,-2.0,F,Felony Battery (Dom Strang),0,0,,0,Low,0
Male,25 - 45,Caucasian,0,0,0,2.0,0.0,M,Assault,0,0,,2,High,0
Male,Less than 25,African-American,0,0,0,1.0,-1.0,F,Leave Accd/Attend Veh/Less $50,1,0,Petit Theft,1,Medium,1
Male,25 - 45,Caucasian,0,0,0,7.0,-1.0,F,Burglary Dwelling Occupied,1,1,Viol Pretrial Release Dom Viol,7,Medium,1
Male,Greater than 45,Caucasian,0,0,0,0.0,-1.0,M,DUI Property Damage/Injury,0,0,,0,Low,1
Male,25 - 45,Caucasian,0,0,0,0.0,0.0,F,Possession Of Methamphetamine,0,0,,0,Medium,0
Male,25 - 45,Caucasian,0,0,0,3.0,-1.0,M,Battery,1,0,Petit Theft,3,Low,1
Male,25 - 45,African-American,0,1,0,8.0,0.0,F,Driving While License Revoked,1,0,,8,Low,0
Male,Greater than 45,Hispanic,0,0,0,0.0,0.0,M,Burglary With Assault/battery,0,0,,0,Low,0
Male,Less than 25,African-American,0,3,1,6.0,-1.0,F,Burglary Conveyance Unoccup,1,0,Grand Theft in the 3rd Degree,6,High,1
Male,25 - 45,African-American,0,0,0,13.0,0.0,F,Carrying Concealed Firearm,1,0,Petit Theft,13,Medium,1
Male,25 - 45,Caucasian,0,0,0,0.0,-1.0,F,Burglary Dwelling Assault/Batt,0,0,,0,Low,0
Male,Greater than 45,African-American,0,0,0,4.0,-1.0,F,Possession of Cocaine,0,0,,4,Low,0
Male,Greater than 45,Other,0,0,0,4.0,-1.0,F,Grand Theft (Motor Vehicle),1,0,,4,Low,1
Female,25 - 45,Other,0,0,0,1.0,-24.0,M,arrest case no charge,0,0,,1,Medium,0
Male,25 - 45,Caucasian,0,0,0,1.0,0.0,F,Burglary Dwelling Occupied,0,0,,1,Medium,0
Male,Less than 25,Caucasian,0,2,0,3.0,-1.0,F,Trespass Private Property,1,0,Petit Theft,3,Medium,1
Male,25 - 45,African-American,0,0,0,2.0,-1.0,M,Driving License Suspended,0,0,,2,Low,0
Male,25 - 45,Caucasian,0,0,0,6.0,-1.0,F,Uttering a Forged Instrument,1,0,Grand Theft in the 3rd Degree,6,Low,1
Male,Less than 25,African-American,1,0,0,3.0,-1.0,F,Pos Cannabis W/Intent Sel/Del,1,0,Grand Theft in the 3rd Degree,3,High,1
Male,Less than 25,African-American,0,0,1,10.0,-1.0,F,arrest case no charge,1,0,,10,High,1
Male,25 - 45,African-American,0,0,0,1.0,-1.0,F,Pos Cannabis W/Intent Sel/Del,0,0,,1,Medium,0
Male,25 - 45,African-American,0,0,0,8.0,-1.0,F,Aggravated Assault W/dead Weap,0,0,,8,Low,0
Male,Greater than 45,Caucasian,0,0,0,2.0,-4.0,M,Grand Theft on 65 Yr or Older,1,0,Resist/Obstruct W/O Violence,2,Low,1
Male,Less than 25,African-American,0,0,0,1.0,-1.0,F,arrest case no charge,0,0,,1,Medium,0
Male,Less than 25,African-American,0,0,1,0.0,-1.0,M,Battery,1,0,Resist/Obstruct W/O Violence,0,High,1
Male,25 - 45,African-American,0,0,0,1.0,-1.0,M,Battery,0,0,,1,Low,0
Female,Less than 25,Caucasian,0,0,0,0.0,-1.0,F,Uttering a Forged Instrument,0,0,,0,High,0
Male,25 - 45,Caucasian,0,0,0,0.0,0.0,M,Battery,0,0,,0,Low,0
Male,Greater than 45,African-American,0,0,0,5.0,-1.0,F,Possession of Cocaine,1,0,Resist/Obstruct W/O Violence,5,Low,1
Male,25 - 45,Other,0,0,0,1.0,-1.0,F,arrest case no charge,0,0,,1,Low,0
Female,Greater than 45,Caucasian,0,0,0,1.0,-10.0,M,Battery,0,0,,1,Low,0
Male,25 - 45,Hispanic,0,0,0,3.0,0.0,M,Driving Under The Influence,0,0,Grand Theft in the 3rd Degree,3,Low,0
Female,Less than 25,Caucasian,0,0,0,0.0,-1.0,M,Grand Theft on 65 Yr or Older,0,0,,0,Medium,0
Male,Greater than 45,African-American,0,0,0,1.0,-1.0,F,arrest case no charge,0,0,,1,Low,0
Female,25 - 45,Caucasian,0,0,0,0.0,-1.0,F,Grand Theft in the 3rd Degree,1,0,,0,Medium,1
Male,Greater than 45,Caucasian,0,0,0,0.0,-1.0,F,Grand Theft in the 3rd Degree,0,0,,0,Low,0
Male,Less than 25,African-American,0,0,0,0.0,0.0,F,Grand Theft (Motor Vehicle),0,0,Petit Theft,0,Medium,0
Male,25 - 45,Caucasian,0,0,0,11.0,-1.0,M,Battery,1,1,Resist/Obstruct W/O Violence,11,Medium,1
Male,25 - 45,African-American,0,0,0,0.0,-1.0,F,Robbery / Weapon,0,0,,0,Low,0
Male,Less than 25,Caucasian,0,0,0,0.0,-1.0,F,Grand Theft in the 3rd Degree,1,0,Resist/Obstruct W/O Violence,0,Medium,1
Female,Greater than 45,Other,0,0,0,0.0,-1.0,F,Grand Theft in the 3rd Degree,0,0,,0,Low,0
Female,25 - 45,Caucasian,0,0,0,5.0,15.12868025161032,F,Grand Theft in the 3rd Degree,0,0,,5,High,0
Male,Less than 25,Caucasian,0,0,0,0.0,-1.0,F,Possession Burglary Tools,1,0,Resist/Obstruct W/O Violence,0,Low,1
Male,25 - 45,African-American,0,0,0,3.0,-1.0,M,Battery,0,0,,3,Low,0
Male,25 - 45,Other,0,0,0,0.0,-2.0,M,Battery,0,0,,0,Low,0
Female,25 - 45,Caucasian,0,0,0,0.0,-1.0,M,Battery,0,0,,0,High,0
Male,Greater than 45,Caucasian,0,0,0,2.0,-1.0,M,Battery,1,1,Aggravated Battery / Pregnant,2,Low,1
Female,25 - 45,African-American,0,0,0,3.0,-1.0,F,Pos Cannabis W/Intent Sel/Del,1,0,Petit Theft,3,Low,1
Male,Less than 25,African-American,0,0,0,0.0,-1.0,F,Grand Theft in the 3rd Degree,0,0,,0,Low,0
Female,Less than 25,Hispanic,0,0,0,0.0,-1.0,M,Lve/Scen/Acc/Veh/Prop/Damage,1,0,Petit Theft,0,Low,1
Male,Greater than 45,African-American,0,0,0,1.0,-1.0,F,arrest case no charge,0,0,,1,Low,0
Female,25 - 45,Other,0,0,0,0.0,0.0,F,Burglary Structure Unoccup,0,0,,0,Low,0
Male,25 - 45,Caucasian,0,0,0,1.0,-1.0,M,Battery,1,0,Grand Theft in the 3rd Degree,1,Low,1
Male,Less than 25,Caucasian,0,0,0,0.0,-1.0,F,Possession of Cocaine,1,0,,0,Medium,1
Male,25 - 45,African-American,0,0,0,5.0,0.0,F,arrest case no charge,1,0,,5,High,0
Male,Greater than 45,Caucasian,0,0,0,4.0,0.0,F,"Poss3,4 Methylenedioxymethcath",0,0,,4,Medium,0
Male,25 - 45,African-American,0,0,0,3.0,0.0,M,Criminal Mischief Damage <$200,1,0,Grand Theft in the 3rd Degree,3,Low,1
Male,25 - 45,African-American,0,0,0,0.0,-1.0,F,Felony Battery (Dom Strang),1,0,Resist/Obstruct W/O Violence,0,Low,1
Male,25 - 45,Hispanic,0,0,0,3.0,-1.0,F,arrest case no charge,1,1,Resist/Obstruct W/O Violence,3,High,1
Male,Less than 25,African-American,0,0,0,3.0,-1.0,F,Felony Battery w/Prior Convict,1,1,Battery,3,Medium,0
Male,25 - 45,Caucasian,0,0,0,1.0,-1.0,M,Battery,0,0,,1,Low,0
Male,25 - 45,African-American,0,0,1,12.0,-1.0,M,Battery,1,0,Grand Theft in the 3rd Degree,12,High,1
Male,25 - 45,African-American,2,1,1,16.0,-1.0,F,Grand Theft in the 3rd Degree,1,0,Driving License Suspended,16,High,1
Male,25 - 45,Caucasian,0,2,1,10.0,-1.0,F,Burglary With Assault/battery,1,0,Grand Theft in the 3rd Degree,10,Medium,1
Male,Greater than 45,African-American,0,0,0,14.0,23.00801347999011,F,arrest case no charge,1,0,Petit Theft,14,High,1
Male,Greater than 45,Caucasian,0,0,0,2.0,0.0,F,Possession of Cocaine,0,0,,2,Low,0
Male,25 - 45,Caucasian,0,0,0,5.0,-1.0,F,arrest case no charge,0,0,,5,Low,0
Male,Less than 25,African-American,0,0,0,2.0,0.0,F,Grand Theft Dwell Property,1,0,,2,High,1
Male,25 - 45,African-American,0,0,0,0.0,-1.0,F,Felony Batt(Great Bodily Harm),0,0,,0,Medium,0
Male,25 - 45,Caucasian,0,0,0,1.0,0.0,M,arrest case no charge,0,0,,1,Low,0
Male,Greater than 45,African-American,0,0,0,0.0,-1.0,M,Tresspass in Structure or Conveyance,0,0,,0,Low,0
Male,25 - 45,African-American,0,0,0,0.0,-1.0,F,Felony Battery (Dom Strang),0,0,,0,Low,0
Male,Less than 25,Caucasian,0,0,0,0.0,0.0,F,Possession of Cannabis,0,0,,0,Low,0
Female,Less than 25,African-American,0,0,0,0.0,-1.0,F,Grand Theft (Motor Vehicle),1,0,,0,High,1
Male,Less than 25,African-American,0,0,0,1.0,-1.0,M,Battery,0,0,,1,Low,0
Male,25 - 45,Caucasian,0,0,0,1.0,-1.0,M,Reckless Driving,1,1,Battery,1,Low,1
Male,25 - 45,African-American,0,0,0,1.0,-1.0,M,arrest case no charge,0,0,,1,Low,0
Male,25 - 45,Caucasian,0,0,0,4.0,-1.0,M,Battery,1,0,Grand Theft in the 3rd Degree,4,Low,1
Male,25 - 45,African-American,0,0,0,1.0,-1.0,M,Battery,0,0,,1,Medium,0
Female,25 - 45,African-American,0,0,1,5.0,-1.0,F,Aggrav Battery w/Deadly Weapon,1,1,Battery,5,Medium,1
Male,25 - 45,Caucasian,0,0,0,0.0,-1.0,F,arrest case no charge,1,0,Petit Theft,0,Low,1
Female,25 - 45,Caucasian,0,0,0,0.0,0.0,F,Possession of Cocaine,0,0,,0,Low,0
Male,Less than 25,African-American,0,0,0,1.0,-1.0,F,Possession Burglary Tools,0,0,,1,Medium,0
Female,25 - 45,Caucasian,0,0,0,3.0,-3.0,F,False Ownership Info/Pawn Item,0,0,,3,Medium,0
Male,Greater than 45,Other,0,0,0,12.0,0.0,F,Aggravated Assault w/Firearm,0,0,,12,Medium,0
Male,25 - 45,African-American,0,0,0,1.0,-1.0,F,Possession Of Alprazolam,0,0,,1,Low,0
Male,Greater than 45,Caucasian,0,0,0,2.0,-4.0,F,Felony/Driving Under Influence,0,0,,2,Low,0
Male,25 - 45,Hispanic,0,0,0,1.0,-2.0,M,Operating W/O Valid License,0,0,,1,Medium,0
Male,Greater than 45,Caucasian,0,0,0,7.0,-1.0,M,Battery,0,0,,7,Low,0
Male,25 - 45,African-American,0,0,0,3.0,-1.0,M,Operating W/O Valid License,0,0,,3,Low,0
Male,Greater than 45,African-American,0,0,0,1.0,-1.0,F,Felony Battery (Dom Strang),0,0,,1,Low,0
Male,25 - 45,African-American,0,2,0,21.000000000000004,-1.0,F,Driving While License Revoked,0,1,Trespass Struct/Convey Occupy,21,High,0
Male,Greater than 45,African-American,0,0,0,0.0,-1.0,M,Petit Theft $100- $300,0,0,,0,Low,0
Male,25 - 45,Caucasian,0,0,0,0.0,-1.0,M,Grand Theft in the 3rd Degree,1,0,Grand Theft in the 3rd Degree,0,Low,1
Male,Greater than 45,Caucasian,0,0,0,2.0,-6.0,F,Possession of Cocaine,0,0,,2,Low,0
Male,Less than 25,African-American,0,0,0,4.0,-11.864441386690029,M,Leave Accd/Attend Veh/Less $50,0,0,,4,Medium,0
Male,25 - 45,Hispanic,0,0,0,1.0,-14.0,F,Driving While License Revoked,0,0,,1,Low,0
Male,25 - 45,Caucasian,0,0,0,0.0,-1.0,M,Expired DL More Than 6 Months,0,0,,0,Low,0
Male,Greater than 45,Caucasian,0,0,0,0.0,-1.0,F,Grand Theft in the 3rd Degree,0,0,,0,Medium,0
Male,Less than 25,Caucasian,0,1,1,1.0,-1.0,F,Trespass Private Property,1,0,Petit Theft,1,High,1
Male,Greater than 45,Caucasian,0,0,0,4.0,-1.0,M,Battery,0,0,,4,Low,0
Male,25 - 45,Hispanic,0,0,0,3.0,0.0,F,arrest case no charge,0,0,,3,Low,0
Male,25 - 45,African-American,0,1,1,4.0,-1.0,F,Grand Theft in the 3rd Degree,1,0,,4,Low,1
Male,25 - 45,Caucasian,0,0,0,0.0,-1.0,M,Grand Theft (Motor Vehicle),0,0,,0,Medium,0
Male,25 - 45,African-American,0,0,0,2.0,-1.0,F,Poss Wep Conv Felon,0,0,,2,Low,0
Male,Greater than 45,African-American,0,0,0,8.0,0.0,M,Expired DL More Than 6 Months,1,0,Resist/Obstruct W/O Violence,8,Low,1
Female,25 - 45,African-American,0,0,0,1.0,0.0,F,Felony Battery (Dom Strang),1,0,Resist/Obstruct W/O Violence,1,Low,1
Female,Greater than 45,African-American,0,0,0,3.0,-1.0,M,Tampering With Physical Evidence,0,0,,3,Low,0
Male,25 - 45,Caucasian,0,0,0,2.0,-1.0,M,Battery,0,0,,2,Low,0
Female,Less than 25,Caucasian,0,0,0,2.0,-1.0,F,arrest case no charge,0,0,,2,Low,0
Male,25 - 45,Caucasian,0,0,0,6.0,-10.0,F,Sell or Offer for Sale Counterfeit Goods,1,1,Felony Battery (Dom Strang),6,Medium,1
Male,25 - 45,African-American,0,0,0,12.0,-1.0,F,Possession of Oxycodone,1,0,Resist/Obstruct W/O Violence,12,High,1
Male,25 - 45,Caucasian,0,0,0,1.0,-9.0,F,Possession of Cocaine,1,0,Grand Theft in the 3rd Degree,1,Medium,1
Female,25 - 45,Caucasian,0,0,0,1.0,-22.0,F,Possession of Cocaine,1,0,Resist/Obstruct W/O Violence,1,Low,1
Male,Less than 25,Other,0,0,0,0.0,-1.0,F,Grand Theft (Motor Vehicle),0,0,,0,High,0
Female,Less than 25,Other,0,0,0,0.0,0.0,M,Aggravated Assault W/Dead Weap,1,0,Petit Theft,0,Medium,1
Male,Greater than 45,Other,0,0,0,0.0,-1.0,M,Battery,0,0,,0,Low,0
Male,25 - 45,Caucasian,0,0,0,0.0,-1.0,M,Disorderly Intoxication,0,0,,0,High,0
Female,Greater than 45,Caucasian,0,0,0,1.0,-21.0,F,Poss Pyrrolidinovalerophenone,0,0,Petit Theft,1,Low,0
Male,25 - 45,African-American,0,0,0,0.0,-1.0,F,Uttering a Forged Instrument,0,0,,0,Low,0
Male,Less than 25,African-American,0,0,0,1.0,-21.0,F,Felony Batt(Great Bodily Harm),1,0,Resist/Obstruct W/O Violence,1,Medium,1
Male,Greater than 45,Caucasian,0,0,0,5.0,-7.0,F,arrest case no charge,1,0,Resist/Obstruct W/O Violence,5,Medium,0
Male,25 - 45,African-American,0,0,0,1.0,-1.0,F,Pos Cannabis W/Intent Sel/Del,1,0,Resist/Obstruct W/O Violence,1,High,1
Male,Greater than 45,Caucasian,0,0,0,0.0,-1.0,M,Battery,1,0,,0,Low,0
Female,25 - 45,Caucasian,0,0,0,4.0,-30.0,F,Felony Battery w/Prior Convict,0,0,,4,Low,0
Male,25 - 45,Caucasian,0,0,0,0.0,-5.0,M,Fleeing Or Attmp Eluding A Leo,1,0,,0,Low,1
Male,Greater than 45,Hispanic,0,0,0,1.0,-1.0,M,Battery,0,0,,1,Medium,0
Male,25 - 45,African-American,0,0,0,8.0,-1.0,F,Uttering a Forged Instrument,1,0,Petit Theft,8,Medium,1
Male,Greater than 45,Caucasian,0,0,0,1.0,0.0,M,Driving Under The Influence,1,0,Resist/Obstruct W/O Violence,1,Low,1
Male,Less than 25,African-American,0,0,0,1.0,-1.0,M,Battery,0,0,,1,Medium,0
Male,Greater than 45,African-American,0,0,0,28.133615348682163,-1.0,F,Possession of Cocaine,1,0,Grand Theft in the 3rd Degree,27,High,1
Female,25 - 45,Caucasian,0,0,0,0.0,-1.0,F,Grand Theft in the 3rd Degree,1,0,Petit Theft,0,Low,1
Female,Greater than 45,African-American,0,0,0,0.0,-1.0,M,Resist/Obstruct W/O Violence,0,0,,0,Low,0
Male,25 - 45,African-American,0,0,0,0.0,0.0,F,Possession of Hydrocodone,0,0,,0,Medium,1
Male,Less than 25,African-American,0,0,2,0.0,-1.0,F,Burglary Conveyance Unoccup,1,0,Resist/Obstruct W/O Violence,0,Low,1
Male,25 - 45,Caucasian,0,0,0,6.0,-1.0,M,Battery,0,0,,6,Medium,0
Male,Less than 25,Caucasian,0,0,0,0.0,-1.0,M,Battery,0,1,Agg Battery Grt/Bod/Harm,0,High,1
Male,25 - 45,African-American,0,0,0,2.0,-1.0,F,arrest case no charge,1,0,Petit Theft,2,Medium,1
Male,25 - 45,Caucasian,0,0,0,1.0,-1.0,F,Possession of Cocaine,0,0,,1,Medium,0
Male,25 - 45,African-American,0,0,0,5.0,-1.0,F,arrest case no charge,0,0,,5,Medium,0
Female,25 - 45,Caucasian,0,0,0,3.0,-1.0,M,Battery,0,0,,3,Low,0
Male,Less than 25,African-American,0,0,0,0.0,0.0,F,Pos Cannabis W/Intent Sel/Del,1,0,Resist/Obstruct W/O Violence,0,Low,1
Male,Greater than 45,Caucasian,0,0,0,2.0,-1.0,M,Battery,0,0,,2,Low,0
Male,25 - 45,Caucasian,0,0,0,0.0,-1.0,M,Battery,0,0,Petit Theft,0,Low,0
Male,25 - 45,Caucasian,0,0,0,0.0,-1.0,M,Driving Under The Influence,0,0,,0,Low,0
Male,Less than 25,Caucasian,0,0,0,2.0,0.0,F,Driving Under The Influence,0,0,,2,Low,0
Male,25 - 45,African-American,0,0,0,8.0,0.0,F,Corrupt Public Servant,1,0,Petit Theft,8,Medium,1
Female,25 - 45,Hispanic,0,0,0,0.0,-3.0,M,Lve/Scen/Acc/Veh/Prop/Damage,0,0,,0,Low,0
Male,25 - 45,Caucasian,0,0,0,4.0,-1.0,F,Felony Petit Theft,1,0,Petit Theft,4,Medium,1
Male,25 - 45,African-American,0,0,0,5.0,-1.0,F,Possession Burglary Tools,1,0,Grand Theft in the 3rd Degree,5,High,1
Male,25 - 45,African-American,0,1,0,7.0,-1.0,F,arrest case no charge,0,0,,7,Low,0
Male,Less than 25,Caucasian,0,2,7,2.0,-3.0,F,Possession Of Carisoprodol,1,1,Resist Officer w/Violence,2,High,1
Male,Greater than 45,Hispanic,0,0,0,0.0,-4.0,F,Uttering a Forged Instrument,0,0,,0,Low,0
Male,Less than 25,Other,0,0,0,2.0,-1.0,M,Resist/Obstruct W/O Violence,0,0,,2,Medium,0
Male,Less than 25,Caucasian,0,0,0,0.0,0.0,F,Possession of Cannabis,0,0,,0,Low,0
Male,Greater than 45,African-American,0,0,0,20.0,0.0,F,Possession of Cocaine,1,0,Grand Theft in the 3rd Degree,20,Medium,1
Male,25 - 45,African-American,0,0,0,9.0,-1.0,F,Tampering With Physical Evidence,0,0,,9,Medium,0
Male,Greater than 45,African-American,0,0,0,2.0,-5.0,F,arrest case no charge,0,0,Grand Theft in the 3rd Degree,2,Low,0
Male,Greater than 45,African-American,0,0,0,4.0,-1.0,M,Grand Theft in the 3rd Degree,1,0,Grand Theft in the 3rd Degree,4,Medium,1
Male,Greater than 45,Caucasian,0,0,0,0.0,-1.0,F,Grand Theft in the 3rd Degree,0,0,,0,Medium,0
Male,Greater than 45,African-American,0,0,0,0.0,-1.0,F,Battery on Law Enforc Officer,0,0,,0,Low,0
Female,Greater than 45,African-American,0,0,0,0.0,-2.0,M,Disorderly Intoxication,0,0,,0,Low,0
Female,Less than 25,African-American,0,0,0,0.0,-1.0,F,Aggravated Assault W/dead Weap,0,0,,0,Medium,0
Male,25 - 45,Caucasian,0,0,0,0.0,-1.0,M,Battery,0,0,,0,Low,0
Male,25 - 45,Other,0,0,0,0.0,-1.0,M,Battery,0,0,,0,Low,0
Male,25 - 45,Caucasian,0,0,0,2.0,0.0,F,"Poss3,4 Methylenedioxymethcath",1,0,Resist/Obstruct W/O Violence,2,Medium,0
Male,Less than 25,African-American,1,2,0,5.0,-1.0,F,DUI/Property Damage/Persnl Inj,1,0,Grand Theft of the 2nd Degree,5,High,1
Male,Less than 25,African-American,0,0,0,0.0,0.0,M,Battery,0,0,,0,Low,0
Male,Less than 25,African-American,0,0,0,1.0,-1.0,F,arrest case no charge,1,1,Aggravated Battery / Pregnant,1,Medium,1
Male,25 - 45,African-American,0,0,0,1.0,-1.0,F,arrest case no charge,0,0,,1,Medium,0
Male,25 - 45,African-American,0,0,0,1.0,-1.0,F,Aggravated Assault W/Dead Weap,0,0,,1,Low,0
Male,Greater than 45,Caucasian,0,0,0,1.0,-1.0,M,Battery,0,0,Petit Theft,1,Low,0
Female,25 - 45,Caucasian,0,0,0,4.0,-2.0,F,Aggravated Assault W/Dead Weap,1,0,Resist/Obstruct W/O Violence,4,Low,1
Male,25 - 45,African-American,0,0,0,7.0,0.0,F,Possession of Cannabis,1,0,Grand Theft in the 3rd Degree,7,Medium,1
Female,25 - 45,African-American,0,0,0,0.0,0.0,M,Battery,1,1,Battery,0,Low,0
Male,Greater than 45,African-American,0,0,0,10.0,0.0,F,Possession of Cocaine,0,0,,10,Medium,0
Male,25 - 45,African-American,0,0,0,0.0,-1.0,M,Battery,1,1,Battery,0,Low,1
Male,25 - 45,Caucasian,0,0,0,0.0,0.0,M,Battery,0,0,,0,Low,0
Male,25 - 45,African-American,0,0,0,19.0,-1.0,F,Poss Cocaine/Intent To Del/Sel,1,0,,19,High,1
Male,25 - 45,Caucasian,0,0,0,1.0,-1.0,F,"Poss3,4 Methylenedioxymethcath",0,0,,1,Low,0
Male,Less than 25,Hispanic,2,0,0,2.0,-21.0,F,arrest case no charge,1,0,Petit Theft,2,High,1
Male,Less than 25,Caucasian,0,0,0,6.0,-1.0,F,Poss Pyrrolidinovalerophenone,1,0,Resist/Obstruct W/O Violence,6,High,1
Female,25 - 45,African-American,0,0,0,0.0,-1.0,M,Battery,0,0,,0,Low,0
Male,Greater than 45,Caucasian,0,0,0,0.0,-1.0,M,Operating W/O Valid License,0,0,,0,Low,0
Female,25 - 45,African-American,0,0,0,0.0,-6.0,M,Robbery / No Weapon,0,0,,0,High,0
Male,Less than 25,African-American,0,0,0,1.0,-1.0,F,Carrying Concealed Firearm,1,1,Felony Battery w/Prior Convict,1,High,1
Male,Less than 25,African-American,0,0,0,0.0,0.0,F,Felony Battery (Dom Strang),0,0,,0,Low,0
Male,Less than 25,Other,0,0,0,0.0,-1.0,M,Battery,0,0,,0,Medium,0
Male,Less than 25,Caucasian,1,0,0,2.0,-1.0,F,arrest case no charge,0,0,,2,Low,0
Female,25 - 45,Caucasian,0,0,0,2.0,-28.901808968504284,F,Poss Contr Subst W/o Prescript,0,0,,2,Low,0
Male,25 - 45,African-American,0,0,0,3.0,-1.0,M,arrest case no charge,0,0,,3,High,0
Female,25 - 45,African-American,0,0,0,2.0,-1.0,M,arrest case no charge,0,0,,2,Low,0
Male,25 - 45,Caucasian,0,0,0,1.0,-5.0,F,Possess Cannabis 1000FTSch,0,0,,1,Medium,0
Male,Less than 25,Hispanic,0,1,0,2.0,-1.0,F,Grand Theft in the 3rd Degree,0,0,,2,High,0
Male,Greater than 45,African-American,0,0,0,1.0,-1.0,M,DUI Property Damage/Injury,0,0,,1,Low,0
Male,Greater than 45,African-American,0,0,0,12.0,-1.0,F,Driving While License Revoked,0,0,Grand Theft in the 3rd Degree,12,Low,0
Male,25 - 45,African-American,0,0,0,2.0,-1.0,F,arrest case no charge,0,0,Resist/Obstruct W/O Violence,2,Medium,0
Male,25 - 45,African-American,0,0,0,0.0,0.0,F,Possession Of Methamphetamine,1,1,Battery,0,Low,1
Male,25 - 45,African-American,0,0,0,2.0,0.0,F,Possession of Cannabis,1,0,Resist/Obstruct W/O Violence,2,Low,0
Male,25 - 45,African-American,0,0,0,1.0,-1.0,F,Poss Contr Subst W/o Prescript,0,0,,1,Low,0
Male,25 - 45,African-American,0,0,0,0.0,0.0,F,Driving While License Revoked,0,0,,0,Medium,0
Male,Less than 25,African-American,0,0,0,1.0,-1.0,M,Battery,1,1,Battery,1,Low,1
Male,25 - 45,Caucasian,0,0,0,2.0,0.0,M,Battery,1,0,Grand Theft in the 3rd Degree,2,Low,1
Female,Greater than 45,African-American,0,0,0,25.126742369109703,-1.0,F,Felony Petit Theft,1,0,Resist/Obstruct W/O Violence,24,High,1
Female,Less than 25,African-American,0,0,0,0.0,0.0,M,Battery,0,0,,0,Medium,0
Male,25 - 45,African-American,0,1,0,13.0,0.0,F,Poss Pyrrolidinovalerophenone,1,1,Resist Officer w/Violence,13,High,1
Male,25 - 45,African-American,0,0,0,10.0,-1.0,F,Driving While License Revoked,0,0,,10,Medium,0
Male,Less than 25,African-American,0,0,0,3.0,0.0,F,Felony Battery (Dom Strang),1,0,Grand Theft in the 3rd Degree,3,Medium,1
Male,25 - 45,African-American,0,0,0,6.0,0.0,F,Driving While License Revoked,1,0,Resist/Obstruct W/O Violence,6,Medium,1
Female,Less than 25,Caucasian,0,0,0,9.0,-1.0,M,Aggravated Assault W/dead Weap,1,0,Grand Theft in the 3rd Degree,9,High,1
Male,Less than 25,Caucasian,0,0,0,0.0,-1.0,M,Viol Pretrial Release Dom Viol,1,0,Resist/Obstruct W/O Violence,0,Low,1
Male,Less than 25,African-American,0,0,2,1.0,-1.0,F,arrest case no charge,0,0,Grand Theft in the 3rd Degree,1,Low,0
Female,Greater than 45,Hispanic,0,0,0,0.0,-3.0,M,Battery,0,0,,0,Low,0
Male,Greater than 45,Hispanic,0,0,0,20.0,-1.0,F,arrest case no charge,0,0,,20,Low,0
Male,25 - 45,African-American,1,0,0,18.0,0.0,F,arrest case no charge,1,0,Grand Theft in the 3rd Degree,18,Medium,1
Male,25 - 45,African-American,0,0,0,7.0,0.0,M,Assault,1,0,,7,High,1
Male,Greater than 45,African-American,0,0,0,14.0,-1.0,M,Battery,0,0,,14,Medium,0
Male,Less than 25,Hispanic,0,0,1,0.0,0.0,F,"Poss3,4 Methylenedioxymethcath",0,0,,0,Medium,0
Male,Greater than 45,African-American,0,0,0,11.0,-1.0,M,Viol Prot Injunc Repeat Viol,1,0,Grand Theft in the 3rd Degree,11,Medium,1
Female,Greater than 45,African-American,0,0,0,0.0,0.0,F,Aggravated Assault W/dead Weap,0,0,Petit Theft,0,Low,0
Male,25 - 45,African-American,0,0,0,4.0,-1.0,F,arrest case no charge,1,1,Felony Battery w/Prior Convict,4,High,0
Male,25 - 45,African-American,0,0,0,1.0,-1.0,F,Corrupt Public Servant,1,0,Petit Theft,1,Low,1
Male,Less than 25,African-American,0,0,0,0.0,-1.0,M,Possession of Hydrocodone,0,0,,0,Medium,0
Male,Greater than 45,Caucasian,0,0,0,0.0,-2.0,M,Battery,1,1,Resist/Obstruct W/O Violence,0,Low,1
Male,25 - 45,Caucasian,0,0,0,0.0,-1.0,F,Poss Cocaine/Intent To Del/Sel,1,0,Resist/Obstruct W/O Violence,0,Low,1
Female,25 - 45,Caucasian,0,0,0,0.0,0.0,F,Resist Officer w/Violence,1,0,Resist/Obstruct W/O Violence,0,Low,1
Male,25 - 45,Caucasian,0,0,0,12.0,-1.0,F,False Ownership Info/Pawn Item,0,0,,12,Medium,0
Male,Greater than 45,Caucasian,0,0,0,0.0,-1.0,M,Battery,0,0,,0,Low,0
Male,25 - 45,Caucasian,0,0,0,1.0,-1.0,M,Battery,0,0,,1,Low,0
Male,Less than 25,Caucasian,0,1,0,2.0,0.0,F,Attempted Robbery  No Weapon,1,1,Resist Officer w/Violence,2,High,1
Male,25 - 45,African-American,0,0,0,6.0,-1.0,F,Felony Petit Theft,1,0,Grand Theft in the 3rd Degree,6,Low,1
Female,Less than 25,Caucasian,0,0,0,3.0,-1.0,F,Poss Contr Subst W/o Prescript,0,0,,3,High,0
Male,25 - 45,African-American,0,0,0,3.0,0.0,F,Felony Battery w/Prior Convict,0,0,,3,Medium,0
Male,25 - 45,African-American,0,1,0,17.0,-1.0,M,Battery,1,1,Felony Battery w/Prior Convict,17,Medium,1
Male,Greater than 45,African-American,0,0,0,12.0,21.70685899443444,F,Possession of Cocaine,1,0,Grand Theft in the 3rd Degree,12,High,0
Male,Less than 25,African-American,0,0,0,0.0,-1.0,F,Possession of Cocaine,1,0,,0,Low,1
Female,25 - 45,Caucasian,0,0,0,2.0,0.0,M,Assault,0,0,,2,Medium,0
Male,Greater than 45,Hispanic,0,0,0,0.0,-1.0,F,Grand Theft in the 3rd Degree,0,0,,0,Low,0
Male,25 - 45,African-American,0,0,0,3.0,-1.0,F,Driving While License Revoked,0,0,,3,Low,0
Male,Less than 25,African-American,0,0,0,1.0,0.0,F,Pos Cannabis W/Intent Sel/Del,1,0,Petit Theft,1,Medium,1
Male,Greater than 45,Caucasian,0,0,0,7.0,0.0,F,arrest case no charge,0,0,,7,High,0
Male,25 - 45,Caucasian,0,0,0,3.0,-1.0,F,arrest case no charge,0,0,Petit Theft,3,Low,0
Male,25 - 45,African-American,1,0,0,6.0,0.0,F,Possession of Cocaine,1,0,,6,High,1
Female,Less than 25,African-American,0,0,0,1.0,25.658019148929483,F,Failure To Return Hired Vehicle,1,1,Battery,1,Medium,1
Male,25 - 45,African-American,0,0,0,4.0,-1.0,M,Susp Drivers Lic 1st Offense,1,0,Resist/Obstruct W/O Violence,4,Low,1
Male,25 - 45,African-American,0,0,0,9.0,-1.0,F,Aggravated Battery / Pregnant,1,1,Aggravated Battery / Pregnant,9,High,1
Male,25 - 45,Caucasian,0,0,0,9.0,0.0,F,Felony Battery w/Prior Convict,1,0,Petit Theft,9,High,1
Male,Greater than 45,African-American,0,0,0,0.0,0.0,F,Felony Battery (Dom Strang),0,0,,0,Low,0
Male,25 - 45,Other,0,0,0,0.0,-1.0,M,Battery,0,0,,0,Low,0
Female,Less than 25,African-American,0,0,0,1.0,-1.0,F,Grand Theft in the 3rd Degree,1,0,Grand Theft in the 3rd Degree,1,Medium,1
Male,Greater than 45,Caucasian,0,0,0,2.0,-1.0,F,DUI Property Damage/Injury,0,0,Petit Theft,2,Low,0
Male,Greater than 45,Caucasian,0,0,0,2.0,-1.0,M,arrest case no charge,0,0,,2,Low,0
Female,25 - 45,Caucasian,0,0,0,0.0,-2.0,F,Grand Theft in the 3rd Degree,1,0,Petit Theft,0,Low,1
Male,25 - 45,African-American,0,0,0,0.0,-1.0,F,False Imprisonment,1,0,Petit Theft,0,Medium,1
Male,Less than 25,Caucasian,0,0,0,0.0,0.0,F,Burglary Conveyance Unoccup,1,0,Resist/Obstruct W/O Violence,0,Low,1
Male,Greater than 45,Caucasian,0,0,0,0.0,-3.0,M,DUI Property Damage/Injury,0,0,,0,Low,0
Male,Greater than 45,African-American,0,0,0,1.0,-1.0,M,Uttering a Forged Instrument,1,0,Petit Theft,1,Low,1
Male,Greater than 45,African-American,0,0,0,27.907668052731395,0.0,F,Possession of Cocaine,1,1,Resist/Obstruct W/O Violence,27,High,1
Male,Less than 25,African-American,0,0,0,1.0,-1.0,F,Burglary Conveyance Unoccup,1,0,Resist/Obstruct W/O Violence,1,Medium,1
Male,25 - 45,Caucasian,0,0,0,2.0,-1.0,F,Grand Theft (Motor Vehicle),0,0,,2,Low,0
Male,25 - 45,Hispanic,0,0,0,0.0,-1.0,M,Battery,1,0,Petit Theft,0,Low,1
Male,Less than 25,African-American,0,0,0,0.0,0.0,M,Battery,1,0,Petit Theft,0,Low,1
Male,25 - 45,Hispanic,0,0,0,1.0,-24.0,M,Burglary Dwelling Occupied,1,0,,1,Low,1
Male,Greater than 45,Caucasian,0,0,0,0.0,0.0,M,Battery,0,0,,0,Low,0
Female,Greater than 45,African-American,0,0,0,0.0,-1.0,F,Solicit Deliver Cocaine,0,0,,0,Low,0
Male,25 - 45,Caucasian,0,0,1,1.0,0.0,F,Possession of Cannabis,0,0,,1,Low,0
Male,Greater than 45,African-American,0,0,0,15.0,-1.0,F,Felony Petit Theft,1,0,,15,Medium,1
Female,25 - 45,African-American,0,0,0,1.0,-1.0,M,Battery,0,0,,1,Low,0
Male,25 - 45,African-American,0,0,0,3.0,-1.0,F,Aggravated Battery / Pregnant,1,0,,3,Low,1
Male,Greater than 45,Caucasian,0,0,0,0.0,-1.0,F,Stalking (Aggravated),0,0,,0,Low,0
Male,Less than 25,African-American,0,0,0,2.0,-1.0,M,arrest case no charge,1,0,Petit Theft,2,Medium,1
Male,25 - 45,African-American,0,0,0,14.0,-1.0,F,Grand Theft Firearm,0,0,,14,High,0
Male,25 - 45,Caucasian,3,0,1,13.0,-1.0,F,arrest case no charge,1,0,Driving License Suspended,13,Low,1
Male,25 - 45,African-American,0,0,0,1.0,-1.0,M,DUI Blood Alcohol Above 0.20,1,1,Viol Pretrial Release Dom Viol,1,Low,1
Male,Greater than 45,Other,0,0,0,4.0,-1.0,M,Neglect Child / No Bodily Harm,1,0,Grand Theft in the 3rd Degree,4,Low,1
Male,Greater than 45,Caucasian,0,0,0,0.0,-1.0,F,Possession of Cocaine,0,0,,0,Low,0
Male,25 - 45,Hispanic,0,0,0,3.0,-1.0,F,Tamper With Witness/Victim/CI,0,0,,3,Low,0
Female,25 - 45,African-American,0,0,0,5.0,-1.0,F,Pos Cannabis W/Intent Sel/Del,1,0,Grand Theft in the 3rd Degree,5,High,1
Male,25 - 45,African-American,0,0,0,0.0,0.0,F,Aggravated Assault w/Firearm,0,0,,0,Low,0
Male,25 - 45,African-American,0,0,0,0.0,-1.0,F,Aggravated Assault W/Dead Weap,0,0,,0,Low,0
Male,25 - 45,African-American,0,0,0,2.0,-1.0,F,Grand Theft Firearm,1,0,Grand Theft in the 3rd Degree,2,Low,1
Male,Greater than 45,Other,0,0,0,0.0,-1.0,F,Prowling/Loitering,0,0,,0,Low,0
Male,25 - 45,African-American,0,0,0,5.0,0.0,M,Operating W/O Valid License,1,0,Resist/Obstruct W/O Violence,5,High,1
Male,25 - 45,African-American,1,1,1,12.0,-1.0,M,Possess Countrfeit Credit Card,1,0,Driving License Suspended,12,High,1
Female,25 - 45,Caucasian,0,0,0,0.0,-1.0,M,Battery,0,0,,0,Low,0
Male,Less than 25,African-American,0,0,1,2.0,0.0,F,Possession of Cocaine,1,0,Resist/Obstruct W/O Violence,2,Low,1
Male,25 - 45,Asian,0,0,0,0.0,-1.0,F,Burglary Structure Unoccup,0,0,,0,Medium,0
Male,25 - 45,African-American,0,0,0,0.0,-2.0,M,Battery,0,0,,0,Low,0
Male,Greater than 45,Caucasian,0,0,0,1.0,-1.0,M,Battery,0,0,,1,Low,0
Male,25 - 45,Caucasian,0,0,0,5.0,-1.0,F,arrest case no charge,1,1,Aggravated Battery / Pregnant,5,Medium,1
Male,25 - 45,African-American,0,0,0,8.0,0.0,F,arrest case no charge,1,0,Petit Theft,8,High,1
Male,Greater than 45,Hispanic,0,0,0,0.0,-1.0,M,Possess Cannabis 1000FTSch,0,0,,0,Low,0
Male,25 - 45,African-American,0,0,0,3.0,-1.0,F,Resist Officer w/Violence,1,0,,3,Low,1
Male,Greater than 45,African-American,0,0,0,17.0,0.0,F,Possession of Cocaine,1,0,,16,Medium,1
Male,Greater than 45,Hispanic,0,0,0,1.0,-1.0,F,Possession Of Fentanyl,0,0,,1,Low,0
Male,Greater than 45,African-American,0,0,0,13.0,-1.0,F,Poss Meth/Diox/Meth/Amp (MDMA),1,0,Grand Theft in the 3rd Degree,13,Low,1
Male,25 - 45,Hispanic,0,0,0,1.0,0.0,F,Grand Theft in the 3rd Degree,0,0,,1,Medium,0
Male,25 - 45,Caucasian,0,0,0,1.0,0.0,F,arrest case no charge,0,0,Grand Theft in the 3rd Degree,1,Low,0
Male,Greater than 45,Caucasian,0,0,0,10.0,-1.0,F,Deliver Cocaine 1000FT Park,1,0,Grand Theft in the 3rd Degree,10,Medium,1
Male,25 - 45,Caucasian,0,0,0,1.0,0.0,M,Expired DL More Than 6 Months,1,0,Petit Theft,1,Low,1
Female,Greater than 45,Caucasian,0,0,0,0.0,-1.0,F,Poss Contr Subst W/o Prescript,1,0,Resist/Obstruct W/O Violence,0,Low,1
Male,Less than 25,Caucasian,0,0,0,1.0,-1.0,F,Burglary Unoccupied Dwelling,0,0,,1,Low,0
Male,Less than 25,Caucasian,0,0,1,1.0,-21.0,M,Criminal Mischief Damage <$200,0,0,,1,Medium,0
Female,Less than 25,Caucasian,0,0,0,0.0,0.0,F,arrest case no charge,1,1,Battery,0,High,1
Male,25 - 45,Caucasian,0,0,0,1.0,-21.0,F,Pos Cannabis W/Intent Sel/Del,0,0,,1,Low,0
Female,25 - 45,African-American,0,0,0,1.0,-12.0,F,arrest case no charge,0,0,,1,Low,0
Male,Less than 25,African-American,0,0,0,1.0,-1.0,M,Battery,1,1,Aggravated Battery / Pregnant,1,Medium,1
Male,25 - 45,African-American,0,1,0,23.0865630162209,-1.0,F,Unauth Poss ID Card or DL,0,0,,23,Medium,0
Male,Greater than 45,Other,0,0,0,0.0,-1.0,M,Battery,0,0,,0,Low,0
Male,25 - 45,Hispanic,0,0,0,0.0,-1.0,M,Battery,0,0,,0,Low,0
Male,Less than 25,Caucasian,0,0,2,4.0,-1.0,F,Possession of Cannabis,1,0,Possess Cannabis/20 Grams Or Less,4,High,1
Male,25 - 45,Hispanic,0,0,0,16.0,-1.0,F,Pos Cannabis W/Intent Sel/Del,1,0,Grand Theft in the 3rd Degree,16,High,1
Male,25 - 45,Caucasian,0,0,2,6.0,0.0,M,Deliver Cocaine,0,0,,6,Medium,0
Male,25 - 45,African-American,0,0,1,1.0,-1.0,M,Battery,1,1,Aggravated Battery / Pregnant,1,High,1
Female,Greater than 45,Caucasian,0,0,0,5.0,-3.0,F,Poss Meth/Diox/Meth/Amp (MDMA),0,0,,5,Low,0
Male,25 - 45,African-American,0,0,0,1.0,-1.0,F,Grand Theft Firearm,0,0,,1,Low,0
Female,25 - 45,Other,0,1,0,6.0,-21.0,F,Possession of Cocaine,1,0,,6,Medium,1
Male,Less than 25,African-American,0,0,0,0.0,-1.0,F,Fleeing Or Attmp Eluding A Leo,1,1,Resist/Obstruct W/O Violence,0,Low,1
Male,Greater than 45,African-American,0,0,0,6.0,-1.0,F,arrest case no charge,0,0,,6,Low,0
Male,Greater than 45,Other,0,0,0,13.0,-1.0,F,Felony Petit Theft,1,0,Petit Theft,13,Medium,1
Male,Greater than 45,Caucasian,0,0,0,2.0,-1.0,M,arrest case no charge,0,0,,2,Low,0
Male,25 - 45,Caucasian,0,0,0,0.0,-1.0,F,Grand Theft (Motor Vehicle),1,1,Viol Pretrial Release Dom Viol,0,Low,1
Male,Less than 25,African-American,0,0,0,0.0,-1.0,F,Pos Cannabis W/Intent Sel/Del,0,0,,0,Low,0
Male,Less than 25,Caucasian,0,0,0,0.0,-1.0,M,Battery,1,0,,0,Low,0
Male,25 - 45,Caucasian,0,0,0,0.0,0.0,M,Susp Drivers Lic 1st Offense,0,0,,0,Low,0
Female,Less than 25,Caucasian,0,0,0,1.0,-1.0,F,Burglary Unoccupied Dwelling,1,0,Petit Theft,1,High,1
Male,25 - 45,African-American,0,0,0,0.0,0.0,M,Battery,0,0,,0,Low,0
Male,25 - 45,Caucasian,0,0,0,1.0,-1.0,F,Possession of Cocaine,1,0,,1,Low,1
Male,25 - 45,Caucasian,0,0,0,2.0,0.0,F,Possession of Cocaine,0,0,,2,High,0
Male,Greater than 45,African-American,0,0,0,1.0,-1.0,F,Felony Petit Theft,1,0,Grand Theft in the 3rd Degree,1,Medium,1
Male,25 - 45,African-American,0,0,0,8.0,-1.0,F,Felony Battery w/Prior Convict,1,1,Felony Battery (Dom Strang),8,Medium,1
Male,25 - 45,Caucasian,0,0,0,6.0,-29.045443221180467,M,Battery,0,0,,6,Medium,0
Male,25 - 45,African-American,0,0,0,7.0,-18.483350264119803,F,Poss Cocaine/Intent To Del/Sel,0,0,,7,Medium,0
Male,Less than 25,African-American,1,0,0,2.0,-1.0,F,Deliver Cocaine,0,0,,2,Medium,0
Male,Less than 25,African-American,0,0,0,2.0,-17.018575404218453,F,DUI - Enhanced,1,1,Battery,2,Low,1
Male,25 - 45,Other,0,0,0,31.278146381562102,0.0,F,Driving While License Revoked,1,0,Resist/Obstruct W/O Violence,31,High,1
Male,Greater than 45,Caucasian,0,0,0,0.0,-1.0,M,Battery,0,0,,0,Low,0
Male,25 - 45,African-American,0,0,0,4.0,-1.0,M,Battery,1,1,Battery,4,Medium,1
Male,25 - 45,African-American,0,0,0,1.0,-1.0,F,Pos Cannabis W/Intent Sel/Del,1,0,Grand Theft in the 3rd Degree,1,Low,1
Male,25 - 45,African-American,0,0,0,13.0,-1.0,M,Possession Burglary Tools,1,0,Petit Theft,13,High,1
Male,Less than 25,African-American,0,0,0,3.0,-1.0,F,arrest case no charge,1,0,,3,Medium,1
Male,Greater than 45,Other,0,0,0,2.0,-1.0,M,Battery,0,0,Grand Theft in the 3rd Degree,2,Low,0
Male,25 - 45,African-American,0,0,1,5.0,-1.0,M,Susp Drivers Lic 1st Offense,1,0,Grand Theft in the 3rd Degree,5,Medium,1
Male,Less than 25,African-American,0,4,0,7.0,-11.0,F,arrest case no charge,1,0,Grand Theft in the 3rd Degree,7,High,1
Male,Less than 25,Other,0,0,0,0.0,-1.0,F,Burglary Unoccupied Dwelling,1,0,,0,Low,0
Male,25 - 45,Caucasian,0,0,0,0.0,-1.0,F,Lve/Scen/Acc/Veh/Prop/Damage,0,0,,0,Low,0
Male,25 - 45,African-American,0,0,0,0.0,-1.0,F,Tamper With Witness/Victim/CI,0,0,,0,High,0
Male,25 - 45,Caucasian,0,0,0,0.0,-1.0,M,Battery,1,1,Battery,0,Low,1
Female,Less than 25,African-American,0,0,0,5.0,-1.0,F,Neglect Child / No Bodily Harm,0,0,Petit Theft,5,Low,0
Male,Less than 25,Hispanic,0,0,0,2.0,-1.0,F,arrest case no charge,1,0,Grand Theft in the 3rd Degree,2,Medium,1
Female,25 - 45,Hispanic,0,0,0,0.0,0.0,M,Prostitution/Lewd Act Assignation,0,0,,0,Low,0
Male,Less than 25,African-American,0,0,0,1.0,-1.0,M,Prowling/Loitering,1,0,Petit Theft,1,High,1
Male,Greater than 45,Asian,0,0,0,0.0,0.0,M,Battery,0,0,,0,Low,0
Male,Greater than 45,Caucasian,0,0,0,3.0,-1.0,F,Burglary Unoccupied Dwelling,0,0,,3,Low,0
Male,25 - 45,Caucasian,0,0,0,1.0,0.0,F,Possession of Cocaine,0,0,,1,High,0
Male,25 - 45,Caucasian,0,0,0,0.0,-1.0,F,Possession of Cocaine,0,0,,0,Low,0
Male,25 - 45,Hispanic,0,0,0,4.0,0.0,F,Possession of Cannabis,0,0,,4,Low,0
Male,Greater than 45,African-American,0,0,0,11.0,-1.0,F,Grand Theft (Motor Vehicle),0,0,,11,High,1
Male,Less than 25,African-American,0,0,0,1.0,-1.0,F,arrest case no charge,0,0,,1,Medium,0
Male,25 - 45,African-American,0,0,3,18.0,-1.0,F,Grand Theft in the 3rd Degree,1,0,Possess Cannabis/20 Grams Or Less,18,High,1
Male,25 - 45,Caucasian,0,0,0,2.0,-2.0,F,Possession Of Alprazolam,1,0,Grand Theft in the 3rd Degree,2,Low,1
Male,25 - 45,Asian,3,0,0,13.0,-8.0,F,arrest case no charge,1,0,Grand Theft in the 3rd Degree,13,High,1
Male,Greater than 45,Other,0,0,0,0.0,-1.0,F,Attempted Burg/struct/unocc,0,0,,0,Low,0
Male,25 - 45,African-American,0,0,0,1.0,-1.0,F,arrest case no charge,1,0,Grand Theft in the 3rd Degree,1,High,1
Female,25 - 45,Caucasian,0,0,0,1.0,-6.0,F,Burglary Conveyance Unoccup,1,0,Petit Theft,1,Low,1
Male,25 - 45,African-American,0,0,0,0.0,0.0,F,Tampering With Physical Evidence,0,0,,0,Low,0
Female,Less than 25,Hispanic,0,1,1,2.0,-1.0,F,Burglary Conveyance Unoccup,1,0,Grand Theft of the 2nd Degree,2,High,1
Male,Greater than 45,African-American,0,0,0,4.0,0.0,M,Driving Under The Influence,0,0,,4,Medium,0
Female,25 - 45,Hispanic,0,0,0,0.0,-3.0,M,Battery,0,0,,0,Low,0
Female,25 - 45,African-American,0,0,0,0.0,0.0,M,Battery,0,0,Petit Theft,0,Low,0
Male,Greater than 45,Caucasian,0,0,0,0.0,-2.0,F,Felony Battery (Dom Strang),0,0,,0,Low,0
Female,Greater than 45,Hispanic,0,0,0,1.0,-1.0,F,Petit Theft,1,0,Grand Theft in the 3rd Degree,1,Low,1
Male,25 - 45,African-American,1,0,0,8.0,-1.0,M,Felony Batt(Great Bodily Harm),0,0,,8,Medium,0
Male,25 - 45,African-American,2,0,0,6.0,-1.0,F,Felony Battery (Dom Strang),0,0,,6,Medium,0
Male,Less than 25,African-American,0,0,0,1.0,-26.0,F,Grand Theft in the 3rd Degree,1,0,Grand Theft in the 3rd Degree,1,Medium,1
Female,25 - 45,African-American,0,0,0,1.0,-1.0,F,Grand Theft in the 3rd Degree,1,0,Petit Theft,1,Medium,1
Male,25 - 45,African-American,0,0,0,6.0,-1.0,F,Grand Theft in the 3rd Degree,1,0,Grand Theft in the 3rd Degree,6,Medium,1
Male,25 - 45,Caucasian,0,0,0,0.0,0.0,F,Resist Officer w/Violence,0,0,Petit Theft,0,Low,0
Male,25 - 45,African-American,0,1,0,10.0,0.0,F,arrest case no charge,1,0,Grand Theft of the 2nd Degree,10,Medium,1
Male,25 - 45,African-American,0,0,0,7.0,0.0,F,Possession of Cocaine,1,0,Grand Theft in the 3rd Degree,7,Medium,1
Male,25 - 45,Caucasian,0,0,1,1.0,-1.0,F,arrest case no charge,1,0,Resist/Obstruct W/O Violence,1,Medium,1
Male,Greater than 45,Caucasian,0,0,0,17.0,-25.0,F,arrest case no charge,1,0,Grand Theft in the 3rd Degree,17,Medium,1
Male,25 - 45,Caucasian,0,0,0,2.0,-1.0,F,Carrying Concealed Firearm,1,0,Petit Theft,2,Medium,1
Male,25 - 45,African-American,0,0,0,0.0,-1.0,M,DUI/Property Damage/Persnl Inj,1,0,Grand Theft in the 3rd Degree,0,High,1
Male,Greater than 45,African-American,0,0,0,8.0,-1.0,M,Soliciting For Prostitution,1,0,,8,Medium,1
Male,25 - 45,African-American,0,2,0,8.0,-1.0,M,Battery,1,1,Aggravated Battery / Pregnant,8,High,0
Male,25 - 45,African-American,0,0,0,4.0,0.0,M,Battery,1,0,Resist/Obstruct W/O Violence,4,Low,1
Female,25 - 45,Caucasian,0,0,0,7.0,-30.0,F,False Ownership Info/Pawn Item,1,0,Grand Theft in the 3rd Degree,7,Medium,1
Male,25 - 45,African-American,0,0,0,1.0,0.0,F,Tampering With Physical Evidence,0,0,,1,Low,0
Male,25 - 45,Caucasian,0,0,0,1.0,-3.0,M,Possession Of Paraphernalia,0,0,,1,Low,0
Male,25 - 45,African-American,0,1,1,8.0,-1.0,F,arrest case no charge,1,0,Possess Cannabis/20 Grams Or Less,8,High,1
Female,25 - 45,African-American,0,0,0,1.0,-1.0,F,Burglary Conveyance Armed,1,1,Resist/Obstruct W/O Violence,1,High,1
Male,Greater than 45,African-American,0,0,0,6.0,-1.0,F,arrest case no charge,1,0,Grand Theft in the 3rd Degree,6,Low,0
Male,25 - 45,African-American,0,0,0,5.0,0.0,M,Battery,1,0,Grand Theft in the 3rd Degree,5,Medium,1
Female,25 - 45,African-American,0,0,0,1.0,-1.0,F,arrest case no charge,0,0,,1,Low,0
Male,Less than 25,African-American,0,0,0,3.0,-1.0,F,Grand Theft in the 3rd Degree,1,0,Petit Theft,3,Medium,1
Male,Less than 25,Other,0,0,0,0.0,-1.0,F,Possession of Cocaine,1,0,Petit Theft,0,Medium,1
Male,Greater than 45,Caucasian,0,0,0,4.0,-1.0,M,Viol Prot Injunc Repeat Viol,1,0,Petit Theft,4,Low,1
Male,Less than 25,Caucasian,0,0,0,2.0,-1.0,F,False Motor Veh Insurance Card,1,0,Resist/Obstruct W/O Violence,2,Low,1
Male,25 - 45,African-American,0,0,0,6.0,-1.0,M,Battery,1,0,Resist/Obstruct W/O Violence,6,Medium,1
Male,Greater than 45,Caucasian,0,0,1,2.0,-1.0,M,Tampering With Physical Evidence,1,0,Grand Theft in the 3rd Degree,2,Low,1
Male,Greater than 45,Hispanic,0,0,0,0.0,0.0,F,Possession Of Methamphetamine,0,0,Grand Theft in the 3rd Degree,0,Low,0
Male,25 - 45,African-American,0,0,0,1.0,-1.0,F,Poss Pyrrolidinovalerophenone,1,0,,1,Medium,1
Male,25 - 45,Caucasian,0,0,0,4.0,-30.0,F,Possession Of Alprazolam,0,0,,4,High,0
Male,25 - 45,African-American,0,0,0,1.0,-1.0,M,Battery,0,0,,1,Low,0
Male,Greater than 45,African-American,0,0,0,1.0,-1.0,F,arrest case no charge,0,0,,1,Low,0
Male,25 - 45,Other,0,0,0,0.0,0.0,M,Resist Officer w/Violence,0,0,,0,Low,0
Male,Less than 25,African-American,0,0,0,1.0,-1.0,M,Battery,0,0,,1,Medium,0
Male,25 - 45,African-American,0,0,0,7.0,-1.0,F,Burglary Unoccupied Dwelling,1,0,Grand Theft in the 3rd Degree,7,Medium,1
Male,Greater than 45,Caucasian,0,0,0,1.0,0.0,M,Driving Under The Influence,1,0,Petit Theft,1,Low,1
Male,25 - 45,African-American,0,0,0,1.0,-1.0,M,Assault,1,0,Resist/Obstruct W/O Violence,1,Medium,1
Male,25 - 45,Hispanic,0,0,0,0.0,0.0,M,DUI Property Damage/Injury,0,0,,0,Low,0
Male,Greater than 45,African-American,0,0,0,0.0,-1.0,F,Leave Accd/Attend Veh/Less $50,0,0,,0,Low,0
Male,25 - 45,African-American,0,0,0,19.0,0.0,F,arrest case no charge,1,0,Grand Theft in the 3rd Degree,19,High,0
Male,25 - 45,African-American,0,0,0,2.0,0.0,F,Possession of Cocaine,1,1,Battery,2,Low,1
Male,Greater than 45,African-American,0,0,0,1.0,-1.0,M,arrest case no charge,0,0,,1,Low,0
Male,25 - 45,African-American,0,0,0,9.0,-1.0,F,Aggravated Assault W/dead Weap,1,0,Resist/Obstruct W/O Violence,9,High,0
Female,Greater than 45,African-American,0,0,0,4.0,-1.0,F,arrest case no charge,0,0,,4,Low,0
Male,25 - 45,African-American,0,4,0,12.0,0.0,M,arrest case no charge,1,1,Trespass Struct/Convey Occupy,12,High,1
Male,Less than 25,African-American,0,0,0,2.0,-1.0,F,Possession of Cocaine,1,1,Felony Battery w/Prior Convict,2,High,1
Male,25 - 45,African-American,0,0,0,1.0,-1.0,F,Aggravated Battery / Pregnant,1,1,Viol Pretrial Release Dom Viol,1,Low,1
Male,Greater than 45,African-American,0,0,0,4.0,-8.0,F,arrest case no charge,0,0,,4,Low,0
Male,Less than 25,African-American,0,0,0,1.0,0.0,F,Possession Of Alprazolam,1,0,Grand Theft in the 3rd Degree,1,Low,1
Male,25 - 45,African-American,0,0,0,1.0,-1.0,F,False Motor Veh Insurance Card,1,0,,1,Medium,1
Male,25 - 45,African-American,0,0,0,13.0,-1.0,F,Failure To Return Hired Vehicle,0,0,,13,Medium,0
Male,25 - 45,Caucasian,0,0,0,5.0,-1.0,F,Possession Burglary Tools,0,0,,5,Low,0
Male,Less than 25,African-American,0,0,0,0.0,-1.0,M,Battery,1,0,Resist/Obstruct W/O Violence,0,Low,1
Female,25 - 45,Caucasian,0,0,0,0.0,-1.0,F,Abuse Without Great Harm,0,0,,0,Medium,0
Male,Less than 25,African-American,0,0,0,0.0,0.0,M,Battery,0,0,,0,Medium,0
Female,25 - 45,Caucasian,0,0,0,1.0,-1.0,F,Possession of Morphine,0,0,,1,Low,0
Male,Less than 25,African-American,0,0,0,0.0,-1.0,M,Grand Theft in the 3rd Degree,0,0,,0,Medium,1
Male,Less than 25,Caucasian,1,0,0,1.0,14.130110698911949,F,arrest case no charge,1,0,Grand Theft in the 3rd Degree,1,Medium,1
Male,Less than 25,African-American,0,0,0,0.0,-1.0,M,Battery,0,0,,0,High,0
Female,Less than 25,African-American,0,0,0,0.0,-3.0,F,Possession of Cannabis,0,0,,0,Medium,0
Male,25 - 45,Caucasian,0,0,0,5.0,-1.0,F,Possession of Oxycodone,1,1,Viol Pretrial Release Dom Viol,5,High,1
Male,25 - 45,African-American,0,0,0,2.0,-26.0,M,Driving Under The Influence,1,0,,2,Medium,0
Male,25 - 45,Caucasian,0,0,0,2.0,0.0,F,arrest case no charge,1,0,Grand Theft in the 3rd Degree,2,Low,1
Male,Less than 25,Caucasian,0,0,0,0.0,0.0,F,"Poss3,4 Methylenedioxymethcath",0,0,,0,Low,0
Male,25 - 45,African-American,0,0,0,1.0,-1.0,F,Burglary Conveyance Unoccup,0,0,,1,High,0
Male,25 - 45,Hispanic,0,0,0,0.0,-1.0,M,Battery,0,0,,0,Low,0
Male,25 - 45,African-American,0,0,0,3.0,-1.0,M,arrest case no charge,0,0,,3,Low,0
Male,Greater than 45,African-American,0,0,0,9.0,-1.0,F,Pos Cannabis W/Intent Sel/Del,0,0,,9,Low,0
Female,25 - 45,African-American,0,0,0,1.0,-1.0,F,Neglect Child / No Bodily Harm,1,1,Felony Battery w/Prior Convict,1,Medium,1
Female,25 - 45,Hispanic,0,0,0,0.0,-2.0,M,Battery,1,1,Battery,0,Low,1
Male,Less than 25,Caucasian,0,0,0,0.0,-1.0,F,Grand Theft in the 3rd Degree,1,0,Resist/Obstruct W/O Violence,0,High,1
Male,25 - 45,Caucasian,0,0,0,0.0,0.0,M,Driving Under The Influence,0,0,,0,Low,0
Female,25 - 45,Other,0,0,1,1.0,0.0,F,Agg Abuse Elderlly/Disabled Adult,0,0,,1,Low,1
Male,25 - 45,African-American,0,0,0,4.0,-1.0,F,Driving License Suspended,1,0,,4,Low,0
Male,25 - 45,Caucasian,0,0,0,2.0,29.05017109194734,M,Felony Battery (Dom Strang),1,0,Petit Theft,2,Low,1
Male,25 - 45,African-American,0,0,0,0.0,-1.0,M,DUI - Enhanced,0,0,,0,Low,0
Male,25 - 45,Asian,0,0,0,0.0,-1.0,F,Aggravated Assault W/Dead Weap,0,0,,0,Low,0
Male,Greater than 45,African-American,0,0,0,21.000000000000004,-1.0,M,arrest case no charge,1,0,Resist/Obstruct W/O Violence,21,Medium,1
Male,25 - 45,African-American,0,0,0,2.0,0.0,F,Possession of Cocaine,1,0,Petit Theft,2,Medium,1
Female,25 - 45,African-American,0,1,0,7.0,-1.0,F,Burglary Conveyance Unoccup,1,0,Petit Theft,7,High,1
Male,Greater than 45,Caucasian,0,0,0,4.0,0.0,F,Possession of Cocaine,0,0,,4,Low,0
Male,Greater than 45,African-American,0,0,0,3.0,-1.0,F,False Ownership Info/Pawn Item,1,0,,3,Low,1
Male,Less than 25,African-American,0,0,0,2.0,-1.0,F,Pos Cannabis W/Intent Sel/Del,1,0,Petit Theft,2,Medium,1
Male,Greater than 45,Hispanic,0,0,0,1.0,-1.0,F,Grand Theft in the 3rd Degree,1,0,Grand Theft in the 3rd Degree,1,Low,1
Male,Greater than 45,African-American,0,0,0,2.0,-1.0,M,Viol Injunct Domestic Violence,0,0,,2,Low,0
Male,Greater than 45,Caucasian,0,0,0,0.0,-5.0,F,Petit Theft $100- $300,0,0,,0,Low,0
Male,25 - 45,African-American,0,0,0,6.0,-1.0,F,arrest case no charge,1,1,Aggravated Battery / Pregnant,6,Medium,1
Female,Less than 25,African-American,0,0,0,0.0,-1.0,M,Battery,0,0,,0,High,0
Male,25 - 45,African-American,0,0,0,5.0,0.0,F,Possession Of Methamphetamine,1,0,Resist/Obstruct W/O Violence,5,Low,1
Male,Greater than 45,Other,0,0,0,7.0,-1.0,F,Agg Fleeing and Eluding,1,0,Petit Theft,7,Low,1
Female,25 - 45,Hispanic,0,0,0,1.0,-3.0,F,arrest case no charge,0,0,,1,Low,0
Female,Less than 25,Hispanic,0,0,0,0.0,-2.0,M,Battery,0,0,,0,Low,0
Male,25 - 45,African-American,0,0,0,7.0,-1.0,F,Possession of Cocaine,1,0,Petit Theft,7,Low,0
Male,25 - 45,Hispanic,0,0,0,1.0,-1.0,F,Aggravated Battery / Pregnant,0,0,,1,Low,0
Male,Greater than 45,Caucasian,0,0,0,1.0,-2.0,M,Aggravated Assault W/Dead Weap,0,0,,1,Low,0
Male,25 - 45,African-American,0,0,0,0.0,-1.0,F,Grand Theft in the 3rd Degree,0,0,,0,Low,0
Female,Greater than 45,Other,0,0,0,0.0,-1.0,F,Grand Theft in the 3rd Degree,0,0,,0,Low,0
Male,Less than 25,African-American,0,0,0,0.0,-1.0,M,Battery,0,0,,0,Low,0
Male,25 - 45,Other,0,0,0,3.0,-1.0,M,Battery,0,0,,3,Low,0
Male,25 - 45,African-American,0,0,0,4.0,-1.0,F,"Deliver 3,4 Methylenediox",0,0,,4,High,0
Male,Less than 25,African-American,0,0,0,2.0,-1.0,M,Battery,1,0,Grand Theft in the 3rd Degree,2,Medium,1
Male,Less than 25,African-American,0,0,0,4.0,-1.0,F,Grand Theft in the 3rd Degree,1,1,Viol Pretrial Release Dom Viol,4,High,1
Female,25 - 45,Caucasian,0,0,0,6.0,-1.0,M,Petit Theft,1,0,Resist/Obstruct W/O Violence,6,High,1
Male,25 - 45,African-American,0,0,0,1.0,-11.910372076325547,M,arrest case no charge,0,0,,1,Medium,0
Male,25 - 45,African-American,0,0,0,17.0,-1.0,M,arrest case no charge,1,0,Grand Theft in the 3rd Degree,17,Medium,1
Male,Less than 25,African-American,0,0,1,0.0,-1.0,F,Att Burgl Unoccupied Dwel,1,0,Resist/Obstruct W/O Violence,0,High,1
Female,Less than 25,Caucasian,0,0,0,0.0,-1.0,M,Battery,0,0,,0,High,0
Male,Less than 25,African-American,0,0,1,1.0,-1.0,F,arrest case no charge,1,0,Resist/Obstruct W/O Violence,1,High,1
Female,25 - 45,Caucasian,0,0,0,0.0,-1.0,F,Burglary With Assault/battery,0,0,,0,Low,0
Male,25 - 45,African-American,0,0,0,0.0,-1.0,M,Driving License Suspended,0,0,,0,High,0
Female,25 - 45,Hispanic,0,0,0,2.0,-9.899673254799065,F,Viol Injunct Domestic Violence,0,0,,2,Low,0
Male,Less than 25,African-American,0,0,0,0.0,-1.0,F,Robbery / No Weapon,1,0,Resist/Obstruct W/O Violence,0,High,1
Male,Less than 25,African-American,0,0,0,1.0,-1.0,M,Battery,1,0,,1,Medium,1
Male,25 - 45,African-American,0,0,0,0.0,-3.0,F,Stalking (Aggravated),0,0,,0,Low,0
Male,Greater than 45,Caucasian,0,0,0,8.0,-14.0,F,arrest case no charge,0,0,,8,Low,0
Male,25 - 45,African-American,0,0,0,3.0,-1.0,F,Driving While License Revoked,1,0,Grand Theft in the 3rd Degree,3,Medium,1
Male,Greater than 45,Hispanic,0,0,0,1.0,-1.0,M,Assault,0,0,,1,Low,0
Male,25 - 45,Caucasian,0,0,0,2.0,0.0,F,arrest case no charge,0,0,,2,Medium,0
Male,Greater than 45,Caucasian,0,0,0,0.0,-1.0,F,DUI/Property Damage/Persnl Inj,0,0,,0,Low,0
Male,25 - 45,African-American,0,0,0,2.0,0.0,F,Possession of Cocaine,0,0,,2,Medium,0
Male,Less than 25,Caucasian,0,0,1,1.0,0.0,M,Resist/Obstruct W/O Violence,1,0,Grand Theft in the 3rd Degree,1,Medium,1
Male,25 - 45,African-American,0,0,0,0.0,-1.0,M,Tampering With Physical Evidence,1,1,Felony Battery w/Prior Convict,0,Low,0
Male,Greater than 45,Caucasian,0,0,0,9.0,-1.0,F,Possession of Cocaine,1,0,Grand Theft in the 3rd Degree,9,Low,1
Male,Greater than 45,Hispanic,0,0,0,0.0,-3.0,F,Neglect Child / No Bodily Harm,0,0,,0,Low,0
Male,25 - 45,African-American,0,0,0,3.0,-1.0,F,arrest case no charge,1,0,Grand Theft in the 3rd Degree,3,Low,1
Male,25 - 45,African-American,0,0,0,4.0,0.0,F,Fleeing Or Attmp Eluding A Leo,1,0,,4,Low,1
Female,Less than 25,Caucasian,0,0,0,0.0,-1.0,F,Battery,0,0,,0,Medium,0
Female,Less than 25,Caucasian,0,0,0,0.0,-1.0,F,Soliciting For Prostitution,0,0,Petit Theft,0,Medium,0
Male,Greater than 45,African-American,0,0,0,1.0,-1.0,F,arrest case no charge,0,0,,1,Low,0
Male,Greater than 45,African-American,0,0,0,0.0,-1.0,M,Viol Injunction Protect Dom Vi,0,0,,0,Low,0
Male,Less than 25,African-American,0,0,0,0.0,-1.0,M,Assault,1,1,Resist/Obstruct W/O Violence,0,Low,0
Male,25 - 45,African-American,0,0,0,3.0,-4.0,M,arrest case no charge,0,0,,3,Low,0
Male,Less than 25,Caucasian,0,0,0,2.0,-1.0,F,arrest case no charge,0,0,,2,Medium,0
Male,Greater than 45,African-American,0,0,0,9.0,0.0,F,Burglary Structure Unoccup,1,0,Grand Theft in the 3rd Degree,9,Medium,1
Male,25 - 45,Caucasian,0,0,0,13.0,-1.0,F,Possession of Cocaine,1,0,,13,High,1
Male,25 - 45,Caucasian,0,0,0,3.0,-1.0,M,Susp Drivers Lic 1st Offense,1,0,,3,Low,1
Male,25 - 45,African-American,1,7,4,23.0,-1.0,F,Lease For Purpose Trafficking,1,0,Driving License Suspended,23,High,1
Male,25 - 45,Caucasian,0,1,1,4.0,0.0,F,arrest case no charge,1,1,Viol Pretrial Release Dom Viol,4,High,1
Female,25 - 45,Caucasian,0,0,2,14.0,0.0,F,Possession Of Alprazolam,0,0,,14,High,0
Male,25 - 45,Caucasian,0,0,0,1.0,-1.0,F,Criminal Mischief Damage <$200,0,0,,1,Low,0
Male,25 - 45,Hispanic,0,0,0,8.0,29.065121887789388,F,arrest case no charge,1,0,,8,High,1
Male,Greater than 45,Caucasian,0,0,0,3.0,-7.0,F,False Ownership Info/Pawn Item,0,0,,3,Low,0
Male,Less than 25,African-American,0,0,0,1.0,0.0,F,Agg Fleeing and Eluding,0,0,,1,Medium,0
Male,Greater than 45,Caucasian,0,0,0,0.0,-1.0,F,Possession of Cannabis,0,0,,0,Low,0
Male,25 - 45,African-American,0,0,0,0.0,0.0,M,Battery,0,0,,0,Low,0
Male,Greater than 45,African-American,0,0,0,0.0,0.0,M,Viol Injunct Domestic Violence,0,0,,0,Low,0
Male,25 - 45,African-American,0,0,3,12.0,0.0,F,Possession Of Alprazolam,1,1,Mandatory Susp Possess Alcohol,12,Medium,1
Male,Less than 25,African-American,0,2,2,2.0,-1.0,F,Grand Theft in the 3rd Degree,1,0,Grand Theft in the 3rd Degree,2,High,1
Male,Greater than 45,African-American,0,0,0,0.0,0.0,F,Driving While License Revoked,0,0,,0,Medium,0
Male,25 - 45,African-American,0,0,0,6.0,-1.0,M,Battery,1,0,Grand Theft in the 3rd Degree,6,Low,1
Female,Greater than 45,Caucasian,0,0,0,0.0,-1.0,M,Battery,0,0,,0,Medium,0
Male,25 - 45,African-American,0,0,0,5.0,0.0,M,Criminal Mischief Damage <$200,1,0,Petit Theft,5,Low,1
Female,Greater than 45,Caucasian,0,0,0,3.0,-1.0,F,Grand Theft in the 3rd Degree,0,0,,3,Low,0
Male,25 - 45,Caucasian,0,0,0,0.0,0.0,F,Aggravated Assault w/Firearm,0,0,,0,Medium,0
Male,25 - 45,Caucasian,0,0,0,4.0,-1.0,F,Felony Battery (Dom Strang),1,1,Battery,4,Low,1
Male,25 - 45,African-American,0,0,0,0.0,0.0,F,Tampering With Physical Evidence,1,1,Felony Battery w/Prior Convict,0,High,1
Male,25 - 45,African-American,0,0,0,8.0,-1.0,M,Battery,0,0,,8,Medium,0
Male,Less than 25,Caucasian,0,0,0,2.0,-1.0,F,Grand Theft on 65 Yr or Older,1,0,Grand Theft in the 3rd Degree,2,Low,1
Male,Greater than 45,African-American,0,0,0,2.0,-28.0,M,False Motor Veh Insurance Card,1,0,Resist/Obstruct W/O Violence,2,Medium,1
Male,Less than 25,African-American,0,0,0,0.0,0.0,F,Aggravated Assault W/Dead Weap,1,0,Resist/Obstruct W/O Violence,0,Low,1
Male,25 - 45,Caucasian,0,0,0,2.0,-1.0,F,Corrupt Public Servant,1,0,,2,Low,1
Male,Greater than 45,Caucasian,0,0,0,0.0,-1.0,F,Neglect Child / No Bodily Harm,0,0,,0,Low,0
Male,25 - 45,African-American,0,0,0,3.0,-1.0,M,Battery,1,1,Felony Battery w/Prior Convict,3,Low,1
Male,25 - 45,Caucasian,0,0,0,0.0,0.0,M,Susp Drivers Lic 1st Offense,0,0,Petit Theft,0,Low,0
Male,25 - 45,African-American,0,0,0,9.0,-1.0,F,Driving While License Revoked,0,0,,9,Low,0
Male,25 - 45,African-American,0,2,0,19.0,0.0,F,Driving While License Revoked,1,1,Robbery,17,Medium,1
Male,25 - 45,Caucasian,0,0,0,4.0,-1.0,F,Possession Of Methamphetamine,1,0,,4,Low,1
Male,25 - 45,African-American,0,0,0,8.0,0.0,M,Criminal Mischief Damage <$200,1,0,,8,High,0
Male,Less than 25,African-American,0,0,1,1.0,0.0,F,Possession of Cocaine,1,0,,1,Medium,1
Male,25 - 45,African-American,0,0,0,2.0,-1.0,M,Susp Drivers Lic 1st Offense,0,0,,2,Medium,0
Male,Less than 25,Caucasian,0,0,0,5.0,-10.0,F,Poss Pyrrolidinovalerophenone,1,1,Felony Battery (Dom Strang),5,High,1
Male,Less than 25,African-American,0,0,0,6.0,-1.0,F,arrest case no charge,0,0,,6,High,0
Male,Greater than 45,Caucasian,0,0,0,2.0,-3.0,F,Driving License Suspended,0,0,,2,Low,0
Male,25 - 45,African-American,0,0,0,5.0,0.0,F,arrest case no charge,1,0,,5,Medium,1
Female,25 - 45,African-American,0,0,0,0.0,0.0,F,Aggravated Assault W/Dead Weap,0,0,,0,Low,0
Male,Less than 25,Other,0,0,0,5.0,-1.0,M,arrest case no charge,1,0,Grand Theft in the 3rd Degree,5,Medium,1
Male,Less than 25,African-American,0,0,2,1.0,-1.0,M,Battery,0,0,,1,Medium,1
Female,25 - 45,Caucasian,0,0,0,1.0,-1.0,M,Battery,0,0,,1,Low,0
Male,Less than 25,Caucasian,0,0,0,0.0,-1.0,F,Aggravated Assault W/Dead Weap,1,0,Grand Theft in the 3rd Degree,0,Low,1
Male,Less than 25,African-American,0,0,0,0.0,-1.0,F,Possession Burglary Tools,1,0,Grand Theft in the 3rd Degree,0,Low,1
Female,Less than 25,African-American,0,0,0,0.0,0.0,F,Aggravated Assault W/Dead Weap,1,0,Petit Theft,0,Low,1
Female,25 - 45,Caucasian,0,0,0,4.0,-10.0,F,Burglary Dwelling Occupied,1,0,Resist/Obstruct W/O Violence,4,High,1
Male,25 - 45,African-American,0,0,0,6.0,0.0,M,Susp Drivers Lic 1st Offense,0,0,,6,High,0
Male,25 - 45,Caucasian,0,0,0,0.0,0.0,F,Driving While License Revoked,0,0,,0,Low,0
Male,25 - 45,African-American,0,0,0,4.0,-1.0,M,arrest case no charge,0,0,,4,Low,0
Male,Greater than 45,Hispanic,0,0,0,3.0,-1.0,F,Possession of Cocaine,1,0,Resist/Obstruct W/O Violence,3,High,1
Male,25 - 45,Hispanic,0,0,0,1.0,0.0,F,Felony/Driving Under Influence,0,0,,1,Low,0
Male,25 - 45,Other,0,0,0,0.0,0.0,M,Petit Theft,0,0,,0,Low,0
Male,25 - 45,African-American,0,0,0,3.0,-1.0,M,Possession Of Fentanyl,1,0,,3,Medium,1
Male,25 - 45,Caucasian,0,0,0,0.0,-1.0,M,DUI Property Damage/Injury,0,0,,0,Low,0
Female,25 - 45,Caucasian,0,0,0,5.0,-3.0,F,Possession Of Alprazolam,0,0,,5,Medium,0
Male,25 - 45,Caucasian,0,0,0,4.0,0.0,F,Felony Battery w/Prior Convict,1,0,Petit Theft,4,High,1
Male,Less than 25,African-American,0,0,0,0.0,-1.0,F,Dealing in Stolen Property,0,0,,0,Medium,0
Female,25 - 45,Caucasian,0,0,0,3.0,-1.0,F,Felony Battery (Dom Strang),1,0,Petit Theft,3,Low,1
Male,Greater than 45,African-American,0,0,0,0.0,-1.0,F,Poss Wep Conv Felon,1,0,Resist/Obstruct W/O Violence,0,Low,1
Male,25 - 45,African-American,0,0,0,1.0,0.0,F,"Poss 3,4 MDMA (Ecstasy)",1,0,Grand Theft in the 3rd Degree,1,Low,1
Male,25 - 45,African-American,0,0,0,6.0,-1.0,M,Battery,1,0,Grand Theft in the 3rd Degree,6,Medium,1
Male,25 - 45,African-American,0,0,0,0.0,-1.0,M,Carry Open/Uncov Bev In Pub,1,0,,0,Low,1
Male,Greater than 45,Caucasian,0,0,0,1.0,-22.0,M,Petit Theft,0,0,,1,Low,0
Male,25 - 45,Caucasian,0,0,0,0.0,-1.0,M,Battery,0,0,,0,Low,0
Female,25 - 45,Hispanic,0,0,0,0.0,-1.0,F,Grand Theft in the 3rd Degree,0,0,,0,Low,0
Male,Greater than 45,African-American,0,0,0,1.0,-3.0,F,Battery on Law Enforc Officer,1,0,Resist/Obstruct W/O Violence,1,Low,0
Male,25 - 45,African-American,1,0,0,7.0,-1.0,F,Poss of Cocaine W/I/D/S 1000FT Park,1,0,,7,Medium,0
Male,25 - 45,African-American,0,0,0,4.0,-1.0,F,Burglary Dwelling Occupied,0,0,,4,Medium,0
Male,Greater than 45,Hispanic,0,0,0,0.0,-1.0,M,Resist Officer w/Violence,1,0,Petit Theft,0,Low,1
Male,25 - 45,African-American,0,0,0,3.0,-1.0,F,arrest case no charge,0,0,,3,Low,0
Male,25 - 45,Caucasian,0,0,0,2.0,-1.0,F,Possession of Cocaine,0,0,,2,Low,1
Male,Greater than 45,African-American,0,0,0,2.0,-1.0,F,Carrying Concealed Firearm,0,0,,2,Low,0
Male,25 - 45,African-American,0,1,0,9.0,-16.582497337006824,F,arrest case no charge,0,0,,9,Medium,1
Male,Less than 25,African-American,0,0,0,6.0,0.0,F,Possession of Cocaine,1,1,Battery,6,Medium,1
Male,25 - 45,African-American,0,0,0,6.0,0.0,F,Possession Of Paraphernalia,0,0,,6,Low,0
Male,25 - 45,Caucasian,0,0,0,0.0,0.0,M,Battery,1,1,Battery,0,Medium,1
Male,25 - 45,African-American,0,0,0,6.0,-1.0,M,Battery,0,0,,6,Low,0
Male,25 - 45,African-American,0,0,0,10.0,0.0,F,Possession of Cocaine,1,0,Grand Theft in the 3rd Degree,10,High,1
Male,25 - 45,African-American,0,0,0,5.0,-1.0,F,Criminal Mischief Damage <$200,1,0,Grand Theft in the 3rd Degree,5,Medium,0
Male,Less than 25,African-American,0,0,1,1.0,-1.0,M,Expired DL More Than 6 Months,1,0,Resist/Obstruct W/O Violence,1,Low,1
Male,Greater than 45,Caucasian,0,0,0,5.0,-1.0,M,Prowling/Loitering,0,0,Grand Theft in the 3rd Degree,5,Low,0
Male,25 - 45,Caucasian,0,0,0,17.0,-1.0,F,Felony Petit Theft,0,0,,17,High,0
Male,25 - 45,African-American,0,0,0,5.0,0.0,M,arrest case no charge,0,0,,5,Medium,0
Male,25 - 45,African-American,0,0,0,4.0,0.0,M,Grand Theft on 65 Yr or Older,1,0,Grand Theft in the 3rd Degree,4,Medium,1
Female,25 - 45,African-American,0,0,0,0.0,0.0,F,Tampering With Physical Evidence,0,0,,0,Low,0
Male,25 - 45,Caucasian,0,0,0,0.0,-1.0,M,Battery,0,0,,0,Low,0
Male,Less than 25,African-American,0,0,0,1.0,-1.0,F,Possession of Cocaine,1,1,Aggravated Battery / Pregnant,1,High,1
Male,25 - 45,Caucasian,0,0,0,0.0,0.0,M,Driving Under The Influence,0,0,,0,Low,0
Male,Less than 25,Hispanic,0,0,0,0.0,-1.0,M,Neglect Child / No Bodily Harm,0,0,,0,Low,0
Male,Less than 25,African-American,0,0,0,2.0,-1.0,F,Grand Theft in the 3rd Degree,1,0,Petit Theft,2,Medium,1
Female,25 - 45,Caucasian,0,1,0,3.0,0.0,F,Aggrav Battery w/Deadly Weapon,0,0,,3,Low,0
Male,25 - 45,African-American,0,0,0,9.0,0.0,M,Deliver Cocaine,1,0,Grand Theft in the 3rd Degree,9,Medium,1
Male,Greater than 45,African-American,0,0,0,1.0,-1.0,M,Criminal Mischief Damage <$200,0,0,,1,Low,0
Male,Greater than 45,Caucasian,0,0,0,1.0,-1.0,F,Possession of Cocaine,1,0,Grand Theft in the 3rd Degree,1,Low,1
Male,Greater than 45,Caucasian,0,0,0,4.0,0.0,M,arrest case no charge,1,1,Viol Pretrial Release Dom Viol,4,Medium,1
Female,25 - 45,Hispanic,0,0,0,0.0,0.0,M,Battery,0,0,,0,Low,0
Male,25 - 45,African-American,0,0,0,11.0,-1.0,M,Battery,1,1,Battery,11,Medium,1
Male,Greater than 45,Other,0,0,0,0.0,-1.0,F,Aggravated Battery / Pregnant,0,0,,0,Low,0
Male,Less than 25,Caucasian,0,0,0,0.0,-1.0,M,Driving License Suspended,1,0,Petit Theft,0,Medium,1
Male,25 - 45,African-American,0,0,0,15.0,-1.0,F,arrest case no charge,0,0,,15,Medium,0
Male,Greater than 45,African-American,0,0,0,1.0,0.0,M,Battery,1,1,Battery,1,Low,1
Female,25 - 45,African-American,0,0,0,6.0,0.0,F,Grand Theft in the 3rd Degree,0,0,,6,Medium,0
Female,Less than 25,Caucasian,0,0,0,2.0,-2.0,F,Possession of Cocaine,1,0,Resist/Obstruct W/O Violence,2,High,1
Female,Greater than 45,Caucasian,0,0,0,1.0,-20.552193045351565,F,arrest case no charge,1,0,Grand Theft in the 3rd Degree,1,Low,1
Male,25 - 45,African-American,0,0,0,0.0,-1.0,F,Driving While License Revoked,0,0,,0,High,0
Male,Less than 25,African-American,0,0,0,0.0,-1.0,F,Att Burgl Unoccupied Dwel,0,0,,0,High,0
Male,25 - 45,African-American,0,0,0,8.0,-1.0,M,Battery,1,0,,8,Medium,1
Female,25 - 45,African-American,0,0,0,11.0,-1.0,F,Possession of Cocaine,0,0,,11,High,0
Male,25 - 45,Caucasian,0,0,0,0.0,-1.0,F,Battery,0,0,,0,Low,0
Female,25 - 45,Caucasian,0,0,0,7.0,-1.0,F,Felony Petit Theft,1,0,Grand Theft in the 3rd Degree,7,Medium,1
Male,Greater than 45,African-American,0,0,0,30.549735857632104,-22.0,F,Possession of Cocaine,1,0,,30,Medium,1
Male,Greater than 45,African-American,0,0,0,23.0,-1.0,M,Poss of Cocaine W/I/D/S 1000FT Park,0,0,Grand Theft in the 3rd Degree,23,High,1
Male,25 - 45,Hispanic,0,0,0,0.0,0.0,F,Felony/Driving Under Influence,0,0,,0,Medium,0
Male,Less than 25,African-American,0,0,1,1.0,-1.0,M,Aggravated Battery / Pregnant,1,0,Grand Theft in the 3rd Degree,1,High,1
Male,25 - 45,African-American,0,0,0,3.0,-1.0,F,Felony Battery (Dom Strang),0,0,,3,Medium,0
Male,25 - 45,Hispanic,0,0,0,1.0,-1.0,M,Battery,0,0,,1,Low,0
Male,Greater than 45,Caucasian,0,0,0,1.0,-1.0,F,Burglary Dwelling Occupied,1,0,,1,Low,1
Male,25 - 45,Caucasian,0,0,0,0.0,-1.0,M,Petit Theft,1,0,Petit Theft,0,High,1
Male,25 - 45,African-American,0,0,0,4.0,-1.0,F,arrest case no charge,1,0,,4,High,1
Male,Greater than 45,African-American,0,0,0,2.0,-1.0,M,Battery,0,0,,2,Low,0
Male,25 - 45,African-American,0,0,1,8.0,-1.0,F,Uttering a Forged Instrument,0,0,,8,High,0
Female,Less than 25,Hispanic,0,0,0,1.0,0.0,M,Operating W/O Valid License,1,0,Petit Theft,1,Low,0
Female,25 - 45,African-American,0,0,0,5.0,-1.0,F,Viol Pretrial Release Dom Viol,0,0,,5,High,0
Male,25 - 45,African-American,0,1,0,6.0,-1.0,M,arrest case no charge,1,1,Battery,6,Low,1
Male,Less than 25,African-American,0,0,0,1.0,0.0,M,Battery,1,0,Resist/Obstruct W/O Violence,1,Low,1
Male,25 - 45,Caucasian,0,0,0,0.0,0.0,M,DUI Property Damage/Injury,0,0,,0,Low,0
Female,25 - 45,African-American,0,0,0,4.0,-5.0,F,Poss Pyrrolidinovalerophenone,0,0,,4,Low,0
Male,25 - 45,African-American,0,0,1,9.0,-1.0,F,arrest case no charge,1,1,Resist/Obstruct W/O Violence,8,High,1
Male,25 - 45,Caucasian,0,0,0,0.0,0.0,F,Possession of Cocaine,0,0,,0,Low,0
Male,25 - 45,Caucasian,0,0,0,11.0,-1.0,F,Tampering With Physical Evidence,1,0,Resist/Obstruct W/O Violence,11,Medium,1
Male,25 - 45,Asian,0,0,0,2.0,0.0,F,Aggravated Assault W/Dead Weap,0,0,,2,Low,0
Male,Greater than 45,Caucasian,0,0,0,1.0,-11.955600891973496,F,arrest case no charge,0,0,,1,Low,0
Male,25 - 45,African-American,0,0,0,8.0,-1.0,F,Agg Fleeing and Eluding,1,0,Petit Theft,8,Medium,1
Male,Greater than 45,Caucasian,0,0,0,1.0,-1.0,F,Dealing in Stolen Property,0,0,,1,Low,0
Male,25 - 45,African-American,0,0,0,0.0,-1.0,F,Grand Theft (Motor Vehicle),0,0,,0,Low,0
Male,Less than 25,Caucasian,0,0,0,3.0,0.0,F,Possession of Cocaine,1,0,,3,Medium,1
Male,Less than 25,Caucasian,0,0,0,0.0,0.0,F,Poss Pyrrolidinovalerophenone,1,1,Felony Battery w/Prior Convict,0,Medium,1
Male,Less than 25,African-American,0,0,1,0.0,0.0,F,Possession Burglary Tools,1,0,Resist/Obstruct W/O Violence,0,High,1
Male,Less than 25,Caucasian,0,0,0,0.0,-1.0,F,Possession of Cocaine,0,0,,0,Low,0
Male,25 - 45,African-American,2,0,0,6.0,-1.0,F,Resist Officer w/Violence,1,1,Felony Battery w/Prior Convict,6,High,1
Male,25 - 45,African-American,0,0,0,10.0,-1.0,F,Driving While License Revoked,1,0,Petit Theft,10,High,1
Male,25 - 45,Caucasian,0,0,0,0.0,0.0,F,Grand Theft in the 3rd Degree,0,0,,0,Low,0
Male,25 - 45,Caucasian,0,0,0,1.0,-1.0,M,Battery,1,0,,1,Low,0
Male,Less than 25,African-American,0,0,0,5.0,-1.0,F,Possession Burglary Tools,1,0,Resist/Obstruct W/O Violence,5,Low,1
Male,Greater than 45,Caucasian,0,0,0,4.0,-1.0,M,arrest case no charge,1,0,Resist/Obstruct W/O Violence,4,Low,1
Male,25 - 45,Caucasian,0,0,0,1.0,-1.0,M,Possession Of Alprazolam,0,0,,1,High,0
Female,Greater than 45,African-American,0,0,0,5.0,-1.0,F,Attempted Robbery  No Weapon,0,0,,5,Medium,0
Male,25 - 45,Caucasian,0,0,0,2.0,-1.0,F,arrest case no charge,0,0,,2,Low,0
Male,Less than 25,Other,0,0,0,0.0,-1.0,M,Prowling/Loitering,0,0,,0,Medium,0
Male,25 - 45,African-American,0,0,0,0.0,-1.0,M,Resist/Obstruct W/O Violence,1,0,Resist/Obstruct W/O Violence,0,Low,1
Male,Less than 25,African-American,0,5,0,14.0,-1.0,F,Grand Theft (Motor Vehicle),1,1,Armed Carjacking,14,High,1
Male,25 - 45,Hispanic,0,0,1,3.0,-1.0,F,Felony Battery (Dom Strang),1,0,Petit Theft,3,High,1
Male,25 - 45,Caucasian,0,0,0,0.0,-1.0,F,arrest case no charge,0,0,,0,Low,0
Male,25 - 45,Caucasian,0,0,0,2.0,-1.0,F,Possession Burglary Tools,0,0,,2,Low,0
Male,25 - 45,African-American,0,1,0,6.0,-1.0,F,Poss Pyrrolidinovalerophenone,1,1,Resist/Obstruct W/O Violence,6,High,1
Male,Less than 25,African-American,0,1,0,2.0,-1.0,F,arrest case no charge,1,0,Petit Theft,2,Medium,1
Male,25 - 45,African-American,0,0,0,1.0,-23.0,F,Burglary Structure Unoccup,1,0,Petit Theft,1,Low,1
Male,Greater than 45,Caucasian,0,0,0,1.0,-1.0,F,Aggravated Assault W/Dead Weap,1,1,Battery,1,Low,1
Female,25 - 45,African-American,0,0,0,13.0,0.0,F,Aggravated Assault W/dead Weap,0,0,,13,High,0
Male,25 - 45,Caucasian,2,0,0,16.0,-1.0,M,Driving Under The Influence,0,0,,16,Medium,0
Male,25 - 45,African-American,0,0,0,10.0,-1.0,F,Uttering a Forged Instrument,1,0,Petit Theft,10,Medium,1
Male,25 - 45,Caucasian,0,0,0,1.0,-1.0,F,Possession of Cocaine,0,0,,1,High,0
Female,25 - 45,Caucasian,0,0,0,6.0,-1.0,F,Grand Theft in the 3rd Degree,1,0,Petit Theft,6,Low,1
Male,25 - 45,Caucasian,0,0,0,0.0,-7.0,F,Grand Theft in the 3rd Degree,0,0,Petit Theft,0,Low,0
Male,Less than 25,African-American,0,0,0,3.0,-1.0,F,arrest case no charge,1,0,,3,High,1
Male,Less than 25,Caucasian,0,0,1,1.0,-1.0,F,arrest case no charge,0,0,,1,Medium,0
Male,25 - 45,African-American,0,0,0,16.0,-2.0,F,Driving While License Revoked,1,0,Resist/Obstruct W/O Violence,16,High,1
Male,25 - 45,African-American,0,0,0,1.0,-8.0,F,Resist Officer w/Violence,1,0,Resist/Obstruct W/O Violence,1,Low,1
Male,Less than 25,African-American,0,0,0,0.0,-1.0,F,Battery on Law Enforc Officer,0,0,,0,Low,0
Male,Less than 25,African-American,0,0,2,0.0,-1.0,F,Tampering With Physical Evidence,1,1,Agg Battery Grt/Bod/Harm,0,Low,0
Male,25 - 45,Caucasian,0,0,0,0.0,-1.0,M,DUI Property Damage/Injury,0,0,,0,Low,0
Male,Less than 25,Caucasian,0,0,0,0.0,0.0,F,"Deliver 3,4 Methylenediox",0,0,,0,High,0
Male,25 - 45,Native American,1,3,0,24.05212777015902,-1.0,F,Driving While License Revoked,1,1,Resist Officer w/Violence,24,Medium,1
Male,Greater than 45,Caucasian,0,0,0,10.0,-1.0,F,Burglary Conveyance Unoccup,0,0,,10,Medium,0
Female,25 - 45,Caucasian,0,0,0,0.0,-1.0,M,Battery,0,0,Petit Theft,0,Medium,0
Male,Greater than 45,African-American,0,0,0,0.0,0.0,M,Battery,0,0,,0,Low,0
Male,25 - 45,African-American,0,0,0,5.0,-1.0,F,Pos Cannabis W/Intent Sel/Del,1,0,Resist/Obstruct W/O Violence,5,High,1
Male,25 - 45,African-American,0,0,0,1.0,-18.0,F,Possession of Cocaine,1,0,Resist/Obstruct W/O Violence,1,Low,1
Male,Less than 25,Caucasian,0,0,0,0.0,-1.0,F,Burglary Unoccupied Dwelling,0,0,,0,Low,0
Male,Greater than 45,African-American,0,0,0,1.0,-1.0,F,Possession of Cocaine,0,0,,1,Low,1
Male,Less than 25,African-American,0,0,0,1.0,-1.0,M,Lve/Scen/Acc/Veh/Prop/Damage,1,0,,1,Medium,1
Male,25 - 45,Hispanic,0,0,0,0.0,-1.0,F,Tamper With Witness/Victim/CI,1,1,Agg Battery Grt/Bod/Harm,0,Low,1
Female,Greater than 45,African-American,0,0,0,0.0,-1.0,M,Battery,0,0,,0,Low,0
Male,25 - 45,Caucasian,0,0,0,10.0,0.0,M,Battery,0,0,,10,Low,0
Male,25 - 45,African-American,0,0,0,17.0,-1.0,F,Possession of Cocaine,1,0,Grand Theft in the 3rd Degree,17,High,1
Male,Greater than 45,Caucasian,0,0,0,3.0,-1.0,F,arrest case no charge,0,0,,3,Low,0
Male,Less than 25,African-American,0,0,0,1.0,0.0,F,Burglary Unoccupied Dwelling,1,0,Petit Theft,1,Medium,1
Male,25 - 45,Caucasian,0,0,0,0.0,-1.0,F,Grand Theft in the 3rd Degree,0,0,,0,Low,0
Male,Greater than 45,Caucasian,0,0,0,2.0,-3.0,F,Tamper With Witness/Victim/CI,0,0,,2,Low,0
Male,25 - 45,African-American,0,0,0,1.0,-1.0,F,Deliver Cocaine,1,1,Viol Pretrial Release Dom Viol,1,Medium,1
Male,25 - 45,Caucasian,0,0,0,12.0,0.0,M,Carry Open/Uncov Bev In Pub,0,0,Grand Theft in the 3rd Degree,12,Medium,1
Male,25 - 45,Hispanic,0,0,0,2.0,-1.0,F,"Poss3,4 Methylenedioxymethcath",0,0,,2,Low,0
Female,25 - 45,Caucasian,0,0,0,1.0,-1.0,M,Battery,1,0,,1,Low,1
Male,Greater than 45,Caucasian,0,0,0,11.0,-13.394358474845806,F,Possession of Cocaine,1,0,Grand Theft in the 3rd Degree,11,Low,1
Male,25 - 45,African-American,0,0,0,7.0,-1.0,F,arrest case no charge,1,0,Grand Theft in the 3rd Degree,7,Medium,1
Female,Greater than 45,African-American,0,0,0,0.0,-1.0,F,Felony Battery w/Prior Convict,0,0,,0,Low,1
Male,Less than 25,African-American,0,0,0,0.0,-1.0,M,Battery,0,0,,0,Low,0
Male,25 - 45,African-American,0,0,0,0.0,-1.0,F,arrest case no charge,0,0,,0,Low,1
Female,25 - 45,Caucasian,0,0,0,0.0,0.0,M,Grand Theft (Motor Vehicle),0,0,,0,Low,1
Male,25 - 45,Caucasian,0,0,0,1.0,-1.0,M,DUI Property Damage/Injury,0,0,,1,Low,0
Female,Greater than 45,Caucasian,0,0,0,2.0,-3.0,F,arrest case no charge,0,0,,2,Low,0
Male,25 - 45,African-American,0,0,0,15.0,-1.0,F,Possession of Cocaine,0,0,,15,High,0
Male,25 - 45,African-American,0,0,0,13.0,-1.0,M,Burglary Conveyance Armed,1,1,Battery,13,High,1
Male,Greater than 45,Caucasian,0,0,0,0.0,-1.0,F,Grand Theft in the 3rd Degree,1,0,Resist/Obstruct W/O Violence,0,Low,1
Female,Less than 25,African-American,0,1,0,1.0,-1.0,F,DUI/Property Damage/Persnl Inj,1,0,Petit Theft,1,Medium,1
Male,Greater than 45,Other,0,0,0,1.0,-25.0,M,Battery,0,0,,1,Low,0
Male,Greater than 45,Caucasian,0,0,0,2.0,0.0,F,Driving While License Revoked,0,0,,2,Low,0
Male,25 - 45,Hispanic,0,0,0,2.0,0.0,M,Operating W/O Valid License,1,0,,2,Low,0
Male,25 - 45,Caucasian,0,0,0,1.0,-1.0,M,False Ownership Info/Pawn Item,1,0,Petit Theft,1,Low,1
Male,25 - 45,African-American,0,0,1,1.0,-1.0,M,Battery,1,0,,1,Medium,1
Male,Greater than 45,Caucasian,0,0,0,0.0,-1.0,F,Grand Theft in the 3rd Degree,0,0,,0,Medium,0
Male,25 - 45,Caucasian,0,0,0,6.0,-1.0,F,Possession of Cocaine,1,0,Grand Theft in the 3rd Degree,6,Low,1
Female,25 - 45,Other,0,0,0,1.0,-1.0,M,Battery,0,0,,1,Medium,0
Female,Less than 25,Caucasian,0,0,0,0.0,-1.0,F,Poss Pyrrolidinovalerophenone,1,0,Resist/Obstruct W/O Violence,0,High,1
Male,Less than 25,African-American,0,0,0,1.0,-1.0,F,Pos Cannabis W/Intent Sel/Del,1,0,Resist/Obstruct W/O Violence,1,High,1
Male,25 - 45,Caucasian,0,0,0,1.0,-1.0,F,Possession of Cocaine,1,0,Petit Theft,1,Low,1
Male,25 - 45,African-American,0,0,0,0.0,-1.0,F,DUI - Enhanced,1,0,Petit Theft,0,Low,1
Male,25 - 45,Caucasian,0,0,0,6.0,-4.0,F,Possession Of Alprazolam,0,0,,6,Low,0
Female,Greater than 45,Caucasian,0,0,0,4.0,-1.0,M,Battery,0,0,,4,Low,0
Male,25 - 45,Caucasian,0,0,0,1.0,-1.0,F,Possession Of Fentanyl,0,0,,1,High,0
Female,25 - 45,Caucasian,0,0,0,8.0,-1.0,F,Poss Pyrrolidinovalerophenone,1,0,Grand Theft in the 3rd Degree,8,Medium,1
Male,Less than 25,African-American,0,0,1,0.0,-1.0,F,Possession of Cocaine,1,1,Resist/Obstruct W/O Violence,0,High,1
Female,Less than 25,Other,0,0,0,2.0,-1.0,F,Possession Of Methamphetamine,1,1,Aggravated Battery / Pregnant,2,Low,1
Male,25 - 45,African-American,0,0,0,0.0,0.0,M,Assault,0,0,,0,Low,0
Female,25 - 45,African-American,0,0,0,0.0,-1.0,F,Grand Theft (Motor Vehicle),0,0,,0,Low,0
Male,25 - 45,African-American,0,0,0,1.0,-1.0,M,Battery,0,0,,1,Low,0
Male,25 - 45,African-American,0,0,0,1.0,-1.0,M,Criminal Mischief Damage <$200,0,0,,1,Low,0
Male,25 - 45,African-American,0,0,0,0.0,-1.0,F,Aggravated Battery / Pregnant,1,0,Grand Theft in the 3rd Degree,0,Low,1
Male,Less than 25,Hispanic,0,0,0,1.0,-1.0,F,Burglary Structure Unoccup,0,0,,1,Low,0
Female,Greater than 45,Caucasian,0,0,0,0.0,-1.0,M,Lve/Scen/Acc/Veh/Prop/Damage,0,0,,0,Low,0
Female,25 - 45,Caucasian,0,0,0,0.0,-1.0,M,Battery,0,0,,0,Low,0
Male,Less than 25,African-American,0,0,0,3.0,0.0,F,Viol Injunct Domestic Violence,0,0,,3,Medium,0
Male,25 - 45,African-American,2,0,0,13.0,-1.0,F,Possession of Cocaine,0,0,,13,High,0
Male,25 - 45,African-American,0,0,0,2.0,-11.737180000032634,F,arrest case no charge,1,0,Resist/Obstruct W/O Violence,2,Low,1
Female,25 - 45,Caucasian,0,0,0,1.0,0.0,M,Battery,1,0,,1,Medium,1
Male,25 - 45,African-American,0,0,0,7.0,-1.0,F,Driving While License Revoked,0,0,,7,Medium,0
Male,25 - 45,African-American,0,0,0,9.0,-1.0,F,Driving While License Revoked,1,1,Battery,9,Medium,1
Male,Greater than 45,Caucasian,0,0,0,0.0,0.0,M,Prostitution/Lewd Act Assignation,0,0,Petit Theft,0,Low,0
Female,25 - 45,African-American,0,0,0,3.0,-1.0,F,arrest case no charge,0,0,,3,Low,0
Male,25 - 45,Other,0,0,0,8.0,-7.946397891112785,F,Possession of Morphine,1,0,Grand Theft in the 3rd Degree,8,Low,1
Male,25 - 45,Caucasian,0,0,0,2.0,-3.0,M,arrest case no charge,0,0,,2,Low,0
Male,Greater than 45,African-American,0,0,0,0.0,-4.0,F,Possession of Cocaine,0,0,,0,Low,0
Male,Greater than 45,Hispanic,0,0,0,1.0,-1.0,F,Driving While License Revoked,0,0,,1,Low,0
Male,Less than 25,Caucasian,0,1,1,2.0,-1.0,F,Possession Of Alprazolam,1,0,Grand Theft of the 2nd Degree,2,High,1
Male,25 - 45,Other,0,0,0,1.0,-1.0,M,Aggrav Battery w/Deadly Weapon,1,0,Petit Theft,1,Low,1
Male,25 - 45,African-American,0,0,0,4.0,-1.0,F,Grand Theft Firearm,1,1,Viol Pretrial Release Dom Viol,4,Medium,1
Male,25 - 45,Other,0,0,0,3.0,-1.0,M,Battery,1,1,Aggravated Battery / Pregnant,3,Low,1
Female,25 - 45,African-American,0,0,0,0.0,-1.0,M,Battery,0,0,,0,Low,0
Male,25 - 45,Caucasian,0,0,0,11.0,-1.0,F,Felony Petit Theft,1,0,,11,Low,0
Male,Greater than 45,Other,0,0,0,1.0,-1.0,F,arrest case no charge,0,0,,1,Low,0
Male,25 - 45,Other,0,0,0,0.0,-1.0,F,False Imprisonment,0,0,,0,Low,0
Male,25 - 45,Other,0,0,0,0.0,-1.0,M,Battery,0,0,,0,Low,0
Male,Greater than 45,Caucasian,0,0,0,7.0,-1.0,F,Possession of Cocaine,1,0,Petit Theft,7,Medium,1
Male,Greater than 45,African-American,0,0,0,8.0,-1.0,F,Possession of Cocaine,1,0,Resist/Obstruct W/O Violence,8,Medium,1
Male,25 - 45,Caucasian,0,0,0,2.0,-1.0,F,Grand Theft in the 3rd Degree,0,0,,2,Medium,0
Male,Greater than 45,Caucasian,0,0,0,2.0,-13.87892773398978,F,arrest case no charge,0,0,Petit Theft,2,Low,0
Male,Less than 25,Hispanic,0,0,0,0.0,-1.0,F,"Poss3,4 Methylenedioxymethcath",0,0,,0,Low,0
Female,25 - 45,African-American,0,0,0,0.0,-1.0,F,Grand Theft on 65 Yr or Older,0,0,,0,Low,0
Female,25 - 45,African-American,0,0,0,0.0,0.0,M,Battery,0,0,,0,Low,0
Male,Greater than 45,Hispanic,0,0,0,9.0,-1.0,F,Felony Petit Theft,1,0,Petit Theft,9,High,1
Male,25 - 45,Other,0,0,0,1.0,-1.0,F,Neglect Child / No Bodily Harm,0,0,,1,Low,0
Male,Less than 25,African-American,0,0,0,0.0,0.0,F,Operating W/O Valid License,0,0,,0,High,0
Male,Greater than 45,Other,0,0,0,0.0,-1.0,M,Battery,0,0,,0,Low,0
Male,25 - 45,African-American,0,0,0,0.0,-1.0,M,Driving Under The Influence,0,0,,0,Low,0
Male,Less than 25,Caucasian,0,0,0,0.0,-1.0,F,Pos Cannabis W/Intent Sel/Del,0,0,,0,Low,0
Male,Greater than 45,African-American,0,0,0,0.0,-1.0,F,False Imprisonment,0,0,,0,Low,0
Male,Greater than 45,African-American,0,0,0,1.0,-1.0,F,Tampering With Physical Evidence,0,0,,1,Low,0
Male,Greater than 45,African-American,0,0,0,11.0,-1.0,F,Possession of Cocaine,0,0,,11,Medium,0
Male,25 - 45,African-American,0,0,0,4.0,-1.0,F,arrest case no charge,0,0,,4,Low,0
Male,Greater than 45,African-American,0,0,0,4.0,-1.0,F,Grand Theft Firearm,1,0,Grand Theft in the 3rd Degree,4,Low,1
Male,25 - 45,Caucasian,0,0,0,15.0,-1.0,F,arrest case no charge,0,0,,15,High,0
Male,25 - 45,Caucasian,0,0,0,10.0,-1.0,F,Felony Petit Theft,1,0,Petit Theft,10,Medium,1
Male,Less than 25,African-American,0,0,0,0.0,-1.0,F,Felony Battery (Dom Strang),0,0,,0,High,0
Male,Less than 25,African-American,0,1,0,2.0,-24.0,M,Battery,1,0,Resist/Obstruct W/O Violence,2,High,1
Female,25 - 45,Caucasian,0,0,0,0.0,-1.0,F,Grand Theft in the 3rd Degree,1,0,,0,High,1
Male,25 - 45,African-American,0,0,1,6.0,-1.0,M,Battery,1,1,Felony Battery (Dom Strang),6,Medium,1
Male,25 - 45,African-American,0,0,0,6.0,-22.0,F,arrest case no charge,1,0,Petit Theft,6,Medium,1
Male,25 - 45,Caucasian,0,0,0,0.0,-1.0,M,Battery,0,0,,0,Low,0
Male,25 - 45,Hispanic,0,0,0,2.0,0.0,M,Viol Injunct Domestic Violence,1,0,Petit Theft,2,Low,1
Male,25 - 45,African-American,0,0,0,0.0,-1.0,F,Grand Theft in the 3rd Degree,0,0,,0,Medium,0
Female,Less than 25,Caucasian,0,0,0,0.0,-1.0,F,Neglect Child / No Bodily Harm,0,0,,0,Medium,0
Male,25 - 45,African-American,0,0,0,0.0,-1.0,M,Battery,1,0,Petit Theft,0,Low,1
Male,25 - 45,Caucasian,0,0,1,7.0,-1.0,M,Battery,1,1,Viol Pretrial Release Dom Viol,7,Medium,1
Female,Greater than 45,African-American,0,0,0,1.0,0.0,F,Possession of Cannabis,0,0,,1,Low,0
Female,25 - 45,Caucasian,0,0,0,0.0,-1.0,F,Possession Of Amphetamine,0,0,,0,Low,0
Male,Less than 25,Caucasian,0,0,0,1.0,-2.0,F,Burglary Conveyance Unoccup,1,0,Grand Theft in the 3rd Degree,1,Low,0
Male,25 - 45,Caucasian,0,0,0,3.0,-1.0,M,arrest case no charge,1,0,Grand Theft in the 3rd Degree,3,Low,1
Male,25 - 45,African-American,0,0,0,2.0,-1.0,M,Battery,0,0,,2,Low,0
Male,25 - 45,Caucasian,0,0,0,6.0,-25.0,F,Robbery / No Weapon,0,0,,6,Low,0
Male,Less than 25,African-American,0,0,0,0.0,-1.0,F,Pos Cannabis W/Intent Sel/Del,0,0,,0,Low,0
Male,25 - 45,African-American,0,0,0,6.0,0.0,F,Burglary With Assault/battery,1,0,,6,High,1
Male,Less than 25,African-American,0,0,0,0.0,0.0,F,Grand Theft in the 3rd Degree,0,0,,0,Low,0
Male,Greater than 45,Caucasian,0,0,0,1.0,-3.0,M,Uttering a Forged Instrument,0,0,,1,Low,0
Male,Greater than 45,Caucasian,0,0,0,9.0,-1.0,F,Felony Petit Theft,1,0,Resist/Obstruct W/O Violence,9,High,1
Male,25 - 45,Hispanic,0,0,0,1.0,-4.0,M,Driving Under The Influence,0,0,,1,Low,0
Male,25 - 45,African-American,0,0,0,2.0,-1.0,F,Sell or Offer for Sale Counterfeit Goods,0,0,,2,Low,0
Male,25 - 45,African-American,0,0,0,0.0,0.0,F,False Motor Veh Insurance Card,0,0,,0,Low,0
Male,25 - 45,African-American,0,0,0,1.0,-1.0,F,Purchase Cannabis,0,0,,1,Low,0
Male,25 - 45,Caucasian,0,0,0,4.0,-3.0,F,Aggravated Assault W/Dead Weap,0,0,Petit Theft,4,Low,1
Male,Less than 25,African-American,0,0,0,2.0,0.0,F,Felony Battery w/Prior Convict,1,0,,2,Medium,1
Male,25 - 45,Other,0,0,0,2.0,0.0,F,Criminal Mischief Damage <$200,1,0,Grand Theft in the 3rd Degree,2,Low,1
Female,Less than 25,Caucasian,0,0,2,1.0,-1.0,M,Lve/Scen/Acc/Veh/Prop/Damage,0,0,,1,Low,0
Female,Greater than 45,African-American,0,0,0,4.0,0.0,F,Possession of Cocaine,1,0,Petit Theft,4,Low,1
Female,25 - 45,Caucasian,0,0,0,3.0,-2.0,F,Bribery Athletic Contests,1,1,Viol Pretrial Release Dom Viol,3,Medium,1
Male,25 - 45,Caucasian,0,0,0,6.0,0.0,M,arrest case no charge,1,0,Grand Theft in the 3rd Degree,6,Low,1
Male,25 - 45,African-American,0,0,1,7.0,0.0,M,Battery,1,1,Viol Pretrial Release Dom Viol,7,Medium,1
Male,Less than 25,Caucasian,0,0,2,0.0,-1.0,F,Trespass Struct/Conveyance,1,1,Battery,0,Medium,1
Male,Greater than 45,African-American,0,0,0,0.0,-1.0,M,Battery,1,0,Resist/Obstruct W/O Violence,0,Low,1
Female,25 - 45,Other,0,0,0,0.0,-1.0,F,Grand Theft in the 3rd Degree,0,0,,0,Low,0
Male,25 - 45,Caucasian,0,0,0,0.0,0.0,F,"Poss 3,4 MDMA (Ecstasy)",0,0,,0,Low,0
Female,Less than 25,African-American,0,0,0,0.0,-2.0,F,Deliver Cocaine,0,0,,0,Low,0
Male,Greater than 45,Caucasian,0,0,0,0.0,-3.0,M,Prowling/Loitering,0,0,Petit Theft,0,Low,0
Male,25 - 45,Caucasian,0,0,0,0.0,-1.0,M,Battery,1,1,Battery,0,Low,1
Male,Greater than 45,Caucasian,0,0,0,1.0,-1.0,M,arrest case no charge,0,0,,1,Low,0
Female,Less than 25,African-American,0,0,0,2.0,-1.0,F,Burglary Conveyance Unoccup,1,1,Battery,2,Medium,1
Female,25 - 45,Caucasian,0,0,0,0.0,-1.0,M,Battery,0,0,Petit Theft,0,High,0
Male,25 - 45,Hispanic,0,0,0,0.0,-1.0,M,Battery,0,0,,0,Low,0
Male,25 - 45,African-American,0,0,0,0.0,0.0,M,Battery,1,0,Petit Theft,0,Low,1
Male,Less than 25,African-American,0,0,0,1.0,-22.0,M,Prowling/Loitering,0,0,Grand Theft in the 3rd Degree,1,Low,0
Male,Greater than 45,Caucasian,0,0,0,0.0,0.0,M,Driving Under The Influence,1,0,Resist/Obstruct W/O Violence,0,Low,1
Male,25 - 45,Caucasian,0,0,0,3.0,-1.0,M,Battery,1,0,Resist/Obstruct W/O Violence,3,Low,1
Male,Less than 25,African-American,0,0,0,1.0,-1.0,F,Tamper With Witness/Victim/CI,1,0,Petit Theft,1,Low,1
Male,Less than 25,African-American,0,0,0,2.0,-1.0,F,Pos Cannabis W/Intent Sel/Del,1,0,Grand Theft in the 3rd Degree,2,Medium,1
Male,Greater than 45,Caucasian,0,0,0,0.0,0.0,M,Battery,0,0,,0,Low,0
Male,25 - 45,African-American,0,0,0,0.0,-1.0,M,Battery,0,0,,0,Low,0
Male,Less than 25,Caucasian,0,0,0,0.0,0.0,F,Susp Drivers Lic 1st Offense,1,0,,0,Low,0
Male,Less than 25,African-American,0,0,0,1.0,0.0,F,Poss Cocaine/Intent To Del/Sel,0,0,,1,Medium,0
Male,25 - 45,African-American,0,11,2,28.035887870135404,-1.0,F,Driving While License Revoked,1,0,Operating W/O Valid License,27,High,1
Female,Greater than 45,Caucasian,0,0,0,0.0,-1.0,F,Grand Theft in the 3rd Degree,0,0,,0,Medium,0
Male,Greater than 45,Caucasian,0,0,0,6.0,22.034874083591696,F,Driving While License Revoked,1,0,,6,Low,1
Male,25 - 45,Caucasian,0,0,0,3.0,-19.0,F,Poss Contr Subst W/o Prescript,1,0,Grand Theft in the 3rd Degree,3,Low,1
Male,25 - 45,African-American,0,0,0,9.0,-1.0,F,Driving While License Revoked,1,0,Petit Theft,9,Low,1
Male,25 - 45,African-American,0,0,0,0.0,-1.0,F,Aggravated Assault w/Firearm,0,0,,0,Low,0
Female,Greater than 45,African-American,0,0,0,1.0,-1.0,F,arrest case no charge,0,0,,1,Low,0
Male,Less than 25,Hispanic,0,0,0,0.0,0.0,F,"Poss3,4 Methylenedioxymethcath",1,0,Resist/Obstruct W/O Violence,0,Medium,1
Male,25 - 45,African-American,0,0,0,7.0,-1.0,F,arrest case no charge,1,0,Grand Theft in the 3rd Degree,7,Medium,1
Male,Greater than 45,Caucasian,0,0,0,2.0,0.0,F,arrest case no charge,0,0,,2,Low,0
Male,Less than 25,African-American,0,1,3,4.0,-1.0,F,Violation of Injunction Order/Stalking/Cyberstalking,1,1,Resist Officer w/Violence,4,Medium,1
Male,25 - 45,Caucasian,0,0,0,0.0,0.0,F,Possession of Cannabis,0,0,,0,Low,0
Male,Less than 25,Caucasian,0,2,1,3.0,-1.0,F,Poss Contr Subst W/o Prescript,1,0,Grand Theft in the 3rd Degree,3,High,1
Male,25 - 45,Hispanic,0,0,0,0.0,0.0,F,Driving Under The Influence,0,0,,0,Low,0
Male,Less than 25,African-American,0,0,0,0.0,14.473183368550878,F,Felony Battery (Dom Strang),1,1,Aggravated Battery / Pregnant,0,Low,1
Male,Greater than 45,African-American,0,0,0,11.0,-1.0,F,arrest case no charge,0,0,,11,Medium,0
Male,Greater than 45,African-American,0,0,0,3.0,0.0,F,Burglary Dwelling Assault/Batt,0,0,,3,Low,0
Male,Less than 25,African-American,0,0,2,3.0,-1.0,F,Grand Theft (Motor Vehicle),1,1,Viol Pretrial Release Dom Viol,3,High,1
Male,Greater than 45,African-American,0,0,0,10.0,-1.0,F,arrest case no charge,1,0,Resist/Obstruct W/O Violence,10,Medium,1
Male,25 - 45,African-American,0,0,0,8.0,-1.0,F,Possession of Oxycodone,1,0,,8,Medium,0
Male,Greater than 45,African-American,0,0,0,3.0,-1.0,F,Possession Burglary Tools,1,1,Resist/Obstruct W/O Violence,3,Medium,1
Male,25 - 45,Caucasian,0,0,0,4.0,-1.0,F,False Imprisonment,0,0,,4,Medium,0
Female,25 - 45,Caucasian,0,0,0,2.0,14.079770861154557,F,Carry Open/Uncov Bev In Pub,1,1,Resist/Obstruct W/O Violence,2,High,1
Male,25 - 45,Caucasian,0,0,0,1.0,-27.0,F,Possession Of Methamphetamine,1,0,Grand Theft in the 3rd Degree,1,Low,1
Male,Less than 25,African-American,0,0,0,1.0,-1.0,M,Battery,1,1,Battery,1,Low,1
Male,25 - 45,Other,0,0,0,0.0,-1.0,F,Fleeing Or Attmp Eluding A Leo,1,0,Resist/Obstruct W/O Violence,0,Low,1
Female,25 - 45,Other,0,0,0,0.0,-1.0,F,"Poss3,4 Methylenedioxymethcath",0,0,,0,Low,0
Male,25 - 45,Asian,0,0,0,5.0,-1.0,F,Felony Battery w/Prior Convict,0,0,,5,Medium,0
Male,Less than 25,Caucasian,0,0,0,0.0,-1.0,M,Viol Pretrial Release Dom Viol,0,0,,0,Low,0
Female,25 - 45,African-American,0,0,1,3.0,0.0,F,Grand Theft in the 3rd Degree,1,0,Resist/Obstruct W/O Violence,3,Medium,1
Male,Greater than 45,African-American,0,0,0,3.0,-1.0,F,Grand Theft (Motor Vehicle),1,0,Petit Theft,3,High,1
Male,Less than 25,African-American,0,0,0,1.0,-1.0,F,Neglect Child / No Bodily Harm,0,0,,1,High,0
Female,Less than 25,African-American,0,0,0,1.0,-1.0,F,Battery on Law Enforc Officer,1,0,Grand Theft in the 3rd Degree,1,Medium,1
Male,Greater than 45,Caucasian,0,0,0,3.0,-1.0,F,Grand Theft (Motor Vehicle),0,0,,3,Medium,0
Male,25 - 45,Caucasian,0,0,0,0.0,-1.0,F,Felony Battery (Dom Strang),0,0,,0,Low,0
Male,Greater than 45,African-American,0,0,0,6.0,-1.0,M,Petit Theft,1,0,Resist/Obstruct W/O Violence,6,Medium,1
Male,25 - 45,Caucasian,0,0,0,4.0,0.0,M,Aggravated Battery / Pregnant,1,1,Battery,4,Low,1
Male,25 - 45,Hispanic,0,0,0,3.0,-23.0,F,Burglary Structure Unoccup,1,1,Battery,3,Low,1
Male,25 - 45,African-American,0,0,0,1.0,-1.0,F,arrest case no charge,1,0,Petit Theft,1,Medium,0
Female,Less than 25,African-American,0,0,0,0.0,-1.0,M,Battery,1,0,,0,Medium,1
Male,Less than 25,Caucasian,1,0,0,1.0,-1.0,F,arrest case no charge,1,0,,1,Low,1
Female,25 - 45,Caucasian,0,0,0,0.0,-1.0,M,Battery,0,0,,0,Low,0
Male,25 - 45,Caucasian,0,0,0,3.0,0.0,M,Battery,0,0,,3,High,0
Male,25 - 45,Hispanic,0,0,0,0.0,-3.0,M,Petit Theft $100- $300,0,0,Petit Theft,0,Low,0
Female,25 - 45,African-American,0,0,0,3.0,-1.0,F,Driving While License Revoked,0,0,,3,Medium,0
Female,25 - 45,African-American,0,0,0,1.0,-1.0,F,arrest case no charge,0,0,,1,Low,0
Male,25 - 45,Caucasian,0,0,0,1.0,-1.0,F,False Imprisonment,0,0,,1,Low,0
Male,25 - 45,Hispanic,0,0,0,1.0,-8.708770553823555,F,Possession Burglary Tools,0,0,,1,Low,0
Female,Less than 25,African-American,0,0,0,0.0,-1.0,M,Battery,1,0,Petit Theft,0,Low,1
Female,Greater than 45,African-American,0,0,0,19.0,-1.0,F,Aggrav Battery w/Deadly Weapon,1,0,Grand Theft in the 3rd Degree,19,High,1
Male,Greater than 45,African-American,0,0,1,25.81889357290425,-1.0,F,Driving While License Revoked,1,0,,26,High,1
Male,25 - 45,African-American,0,0,0,8.0,-1.0,M,Battery,1,0,Grand Theft in the 3rd Degree,8,Low,1
Male,25 - 45,African-American,0,0,0,1.0,0.0,F,Possession Of Amphetamine,0,0,,1,Low,0
Female,25 - 45,Caucasian,0,0,1,15.0,-4.0,F,Grand Theft in the 3rd Degree,1,0,Grand Theft in the 3rd Degree,15,High,1
Male,25 - 45,African-American,0,0,0,8.0,-1.0,M,Carry Open/Uncov Bev In Pub,1,1,Aggravated Battery / Pregnant,8,High,1
Male,25 - 45,African-American,0,0,0,7.0,-1.0,F,arrest case no charge,1,1,Felony Battery w/Prior Convict,7,Low,1
Male,25 - 45,Hispanic,0,0,0,0.0,0.0,F,Grand Theft in the 3rd Degree,0,0,Petit Theft,0,Medium,0
Male,Greater than 45,African-American,0,0,0,5.0,-1.0,F,Battery on Law Enforc Officer,0,0,,5,Low,1
Female,25 - 45,Caucasian,0,0,0,0.0,-2.0,M,Disorderly Intoxication,0,0,,0,Medium,0
Male,Greater than 45,African-American,2,0,0,28.068243037240574,-1.0,F,arrest case no charge,1,1,Burglary Conveyance Unoccup,27,High,1
Male,Greater than 45,African-American,0,0,0,1.0,-23.0,F,Possession of Cocaine,0,0,,1,Low,0
Male,Greater than 45,African-American,0,0,0,0.0,0.0,M,Criminal Mischief Damage <$200,0,0,,0,Low,0
Male,25 - 45,Caucasian,0,0,0,0.0,-1.0,F,Burglary Unoccupied Dwelling,0,0,,0,Low,0
Male,25 - 45,African-American,1,0,0,5.0,-1.0,F,arrest case no charge,0,0,,5,High,0
Male,25 - 45,Other,0,0,0,1.0,-1.0,F,Possession Of Alprazolam,1,1,Battery,1,Low,1
Male,25 - 45,African-American,0,0,0,3.0,0.0,F,Battery on Law Enforc Officer,0,0,,3,Low,0
Male,Less than 25,African-American,0,0,0,3.0,19.10826790230582,F,arrest case no charge,1,1,Felony Battery w/Prior Convict,3,Medium,1
Male,Less than 25,African-American,0,1,1,8.0,0.0,F,Viol Injunction Protect Dom Vi,1,0,Petit Theft,8,High,1
Male,25 - 45,African-American,0,0,0,0.0,0.0,F,Driving While License Revoked,0,0,,0,Medium,0
Male,Less than 25,Caucasian,0,0,3,0.0,-1.0,M,Driving Under The Influence,0,0,,0,Medium,0
Male,25 - 45,African-American,0,0,0,2.0,0.0,M,arrest case no charge,0,0,,2,High,0
Male,25 - 45,African-American,0,0,0,7.0,-1.0,F,Possession of Cocaine,1,0,Grand Theft in the 3rd Degree,7,Low,1
Male,25 - 45,Other,0,0,0,0.0,-1.0,M,Battery,0,0,,0,Low,0
Male,25 - 45,Caucasian,0,0,0,11.0,0.0,M,Battery,0,0,,11,Low,0
Male,Greater than 45,African-American,0,0,0,0.0,0.0,M,Felony Battery (Dom Strang),0,0,,0,Low,0
Male,25 - 45,African-American,0,1,0,6.0,-1.0,F,Grand Theft in the 3rd Degree,1,1,Battery,6,High,1
Male,25 - 45,Caucasian,0,0,0,0.0,-1.0,F,Burglary Conveyance Unoccup,1,0,Grand Theft in the 3rd Degree,0,Medium,1
Male,25 - 45,African-American,0,0,0,3.0,-1.0,F,"Poss3,4 Methylenedioxymethcath",0,0,,3,Low,0
Male,25 - 45,African-American,0,0,0,3.0,0.0,M,Battery,1,0,,3,Medium,1
Female,Less than 25,Caucasian,0,0,0,2.0,-22.0,M,Expired DL More Than 6 Months,0,0,,2,Medium,0
Female,Greater than 45,African-American,0,0,0,0.0,-1.0,F,Grand Theft in the 3rd Degree,0,0,,0,High,0
Male,25 - 45,African-American,0,1,0,4.0,-1.0,F,arrest case no charge,1,0,Grand Theft of the 2nd Degree,4,High,1
Male,Greater than 45,African-American,0,0,0,0.0,-1.0,F,Aggravated Battery / Pregnant,0,0,,0,Low,0
Male,25 - 45,Other,0,1,1,3.0,-1.0,M,Battery,0,0,,3,Low,0
Male,25 - 45,Caucasian,0,0,0,9.0,-1.0,M,Grand Theft of the 2nd Degree,1,1,Battery,9,Medium,1
Male,25 - 45,African-American,0,0,0,0.0,-1.0,F,Felony Battery (Dom Strang),1,0,Resist/Obstruct W/O Violence,0,Low,1
Male,Greater than 45,Other,0,0,0,0.0,-1.0,F,Possession of Cocaine,1,0,Resist/Obstruct W/O Violence,0,Medium,1
Male,25 - 45,Caucasian,0,0,0,4.0,0.0,F,Tamper With Witness/Victim/CI,1,1,Viol Pretrial Release Dom Viol,4,Low,1
Male,Less than 25,Other,0,0,1,0.0,-1.0,M,Neglect Child / No Bodily Harm,0,0,,0,Medium,1
Female,Greater than 45,Caucasian,0,0,0,6.0,-13.0,F,arrest case no charge,0,0,,6,Low,0
Male,25 - 45,African-American,0,0,0,0.0,0.0,F,Aggravated Assault w/Firearm,0,0,,0,Low,0
Male,25 - 45,Caucasian,0,0,0,2.0,0.0,F,Possession of Cocaine,0,0,,2,Medium,0
Male,Less than 25,Caucasian,0,0,0,0.0,-1.0,F,Carrying Concealed Firearm,0,0,,0,Low,0
Male,25 - 45,African-American,0,0,0,3.0,0.0,F,arrest case no charge,1,0,Petit Theft,3,Low,1
Male,Less than 25,Caucasian,0,0,0,12.0,-1.0,F,Grand Theft of the 2nd Degree,0,0,,12,Medium,0
Male,25 - 45,African-American,0,5,1,19.0,-1.0,M,arrest case no charge,0,0,Operating W/O Valid License,19,High,0
Male,25 - 45,Caucasian,0,0,0,0.0,-1.0,M,Battery,0,0,,0,Low,0
Female,Less than 25,African-American,0,0,0,0.0,-1.0,M,Battery,0,0,,0,Low,0
Female,25 - 45,Hispanic,0,0,0,2.0,-1.0,M,Viol Prot Injunc Repeat Viol,0,0,Petit Theft,2,Low,0
Male,25 - 45,African-American,0,0,0,0.0,-3.0,M,Resist/Obstruct W/O Violence,0,0,,0,Low,0
Male,Less than 25,Caucasian,0,0,0,2.0,-1.0,F,arrest case no charge,0,0,,2,Low,0
Male,25 - 45,African-American,0,0,0,3.0,-1.0,M,Battery,1,0,Resist/Obstruct W/O Violence,3,Low,1
Male,Greater than 45,Other,0,0,0,0.0,-1.0,F,Possession Of Methamphetamine,1,0,Resist/Obstruct W/O Violence,0,Low,1
Male,25 - 45,African-American,0,0,0,4.0,-1.0,F,Possession of Hydrocodone,1,0,Resist/Obstruct W/O Violence,4,High,1
Male,Less than 25,Other,0,0,0,0.0,-1.0,F,Purchase Cannabis,0,0,,0,Low,0
Male,25 - 45,African-American,0,0,0,0.0,-1.0,M,Battery,0,0,,0,Low,0
Male,Less than 25,African-American,0,0,0,1.0,-1.0,F,Felony Battery (Dom Strang),1,1,Aggravated Battery / Pregnant,1,Low,1
Male,25 - 45,African-American,0,1,3,12.0,-1.0,M,Battery,1,1,Introduce Contraband Into Jail,12,High,1
Male,25 - 45,Hispanic,0,0,0,2.0,-26.0,M,Driving Under The Influence,0,0,,2,Low,0
Male,25 - 45,African-American,0,0,0,6.0,-1.0,F,Grand Theft (Motor Vehicle),0,0,,6,Medium,0
Male,Greater than 45,African-American,0,0,0,1.0,-1.0,M,Battery,1,0,Grand Theft in the 3rd Degree,1,Medium,1
Male,Less than 25,Hispanic,0,0,0,0.0,-1.0,F,Burglary Unoccupied Dwelling,1,0,Resist/Obstruct W/O Violence,0,Low,1
Male,Less than 25,Caucasian,0,0,0,0.0,0.0,M,DUI - Enhanced,0,0,,0,Low,0
Male,Greater than 45,Caucasian,0,0,0,1.0,0.0,M,Battery,0,0,,1,Low,0
Male,25 - 45,African-American,0,0,0,0.0,-1.0,F,Felony Battery (Dom Strang),0,0,,0,Low,0
Male,Less than 25,African-American,0,0,0,0.0,-1.0,F,Burglary Unoccupied Dwelling,0,0,,0,Medium,0
Male,25 - 45,African-American,0,0,0,3.0,-1.0,F,Grand Theft on 65 Yr or Older,0,0,,3,Low,0
Male,25 - 45,Other,2,0,0,11.0,-1.0,F,Pos Cannabis W/Intent Sel/Del,0,0,,11,Low,0
Female,Greater than 45,Caucasian,0,0,0,1.0,-3.0,M,DUI Property Damage/Injury,0,0,,1,Low,0
Female,25 - 45,Caucasian,0,0,0,0.0,0.0,M,Battery,0,0,,0,Low,0
Male,25 - 45,African-American,0,1,0,10.747833168869821,-1.0,M,Trespass Private Property,0,0,,10,Medium,0
Male,25 - 45,African-American,0,0,0,0.0,-1.0,F,Grand Theft in the 3rd Degree,1,0,,0,Low,0
Male,25 - 45,African-American,0,0,0,7.0,-1.0,F,arrest case no charge,0,0,,7,Low,0
Male,25 - 45,Caucasian,0,0,0,5.0,0.0,F,Driving While License Revoked,1,0,Petit Theft,5,Medium,1
Male,25 - 45,Hispanic,0,0,0,2.0,-1.0,F,Grand Theft in the 3rd Degree,1,0,Grand Theft in the 3rd Degree,2,Medium,1
Male,25 - 45,African-American,0,0,0,0.0,-1.0,F,Felony Batt(Great Bodily Harm),0,0,,0,Low,0
Female,25 - 45,African-American,0,0,0,1.0,-6.0,F,arrest case no charge,0,0,,1,Low,0
Male,25 - 45,African-American,0,0,0,9.0,-1.0,F,arrest case no charge,1,1,Viol Pretrial Release Dom Viol,9,High,1
Male,25 - 45,African-American,0,0,0,3.0,0.0,F,Carrying Concealed Firearm,0,0,,3,Low,0
Male,Less than 25,African-American,0,0,0,1.0,-1.0,F,arrest case no charge,1,0,Petit Theft,1,Low,1
Female,Greater than 45,Caucasian,0,0,0,0.0,-1.0,M,Battery,0,0,,0,Low,0
Male,25 - 45,Caucasian,0,0,0,0.0,0.0,M,Battery,0,0,Petit Theft,0,Low,0
Male,Less than 25,Other,0,0,0,3.0,-1.0,M,Battery,1,1,Aggravated Battery / Pregnant,3,High,1
Male,25 - 45,African-American,0,0,1,3.0,-1.0,F,Possession of Cocaine,1,0,Petit Theft,3,Medium,1
Female,25 - 45,African-American,0,0,0,0.0,-1.0,M,Exposes Culpable Negligence,0,0,,0,Low,0
Female,25 - 45,Caucasian,0,0,0,0.0,-1.0,M,Felony Batt(Great Bodily Harm),0,0,,0,Low,0
Male,25 - 45,Caucasian,0,0,0,1.0,0.0,F,Dealing in Stolen Property,0,0,,1,Low,0
Male,Greater than 45,African-American,0,0,0,4.0,-1.0,F,Possession of Cocaine,1,1,Aggravated Battery / Pregnant,4,High,1
Male,25 - 45,African-American,0,0,2,11.0,-1.0,M,Battery,1,1,Sex Batt Faml/Cust Vict 12-17Y,11,High,1
Male,Less than 25,African-American,0,1,0,1.0,0.0,F,arrest case no charge,1,0,Resist/Obstruct W/O Violence,1,High,1
Male,25 - 45,African-American,0,0,0,0.0,-1.0,M,Battery,1,1,Resist/Obstruct W/O Violence,0,Low,1
Male,Greater than 45,African-American,0,0,0,0.0,0.0,F,Possession Of Fentanyl,0,0,,0,Low,0
Male,25 - 45,African-American,0,0,0,0.0,0.0,F,Felony Battery,0,0,,0,High,0
Male,Less than 25,Other,0,0,0,0.0,-1.0,F,Robbery / No Weapon,0,0,,0,Medium,0
Male,25 - 45,Caucasian,0,0,0,3.0,-1.0,F,False Imprisonment,0,0,Grand Theft in the 3rd Degree,3,Low,1
Male,25 - 45,Caucasian,0,0,0,0.0,0.0,M,Driving Under The Influence,0,0,,0,Low,0
Male,25 - 45,African-American,0,0,0,0.0,0.0,F,Attempted Burg/struct/unocc,1,0,Petit Theft,0,High,1
Male,25 - 45,Other,0,0,0,0.0,0.0,M,Battery,0,0,,0,Low,0
Male,25 - 45,Caucasian,0,0,0,0.0,-1.0,M,Battery,0,0,,0,Low,0
Male,Less than 25,African-American,0,0,0,0.0,-1.0,F,Burglary Structure Unoccup,1,0,Resist/Obstruct W/O Violence,0,High,1
Male,Less than 25,Caucasian,0,0,0,1.0,-11.0,F,Grand Theft (Motor Vehicle),1,0,Petit Theft,1,Low,0
Female,Less than 25,Caucasian,0,0,0,0.0,-1.0,F,Grand Theft in the 3rd Degree,1,0,Grand Theft in the 3rd Degree,0,Medium,1
Female,Greater than 45,African-American,0,0,0,14.0,-1.0,M,Battery,1,0,Grand Theft in the 3rd Degree,14,Medium,1
Male,Greater than 45,African-American,0,0,0,15.0,-1.0,F,Possession Of Paraphernalia,1,0,Resist/Obstruct W/O Violence,15,Low,1
Female,25 - 45,Hispanic,0,0,1,8.0,-8.0,M,DUI Property Damage/Injury,1,1,Burglary Conveyance Unoccup,8,Medium,1
Male,Less than 25,Other,0,2,0,7.0,0.0,F,Carrying Concealed Firearm,1,1,Resist/Obstruct W/O Violence,7,Medium,1
Female,25 - 45,African-American,0,0,0,0.0,0.0,F,Poss Cocaine/Intent To Del/Sel,0,0,,0,Low,0
Male,Greater than 45,African-American,0,0,0,3.0,0.0,F,Possession Burglary Tools,0,0,,3,Low,0
Male,Greater than 45,African-American,0,0,0,3.0,0.0,F,Possession of Cocaine,1,0,Grand Theft in the 3rd Degree,3,Medium,1
Male,Less than 25,African-American,0,0,0,4.0,-3.0,F,Burglary Unoccupied Dwelling,1,0,Grand Theft in the 3rd Degree,4,Low,1
Male,Less than 25,African-American,0,0,0,1.0,-24.0,F,"Poss3,4 Methylenedioxymethcath",0,0,,1,Low,0
Male,Less than 25,African-American,0,0,3,4.0,-1.0,F,Driving While License Revoked,1,0,Resist/Obstruct W/O Violence,4,Medium,1
Male,25 - 45,African-American,0,0,0,10.0,0.0,F,Driving While License Revoked,1,0,Grand Theft in the 3rd Degree,10,Medium,1
Male,25 - 45,African-American,0,0,0,2.0,-1.0,F,arrest case no charge,0,0,,2,Low,0
Male,25 - 45,African-American,0,0,0,6.0,-1.0,F,Possession of Cocaine,0,0,,6,High,0
Female,Greater than 45,Caucasian,0,0,0,0.0,-1.0,M,Battery,0,0,,0,Low,0
Female,25 - 45,African-American,0,0,0,7.0,-1.0,F,Robbery / No Weapon,1,0,Petit Theft,7,Low,1
Female,25 - 45,African-American,0,0,0,2.0,-17.011083810715434,M,Viol Prot Injunc Repeat Viol,0,0,,2,Low,0
Female,Greater than 45,African-American,0,0,0,2.0,-1.0,F,Grand Theft in the 3rd Degree,1,0,,2,High,1
Male,25 - 45,Caucasian,0,0,0,0.0,-1.0,F,Grand Theft in the 3rd Degree,1,0,Grand Theft in the 3rd Degree,0,Low,1
Male,Greater than 45,Caucasian,0,0,0,0.0,-1.0,F,Possession of Cocaine,1,1,Resist/Obstruct W/O Violence,0,Low,0
Male,Less than 25,African-American,0,0,0,0.0,-1.0,F,Grand Theft in the 3rd Degree,1,0,Petit Theft,0,Medium,1
Male,25 - 45,Asian,0,0,0,0.0,-1.0,M,Battery,0,0,,0,Low,0
Female,25 - 45,African-American,0,0,0,4.0,-1.0,M,arrest case no charge,0,0,,4,Low,0
Male,25 - 45,African-American,0,0,0,8.0,-1.0,M,Assault,1,1,Felony Battery (Dom Strang),8,Medium,1
Male,25 - 45,Other,0,0,0,0.0,-1.0,F,Burglary Structure Unoccup,0,0,,0,Medium,0
Male,Greater than 45,Hispanic,0,0,0,0.0,-1.0,M,Battery,0,0,,0,Low,0
Male,25 - 45,African-American,0,0,0,9.0,-1.0,M,Battery,0,0,,9,Medium,0
Male,25 - 45,Caucasian,0,0,0,2.0,-2.0,M,Possession Of Alprazolam,1,0,Resist/Obstruct W/O Violence,2,Medium,0
Male,25 - 45,Other,0,0,0,4.0,-1.0,M,Battery,1,0,,4,Low,1
Male,Less than 25,African-American,0,0,0,1.0,-14.404712122242227,F,arrest case no charge,1,0,Grand Theft in the 3rd Degree,1,Medium,1
Male,25 - 45,African-American,0,0,0,0.0,-1.0,M,DWLS Canceled Disqul 1st Off,0,0,Grand Theft in the 3rd Degree,0,Medium,0
Male,25 - 45,Caucasian,0,0,0,4.0,-1.0,F,Driving While License Revoked,0,0,,4,Low,0
Male,25 - 45,Other,0,0,0,1.0,-1.0,M,Battery,1,0,Grand Theft in the 3rd Degree,1,Low,1
Male,25 - 45,African-American,0,0,0,1.0,-1.0,F,Possession of Cocaine,1,0,Resist/Obstruct W/O Violence,1,High,1
Male,25 - 45,African-American,2,0,0,14.0,0.0,F,False Imprisonment,1,0,Grand Theft in the 3rd Degree,14,High,1
Female,Greater than 45,Caucasian,0,0,0,2.0,25.91127644991071,F,Grand Theft in the 3rd Degree,0,0,,2,Low,0
Female,Less than 25,Caucasian,0,0,0,1.0,-1.0,F,Pos Cannabis W/Intent Sel/Del,0,0,,1,Low,0
Male,25 - 45,African-American,1,0,0,5.0,0.0,M,Felony Battery w/Prior Convict,0,0,,5,Medium,0
Male,25 - 45,African-American,0,0,0,15.0,-1.0,F,Driving While License Revoked,1,0,,15,Medium,1
Male,25 - 45,African-American,0,0,0,1.0,0.0,M,Reckless Driving,0,0,,1,Low,0
Male,Less than 25,African-American,0,0,0,6.0,-1.0,F,Crimin Mischief Damage $1000+,1,0,Petit Theft,6,High,1
Male,Greater than 45,Caucasian,0,0,0,0.0,-1.0,F,Grand Theft in the 3rd Degree,0,0,Grand Theft in the 3rd Degree,0,High,1
Male,25 - 45,Caucasian,0,0,0,2.0,-1.0,F,Possession of Cocaine,0,0,,2,Low,0
Male,25 - 45,African-American,0,0,0,1.0,0.0,F,Poss Alprazolam W/int Sell/Del,0,0,,1,Medium,0
Male,25 - 45,Hispanic,0,0,0,0.0,0.0,F,Failure To Return Hired Vehicle,0,0,,0,Low,0
Male,Greater than 45,Caucasian,0,0,0,0.0,-1.0,M,Battery,0,0,,0,Low,0
Male,25 - 45,Caucasian,0,0,0,0.0,-1.0,M,DUI Blood Alcohol Above 0.20,0,0,,0,Low,0
Male,25 - 45,Hispanic,0,0,0,1.0,-1.0,F,Possession Of Paraphernalia,0,0,,1,Low,0
Male,Less than 25,African-American,0,0,0,0.0,-1.0,F,Possession Burglary Tools,1,0,Grand Theft in the 3rd Degree,0,Low,0
Male,Less than 25,Hispanic,0,1,0,2.0,-1.0,F,Burglary Dwelling Occupied,1,1,Battery,2,Medium,1
Female,25 - 45,Caucasian,0,0,0,7.0,-21.0,F,Tampering With Physical Evidence,0,0,,7,High,0
Male,25 - 45,African-American,0,0,0,0.0,-1.0,F,Tresspass in Structure or Conveyance,0,0,,0,Low,0
Male,25 - 45,African-American,0,0,2,0.0,-1.0,F,Resist Officer w/Violence,0,0,,0,Medium,0
Male,Greater than 45,Caucasian,0,0,0,3.0,-1.0,F,Felony Petit Theft,0,0,,3,Low,0
Male,25 - 45,African-American,2,0,0,18.0,-1.0,M,Possession Of Paraphernalia,1,0,Grand Theft in the 3rd Degree,18,High,1
Male,25 - 45,African-American,0,0,0,13.0,0.0,M,Battery,1,0,Grand Theft in the 3rd Degree,13,High,0
Female,25 - 45,African-American,0,1,0,4.0,-1.0,F,arrest case no charge,0,0,,4,Low,0
Male,Greater than 45,Caucasian,0,0,0,0.0,-1.0,M,Prostitution/Lewd Act Assignation,0,0,,0,Low,0
Female,25 - 45,African-American,0,0,0,0.0,-1.0,F,Grand Theft in the 3rd Degree,0,0,,0,Low,0
Female,25 - 45,Other,0,0,0,0.0,-1.0,M,Battery,0,0,,0,Low,0
Female,25 - 45,African-American,0,0,0,1.0,-1.0,M,Battery,0,0,,1,Low,0
Male,25 - 45,Caucasian,0,0,0,0.0,0.0,F,Possession Of Methamphetamine,0,0,,0,Medium,0
Male,Greater than 45,Caucasian,0,0,0,5.0,-1.0,M,DUI Property Damage/Injury,0,0,,5,Low,0
Male,Less than 25,African-American,0,0,0,2.0,0.0,M,Tamper With Witness,1,1,Battery,2,Medium,0
Male,Greater than 45,Caucasian,0,0,0,0.0,0.0,M,Battery,0,0,,0,Low,0
Male,25 - 45,African-American,1,0,0,7.0,-1.0,F,Grand Theft in the 3rd Degree,1,1,Viol Pretrial Release Dom Viol,7,High,1
Male,25 - 45,African-American,0,0,0,0.0,0.0,M,Battery,1,0,Grand Theft in the 3rd Degree,0,Medium,1
Male,25 - 45,African-American,0,1,0,13.0,-1.0,F,Burglary Dwelling Occupied,1,0,Resist/Obstruct W/O Violence,13,High,1
Male,25 - 45,Caucasian,0,0,0,1.0,0.0,M,Expired DL More Than 6 Months,1,1,Battery,1,Medium,1
Male,Greater than 45,Caucasian,0,0,0,0.0,0.0,M,Driving Under The Influence,0,0,,0,Low,0
Male,Greater than 45,African-American,0,0,0,3.0,-1.0,F,arrest case no charge,1,0,,3,Low,1
Male,25 - 45,Caucasian,0,0,0,0.0,-2.0,M,DUI Property Damage/Injury,0,0,,0,Low,0
Male,Greater than 45,Caucasian,0,0,0,0.0,-1.0,M,DUI - Enhanced,0,0,,0,Low,0
Male,Greater than 45,African-American,0,0,0,2.0,0.0,F,Tampering With Physical Evidence,0,0,,2,Low,0
Female,25 - 45,African-American,0,0,0,5.0,-1.0,F,Aggrav Battery w/Deadly Weapon,1,0,Grand Theft in the 3rd Degree,5,Medium,1
Male,25 - 45,Hispanic,0,1,0,19.0,-1.0,F,Trespass Property w/Dang Weap,1,1,Felony Battery (Dom Strang),19,Medium,1
Male,25 - 45,African-American,0,0,0,0.0,-1.0,F,Felony Battery (Dom Strang),0,0,,0,Low,0
Male,25 - 45,African-American,0,0,0,7.0,-1.0,M,Exposes Culpable Negligence,0,0,,7,Low,0
Male,Less than 25,African-American,0,0,1,5.0,-1.0,F,False Imprisonment,1,1,Battery,5,Medium,1
Male,Greater than 45,African-American,0,0,0,13.0,-13.0,F,Trespass Private Property,0,0,,13,Low,0
Female,Greater than 45,African-American,0,0,0,1.0,-1.0,F,Possession of Cocaine,0,0,,1,Low,0
Male,25 - 45,Caucasian,0,0,0,0.0,-1.0,M,Battery,0,0,,0,Low,0
Male,25 - 45,Caucasian,0,0,0,0.0,-1.0,F,Tampering With Physical Evidence,0,0,,0,Low,0
Female,Less than 25,African-American,0,0,0,1.0,-1.0,F,Grand Theft in the 3rd Degree,0,0,,1,High,0
Male,25 - 45,African-American,0,0,1,22.0,0.0,F,arrest case no charge,1,1,Grand Theft (Motor Vehicle),22,High,1
Male,Greater than 45,African-American,0,0,0,13.0,-1.0,F,Corrupt Public Servant,1,0,Petit Theft,13,High,1
Male,Greater than 45,Hispanic,0,0,0,1.0,-1.0,M,Expired DL More Than 6 Months,0,0,,1,Low,0
Male,25 - 45,Native American,0,3,4,15.0,-1.0,M,Possess Countrfeit Credit Card,1,0,Operating W/O Valid License,15,Medium,1
Male,Less than 25,African-American,0,0,0,0.0,-1.0,M,Battery,0,0,,0,Low,0
Female,25 - 45,African-American,0,0,0,3.0,-15.518716653238693,F,Sound Articles Over 100,0,0,,3,Medium,0
Male,Less than 25,Caucasian,0,0,1,1.0,-23.0,F,Dealing in Stolen Property,0,0,,1,Low,0
Male,Greater than 45,Hispanic,0,0,0,1.0,-22.0,M,Aggravated Assault w/Firearm,0,0,,1,Low,0
Male,25 - 45,Caucasian,0,0,0,0.0,-2.0,M,Battery,0,0,,0,Low,0
Male,25 - 45,African-American,0,0,0,0.0,-1.0,F,Grand Theft in the 3rd Degree,0,0,,0,Low,0
Male,25 - 45,Hispanic,0,0,0,4.0,0.0,F,Possession of Cannabis,0,0,,4,Medium,0
Female,25 - 45,African-American,0,0,0,7.0,-1.0,F,arrest case no charge,1,1,Viol Pretrial Release Dom Viol,7,Medium,1
Male,25 - 45,African-American,0,0,0,3.0,0.0,F,arrest case no charge,1,1,Aggravated Battery / Pregnant,3,Low,1
Male,Less than 25,African-American,0,0,0,0.0,-1.0,M,Battery,1,0,,0,Medium,0
Female,Less than 25,African-American,0,0,0,1.0,-1.0,F,Burglary Conveyance Unoccup,1,0,Grand Theft in the 3rd Degree,1,Low,1
Female,Greater than 45,African-American,0,0,0,0.0,-1.0,F,Tampering With Physical Evidence,1,1,Battery,0,Medium,1
Male,25 - 45,Other,0,0,0,2.0,-1.0,F,Grand Theft in the 3rd Degree,0,0,,2,Medium,0
Male,25 - 45,African-American,0,0,0,8.0,-1.0,F,Possession of Cocaine,1,0,,8,High,1
Male,Greater than 45,Caucasian,0,0,0,9.0,-24.0,M,Battery,1,0,,9,Low,1
Male,Greater than 45,Caucasian,0,0,0,32.8086179588189,-1.0,F,Felony Petit Theft,1,0,Grand Theft in the 3rd Degree,32,High,1
Male,25 - 45,African-American,0,0,0,4.0,-1.0,F,Tampering With Physical Evidence,1,1,Felony Battery (Dom Strang),4,High,1
Female,25 - 45,Caucasian,0,0,0,0.0,-1.0,F,Possession Of Alprazolam,0,0,,0,Medium,0
Male,25 - 45,African-American,0,0,0,8.0,-1.0,F,Felony Petit Theft,1,0,Grand Theft in the 3rd Degree,8,Medium,1
Male,Greater than 45,Caucasian,0,0,0,3.0,-2.0,M,Battery,0,0,,3,High,0
Male,25 - 45,African-American,0,0,0,5.0,-1.0,F,Carry Open/Uncov Bev In Pub,1,1,Aggravated Battery / Pregnant,5,Low,1
Male,25 - 45,Caucasian,0,0,0,0.0,-1.0,M,Battery,1,1,Viol Pretrial Release Dom Viol,0,Low,1
Male,Less than 25,African-American,0,0,0,0.0,-1.0,F,Poss F/Arm Delinq,1,1,Aggravated Battery / Pregnant,0,High,1
Male,Greater than 45,Caucasian,0,0,0,0.0,-4.0,M,Aggrav Battery w/Deadly Weapon,1,0,Resist/Obstruct W/O Violence,0,Low,1
Male,25 - 45,Caucasian,0,0,0,0.0,-1.0,F,Felony Battery (Dom Strang),1,1,Criminal Mischief Damage <$200,0,Low,1
Male,25 - 45,Caucasian,0,0,0,5.0,0.0,M,Lve/Scen/Acc/Veh/Prop/Damage,0,0,,5,Low,0
Female,25 - 45,Hispanic,0,0,0,0.0,-1.0,M,Battery,1,0,Resist/Obstruct W/O Violence,0,Low,1
Male,Greater than 45,African-American,0,0,0,13.0,0.0,F,Grand Theft in the 3rd Degree,1,0,Petit Theft,13,Low,1
Female,Less than 25,African-American,0,0,0,2.0,-10.0,F,Grand Theft in the 3rd Degree,1,0,Grand Theft in the 3rd Degree,2,High,1
Male,Less than 25,Other,0,0,0,0.0,-1.0,F,Grand Theft in the 3rd Degree,1,0,,0,Low,0
Male,25 - 45,African-American,0,0,0,1.0,-8.629271472632354,F,arrest case no charge,0,0,,1,Medium,0
Male,Greater than 45,Hispanic,0,0,0,9.0,-1.0,F,Felony Petit Theft,1,0,Grand Theft in the 3rd Degree,9,Medium,1
Female,25 - 45,African-American,0,0,0,1.0,-1.0,F,arrest case no charge,0,0,,1,Low,0
Male,Greater than 45,Caucasian,0,0,0,1.0,-1.0,M,Prowling/Loitering,1,0,Grand Theft in the 3rd Degree,1,Medium,1
Female,Greater than 45,Caucasian,0,0,0,0.0,-1.0,M,Battery,1,0,Resist/Obstruct W/O Violence,0,Low,1
Male,25 - 45,African-American,0,0,0,0.0,-1.0,F,Possession of Cocaine,0,0,,0,High,0
Male,Less than 25,Caucasian,0,0,1,0.0,-1.0,F,arrest case no charge,1,1,Aggravated Battery / Pregnant,0,Medium,1
Female,25 - 45,Hispanic,0,0,0,1.0,-1.0,F,Poss Contr Subst W/o Prescript,1,0,Petit Theft,1,Low,1
Male,25 - 45,Other,19,0,0,23.83962417843646,-1.0,F,arrest case no charge,1,1,Burglary Conveyance Unoccup,23,High,1
Male,Greater than 45,African-American,0,0,0,0.0,-1.0,F,Felony Battery (Dom Strang),1,1,Battery,0,Low,1
Male,Greater than 45,African-American,0,0,0,1.0,-22.0,F,Possession of Cocaine,0,0,,1,Medium,0
Male,Greater than 45,Caucasian,0,0,0,1.0,-1.0,F,arrest case no charge,0,0,,1,Low,0
Male,25 - 45,Caucasian,0,0,0,0.0,-1.0,F,"Poss 3,4 MDMA (Ecstasy)",0,0,,0,Low,0
Male,25 - 45,Caucasian,0,0,0,1.0,-1.0,M,Battery,0,0,,1,Low,0
Male,25 - 45,African-American,0,0,0,10.0,-6.0,M,arrest case no charge,1,0,,10,Medium,1
Male,Greater than 45,Caucasian,0,0,0,3.0,-1.0,F,arrest case no charge,1,0,,3,Low,1
Male,25 - 45,African-American,0,0,0,0.0,-2.0,M,Susp Drivers Lic 1st Offense,1,0,,0,Medium,1
Male,Greater than 45,Caucasian,0,0,0,9.0,-1.0,F,Burglary Structure Unoccup,1,0,Petit Theft,9,Low,1
Female,25 - 45,Caucasian,0,0,0,1.0,-1.0,F,Possession Of Methamphetamine,0,0,,1,Low,0
Male,Greater than 45,African-American,0,0,0,0.0,-1.0,F,Aggravated Assault W/Dead Weap,0,0,,0,Low,0
Male,25 - 45,African-American,0,0,0,2.0,-1.0,M,Driving License Suspended,0,0,,2,Low,0
Male,Less than 25,African-American,0,0,0,0.0,-1.0,M,DUI/Property Damage/Persnl Inj,1,0,Petit Theft,0,Low,0
Male,25 - 45,Caucasian,1,0,0,9.0,-1.0,F,arrest case no charge,0,0,,9,High,0
Male,Greater than 45,Caucasian,0,0,0,0.0,-1.0,M,Driving Under The Influence,0,0,,0,Low,0
Male,25 - 45,African-American,0,0,0,21.000000000000004,0.0,F,Driving While License Revoked,1,0,Grand Theft in the 3rd Degree,21,Medium,1
Male,Less than 25,Other,0,2,1,3.0,-1.0,M,Battery,1,0,Petit Theft,3,Low,1
Female,25 - 45,African-American,0,0,0,0.0,-2.0,F,Grand Theft in the 3rd Degree,0,0,,0,Medium,0
Male,25 - 45,African-American,0,0,0,1.0,-3.0,M,Poss Of Controlled Substance,1,0,,1,Medium,1
Female,25 - 45,Caucasian,0,0,0,4.0,8.864003974271768,M,Battery on Law Enforc Officer,1,0,Petit Theft,4,High,1
Male,Greater than 45,African-American,0,0,0,0.0,-1.0,F,Failure To Return Hired Vehicle,0,0,,0,Low,0
Male,25 - 45,Hispanic,0,1,0,1.0,0.0,M,Poss Meth/Diox/Meth/Amp (MDMA),0,0,,1,Low,0
Male,25 - 45,African-American,0,1,2,5.0,-1.0,F,arrest case no charge,1,0,Grand Theft in the 3rd Degree,5,High,1
Male,Greater than 45,Caucasian,0,0,0,1.0,-1.0,F,Expired DL More Than 6 Months,0,0,,1,Low,0
Female,Less than 25,African-American,0,0,0,1.0,-1.0,F,Felony Batt(Great Bodily Harm),1,0,Petit Theft,1,Low,1
Male,Greater than 45,African-American,0,0,0,8.0,-23.0,F,arrest case no charge,1,0,Grand Theft in the 3rd Degree,8,High,1
Male,Less than 25,African-American,0,0,0,0.0,-1.0,F,Burglary Conveyance Unoccup,1,0,Resist/Obstruct W/O Violence,0,Medium,1
Male,Less than 25,Other,0,7,1,8.0,-1.0,F,Driving While License Revoked,1,1,Trespass Struct/Convey Occupy,8,High,1
Male,Greater than 45,Hispanic,0,0,0,0.0,0.0,M,Battery,0,0,,0,Low,0
Female,Greater than 45,Caucasian,0,0,0,0.0,-1.0,M,Battery,0,0,,0,Low,0
Male,25 - 45,Other,0,0,0,0.0,-1.0,M,Battery,0,0,,0,Medium,0
Female,Less than 25,Hispanic,0,0,1,0.0,-1.0,M,Battery,1,0,Petit Theft,0,Low,1
Male,25 - 45,Caucasian,0,0,0,1.0,0.0,M,Driving Under The Influence,1,0,Resist/Obstruct W/O Violence,1,Low,1
Male,Greater than 45,African-American,0,0,0,2.0,-1.0,F,Grand Theft in the 3rd Degree,0,0,,2,High,0
Male,Greater than 45,Caucasian,0,0,0,0.0,0.0,M,DUI Property Damage/Injury,0,0,,0,Low,0
Female,Greater than 45,Hispanic,0,0,0,1.0,17.18942024863231,F,arrest case no charge,1,0,Grand Theft in the 3rd Degree,1,Low,1
Male,25 - 45,African-American,0,0,0,0.0,-1.0,M,Susp Drivers Lic 1st Offense,0,0,,0,Low,0
Male,Less than 25,African-American,0,0,0,1.0,-1.0,M,Reckless Driving,1,0,Resist/Obstruct W/O Violence,1,High,1
Male,25 - 45,Hispanic,0,0,0,0.0,-1.0,F,Poss Tetrahydrocannabinols,1,0,,0,Medium,1
Male,25 - 45,Hispanic,0,0,0,0.0,-1.0,M,DUI Property Damage/Injury,0,0,,0,Low,0
Male,25 - 45,African-American,0,0,0,0.0,-1.0,M,Possession of Cocaine,0,0,,0,High,0
Female,25 - 45,Caucasian,0,0,0,1.0,-1.0,F,arrest case no charge,0,0,,1,Medium,0
Male,25 - 45,Caucasian,0,0,0,3.0,-19.0,F,arrest case no charge,1,0,,3,High,1
Male,25 - 45,Caucasian,0,0,0,0.0,0.0,M,Driving Under The Influence,1,0,Petit Theft,0,Low,1
Male,Greater than 45,African-American,0,0,0,7.0,-1.0,M,Driving Under The Influence,1,0,,7,Medium,1
Male,25 - 45,African-American,0,1,0,5.0,-1.0,M,Battery,1,1,Battery,5,High,1
Male,25 - 45,African-American,0,0,0,2.0,0.0,M,Driving License Suspended,0,0,,2,Low,0
Female,25 - 45,African-American,0,0,0,7.0,-1.0,M,Battery,1,0,Grand Theft in the 3rd Degree,7,Low,1
Male,25 - 45,Hispanic,0,0,0,1.0,-1.0,F,Possession of Oxycodone,0,0,,1,Low,0
Male,25 - 45,Caucasian,0,0,0,1.0,0.0,F,"Poss3,4 Methylenedioxymethcath",1,0,Grand Theft in the 3rd Degree,1,Low,1
Male,25 - 45,Caucasian,0,0,0,1.0,-1.0,M,Battery,1,1,Viol Pretrial Release Dom Viol,1,Low,1
Male,Greater than 45,Caucasian,0,0,0,0.0,-1.0,M,Battery,0,0,,0,Low,0
Male,Greater than 45,Caucasian,0,0,0,2.0,-15.0,M,Aggrav Child Abuse-Agg Battery,1,1,Battery,2,Low,1
Female,Less than 25,Caucasian,0,0,0,2.0,-1.0,M,Battery,0,0,,2,Medium,0
Male,Greater than 45,Hispanic,0,0,0,2.0,-1.0,F,Burglary Unoccupied Dwelling,0,0,,2,Low,0
Male,Less than 25,African-American,0,0,0,0.0,-1.0,F,Burglary Structure Unoccup,0,0,,0,Medium,0
Male,25 - 45,African-American,0,0,1,5.0,-1.0,F,Driving While License Revoked,1,1,Aggravated Battery / Pregnant,6,Medium,1
Male,Greater than 45,Caucasian,0,0,0,0.0,0.0,M,Battery,1,0,Petit Theft,0,Low,1
Female,25 - 45,Caucasian,0,0,0,2.0,-1.0,F,Sell or Offer for Sale Counterfeit Goods,1,0,Grand Theft in the 3rd Degree,2,Low,1
Male,Greater than 45,Caucasian,0,0,0,1.0,-1.0,F,arrest case no charge,0,0,,1,Low,0
Male,Greater than 45,African-American,0,0,0,0.0,-1.0,M,Battery,1,0,Petit Theft,0,Low,1
Male,25 - 45,African-American,0,0,0,9.0,-1.0,F,Possession of Cannabis,0,0,,9,Medium,0
Male,Less than 25,African-American,0,0,0,1.0,0.0,F,False Imprisonment,0,0,,1,Medium,0
Male,Less than 25,African-American,0,0,0,1.0,-1.0,F,Battery on Law Enforc Officer,1,0,Resist/Obstruct W/O Violence,1,Low,1
Male,Greater than 45,African-American,0,0,0,8.0,-1.0,F,arrest case no charge,1,1,Resist/Obstruct W/O Violence,8,Medium,1
Male,Greater than 45,African-American,0,0,0,0.0,0.0,M,Battery,1,1,Viol Pretrial Release Dom Viol,0,Low,1
Male,25 - 45,Caucasian,0,0,0,0.0,-1.0,F,Grand Theft in the 3rd Degree,1,0,Resist/Obstruct W/O Violence,0,Low,1
Female,Less than 25,Caucasian,0,0,0,1.0,-1.0,F,arrest case no charge,0,0,,1,High,0
Male,Greater than 45,Caucasian,0,0,0,6.0,-23.0,F,Grand Theft in the 3rd Degree,0,0,,6,Low,0
Female,Greater than 45,Caucasian,0,0,0,0.0,-1.0,M,Viol Pretrial Release Dom Viol,0,0,,0,Low,0
Female,25 - 45,African-American,0,0,0,2.0,-1.0,M,Battery on Law Enforc Officer,0,0,,2,Low,0
Male,25 - 45,African-American,0,0,0,0.0,-1.0,M,Battery,1,1,Battery,0,Medium,1
Male,25 - 45,Caucasian,0,0,0,0.0,-1.0,F,Aggravated Battery / Pregnant,0,0,,0,Low,0
Male,25 - 45,African-American,0,0,0,0.0,-1.0,F,arrest case no charge,0,0,,0,Low,0
Male,Less than 25,Caucasian,0,0,0,0.0,-1.0,F,Burglary Conveyance Unoccup,1,0,Resist/Obstruct W/O Violence,0,Low,0
Male,Greater than 45,Caucasian,0,0,0,7.0,-1.0,F,Felony Battery,0,0,,7,Low,0
Male,Less than 25,Hispanic,0,0,0,2.0,8.327581957592024,F,Burglary Conveyance Unoccup,1,0,Resist/Obstruct W/O Violence,2,High,1
Male,Less than 25,African-American,0,0,0,1.0,-8.0,F,arrest case no charge,0,0,,1,High,0
Male,25 - 45,African-American,0,0,0,12.0,0.0,F,Pos Cannabis W/Intent Sel/Del,1,0,Grand Theft in the 3rd Degree,12,High,0
Male,25 - 45,African-American,0,0,0,10.0,-19.13426589514996,F,Possession of Cocaine,1,0,,10,Medium,1
Female,25 - 45,Caucasian,0,0,1,1.0,0.0,F,Driving While License Revoked,0,0,,1,Low,0
Male,Greater than 45,Caucasian,0,0,0,4.0,-1.0,F,arrest case no charge,0,0,,4,Low,0
Male,25 - 45,African-American,0,0,0,3.0,-1.0,F,Grand Theft in the 3rd Degree,1,0,Grand Theft in the 3rd Degree,3,Low,1
Male,25 - 45,African-American,0,0,0,9.0,-5.0,F,arrest case no charge,0,0,,9,Medium,0
Female,25 - 45,African-American,0,0,0,2.0,-1.0,F,Criminal Mischief Damage <$200,1,0,Grand Theft in the 3rd Degree,2,Low,1
Male,25 - 45,African-American,0,0,0,6.0,0.0,F,"Poss 3,4 MDMA (Ecstasy)",1,1,Battery,6,Medium,1
Male,25 - 45,African-American,0,0,0,8.0,-1.0,M,Battery,1,1,Felony Battery w/Prior Convict,8,High,0
Female,25 - 45,African-American,0,0,0,1.0,0.0,M,Battery,0,0,,1,Low,0
Male,Less than 25,African-American,0,0,3,2.0,0.0,F,Carrying Concealed Firearm,1,0,Grand Theft in the 3rd Degree,2,Low,1
Male,25 - 45,African-American,0,4,6,9.0,-1.0,F,Agg Fleeing and Eluding,1,0,Possession Of Alprazolam,9,Medium,0
Male,25 - 45,African-American,0,12,1,21.000000000000004,0.0,F,DUI Level 0.15 Or Minor In Veh,1,0,Operating W/O Valid License,21,High,1
Female,25 - 45,African-American,1,0,0,1.0,0.0,F,arrest case no charge,0,0,,1,Medium,0
Male,25 - 45,African-American,1,0,0,6.0,-1.0,F,Resist/Obstruct W/O Violence,1,0,,6,Medium,0
Male,Less than 25,African-American,0,0,0,0.0,-1.0,M,Battery,0,0,,0,Low,0
Female,Less than 25,Other,0,0,0,0.0,-1.0,F,Uttering a Forged Instrument,0,0,,0,Low,0
Male,25 - 45,Hispanic,0,0,0,0.0,0.0,F,Grand Theft (Motor Vehicle),0,0,,0,Low,1
Male,Less than 25,Hispanic,0,0,0,0.0,0.0,F,Possession Of Alprazolam,1,0,Resist/Obstruct W/O Violence,0,Low,1
Male,Greater than 45,African-American,0,0,0,3.0,-1.0,F,arrest case no charge,0,0,,3,Low,0
Male,25 - 45,African-American,0,0,0,6.0,-1.0,F,arrest case no charge,1,1,Viol Pretrial Release Dom Viol,6,High,1
Male,Less than 25,African-American,0,0,0,0.0,-1.0,F,arrest case no charge,0,0,,0,Low,0
Female,25 - 45,African-American,0,0,1,9.0,-1.0,M,Battery,0,0,,9,High,0
Male,25 - 45,African-American,0,0,0,7.0,-1.0,F,Tamper With Witness/Victim/CI,1,0,Petit Theft,7,High,1
Female,Greater than 45,African-American,0,0,0,0.0,0.0,M,DUI Property Damage/Injury,0,0,,0,Low,0
Female,25 - 45,Hispanic,0,0,0,0.0,0.0,M,Battery,0,0,,0,Low,0
Male,25 - 45,Other,0,0,0,6.0,-1.0,M,Assault,0,0,,6,High,0
Male,25 - 45,Caucasian,0,0,0,6.0,0.0,F,Driving While License Revoked,0,0,,6,Low,0
Male,Less than 25,African-American,0,0,1,3.0,0.0,F,arrest case no charge,0,0,,3,High,0
Male,25 - 45,African-American,0,0,0,3.0,-1.0,F,Aggravated Battery / Pregnant,1,1,Battery,3,Medium,1
Male,25 - 45,African-American,0,0,0,6.0,-1.0,F,Grand Theft in the 3rd Degree,1,1,Felony Battery w/Prior Convict,6,Medium,1
Male,Greater than 45,African-American,1,0,2,21.000000000000004,-1.0,M,arrest case no charge,1,0,Grand Theft in the 3rd Degree,19,Medium,0
Female,Less than 25,Caucasian,0,0,0,0.0,0.0,F,"Poss3,4 Methylenedioxymethcath",0,0,Grand Theft in the 3rd Degree,0,Medium,1
Male,25 - 45,Caucasian,0,0,0,0.0,-1.0,M,DUI Property Damage/Injury,0,0,,0,Low,0
Male,25 - 45,African-American,0,0,0,5.0,-1.0,F,Poss Wep Conv Felon,0,0,,5,High,0
Female,25 - 45,African-American,0,2,0,10.0,-3.0,F,Uttering a Forged Instrument,0,0,,10,High,0
Male,25 - 45,African-American,0,0,0,0.0,0.0,M,Battery,1,0,,0,Low,1
Male,Greater than 45,Caucasian,0,0,0,5.0,-1.0,F,Robbery / No Weapon,1,0,Grand Theft in the 3rd Degree,5,Medium,1
Male,25 - 45,African-American,1,2,1,6.0,-1.0,M,arrest case no charge,0,0,,6,High,0
Male,Less than 25,African-American,0,1,0,1.0,-1.0,F,Grand Theft in the 3rd Degree,1,0,Grand Theft in the 3rd Degree,1,High,1
Male,25 - 45,African-American,0,1,0,10.0,-1.0,F,Possession of Cocaine,1,0,,10,High,1
Male,25 - 45,Caucasian,0,0,0,1.0,-1.0,F,arrest case no charge,1,0,Petit Theft,1,High,1
Male,25 - 45,African-American,0,1,0,8.0,-1.0,M,Battery,1,0,,8,High,1
Male,Less than 25,African-American,0,0,0,0.0,-1.0,M,Soliciting For Prostitution,0,0,,0,Medium,0
Male,25 - 45,African-American,0,0,0,0.0,-1.0,F,Viol Pretrial Release Dom Viol,0,0,,0,Low,0
Male,25 - 45,Hispanic,0,0,1,7.0,0.0,M,Battery,0,0,,7,Low,0
Male,25 - 45,African-American,0,0,2,11.0,0.0,F,Poss Pyrrolidinovalerophenone,1,1,Possess Cannabis/20 Grams Or Less,11,High,1
Male,Greater than 45,Caucasian,0,0,0,2.0,-1.0,M,Battery,0,0,,2,Low,0
Male,25 - 45,Hispanic,0,0,0,2.0,-1.0,M,Felony Battery,0,0,,2,Low,0
Female,25 - 45,African-American,0,0,0,0.0,-1.0,M,Battery,1,0,Petit Theft,0,Low,1
Male,Less than 25,African-American,0,0,0,0.0,-1.0,F,Resist Officer w/Violence,0,0,,0,Low,0
Female,25 - 45,Other,0,0,0,0.0,-1.0,M,Battery,0,0,,0,Low,1
Male,Less than 25,African-American,0,0,0,6.0,-1.0,F,Uttering a Forged Instrument,1,0,Petit Theft,6,Medium,1
Male,25 - 45,African-American,0,0,0,0.0,-1.0,F,arrest case no charge,0,0,,0,Low,0
Male,Less than 25,Hispanic,0,0,0,4.0,-27.0,F,Possession Of Alprazolam,0,0,,4,High,0
Female,Greater than 45,Caucasian,0,0,0,0.0,0.0,M,Battery,1,0,Petit Theft,0,Low,1
Female,25 - 45,Caucasian,0,0,0,0.0,0.0,M,Battery,0,0,,0,High,0
Male,Less than 25,Hispanic,0,0,0,0.0,-1.0,F,Uttering a Forged Instrument,0,0,,0,Low,0
Male,25 - 45,Caucasian,0,0,0,0.0,-1.0,M,Battery,0,0,,0,Low,0
Male,25 - 45,African-American,0,0,0,9.0,-1.0,F,Drivg While Lic Suspd/Revk/Can,1,1,Aggravated Battery / Pregnant,10,High,1
Female,Less than 25,Caucasian,0,2,0,7.0,-1.0,M,Aggravated Battery / Pregnant,0,0,,7,Medium,0
Male,25 - 45,African-American,0,0,0,1.0,-1.0,F,Grand Theft in the 3rd Degree,0,0,,1,Low,0
Male,Less than 25,African-American,0,0,1,1.0,-2.0,M,Failure To Return Hired Vehicle,1,0,,1,Medium,1
Male,25 - 45,African-American,0,0,0,20.0,0.0,F,Burglary Unoccupied Dwelling,1,0,Resist/Obstruct W/O Violence,20,High,1
Male,25 - 45,Caucasian,0,0,0,3.0,0.0,F,Possession of Cocaine,0,0,,3,Low,0
Male,25 - 45,Hispanic,0,1,0,16.913962180249698,0.0,F,Felony Battery (Dom Strang),1,0,Grand Theft in the 3rd Degree,17,Medium,1
Male,Greater than 45,Caucasian,0,0,0,4.0,-27.0,M,Disorderly Intoxication,0,0,,4,Low,0
Female,25 - 45,African-American,0,0,0,1.0,-1.0,M,arrest case no charge,0,0,,1,Medium,0
Male,Greater than 45,African-American,0,0,0,5.0,-1.0,M,arrest case no charge,0,0,,5,Low,0
Male,25 - 45,African-American,0,0,0,21.000000000000004,-1.0,F,Driving While License Revoked,1,0,Grand Theft in the 3rd Degree,21,High,1
Male,Less than 25,Caucasian,0,0,0,0.0,0.0,F,Burglary Dwelling Occupied,0,0,,0,Low,0
Male,Greater than 45,Asian,0,0,0,3.0,-1.0,F,Possession of Cocaine,1,0,Petit Theft,3,Medium,1
Male,25 - 45,African-American,0,0,0,2.0,0.0,M,Reckless Driving,0,0,,2,Low,0
Male,Less than 25,African-American,0,0,0,1.0,-1.0,M,Battery,1,1,Battery,1,Medium,1
Female,25 - 45,Caucasian,0,0,0,5.0,-22.0,F,Robbery / No Weapon,1,0,,5,Medium,1
Female,Less than 25,Caucasian,0,0,1,0.0,0.0,F,Burglary Unoccupied Dwelling,0,0,,0,Medium,0
Male,Greater than 45,African-American,0,0,0,0.0,-1.0,F,Grand Theft in the 3rd Degree,1,0,Resist/Obstruct W/O Violence,0,Medium,1
Male,25 - 45,African-American,0,0,0,0.0,-1.0,F,Driving While License Revoked,1,0,Petit Theft,0,Medium,1
Male,25 - 45,African-American,2,1,3,21.000000000000004,0.0,F,Deliver Cannabis,1,0,Driving License Suspended,21,High,1
Male,Greater than 45,Caucasian,0,0,0,6.0,-1.0,F,Poss Cocaine/Intent To Del/Sel,0,0,,6,Low,0
Male,Greater than 45,Other,0,0,0,1.0,-1.0,F,arrest case no charge,0,0,,1,Low,0
Male,Greater than 45,Caucasian,0,0,0,0.0,-1.0,M,Battery,0,0,,0,Low,0
Male,Less than 25,African-American,0,0,0,0.0,-1.0,F,Possession Burglary Tools,0,0,,0,Low,0
Male,25 - 45,African-American,0,0,0,0.0,0.0,F,Felony Battery (Dom Strang),0,0,,0,Low,0
Female,Less than 25,Caucasian,0,0,1,2.0,-2.0,F,Felony Battery,0,0,,2,High,0
Male,25 - 45,African-American,0,0,0,2.0,-1.0,M,Burglary Structure Unoccup,0,0,,2,Low,0
Male,Less than 25,African-American,0,0,0,0.0,0.0,F,Burglary Unoccupied Dwelling,1,0,Resist/Obstruct W/O Violence,0,High,1
Male,Less than 25,Hispanic,0,0,0,8.0,0.0,F,Possession of Cannabis,0,0,,8,High,0
Male,25 - 45,African-American,1,1,0,9.0,-1.0,F,Possession of Cocaine,1,0,Resist/Obstruct W/O Violence,9,High,1
Male,25 - 45,African-American,0,0,0,2.0,-1.0,F,Possession of Cocaine,1,0,Grand Theft in the 3rd Degree,2,Low,1
Male,25 - 45,Hispanic,0,0,0,0.0,-1.0,M,Battery,0,0,,0,Low,0
Male,25 - 45,Caucasian,0,0,0,9.0,0.0,M,Battery,1,0,Grand Theft in the 3rd Degree,9,High,1
Male,25 - 45,Caucasian,0,0,0,10.0,-1.0,F,Grand Theft in the 3rd Degree,1,0,Grand Theft in the 3rd Degree,10,High,1
Male,Less than 25,Caucasian,0,0,0,0.0,-4.0,F,Fleeing Or Attmp Eluding A Leo,1,0,Resist/Obstruct W/O Violence,0,Low,0
Male,Greater than 45,Caucasian,0,0,0,0.0,0.0,M,Battery,1,0,Resist/Obstruct W/O Violence,0,Low,1
Male,25 - 45,African-American,0,0,0,0.0,-1.0,F,Possession Of Alprazolam,0,0,,0,Low,0
Male,25 - 45,Caucasian,0,0,0,0.0,0.0,M,Driving Under The Influence,0,0,,0,Low,0
Female,25 - 45,Caucasian,0,0,1,0.0,-1.0,M,Battery,0,0,,0,Low,0
Female,Less than 25,African-American,0,0,0,0.0,-1.0,M,Battery,0,0,,0,Medium,0
Male,Less than 25,Caucasian,0,0,0,1.0,0.0,M,Battery,1,0,Petit Theft,1,Low,1
Male,Greater than 45,African-American,0,0,0,12.0,0.0,M,Battery,1,1,Aggravated Battery / Pregnant,12,Medium,0
Male,Less than 25,African-American,1,0,0,2.0,-1.0,F,Uttering a Forged Instrument,1,0,Grand Theft in the 3rd Degree,2,Medium,1
Female,25 - 45,African-American,0,0,0,5.0,-1.0,F,Uttering a Forged Instrument,1,0,,5,Medium,1
Male,Less than 25,African-American,1,0,0,1.0,-1.0,F,Burglary Conveyance Unoccup,1,1,Burglary Conveyance Unoccup,1,High,1
Male,Greater than 45,Hispanic,0,0,0,10.0,0.0,F,Felony Petit Theft,0,0,,10,Medium,0
Female,25 - 45,African-American,0,0,0,1.0,-1.0,F,arrest case no charge,0,0,,1,Medium,0
Male,25 - 45,African-American,0,0,0,6.0,-1.0,F,Crim Use of Personal ID Info,1,1,Resist/Obstruct W/O Violence,6,Medium,1
Male,Greater than 45,African-American,0,0,0,1.0,-1.0,F,Possession of Cocaine,0,0,,1,Low,0
Male,25 - 45,African-American,0,0,0,18.0,0.0,M,Operating W/O Valid License,1,0,Grand Theft in the 3rd Degree,18,High,1
Male,25 - 45,African-American,0,1,2,12.0,0.0,F,Grand Theft (Motor Vehicle),1,0,Felon in Pos of Firearm or Amm,13,High,1
Male,25 - 45,African-American,0,0,0,0.0,-1.0,F,Driving While License Revoked,0,0,,0,Low,0
Male,25 - 45,Caucasian,0,0,0,5.0,-1.0,F,Possession of Cocaine,1,0,Grand Theft in the 3rd Degree,5,Medium,1
Male,25 - 45,Caucasian,0,0,0,2.0,-2.0,M,Burglary With Assault/battery,0,0,,2,Low,0
Male,Greater than 45,African-American,0,0,0,0.0,-1.0,F,Grand Theft (Motor Vehicle),1,0,Resist/Obstruct W/O Violence,0,Low,1
Male,25 - 45,Caucasian,0,0,0,4.0,-1.0,M,Disorderly Intoxication,1,0,,4,Low,0
Male,Greater than 45,African-American,0,0,0,0.0,0.0,F,Assault,0,0,,0,Low,0
Male,Greater than 45,Asian,0,0,0,0.0,-1.0,M,Battery,0,0,,0,Low,0
Female,25 - 45,African-American,0,0,0,3.0,-1.0,M,Battery on Law Enforc Officer,0,0,Grand Theft in the 3rd Degree,3,Low,0
Male,Less than 25,African-American,0,0,0,0.0,-1.0,M,Battery,1,0,Grand Theft in the 3rd Degree,0,High,1
Male,25 - 45,African-American,0,0,0,7.0,-1.0,F,arrest case no charge,1,0,Grand Theft in the 3rd Degree,7,Medium,1
Female,25 - 45,African-American,0,1,0,6.0,0.0,F,Grand Theft in the 3rd Degree,0,0,,6,High,0
Female,25 - 45,African-American,0,0,0,6.0,-1.0,F,Burglary Conveyance Unoccup,0,0,,6,Low,0
Male,25 - 45,African-American,0,0,0,4.0,-1.0,M,Battery,1,1,Battery,4,Low,0
Male,Less than 25,African-American,0,0,0,1.0,-1.0,F,Grand Theft in the 3rd Degree,1,0,Petit Theft,1,Medium,1
Male,25 - 45,African-American,0,0,0,5.0,-1.0,F,Driving While License Revoked,0,0,,5,Low,0
Male,25 - 45,African-American,0,0,0,0.0,-1.0,M,arrest case no charge,0,0,Petit Theft,0,Low,0
Male,Less than 25,Hispanic,0,0,0,11.0,-15.0,F,Solicit Deliver Cocaine,1,1,Battery,11,High,1
Male,Less than 25,African-American,0,0,0,0.0,-1.0,F,Harass Witness/Victm/Informnt,1,1,Felony Battery w/Prior Convict,0,Medium,1
Male,25 - 45,Caucasian,0,0,0,5.0,15.306523001642923,F,arrest case no charge,1,0,Resist/Obstruct W/O Violence,5,Medium,1
Male,Less than 25,African-American,0,0,0,3.0,-1.0,F,Grand Theft (Motor Vehicle),1,1,Viol Pretrial Release Dom Viol,3,High,1
Male,25 - 45,African-American,0,0,0,1.0,-1.0,F,Grand Theft in the 3rd Degree,1,1,Viol Pretrial Release Dom Viol,1,Low,1
Male,Greater than 45,African-American,0,0,0,8.0,-1.0,M,Robbery / No Weapon,0,0,,8,Medium,0
Male,Greater than 45,African-American,0,0,1,15.0,-1.0,F,Driving While License Revoked,1,0,Grand Theft in the 3rd Degree,15,High,1
Male,25 - 45,African-American,0,0,0,2.0,-1.0,M,Carrying Concealed Firearm,1,0,Resist/Obstruct W/O Violence,2,Low,1
Male,25 - 45,African-American,0,0,0,11.0,-1.0,M,Battery,1,0,Grand Theft in the 3rd Degree,11,Medium,1
Male,25 - 45,Caucasian,0,0,0,11.0,-1.0,F,Felony Battery w/Prior Convict,0,0,,11,High,0
Male,25 - 45,African-American,0,0,0,1.0,-1.0,F,Grand Theft in the 3rd Degree,1,0,Petit Theft,1,Medium,1
Male,25 - 45,African-American,0,0,0,1.0,-1.0,F,False Imprisonment,0,0,,1,High,0
Male,Less than 25,African-American,0,0,0,0.0,-1.0,F,Burglary Dwelling Occupied,0,0,Grand Theft in the 3rd Degree,0,Medium,0
Male,Greater than 45,Asian,0,0,0,6.0,0.0,F,Tamper With Witness/Victim/CI,0,0,,6,Low,1
Male,25 - 45,Caucasian,0,0,0,0.0,-1.0,M,Battery,0,0,,0,Low,0
Male,Greater than 45,Caucasian,0,0,0,0.0,-1.0,F,Possession of Cocaine,1,0,Resist/Obstruct W/O Violence,0,Medium,1
Male,25 - 45,African-American,2,1,0,9.0,-1.0,F,"Poss3,4 Methylenedioxymethcath",0,0,,9,High,0
Male,25 - 45,African-American,0,0,0,1.0,-1.0,F,arrest case no charge,1,0,,1,Low,1
Female,Greater than 45,Caucasian,0,0,0,0.0,-1.0,M,Unauthorized Interf w/Railroad,1,0,Resist/Obstruct W/O Violence,0,Low,1
Male,Less than 25,African-American,0,0,0,1.0,0.0,F,Robbery / No Weapon,0,0,,1,Medium,0
Male,25 - 45,Hispanic,0,0,0,8.0,-1.0,F,Possession of Cocaine,1,0,,8,Medium,1
Female,25 - 45,Caucasian,0,0,0,0.0,-1.0,F,Possession of Cocaine,0,0,,0,Medium,0
Male,Less than 25,Hispanic,0,0,0,0.0,-1.0,F,Possession of Cocaine,0,0,,0,Medium,0
Female,25 - 45,African-American,0,0,0,2.0,0.0,F,Possession Of Alprazolam,1,0,Grand Theft in the 3rd Degree,2,Medium,1
Male,Greater than 45,Caucasian,0,0,0,1.0,-1.0,F,arrest case no charge,0,0,,1,Low,0
Male,25 - 45,African-American,1,1,0,5.0,-1.0,F,Possession of Oxycodone,0,0,,5,High,0
Male,Greater than 45,African-American,0,0,0,6.0,-1.0,F,Possession of Cocaine,0,0,Grand Theft in the 3rd Degree,6,Low,0
Male,Less than 25,African-American,0,0,0,0.0,-1.0,F,Felony Battery (Dom Strang),0,0,,0,High,0
Male,Greater than 45,African-American,0,0,0,12.0,-22.0,F,Possession of Cocaine,1,0,Grand Theft in the 3rd Degree,12,Low,0
Female,25 - 45,African-American,0,0,0,1.0,0.0,M,Aggrav Battery w/Deadly Weapon,0,0,,1,Medium,0
Female,Less than 25,African-American,0,0,0,2.0,-1.0,F,arrest case no charge,0,0,,2,High,0
Male,25 - 45,Caucasian,1,1,1,4.0,-1.0,M,Burglary Conveyance Unoccup,1,0,Possession of Cannabis,4,Medium,1
Male,Greater than 45,Caucasian,0,0,0,4.0,-1.0,F,Uttering a Forged Instrument,0,0,,4,Medium,0
Male,Less than 25,Caucasian,0,0,1,3.0,-1.0,F,arrest case no charge,1,0,Petit Theft,3,Low,1
Male,Greater than 45,Caucasian,0,0,0,1.0,-1.0,F,Possession of Cocaine,0,0,,1,Low,0
Female,25 - 45,Caucasian,0,0,0,1.0,-13.0,F,Possession of Cocaine,0,0,,1,Medium,0
Male,Less than 25,African-American,0,0,0,1.0,-1.0,F,Dealing in Stolen Property,1,1,Battery,1,Low,1
Female,Less than 25,African-American,0,0,0,1.0,-1.0,F,Felony Petit Theft,1,0,Petit Theft,1,High,1
Male,Less than 25,Caucasian,0,0,1,10.0,-1.0,F,arrest case no charge,1,0,Petit Theft,10,Medium,0
Male,Greater than 45,Caucasian,0,0,0,0.0,-1.0,M,Battery,0,0,,0,Low,0
Male,25 - 45,African-American,0,1,1,18.0,-1.0,F,Burglary Conveyance Unoccup,1,0,,18,High,1
Female,25 - 45,African-American,0,0,0,1.0,-1.0,F,Grand Theft in the 3rd Degree,0,0,,1,Low,0
Male,25 - 45,African-American,0,0,0,12.0,0.0,M,Prowling/Loitering,1,0,Resist/Obstruct W/O Violence,12,Medium,1
Male,25 - 45,African-American,4,0,0,10.0,-1.0,F,arrest case no charge,1,0,Grand Theft in the 3rd Degree,10,High,1
Male,25 - 45,African-American,0,0,0,2.0,-1.0,F,Crimin Mischief Damage $1000+,1,1,Felony Battery w/Prior Convict,2,Medium,1
Female,Greater than 45,Hispanic,0,0,0,4.0,-5.097469470054715,F,arrest case no charge,1,0,,4,Low,1
Female,25 - 45,African-American,0,0,0,0.0,-1.0,M,Neglect Child / No Bodily Harm,1,0,Grand Theft in the 3rd Degree,0,Low,1
Female,Less than 25,Caucasian,0,0,0,1.0,-23.0,F,Possession Of Alprazolam,0,0,,1,Medium,0
Male,25 - 45,Caucasian,0,1,0,9.0,-1.0,M,Driving License Suspended,0,0,,9,Low,0
Male,25 - 45,African-American,0,0,0,1.0,-1.0,M,Battery,0,0,,1,Low,0
Male,25 - 45,African-American,0,0,0,1.0,0.0,F,Tampering With Physical Evidence,0,0,,1,Medium,0
Male,25 - 45,Other,0,0,0,1.0,-1.0,F,Pos Cannabis W/Intent Sel/Del,1,0,,1,Low,1
Male,25 - 45,African-American,0,0,0,4.0,-1.0,M,Assault,1,0,Grand Theft in the 3rd Degree,4,High,0
Male,25 - 45,Caucasian,0,0,0,3.0,-1.0,F,Aggrav Child Abuse-Agg Battery,0,0,Grand Theft in the 3rd Degree,3,Low,0
Male,Less than 25,Hispanic,0,0,0,0.0,-1.0,M,Drivg While Lic Suspd/Revk/Can,0,0,,0,Medium,0
Female,25 - 45,Asian,0,0,0,1.0,-10.0,F,Felony/Driving Under Influence,0,0,,1,Low,0
Male,25 - 45,African-American,0,0,0,1.0,-1.0,F,arrest case no charge,0,0,,1,Low,0
Male,25 - 45,Caucasian,0,0,0,5.0,-1.0,F,Battery on Law Enforc Officer,0,0,,5,Low,0
Male,Less than 25,Hispanic,0,0,0,1.0,-1.0,F,Grand Theft in the 3rd Degree,1,0,Grand Theft in the 3rd Degree,1,Low,1
Male,25 - 45,African-American,0,0,0,0.0,0.0,F,arrest case no charge,1,0,Petit Theft,0,Medium,1
Male,Less than 25,African-American,0,0,0,0.0,-1.0,F,Aggrav Battery w/Deadly Weapon,1,1,Viol Pretrial Release Dom Viol,0,Medium,1
Male,Less than 25,Hispanic,0,0,1,2.0,-1.0,F,Poss Similitude of Drivers Lic,1,1,Felony Battery (Dom Strang),2,Medium,1
Male,25 - 45,Caucasian,0,0,0,2.0,-1.0,F,arrest case no charge,0,0,,2,Low,0
Male,25 - 45,Hispanic,0,0,0,0.0,-1.0,M,Battery,1,0,Petit Theft,0,Low,1
Male,Greater than 45,Other,0,0,0,0.0,0.0,M,Driving Under The Influence,0,0,,0,Low,0
Female,25 - 45,African-American,0,0,0,5.0,-1.0,F,Poss Pyrrolidinovalerophenone,1,1,Felony Battery (Dom Strang),5,High,1
Male,25 - 45,Hispanic,0,0,0,0.0,-1.0,F,Possession Of Amphetamine,0,0,,0,Low,0
Female,Less than 25,African-American,0,0,0,0.0,-1.0,F,Possession of Oxycodone,1,0,Grand Theft in the 3rd Degree,0,High,1
Male,25 - 45,African-American,0,0,0,0.0,-1.0,M,Battery,1,0,Resist/Obstruct W/O Violence,0,Low,1
Male,25 - 45,African-American,0,0,0,0.0,0.0,M,Battery,0,0,,0,Low,0
Male,Less than 25,Caucasian,0,0,0,1.0,0.0,F,Possession Of Amphetamine,0,0,,1,Low,0
Male,25 - 45,African-American,0,0,0,0.0,-1.0,F,arrest case no charge,0,0,,0,Low,0
Male,25 - 45,Caucasian,0,0,0,1.0,-1.0,F,arrest case no charge,0,0,,1,Medium,0
Male,Less than 25,Caucasian,0,0,2,0.0,-3.0,F,Possession Of Alprazolam,0,0,,0,Medium,0
Female,25 - 45,Caucasian,0,0,0,0.0,-1.0,F,"Deliver 3,4 Methylenediox",0,0,,0,Low,0
Female,25 - 45,Caucasian,0,0,0,0.0,-1.0,M,Driving Under The Influence,1,0,,0,Low,0
Male,25 - 45,African-American,0,0,2,6.0,-1.0,M,Criminal Mischief Damage <$200,1,0,Petit Theft,6,Medium,1
Male,Greater than 45,African-American,0,0,0,0.0,-1.0,F,Pos Cannabis W/Intent Sel/Del,1,0,Resist/Obstruct W/O Violence,0,Low,1
Male,Less than 25,Other,0,0,0,0.0,-1.0,M,Battery,1,1,Viol Pretrial Release Dom Viol,0,High,1
Male,25 - 45,African-American,1,0,0,10.0,-1.0,F,Resist Officer w/Violence,1,0,Resist/Obstruct W/O Violence,10,High,1
Male,25 - 45,Caucasian,0,0,0,2.0,0.0,M,Battery,1,0,Grand Theft in the 3rd Degree,2,Low,0
Male,25 - 45,Caucasian,0,0,0,4.0,-1.0,F,Driving While License Revoked,0,0,,4,Medium,0
Male,25 - 45,African-American,0,1,0,5.0,-1.0,F,Resist Officer w/Violence,0,0,,5,Medium,0
Male,Greater than 45,African-American,0,0,0,0.0,-1.0,F,Felony Battery (Dom Strang),0,0,,0,Low,0
Female,Less than 25,African-American,0,0,0,0.0,-1.0,M,Battery,0,0,,0,Low,0
Male,Greater than 45,Hispanic,0,0,0,0.0,0.0,M,Harass Witness/Victm/Informnt,0,0,,0,Low,0
Male,25 - 45,African-American,0,0,0,1.0,-6.670488136593995,F,arrest case no charge,1,1,Battery,1,Low,1
Male,25 - 45,African-American,0,0,0,1.0,-2.0,F,Grand Theft Firearm,0,0,,1,Low,0
Male,25 - 45,Hispanic,0,0,0,2.0,0.0,M,Driving Under The Influence,0,0,,2,Low,0
Male,25 - 45,Caucasian,0,0,0,0.0,-1.0,M,Battery,0,0,,0,Low,0
Male,Less than 25,Caucasian,0,0,0,1.0,-1.0,F,Grand Theft in the 3rd Degree,1,0,Petit Theft,1,Low,1
Female,Greater than 45,Caucasian,0,0,0,1.0,0.0,M,Battery on Law Enforc Officer,0,0,,1,Low,0
Male,25 - 45,African-American,0,0,0,9.0,-1.0,F,Possession Of Amphetamine,1,0,Grand Theft in the 3rd Degree,9,Medium,1
Male,Greater than 45,Caucasian,0,0,0,0.0,-1.0,F,Driving License Suspended,0,0,,0,Low,0
Female,Greater than 45,Other,0,0,0,0.0,-1.0,M,Battery,0,0,,0,Low,0
Female,Greater than 45,Caucasian,0,0,0,0.0,0.0,F,Resist Officer w/Violence,0,0,,0,Low,0
Male,Less than 25,Caucasian,0,0,0,0.0,-1.0,F,Possess Cannabis/20 Grams Or Less,1,1,Criminal Mischief Damage <$200,0,Low,1
Male,25 - 45,African-American,0,0,0,0.0,-1.0,M,Possession Of Fentanyl,0,0,,0,Low,0
Male,25 - 45,Caucasian,0,0,0,5.0,-1.0,M,Battery,1,0,Grand Theft in the 3rd Degree,5,Low,1
Male,25 - 45,African-American,0,0,0,2.0,-1.0,F,Drivg While Lic Suspd/Revk/Can,0,0,,2,Low,0
Male,25 - 45,African-American,0,0,0,5.0,-1.0,F,Driving License Suspended,1,0,,5,High,1
Male,Less than 25,Caucasian,0,0,0,0.0,0.0,F,Resist Officer w/Violence,0,0,,0,Low,0
Male,Less than 25,Caucasian,0,0,0,0.0,-1.0,F,Pos Cannabis W/Intent Sel/Del,0,0,,0,Low,0
Male,25 - 45,Caucasian,0,0,0,0.0,-1.0,M,Battery,0,0,,0,Low,0
Female,Less than 25,Caucasian,0,0,0,0.0,0.0,F,Possession of Cocaine,0,0,,0,Low,0
Male,25 - 45,African-American,0,0,0,0.0,-1.0,F,Tamper With Witness/Victim/CI,0,0,,0,Low,0
Female,Greater than 45,African-American,0,0,0,0.0,-1.0,M,Battery,1,0,Grand Theft in the 3rd Degree,0,Low,0
Female,Greater than 45,Other,0,0,0,15.0,-1.0,F,Driving While License Revoked,1,0,,15,High,1
Male,25 - 45,African-American,0,0,1,5.0,-1.0,M,arrest case no charge,0,0,,5,Medium,0
Male,25 - 45,Caucasian,0,0,0,0.0,-1.0,M,Battery,0,0,,0,Medium,0
Male,25 - 45,Caucasian,0,0,0,3.0,-1.0,M,Driving Under The Influence,0,0,,3,Low,0
Male,25 - 45,African-American,0,0,0,5.0,-1.0,M,Battery,1,1,Resist/Obstruct W/O Violence,5,Low,1
Male,Less than 25,African-American,0,0,0,0.0,0.0,M,Battery,0,0,,0,Low,0
Female,Greater than 45,Caucasian,0,0,0,0.0,-1.0,F,Possession of Cocaine,0,0,,0,Low,0
Male,25 - 45,African-American,0,0,0,5.0,-1.0,F,arrest case no charge,1,0,Grand Theft in the 3rd Degree,5,Medium,1
Male,Greater than 45,African-American,1,0,0,5.0,29.03982615775714,F,Possession of Cocaine,0,0,,5,Low,0
Male,Greater than 45,African-American,0,0,0,3.0,-1.0,F,Poss Pyrrolidinovalerophenone,1,0,Grand Theft in the 3rd Degree,3,High,1
Female,25 - 45,African-American,0,0,0,12.0,-2.0,F,Possession Of Alprazolam,1,0,Grand Theft in the 3rd Degree,12,Medium,1
Male,25 - 45,African-American,0,1,0,16.0,-1.0,F,Poss of Cocaine W/I/D/S 1000FT Park,1,1,Resist/Obstruct W/O Violence,16,High,1
Female,Less than 25,African-American,0,0,0,0.0,-1.0,M,Battery,1,1,Agg Battery Grt/Bod/Harm,0,Low,0
Male,25 - 45,African-American,0,0,0,1.0,-1.0,F,arrest case no charge,0,0,,1,Low,0
Male,25 - 45,Caucasian,0,0,0,0.0,-1.0,M,Battery,0,0,,0,Low,0
Male,25 - 45,Caucasian,0,0,0,5.0,-1.0,F,Tamper With Witness/Victim/CI,1,0,Grand Theft in the 3rd Degree,5,Low,1
Male,25 - 45,African-American,0,0,0,0.0,-1.0,M,Burglary Dwelling Assault/Batt,0,0,,0,Low,0
Male,25 - 45,African-American,0,0,0,8.0,-1.0,F,Possession of Cocaine,1,0,,8,High,1
Male,Greater than 45,African-American,0,0,0,0.0,0.0,M,DUI - Enhanced,0,0,,0,Low,0
Male,Less than 25,African-American,0,0,0,0.0,-1.0,M,Battery,1,0,Petit Theft,0,Low,1
Female,25 - 45,Other,0,0,0,0.0,-1.0,M,Viol Injunct Domestic Violence,0,0,,0,Low,0
Male,25 - 45,Other,0,0,0,0.0,-1.0,F,Grand Theft (Motor Vehicle),0,0,,0,Low,0
Male,Greater than 45,Caucasian,0,0,0,7.0,-1.0,F,Possession Of Amphetamine,1,0,Grand Theft in the 3rd Degree,7,Low,1
Male,Less than 25,Other,0,0,1,0.0,-1.0,F,Grand Theft in the 3rd Degree,0,0,,0,Low,0
Male,Greater than 45,African-American,0,0,0,0.0,-1.0,F,Grand Theft (Motor Vehicle),1,0,Petit Theft,0,Low,1
Female,25 - 45,African-American,0,0,0,2.0,-1.0,F,Battery on Law Enforc Officer,1,0,Resist/Obstruct W/O Violence,2,High,1
Male,Less than 25,Caucasian,0,0,0,0.0,-1.0,F,Lve/Scen/Acc/Veh/Prop/Damage,1,0,Resist/Obstruct W/O Violence,0,Low,1
Male,25 - 45,Caucasian,0,0,0,2.0,-1.0,F,arrest case no charge,0,0,,2,Low,0
Male,25 - 45,African-American,0,0,0,0.0,-1.0,M,DUI Property Damage/Injury,0,0,,0,Low,0
Male,25 - 45,African-American,0,0,0,1.0,0.0,F,Lve/Scen/Acc/Veh/Prop/Damage,1,0,Grand Theft in the 3rd Degree,1,Low,0
Male,25 - 45,African-American,0,0,0,5.0,-1.0,M,Battery,1,0,Grand Theft in the 3rd Degree,5,Medium,1
Male,25 - 45,Caucasian,0,0,0,2.0,-2.0,F,Grand Theft in the 3rd Degree,0,0,,2,Low,0
Female,25 - 45,Caucasian,0,0,0,0.0,-1.0,F,Failure To Return Hired Vehicle,0,0,,0,Low,0
Male,25 - 45,Caucasian,2,0,0,5.0,-1.0,M,Resist/Obstruct W/O Violence,1,1,Aggravated Battery / Pregnant,5,High,0
Male,Less than 25,African-American,0,0,0,2.0,-1.0,F,Grand Theft in the 3rd Degree,0,0,Grand Theft in the 3rd Degree,2,Medium,1
Male,25 - 45,African-American,0,0,0,0.0,-1.0,F,Aggravated Assault W/Dead Weap,0,0,,0,Low,0
Male,25 - 45,African-American,0,0,0,1.0,0.0,M,Uttering a Forged Instrument,1,0,Resist/Obstruct W/O Violence,1,Low,1
Male,Greater than 45,Caucasian,0,0,0,4.0,-4.0,F,"Deliver 3,4 Methylenediox",0,0,,4,Low,0
Male,Greater than 45,Caucasian,0,0,0,0.0,-1.0,F,Driving While License Revoked,1,0,Resist/Obstruct W/O Violence,0,Low,0
Male,Greater than 45,African-American,0,0,0,20.0,-1.0,F,Battery,1,0,Grand Theft in the 3rd Degree,20,Low,1
Male,25 - 45,African-American,0,1,0,3.0,-1.0,F,Pos Cannabis W/Intent Sel/Del,0,0,Grand Theft in the 3rd Degree,3,Medium,0
Female,25 - 45,African-American,0,0,0,2.0,-1.0,F,Possession of Cocaine,0,0,,2,Low,0
Female,25 - 45,Other,0,0,0,0.0,-4.0,F,arrest case no charge,0,0,,0,Low,0
Male,Less than 25,Other,0,0,0,1.0,-1.0,F,Aggravated Assault W/dead Weap,1,1,Resist/Obstruct W/O Violence,1,Low,1
Male,Less than 25,Caucasian,0,0,0,0.0,-1.0,F,Possession Of Alprazolam,1,0,Petit Theft,0,High,1
Male,Less than 25,African-American,0,0,0,0.0,-1.0,F,Grand Theft in the 3rd Degree,1,0,Resist/Obstruct W/O Violence,0,Low,1
Male,25 - 45,African-American,0,0,0,10.0,-7.0,M,Driving Under The Influence,1,0,Petit Theft,10,Medium,1
Male,Greater than 45,African-American,0,0,0,0.0,-1.0,F,Poss Pyrrolidinovalerophenone,1,1,Felony Battery w/Prior Convict,0,High,1
Male,Less than 25,African-American,0,0,0,1.0,0.0,F,Burglary Dwelling Occupied,1,0,Resist/Obstruct W/O Violence,1,Medium,1
Male,25 - 45,African-American,0,0,0,7.0,-1.0,F,arrest case no charge,0,0,,7,High,0
Male,25 - 45,African-American,0,1,0,6.0,27.02420529956531,M,Battery,1,1,Battery,6,Medium,1
Male,25 - 45,Caucasian,0,0,0,1.0,22.942813887229363,F,Possession Of Alprazolam,1,0,Petit Theft,1,Low,1
Male,25 - 45,African-American,0,0,0,15.0,-1.0,F,Aggravated Battery / Pregnant,1,0,Grand Theft in the 3rd Degree,15,High,1
Male,Greater than 45,Caucasian,0,0,0,3.0,0.0,M,Battery,1,1,Viol Pretrial Release Dom Viol,3,Medium,1
Male,25 - 45,Other,0,0,0,1.0,-1.0,F,Aggravated Assault W/Dead Weap,1,0,Grand Theft in the 3rd Degree,1,Low,1
Male,25 - 45,Hispanic,0,0,0,0.0,-1.0,F,Burglary Structure Unoccup,0,0,,0,Low,0
Male,Less than 25,African-American,0,0,0,1.0,0.0,F,arrest case no charge,0,0,,1,Low,0
Male,Greater than 45,Hispanic,0,0,0,0.0,-1.0,M,Battery,0,0,,0,Low,0
Female,Less than 25,African-American,1,0,0,1.0,0.0,F,arrest case no charge,1,0,,1,High,0
Male,Less than 25,African-American,0,0,0,1.0,-1.0,F,arrest case no charge,1,0,Petit Theft,1,Low,1
Female,25 - 45,African-American,0,0,0,23.0,0.0,M,Battery,1,0,Grand Theft in the 3rd Degree,23,High,1
Male,25 - 45,Hispanic,0,0,0,0.0,-1.0,M,Battery,0,0,,0,Low,0
Male,25 - 45,African-American,0,0,0,5.0,-1.0,F,Possession of Cocaine,0,0,,5,Low,0
Male,Less than 25,African-American,0,0,0,0.0,-1.0,M,Battery,1,0,Petit Theft,0,Low,1
Female,25 - 45,Caucasian,0,0,0,3.0,-1.0,M,arrest case no charge,0,0,,3,Low,0
Male,Less than 25,African-American,0,0,0,0.0,-1.0,M,Prowling/Loitering,1,0,Resist/Obstruct W/O Violence,0,High,0
Male,Greater than 45,Caucasian,0,0,0,4.0,-3.0,M,Assault,0,0,,4,Medium,0
Male,25 - 45,African-American,0,0,0,4.0,-1.0,F,Driving While License Revoked,1,1,Battery,4,Medium,1
Female,Less than 25,Caucasian,0,0,0,0.0,0.0,M,Battery,0,0,,0,Medium,0
Male,Less than 25,Other,0,0,0,5.0,-1.0,M,arrest case no charge,0,0,,5,Medium,0
Male,25 - 45,African-American,0,0,0,5.0,0.0,F,Driving While License Revoked,1,0,Petit Theft,5,Medium,1
Male,25 - 45,Hispanic,0,0,0,2.0,-1.0,M,Battery,0,0,,2,Low,0
Female,Less than 25,African-American,0,2,1,3.0,-3.0,F,Violation of Injunction Order/Stalking/Cyberstalking,1,1,Introduce Contraband Into Jail,3,High,1
Male,25 - 45,African-American,0,0,0,2.0,-1.0,F,Tampering With Physical Evidence,1,0,Grand Theft in the 3rd Degree,2,High,1
Male,Less than 25,Caucasian,0,0,0,0.0,-1.0,F,Grand Theft on 65 Yr or Older,0,0,,0,Low,0
Male,25 - 45,African-American,0,0,0,0.0,-1.0,F,Felony Battery (Dom Strang),0,0,,0,Low,0
Male,25 - 45,Caucasian,0,0,0,2.0,0.0,M,DUI Property Damage/Injury,0,0,Grand Theft in the 3rd Degree,2,Low,0
Male,25 - 45,African-American,0,0,0,4.0,-1.0,M,Battery,1,0,Grand Theft in the 3rd Degree,4,Medium,1
Male,25 - 45,Caucasian,0,0,0,0.0,-1.0,F,Possession of Cocaine,0,0,,0,Low,0
Female,Greater than 45,African-American,0,0,0,0.0,0.0,F,Burglary Dwelling Occupied,0,0,,0,Medium,0
Male,25 - 45,Caucasian,0,0,0,1.0,0.0,F,Burglary Structure Unoccup,0,0,,1,Low,0
Male,25 - 45,African-American,0,2,1,13.0,0.0,F,arrest case no charge,1,0,Grand Theft (Motor Vehicle),13,Medium,1
Male,Greater than 45,African-American,0,0,0,11.0,-1.0,M,Petit Theft $100- $300,1,0,Petit Theft,11,Medium,1
Male,25 - 45,African-American,0,0,1,2.0,-7.0,F,Driving While License Revoked,0,0,,2,Low,0
Male,Greater than 45,Other,0,0,0,0.0,-1.0,M,Battery,0,0,,0,Low,0
Male,Less than 25,African-American,0,0,0,0.0,-1.0,F,False Ownership Info/Pawn Item,1,0,Petit Theft,0,Medium,1
Female,25 - 45,African-American,0,0,0,0.0,-1.0,F,Aggrav Battery w/Deadly Weapon,0,0,Petit Theft,0,Low,0
Male,25 - 45,African-American,0,0,0,1.0,-13.204982601077749,F,Felony Battery (Dom Strang),0,0,,1,Low,0
Male,Less than 25,African-American,0,0,0,0.0,-1.0,F,Possession of Cocaine,0,0,Petit Theft,0,Medium,0
Male,Less than 25,Other,0,0,0,0.0,-1.0,F,Aggravated Assault w/Firearm,0,0,,0,High,0
Male,25 - 45,Caucasian,0,0,0,2.0,-1.0,F,Pos Cannabis W/Intent Sel/Del,0,0,,2,Low,0
Male,Less than 25,African-American,0,0,0,0.0,0.0,F,Depriv LEO of Protect/Communic,1,1,Felony Battery (Dom Strang),0,Medium,1
Male,Less than 25,Caucasian,0,0,0,0.0,-1.0,F,Possession Of Methamphetamine,0,0,,0,Low,0
Male,Less than 25,Hispanic,0,0,0,0.0,0.0,F,Grand Theft (Motor Vehicle),0,0,,0,High,0
Male,Greater than 45,Caucasian,0,0,0,8.0,0.0,F,arrest case no charge,0,0,,8,Low,0
Male,25 - 45,Caucasian,0,0,0,0.0,-1.0,F,Possession of Cocaine,0,0,Grand Theft in the 3rd Degree,0,Low,0
Female,Less than 25,African-American,0,0,5,0.0,-1.0,M,Battery,1,0,Petit Theft,0,Medium,1
Male,25 - 45,Other,0,0,0,2.0,-1.0,F,arrest case no charge,1,1,Viol Pretrial Release Dom Viol,2,Low,1
Male,25 - 45,Caucasian,0,0,0,2.0,-11.896093576862466,M,Prowling/Loitering,1,0,Grand Theft in the 3rd Degree,2,Medium,1
Female,Less than 25,African-American,0,0,0,2.0,-1.0,F,Possession Of Fentanyl,1,0,Petit Theft,2,High,1
Female,25 - 45,African-American,0,0,0,0.0,-1.0,M,Battery,1,0,Petit Theft,0,Low,1
Female,25 - 45,African-American,0,0,0,0.0,-1.0,M,Aggravated Battery (Firearm),1,1,Felony Battery (Dom Strang),0,Low,1
Male,25 - 45,Hispanic,0,0,0,5.0,-2.0,F,Grand Theft in the 3rd Degree,0,0,,5,Low,0
Male,Greater than 45,African-American,0,0,0,0.0,-1.0,F,"Deliver 3,4 Methylenediox",0,0,Grand Theft in the 3rd Degree,0,Low,0
Male,Greater than 45,African-American,1,0,0,10.0,-1.0,F,Criminal Mischief Damage <$200,1,0,,10,Medium,1
Male,Less than 25,African-American,1,0,0,1.0,-19.0,F,arrest case no charge,0,0,,1,Medium,0
Male,25 - 45,Hispanic,0,0,0,1.0,-1.0,M,Felony Batt(Great Bodily Harm),1,0,Grand Theft in the 3rd Degree,1,Low,1
Male,25 - 45,Caucasian,0,0,0,2.0,-1.0,F,Possession Of Methamphetamine,0,0,,2,Medium,0
Male,25 - 45,Caucasian,0,0,0,3.0,-1.0,F,Pos Cannabis W/Intent Sel/Del,1,0,,3,Medium,1
Male,Greater than 45,African-American,0,0,2,23.750016334488258,0.0,M,Bribery Athletic Contests,1,1,Felony Battery (Dom Strang),23,High,1
Male,Less than 25,African-American,1,1,0,6.0,-1.0,F,arrest case no charge,1,1,Resist Officer w/Violence,6,Medium,1
Male,Less than 25,Other,0,0,0,0.0,-1.0,F,False Imprisonment,1,0,Petit Theft,0,Low,1
Male,Greater than 45,African-American,0,0,0,0.0,-1.0,F,Driving While License Revoked,1,0,Petit Theft,0,Medium,1
Male,Greater than 45,Caucasian,0,0,0,0.0,0.0,M,Driving Under The Influence,0,0,,0,Low,0
Male,Greater than 45,Caucasian,0,0,0,1.0,-9.0,M,DUI Property Damage/Injury,0,0,,1,Low,0
Male,25 - 45,Caucasian,0,0,0,2.0,-1.0,M,Viol Injunct Domestic Violence,0,0,,2,Low,0
Male,Greater than 45,Caucasian,0,0,0,2.0,-25.0,M,Battery,0,0,,2,Low,0
Male,25 - 45,African-American,0,0,0,2.0,0.0,F,Burglary Conveyance Unoccup,1,1,Battery,2,Low,1
Male,Less than 25,African-American,0,0,0,0.0,-1.0,M,Petit Theft,1,0,Grand Theft in the 3rd Degree,0,High,1
Female,25 - 45,Caucasian,0,0,0,0.0,-1.0,M,Battery,0,0,,0,Low,0
Male,25 - 45,African-American,0,0,0,0.0,-1.0,F,Possession of Cannabis,0,0,,0,Low,0
Male,25 - 45,African-American,0,0,0,9.0,0.0,F,Poss Cocaine/Intent To Del/Sel,1,1,Felony Battery w/Prior Convict,9,Medium,1
Male,Greater than 45,African-American,0,0,0,8.0,-1.0,F,Driving While License Revoked,0,0,Grand Theft in the 3rd Degree,8,Low,0
Male,Greater than 45,African-American,0,0,0,8.0,0.0,F,Possession of Cocaine,1,0,Grand Theft in the 3rd Degree,8,Low,1
Female,25 - 45,Caucasian,0,0,0,0.0,0.0,M,Battery,0,0,,0,Medium,0
Male,Less than 25,African-American,0,1,0,4.0,0.0,F,arrest case no charge,1,1,Trespass Struct/Convey Occupy,4,High,1
Male,Greater than 45,Caucasian,0,0,0,0.0,0.0,F,Att Burgl Unoccupied Dwel,0,0,,0,Low,0
Male,Less than 25,Caucasian,0,0,0,0.0,-1.0,M,Battery,0,0,,0,Medium,0
Male,25 - 45,Caucasian,0,0,0,4.0,0.0,F,Battery on Law Enforc Officer,1,0,,4,Low,1
Male,25 - 45,African-American,1,1,2,15.0,-1.0,F,Driving While License Revoked,1,0,Aggravated Assault w/Firearm,15,High,1
Male,25 - 45,African-American,0,0,0,3.0,-23.0,M,Leave Accd/Attend Veh/Less $50,0,0,,3,Medium,0
Male,25 - 45,Caucasian,0,0,0,0.0,0.0,M,Abuse Without Great Harm,1,1,Aggravated Battery / Pregnant,0,Low,1
Female,25 - 45,Other,0,0,0,0.0,-1.0,F,Grand Theft in the 3rd Degree,0,0,,0,Low,0
Female,25 - 45,Caucasian,0,0,1,0.0,-1.0,F,Burglary Structure Unoccup,0,0,,0,Low,0
Male,Less than 25,African-American,0,0,0,1.0,-19.0,M,Battery,1,1,Viol Pretrial Release Dom Viol,1,Medium,1
Male,25 - 45,African-American,0,0,0,1.0,-1.0,M,Battery,1,1,Battery,1,Medium,1
Male,25 - 45,African-American,0,0,0,0.0,-1.0,M,Viol Injunct Domestic Violence,0,0,,0,Medium,0
Male,Less than 25,Caucasian,0,0,0,3.0,-1.0,M,Battery,1,0,,3,High,1
Male,25 - 45,Other,0,0,0,2.0,0.0,M,Battery,1,0,Grand Theft in the 3rd Degree,2,Low,1
Female,Less than 25,African-American,0,0,0,3.0,-1.0,F,Grand Theft in the 3rd Degree,1,0,Grand Theft in the 3rd Degree,3,Medium,1
Male,25 - 45,Caucasian,0,0,0,5.0,0.0,F,Driving While License Revoked,1,0,,5,Low,0
Male,25 - 45,Other,0,0,0,1.0,-1.0,F,Pos Cannabis W/Intent Sel/Del,1,0,Petit Theft,1,Low,1
Male,25 - 45,Caucasian,1,0,0,1.0,-1.0,M,Possession of Cannabis,0,0,,1,Low,1
Male,25 - 45,African-American,0,0,0,7.0,0.0,F,Aggravated Battery / Pregnant,1,1,Felony Battery (Dom Strang),7,High,1
Male,Greater than 45,Caucasian,0,0,0,2.0,0.0,F,Possession of Cocaine,1,0,,2,Medium,1
Male,25 - 45,Hispanic,0,0,0,0.0,0.0,M,Assault,0,0,,0,Low,0
Female,Greater than 45,Caucasian,0,0,0,0.0,-1.0,F,Burglary Structure Unoccup,0,0,,0,Low,0
Male,Less than 25,Caucasian,0,0,0,0.0,0.0,F,"Poss3,4 Methylenedioxymethcath",1,0,Petit Theft,0,High,1
Male,Greater than 45,Caucasian,0,0,0,0.0,-1.0,M,Battery,0,0,,0,Low,0
Male,Greater than 45,Caucasian,0,0,0,0.0,0.0,M,DUI Property Damage/Injury,0,0,,0,Low,0
Male,Greater than 45,Caucasian,0,0,0,13.0,-13.0,F,arrest case no charge,0,0,,13,Low,0
Male,25 - 45,Hispanic,0,0,0,1.0,0.0,F,Driving While License Revoked,1,0,Resist/Obstruct W/O Violence,1,Low,1
Male,25 - 45,African-American,0,0,0,0.0,0.0,M,Battery,0,0,,0,Low,0
Male,Greater than 45,African-American,0,0,0,1.0,0.0,F,Possession of Cocaine,0,0,,1,Medium,0
Male,25 - 45,Caucasian,0,0,0,0.0,-1.0,F,Burglary Conveyance Unoccup,0,0,,0,Medium,0
Male,Less than 25,African-American,0,0,0,7.0,-1.0,F,arrest case no charge,1,0,Grand Theft in the 3rd Degree,7,Medium,1
Female,Greater than 45,Caucasian,0,0,0,0.0,0.0,M,Driving Under The Influence,0,0,,0,Low,0
Male,25 - 45,African-American,0,0,0,12.0,-1.0,F,Poss Pyrrolidinovalerophenone,1,0,Grand Theft in the 3rd Degree,12,High,1
Male,Greater than 45,African-American,0,0,0,0.0,-1.0,F,Grand Theft in the 3rd Degree,0,0,,0,Low,0
Male,Less than 25,African-American,0,0,0,0.0,-1.0,M,Battery,1,0,Petit Theft,0,Low,1
Female,25 - 45,Hispanic,0,0,0,0.0,0.0,M,Battery,1,0,,0,Low,1
Female,25 - 45,African-American,0,0,0,2.0,-14.99969687405267,M,Battery,1,0,Grand Theft in the 3rd Degree,2,Low,0
Male,25 - 45,Hispanic,0,0,0,1.0,0.0,F,Possession of Cocaine,0,0,Grand Theft in the 3rd Degree,1,High,1
Male,25 - 45,African-American,0,1,1,23.866720628982716,-1.0,M,Battery,1,0,Resist/Obstruct W/O Violence,23,High,1
Female,25 - 45,African-American,0,0,0,1.0,-2.0,F,"Poss3,4 Methylenedioxymethcath",0,0,,1,Low,0
Male,25 - 45,African-American,0,1,0,27.100039050946815,-1.0,M,Battery,0,0,Petit Theft,26,Medium,0
Male,25 - 45,African-American,0,0,0,1.0,0.0,F,arrest case no charge,0,0,,1,Low,0
Female,25 - 45,Caucasian,0,0,0,1.0,-1.0,F,Criminal Mischief Damage <$200,0,0,,1,Low,0
Male,Less than 25,African-American,0,0,2,2.0,-1.0,M,Battery,1,1,Felony Battery w/Prior Convict,2,High,1
Male,25 - 45,African-American,0,0,0,9.0,-1.0,F,arrest case no charge,1,0,Petit Theft,9,Medium,1
Male,25 - 45,Caucasian,0,0,0,0.0,-7.0,M,Driving Under The Influence,1,0,Grand Theft in the 3rd Degree,0,Low,1
Male,25 - 45,African-American,0,0,0,17.0,-4.0,F,arrest case no charge,1,0,Grand Theft in the 3rd Degree,17,High,1
Male,Less than 25,Caucasian,0,0,0,2.0,-10.0,F,arrest case no charge,0,0,,2,Medium,0
Male,Greater than 45,Caucasian,0,0,0,0.0,-1.0,M,Resist Officer w/Violence,0,0,,0,Low,0
Male,25 - 45,Caucasian,0,0,0,0.0,-1.0,F,Possession of Cocaine,0,0,,0,Low,0
Male,Less than 25,Caucasian,0,0,0,0.0,-1.0,F,Possession of Cocaine,0,0,Grand Theft in the 3rd Degree,0,High,0
Male,Greater than 45,African-American,0,0,0,4.0,-1.0,F,Poss of Cocaine W/I/D/S 1000FT Park,0,0,,4,Medium,0
Male,Greater than 45,African-American,0,0,0,1.0,-1.0,F,arrest case no charge,0,0,,1,Low,0
Male,25 - 45,Caucasian,0,0,0,4.0,-1.0,F,Poss Meth/Diox/Meth/Amp (MDMA),1,0,Petit Theft,4,Medium,1
Male,25 - 45,African-American,0,0,0,7.0,-1.0,F,Grand Theft in the 3rd Degree,1,0,Petit Theft,7,High,1
Male,25 - 45,African-American,0,0,0,0.0,-1.0,F,Felony Battery (Dom Strang),1,0,,0,Low,0
Female,25 - 45,African-American,0,0,0,10.0,14.501904438153261,M,Operating W/O Valid License,0,0,Grand Theft in the 3rd Degree,10,Medium,1
Male,Greater than 45,African-American,0,0,0,22.0,-1.0,F,Felony Petit Theft,1,0,Grand Theft in the 3rd Degree,22,Medium,1
Female,25 - 45,African-American,0,0,0,1.0,7.891276890797769,F,arrest case no charge,0,0,,1,Medium,0
Male,25 - 45,African-American,0,0,0,26.920749487667702,-1.0,F,Felony Petit Theft,1,0,Grand Theft in the 3rd Degree,26,High,1
Male,Greater than 45,African-American,0,0,0,1.0,-1.0,M,Battery,1,1,Resist/Obstruct W/O Violence,1,Low,1
Male,25 - 45,African-American,0,0,0,0.0,-1.0,M,False Imprisonment,0,0,,0,Low,0
Male,25 - 45,Caucasian,0,0,1,17.0,-1.0,F,Felony Petit Theft,1,0,Resist/Obstruct W/O Violence,18,High,1
Female,Greater than 45,African-American,0,0,0,1.0,-4.0,F,Driving While License Revoked,0,0,,1,Low,0
Male,25 - 45,Hispanic,0,0,0,0.0,0.0,M,Battery,1,0,Grand Theft in the 3rd Degree,0,Low,1
Male,Greater than 45,Caucasian,0,0,0,0.0,-1.0,M,Driving Under The Influence,0,0,,0,Low,0
Female,25 - 45,Caucasian,0,0,0,1.0,-1.0,M,Battery,1,0,Grand Theft in the 3rd Degree,1,Medium,1
Male,Greater than 45,Caucasian,0,0,0,0.0,-2.0,F,arrest case no charge,0,0,,0,Low,0
Female,Greater than 45,Caucasian,0,0,0,0.0,-1.0,M,Petit Theft $100- $300,1,0,Grand Theft in the 3rd Degree,0,Low,1
Female,Greater than 45,Caucasian,0,0,0,5.0,-1.0,M,Battery,0,0,Petit Theft,5,Medium,1
Male,25 - 45,African-American,0,0,0,5.0,-1.0,F,Aggravated Assault w/Firearm,1,0,Resist/Obstruct W/O Violence,5,Low,1
Male,Less than 25,Other,0,1,0,1.0,-4.4798419740528495,F,arrest case no charge,1,1,Resist/Obstruct W/O Violence,1,High,1
Male,Less than 25,African-American,0,2,0,3.0,-1.0,F,Grand Theft in the 3rd Degree,1,0,Grand Theft of the 2nd Degree,3,Low,1
Male,25 - 45,African-American,0,0,0,4.0,0.0,F,Burglary Dwelling Assault/Batt,1,1,Felony Battery w/Prior Convict,4,Medium,1
Male,25 - 45,African-American,0,0,0,5.0,-1.0,F,Deliver Cocaine,0,0,,5,High,0
Female,Greater than 45,Caucasian,0,0,0,2.0,-1.0,F,Possession of Cocaine,1,0,Grand Theft in the 3rd Degree,2,Low,1
Male,25 - 45,African-American,0,1,0,11.0,-1.0,F,Possession of Cocaine,1,0,Petit Theft,11,High,1
Male,25 - 45,African-American,0,0,0,2.0,-1.0,F,Possession of Cannabis,0,0,,2,Low,0
Male,25 - 45,Caucasian,0,0,0,0.0,0.0,M,Battery,0,0,,0,Low,0
Male,25 - 45,African-American,0,0,0,2.0,-15.0,F,Possession of Oxycodone,0,0,,2,Low,0
Male,25 - 45,African-American,0,0,0,5.0,-1.0,F,Grand Theft in the 3rd Degree,0,0,,5,Medium,0
Male,Greater than 45,Other,0,0,0,0.0,0.0,M,DUI Property Damage/Injury,0,0,,0,Low,0
Male,25 - 45,Caucasian,0,0,0,1.0,-1.0,M,Aggravated Assault W/dead Weap,1,0,Petit Theft,1,Medium,1
Male,25 - 45,Caucasian,0,0,0,9.0,0.0,F,arrest case no charge,1,1,Battery,9,Medium,1
Female,25 - 45,African-American,0,0,0,1.0,-1.0,F,Aggrav Battery w/Deadly Weapon,1,0,Grand Theft in the 3rd Degree,1,Low,1
Male,Greater than 45,Caucasian,0,0,0,5.0,0.0,M,Viol Injunct Domestic Violence,1,1,Viol Pretrial Release Dom Viol,5,Low,1
Female,Greater than 45,Caucasian,0,0,0,1.0,-1.0,F,arrest case no charge,0,0,,1,Low,0
Male,Greater than 45,Caucasian,0,0,0,10.0,0.0,F,Resist Officer w/Violence,1,1,Felony Battery w/Prior Convict,10,Low,0
Male,25 - 45,African-American,0,0,0,0.0,-1.0,F,Felony Batt(Great Bodily Harm),0,0,,0,Low,0
Male,25 - 45,African-American,0,0,0,0.0,0.0,M,Battery,0,0,,0,Medium,0
Male,Greater than 45,African-American,0,0,0,5.0,-13.0,F,Possession of Cocaine,0,0,,5,Low,0
Male,Less than 25,Caucasian,0,0,0,1.0,-1.0,F,Possession of Cannabis,1,0,Petit Theft,1,High,1
Male,Greater than 45,Hispanic,0,0,0,0.0,-1.0,M,Battery,0,0,,0,Low,1
Male,25 - 45,African-American,0,0,0,10.0,-1.0,M,Assault,1,0,Petit Theft,10,High,1
Male,25 - 45,African-American,0,3,0,7.0,-1.0,F,arrest case no charge,1,0,,7,Low,0
Male,25 - 45,Caucasian,0,0,2,3.0,0.0,F,Possession of Cocaine,0,0,,3,Low,0
Female,Greater than 45,Caucasian,0,0,0,0.0,0.0,M,DUI Property Damage/Injury,0,0,,0,Low,0
Male,25 - 45,Caucasian,0,0,0,0.0,-1.0,F,Battery on Law Enforc Officer,1,0,Resist/Obstruct W/O Violence,0,Medium,1
Male,25 - 45,Other,0,0,0,1.0,-1.0,F,arrest case no charge,0,0,,1,Low,0
Female,25 - 45,Caucasian,0,0,0,1.0,-1.0,M,arrest case no charge,1,0,Grand Theft in the 3rd Degree,1,Medium,0
Male,25 - 45,Caucasian,0,0,0,2.0,-1.0,F,arrest case no charge,0,0,,2,Low,0
Male,Less than 25,African-American,0,0,1,1.0,-1.0,F,Possession of Cocaine,0,0,,1,Medium,0
Male,25 - 45,Caucasian,0,0,0,1.0,-19.40690696882632,M,Agg Fleeing and Eluding,0,0,,1,Low,0
Male,Greater than 45,African-American,0,0,0,1.0,-1.0,M,Assault,1,1,Battery,1,Medium,0
Male,25 - 45,African-American,0,0,0,4.0,-1.0,M,Battery,0,0,,4,Low,0
Female,25 - 45,Caucasian,0,0,0,0.0,-1.0,F,Grand Theft in the 3rd Degree,0,0,Petit Theft,0,Low,0
Male,Greater than 45,Caucasian,0,0,0,3.0,-3.0,M,Battery,0,0,,3,Low,0
Female,25 - 45,African-American,0,0,0,3.0,0.0,M,Grand Theft on 65 Yr or Older,1,0,,3,Low,1
Male,Greater than 45,African-American,0,0,0,3.0,-1.0,F,arrest case no charge,0,0,,3,Low,0
Male,25 - 45,African-American,0,0,0,1.0,-1.0,F,Possession of Cocaine,1,0,Grand Theft in the 3rd Degree,1,Low,1
Male,Less than 25,African-American,0,0,0,2.0,-1.0,F,Driving While License Revoked,1,0,Petit Theft,2,Medium,1
Male,25 - 45,African-American,0,0,0,0.0,-3.0,F,Carrying Concealed Firearm,0,0,,0,Low,0
Female,25 - 45,African-American,0,0,0,2.0,-15.0,F,arrest case no charge,0,0,,2,Medium,0
Female,25 - 45,African-American,0,0,0,0.0,-5.0,M,Burglary Structure Unoccup,0,0,,0,Medium,0
Male,25 - 45,Caucasian,0,0,0,0.0,-1.0,M,Viol Injunct Domestic Violence,0,0,Petit Theft,0,Medium,1
Male,25 - 45,African-American,0,0,0,1.0,-1.0,M,Battery,1,0,,1,Medium,1
Male,25 - 45,African-American,0,0,0,7.0,-1.0,F,Grand Theft in the 3rd Degree,1,0,Resist/Obstruct W/O Violence,7,Medium,1
Male,Less than 25,African-American,0,0,0,0.0,-1.0,M,Battery,0,0,,0,High,0
Male,25 - 45,Caucasian,0,2,0,2.0,-22.0,M,Viol Injunct Domestic Violence,0,0,,2,Low,0
Male,Less than 25,Hispanic,0,0,0,2.0,-25.0,F,Possession of Cannabis,0,0,,2,Low,0
Male,25 - 45,Caucasian,0,0,0,0.0,-1.0,F,Bribery Athletic Contests,1,1,Felony Battery (Dom Strang),0,Low,1
Female,25 - 45,African-American,0,0,0,0.0,-1.0,M,Battery,1,0,Petit Theft,0,Medium,1
Male,25 - 45,Caucasian,0,0,0,0.0,-1.0,M,Battery,1,0,Petit Theft,0,Low,1
Female,Greater than 45,African-American,0,0,0,10.0,-1.0,F,Aggravated Assault W/dead Weap,1,0,Resist/Obstruct W/O Violence,10,Low,1
Male,25 - 45,Caucasian,0,0,0,0.0,-1.0,F,Grand Theft in the 3rd Degree,0,0,,0,Low,0
Male,Less than 25,African-American,0,0,0,0.0,-1.0,F,Burglary Unoccupied Dwelling,1,1,Criminal Mischief Damage <$200,0,Medium,1
Male,25 - 45,African-American,0,1,0,24.15504222147796,0.0,F,Driving While License Revoked,1,1,Felony Battery (Dom Strang),24,High,1
Male,Less than 25,African-American,0,0,0,2.0,-1.0,M,Battery,1,0,Petit Theft,2,High,1
Male,25 - 45,African-American,2,0,0,6.0,-1.0,M,Driving License Suspended,1,0,Grand Theft in the 3rd Degree,6,High,1
Female,Less than 25,African-American,0,0,0,1.0,-1.0,F,Possession of Cocaine,1,0,Resist/Obstruct W/O Violence,1,Medium,1
Male,25 - 45,Caucasian,0,0,0,1.0,-1.0,F,Poss Pyrrolidinovalerophenone,1,0,Petit Theft,1,Low,1
Male,25 - 45,Caucasian,0,0,0,5.0,-1.0,F,Resist Officer w/Violence,1,0,,5,Low,1
Male,25 - 45,African-American,0,0,0,4.0,-1.0,F,Possession of Cocaine,0,0,,4,High,0
Male,25 - 45,African-American,0,0,0,1.0,-1.0,F,Possession of Cannabis,1,0,Resist/Obstruct W/O Violence,1,Low,0
Female,Less than 25,Caucasian,0,0,0,0.0,0.0,M,Battery,0,0,,0,Low,0
Male,Less than 25,Caucasian,0,0,0,0.0,0.0,F,Driving While License Revoked,0,0,,0,Low,0
Female,Less than 25,Caucasian,0,0,0,0.0,-1.0,M,Battery,0,0,,0,Medium,0
Male,Greater than 45,Caucasian,0,0,0,8.0,-1.0,F,Possession of Cocaine,1,0,Grand Theft in the 3rd Degree,8,Medium,1
Male,Greater than 45,African-American,0,0,0,9.0,-1.0,F,Possession of Cocaine,1,0,Grand Theft in the 3rd Degree,9,High,1
Male,25 - 45,African-American,0,0,0,1.0,0.0,F,Driving Under The Influence,0,0,,1,Low,0
Male,25 - 45,Caucasian,0,0,0,1.0,-1.0,F,Possession of Cannabis,0,0,,1,Low,0
Male,25 - 45,African-American,0,0,0,9.0,-1.0,F,Poss Contr Subst W/o Prescript,1,1,Felony Battery (Dom Strang),9,Medium,1
Male,25 - 45,Asian,0,0,0,5.0,0.0,F,Driving While License Revoked,1,0,Grand Theft in the 3rd Degree,5,Medium,1
Female,25 - 45,Caucasian,0,0,0,0.0,0.0,F,Possession of Cocaine,0,0,,0,Medium,0
Male,25 - 45,Hispanic,0,0,0,0.0,0.0,M,Grand Theft in the 3rd Degree,0,0,,0,Low,0
Male,Greater than 45,Hispanic,0,0,0,1.0,-11.911270259631507,F,arrest case no charge,0,0,,1,Low,0
Male,25 - 45,African-American,0,0,0,4.0,-1.0,F,"Poss3,4 Methylenedioxymethcath",1,0,Resist/Obstruct W/O Violence,4,High,1
Female,25 - 45,Caucasian,0,0,0,2.0,0.0,M,Battery,0,0,,2,Medium,0
Male,Less than 25,African-American,0,0,0,0.0,-1.0,M,Possess Cannabis/20 Grams Or Less,1,1,Battery,0,Medium,1
Male,25 - 45,African-American,0,0,0,0.0,-1.0,M,Battery,0,0,,0,Low,0
Male,25 - 45,Caucasian,0,0,0,0.0,-1.0,F,Possession of Cocaine,1,1,Battery,0,High,1
Male,25 - 45,African-American,0,0,0,0.0,0.0,F,False Imprisonment,0,0,,0,Low,1
Male,Greater than 45,Caucasian,0,0,0,0.0,-1.0,M,Viol Injunct Domestic Violence,0,0,,0,Low,0
Female,25 - 45,African-American,0,0,0,0.0,-3.0,F,Grand Theft in the 3rd Degree,0,0,,0,Low,0
Male,25 - 45,Caucasian,0,0,0,0.0,-1.0,F,Felony Battery (Dom Strang),0,0,,0,Low,0
Male,25 - 45,Caucasian,0,0,0,13.0,-1.0,F,Grand Theft in the 3rd Degree,1,1,Viol Pretrial Release Dom Viol,13,High,1
Male,25 - 45,African-American,0,0,0,2.0,-1.0,F,arrest case no charge,0,0,,2,Medium,0
Female,25 - 45,African-American,0,0,0,0.0,-1.0,M,Battery,0,0,,0,Low,0
Female,25 - 45,Caucasian,0,0,0,0.0,-5.506438345490665,M,DUI - Enhanced,0,0,,0,Low,0
Male,Less than 25,Caucasian,0,0,0,1.0,0.0,M,Battery,1,0,Grand Theft in the 3rd Degree,1,Low,1
Male,Less than 25,African-American,0,0,0,0.0,-1.0,M,Resist/Obstruct W/O Violence,0,0,,0,High,0
Male,25 - 45,Other,0,0,0,0.0,-2.0,F,Robbery / Weapon,0,0,,0,Low,0
Male,Greater than 45,Caucasian,0,0,0,0.0,-1.0,M,Battery,0,0,,0,Low,0
Female,25 - 45,Other,0,0,0,2.0,-1.0,F,Failure To Return Hired Vehicle,0,0,,2,Low,0
Male,Greater than 45,Caucasian,0,0,0,0.0,-1.0,F,Grand Theft in the 3rd Degree,1,0,Resist/Obstruct W/O Violence,0,Medium,1
Male,Less than 25,African-American,0,0,0,0.0,-1.0,F,Poss Meth/Diox/Meth/Amp (MDMA),0,0,,0,Medium,0
Male,25 - 45,Caucasian,0,0,0,2.0,0.0,F,arrest case no charge,0,0,,2,Low,0
Male,25 - 45,African-American,0,1,1,13.0,0.0,F,Driving While License Revoked,1,0,Resist/Obstruct W/O Violence,13,High,1
Male,25 - 45,Hispanic,0,0,0,1.0,-14.222409531504358,M,Sound Articles Over 100,0,0,,1,Medium,0
Male,Less than 25,African-American,0,0,2,0.0,-1.0,F,Uttering a Forged Instrument,1,0,,0,Medium,1
Male,Less than 25,African-American,0,0,0,2.0,0.0,F,arrest case no charge,1,0,Resist/Obstruct W/O Violence,2,Medium,1
Female,25 - 45,Caucasian,0,0,0,1.0,-1.0,M,Battery,1,0,Grand Theft in the 3rd Degree,1,Medium,1
Female,25 - 45,Caucasian,0,0,0,2.0,-1.0,M,Burglary With Assault/battery,1,0,Grand Theft in the 3rd Degree,2,Medium,1
Male,Less than 25,African-American,0,0,0,0.0,0.0,M,Tresspass in Structure or Conveyance,1,0,Grand Theft in the 3rd Degree,0,Low,1
Male,Greater than 45,Caucasian,0,0,0,2.0,-1.0,F,arrest case no charge,0,0,,2,Low,0
Male,Less than 25,African-American,0,0,0,0.0,-1.0,M,Prowling/Loitering,0,0,,0,High,0
Male,Less than 25,Hispanic,0,0,0,0.0,-1.0,F,Driving While License Revoked,1,0,Petit Theft,0,Medium,1
Male,25 - 45,African-American,0,0,0,4.0,-10.0,F,arrest case no charge,0,0,,4,Low,0
Male,25 - 45,African-American,0,0,0,8.0,-1.0,M,Prowling/Loitering,1,0,,8,Medium,1
Male,25 - 45,Other,0,0,0,2.0,-1.0,M,Battery,1,0,Grand Theft in the 3rd Degree,2,Low,0
Male,25 - 45,African-American,0,0,0,3.0,-1.0,M,Susp Drivers Lic 1st Offense,0,0,,3,Low,0
Female,25 - 45,Caucasian,0,0,0,0.0,-1.0,F,Aggravated Assault W/Dead Weap,0,0,,0,Low,0
Female,Less than 25,African-American,0,1,2,1.0,0.0,M,Battery,1,0,Petit Theft,1,Medium,1
Male,Greater than 45,Caucasian,0,0,0,0.0,-1.0,M,Battery,0,0,,0,Low,0
Male,25 - 45,African-American,0,0,0,3.0,-1.0,M,Viol Pretrial Release Dom Viol,1,0,Grand Theft in the 3rd Degree,3,Low,1
Male,Greater than 45,Other,0,0,0,0.0,-1.0,F,arrest case no charge,1,0,Resist/Obstruct W/O Violence,0,Low,1
Male,25 - 45,African-American,0,0,0,2.0,-4.0,F,arrest case no charge,1,0,Grand Theft in the 3rd Degree,2,Low,1
Male,25 - 45,African-American,0,0,0,0.0,0.0,M,Battery,0,0,,0,Low,0
Male,25 - 45,African-American,0,0,0,2.0,-1.0,F,Resist Officer w/Violence,1,0,Petit Theft,2,Low,1
Male,25 - 45,African-American,2,0,0,23.0,30.0,M,Criminal Mischief Damage <$200,1,1,Aggravated Battery / Pregnant,23,Medium,1
Male,25 - 45,Caucasian,0,0,0,0.0,-1.0,M,Driving Under The Influence,0,0,,0,Low,0
Female,Greater than 45,Caucasian,0,0,0,3.0,-25.0,M,Driving Under The Influence,0,0,,3,Low,0
Male,Greater than 45,Hispanic,0,0,0,1.0,2.5544391395729207,F,arrest case no charge,1,0,Resist/Obstruct W/O Violence,1,Low,1
Male,Greater than 45,Caucasian,0,0,0,1.0,-13.995637629109435,F,arrest case no charge,1,0,Grand Theft in the 3rd Degree,1,Low,1
Female,Less than 25,African-American,0,0,0,3.0,-1.0,F,arrest case no charge,1,1,Felony Battery (Dom Strang),3,Medium,1
Male,25 - 45,African-American,0,0,0,1.0,-1.0,M,Susp Drivers Lic 1st Offense,0,0,Grand Theft in the 3rd Degree,1,Low,0
Male,25 - 45,Native American,4,1,0,17.0,-1.0,F,Possession of Cocaine,1,0,Operating W/O Valid License,17,Medium,1
Male,25 - 45,Caucasian,0,0,0,1.0,-1.0,F,arrest case no charge,0,0,,1,Low,0
Male,Less than 25,Caucasian,0,0,1,1.0,-1.0,F,Prowling/Loitering,1,0,,1,Medium,1
Male,25 - 45,African-American,0,0,0,14.0,-1.0,F,Grand Theft in the 3rd Degree,0,0,,14,Medium,0
Male,Less than 25,Hispanic,0,0,0,0.0,-1.0,F,Felony Batt(Great Bodily Harm),0,0,,0,Medium,0
Male,Less than 25,African-American,0,0,0,0.0,-3.0,F,Grand Theft in the 3rd Degree,0,0,,0,Low,0
Male,Less than 25,Caucasian,0,0,0,2.0,-1.0,F,Possession of Cannabis,1,0,,2,Low,0
Male,Greater than 45,Hispanic,0,0,0,9.0,-1.0,M,Battery,1,0,Resist/Obstruct W/O Violence,9,Medium,1
Female,Less than 25,African-American,0,0,0,1.0,-1.0,F,arrest case no charge,0,0,,1,High,0
Male,Greater than 45,Caucasian,0,0,0,1.0,0.0,M,Battery,0,0,,1,Low,0
Male,25 - 45,African-American,0,0,0,0.0,-1.0,F,Burglary Conveyance Unoccup,1,0,,0,Low,1
Male,25 - 45,Caucasian,0,0,0,3.0,8.689889727834242,M,Driving License Suspended,1,0,Petit Theft,3,High,1
Male,25 - 45,African-American,0,0,0,4.0,-1.0,M,Susp Drivers Lic 1st Offense,0,0,,4,High,0
Male,25 - 45,African-American,0,0,0,1.0,-1.0,F,arrest case no charge,0,0,,1,Low,0
Male,25 - 45,African-American,0,0,0,11.0,0.0,M,Battery,1,0,Resist/Obstruct W/O Violence,11,Medium,1
Male,Less than 25,Hispanic,0,0,0,1.0,-5.0,M,Exposes Culpable Negligence,0,0,,1,Low,0
Male,Greater than 45,Caucasian,0,0,0,2.0,-1.0,M,Battery,1,0,Petit Theft,2,Low,1
Female,Greater than 45,Caucasian,0,0,0,15.0,-10.0,F,Felony Petit Theft,0,0,,15,Medium,0
Male,Less than 25,African-American,0,0,1,3.0,-1.0,F,Possession Burglary Tools,1,0,Resist/Obstruct W/O Violence,3,Medium,1
Male,25 - 45,Hispanic,0,0,0,9.0,-1.0,F,Deliver Cocaine,0,0,,9,Medium,0
Male,Greater than 45,Caucasian,0,0,0,1.0,-1.0,M,DUI Property Damage/Injury,0,0,,1,Low,0
Male,25 - 45,African-American,0,0,0,2.0,-1.0,F,"Poss 3,4 MDMA (Ecstasy)",1,0,Grand Theft in the 3rd Degree,2,Medium,1
Male,25 - 45,Caucasian,0,0,0,2.0,0.0,F,Aggravated Assault W/dead Weap,0,0,,2,Low,0
Male,25 - 45,Caucasian,0,0,0,5.0,-1.0,M,Assault,0,0,,5,Medium,0
Male,Greater than 45,African-American,0,0,0,2.0,0.0,F,Grand Theft in the 3rd Degree,1,0,Resist/Obstruct W/O Violence,2,Low,1
Male,Less than 25,Other,0,0,0,0.0,-1.0,M,Possess Drug Paraphernalia,1,0,Resist/Obstruct W/O Violence,0,Low,1
Male,25 - 45,African-American,0,0,0,0.0,-1.0,M,Pos Cannabis W/Intent Sel/Del,0,0,,0,Low,0
Male,25 - 45,African-American,0,0,0,2.0,-1.0,F,Grand Theft in the 3rd Degree,0,0,,2,Low,0
Female,25 - 45,African-American,0,0,0,2.0,0.0,F,Grand Theft in the 3rd Degree,1,0,Grand Theft in the 3rd Degree,2,High,1
Male,25 - 45,African-American,0,0,0,0.0,-1.0,F,False Imprisonment,1,0,Petit Theft,0,Low,1
Male,25 - 45,African-American,0,0,0,0.0,-1.0,F,Tampering With Physical Evidence,1,0,Grand Theft in the 3rd Degree,0,Medium,1
Female,Greater than 45,Hispanic,0,0,0,2.0,-1.0,M,Viol Injunction Protect Dom Vi,1,0,,2,Low,1
Female,Less than 25,Hispanic,0,0,0,1.0,-6.0,F,Burglary Structure Unoccup,0,0,Grand Theft in the 3rd Degree,1,High,0
Male,Less than 25,Hispanic,0,0,0,0.0,-3.0,F,Grand Theft in the 3rd Degree,0,0,Petit Theft,0,Medium,0
Female,Greater than 45,African-American,0,0,0,14.0,-1.0,F,Possession of Cocaine,1,0,Petit Theft,14,High,1
Male,25 - 45,African-American,0,0,0,1.0,0.0,F,arrest case no charge,0,0,,1,Low,0
Male,Greater than 45,Caucasian,0,0,0,1.0,-1.0,F,arrest case no charge,0,0,,1,Low,0
Male,Less than 25,African-American,0,0,0,2.0,-1.0,M,Battery,1,0,Petit Theft,2,Low,1
Male,Greater than 45,Caucasian,0,0,0,1.0,-1.0,M,DUI Property Damage/Injury,0,0,,1,Low,0
Male,Less than 25,Caucasian,0,0,1,6.0,0.0,M,Crim Use of Personal ID Info,1,1,Battery,6,High,1
Male,25 - 45,Caucasian,0,0,0,3.0,0.0,M,"Deliver 3,4 Methylenediox",0,0,,3,Medium,0
Male,25 - 45,African-American,0,0,0,8.0,0.0,F,arrest case no charge,0,0,,8,Medium,0
Female,Greater than 45,African-American,0,0,0,5.0,-1.0,F,Felony Petit Theft,1,0,Grand Theft in the 3rd Degree,5,Low,1
Male,Greater than 45,Caucasian,0,0,0,12.0,-24.0,M,Grand Theft in the 3rd Degree,0,0,,12,Medium,0
Male,Less than 25,African-American,0,0,1,1.0,0.0,F,"Poss3,4 Methylenedioxymethcath",1,0,Resist/Obstruct W/O Violence,1,High,1
Male,Less than 25,African-American,0,0,0,1.0,-1.0,M,Burglary Unoccupied Dwelling,1,0,Grand Theft in the 3rd Degree,1,Medium,1
Male,25 - 45,African-American,0,0,0,2.0,0.0,M,False Imprisonment,1,0,Resist/Obstruct W/O Violence,2,Low,1
Male,Greater than 45,Caucasian,0,0,0,1.0,0.0,F,Possession of Cocaine,0,0,Grand Theft in the 3rd Degree,1,Low,0
Male,Greater than 45,Caucasian,0,0,0,0.0,-1.0,M,Battery,0,0,,0,Low,0
Male,25 - 45,Caucasian,0,0,0,1.0,-2.0,F,Grand Theft in the 3rd Degree,0,0,,1,Low,0
Female,25 - 45,Caucasian,0,0,0,9.0,3.61351168937599,M,Petit Theft,1,0,Grand Theft in the 3rd Degree,9,Low,1
Female,25 - 45,Caucasian,0,0,1,4.0,-1.0,F,Resist Officer w/Violence,0,0,,4,Low,0
Male,25 - 45,Caucasian,0,0,0,0.0,-1.0,F,Burglary Unoccupied Dwelling,1,0,Resist/Obstruct W/O Violence,0,Low,1
Male,25 - 45,Asian,0,0,0,2.0,-1.0,F,arrest case no charge,1,1,Viol Pretrial Release Dom Viol,2,Low,1
Female,Less than 25,Caucasian,0,0,0,0.0,-1.0,F,Possession of Cocaine,0,0,,0,Low,0
Male,Less than 25,African-American,0,0,0,1.0,0.0,F,Grand Theft Dwell Property,1,0,Petit Theft,1,High,1
Male,25 - 45,African-American,0,0,0,1.0,-1.0,M,Battery,0,0,,1,Medium,0
Female,25 - 45,Caucasian,0,0,0,0.0,0.0,M,Battery,0,0,,0,Low,0
Female,Less than 25,Caucasian,0,0,0,0.0,-2.0,M,Battery,1,0,,0,High,1
Male,Less than 25,Caucasian,0,0,0,2.0,-1.0,F,Burglary Conveyance Unoccup,1,0,Grand Theft in the 3rd Degree,2,Medium,1
Female,25 - 45,African-American,0,0,0,0.0,-1.0,M,Battery,0,0,,0,Low,0
Male,25 - 45,African-American,1,0,0,12.0,-1.0,F,Possession Of Amphetamine,0,0,,12,Medium,0
Male,25 - 45,African-American,0,0,0,9.0,0.0,F,Possession of Cocaine,1,0,Grand Theft in the 3rd Degree,9,High,1
Male,25 - 45,African-American,0,0,0,16.0,-1.0,F,Grand Theft Firearm,1,0,Petit Theft,16,High,1
Male,Less than 25,Caucasian,0,0,2,3.0,0.0,F,Tamper With Witness/Victim/CI,1,0,Grand Theft in the 3rd Degree,3,Low,1
Female,Greater than 45,African-American,0,0,0,2.0,-1.0,F,Possession of Cocaine,1,0,Petit Theft,2,Low,1
Male,25 - 45,Caucasian,0,0,0,0.0,0.0,F,Possession of Cocaine,1,0,Resist/Obstruct W/O Violence,0,Medium,1
Male,Greater than 45,Hispanic,0,0,0,0.0,-2.0,M,Resist Officer w/Violence,0,0,Grand Theft in the 3rd Degree,0,Low,0
Male,25 - 45,Caucasian,0,0,0,6.0,-1.0,F,arrest case no charge,1,1,Battery,6,Medium,1
Male,25 - 45,Caucasian,0,0,0,4.0,-1.0,M,Viol Injunct Domestic Violence,1,1,Felony Battery (Dom Strang),4,Medium,1
Female,25 - 45,African-American,0,0,0,0.0,-1.0,F,Grand Theft in the 3rd Degree,1,0,Petit Theft,0,Medium,1
Male,25 - 45,Caucasian,0,0,0,3.0,-1.0,M,Driving Under The Influence,0,0,,3,High,0
Female,25 - 45,African-American,0,0,0,3.0,-1.0,F,Aggravated Assault W/dead Weap,1,0,Grand Theft in the 3rd Degree,3,Medium,0
Male,25 - 45,Hispanic,0,0,0,1.0,0.0,M,Driving Under The Influence,0,0,,1,Low,0
Male,25 - 45,African-American,0,0,0,4.0,-1.0,M,Battery,1,1,Battery,4,Low,0
Male,25 - 45,Caucasian,0,0,0,1.0,-1.0,F,Possession of Cannabis,0,0,,1,Low,0
Male,Greater than 45,Caucasian,0,0,0,0.0,0.0,M,Driving Under The Influence,0,0,,0,Low,0
Male,Greater than 45,Hispanic,0,0,0,20.0,0.0,F,Driving While License Revoked,1,0,Petit Theft,20,Low,1
Male,25 - 45,African-American,0,0,0,1.0,-1.0,M,Battery,0,0,Grand Theft in the 3rd Degree,1,High,0
Female,Greater than 45,Caucasian,0,0,0,2.0,-1.0,M,Viol Injunct Domestic Violence,0,0,,2,Low,0
Female,Less than 25,Caucasian,0,0,0,0.0,-1.0,F,"Poss3,4 Methylenedioxymethcath",0,0,,0,Medium,0
Female,Less than 25,African-American,0,0,0,1.0,-1.0,F,arrest case no charge,1,0,Resist/Obstruct W/O Violence,1,Low,1
Male,25 - 45,Caucasian,0,0,0,0.0,0.0,M,Driving Under The Influence,0,0,,0,Low,0
Male,25 - 45,Caucasian,0,0,0,5.0,7.862071051724996,F,Dealing in Stolen Property,1,0,Grand Theft in the 3rd Degree,5,Low,1
Male,25 - 45,African-American,0,0,0,0.0,-1.0,M,Battery,0,0,,0,Low,0
Male,Greater than 45,Other,0,0,0,0.0,-1.0,M,Viol Injunct Domestic Violence,0,0,,0,Low,0
Male,25 - 45,Other,0,0,0,0.0,-1.0,M,Battery,1,0,Petit Theft,0,Medium,1
Male,25 - 45,Caucasian,0,0,0,8.0,-1.0,M,Battery,1,0,Resist/Obstruct W/O Violence,8,Medium,1
Male,25 - 45,Caucasian,0,0,0,1.0,-1.0,F,Grand Theft in the 3rd Degree,0,0,,1,Medium,0
Male,Less than 25,African-American,0,0,0,1.0,-1.0,F,Aggravated Assault W/dead Weap,1,1,Resist/Obstruct W/O Violence,1,High,1
Male,Greater than 45,African-American,0,0,0,4.0,-1.0,F,arrest case no charge,0,0,,4,Low,0
Male,Greater than 45,Caucasian,0,0,0,5.0,-1.0,M,DUI - Enhanced,0,0,Petit Theft,5,Low,0
Male,25 - 45,Caucasian,0,0,0,7.0,-1.0,F,arrest case no charge,1,1,Aggravated Battery / Pregnant,6,Medium,1
Male,Less than 25,Hispanic,0,0,0,0.0,-1.0,M,Battery,0,0,,0,Medium,0
Male,Less than 25,African-American,0,0,0,2.0,-1.0,F,Carry Open/Uncov Bev In Pub,0,0,,2,Medium,0
Male,Less than 25,Other,0,0,0,1.0,-1.0,F,Possession Burglary Tools,1,0,Petit Theft,1,Medium,1
Male,Greater than 45,Other,0,0,0,0.0,-1.0,M,Fleeing Or Attmp Eluding A Leo,0,0,,0,Low,0
Male,Less than 25,African-American,0,0,1,1.0,-1.0,F,Burglary Unoccupied Dwelling,1,0,Possess Cannabis/20 Grams Or Less,1,High,1
Male,25 - 45,Other,0,0,0,1.0,-1.0,F,"Poss3,4 Methylenedioxymethcath",1,1,Resist/Obstruct W/O Violence,1,Low,1
Male,Greater than 45,Hispanic,0,0,0,0.0,-1.0,F,Driving While License Revoked,0,0,,0,Low,0
Female,Greater than 45,African-American,0,0,0,8.0,-1.0,F,Aggravated Assault W/dead Weap,0,0,,8,High,0
Male,25 - 45,Caucasian,0,0,0,0.0,-1.0,F,arrest case no charge,1,0,Resist/Obstruct W/O Violence,0,Medium,1
Male,25 - 45,Caucasian,0,0,0,1.0,0.0,F,arrest case no charge,0,0,,1,Medium,0
Male,25 - 45,Other,0,0,0,1.0,-1.0,M,Battery,0,0,,1,Low,0
Male,25 - 45,African-American,0,0,0,5.0,0.0,M,Battery,0,0,,5,High,0
Male,25 - 45,African-American,0,0,0,2.0,-23.0,F,Aggrav Child Abuse-Agg Battery,0,0,,2,Low,0
Male,Greater than 45,Caucasian,0,0,0,0.0,-1.0,F,Felony Battery (Dom Strang),0,0,,0,Low,0
Male,25 - 45,African-American,0,0,0,0.0,-1.0,F,arrest case no charge,0,0,,0,Low,0
Male,Greater than 45,Caucasian,0,0,0,7.0,-23.0,F,Resist Officer w/Violence,0,0,,7,Low,0
Male,Greater than 45,Caucasian,0,0,0,3.0,-1.0,M,Battery,1,0,Petit Theft,3,Low,1
Male,25 - 45,African-American,0,0,0,1.0,0.0,M,Driving Under The Influence,0,0,,1,Low,0
Male,Greater than 45,African-American,0,0,0,3.0,-1.0,F,Aggravated Assault W/Dead Weap,0,0,,3,Low,0
Male,25 - 45,African-American,0,1,0,1.0,-1.0,F,Grand Theft in the 3rd Degree,0,0,,1,Low,0
Male,25 - 45,African-American,0,0,0,2.0,-1.0,M,Battery,1,0,Resist/Obstruct W/O Violence,2,Low,1
Male,25 - 45,Caucasian,0,0,0,2.0,-1.0,M,Battery,0,0,Grand Theft in the 3rd Degree,2,Low,0
Male,25 - 45,African-American,0,0,0,1.0,0.0,F,"Poss3,4 Methylenedioxymethcath",1,0,Resist/Obstruct W/O Violence,1,Low,1
Male,Greater than 45,Caucasian,0,0,0,1.0,-1.0,M,Battery,0,0,,1,Low,0
Male,Greater than 45,Caucasian,0,0,0,0.0,-1.0,M,Battery,0,0,,0,Low,0
Male,Greater than 45,Caucasian,0,0,0,0.0,-1.0,M,Battery,0,0,,0,Low,0
Male,25 - 45,African-American,0,0,0,2.0,-1.0,M,Battery,0,0,,2,Low,0
Female,Less than 25,African-American,0,0,0,0.0,-1.0,M,Battery,0,0,Petit Theft,0,Low,0
Female,25 - 45,African-American,0,0,0,2.0,-1.0,F,Burglary With Assault/battery,0,0,,2,Low,0
Male,25 - 45,Hispanic,0,0,0,2.0,-1.0,M,Possession Of Alprazolam,1,0,Grand Theft in the 3rd Degree,2,Low,1
Male,25 - 45,Caucasian,0,0,0,12.0,-26.0,F,arrest case no charge,0,0,,12,Low,0
Male,Less than 25,African-American,0,0,0,0.0,-1.0,F,Grand Theft in the 3rd Degree,1,0,Petit Theft,0,High,1
Male,25 - 45,African-American,0,2,0,15.0,-1.0,F,Possession of Cocaine,1,0,Resist/Obstruct W/O Violence,15,High,1
Male,25 - 45,African-American,1,0,2,4.0,-1.0,F,Poss Cocaine/Intent To Del/Sel,0,0,,4,High,0
Male,Greater than 45,African-American,0,0,0,0.0,-1.0,F,Felony Battery (Dom Strang),0,0,,0,Low,0
Male,25 - 45,African-American,0,0,0,14.0,0.0,F,Possession of Cocaine,1,0,Petit Theft,14,Medium,1
Male,25 - 45,Caucasian,0,0,0,2.0,-28.986293741184106,F,arrest case no charge,0,0,,2,Medium,0
Male,25 - 45,Caucasian,0,0,0,0.0,0.0,F,"Deliver 3,4 Methylenediox",0,0,,0,Medium,0
Female,25 - 45,Caucasian,0,0,0,0.0,-3.0,F,Unauthorized Interf w/Railroad,0,0,,0,Low,0
Male,Greater than 45,Caucasian,0,0,0,16.0,-4.0,F,Possession of Hydrocodone,1,0,,15,High,1
Female,25 - 45,Hispanic,0,0,0,2.0,-1.0,F,Drivg While Lic Suspd/Revk/Can,1,0,Resist/Obstruct W/O Violence,2,Low,1
Male,25 - 45,Hispanic,0,0,0,1.0,0.0,M,Aggrav Battery w/Deadly Weapon,1,1,Felony Battery w/Prior Convict,1,Low,1
Male,Less than 25,Hispanic,0,0,0,1.0,0.0,F,Purchase Cannabis,1,0,Grand Theft in the 3rd Degree,1,Low,1
Male,Greater than 45,African-American,0,0,0,9.0,-1.0,F,Possession of Cocaine,0,0,,9,High,0
Male,Greater than 45,Hispanic,0,0,0,1.0,-8.0,M,Battery,0,0,,1,Low,0
Male,Greater than 45,African-American,0,0,0,5.0,0.0,M,False Motor Veh Insurance Card,0,0,,5,Medium,0
Male,25 - 45,Caucasian,0,0,0,0.0,0.0,F,Aggravated Assault W/dead Weap,0,0,,0,Low,0
Male,25 - 45,African-American,0,0,0,0.0,-1.0,F,Grand Theft in the 3rd Degree,0,0,,0,Low,0
Male,Less than 25,African-American,0,0,0,1.0,-1.0,F,arrest case no charge,1,0,Petit Theft,1,Low,1
Male,Less than 25,African-American,0,0,0,1.0,-4.0,F,Grand Theft in the 3rd Degree,0,0,,1,Low,0
Male,25 - 45,African-American,0,0,0,0.0,-1.0,F,Aggravated Assault W/dead Weap,0,0,,0,Low,0
Female,Greater than 45,Caucasian,0,0,0,0.0,0.0,M,Battery,0,0,,0,Low,0
Male,25 - 45,Caucasian,0,0,0,2.0,-25.0,F,Possession of Cocaine,1,0,Petit Theft,2,Medium,1
Male,25 - 45,African-American,0,0,0,0.0,-4.0,M,Battery,0,0,,0,Medium,0
Male,25 - 45,African-American,1,0,0,7.0,0.0,M,Viol Injunction Protect Dom Vi,1,0,Grand Theft in the 3rd Degree,7,High,1
Male,25 - 45,African-American,0,0,0,0.0,-1.0,M,Assault,1,0,,0,Low,0
Male,25 - 45,African-American,0,0,0,2.0,-27.0,M,Poss Cocaine/Intent To Del/Sel,1,0,Resist/Obstruct W/O Violence,2,Medium,1
Female,25 - 45,African-American,0,0,0,2.0,-1.0,F,Aggrav Child Abuse-Agg Battery,0,0,,2,Low,0
Male,Greater than 45,Caucasian,0,0,0,0.0,0.0,M,Battery,0,0,,0,Low,0
Male,25 - 45,African-American,0,0,0,0.0,0.0,M,Battery,0,0,,0,Low,0
Male,25 - 45,African-American,0,0,0,2.0,-1.0,F,arrest case no charge,1,0,,2,Medium,0
Female,Greater than 45,Caucasian,0,0,0,2.0,-1.0,F,Grand Theft (Motor Vehicle),0,0,,2,High,0
Male,Greater than 45,Caucasian,0,0,0,4.0,-5.0,F,Possession of Cocaine,1,0,Petit Theft,4,Low,1
Male,25 - 45,African-American,0,0,2,8.0,0.0,F,Criminal Mischief Damage <$200,1,0,,8,High,1
Male,Less than 25,African-American,0,0,0,2.0,-1.0,F,arrest case no charge,1,1,Resist/Obstruct W/O Violence,2,Medium,1
Male,25 - 45,Caucasian,0,0,0,0.0,0.0,F,Crimin Mischief Damage $1000+,1,0,Resist/Obstruct W/O Violence,0,Low,0
Male,Greater than 45,African-American,0,0,0,8.0,-22.0,F,Possession of Cocaine,1,0,Resist/Obstruct W/O Violence,8,Low,1
Male,Greater than 45,Caucasian,0,0,0,1.0,-22.0,F,Resist Officer w/Violence,0,0,,1,Low,0
Male,25 - 45,African-American,2,1,0,9.0,-1.0,M,DUI/Property Damage/Persnl Inj,1,0,Resist/Obstruct W/O Violence,9,High,0
Male,Less than 25,Caucasian,0,0,0,1.0,-1.0,M,arrest case no charge,0,0,,1,Low,0
Male,25 - 45,Caucasian,0,0,0,3.0,0.0,M,Battery,1,0,,3,Medium,1
Male,Less than 25,African-American,0,0,0,0.0,-1.0,F,Driving License Suspended,1,0,Grand Theft in the 3rd Degree,0,Medium,1
Male,25 - 45,African-American,0,0,1,8.0,-1.0,F,Poss Cocaine/Intent To Del/Sel,1,0,Resist/Obstruct W/O Violence,8,Medium,1
Male,Less than 25,Other,0,0,0,0.0,-1.0,F,Tampering With Physical Evidence,1,1,Criminal Mischief Damage <$200,0,Medium,1
Male,Greater than 45,African-American,0,0,0,23.0,-1.0,F,Poss Wep Conv Felon,1,0,Grand Theft in the 3rd Degree,23,Medium,1
Female,25 - 45,Caucasian,0,0,0,0.0,-1.0,M,Driving Under The Influence,0,0,,0,Low,0
Female,Less than 25,Caucasian,0,0,0,0.0,-2.0,M,Susp Drivers Lic 1st Offense,0,0,,0,Low,0
Male,Greater than 45,Caucasian,0,0,0,3.0,-3.0,F,Grand Theft in the 3rd Degree,1,0,Petit Theft,3,Low,1
Male,25 - 45,Caucasian,0,0,0,8.0,-1.0,F,Agg Fleeing and Eluding,0,0,,8,Low,0
Male,Less than 25,Caucasian,0,0,0,1.0,0.0,M,Battery,0,0,,1,Medium,0
Male,25 - 45,Hispanic,0,0,0,0.0,0.0,M,Battery,0,0,,0,Low,0
Male,25 - 45,Caucasian,0,0,0,9.0,0.0,M,Criminal Mischief>$200<$1000,1,1,Felony Battery w/Prior Convict,9,Low,1
Male,25 - 45,African-American,7,0,0,14.0,-1.0,F,Burglary Conveyance Unoccup,1,0,,14,Medium,1
Female,Less than 25,Other,1,0,0,1.0,-21.05903600424048,F,arrest case no charge,0,0,,1,Low,0
Male,Less than 25,African-American,0,0,0,11.0,-1.0,F,Robbery / No Weapon,1,0,,11,High,1
Male,25 - 45,Caucasian,0,0,0,4.0,0.0,F,Trespass Private Property,1,0,Grand Theft in the 3rd Degree,4,High,1
Male,25 - 45,Caucasian,0,0,0,1.0,-1.0,F,Poss Of Controlled Substance,1,1,Aggravated Battery / Pregnant,1,Low,1
Male,25 - 45,Hispanic,0,0,0,0.0,0.0,F,Possession of Cocaine,1,1,Agg Battery Grt/Bod/Harm,0,High,1
Male,25 - 45,African-American,0,0,0,5.0,-1.0,M,Aggravated Assault W/dead Weap,1,0,Resist/Obstruct W/O Violence,5,High,0
Male,25 - 45,Hispanic,0,0,0,1.0,-1.0,M,Operating W/O Valid License,0,0,Grand Theft in the 3rd Degree,1,Medium,0
Male,25 - 45,African-American,0,0,0,2.0,-1.0,M,Battery,1,1,Battery,2,Low,0
Male,25 - 45,Hispanic,0,0,0,5.0,-1.0,F,Burglary Conveyance Armed,1,0,Grand Theft in the 3rd Degree,5,Medium,1
Male,Less than 25,African-American,0,1,0,1.0,0.0,F,Trespass Property w/Dang Weap,1,1,Aggravated Battery / Pregnant,1,High,1
Male,Less than 25,Caucasian,0,0,0,0.0,-1.0,F,Burglary Conveyance Unoccup,1,0,,0,High,1
Male,Less than 25,Caucasian,0,0,0,1.0,-1.0,F,Possession of Cannabis,0,0,,1,Low,0
Male,25 - 45,African-American,0,0,1,10.0,-1.0,F,Possession of Cocaine,1,0,Grand Theft in the 3rd Degree,10,Medium,1
Male,Greater than 45,Caucasian,0,0,0,0.0,-1.0,M,Battery,0,0,,0,Low,0
Male,25 - 45,African-American,0,0,0,0.0,-1.0,F,Felony Battery (Dom Strang),0,0,,0,Medium,0
Male,Greater than 45,Caucasian,0,0,0,9.0,-1.0,M,Susp Drivers Lic 1st Offense,1,0,Grand Theft in the 3rd Degree,9,Medium,1
Male,25 - 45,Hispanic,0,0,0,13.0,-1.0,F,Driving While License Revoked,0,0,,13,Medium,0
Male,25 - 45,Caucasian,0,0,0,2.0,-1.0,F,arrest case no charge,1,0,Grand Theft in the 3rd Degree,2,Low,1
Male,25 - 45,African-American,0,0,0,7.0,-1.0,M,Battery,0,0,,7,Medium,0
Male,Less than 25,Caucasian,0,0,0,0.0,-1.0,F,Possession Of Methamphetamine,0,0,,0,High,0
Female,25 - 45,African-American,0,0,0,2.0,0.0,F,Failure To Return Hired Vehicle,0,0,,2,Low,0
Male,25 - 45,Caucasian,0,0,0,0.0,-1.0,M,Sound Articles Over 100,0,0,,0,Low,0
Male,25 - 45,African-American,1,0,0,3.0,-1.0,M,Battery,1,1,Battery,3,High,1
Male,Less than 25,African-American,0,0,0,0.0,0.0,F,Tampering With Physical Evidence,0,0,,0,Medium,0
Male,25 - 45,African-American,0,0,0,0.0,0.0,M,Grand Theft on 65 Yr or Older,1,0,Resist/Obstruct W/O Violence,0,Low,1
Male,25 - 45,Caucasian,0,0,0,2.0,-14.704752531040405,M,Resist/Obstruct W/O Violence,1,0,,2,Low,1
Male,25 - 45,African-American,0,0,0,0.0,0.0,M,Felony Battery (Dom Strang),1,0,Grand Theft in the 3rd Degree,0,Low,1
Male,Greater than 45,African-American,0,0,0,0.0,-1.0,M,Battery,1,1,Aggravated Battery / Pregnant,0,Low,1
Female,Greater than 45,Caucasian,0,0,0,0.0,-3.0,M,Battery,0,0,,0,Low,0
Male,25 - 45,Caucasian,0,0,0,8.0,-1.0,F,arrest case no charge,0,0,,8,Medium,0
Female,Less than 25,Caucasian,0,0,0,0.0,-1.0,M,Battery,0,0,,0,Low,0
Male,Greater than 45,Caucasian,0,0,0,0.0,-3.0,M,Battery,0,0,,0,Low,0
Male,25 - 45,African-American,0,0,0,1.0,-1.0,M,DWLS Canceled Disqul 1st Off,1,0,Petit Theft,1,Medium,1
Male,25 - 45,Hispanic,0,0,0,0.0,0.0,M,Operating W/O Valid License,0,0,,0,Low,0
Female,25 - 45,African-American,0,0,0,5.0,-1.0,F,arrest case no charge,0,0,Grand Theft in the 3rd Degree,5,Low,1
Female,25 - 45,African-American,0,0,0,0.0,-1.0,M,Poss Of Controlled Substance,0,0,,0,Low,0
Male,25 - 45,African-American,0,0,2,3.0,-26.0,M,Assault,1,0,Grand Theft in the 3rd Degree,3,Low,1
Male,25 - 45,Caucasian,0,0,0,0.0,-1.0,F,Attempted Burg/struct/unocc,1,0,Resist/Obstruct W/O Violence,0,Medium,1
Male,25 - 45,Caucasian,0,0,0,1.0,-14.311669958416237,F,Trespass Private Property,0,0,,1,Low,0
Female,25 - 45,African-American,0,0,0,1.0,-1.0,M,Battery,0,0,,1,Low,0
Female,25 - 45,Caucasian,0,0,0,0.0,0.0,M,Viol Injunction Protect Dom Vi,0,0,,0,Low,0
Male,25 - 45,African-American,0,0,0,7.0,-1.0,F,Burglary Structure Unoccup,1,0,Petit Theft,7,Low,1
Male,Greater than 45,African-American,0,0,0,1.0,-1.0,M,Battery,0,0,,1,Low,0
Male,25 - 45,Caucasian,0,0,0,5.0,-1.0,F,arrest case no charge,0,0,,5,Low,0
Male,25 - 45,African-American,0,0,0,1.0,-1.0,F,False Imprisonment,0,0,,1,Low,0
Male,Greater than 45,Hispanic,0,0,0,0.0,-1.0,M,Battery,0,0,,0,Low,0
Male,Greater than 45,Caucasian,0,0,0,0.0,-1.0,F,Grand Theft on 65 Yr or Older,0,0,,0,Low,0
Male,25 - 45,African-American,0,0,0,5.0,-1.0,M,Driving License Suspended,0,0,,5,Medium,1
Male,25 - 45,African-American,0,0,0,1.0,-1.0,M,Viol Pretrial Release Dom Viol,1,0,Resist/Obstruct W/O Violence,1,Medium,1
Male,25 - 45,Caucasian,0,0,0,0.0,-1.0,F,Uttering a Forged Instrument,0,0,,0,Low,0
Female,Less than 25,African-American,0,0,0,0.0,-1.0,F,Possession Burglary Tools,1,0,Grand Theft in the 3rd Degree,0,Medium,1
Male,Less than 25,Other,0,0,0,1.0,0.0,F,Grand Theft in the 3rd Degree,1,0,,1,Medium,1
Male,25 - 45,Caucasian,0,0,0,0.0,-1.0,M,Battery,1,1,Battery,0,Low,1
Male,25 - 45,African-American,0,0,0,6.0,-1.0,F,Poss Pyrrolidinovalerophenone,1,0,Petit Theft,6,Low,1
Female,25 - 45,Hispanic,0,0,0,0.0,0.0,F,Battery on Law Enforc Officer,0,0,,0,Low,0
Male,25 - 45,Caucasian,0,1,0,4.0,-3.0,M,Petit Theft $100- $300,1,0,,4,Medium,1
Female,25 - 45,African-American,0,0,0,3.0,-1.0,F,Possession of Cocaine,1,0,Grand Theft in the 3rd Degree,3,High,1
Male,Less than 25,African-American,0,0,0,5.0,-1.0,M,Battery,1,0,Grand Theft in the 3rd Degree,5,Medium,1
Male,25 - 45,Caucasian,0,0,0,1.0,0.0,M,Battery on Law Enforc Officer,1,0,Petit Theft,1,Low,1
Male,Greater than 45,African-American,0,0,0,8.0,-4.0,M,arrest case no charge,1,1,Viol Pretrial Release Dom Viol,8,Low,1
Male,25 - 45,African-American,0,0,0,2.0,-1.0,M,Dealing in Stolen Property,0,0,,2,Medium,0
Male,25 - 45,Caucasian,0,0,1,5.0,-1.0,F,arrest case no charge,1,1,Viol Pretrial Release Dom Viol,5,High,1
Male,25 - 45,African-American,0,0,0,5.0,-1.0,F,arrest case no charge,1,0,Grand Theft in the 3rd Degree,5,Medium,1
Male,Less than 25,African-American,0,0,0,0.0,-1.0,F,Battery on Law Enforc Officer,0,0,,0,Low,0
Female,Greater than 45,Caucasian,0,0,0,0.0,-2.0,M,DUI Property Damage/Injury,0,0,,0,Low,0
Male,Greater than 45,Caucasian,0,0,0,1.0,-1.0,M,Viol Injunct Domestic Violence,1,0,Resist/Obstruct W/O Violence,1,Low,1
Female,25 - 45,African-American,0,0,0,8.0,-1.0,F,Robbery / No Weapon,1,0,Petit Theft,8,High,1
Male,25 - 45,Caucasian,0,0,0,1.0,0.0,F,"Deliver 3,4 Methylenediox",1,0,Petit Theft,1,Low,1
Male,25 - 45,African-American,0,0,0,4.0,-1.0,M,Battery,1,1,Felony Battery w/Prior Convict,4,Low,1
Male,25 - 45,African-American,0,0,0,2.0,-1.0,F,Tamper With Witness/Victim/CI,1,0,,2,Medium,1
Male,25 - 45,African-American,0,1,0,2.0,-1.0,M,Battery,1,1,Aggravated Battery / Pregnant,2,Low,1
Male,25 - 45,African-American,0,0,1,16.0,-1.0,F,Fleeing Or Attmp Eluding A Leo,1,0,Grand Theft in the 3rd Degree,16,High,0
Female,25 - 45,Caucasian,0,0,0,7.0,-7.0,F,Aggravated Assault W/dead Weap,1,0,,7,Medium,1
Female,25 - 45,Caucasian,0,0,0,0.0,-1.0,F,Possession of Cocaine,1,0,Resist/Obstruct W/O Violence,0,Low,1
Female,Less than 25,Caucasian,0,0,0,0.0,-1.0,M,Attempted Burg/struct/unocc,0,0,,0,Medium,0
Female,Greater than 45,Caucasian,0,0,0,2.0,-23.0,M,DUI Property Damage/Injury,0,0,,2,Low,0
Male,25 - 45,African-American,0,0,0,24.959429888840084,17.779086956198938,F,arrest case no charge,1,1,Aggravated Battery / Pregnant,24,High,1
Male,Greater than 45,African-American,0,0,0,0.0,0.0,F,Possession of Cocaine,1,1,Battery,0,Low,1
Female,25 - 45,Hispanic,0,0,0,0.0,-1.0,F,Aggrav Battery w/Deadly Weapon,1,1,Viol Pretrial Release Dom Viol,0,Low,1
Male,25 - 45,Caucasian,0,0,1,2.0,0.0,F,Possession of Cocaine,0,0,,2,Medium,0
Male,Less than 25,Caucasian,0,0,2,2.0,-1.0,F,Possession of Cannabis,0,0,,2,Medium,0
Male,25 - 45,African-American,0,0,0,5.0,-1.0,F,arrest case no charge,1,0,,5,Medium,1
Male,25 - 45,Other,0,0,0,0.0,-1.0,F,Attempted Robbery  No Weapon,1,0,Petit Theft,0,High,1
Male,25 - 45,Other,0,0,0,0.0,-1.0,F,Aggravated Assault W/Dead Weap,0,0,,0,Low,0
Male,25 - 45,Caucasian,0,0,0,0.0,-1.0,F,Possession of Cocaine,1,0,Resist/Obstruct W/O Violence,0,Low,1
Male,25 - 45,Caucasian,0,0,0,2.0,-1.0,F,arrest case no charge,1,0,Grand Theft in the 3rd Degree,2,Low,1
Male,25 - 45,Caucasian,0,0,0,1.0,-1.0,M,Operating W/O Valid License,0,0,Grand Theft in the 3rd Degree,1,Low,0
Male,25 - 45,Caucasian,0,0,0,5.0,-1.0,F,Pos Cannabis W/Intent Sel/Del,0,0,,5,Low,0
Male,25 - 45,Caucasian,0,0,0,2.0,-26.0,F,Poss Contr Subst W/o Prescript,0,0,,2,Low,1
Female,25 - 45,African-American,0,0,0,5.0,-1.0,F,Aggravated Assault W/dead Weap,0,0,,5,Medium,0
Male,Less than 25,Caucasian,0,0,2,3.0,-1.0,F,Purchase Cannabis,0,0,,3,Medium,0
Male,Greater than 45,African-American,0,1,0,11.0,-1.0,F,Burglary Conveyance Unoccup,1,0,,11,High,1
Male,Greater than 45,Caucasian,0,0,0,3.0,-1.0,F,Resist Officer w/Violence,0,0,,3,Low,0
Female,25 - 45,African-American,0,0,0,2.0,-1.0,F,Grand Theft (Motor Vehicle),0,0,Petit Theft,2,Low,0
Male,25 - 45,Caucasian,0,0,0,2.0,-21.0,F,Criminal Mischief Damage <$200,0,0,,2,Low,0
Male,Less than 25,African-American,0,0,0,1.0,-1.0,F,Tampering With Physical Evidence,1,0,Resist/Obstruct W/O Violence,1,High,1
Female,25 - 45,African-American,0,0,0,0.0,-1.0,F,Possession of Cocaine,0,0,,0,Medium,0
Female,Greater than 45,Caucasian,0,0,0,1.0,-1.0,F,Aggravated Assault w/Firearm,0,0,,1,Low,0
Male,Greater than 45,African-American,0,0,0,4.0,-1.0,F,Dealing in Stolen Property,1,0,Grand Theft in the 3rd Degree,4,Low,1
Male,25 - 45,African-American,0,3,0,10.0,-1.0,F,Poss Alprazolam W/int Sell/Del,1,0,Grand Theft of the 2nd Degree,10,Medium,1
Male,Greater than 45,African-American,0,0,0,0.0,0.0,F,Possession of Cocaine,1,0,Petit Theft,0,Low,1
Male,25 - 45,African-American,2,1,0,9.0,-1.0,M,False Imprisonment,1,0,Resist/Obstruct W/O Violence,9,Medium,1
Male,25 - 45,Caucasian,0,1,3,6.0,-1.0,F,Felony Battery (Dom Strang),1,0,Grand Theft in the 3rd Degree,6,Low,0
Female,Less than 25,African-American,0,0,0,3.0,0.0,F,Grand Theft (Motor Vehicle),1,0,Resist/Obstruct W/O Violence,3,High,1
Male,25 - 45,Caucasian,0,0,0,0.0,0.0,F,"Poss3,4 Methylenedioxymethcath",0,0,,0,Low,0
Male,Greater than 45,African-American,0,0,0,0.0,-1.0,F,Uttering a Forged Instrument,0,0,,0,Low,0
Female,Less than 25,Caucasian,0,0,1,1.0,-22.0,M,Driving Under The Influence,0,0,,1,Low,0
Male,25 - 45,African-American,0,0,0,5.0,-1.0,F,Possession of Cannabis,0,0,Petit Theft,5,Low,0
Male,25 - 45,Other,0,0,0,2.0,-1.0,M,Battery,0,0,,2,Low,0
Male,Greater than 45,Caucasian,0,0,0,1.0,-1.0,F,Crimin Mischief Damage $1000+,1,0,,1,Low,0
Male,25 - 45,African-American,0,0,0,1.0,0.0,M,Driving License Suspended,1,0,Petit Theft,1,Low,1
Male,Greater than 45,Caucasian,0,0,0,0.0,0.0,M,Petit Theft,0,0,,0,Low,0
Male,25 - 45,African-American,0,0,0,5.0,-1.0,M,Possession Of Methamphetamine,0,0,,5,Medium,0
Male,Less than 25,Hispanic,0,0,0,0.0,0.0,M,Battery,0,0,,0,Low,0
Male,Less than 25,African-American,0,0,0,0.0,-1.0,M,Battery,0,0,,0,Low,0
Male,25 - 45,African-American,0,0,0,0.0,0.0,F,Carrying Concealed Firearm,0,0,,0,Medium,0
Male,25 - 45,Asian,0,0,0,0.0,-1.0,M,Battery,0,0,,0,Low,0
Male,Greater than 45,Asian,0,0,0,1.0,-1.0,F,arrest case no charge,1,0,,1,Low,1
Male,25 - 45,Caucasian,0,0,0,2.0,-1.0,F,arrest case no charge,1,0,Grand Theft in the 3rd Degree,2,Medium,1
Male,25 - 45,African-American,0,0,0,9.0,0.0,M,arrest case no charge,1,0,Grand Theft in the 3rd Degree,9,Low,1
Male,25 - 45,Hispanic,0,0,0,5.0,-1.0,F,Criminal Mischief Damage <$200,1,0,Grand Theft in the 3rd Degree,5,Low,0
Female,Less than 25,African-American,0,0,0,0.0,-1.0,M,Resist Officer w/Violence,1,0,Grand Theft in the 3rd Degree,0,High,1
Male,25 - 45,Caucasian,0,0,0,0.0,-1.0,M,Driving License Suspended,0,0,,0,Low,0
Male,25 - 45,Caucasian,0,0,0,1.0,-3.0,F,arrest case no charge,0,0,,1,Low,0
Male,Less than 25,African-American,0,0,0,0.0,-1.0,F,Pos Cannabis W/Intent Sel/Del,0,0,,0,Low,0
Female,25 - 45,African-American,0,0,0,4.0,-1.0,F,Aggravated Assault W/Dead Weap,0,0,,4,Medium,0
Male,25 - 45,African-American,0,0,0,10.0,-1.0,F,arrest case no charge,1,0,Resist/Obstruct W/O Violence,10,Medium,1
Male,25 - 45,Caucasian,0,0,0,0.0,0.0,M,Battery,0,0,,0,Low,0
Male,25 - 45,Caucasian,0,0,0,17.0,-1.0,F,arrest case no charge,1,0,Grand Theft in the 3rd Degree,17,Medium,1
Female,Less than 25,Other,0,0,0,1.0,-1.0,M,Battery,0,0,,1,Low,0
Male,25 - 45,African-American,0,0,0,1.0,0.0,F,arrest case no charge,1,0,Grand Theft in the 3rd Degree,1,High,1
Male,Less than 25,African-American,0,0,0,0.0,0.0,F,Possession Of Methamphetamine,0,0,,0,Low,0
Male,25 - 45,African-American,0,0,0,7.0,-1.0,F,Felony Battery (Dom Strang),1,1,Viol Pretrial Release Dom Viol,7,Low,1
Male,Greater than 45,Caucasian,0,0,0,0.0,0.0,M,DUI - Enhanced,0,0,,0,Low,0
Male,25 - 45,Caucasian,0,0,0,2.0,0.0,M,Driving Under The Influence,1,1,Resist/Obstruct W/O Violence,2,Low,1
Male,25 - 45,African-American,0,0,0,0.0,-1.0,F,Grand Theft in the 3rd Degree,0,0,,0,Medium,0
Male,Greater than 45,Caucasian,0,0,0,2.0,-28.0,F,Aggrav Child Abuse-Agg Battery,0,0,,2,Low,0
Male,25 - 45,African-American,0,0,0,1.0,-1.0,F,Grand Theft in the 3rd Degree,0,0,,1,Low,0
Male,25 - 45,Caucasian,0,0,0,3.0,-1.0,M,Battery,0,0,,3,Low,0
Male,Less than 25,African-American,0,0,0,8.0,-1.0,F,Grand Theft in the 3rd Degree,1,0,,8,High,1
Male,25 - 45,African-American,0,0,0,2.0,0.0,M,Battery,0,0,,2,Medium,0
Male,Less than 25,African-American,0,0,1,0.0,0.0,F,Possession of Cannabis,0,0,,0,Low,0
Male,Less than 25,African-American,0,0,0,3.0,-1.0,F,Burglary Unoccupied Dwelling,1,0,Grand Theft in the 3rd Degree,3,Medium,1
Male,Greater than 45,African-American,0,0,0,4.0,0.0,F,Aggrav Battery w/Deadly Weapon,0,0,,4,High,1
Male,Less than 25,African-American,0,0,0,0.0,-1.0,M,Battery,1,0,,0,Low,1
Male,25 - 45,African-American,0,0,0,11.0,-1.0,F,Driving While License Revoked,1,0,Grand Theft in the 3rd Degree,11,Low,1
Male,25 - 45,Caucasian,0,0,0,3.0,-15.0,M,Battery,1,1,Aggravated Battery / Pregnant,3,Low,1
Female,Less than 25,African-American,0,0,0,0.0,-4.0,F,Burglary Dwelling Assault/Batt,1,0,,0,Medium,1
Male,25 - 45,Caucasian,0,0,0,0.0,-1.0,F,Unauthorized Interf w/Railroad,1,0,Petit Theft,0,Low,1
Female,25 - 45,Caucasian,0,0,0,2.0,-26.0,M,Battery,0,0,,2,Low,0
Male,25 - 45,African-American,0,0,0,3.0,-1.0,F,Burglary Structure Unoccup,1,0,Petit Theft,3,Medium,1
Male,Greater than 45,Caucasian,0,0,0,1.0,0.0,M,Sell or Offer for Sale Counterfeit Goods,0,0,,1,Low,0
Male,25 - 45,African-American,0,0,0,5.0,0.0,F,Poss Cocaine/Intent To Del/Sel,1,0,Grand Theft in the 3rd Degree,5,Medium,1
Female,25 - 45,Caucasian,0,0,0,10.0,21.85360338222914,F,Possession of Cocaine,1,1,Battery,10,High,1
Female,25 - 45,African-American,0,0,0,0.0,0.0,M,Battery,0,0,,0,Low,0
Male,25 - 45,African-American,0,0,1,17.0,-1.0,F,Grand Theft Dwell Property,1,0,Grand Theft in the 3rd Degree,17,High,1
Male,Greater than 45,African-American,0,0,0,4.0,-1.0,F,Grand Theft in the 3rd Degree,0,0,,4,Medium,0
Male,25 - 45,Caucasian,0,0,0,9.0,0.0,M,Aggrav Battery w/Deadly Weapon,1,0,Petit Theft,9,Medium,1
Female,Greater than 45,Caucasian,0,0,0,0.0,0.0,M,Battery,0,0,,0,Low,0
Male,Greater than 45,African-American,0,0,0,9.0,-1.0,F,Felony Battery w/Prior Convict,1,0,Petit Theft,9,Low,0
Male,25 - 45,Caucasian,0,0,0,2.0,0.0,M,Battery,0,0,,2,Low,0
Female,25 - 45,Other,0,0,0,0.0,0.0,M,Battery,0,0,,0,Low,0
Male,Less than 25,Caucasian,0,0,0,2.0,-1.0,M,Battery,1,1,Battery,2,Medium,1
Male,25 - 45,African-American,0,0,0,0.0,-1.0,F,Grand Theft (Motor Vehicle),0,0,,0,Low,0
Male,Less than 25,African-American,0,2,1,8.0,-1.0,F,arrest case no charge,1,1,Trespass Struct/Convey Occupy,8,High,1
Male,25 - 45,African-American,0,0,0,7.0,-1.0,F,Agg Fleeing and Eluding,1,0,Grand Theft in the 3rd Degree,7,Medium,1
Female,Less than 25,African-American,0,0,0,2.0,-2.0,F,arrest case no charge,1,1,Battery,2,Medium,1
Male,25 - 45,African-American,0,0,0,1.0,-1.0,M,Resist/Obstruct W/O Violence,0,0,,1,Medium,0
Male,Greater than 45,Caucasian,0,0,0,8.0,-1.0,M,Battery,0,0,,8,Low,0
Male,25 - 45,Other,0,0,0,6.0,-1.0,F,Possession of Cocaine,1,0,Resist/Obstruct W/O Violence,6,Low,1
Male,Greater than 45,African-American,0,0,0,3.0,-28.0,M,arrest case no charge,0,0,,3,Low,0
Male,Greater than 45,Caucasian,0,0,0,5.0,-21.0,F,Burglary Unoccupied Dwelling,0,0,Grand Theft in the 3rd Degree,5,Low,0
Male,25 - 45,Caucasian,0,0,0,2.0,-1.0,F,Possession Of Alprazolam,0,0,Petit Theft,2,Low,0
Male,Greater than 45,Other,0,0,0,4.0,-1.0,M,Reckless Driving,1,1,Battery,4,High,1
Male,25 - 45,African-American,0,0,0,0.0,-1.0,M,Petit Theft,1,0,Petit Theft,0,Low,1
Male,25 - 45,African-American,0,1,0,19.0,0.0,F,Possession of Cocaine,1,0,Operating W/O Valid License,19,High,1
Male,Greater than 45,African-American,0,0,0,0.0,0.0,M,Battery,0,0,,0,High,0
Female,Greater than 45,Caucasian,0,0,0,0.0,-1.0,M,DUI Property Damage/Injury,0,0,,0,Low,0
Male,Greater than 45,Caucasian,0,0,0,0.0,-1.0,F,Possession of Cocaine,0,0,,0,Low,0
Male,Less than 25,African-American,0,0,0,5.0,-1.0,F,Uttering a Forged Instrument,1,0,Petit Theft,5,High,1
Male,25 - 45,African-American,0,0,0,0.0,-1.0,F,Grand Theft in the 3rd Degree,0,0,,0,Low,0
Male,Less than 25,Hispanic,0,0,0,0.0,0.0,F,"Deliver 3,4 Methylenediox",0,0,,0,Medium,0
Female,25 - 45,African-American,0,0,0,2.0,-1.0,M,Driving Under The Influence,1,0,Grand Theft in the 3rd Degree,2,Low,1
Female,25 - 45,African-American,0,0,0,1.0,-1.0,F,arrest case no charge,0,0,,1,High,0
Male,Greater than 45,African-American,0,0,0,6.0,0.0,M,Battery,1,0,Grand Theft in the 3rd Degree,6,Low,1
Male,25 - 45,African-American,0,1,0,10.0,-1.0,F,arrest case no charge,1,0,Grand Theft of the 2nd Degree,10,Medium,1
Male,25 - 45,African-American,0,0,0,2.0,-1.0,M,Battery,0,0,,2,Low,0
Male,25 - 45,Caucasian,0,0,0,2.0,-1.0,M,arrest case no charge,0,0,,2,Low,0
Male,Less than 25,African-American,0,0,0,3.0,-1.0,F,arrest case no charge,1,0,Grand Theft in the 3rd Degree,3,Medium,1
Female,25 - 45,Caucasian,0,0,0,2.0,-2.0,M,Petit Theft,1,0,Petit Theft,2,Low,1
Female,25 - 45,Caucasian,0,0,0,0.0,0.0,M,DUI Property Damage/Injury,0,0,,0,Low,0
Male,Less than 25,Hispanic,0,0,0,0.0,-5.0,F,arrest case no charge,0,0,,0,Low,0
Male,Less than 25,African-American,0,0,0,0.0,-1.0,F,Burglary Unoccupied Dwelling,0,0,,0,Low,0
Female,Less than 25,African-American,0,0,0,0.0,-1.0,M,Battery,0,0,,0,Low,0
Male,Greater than 45,Other,0,0,0,4.0,-1.0,F,arrest case no charge,0,0,,4,Low,0
Male,25 - 45,Hispanic,0,0,0,19.0,-1.0,F,Felony Petit Theft,1,1,Viol Pretrial Release Dom Viol,19,High,1
Male,Less than 25,Other,0,0,0,0.0,-1.0,M,Battery,0,0,,0,Low,0
Male,25 - 45,Caucasian,0,1,3,4.0,-1.0,M,Battery,1,0,Grand Theft in the 3rd Degree,4,Low,1
Male,Less than 25,Caucasian,0,0,0,0.0,-1.0,F,arrest case no charge,1,0,Resist/Obstruct W/O Violence,0,Low,1
Female,Greater than 45,Caucasian,0,0,0,5.0,0.0,F,arrest case no charge,0,0,,5,Medium,0
Male,Greater than 45,Caucasian,0,0,0,0.0,0.0,M,Battery,1,0,Resist/Obstruct W/O Violence,0,Low,1
Male,25 - 45,African-American,0,0,0,2.0,0.0,F,Grand Theft in the 3rd Degree,1,0,Resist/Obstruct W/O Violence,2,Medium,1
Female,Greater than 45,Caucasian,0,0,0,0.0,-2.0,M,DUI Property Damage/Injury,0,0,,0,Low,0
Male,Greater than 45,Caucasian,0,0,0,0.0,-1.0,F,DUI/Property Damage/Persnl Inj,0,0,,0,Low,0
Male,Less than 25,African-American,2,0,0,3.0,0.0,F,"Poss3,4 Methylenedioxymethcath",1,0,Grand Theft in the 3rd Degree,3,High,1
Male,Greater than 45,African-American,0,0,0,18.0,-1.0,M,Poss Cocaine/Intent To Del/Sel,1,0,,17,Medium,1
Male,Greater than 45,African-American,0,0,0,0.0,-1.0,M,Battery,1,1,Viol Pretrial Release Dom Viol,0,Medium,1
Male,Greater than 45,Hispanic,0,0,0,1.0,-2.0,M,Operating W/O Valid License,0,0,Petit Theft,1,Low,0
Male,25 - 45,Caucasian,0,0,0,0.0,-5.0,M,Driving Under The Influence,1,0,Petit Theft,0,Low,1
Male,Greater than 45,Asian,0,0,0,6.0,-1.0,M,Battery,1,0,Resist/Obstruct W/O Violence,6,Low,0
Male,Greater than 45,Caucasian,0,0,0,3.0,-1.0,M,Battery,1,1,Battery,3,Low,1
Male,25 - 45,Caucasian,0,0,0,0.0,-1.0,M,Battery,0,0,,0,Low,0
Male,Less than 25,Caucasian,0,0,0,0.0,0.0,F,Poss Cocaine/Intent To Del/Sel,0,0,,0,High,0
Male,25 - 45,Hispanic,0,0,0,0.0,-1.0,M,Battery,0,0,,0,Low,0
Male,Less than 25,African-American,0,1,0,3.0,-1.0,F,arrest case no charge,0,0,,3,Medium,0
Male,Greater than 45,Hispanic,0,0,0,0.0,-1.0,M,Battery,0,0,,0,Low,0
Male,25 - 45,Asian,0,0,0,0.0,-1.0,F,Grand Theft in the 3rd Degree,0,0,,0,Low,0
Male,Greater than 45,Caucasian,0,0,0,1.0,-23.0,M,Driving Under The Influence,0,0,,1,Low,0
Male,25 - 45,African-American,0,0,0,7.0,0.0,F,arrest case no charge,0,0,,7,Low,0
Male,Less than 25,African-American,0,0,0,1.0,-1.0,F,Burglary Unoccupied Dwelling,0,0,,1,Medium,0
Male,25 - 45,Caucasian,0,0,0,1.0,0.0,M,Battery,0,0,Petit Theft,1,Medium,0
Male,Less than 25,African-American,2,0,1,2.0,-1.0,F,Possession of Cocaine,1,0,,2,High,1
Male,Greater than 45,Caucasian,0,0,0,2.0,-1.0,F,Leave Accd/Attend Veh/Less $50,1,0,Resist/Obstruct W/O Violence,2,Low,1
Female,Less than 25,Caucasian,0,0,0,3.0,-1.0,M,Petit Theft,1,1,Battery,3,High,1
Male,25 - 45,African-American,0,0,0,4.0,-1.0,F,Uttering a Forged Instrument,0,0,,4,Medium,0
Male,25 - 45,Other,0,0,0,0.0,0.0,M,Battery,0,0,,0,Low,0
Male,25 - 45,African-American,0,0,0,0.0,-1.0,M,Battery,1,1,Battery,0,Low,0
Male,25 - 45,African-American,0,0,0,15.0,0.0,F,Possession Of Paraphernalia,0,0,,15,High,0
Male,25 - 45,Hispanic,0,0,0,5.0,-1.0,F,Deliver Cocaine,1,1,Resist/Obstruct W/O Violence,5,Low,1
Male,Greater than 45,Caucasian,0,0,0,14.0,-28.0,F,arrest case no charge,1,0,Petit Theft,14,Low,1
Male,25 - 45,Caucasian,0,0,0,0.0,0.0,M,Grand Theft on 65 Yr or Older,0,0,,0,Low,0
Male,Greater than 45,Caucasian,0,0,0,2.0,-1.0,F,Dealing in Stolen Property,0,0,,2,Low,0
Male,Greater than 45,Caucasian,0,0,0,1.0,-2.0,F,Burglary Dwelling Assault/Batt,1,0,Grand Theft in the 3rd Degree,1,Low,1
Male,Greater than 45,Caucasian,0,0,0,4.0,0.0,M,Felony Petit Theft,1,1,Resist/Obstruct W/O Violence,4,Medium,1
Male,Greater than 45,Caucasian,0,0,0,1.0,-2.0,M,Viol Pretrial Release Dom Viol,0,0,,1,Low,0
Male,Greater than 45,Caucasian,0,0,0,3.0,0.0,M,Reckless Driving,1,1,Viol Pretrial Release Dom Viol,3,Low,1
Male,25 - 45,Caucasian,0,0,0,0.0,-1.0,F,"Poss 3,4 MDMA (Ecstasy)",1,0,Grand Theft in the 3rd Degree,0,Low,1
Male,Greater than 45,Other,0,0,0,0.0,-1.0,M,Battery,0,0,,0,Low,0
Male,25 - 45,Hispanic,0,0,0,0.0,-1.0,M,Battery,0,0,,0,Low,0
Female,25 - 45,African-American,0,0,0,1.0,-1.0,F,Grand Theft (Motor Vehicle),0,0,,1,Low,0
Male,25 - 45,Hispanic,0,0,0,0.0,-1.0,F,Grand Theft in the 3rd Degree,0,0,,0,High,1
Female,25 - 45,African-American,0,0,0,1.0,0.0,M,Battery,1,0,Petit Theft,1,Low,0
Female,25 - 45,Caucasian,0,0,0,3.0,0.0,F,Burglary Dwelling Occupied,1,0,Grand Theft in the 3rd Degree,3,Medium,1
Female,Less than 25,Caucasian,0,0,1,1.0,-1.0,M,arrest case no charge,0,0,,1,High,0
Male,Less than 25,Hispanic,0,0,0,1.0,-1.0,F,Battery on Law Enforc Officer,1,0,Grand Theft in the 3rd Degree,1,Medium,1
Female,25 - 45,African-American,0,0,0,0.0,-1.0,M,Felony Batt(Great Bodily Harm),1,0,Petit Theft,0,Low,1
Male,25 - 45,African-American,0,0,0,1.0,0.0,M,Pos Cannabis W/Intent Sel/Del,0,0,,1,Low,0
Male,Greater than 45,Caucasian,0,0,0,1.0,-1.0,M,Battery,1,1,Felony Battery (Dom Strang),1,Medium,0
Male,25 - 45,African-American,0,0,0,9.0,0.0,M,Disorderly Intoxication,1,0,,9,High,0
Male,Less than 25,African-American,0,0,0,0.0,-1.0,M,arrest case no charge,1,0,Resist/Obstruct W/O Violence,0,Low,0
Female,25 - 45,African-American,0,0,0,8.0,-1.0,F,Felony Battery (Dom Strang),1,1,Viol Pretrial Release Dom Viol,8,Medium,1
Male,Greater than 45,Caucasian,0,0,0,1.0,-10.0,M,Battery,0,0,Petit Theft,1,Low,0
Male,25 - 45,Caucasian,0,0,0,0.0,-1.0,F,Grand Theft in the 3rd Degree,0,0,,0,Low,0
Male,25 - 45,Caucasian,0,0,0,0.0,-1.0,M,Neglect Child / No Bodily Harm,1,0,Grand Theft in the 3rd Degree,0,Low,0
Male,Greater than 45,Caucasian,0,0,0,3.0,0.0,M,Driving Under The Influence,1,1,Battery,3,Low,1
Male,Less than 25,African-American,0,0,0,0.0,-1.0,M,Battery,0,0,,0,Medium,0
Male,25 - 45,Caucasian,0,0,0,1.0,4.2814487181457395,F,Grand Theft in the 3rd Degree,1,0,Grand Theft in the 3rd Degree,1,Low,1
Male,Greater than 45,Caucasian,0,0,0,2.0,-1.0,M,Lve/Scen/Acc/Veh/Prop/Damage,0,0,,2,Low,0
Male,Less than 25,African-American,0,0,0,4.0,-1.0,F,Burglary Unoccupied Dwelling,0,0,,4,High,0
Male,25 - 45,African-American,0,0,0,0.0,-1.0,F,Pos Cannabis W/Intent Sel/Del,0,0,,0,Medium,0
Male,25 - 45,African-American,2,1,0,13.0,-1.0,F,arrest case no charge,1,0,Operating W/O Valid License,13,Medium,1
Male,25 - 45,African-American,0,0,0,8.0,-1.0,M,Battery,0,0,,8,Low,0
Male,25 - 45,African-American,0,0,0,3.0,-1.0,F,Grand Theft in the 3rd Degree,0,0,,3,Low,0
Male,Less than 25,African-American,0,2,6,8.0,30.0,F,arrest case no charge,1,1,Resist Officer w/Violence,8,High,1
Female,25 - 45,African-American,0,0,0,3.0,-1.0,F,Possession of Cocaine,1,0,Resist/Obstruct W/O Violence,3,Low,1
Male,25 - 45,Caucasian,0,0,0,0.0,-1.0,F,Possession of Oxycodone,0,0,,0,Low,0
Male,Greater than 45,African-American,0,0,0,0.0,0.0,F,Possession of Cocaine,0,0,,0,Low,0
Female,25 - 45,Other,0,0,0,0.0,-1.0,M,Battery,1,0,Resist/Obstruct W/O Violence,0,Low,1
Female,Greater than 45,Caucasian,0,0,0,1.0,-1.0,F,Bribery Athletic Contests,1,1,Battery,1,Low,0
Male,Greater than 45,African-American,0,0,0,3.0,-1.0,F,Grand Theft in the 3rd Degree,0,0,,3,Low,0
Male,25 - 45,African-American,0,0,0,9.0,0.0,F,Possession of Cannabis,1,0,Grand Theft in the 3rd Degree,9,Medium,1
Male,25 - 45,Caucasian,0,0,0,0.0,0.0,M,Driving Under The Influence,0,0,,0,Low,0
Male,Less than 25,African-American,0,0,0,0.0,-1.0,F,Burglary Dwelling Occupied,1,0,Petit Theft,0,Medium,1
Male,Less than 25,African-American,0,0,0,0.0,-1.0,F,Grand Theft (Motor Vehicle),0,0,,0,Low,0
Male,Greater than 45,African-American,0,0,0,2.0,-1.0,F,Agg Fleeing and Eluding,0,0,,2,Low,0
Male,25 - 45,African-American,0,1,1,10.0,-4.0,F,Deliver Cocaine,1,0,Possess Cannabis/20 Grams Or Less,10,High,1
Female,25 - 45,Other,0,0,0,0.0,-1.0,M,Battery,0,0,,0,Low,0
Male,25 - 45,African-American,0,0,0,19.0,-1.0,F,Possession of Cocaine,1,1,Battery,19,High,1
Male,Greater than 45,Hispanic,0,0,0,0.0,-1.0,M,Exposes Culpable Negligence,1,0,,0,Low,1
Male,25 - 45,African-American,0,0,1,12.0,0.0,M,Battery,1,0,Grand Theft in the 3rd Degree,12,Medium,1
Female,Greater than 45,Caucasian,0,0,0,0.0,0.0,M,Battery,0,0,,0,Low,0
Male,25 - 45,Caucasian,0,0,0,1.0,-1.0,F,Aggravated Assault W/dead Weap,0,0,,1,Low,0
Male,Greater than 45,African-American,0,0,0,1.0,-22.0,F,arrest case no charge,0,0,,1,Low,0
Male,Greater than 45,Other,0,0,0,1.0,-1.0,F,arrest case no charge,1,0,,1,Low,1
Female,Less than 25,Other,0,0,0,0.0,0.0,M,Battery,0,0,,0,Low,0
Male,25 - 45,Caucasian,0,0,0,4.0,0.0,M,Viol Injunct Domestic Violence,1,0,Grand Theft in the 3rd Degree,4,Medium,1
Male,25 - 45,African-American,0,0,0,1.0,-30.0,F,Possession of Cocaine,0,0,,1,Low,0
Female,25 - 45,African-American,0,0,0,1.0,-1.0,F,Possession of Cocaine,1,1,Viol Pretrial Release Dom Viol,1,Low,1
Male,25 - 45,African-American,0,0,0,1.0,0.0,F,Grand Theft (Motor Vehicle),0,0,,1,High,0
Male,25 - 45,African-American,0,0,0,2.0,-1.0,F,Possession of Cocaine,1,0,Grand Theft in the 3rd Degree,2,High,1
Female,Greater than 45,Caucasian,0,0,0,1.0,-4.0,F,Possession of Cocaine,1,0,Grand Theft in the 3rd Degree,1,Low,1
Male,25 - 45,African-American,0,0,0,1.0,0.11362650191605184,M,Viol Injunct Domestic Violence,1,1,Aggravated Battery / Pregnant,1,Low,1
Female,Greater than 45,Caucasian,0,0,0,7.0,-8.0,M,Criminal Mischief Damage <$200,1,0,Resist/Obstruct W/O Violence,7,Low,1
Male,Greater than 45,Caucasian,0,0,0,0.0,-1.0,F,Carrying Concealed Firearm,0,0,,0,Low,0
Male,Less than 25,Caucasian,0,0,2,0.0,-1.0,F,Aggravated Assault W/Dead Weap,0,0,,0,Medium,0
Male,25 - 45,African-American,0,0,0,4.0,-1.0,F,Sound Articles Over 100,1,0,Grand Theft in the 3rd Degree,4,Low,1
Male,Less than 25,African-American,0,0,0,3.0,-1.0,M,Viol Prot Injunc Repeat Viol,1,0,Resist/Obstruct W/O Violence,3,Medium,1
Female,Greater than 45,African-American,0,0,0,6.0,-1.0,F,Felony Petit Theft,0,0,,6,Low,0
Male,25 - 45,Hispanic,0,0,0,2.0,-1.0,F,Grand Theft in the 3rd Degree,0,0,Grand Theft in the 3rd Degree,2,High,0
Male,Greater than 45,African-American,0,0,0,33.11559472706772,0.0,F,Crimin Mischief Damage $1000+,1,0,Petit Theft,32,Medium,1
Male,25 - 45,Caucasian,0,0,0,1.0,-1.0,F,Grand Theft in the 3rd Degree,1,0,,1,Low,1
Male,Greater than 45,African-American,0,0,0,10.0,-1.0,F,Aggrav Battery w/Deadly Weapon,1,0,Resist/Obstruct W/O Violence,10,Low,1
Female,25 - 45,Caucasian,0,0,0,0.0,0.0,M,Prostitution/Lewd Act Assignation,1,0,Resist/Obstruct W/O Violence,0,Low,0
Male,25 - 45,Caucasian,0,0,7,3.0,-1.0,M,Battery,0,0,,3,Medium,0
Female,25 - 45,African-American,0,0,0,4.0,-1.0,F,Neglect Child / No Bodily Harm,1,0,,4,High,1
Male,25 - 45,African-American,0,0,0,0.0,0.0,M,Battery,0,0,,0,Low,0
Female,25 - 45,Caucasian,0,0,0,0.0,-1.0,M,Battery,0,0,,0,Low,0
Male,Less than 25,Caucasian,0,1,0,1.0,-1.0,M,Battery,0,0,,1,Low,0
Male,25 - 45,African-American,0,0,0,4.0,-1.0,F,Grand Theft in the 3rd Degree,1,0,Grand Theft in the 3rd Degree,4,Low,1
Male,Greater than 45,Caucasian,0,0,0,0.0,-1.0,M,Driving Under The Influence,0,0,,0,Low,0
Male,25 - 45,Caucasian,0,0,0,0.0,0.0,F,Grand Theft (Motor Vehicle),1,0,Grand Theft in the 3rd Degree,0,Medium,1
Male,25 - 45,African-American,2,0,0,20.0,0.0,F,Felony Battery w/Prior Convict,1,0,Petit Theft,20,High,1
Male,Less than 25,African-American,0,0,0,3.0,-1.0,M,Battery,1,0,,3,Low,1
Female,25 - 45,African-American,0,1,0,23.0,-1.0,F,Felony Petit Theft,1,0,Operating W/O Valid License,23,Medium,0
Male,25 - 45,African-American,0,0,0,7.0,-1.0,M,Battery,1,1,Aggravated Battery / Pregnant,7,High,1
Male,Less than 25,Caucasian,0,0,4,4.0,0.0,F,Poss Pyrrolidinovalerophenone,1,1,Mandatory Susp Possess Alcohol,4,Medium,1
Male,Greater than 45,Caucasian,0,0,0,0.0,0.0,F,Battery on Law Enforc Officer,0,0,,0,Low,0
Female,25 - 45,African-American,0,0,0,1.0,7.650701546913929,F,arrest case no charge,0,0,,1,Medium,0
Male,25 - 45,African-American,0,0,0,1.0,-24.0,F,arrest case no charge,1,0,Grand Theft in the 3rd Degree,1,Low,1
Male,Greater than 45,Caucasian,0,0,0,5.0,-1.0,F,Driving While License Revoked,1,0,Grand Theft in the 3rd Degree,5,Low,1
Male,25 - 45,African-American,1,0,0,12.0,0.0,F,Possession of Cocaine,1,0,Grand Theft in the 3rd Degree,12,High,1
Female,25 - 45,Caucasian,0,0,0,5.0,0.0,F,Felony Battery,1,0,Grand Theft in the 3rd Degree,5,High,1
Male,25 - 45,African-American,0,0,0,1.0,0.0,F,Tamper With Witness/Victim/CI,0,0,,1,Medium,0
Female,25 - 45,Caucasian,0,0,0,5.0,-1.0,F,arrest case no charge,1,0,Petit Theft,5,Low,1
Male,Less than 25,African-American,0,0,0,1.0,0.0,F,Tampering With Physical Evidence,1,0,,1,Low,1
Female,Greater than 45,Caucasian,0,0,0,9.0,0.0,F,arrest case no charge,1,0,Grand Theft in the 3rd Degree,9,Low,1
Male,25 - 45,Caucasian,0,0,0,0.0,-1.0,M,Viol Injunct Domestic Violence,0,0,,0,Low,0
Male,25 - 45,Hispanic,0,0,0,0.0,0.0,M,Battery,0,0,,0,Low,0
Male,25 - 45,Other,0,0,0,1.0,-1.0,F,Felony Battery (Dom Strang),0,0,Petit Theft,1,Low,0
Male,Less than 25,African-American,0,0,0,0.0,-1.0,F,Poss F/Arm Delinq,1,1,Resist/Obstruct W/O Violence,0,High,1
Male,25 - 45,Other,0,0,0,3.0,-1.0,F,Aggrav Battery w/Deadly Weapon,0,0,Petit Theft,3,Low,0
Male,Less than 25,African-American,0,1,0,8.0,-1.0,F,Burglary Unoccupied Dwelling,1,1,Resist/Obstruct W/O Violence,8,Low,1
Female,Greater than 45,Caucasian,0,0,0,0.0,-1.0,M,Battery,1,0,,0,Low,0
Male,25 - 45,African-American,0,0,0,6.0,0.0,F,Felony/Driving Under Influence,1,0,Petit Theft,6,Low,1
Male,25 - 45,Other,0,0,0,2.0,-1.0,M,arrest case no charge,0,0,,2,Low,0
Male,Greater than 45,Caucasian,0,0,0,2.0,-19.0,F,Possession Of Methamphetamine,0,0,,2,Low,0
Male,25 - 45,African-American,0,0,0,10.0,-1.0,F,Poss of Cocaine W/I/D/S 1000FT Park,1,0,Petit Theft,10,High,1
Male,25 - 45,Caucasian,0,0,0,0.0,0.0,M,Assault,0,0,,0,Low,0
Male,25 - 45,Caucasian,0,0,0,9.0,-1.0,M,Petit Theft,1,0,,9,Medium,1
Male,25 - 45,Caucasian,0,0,0,0.0,0.0,F,"Deliver 3,4 Methylenediox",0,0,,0,Low,0
Male,25 - 45,Caucasian,0,0,0,16.0,-1.0,F,Felony Battery (Dom Strang),1,0,Resist/Obstruct W/O Violence,15,Medium,1
Male,Greater than 45,African-American,0,0,0,0.0,-1.0,M,Battery,0,0,,0,Low,0
Male,Greater than 45,African-American,0,0,0,7.0,-1.0,M,Viol Prot Injunc Repeat Viol,1,1,Felony Battery w/Prior Convict,7,Medium,1
Male,Less than 25,Caucasian,0,0,1,1.0,-1.0,F,Driving While License Revoked,1,0,Possess Cannabis/20 Grams Or Less,1,Low,1
Female,Greater than 45,African-American,0,0,0,0.0,-1.0,F,Dealing in Stolen Property,0,0,,0,Medium,0
Male,25 - 45,African-American,0,0,0,1.0,0.0,M,DUI/Property Damage/Persnl Inj,1,0,Resist/Obstruct W/O Violence,1,Low,1
Male,25 - 45,African-American,0,0,0,0.0,-1.0,F,Possession Of Methamphetamine,1,0,Resist/Obstruct W/O Violence,0,Low,1
Female,25 - 45,Other,0,0,0,3.0,-1.0,F,Driving While License Revoked,0,0,,3,Low,0
Male,Less than 25,Caucasian,0,0,3,0.0,-2.0,M,Battery,0,0,,0,Low,0
Male,25 - 45,Hispanic,0,0,0,5.0,-1.0,M,Criminal Mischief Damage <$200,1,1,Battery,5,Medium,1
Male,25 - 45,African-American,2,0,1,8.0,-1.0,F,Possession of Cocaine,1,0,Grand Theft in the 3rd Degree,8,Medium,1
Male,Less than 25,Hispanic,0,0,0,3.0,-1.0,F,Burglary Conveyance Unoccup,1,0,Grand Theft in the 3rd Degree,3,Medium,1
Male,Greater than 45,African-American,0,0,0,0.0,-1.0,M,Battery,0,0,Petit Theft,0,Low,0
Male,25 - 45,African-American,0,0,0,6.0,-1.0,F,Felony Battery w/Prior Convict,1,0,Petit Theft,6,High,1
Male,Less than 25,African-American,0,0,0,4.0,-1.0,F,Grand Theft (Motor Vehicle),1,0,Grand Theft in the 3rd Degree,4,High,1
Male,Greater than 45,African-American,0,0,0,4.0,-1.0,M,Lve/Scen/Acc/Veh/Prop/Damage,1,0,Grand Theft in the 3rd Degree,4,High,1
Male,Less than 25,Hispanic,0,0,0,0.0,-1.0,F,Burglary Conveyance Unoccup,1,0,,0,Low,1
Female,Less than 25,African-American,0,0,0,0.0,-1.0,M,Battery,1,0,Petit Theft,0,Medium,1
Male,25 - 45,Caucasian,0,0,0,0.0,-1.0,M,Battery,0,0,Petit Theft,0,Low,1
Female,25 - 45,Caucasian,0,0,1,2.0,-1.0,F,Burglary Structure Unoccup,1,0,Grand Theft in the 3rd Degree,2,High,1
Female,25 - 45,Caucasian,0,0,0,4.0,-1.0,F,arrest case no charge,0,0,,4,Medium,0
Female,Less than 25,African-American,0,0,0,0.0,-1.0,F,Aggrav Battery w/Deadly Weapon,1,0,Petit Theft,0,Medium,0
Male,25 - 45,African-American,1,0,0,25.921359105368726,-1.0,F,Poss Cocaine/Intent To Del/Sel,1,0,Resist/Obstruct W/O Violence,25,High,1
Male,Less than 25,African-American,0,0,0,1.0,-1.0,F,Grand Theft in the 3rd Degree,1,0,,1,Medium,1
Male,Less than 25,Other,0,0,0,1.0,-1.0,F,Grand Theft on 65 Yr or Older,1,0,Resist/Obstruct W/O Violence,1,High,1
Male,25 - 45,African-American,0,0,0,2.0,-1.0,F,Grand Theft in the 3rd Degree,0,0,,2,Medium,0
Male,25 - 45,African-American,0,0,0,5.0,0.0,M,Grand Theft Dwell Property,1,0,Petit Theft,5,High,1
Male,Greater than 45,Caucasian,0,0,0,1.0,-16.30646830263379,M,Battery,0,0,,1,Low,0
Male,Greater than 45,Caucasian,0,0,0,5.0,-4.0,F,Grand Theft (Motor Vehicle),1,0,Grand Theft in the 3rd Degree,5,Medium,1
Male,Greater than 45,African-American,0,0,0,2.0,0.0,M,Battery,0,0,,2,Low,0
Male,25 - 45,African-American,0,0,0,14.0,-1.0,F,Possession of Cocaine,1,1,Viol Pretrial Release Dom Viol,14,High,1
Male,25 - 45,Caucasian,0,0,0,2.0,-13.56779092534724,F,False Ownership Info/Pawn Item,1,0,Petit Theft,2,Low,1
Male,Less than 25,African-American,0,0,0,1.0,-1.0,F,Possession Burglary Tools,0,0,,1,High,0
Male,Greater than 45,African-American,0,0,0,15.0,-1.0,F,Att Burgl Unoccupied Dwel,1,0,,15,High,1
Female,Greater than 45,Hispanic,0,0,0,1.0,-1.0,M,Battery,0,0,,1,Low,0
Male,Less than 25,African-American,0,0,0,1.0,-1.0,M,Susp Drivers Lic 1st Offense,0,0,,1,Medium,0
Male,25 - 45,Other,0,0,0,5.0,-1.0,F,Resist Officer w/Violence,0,0,Petit Theft,5,Medium,0
Male,25 - 45,African-American,0,0,0,3.0,-4.0,M,Operating W/O Valid License,1,0,Grand Theft in the 3rd Degree,3,Low,1
Male,25 - 45,Caucasian,0,0,0,2.0,0.0,M,Resist/Obstruct W/O Violence,1,0,Resist/Obstruct W/O Violence,2,Low,1
Male,25 - 45,African-American,0,0,0,0.0,0.0,F,arrest case no charge,1,0,Petit Theft,0,Medium,1
Male,Less than 25,African-American,0,0,0,0.0,-1.0,M,Battery,1,1,Resist/Obstruct W/O Violence,0,Medium,1
Female,25 - 45,African-American,0,0,0,0.0,-1.0,M,Battery,0,0,,0,Low,0
Male,25 - 45,Caucasian,0,0,0,0.0,-6.0,F,Aggravated Battery / Pregnant,0,0,,0,Low,0
Male,25 - 45,African-American,0,0,0,0.0,0.0,F,Attempted Robbery  No Weapon,0,0,,0,Low,0
Female,Less than 25,African-American,0,0,0,0.0,0.0,M,Battery,0,0,,0,Medium,0
Male,25 - 45,African-American,0,0,0,3.0,-1.0,F,Burglary Unoccupied Dwelling,1,1,Aggravated Battery / Pregnant,3,Low,1
Male,Greater than 45,Caucasian,0,0,0,2.0,-1.0,M,Battery,0,0,,2,Low,0
Female,Greater than 45,Caucasian,0,0,0,0.0,-1.0,F,Tampering With Physical Evidence,0,0,,0,High,0
Male,Greater than 45,Hispanic,0,0,0,1.0,-1.0,F,Grand Theft in the 3rd Degree,0,0,,1,Low,0
Male,25 - 45,Hispanic,0,0,0,1.0,0.0,F,Poss Pyrrolidinovalerophenone,1,0,Resist/Obstruct W/O Violence,1,Low,1
Male,Less than 25,Caucasian,0,0,1,0.0,0.0,F,Poss F/Arm Delinq,1,1,Battery,0,High,1
Male,25 - 45,Caucasian,0,0,0,5.0,0.0,F,arrest case no charge,0,0,,5,Low,0
Male,25 - 45,African-American,0,0,0,0.0,-1.0,F,Possession Of Fentanyl,1,0,Resist/Obstruct W/O Violence,0,Low,0
Female,25 - 45,African-American,0,0,0,0.0,-3.0,F,Grand Theft in the 3rd Degree,0,0,,0,Low,0
Male,Less than 25,African-American,0,0,0,0.0,-1.0,F,Failure To Return Hired Vehicle,0,0,,0,Low,0
Male,Greater than 45,African-American,0,0,0,15.0,-1.0,F,Battery,0,0,,15,High,0
Male,25 - 45,African-American,0,3,0,25.088532792056846,-1.0,M,Resist/Obstruct W/O Violence,1,0,Resist/Obstruct W/O Violence,24,High,1
Female,25 - 45,Caucasian,0,0,0,2.0,-1.0,M,Aggravated Assault w/Firearm,1,0,Petit Theft,2,High,1
Male,25 - 45,African-American,1,2,0,6.0,0.0,F,Robbery / Weapon,1,0,Petit Theft,6,Medium,1
Male,25 - 45,Caucasian,0,0,0,8.0,0.0,F,Grand Theft in the 3rd Degree,1,0,Grand Theft in the 3rd Degree,8,Medium,1
Male,25 - 45,Caucasian,0,0,0,6.0,-1.0,F,arrest case no charge,0,0,,6,Medium,0
Male,25 - 45,African-American,0,0,2,2.0,-1.0,M,Trespass Property w/Dang Weap,0,1,Introduce Contraband Into Jail,5,Medium,1
Male,25 - 45,African-American,0,0,0,1.0,-1.0,F,arrest case no charge,0,0,,1,Medium,0
Male,25 - 45,Caucasian,0,0,0,0.0,0.0,M,Battery,0,0,,0,Low,0
Male,Less than 25,African-American,0,0,0,0.0,0.0,F,Att Burgl Unoccupied Dwel,0,0,,0,Medium,0
Male,25 - 45,Caucasian,0,0,0,1.0,-1.0,M,Battery,0,0,,1,Low,0
Male,25 - 45,African-American,0,0,0,4.0,-26.0,M,Battery,0,0,,4,Low,0
Male,Less than 25,Other,0,0,0,0.0,-2.0,F,Grand Theft in the 3rd Degree,0,0,,0,Low,0
Male,25 - 45,African-American,0,0,0,4.0,0.0,M,Criminal Mischief Damage <$200,0,0,,4,Medium,1
Male,25 - 45,African-American,0,0,0,10.0,0.0,F,Driving While License Revoked,0,0,,10,Low,0
Male,25 - 45,African-American,0,0,0,3.0,0.0,F,Possession of Cannabis,1,0,,3,Low,1
Male,Less than 25,African-American,0,0,0,2.0,0.0,F,arrest case no charge,0,0,,2,Medium,0
Male,Greater than 45,Caucasian,0,0,0,8.0,-1.0,M,Battery,1,0,Grand Theft in the 3rd Degree,8,Low,1
Male,25 - 45,Other,0,0,0,0.0,-1.0,F,Felony Battery (Dom Strang),0,0,,0,Low,0
Male,25 - 45,Caucasian,0,0,0,0.0,0.0,M,Battery,0,0,,0,Low,0
Male,Less than 25,African-American,0,0,1,6.0,-1.0,F,Grand Theft in the 3rd Degree,1,1,Felony Battery (Dom Strang),6,High,1
Female,Greater than 45,Caucasian,0,0,0,8.0,-10.0,F,arrest case no charge,0,0,,8,Low,0
Male,Greater than 45,African-American,0,0,0,8.0,0.0,F,Possession of Cocaine,0,0,,8,Low,0
Male,Less than 25,African-American,0,0,0,0.0,-1.0,M,Battery,1,0,Resist/Obstruct W/O Violence,0,Low,1
Male,Less than 25,Caucasian,1,0,1,1.0,0.0,F,Possess Cannabis 1000FTSch,1,0,Possess Cannabis/20 Grams Or Less,1,Medium,1
Male,Greater than 45,African-American,0,0,0,2.0,0.0,F,arrest case no charge,1,0,Grand Theft in the 3rd Degree,2,High,1
Male,Less than 25,African-American,0,0,0,3.0,-3.0,F,Possession of Cocaine,1,0,Grand Theft in the 3rd Degree,3,Medium,1
Male,25 - 45,Caucasian,0,2,0,5.0,-3.0,M,Viol Injunct Domestic Violence,1,0,Grand Theft of the 2nd Degree,5,Medium,1
Male,25 - 45,Caucasian,0,0,0,0.0,-1.0,F,Grand Theft in the 3rd Degree,1,1,Battery,0,Low,0
Male,25 - 45,Caucasian,1,0,0,10.0,0.0,F,Burglary Structure Unoccup,1,1,Viol Pretrial Release Dom Viol,10,Low,1
Male,25 - 45,African-American,0,0,0,4.0,-1.0,F,Felony Petit Theft,0,0,,4,Medium,0
Female,Less than 25,Caucasian,0,0,0,2.0,-1.0,F,Possession of Cocaine,1,0,Grand Theft in the 3rd Degree,2,Low,1
Male,25 - 45,African-American,0,0,0,1.0,-1.0,M,Driving License Suspended,0,0,,1,Low,0
Female,Greater than 45,Caucasian,0,0,0,7.0,-1.0,F,Tampering With Physical Evidence,1,0,Grand Theft in the 3rd Degree,7,Medium,1
Female,Less than 25,African-American,0,0,0,0.0,0.0,F,Grand Theft in the 3rd Degree,0,0,,0,Medium,0
Female,25 - 45,Caucasian,0,0,0,0.0,-2.0,M,Driving Under The Influence,0,0,,0,Low,0
Male,25 - 45,Caucasian,0,0,0,6.0,-1.0,M,DUI Property Damage/Injury,0,0,,6,Medium,0
Male,25 - 45,African-American,0,0,1,12.0,-1.0,M,Battery,1,0,Grand Theft in the 3rd Degree,12,High,1
Male,25 - 45,Caucasian,0,0,0,0.0,-1.0,M,Battery,0,0,,0,Medium,0
Male,Greater than 45,African-American,0,0,0,5.0,-1.0,F,arrest case no charge,0,0,,5,High,0
Male,25 - 45,African-American,0,0,0,5.0,-1.0,M,Battery,1,1,Felony Battery w/Prior Convict,5,High,1
Female,Greater than 45,African-American,0,0,0,1.0,-1.0,F,Aggrav Battery w/Deadly Weapon,0,0,,1,Low,0
Male,25 - 45,African-American,0,0,0,7.0,0.0,F,Burglary Dwelling Occupied,1,0,,7,Low,0
Male,25 - 45,African-American,0,0,0,3.0,-1.0,F,arrest case no charge,0,0,,3,Medium,0
Male,25 - 45,African-American,0,1,0,14.0,-1.0,F,Driving While License Revoked,1,0,,14,Medium,0
Male,25 - 45,Caucasian,0,0,0,2.0,-1.0,M,Battery,1,0,Grand Theft in the 3rd Degree,2,Low,0
Female,25 - 45,Caucasian,0,0,0,1.0,-1.0,M,Battery,1,0,,1,Low,1
Male,25 - 45,African-American,0,0,0,16.0,0.0,M,Susp Drivers Lic 1st Offense,1,1,Felony Battery (Dom Strang),16,High,1
Male,Greater than 45,Caucasian,0,0,0,5.0,-7.446453829024826,M,Burglary Conveyance Armed,1,1,Felony Battery (Dom Strang),4,High,0
Male,Less than 25,African-American,0,0,0,1.0,-1.0,F,Uttering a Forged Instrument,0,0,,1,High,0
Male,25 - 45,African-American,0,0,0,0.0,-1.0,F,Aggravated Assault w/Firearm,0,0,,0,Low,0
Male,25 - 45,African-American,0,0,0,3.0,-1.0,F,Grand Theft in the 3rd Degree,0,0,,3,Medium,0
Female,25 - 45,Other,0,0,0,1.0,-1.0,F,arrest case no charge,0,0,,1,Low,0
Male,25 - 45,African-American,0,0,0,0.0,-1.0,F,Pos Cannabis W/Intent Sel/Del,0,0,,0,Low,0
Female,Less than 25,Hispanic,0,0,0,0.0,-1.0,M,Battery,0,0,,0,Low,0
Female,Greater than 45,Caucasian,0,0,0,1.0,-2.0,M,Driving Under The Influence,1,0,Petit Theft,1,Low,1
Male,Greater than 45,African-American,1,0,0,9.0,-1.0,M,Battery,1,1,Burglary Conveyance Unoccup,10,High,1
Male,Less than 25,Caucasian,0,0,1,0.0,-1.0,F,Grand Theft Dwell Property,1,0,Petit Theft,0,Medium,1
Male,25 - 45,African-American,0,0,0,0.0,0.0,F,Aggrav Battery w/Deadly Weapon,0,0,,0,Low,0
Male,Less than 25,African-American,0,0,1,3.0,-1.0,F,Burglary Dwelling Occupied,1,0,,3,Medium,1
Male,25 - 45,Caucasian,0,0,0,2.0,0.0,M,Driving Under The Influence,0,0,,2,Medium,0
Male,Less than 25,African-American,0,0,0,1.0,-1.0,M,Resist/Obstruct W/O Violence,1,0,Resist/Obstruct W/O Violence,1,Medium,1
Male,25 - 45,African-American,0,0,0,9.0,0.0,F,Deliver Cocaine,1,0,Grand Theft in the 3rd Degree,9,High,1
Male,Greater than 45,Caucasian,0,0,0,20.0,0.0,F,Possession of Cocaine,1,0,Grand Theft in the 3rd Degree,20,High,1
Male,Less than 25,African-American,0,0,0,2.0,-1.0,M,False Motor Veh Insurance Card,1,0,,2,Medium,1
Male,Less than 25,African-American,0,0,0,0.0,0.0,F,Grand Theft (Motor Vehicle),1,0,Petit Theft,0,Low,1
Female,Greater than 45,Caucasian,0,0,0,1.0,-26.0,M,Possession Of Paraphernalia,0,0,Grand Theft in the 3rd Degree,1,Low,0
Male,25 - 45,African-American,0,0,0,8.0,0.0,M,Poss of Cocaine W/I/D/S 1000FT Park,1,1,Aggravated Battery / Pregnant,8,High,1
Female,25 - 45,Caucasian,0,0,0,0.0,-2.0,M,Battery,0,0,,0,Low,0
Male,25 - 45,Caucasian,0,0,0,0.0,-1.0,F,Possession Of Methamphetamine,0,0,,0,Low,0
Male,Less than 25,African-American,0,0,0,1.0,-1.0,F,Poss Contr Subst W/o Prescript,1,0,Resist/Obstruct W/O Violence,1,Low,1
Male,Greater than 45,Caucasian,0,0,0,1.0,0.0,F,Possession of Hydrocodone,0,0,,1,Low,0
Male,25 - 45,Caucasian,0,0,0,5.0,-1.0,M,Battery,0,0,,5,Low,0
Female,25 - 45,African-American,0,0,0,1.0,-1.0,F,Driving While License Revoked,1,0,Grand Theft in the 3rd Degree,1,Medium,1
Male,25 - 45,Other,0,0,0,2.0,-1.0,M,Battery,0,0,,2,Low,0
Female,25 - 45,African-American,0,0,0,29.084618545892454,-1.0,F,Poss Contr Subst W/o Prescript,1,0,Grand Theft in the 3rd Degree,28,High,1
Female,Greater than 45,Caucasian,0,0,0,0.0,-3.0,M,DUI Property Damage/Injury,0,0,,0,Low,0
Female,Less than 25,African-American,0,0,0,0.0,-1.0,F,Carrying Concealed Firearm,1,0,Resist/Obstruct W/O Violence,0,Low,1
Male,25 - 45,Hispanic,0,0,0,7.0,-2.0,F,Driving While License Revoked,1,0,Petit Theft,7,High,1
Male,Less than 25,Caucasian,0,0,0,0.0,-1.0,F,Burglary Structure Unoccup,0,0,,0,Low,0
Male,Greater than 45,Caucasian,0,0,0,7.0,-1.0,F,arrest case no charge,1,0,Grand Theft in the 3rd Degree,7,Low,0
Male,25 - 45,African-American,0,1,1,8.0,-1.0,F,Poss Pyrrolidinovalerophenone,1,0,Susp Drivers Lic 1st Offense,8,High,1
Male,25 - 45,African-American,0,0,0,7.0,-1.0,F,Purchase Cannabis,0,0,,7,Medium,0
Male,25 - 45,African-American,0,0,0,0.0,-1.0,F,Pos Cannabis W/Intent Sel/Del,1,0,Grand Theft in the 3rd Degree,0,Low,1
Male,Greater than 45,African-American,0,0,0,3.0,0.0,F,arrest case no charge,1,0,Grand Theft in the 3rd Degree,3,Medium,1
Male,25 - 45,Caucasian,0,0,0,14.0,-1.0,F,Possession Burglary Tools,1,0,Grand Theft in the 3rd Degree,14,Medium,1
Female,Less than 25,African-American,0,0,0,0.0,-5.489951648067809,F,Poss Cocaine/Intent To Del/Sel,0,0,,0,High,0
Female,Less than 25,African-American,0,0,0,0.0,-1.0,F,Grand Theft in the 3rd Degree,1,0,Grand Theft in the 3rd Degree,0,Low,1
Male,Less than 25,African-American,0,0,0,3.0,-1.0,F,Grand Theft in the 3rd Degree,0,0,,3,Medium,0
Female,25 - 45,Caucasian,0,0,0,0.0,-1.0,M,Driving Under The Influence,0,0,,0,Low,0
Male,25 - 45,Caucasian,0,0,0,0.0,-1.0,F,Resist Officer w/Violence,0,0,,0,Low,0
Male,25 - 45,Hispanic,0,0,0,3.0,-21.0,F,Possession of Cocaine,0,0,,3,Low,0
Male,25 - 45,African-American,0,0,0,8.0,0.0,M,Battery,1,0,Grand Theft in the 3rd Degree,8,Medium,1
Male,25 - 45,African-American,0,0,0,0.0,-1.0,F,Deliver Cocaine,0,0,,0,Medium,0
Female,Less than 25,African-American,0,1,0,3.0,-2.0,M,Petit Theft $100- $300,0,0,,3,High,0
Male,25 - 45,Caucasian,0,0,0,7.0,-1.0,M,Battery,0,0,,7,Low,0
Male,25 - 45,African-American,0,0,0,3.0,-1.0,M,Driving License Suspended,0,0,,3,Medium,0
Male,25 - 45,African-American,0,0,0,0.0,0.0,M,Reckless Driving,0,0,,0,Low,0
Male,Less than 25,Caucasian,0,0,1,5.0,-22.0,F,arrest case no charge,1,1,Battery,5,Medium,1
Male,25 - 45,African-American,0,0,0,1.0,-13.866155641127133,F,Felony Batt(Great Bodily Harm),0,0,,1,Low,0
Female,Less than 25,Caucasian,0,0,0,2.0,-1.0,F,arrest case no charge,0,0,,2,Medium,0
Male,25 - 45,African-American,0,0,0,0.0,0.0,F,False Imprisonment,0,0,,0,Low,0
Male,Less than 25,Asian,0,0,0,0.0,0.0,M,Pos Cannabis W/Intent Sel/Del,0,0,,0,Low,0
Male,Greater than 45,Caucasian,0,0,0,1.0,-1.0,F,Possession of Cocaine,0,0,,1,Low,0
Male,25 - 45,Caucasian,0,0,0,11.0,0.0,F,Possession Of Alprazolam,1,0,Grand Theft in the 3rd Degree,11,Medium,1
Male,Greater than 45,African-American,0,0,0,21.000000000000004,0.0,F,Possession of Cocaine,1,0,Grand Theft in the 3rd Degree,21,Medium,1
Male,Greater than 45,Caucasian,0,0,0,1.0,-1.0,F,Possession of Cocaine,1,1,Battery,1,Low,1
Male,25 - 45,African-American,0,1,3,14.0,0.0,F,Pos Cannabis W/Intent Sel/Del,1,0,Petit Theft,14,High,1
Female,25 - 45,African-American,0,0,0,0.0,0.0,M,Battery,0,0,,0,Low,0
Male,Less than 25,Caucasian,0,0,0,2.0,-1.0,M,Aggravated Assault W/dead Weap,1,0,,2,Medium,1
Male,Less than 25,African-American,0,0,0,2.0,-1.0,F,Leave Accd/Attend Veh/Less $50,1,0,Grand Theft in the 3rd Degree,2,Low,1
Male,25 - 45,African-American,0,0,1,8.0,-1.0,F,Aggravated Battery / Pregnant,0,0,,8,Low,0
Male,Less than 25,African-American,0,0,0,1.0,-1.0,F,arrest case no charge,0,0,,1,Low,0
Male,25 - 45,African-American,0,0,0,7.0,-1.0,F,Tampering With Physical Evidence,0,0,,7,Medium,0
Female,Greater than 45,African-American,0,1,1,21.000000000000004,-1.0,M,Battery,1,0,Possess Cannabis/20 Grams Or Less,21,High,1
Male,25 - 45,African-American,0,0,0,2.0,-1.0,F,Driving While License Revoked,0,0,,2,Low,0
Male,25 - 45,African-American,0,0,0,1.0,0.0,F,Poss Cocaine/Intent To Del/Sel,1,0,Petit Theft,1,Low,0
Male,25 - 45,Caucasian,0,0,0,0.0,-1.0,F,False Imprisonment,0,0,,0,Low,0
Female,25 - 45,African-American,1,0,0,7.0,-1.0,F,Battery on Law Enforc Officer,0,0,,7,Low,0
Male,25 - 45,Hispanic,0,0,0,3.0,-1.0,M,Battery,1,0,Grand Theft in the 3rd Degree,3,Medium,1
Male,25 - 45,Caucasian,0,0,0,7.0,-1.0,F,Possession of Hydrocodone,1,0,Grand Theft in the 3rd Degree,7,High,1
Male,25 - 45,Caucasian,1,0,1,12.0,-1.0,M,Disorderly Intoxication,1,0,Grand Theft in the 3rd Degree,12,High,1
Male,25 - 45,African-American,0,0,0,4.0,-1.0,M,Battery,0,0,,4,Medium,0
Male,25 - 45,Hispanic,0,0,0,1.0,-8.689441619777636,M,Battery,0,0,,1,Low,0
Female,25 - 45,African-American,0,0,0,3.0,0.0,F,Driving While License Revoked,1,0,Petit Theft,3,Low,1
Female,Less than 25,African-American,0,0,1,5.0,0.0,F,False Motor Veh Insurance Card,1,0,Possess Cannabis/20 Grams Or Less,5,Medium,1
Male,25 - 45,African-American,0,0,0,1.0,0.0,M,Viol Pretrial Release Dom Viol,1,1,Felony Battery w/Prior Convict,1,Medium,1
Male,25 - 45,Caucasian,0,0,0,2.0,-1.0,F,Possession of Cocaine,0,0,,2,Medium,0
Male,Greater than 45,Caucasian,0,0,0,0.0,0.0,M,Driving Under The Influence,0,0,,0,Low,0
Male,25 - 45,African-American,0,0,0,2.0,-1.0,M,Battery,1,0,,2,Low,1
Male,Less than 25,Other,0,0,0,0.0,-1.0,M,Felony Battery (Dom Strang),1,0,Petit Theft,0,Low,1
Female,25 - 45,African-American,0,0,0,0.0,-2.0,M,Battery,0,0,Grand Theft in the 3rd Degree,0,Low,0
Male,25 - 45,African-American,0,0,0,12.0,0.0,F,Purchase Cannabis,0,0,,12,Medium,0
Male,Less than 25,Caucasian,0,0,0,0.0,-1.0,F,Burglary Structure Unoccup,0,0,,0,Low,0
Male,25 - 45,African-American,0,0,0,2.0,-1.0,M,arrest case no charge,0,0,,2,Medium,0
Male,25 - 45,Caucasian,0,0,0,2.0,-3.0,F,Neglect Child / No Bodily Harm,0,0,,2,Low,0
Female,Greater than 45,African-American,0,0,0,0.0,-1.0,M,Battery,0,0,,0,Low,0
Male,25 - 45,Hispanic,0,0,0,1.0,-1.0,F,Aggravated Battery / Pregnant,1,0,Petit Theft,1,High,1
Female,25 - 45,Caucasian,0,0,0,0.0,-3.0,M,Lve/Scen/Acc/Veh/Prop/Damage,1,1,Battery,0,Low,1
Male,Greater than 45,Caucasian,0,0,0,2.0,-23.0,F,arrest case no charge,1,0,Grand Theft in the 3rd Degree,2,Low,1
Female,25 - 45,Other,0,0,0,4.0,-1.0,M,"Poss3,4 Methylenedioxymethcath",1,1,Battery,4,Medium,1
Male,Less than 25,African-American,0,0,1,0.0,0.0,F,Pos Cannabis W/Intent Sel/Del,0,0,Petit Theft,0,Medium,1
Male,25 - 45,African-American,0,0,0,7.0,0.0,F,Burglary Conveyance Unoccup,1,0,Resist/Obstruct W/O Violence,7,High,1
Male,Less than 25,African-American,0,0,0,1.0,-1.0,F,Burglary Unoccupied Dwelling,1,0,Resist/Obstruct W/O Violence,1,Medium,0
Male,25 - 45,African-American,0,0,0,6.0,0.0,F,Possession of Cannabis,1,0,Resist/Obstruct W/O Violence,6,High,1
Male,Less than 25,African-American,0,0,0,5.0,-1.0,F,Trespass Private Property,1,0,Grand Theft in the 3rd Degree,5,Medium,1
Male,25 - 45,African-American,0,0,0,12.0,0.0,F,Driving While License Revoked,1,0,Grand Theft in the 3rd Degree,12,Low,1
Male,Greater than 45,Hispanic,0,0,0,0.0,-1.0,M,Battery,1,0,Petit Theft,0,Low,1
Male,Greater than 45,Hispanic,0,0,0,1.0,-11.014293458215437,F,Possession Burglary Tools,0,0,,1,Low,0
Female,25 - 45,African-American,0,0,0,15.0,0.0,M,Battery,1,0,Resist/Obstruct W/O Violence,15,High,1
Male,Greater than 45,Caucasian,0,0,0,3.0,-2.0,M,Battery,1,0,Resist/Obstruct W/O Violence,3,Low,1
Male,Greater than 45,Caucasian,0,0,0,0.0,-1.0,F,Possession of Cocaine,0,0,,0,Medium,0
Male,25 - 45,African-American,0,2,0,12.0,0.0,F,Tampering With Physical Evidence,1,0,,12,High,1
Male,Less than 25,Caucasian,0,0,2,1.0,-1.0,F,Possession Of Alprazolam,0,0,,1,Low,0
Male,25 - 45,Hispanic,0,0,0,3.0,-1.0,M,Felony Battery (Dom Strang),1,0,Grand Theft in the 3rd Degree,3,Low,1
Female,Less than 25,African-American,0,0,0,1.0,-28.0,F,Uttering a Forged Instrument,0,0,,1,Low,0
Male,25 - 45,Caucasian,0,0,0,2.0,0.0,M,Battery,1,0,Grand Theft in the 3rd Degree,2,Low,1
Male,25 - 45,African-American,0,4,0,36.94355026199524,-1.0,M,arrest case no charge,1,1,Robbery,37,Medium,1
Male,25 - 45,Hispanic,0,0,0,0.0,0.0,F,arrest case no charge,0,0,,0,Low,0
Male,Less than 25,African-American,0,0,0,0.0,0.0,F,Pos Cannabis W/Intent Sel/Del,0,0,,0,Low,0
Male,Greater than 45,Caucasian,0,0,0,3.0,0.0,F,Felony Petit Theft,1,0,,3,Low,1
Female,Greater than 45,African-American,0,0,0,3.0,-18.0,M,arrest case no charge,0,0,,3,Low,0
Male,25 - 45,African-American,0,0,0,0.0,0.0,F,Failure To Return Hired Vehicle,1,1,Agg Battery Grt/Bod/Harm,0,Low,1
Male,25 - 45,African-American,0,0,0,2.0,0.0,F,Possession Of Alprazolam,0,0,,2,Medium,0
Male,Greater than 45,Caucasian,0,0,0,0.0,-4.0,M,Driving Under The Influence,0,0,,0,Low,0
Female,25 - 45,African-American,0,0,0,5.0,0.0,M,Battery,0,0,,5,Medium,0
Male,Less than 25,African-American,0,0,0,0.0,-1.0,M,Battery,1,0,Resist/Obstruct W/O Violence,0,Low,1
Female,Less than 25,African-American,0,0,0,0.0,-1.0,F,Carrying Concealed Firearm,0,0,,0,High,0
Male,25 - 45,African-American,0,3,0,12.0,-1.0,M,Battery,0,0,,12,High,0
Female,25 - 45,African-American,0,0,0,0.0,-1.0,M,Battery,0,0,,0,Low,0
Male,Greater than 45,Hispanic,0,0,0,2.0,-1.0,F,Felony Petit Theft,1,0,Grand Theft in the 3rd Degree,2,Low,1
Female,25 - 45,African-American,0,0,0,1.0,-1.0,F,Aggrav Battery w/Deadly Weapon,0,0,,1,Low,0
Male,25 - 45,African-American,0,0,0,13.0,-1.0,M,Possession Of Amphetamine,1,0,Grand Theft in the 3rd Degree,13,High,1
Male,Greater than 45,Caucasian,0,0,0,2.0,-1.0,M,Battery,1,0,Grand Theft in the 3rd Degree,2,Low,0
Female,25 - 45,Caucasian,0,0,0,3.0,-2.0,F,Uttering a Forged Instrument,1,0,Resist/Obstruct W/O Violence,3,Low,1
Male,Greater than 45,African-American,0,0,0,13.0,-1.0,M,Battery,1,1,Felony Battery w/Prior Convict,13,Medium,1
Male,25 - 45,African-American,0,0,0,0.0,-1.0,F,Aggrav Battery w/Deadly Weapon,0,0,,0,Low,0
Male,25 - 45,African-American,0,0,0,10.0,-1.0,F,Driving While License Revoked,1,0,Resist/Obstruct W/O Violence,10,High,1
Male,25 - 45,African-American,0,0,0,0.0,-1.0,F,Aggrav Battery w/Deadly Weapon,1,0,Resist/Obstruct W/O Violence,0,Low,1
Male,Less than 25,African-American,0,0,1,2.0,-1.0,F,Prowling/Loitering,1,1,Felony Battery w/Prior Convict,2,Medium,0
Male,Greater than 45,Caucasian,0,0,0,1.0,-16.54049541020595,F,Resist Officer w/Violence,0,0,,1,Low,0
Female,Less than 25,African-American,0,0,0,0.0,-1.0,F,Possession Of Alprazolam,0,0,,0,Medium,0
Female,25 - 45,Caucasian,0,0,1,0.0,-2.0,F,Possession of Cocaine,1,0,,0,Low,1
Male,25 - 45,Hispanic,0,0,0,6.0,-10.0,M,False Ownership Info/Pawn Item,1,0,,6,Low,1
Male,Less than 25,African-American,0,0,0,0.0,-1.0,F,Burglary Unoccupied Dwelling,0,0,,0,Low,0
Male,25 - 45,African-American,0,0,0,2.0,-1.0,M,Assault,0,0,,2,Medium,0
Male,25 - 45,African-American,0,0,0,2.0,0.0,M,arrest case no charge,0,0,,2,Low,0
Male,Greater than 45,Caucasian,0,0,0,7.0,0.0,F,Grand Theft (Motor Vehicle),1,0,Grand Theft in the 3rd Degree,7,Medium,1
Male,25 - 45,African-American,0,0,0,1.0,0.0,F,Possession of Cocaine,0,0,Grand Theft in the 3rd Degree,1,Medium,0
Male,25 - 45,African-American,0,0,0,9.0,0.0,F,Possession of Cocaine,1,0,Grand Theft in the 3rd Degree,9,High,1
Female,Greater than 45,Hispanic,0,0,0,0.0,-1.0,F,Aggravated Battery / Pregnant,0,0,,0,Low,0
Male,Greater than 45,African-American,0,0,0,10.0,-1.0,F,Felony Battery (Dom Strang),1,0,Grand Theft in the 3rd Degree,10,Medium,1
Male,25 - 45,African-American,0,0,0,0.0,-1.0,F,"Poss3,4 Methylenedioxymethcath",1,0,Petit Theft,0,Medium,1
Male,Greater than 45,African-American,0,0,0,17.0,-1.0,F,Possession of Cocaine,1,0,Grand Theft in the 3rd Degree,17,High,1
Female,25 - 45,African-American,0,0,0,0.0,-1.0,M,Resist/Obstruct W/O Violence,0,0,,0,Low,0
Male,25 - 45,Caucasian,0,0,0,0.0,-1.0,F,Battery,0,0,,0,High,0
Male,Greater than 45,African-American,0,0,0,23.0,-1.0,F,arrest case no charge,1,1,Aggravated Battery / Pregnant,23,High,1
Male,25 - 45,Hispanic,0,0,0,7.0,-1.0,F,Aggravated Assault W/Dead Weap,1,0,Resist/Obstruct W/O Violence,7,Medium,1
Male,Greater than 45,Caucasian,0,0,0,4.0,-1.0,F,Grand Theft in the 3rd Degree,1,0,Grand Theft in the 3rd Degree,4,Low,1
Male,Greater than 45,African-American,0,0,0,14.0,-11.0,F,arrest case no charge,0,0,,14,Medium,0
Male,25 - 45,Caucasian,0,0,0,1.0,-1.0,F,Grand Theft in the 3rd Degree,0,0,,1,Low,0
Female,Greater than 45,Caucasian,0,0,0,1.0,-30.0,M,Battery,0,0,,1,Low,0
Male,25 - 45,Other,0,0,0,0.0,-1.0,F,Felony Battery (Dom Strang),0,0,,0,Low,0
Male,25 - 45,Hispanic,0,0,0,1.0,-1.0,M,Aggrav Battery w/Deadly Weapon,0,0,,1,Low,0
Male,Less than 25,African-American,0,0,0,0.0,-2.0,F,Burglary Conveyance Armed,0,0,,0,Low,0
Male,Greater than 45,Caucasian,0,0,0,8.0,-1.0,M,Viol Injunct Domestic Violence,0,0,,8,Low,0
Male,25 - 45,Caucasian,0,0,0,1.0,-1.0,M,Battery,0,0,,1,Low,0
Male,Less than 25,Caucasian,0,0,2,6.0,0.0,F,Burglary Conveyance Unoccup,0,0,,6,High,0
Male,Greater than 45,Caucasian,0,0,0,1.0,-1.0,F,Grand Theft in the 3rd Degree,1,1,Aggravated Battery / Pregnant,1,Low,1
Male,Less than 25,Other,0,0,0,5.0,-1.0,F,arrest case no charge,1,0,Grand Theft in the 3rd Degree,5,Low,1
Male,25 - 45,African-American,0,0,0,8.0,-1.0,M,Battery,0,0,,8,Medium,0
Male,Less than 25,Caucasian,0,0,0,3.0,0.0,M,Battery,1,0,,3,High,1
Male,25 - 45,African-American,0,0,0,0.0,-1.0,F,Bribery Athletic Contests,1,1,Aggravated Battery / Pregnant,0,High,1
Female,25 - 45,Caucasian,0,0,0,2.0,-1.0,F,Possession of Cannabis,0,0,Petit Theft,2,Low,0
Male,25 - 45,African-American,0,0,0,9.0,0.0,F,Poss Pyrrolidinovalerophenone,1,0,Grand Theft in the 3rd Degree,9,High,1
Male,25 - 45,Caucasian,0,0,0,1.0,-1.0,M,arrest case no charge,1,0,Grand Theft in the 3rd Degree,1,Medium,1
Male,25 - 45,African-American,0,0,0,5.0,17.13487183768659,F,arrest case no charge,0,0,,5,Low,0
Male,25 - 45,African-American,0,0,0,2.0,-1.0,F,arrest case no charge,1,0,Resist/Obstruct W/O Violence,2,Low,1
Female,25 - 45,African-American,0,0,0,3.0,0.0,M,Battery,1,1,Aggravated Battery / Pregnant,3,Medium,1
Male,25 - 45,African-American,0,0,0,1.0,-1.0,M,Battery,1,0,Grand Theft in the 3rd Degree,1,Low,0
Female,25 - 45,African-American,0,0,0,0.0,-1.0,F,Aggravated Assault W/Dead Weap,0,0,,0,Low,0
Male,25 - 45,Caucasian,0,0,0,2.0,-1.0,F,Aggrav Battery w/Deadly Weapon,0,0,,2,Low,0
Male,Less than 25,Caucasian,0,0,0,1.0,-1.0,F,arrest case no charge,1,0,,1,Low,0
Male,25 - 45,African-American,0,0,0,0.0,0.0,F,arrest case no charge,1,0,Petit Theft,0,Medium,1
Male,25 - 45,Caucasian,0,0,0,1.0,-22.0,F,Battery,1,0,,1,Low,0
Female,Less than 25,Caucasian,0,1,1,1.0,-1.0,M,Petit Theft $100- $300,1,0,,1,Low,0
Male,Less than 25,Hispanic,0,0,0,2.0,0.0,F,arrest case no charge,1,1,Aggravated Battery / Pregnant,2,High,0
Male,Less than 25,African-American,0,0,0,1.0,0.0,F,Possession of Cocaine,1,0,Petit Theft,1,Low,1
Male,25 - 45,African-American,0,0,0,2.0,-1.0,F,Carrying Concealed Firearm,1,0,,2,Medium,1
Male,Less than 25,African-American,0,0,0,0.0,-1.0,F,Grand Theft in the 3rd Degree,1,1,Criminal Mischief Damage <$200,0,Medium,1
Female,Less than 25,African-American,0,0,0,1.0,-1.0,F,arrest case no charge,0,0,,1,Low,0
Male,25 - 45,Other,0,0,0,0.0,-1.0,F,Tampering With Physical Evidence,0,0,,0,Low,1
Male,25 - 45,Asian,0,0,0,2.0,-1.0,F,Battery on Law Enforc Officer,0,0,,2,Medium,0
Male,25 - 45,Caucasian,0,0,0,4.0,-1.0,F,Possession of Cannabis,1,0,Petit Theft,4,Medium,1
Male,25 - 45,African-American,0,0,0,7.0,-1.0,F,Pos Cannabis W/Intent Sel/Del,1,0,Grand Theft in the 3rd Degree,7,High,1
Male,Greater than 45,Caucasian,0,0,0,2.0,-1.0,F,Possession Of Alprazolam,1,0,Grand Theft in the 3rd Degree,2,Medium,1
Male,Less than 25,Caucasian,0,0,0,0.0,-1.0,M,Battery,0,0,,0,Medium,0
Male,25 - 45,Caucasian,0,0,0,4.0,-24.79667699397823,F,arrest case no charge,0,0,,4,Low,0
Female,25 - 45,African-American,0,0,0,3.0,-1.0,M,Trespass Private Property,0,0,,3,Medium,0
Male,25 - 45,Caucasian,0,0,0,3.0,0.0,F,Criminal Mischief Damage <$200,1,0,Resist/Obstruct W/O Violence,3,Low,1
Female,25 - 45,African-American,0,0,0,3.0,-1.0,F,Aggravated Assault W/Dead Weap,1,0,,3,Medium,1
Male,25 - 45,Caucasian,0,0,0,6.0,-1.0,F,arrest case no charge,0,0,,6,Medium,0
Female,Less than 25,Caucasian,0,0,0,0.0,-1.0,M,Battery,0,0,,0,High,0
Male,25 - 45,African-American,0,0,0,1.0,0.0,F,Pos Cannabis W/Intent Sel/Del,1,0,Grand Theft in the 3rd Degree,1,Medium,1
Male,25 - 45,African-American,0,0,0,1.0,-1.0,F,False Imprisonment,0,0,,1,Low,0
Male,25 - 45,Caucasian,0,0,0,5.0,-1.0,F,Grand Theft in the 3rd Degree,1,0,,5,Medium,1
Male,Greater than 45,Caucasian,0,0,0,0.0,-1.0,F,Possession of Cocaine,0,0,,0,Low,0
Male,25 - 45,African-American,0,0,0,3.0,-1.0,M,Petit Theft,1,0,Petit Theft,3,Low,1
Male,Greater than 45,African-American,1,0,0,3.0,-1.0,F,Felony Battery w/Prior Convict,1,1,Viol Pretrial Release Dom Viol,3,High,1
Male,Less than 25,African-American,0,0,1,0.0,-1.0,M,Assault,1,0,Petit Theft,0,Medium,1
Male,25 - 45,African-American,0,0,0,0.0,-1.0,M,Felony Batt(Great Bodily Harm),1,0,Petit Theft,0,Low,1
Male,25 - 45,Hispanic,0,0,0,1.0,0.0,F,"Poss3,4 Methylenedioxymethcath",0,0,,1,Low,0
Male,Less than 25,Caucasian,0,1,0,2.0,-1.0,F,arrest case no charge,1,0,Grand Theft of the 2nd Degree,2,High,1
Male,Greater than 45,African-American,0,0,0,16.0,-1.0,F,Possession of Cocaine,0,0,,16,Medium,0
Male,25 - 45,Caucasian,0,0,0,0.0,-1.0,F,Driving While License Revoked,0,0,,0,Medium,0
Female,Less than 25,Caucasian,0,0,4,1.0,-24.0,M,Possession Of Alprazolam,0,0,,1,Low,0
Male,25 - 45,Caucasian,0,0,1,7.0,-1.0,F,Dealing in Stolen Property,1,0,Possess Cannabis/20 Grams Or Less,7,High,1
Female,25 - 45,Caucasian,0,0,0,6.0,-1.0,F,Grand Theft (Motor Vehicle),0,0,,6,High,0
Male,25 - 45,Caucasian,0,0,1,1.0,-1.0,F,Possession of Cocaine,0,0,,1,Low,0
Male,Greater than 45,Caucasian,0,0,0,1.0,-1.0,M,Battery,0,0,,1,Medium,0
Female,Less than 25,African-American,0,0,0,2.0,-1.0,F,Grand Theft in the 3rd Degree,1,0,Petit Theft,2,Medium,1
Male,25 - 45,African-American,0,0,0,1.0,-1.0,F,Possession Burglary Tools,1,0,Resist/Obstruct W/O Violence,1,High,1
Female,Greater than 45,Hispanic,0,0,0,0.0,0.0,M,Viol Prot Injunc Repeat Viol,0,0,,0,Low,0
Male,25 - 45,Other,0,0,0,3.0,0.0,M,Driving Under The Influence,0,0,,3,Medium,0
Male,Less than 25,Caucasian,0,1,2,3.0,0.0,M,Crlty Twrd Child Urge Oth Act,0,0,,3,Medium,0
Male,25 - 45,Caucasian,0,0,0,1.0,-1.0,F,arrest case no charge,0,0,,1,Low,0
Male,Greater than 45,African-American,0,0,0,2.0,-15.0,M,Bribery Athletic Contests,1,1,Felony Battery (Dom Strang),2,Low,1
Male,25 - 45,African-American,0,1,0,10.0,0.0,F,Possession of Cocaine,1,0,Resist/Obstruct W/O Violence,10,High,1
Male,Less than 25,Caucasian,0,0,2,2.0,0.0,F,Neglect Child / No Bodily Harm,1,0,Grand Theft in the 3rd Degree,2,High,1
Female,Greater than 45,Hispanic,0,0,0,0.0,-1.0,M,Battery,0,0,,0,Low,0
Male,Less than 25,African-American,0,0,1,1.0,-1.0,F,Poss Pyrrolidinovalerophenone,1,0,Grand Theft in the 3rd Degree,1,Medium,1
Male,25 - 45,African-American,0,0,0,0.0,-1.0,M,Burglary Dwelling Assault/Batt,0,0,,0,Low,0
Male,25 - 45,African-American,0,0,0,11.0,0.0,F,Unauth Poss ID Card or DL,1,0,Grand Theft in the 3rd Degree,11,Medium,1
Male,Greater than 45,African-American,0,0,0,4.0,0.0,M,Driving Under The Influence,0,0,,4,Low,0
Female,Greater than 45,Caucasian,0,0,0,0.0,0.0,F,Possession of Cocaine,0,0,,0,Low,0
Male,25 - 45,African-American,0,0,0,4.0,0.0,F,Pos Cannabis W/Intent Sel/Del,0,0,,4,Medium,0
Male,25 - 45,African-American,0,0,0,22.0,-1.0,F,Driving While License Revoked,1,0,,22,Medium,1
Male,Greater than 45,Other,0,0,0,0.0,-1.0,M,Battery,0,0,Petit Theft,0,Low,0
Male,25 - 45,Caucasian,0,0,0,2.0,-1.0,M,Viol Injunct Domestic Violence,1,0,,2,Low,1
Male,Less than 25,Caucasian,0,0,0,1.0,0.0,F,Possession of Cannabis,0,0,,1,High,0
Male,25 - 45,African-American,0,0,0,0.0,0.0,F,"Poss3,4 Methylenedioxymethcath",0,0,,0,Low,0
Male,Greater than 45,Caucasian,0,0,0,0.0,-1.0,M,Battery,0,0,,0,Low,0
Male,25 - 45,Caucasian,0,0,0,0.0,-1.0,F,Possession of Oxycodone,0,0,,0,Low,0
Female,Greater than 45,African-American,0,0,0,3.0,0.0,F,Possession of Cocaine,0,0,,3,Low,0
Male,25 - 45,Caucasian,0,0,0,3.0,-1.0,M,Battery,1,0,Resist/Obstruct W/O Violence,3,Low,1
Female,25 - 45,Other,0,0,0,0.0,-1.0,F,Aggravated Assault W/dead Weap,0,0,,0,Low,0
Male,Less than 25,African-American,0,0,0,1.0,-1.0,F,arrest case no charge,0,0,,1,Low,0
Male,25 - 45,Caucasian,0,0,0,5.0,-1.0,F,Driving While License Revoked,0,0,Grand Theft in the 3rd Degree,5,Low,0
Male,25 - 45,African-American,0,0,0,15.0,0.0,F,arrest case no charge,0,0,,15,High,0
Male,25 - 45,Hispanic,1,1,0,20.0,0.0,F,arrest case no charge,0,0,,20,High,0
Male,25 - 45,African-American,0,0,0,2.0,-1.0,M,Driving License Suspended,0,0,,2,Medium,0
Male,Greater than 45,African-American,0,0,0,0.0,0.0,M,Soliciting For Prostitution,0,0,,0,Low,0
Female,Less than 25,African-American,0,0,0,0.0,-1.0,M,Battery,0,0,,0,Low,0
Male,Less than 25,Hispanic,0,0,0,2.0,-19.0,M,Driving Under The Influence,1,0,Grand Theft in the 3rd Degree,2,Medium,1
Male,Less than 25,Caucasian,0,0,0,1.0,-1.0,F,arrest case no charge,1,0,Petit Theft,1,Medium,1
Female,Less than 25,Asian,0,0,0,0.0,-1.0,M,Exposes Culpable Negligence,0,0,,0,Medium,0
Male,25 - 45,African-American,0,0,0,4.0,-1.0,M,Assault,1,0,Petit Theft,4,Low,1
Female,25 - 45,Caucasian,0,0,0,3.0,9.852793350320326,M,Viol Injunct Domestic Violence,1,1,Aggravated Battery / Pregnant,3,Low,1
Male,25 - 45,Other,0,0,0,4.0,-1.0,M,Battery,0,0,,4,Low,0
Male,Less than 25,African-American,0,0,0,1.0,-1.0,F,Burglary Structure Unoccup,0,0,Petit Theft,1,Low,1
Male,Less than 25,Other,0,0,0,2.0,-1.0,M,Driving Under The Influence,0,0,,2,Low,0
Male,Less than 25,African-American,0,0,0,1.0,-1.0,F,Possession of Cocaine,0,0,,1,High,0
Female,25 - 45,Caucasian,0,0,0,0.0,-1.0,F,Possession of Cocaine,1,0,Petit Theft,0,Low,1
Male,25 - 45,Caucasian,0,0,0,1.0,-1.0,M,Battery,1,0,Resist/Obstruct W/O Violence,1,Low,1
Male,Less than 25,African-American,0,0,0,1.0,-13.0,M,Battery,0,0,,1,Low,0
Male,25 - 45,African-American,0,0,0,0.0,-1.0,M,Battery,0,0,,0,Low,0
Female,Less than 25,Asian,0,0,0,0.0,0.0,M,Battery,0,0,,0,Medium,0
Male,25 - 45,African-American,0,0,0,0.0,-1.0,M,Battery,1,1,Aggravated Battery / Pregnant,0,Low,1
Female,Greater than 45,Caucasian,0,0,0,0.0,-1.0,M,Driving Under The Influence,0,0,,0,Low,0
Female,25 - 45,Caucasian,0,0,0,0.0,0.0,M,Battery,0,0,,0,Low,0
Female,25 - 45,African-American,0,0,0,4.0,-1.0,F,Crimin Mischief Damage $1000+,0,0,,4,Medium,0
Male,25 - 45,African-American,0,0,0,7.0,-1.0,F,arrest case no charge,1,0,Grand Theft in the 3rd Degree,7,High,1
Male,Less than 25,African-American,0,1,1,2.0,0.0,F,arrest case no charge,1,1,Resist Officer w/Violence,3,High,1
Female,25 - 45,African-American,0,0,0,4.0,-8.0,F,arrest case no charge,1,1,Resist/Obstruct W/O Violence,4,High,1
Male,25 - 45,Caucasian,0,0,0,0.0,-1.0,M,Poss Of Controlled Substance,0,0,,0,Low,0
Male,25 - 45,Hispanic,0,0,1,6.0,-1.0,F,Driving While License Revoked,1,0,,6,Low,1
Male,Less than 25,African-American,0,0,0,1.0,0.0,F,Possession of Cocaine,1,0,Grand Theft in the 3rd Degree,1,Medium,1
Male,25 - 45,African-American,0,0,0,4.0,0.0,F,Sell or Offer for Sale Counterfeit Goods,0,0,,4,Low,0
Male,25 - 45,African-American,0,0,0,1.0,0.0,F,Possession of Cocaine,0,0,,1,Low,0
Male,25 - 45,Caucasian,0,0,0,0.0,-1.0,F,Felony Battery (Dom Strang),0,0,,0,Low,0
Female,25 - 45,African-American,0,0,3,9.0,-1.0,M,Petit Theft $100- $300,1,0,Grand Theft in the 3rd Degree,9,High,1
Female,Greater than 45,African-American,0,0,0,11.0,-1.0,F,Poss Wep Conv Felon,1,0,Grand Theft in the 3rd Degree,11,High,1
Male,25 - 45,African-American,0,0,0,1.0,-1.0,M,arrest case no charge,0,0,,1,Low,0
Male,25 - 45,African-American,0,0,0,0.0,-1.0,F,Felony Battery w/Prior Convict,1,1,Felony Battery (Dom Strang),0,Low,1
Male,Greater than 45,African-American,0,0,0,0.0,0.0,M,Battery,0,0,,0,Low,0
Male,Greater than 45,Caucasian,0,0,0,1.0,-4.0,F,Possession of Oxycodone,0,0,,1,Low,0
Male,25 - 45,African-American,0,0,0,0.0,-1.0,M,Battery,0,0,,0,Medium,0
Male,25 - 45,Caucasian,0,0,0,2.0,0.0,F,Possession Burglary Tools,0,0,,2,Medium,0
Male,Greater than 45,African-American,0,0,0,13.0,-1.0,F,Felony Petit Theft,1,0,Grand Theft in the 3rd Degree,13,Low,1
Male,Less than 25,Asian,0,0,1,0.0,-1.0,F,Possess Cannabis/20 Grams Or Less,1,1,Agg Battery Grt/Bod/Harm,0,Medium,1
Male,Greater than 45,Hispanic,0,0,0,4.0,-15.165420467693366,F,Grand Theft in the 3rd Degree,0,0,,4,Low,0
Male,Less than 25,African-American,1,0,0,2.0,0.0,F,Burglary Unoccupied Dwelling,1,0,Resist/Obstruct W/O Violence,2,High,1
Male,25 - 45,Caucasian,0,0,0,5.0,-1.0,F,Driving While License Revoked,0,0,,5,Low,0
Male,Greater than 45,Hispanic,0,0,0,3.0,-1.0,M,Driving License Suspended,1,0,Grand Theft in the 3rd Degree,3,Medium,1
Male,Less than 25,Hispanic,0,0,0,2.0,-1.0,F,arrest case no charge,1,0,Petit Theft,2,Low,1
Male,25 - 45,Caucasian,0,0,0,1.0,0.0,F,arrest case no charge,1,0,Grand Theft in the 3rd Degree,1,Low,1
Male,25 - 45,Hispanic,0,0,0,5.0,-1.0,F,Driving While License Revoked,0,0,,5,Low,0
Female,Greater than 45,African-American,0,0,0,0.0,-1.0,F,Grand Theft in the 3rd Degree,0,0,,0,Low,0
Male,Less than 25,Hispanic,1,0,0,4.0,-1.0,F,"Poss3,4 Methylenedioxymethcath",1,0,,4,Medium,1
Male,Less than 25,Caucasian,0,1,1,1.0,-1.0,F,arrest case no charge,1,0,Grand Theft in the 3rd Degree,1,Low,1
Male,Greater than 45,African-American,0,0,0,6.0,0.0,F,Possession Of Alprazolam,0,0,,6,Low,0
Female,25 - 45,African-American,0,0,0,2.0,-2.0,F,Aggrav Battery w/Deadly Weapon,1,0,Petit Theft,2,Low,0
Male,Greater than 45,African-American,0,0,0,2.0,-1.0,M,arrest case no charge,0,0,,2,Low,0
Male,25 - 45,Other,0,0,0,0.0,-1.0,M,Battery,1,0,Resist/Obstruct W/O Violence,0,Low,0
Male,25 - 45,African-American,0,0,0,10.0,0.0,M,Viol Prot Injunc Repeat Viol,1,1,Aggravated Battery / Pregnant,10,High,0
Male,Greater than 45,Caucasian,0,0,0,7.0,-1.0,F,"Poss 3,4 MDMA (Ecstasy)",1,0,Grand Theft in the 3rd Degree,7,Medium,1
Female,25 - 45,African-American,0,0,0,2.0,0.0,F,arrest case no charge,0,0,,2,Low,0
Male,25 - 45,African-American,0,0,0,0.0,-4.0,F,Possession of Cannabis,1,0,Resist/Obstruct W/O Violence,0,Low,1
Female,Less than 25,African-American,0,0,0,1.0,-1.0,F,arrest case no charge,0,0,,1,High,0
Male,25 - 45,African-American,0,0,0,0.0,-1.0,M,Battery,0,0,,0,Low,0
Male,25 - 45,African-American,0,0,0,2.0,-1.0,M,Assault,0,0,,2,Medium,0
Male,Greater than 45,African-American,0,0,0,11.0,-1.0,F,arrest case no charge,0,0,,11,High,0
Male,Less than 25,African-American,0,0,2,1.0,0.0,M,Susp Drivers Lic 1st Offense,1,1,Aggravated Battery / Pregnant,1,Low,1
Male,25 - 45,Hispanic,0,0,0,0.0,-1.0,F,Grand Theft in the 3rd Degree,0,0,,0,Medium,0
Female,25 - 45,African-American,0,0,0,4.0,-1.0,F,Felony Battery,1,1,Felony Battery w/Prior Convict,4,High,1
Male,Less than 25,Other,0,0,0,1.0,-1.0,F,Grand Theft (Motor Vehicle),1,0,Resist/Obstruct W/O Violence,1,High,1
Male,25 - 45,Hispanic,0,0,0,1.0,0.0,M,Battery,0,0,,1,Low,0
Female,Less than 25,African-American,0,0,0,2.0,-1.0,F,Grand Theft in the 3rd Degree,1,0,Grand Theft in the 3rd Degree,2,Medium,1
Female,Less than 25,African-American,0,0,0,0.0,-1.0,F,Burglary Conveyance Unoccup,0,0,,0,Low,0
Male,Greater than 45,Caucasian,0,0,0,25.794202716573892,-1.0,F,Burglary Unoccupied Dwelling,1,0,Grand Theft in the 3rd Degree,25,Medium,1
Male,25 - 45,African-American,0,0,0,9.0,0.0,F,Aggravated Battery / Pregnant,1,1,Resist/Obstruct W/O Violence,9,High,1
Male,25 - 45,Caucasian,1,0,0,2.0,-1.0,M,Poss Cocaine/Intent To Del/Sel,1,0,,2,Medium,1
Male,25 - 45,Caucasian,0,0,0,0.0,0.0,F,Felony Battery (Dom Strang),0,0,,0,Low,0
Male,Greater than 45,African-American,0,0,0,7.0,-1.0,F,Possession of Cocaine,1,1,Resist/Obstruct W/O Violence,7,High,1
Female,25 - 45,African-American,0,0,0,7.0,0.0,F,Possession of Cannabis,1,0,,7,Low,1
Male,25 - 45,Caucasian,0,0,0,1.0,-1.0,M,Battery,0,0,,1,Medium,0
Female,Greater than 45,Asian,0,0,0,1.0,-30.0,F,arrest case no charge,0,0,,1,Low,0
Male,Less than 25,Caucasian,0,0,0,3.0,-1.0,M,Aggravated Battery / Pregnant,1,0,Petit Theft,3,Medium,1
Male,25 - 45,African-American,0,0,0,3.0,-1.0,F,DUI/Property Damage/Persnl Inj,1,0,,3,High,1
Male,25 - 45,Caucasian,0,0,0,0.0,-1.0,F,Aggravated Battery / Pregnant,0,0,,0,Low,0
Male,Less than 25,African-American,0,0,0,11.0,0.0,F,Possession of Cocaine,1,1,Resist/Obstruct W/O Violence,11,High,1
Male,25 - 45,Caucasian,0,0,0,1.0,-1.0,M,Driving Under The Influence,1,0,Petit Theft,1,Low,1
Male,Greater than 45,African-American,0,0,0,19.0,-1.0,F,Felony Battery w/Prior Convict,0,0,,19,Medium,0
Male,25 - 45,Caucasian,0,0,0,1.0,-22.0,F,Possession of Cocaine,0,0,Grand Theft in the 3rd Degree,1,Low,0
Male,25 - 45,Caucasian,0,0,0,0.0,0.0,M,Deliver Cocaine,1,0,Petit Theft,0,Low,1
Male,25 - 45,Other,0,0,0,4.0,0.0,F,Possession of Oxycodone,0,0,,4,Low,0
Male,25 - 45,Hispanic,0,0,0,0.0,0.0,M,Driving Under The Influence,0,0,,0,Low,0
Male,Greater than 45,Caucasian,0,0,0,9.0,0.0,M,Battery,0,0,,9,Medium,0
Female,25 - 45,African-American,0,0,0,2.0,-1.0,M,Battery,0,0,,2,Low,0
Male,25 - 45,African-American,0,0,0,0.0,-1.0,M,Battery,0,0,,0,Low,0
Male,25 - 45,African-American,0,0,0,0.0,0.0,F,Driving While License Revoked,0,0,,0,High,0
Male,25 - 45,Caucasian,0,0,0,1.0,-4.0,M,arrest case no charge,1,0,Resist/Obstruct W/O Violence,1,Low,1
Male,Less than 25,Hispanic,0,0,0,0.0,-1.0,F,Burglary Dwelling Assault/Batt,1,0,Petit Theft,0,Low,1
Male,Greater than 45,Caucasian,0,0,0,1.0,-1.0,F,Reckless Driving,0,0,Grand Theft in the 3rd Degree,1,Low,0
Male,Less than 25,African-American,0,0,0,0.0,-1.0,M,Battery,1,0,Resist/Obstruct W/O Violence,0,Low,1
Male,Less than 25,Caucasian,0,0,0,0.0,0.0,M,Battery,1,0,Petit Theft,0,Low,1
Male,25 - 45,African-American,0,0,1,7.0,-1.0,M,Viol Injunct Domestic Violence,1,0,Grand Theft in the 3rd Degree,7,High,1
Female,25 - 45,African-American,0,0,0,6.0,-1.0,F,arrest case no charge,1,1,Aggravated Battery / Pregnant,6,Medium,1
Male,Greater than 45,African-American,1,0,1,19.0,-1.0,F,Felony Petit Theft,0,0,,19,High,0
Female,Greater than 45,Caucasian,0,0,0,1.0,-1.0,M,Driving Under The Influence,1,0,,1,Low,1
Female,25 - 45,Caucasian,0,0,0,1.0,-2.0,F,arrest case no charge,0,0,,1,Low,0
Male,25 - 45,Caucasian,0,0,0,2.0,-1.0,F,Tamper With Victim,1,0,Resist/Obstruct W/O Violence,2,Medium,1
Male,25 - 45,Caucasian,0,3,0,8.0,-1.0,F,Expired DL More Than 6 Months,1,1,Felony Battery (Dom Strang),8,High,1
Male,Less than 25,African-American,0,0,0,1.0,0.0,F,arrest case no charge,1,1,Felony Battery w/Prior Convict,1,High,1
Male,25 - 45,African-American,0,0,0,2.0,-1.0,F,arrest case no charge,0,0,,2,Medium,0
Male,Greater than 45,Caucasian,0,0,0,2.0,0.0,F,arrest case no charge,0,0,,2,Low,0
Female,25 - 45,African-American,0,0,0,0.0,0.0,M,Battery,0,0,Petit Theft,0,Low,0
Male,25 - 45,Caucasian,0,0,0,0.0,-1.0,F,Grand Theft in the 3rd Degree,1,1,Resist/Obstruct W/O Violence,0,Low,1
Male,25 - 45,African-American,0,3,1,8.0,-1.0,M,Battery,1,0,Driving License Suspended,8,High,1
Male,25 - 45,African-American,0,1,1,2.0,0.0,F,Possess Controlled Substance,1,1,Sexual Battery Victim 12 Yrs +,2,High,1
Female,25 - 45,Other,0,0,0,0.0,-1.0,M,Battery,0,0,,0,Low,0
Male,Less than 25,Caucasian,0,0,0,0.0,-1.0,F,Harm Public Servant Or Family,1,1,Felony Battery (Dom Strang),0,Low,1
Male,Less than 25,Caucasian,0,0,0,0.0,0.0,F,Grand Theft in the 3rd Degree,1,0,Grand Theft in the 3rd Degree,0,Medium,1
Male,25 - 45,Hispanic,0,0,0,0.0,0.0,F,Pos Cannabis W/Intent Sel/Del,1,1,Resist/Obstruct W/O Violence,0,Low,1
Male,Greater than 45,African-American,0,0,0,22.0,-1.0,M,Assault,0,0,,22,Medium,0
Male,25 - 45,African-American,0,0,0,8.0,-1.0,F,arrest case no charge,1,0,Resist/Obstruct W/O Violence,8,High,1
Male,Less than 25,African-American,0,0,0,1.0,-22.0,F,arrest case no charge,0,0,,1,Low,0
Male,Less than 25,Caucasian,0,0,0,3.0,-1.0,F,Aggrav Battery w/Deadly Weapon,0,0,,3,Medium,0
Male,Less than 25,Caucasian,0,0,0,0.0,-1.0,F,Battery on Law Enforc Officer,1,0,Resist/Obstruct W/O Violence,0,Medium,1
Male,Less than 25,African-American,0,0,0,0.0,-1.0,F,Aggravated Battery / Pregnant,0,0,,0,Low,0
Male,25 - 45,Caucasian,0,0,0,0.0,-1.0,M,Tampering With Physical Evidence,0,0,,0,Low,0
Male,Greater than 45,Caucasian,0,0,0,0.0,-1.0,M,Battery,1,0,Resist/Obstruct W/O Violence,0,Low,1
Male,Less than 25,African-American,0,0,0,0.0,-1.0,F,Pos Cannabis W/Intent Sel/Del,0,0,,0,Medium,0
Male,Greater than 45,African-American,0,0,0,9.0,0.0,M,arrest case no charge,0,0,,9,Low,0
Male,25 - 45,African-American,0,1,0,18.0,0.0,F,Possession of Cocaine,1,0,,18,High,1
Female,Greater than 45,African-American,0,0,0,2.0,-1.0,F,False Motor Veh Insurance Card,0,0,,2,Low,0
Male,Greater than 45,Caucasian,0,0,0,3.0,-1.0,F,Poss Of Controlled Substance,0,0,,3,Low,0
Female,25 - 45,Caucasian,0,0,0,3.0,-1.0,F,Possession Of Alprazolam,1,0,Resist/Obstruct W/O Violence,3,Medium,1
Male,Less than 25,Hispanic,0,0,0,0.0,0.0,F,Grand Theft in the 3rd Degree,1,0,Resist/Obstruct W/O Violence,0,Low,1
Male,25 - 45,African-American,0,0,0,0.0,-2.6846802424694403,F,Burglary Dwelling Occupied,1,0,Petit Theft,0,Low,1
Male,25 - 45,African-American,0,3,0,19.0,-1.0,F,Possession of Cocaine,1,0,Grand Theft of the 2nd Degree,19,High,1
Male,Greater than 45,Hispanic,0,0,0,18.0,0.0,F,arrest case no charge,0,0,,17,Low,0
Male,25 - 45,African-American,0,0,1,7.0,-1.0,F,Grand Theft in the 3rd Degree,0,0,,7,High,0
Female,25 - 45,African-American,0,0,0,15.0,-1.0,F,arrest case no charge,1,1,Viol Pretrial Release Dom Viol,15,Medium,1
Male,Less than 25,African-American,2,1,1,3.0,21.885407382098336,F,Deliver Cannabis,1,0,Driving License Suspended,3,High,1
Male,Less than 25,Hispanic,0,0,0,2.0,-1.0,F,Agg Fleeing and Eluding,0,0,,2,Medium,0
Male,Less than 25,African-American,0,1,1,3.0,0.0,M,Battery,1,0,Resist/Obstruct W/O Violence,3,High,1
Male,25 - 45,African-American,0,0,0,0.0,0.0,F,Possession of Cocaine,0,0,,0,Low,0
Male,25 - 45,African-American,0,0,0,7.0,-1.0,F,arrest case no charge,0,0,,7,Medium,0
Female,Less than 25,African-American,0,0,0,1.0,-23.0,F,Grand Theft in the 3rd Degree,0,0,,1,Low,0
Male,Less than 25,African-American,0,0,0,0.0,0.0,F,Grand Theft (Motor Vehicle),1,0,Resist/Obstruct W/O Violence,0,Medium,1
Male,Less than 25,African-American,1,0,1,1.0,-1.0,F,arrest case no charge,1,0,,1,Low,1
Male,25 - 45,African-American,0,0,0,18.0,-1.0,F,arrest case no charge,1,1,Felony Battery (Dom Strang),18,High,1
Male,Greater than 45,Caucasian,0,0,0,0.0,-1.0,M,Aggravated Assault W/dead Weap,0,0,,0,Low,0
Male,Less than 25,African-American,0,0,1,0.0,-1.0,F,Pos Cannabis W/Intent Sel/Del,1,0,Resist/Obstruct W/O Violence,0,Medium,1
Male,Greater than 45,Hispanic,0,0,0,1.0,-18.0,F,Possession Burglary Tools,0,0,,1,Low,0
Male,25 - 45,Caucasian,0,0,0,0.0,-1.0,F,Felony Battery (Dom Strang),0,0,,0,Low,0
Male,25 - 45,Other,0,0,0,0.0,-1.0,M,Battery,0,0,,0,Low,0
Male,25 - 45,African-American,0,0,1,8.0,-1.0,F,Tresspass in Structure or Conveyance,1,0,Petit Theft,8,Medium,1
Male,25 - 45,African-American,0,0,0,10.0,-1.0,F,arrest case no charge,0,0,,10,High,0
Male,Greater than 45,African-American,0,0,1,8.0,-1.0,F,Possession of Cocaine,1,0,Grand Theft in the 3rd Degree,8,High,1
Male,Less than 25,African-American,0,0,0,0.0,-1.0,F,Uttering a Forged Instrument,1,0,Resist/Obstruct W/O Violence,0,Low,1
Male,Less than 25,African-American,0,0,0,0.0,0.0,M,Aggravated Assault W/Dead Weap,1,0,Grand Theft in the 3rd Degree,0,High,1
Male,25 - 45,Hispanic,0,0,0,2.0,-1.0,F,Driving While License Revoked,0,0,,2,Low,0
Male,Less than 25,African-American,0,0,0,2.0,0.0,F,Felony Battery (Dom Strang),1,0,Grand Theft in the 3rd Degree,2,Medium,0
Male,25 - 45,Hispanic,0,0,0,1.0,-1.0,F,Carrying Concealed Firearm,1,0,Grand Theft in the 3rd Degree,1,Low,0
Female,Less than 25,African-American,0,0,0,3.0,-1.0,M,Poss Alprazolam W/int Sell/Del,1,0,Resist/Obstruct W/O Violence,3,Medium,1
Male,Less than 25,Hispanic,0,0,0,1.0,0.0,M,Battery,1,0,Grand Theft in the 3rd Degree,1,Medium,1
Male,Less than 25,Hispanic,0,0,0,0.0,0.0,M,Drivg While Lic Suspd/Revk/Can,0,0,,0,Low,0
Female,25 - 45,African-American,0,0,0,1.0,-1.0,F,Grand Theft in the 3rd Degree,0,0,,1,Medium,0
Male,25 - 45,Caucasian,0,0,0,0.0,0.0,M,Battery,0,0,,0,Low,0
Male,25 - 45,Caucasian,0,0,0,1.0,-1.0,F,arrest case no charge,0,0,,1,Low,0
Female,25 - 45,Caucasian,0,0,0,2.0,-1.0,F,Possession of Cocaine,1,0,Grand Theft in the 3rd Degree,2,High,1
Male,25 - 45,Hispanic,0,1,1,8.0,-1.0,F,Possession Of Alprazolam,1,0,Possession of Cannabis,8,Medium,1
Male,25 - 45,African-American,0,0,0,1.0,0.0,M,Battery,0,0,,1,Low,0
Male,Less than 25,African-American,1,0,0,4.0,28.06215586251821,F,Possession Burglary Tools,1,1,Viol Pretrial Release Dom Viol,3,High,1
Female,Greater than 45,Other,0,0,0,0.0,0.0,F,Grand Theft (Motor Vehicle),0,0,,0,Low,0
Female,25 - 45,Caucasian,0,0,0,4.0,-1.0,F,Possession of Cocaine,1,0,Grand Theft in the 3rd Degree,4,Low,0
Male,Greater than 45,Caucasian,0,0,0,0.0,0.0,M,Driving Under The Influence,0,0,,0,Low,0
Female,25 - 45,Caucasian,0,0,0,0.0,-1.0,M,Battery,0,0,,0,Medium,0
Female,25 - 45,African-American,0,0,0,3.0,-1.0,F,Burglary With Assault/battery,0,0,,3,Low,0
Male,Less than 25,Hispanic,0,0,0,0.0,-1.0,M,Agg Fleeing and Eluding,1,0,Petit Theft,0,Low,1
Male,25 - 45,African-American,0,0,0,0.0,0.0,M,Battery,0,0,,0,Low,0
Male,25 - 45,African-American,0,0,0,2.0,-1.0,F,Burglary Unoccupied Dwelling,1,0,Petit Theft,2,Medium,1
Male,Greater than 45,Other,0,0,0,4.0,-1.0,F,Dealing in Stolen Property,0,0,,4,Low,0
Male,25 - 45,Caucasian,0,0,0,0.0,-1.0,F,Grand Theft in the 3rd Degree,0,0,,0,Low,0
Female,25 - 45,Caucasian,0,0,0,0.0,-1.0,F,Possession of Cocaine,1,0,Petit Theft,0,Low,1
Male,Greater than 45,Caucasian,0,0,0,0.0,-1.0,M,Battery,0,0,,0,Low,0
Male,Greater than 45,Caucasian,0,0,0,2.0,-1.0,F,Possession of Cocaine,1,0,,2,Low,1
Female,Less than 25,African-American,0,0,3,2.0,-1.0,F,arrest case no charge,1,0,Grand Theft in the 3rd Degree,2,High,1
Male,Less than 25,Caucasian,0,0,0,0.0,0.0,F,arrest case no charge,0,0,,0,Low,0
Male,25 - 45,African-American,0,0,0,22.0,-1.0,M,arrest case no charge,1,0,,22,High,1
Male,Greater than 45,Caucasian,0,0,0,19.0,-1.0,F,Felony Petit Theft,1,0,Grand Theft in the 3rd Degree,19,Medium,1
Female,25 - 45,Caucasian,0,0,0,4.0,-1.0,F,arrest case no charge,0,0,,4,Low,0
Male,25 - 45,African-American,0,0,0,0.0,0.0,M,Aggravated Battery / Pregnant,0,0,,0,Low,0
Female,Greater than 45,African-American,0,0,0,7.0,-1.0,F,Felony Petit Theft,0,0,,7,Medium,0
Male,Greater than 45,Caucasian,0,0,0,0.0,-1.0,F,Aggravated Assault W/dead Weap,0,0,,0,Low,0
Male,25 - 45,African-American,0,0,0,1.0,0.0,M,Battery,0,0,,1,Low,0
Male,25 - 45,African-American,0,0,0,5.0,0.0,F,Possession of Cannabis,1,0,Petit Theft,5,High,1
Male,25 - 45,African-American,0,0,0,5.0,-1.0,M,Battery,1,0,Resist/Obstruct W/O Violence,5,High,1
Male,25 - 45,Caucasian,0,0,0,3.0,-1.0,F,Driving While License Revoked,0,0,,3,High,0
Male,25 - 45,African-American,0,0,0,1.0,-1.0,F,Deliver Cocaine,0,0,,1,Low,0
Male,Less than 25,African-American,0,0,4,2.0,-1.0,F,Grand Theft in the 3rd Degree,1,0,Resist/Obstruct W/O Violence,2,Medium,1
Male,25 - 45,African-American,0,0,0,1.0,0.0,F,Sell or Offer for Sale Counterfeit Goods,0,0,,1,Low,0
Male,25 - 45,Hispanic,0,0,0,8.0,-1.0,F,Driving While License Revoked,1,0,Grand Theft in the 3rd Degree,8,Low,1
Male,Less than 25,Hispanic,0,0,2,1.0,-8.0,F,arrest case no charge,0,0,,1,High,0
Male,Greater than 45,African-American,0,0,0,10.0,-3.0,F,Possession of Cocaine,1,0,Grand Theft in the 3rd Degree,10,Low,1
Male,Greater than 45,Hispanic,0,0,0,3.0,-1.0,M,Driving While License Revoked,1,0,,3,Low,0
Female,Less than 25,Hispanic,0,1,0,2.0,-1.0,M,Battery,0,0,,2,Low,0
Male,25 - 45,Caucasian,0,0,0,1.0,-1.0,F,Aggrav Battery w/Deadly Weapon,0,0,,1,Low,0
Male,Less than 25,African-American,0,1,0,2.0,-1.0,F,Aggravated Battery / Pregnant,1,0,Grand Theft in the 3rd Degree,2,Medium,1
Male,25 - 45,African-American,0,0,1,6.0,-1.0,M,Trespass Private Property,1,0,Petit Theft,6,Medium,1
Female,Greater than 45,Caucasian,0,0,0,1.0,-22.0,M,Resist/Obstruct W/O Violence,0,0,,1,Low,0
Female,Greater than 45,Native American,0,0,0,0.0,-5.0,M,Driving Under The Influence,0,0,,0,Low,0
Female,25 - 45,Caucasian,0,0,0,0.0,-1.0,M,Assault,0,0,,0,Low,0
Female,25 - 45,African-American,0,0,0,2.0,-1.0,M,Resist/Obstruct W/O Violence,1,0,Petit Theft,2,Low,1
Male,Greater than 45,African-American,0,0,0,28.824436742302574,-1.0,F,Carrying Concealed Firearm,1,0,Grand Theft in the 3rd Degree,28,Medium,1
Male,Greater than 45,Caucasian,0,0,0,2.0,-2.0,F,Battery on Law Enforc Officer,0,0,,2,Low,0
Male,25 - 45,African-American,0,0,0,8.0,0.0,F,Aggravated Assault W/Dead Weap,0,0,,8,Medium,0
Male,Greater than 45,African-American,0,0,0,6.0,-1.0,F,arrest case no charge,0,0,,6,Low,0
Male,Greater than 45,Other,0,0,0,0.0,0.0,F,Grand Theft in the 3rd Degree,0,0,,0,Low,0
Male,25 - 45,African-American,0,2,1,22.12620520839609,-1.0,F,Violation of Injunction Order/Stalking/Cyberstalking,1,1,Introduce Contraband Into Jail,18,High,1
Male,25 - 45,Hispanic,0,0,0,0.0,-1.0,F,Grand Theft in the 3rd Degree,0,0,,0,Low,0
Male,25 - 45,African-American,0,0,0,6.0,-1.0,F,Pos Cannabis W/Intent Sel/Del,0,0,,6,Medium,0
Male,Less than 25,African-American,0,0,0,3.0,-1.0,F,Grand Theft in the 3rd Degree,1,0,Grand Theft in the 3rd Degree,3,High,1
Male,25 - 45,Caucasian,0,0,0,3.0,-1.0,M,Battery,0,0,,3,Medium,0
Male,Less than 25,African-American,1,2,2,6.0,-1.0,F,Driving While License Revoked,1,1,Introduce Contraband Into Jail,6,Medium,0
Male,25 - 45,Caucasian,0,0,0,2.0,0.0,M,Battery,1,1,Battery,2,Low,1
Male,Greater than 45,African-American,0,0,0,26.96447626484965,-8.0,M,arrest case no charge,0,0,,26,High,0
Male,Less than 25,Caucasian,0,0,0,0.0,-1.0,M,Battery,1,0,Petit Theft,0,Low,1
Male,25 - 45,African-American,0,0,0,2.0,0.0,M,Battery,1,1,Battery,2,Medium,1
Female,Greater than 45,African-American,0,0,0,7.0,-1.0,M,Battery,0,0,,7,High,0
Male,Greater than 45,Caucasian,0,0,0,2.0,-1.0,F,Stalking (Aggravated),0,0,,2,Low,0
Male,25 - 45,African-American,0,0,0,14.0,-1.0,F,Driving While License Revoked,1,0,Grand Theft in the 3rd Degree,14,High,1
Male,25 - 45,African-American,0,1,0,14.0,-1.0,F,Aggravated Battery / Pregnant,0,0,,14,High,0
Male,25 - 45,African-American,0,0,0,22.0,-29.00729889564259,F,Driving While License Revoked,0,0,,21,High,0
Male,Greater than 45,Caucasian,0,0,0,0.0,-3.0,M,Tampering With Physical Evidence,0,0,,0,Low,0
Male,25 - 45,Caucasian,0,0,0,0.0,0.0,F,Tampering With Physical Evidence,0,0,,0,Medium,0
Male,Less than 25,African-American,0,0,0,1.0,-1.0,F,Battery on Law Enforc Officer,1,0,Petit Theft,1,High,1
Male,25 - 45,African-American,0,0,0,0.0,-1.0,F,Tampering With Physical Evidence,0,0,,0,Low,0
Male,25 - 45,African-American,0,0,0,4.0,0.0,F,Possession Of Methamphetamine,1,1,Resist/Obstruct W/O Violence,4,High,1
Male,Less than 25,African-American,0,0,0,0.0,-1.0,F,Grand Theft in the 3rd Degree,1,0,Petit Theft,0,Low,1
Male,25 - 45,African-American,0,0,0,0.0,-1.0,F,Carrying Concealed Firearm,1,0,Resist/Obstruct W/O Violence,0,Low,1
Male,25 - 45,Hispanic,0,0,0,1.0,-1.0,F,Felony Battery (Dom Strang),0,0,,1,Medium,0
Male,25 - 45,African-American,0,0,1,0.0,0.0,F,Unauthorized Interf w/Railroad,0,0,,0,Low,0
Male,25 - 45,Other,0,0,0,2.0,-1.0,M,Battery,1,0,Grand Theft in the 3rd Degree,2,Low,1
Male,25 - 45,African-American,0,0,0,1.0,0.0,M,Battery,0,0,,1,Low,0
Male,Less than 25,African-American,0,1,0,1.0,0.0,F,arrest case no charge,1,0,Petit Theft,1,High,1
Male,Less than 25,African-American,0,0,0,2.0,-1.0,F,Burglary Conveyance Unoccup,1,0,Petit Theft,2,Low,1
Male,Greater than 45,Caucasian,0,0,0,1.0,0.0,F,Driving While License Revoked,0,0,,1,Low,0
Male,Greater than 45,Caucasian,0,0,0,14.0,-1.0,M,Battery,1,1,Resist/Obstruct W/O Violence,14,Low,1
Male,25 - 45,African-American,0,0,0,8.0,-1.0,F,arrest case no charge,0,0,,8,Medium,0
Male,25 - 45,Caucasian,0,0,3,9.0,-1.0,F,Burglary Dwelling Occupied,1,0,Grand Theft in the 3rd Degree,9,Medium,1
Male,25 - 45,Hispanic,1,3,0,10.0,-1.0,F,Driving While License Revoked,1,0,Grand Theft of the 2nd Degree,10,High,1
Male,Greater than 45,African-American,0,0,0,0.0,0.0,M,Battery,1,0,Petit Theft,0,Low,1
Male,25 - 45,African-American,0,0,0,0.0,-1.0,M,Assault,1,1,Resist/Obstruct W/O Violence,0,Low,0
Female,25 - 45,African-American,0,0,0,5.0,0.0,F,Felony Battery (Dom Strang),1,0,,5,Medium,1
Female,25 - 45,African-American,0,0,0,3.0,-1.0,F,Battery on Law Enforc Officer,0,0,,3,Medium,0
Male,Greater than 45,Caucasian,0,0,0,13.0,-1.0,F,Possession of Cocaine,1,0,Grand Theft in the 3rd Degree,13,Low,1
Male,Less than 25,African-American,0,0,0,0.0,-1.0,F,Reckless Driving,0,0,,0,Low,0
Male,25 - 45,Hispanic,0,0,0,3.0,-1.0,M,Battery,1,0,,3,Low,1
Male,25 - 45,African-American,0,0,0,0.0,-1.0,M,Battery,1,1,Battery,0,Low,1
Male,25 - 45,Caucasian,0,0,0,2.0,3.3618024163619182,F,Possession of Oxycodone,1,1,Felony Battery (Dom Strang),2,Low,1
Male,Greater than 45,African-American,0,0,0,0.0,0.0,M,Battery,0,0,,0,Low,0
Male,Greater than 45,Caucasian,0,0,0,0.0,0.0,M,Battery,0,0,,0,Low,0
Male,Greater than 45,Caucasian,0,0,0,0.0,-1.0,F,Deliver Cocaine,0,0,,0,Low,0
Male,25 - 45,Caucasian,0,0,0,0.0,0.0,M,Unauthorized Interf w/Railroad,1,0,,0,Low,1
Male,Less than 25,African-American,1,0,0,1.0,-1.0,F,"Poss3,4 Methylenedioxymethcath",1,0,Resist/Obstruct W/O Violence,1,High,1
Female,25 - 45,African-American,0,0,0,1.0,-3.0,F,Failure To Return Hired Vehicle,0,0,,1,Medium,0
Female,Less than 25,African-American,0,0,0,1.0,-1.0,F,Burglary Unoccupied Dwelling,1,1,Aggravated Battery / Pregnant,1,High,1
Male,Less than 25,African-American,0,1,2,1.0,-1.0,M,Driving License Suspended,1,0,Possess Cannabis/20 Grams Or Less,1,High,1
Male,25 - 45,Hispanic,0,0,0,4.0,-1.0,F,False Imprisonment,1,1,Aggravated Battery / Pregnant,4,Low,1
Male,Greater than 45,Other,0,0,0,2.0,-1.0,F,Grand Theft in the 3rd Degree,0,0,,2,Low,0
Male,25 - 45,Other,0,0,0,0.0,-1.0,F,Driving While License Revoked,0,0,,0,Low,0
Male,25 - 45,Hispanic,0,0,0,2.0,-1.0,F,arrest case no charge,1,1,Battery,2,Low,1
Male,25 - 45,Caucasian,0,0,0,9.0,-1.0,M,Battery,1,1,Resist/Obstruct W/O Violence,9,High,1
Male,Less than 25,Caucasian,0,0,0,5.0,-1.0,M,Battery,1,0,Petit Theft,5,Medium,1
Male,Less than 25,African-American,0,0,0,0.0,-1.0,M,Grand Theft (Motor Vehicle),0,0,,0,Medium,0
Male,25 - 45,African-American,1,0,1,13.0,-1.0,M,Prowling/Loitering,1,0,Petit Theft,13,High,1
Female,25 - 45,Caucasian,0,0,0,3.0,-27.0,F,arrest case no charge,1,0,Resist/Obstruct W/O Violence,3,Medium,1
Male,Greater than 45,African-American,0,0,0,7.0,-1.0,M,Grand Theft in the 3rd Degree,1,0,Grand Theft in the 3rd Degree,7,Low,1
Male,Greater than 45,Caucasian,0,0,0,0.0,-1.0,M,Felony Batt(Great Bodily Harm),0,0,,0,Medium,0
Male,Less than 25,Caucasian,0,0,0,0.0,-2.0,F,arrest case no charge,0,0,,0,Low,0
Male,25 - 45,Native American,0,1,0,12.0,-1.0,F,arrest case no charge,1,1,Resist/Obstruct W/O Violence,12,High,1
Male,Less than 25,African-American,0,0,0,1.0,-27.0,M,arrest case no charge,1,0,Petit Theft,1,Low,1
Male,Less than 25,African-American,0,0,0,0.0,-1.0,M,Viol Injunct Domestic Violence,1,1,Felony Battery w/Prior Convict,0,Medium,1
Male,25 - 45,Caucasian,0,0,1,1.0,-1.0,F,Uttering a Forged Instrument,0,0,Petit Theft,1,Low,0
Male,25 - 45,Caucasian,0,0,0,0.0,-1.0,M,Battery,0,0,,0,Low,0
Male,Greater than 45,Caucasian,0,0,0,6.0,0.0,F,Possession of Cocaine,1,0,,6,Low,1
Male,25 - 45,African-American,0,0,0,2.0,-1.0,F,Grand Theft (Motor Vehicle),1,0,Resist/Obstruct W/O Violence,2,Low,1
Male,Greater than 45,Caucasian,0,0,0,6.0,-1.0,F,Driving While License Revoked,1,0,Petit Theft,6,Low,1
Male,Greater than 45,Caucasian,0,0,0,1.0,-1.0,F,arrest case no charge,1,0,,1,Low,0
Male,25 - 45,African-American,0,0,0,0.0,0.0,F,Grand Theft in the 3rd Degree,0,0,,0,Low,0
Male,Greater than 45,Caucasian,0,0,1,3.0,-1.0,M,Viol Prot Injunc Repeat Viol,0,0,,3,Medium,0
Female,25 - 45,African-American,0,0,0,9.0,-1.0,F,Grand Theft Firearm,1,0,Grand Theft in the 3rd Degree,9,Medium,1
Male,Less than 25,Caucasian,0,0,0,0.0,-1.0,F,Grand Theft in the 3rd Degree,1,0,Resist/Obstruct W/O Violence,0,Low,1
Female,25 - 45,African-American,0,0,0,0.0,-1.0,F,Possession of Oxycodone,0,0,,0,Medium,0
Male,25 - 45,Caucasian,0,0,0,0.0,-3.0,F,False Imprisonment,1,0,Petit Theft,0,Medium,1
Male,Less than 25,Other,0,1,0,9.0,-1.0,F,Resist Officer w/Violence,1,1,Resist/Obstruct W/O Violence,9,High,1
Male,Greater than 45,Caucasian,0,0,0,0.0,-2.0,F,Poss Wep Conv Felon,0,0,,0,Low,0
Male,Less than 25,Hispanic,1,0,0,1.0,-11.886615048412192,F,arrest case no charge,1,1,Battery,1,High,0
Female,25 - 45,Hispanic,0,0,0,3.0,-1.0,M,Battery,1,0,Grand Theft in the 3rd Degree,3,Low,1
Male,Greater than 45,Caucasian,0,0,0,0.0,-1.0,M,Battery,0,0,,0,Low,0
Male,Greater than 45,African-American,0,0,0,1.0,-1.0,F,Grand Theft in the 3rd Degree,0,0,,1,Medium,0
Female,Less than 25,African-American,0,0,0,1.0,-1.0,M,Battery,0,0,,1,Low,0
Male,Greater than 45,Caucasian,0,0,0,1.0,-1.0,M,Battery,1,0,Grand Theft in the 3rd Degree,1,Low,1
Male,25 - 45,Caucasian,0,0,0,1.0,-27.0,M,Battery on Law Enforc Officer,0,0,,1,Low,0
Male,Less than 25,African-American,0,1,0,7.0,-1.0,F,Carrying Concealed Firearm,1,1,Battery,7,High,1
Male,Less than 25,African-American,1,0,0,19.0,-1.0,F,Possession of Cocaine,1,0,,19,High,1
Male,25 - 45,African-American,2,0,0,8.0,-1.0,F,arrest case no charge,1,1,Battery,8,Medium,0
Male,Greater than 45,African-American,0,0,0,3.0,-7.177706320246465,F,arrest case no charge,1,0,Petit Theft,3,Low,0
Female,25 - 45,Other,0,0,0,1.0,-1.0,M,Battery,0,0,,1,Low,0
Female,25 - 45,Caucasian,0,0,0,0.0,-1.0,M,Battery,0,0,,0,Low,0
Male,Greater than 45,African-American,0,0,0,23.96249285739562,21.854974177989256,F,Felony Petit Theft,0,0,,23,High,0
Male,Less than 25,African-American,0,0,0,0.0,-1.0,F,"Poss3,4 Methylenedioxymethcath",0,0,,0,Low,0
Male,25 - 45,African-American,0,0,0,0.0,-1.0,F,Tamper With Witness/Victim/CI,1,1,Aggravated Battery / Pregnant,0,Medium,1
Male,25 - 45,Other,0,0,0,0.0,-1.0,M,Battery,0,0,,0,Low,0
Male,Less than 25,Caucasian,0,0,0,0.0,-1.0,F,arrest case no charge,1,0,Resist/Obstruct W/O Violence,0,Low,1
Male,Less than 25,African-American,0,0,0,1.0,-1.0,F,Pos Cannabis W/Intent Sel/Del,0,0,,1,Low,0
Male,25 - 45,African-American,0,0,0,3.0,-1.0,F,Possession of Cocaine,1,0,,3,High,1
Male,25 - 45,African-American,0,0,0,5.0,-1.0,M,arrest case no charge,0,0,,5,Medium,0
Male,25 - 45,African-American,0,0,0,2.0,-1.0,F,Deliver Cocaine,1,0,Grand Theft in the 3rd Degree,2,Low,1
Male,25 - 45,African-American,0,0,0,2.0,-1.0,F,Possession of Cocaine,1,0,Grand Theft in the 3rd Degree,2,Medium,1
Male,25 - 45,Caucasian,0,0,0,2.0,-1.0,F,Carrying Concealed Firearm,0,0,,2,Low,0
Male,25 - 45,Other,0,0,0,0.0,-1.0,M,Viol Injunct Domestic Violence,0,0,,0,Low,0
Male,Less than 25,African-American,0,1,0,1.0,-1.0,F,False Ownership Info/Pawn Item,1,0,Petit Theft,1,High,1
Male,Greater than 45,African-American,0,0,0,4.0,-1.0,M,Battery,1,1,Felony Battery (Dom Strang),4,Medium,1
Male,25 - 45,African-American,0,0,0,12.0,-1.0,F,Possession of Cocaine,0,1,Aggravated Battery / Pregnant,12,High,1
Male,Less than 25,African-American,0,0,0,1.0,-1.0,F,Grand Theft in the 3rd Degree,1,0,Grand Theft in the 3rd Degree,1,Medium,1
Female,25 - 45,African-American,2,0,0,9.0,-1.0,F,arrest case no charge,0,0,,9,High,0
Male,25 - 45,Caucasian,0,0,0,0.0,-1.0,M,Susp Drivers Lic 1st Offense,1,0,Resist/Obstruct W/O Violence,0,Low,1
Male,25 - 45,African-American,0,0,0,7.0,-1.0,F,Possession of Cannabis,0,0,,7,Medium,0
Female,25 - 45,Caucasian,0,0,0,2.0,-1.0,F,arrest case no charge,0,0,,2,Low,0
Male,25 - 45,Native American,2,2,1,19.0,-1.0,M,Driving While License Revoked,1,0,Deliver Cocaine,19,High,1
Male,25 - 45,Other,0,0,0,0.0,-1.0,M,Battery,0,0,,0,Low,0
Male,25 - 45,African-American,0,0,0,5.0,0.0,F,Possession of Cocaine,0,0,,5,High,0
Male,25 - 45,African-American,0,0,0,1.0,-17.0228889118223,M,Battery,1,0,Grand Theft in the 3rd Degree,1,Low,0
Female,Greater than 45,Other,0,0,0,0.0,-1.0,F,Harass Witness/Victm/Informnt,0,0,,0,Low,0
Male,Greater than 45,Other,0,0,0,0.0,-1.0,F,Criminal Mischief>$200<$1000,1,1,Battery,0,Low,0
Female,25 - 45,African-American,0,0,0,0.0,-2.0,M,Battery,1,1,Resist/Obstruct W/O Violence,0,Medium,1
Male,Greater than 45,Caucasian,0,0,0,12.0,-1.0,F,Possession Burglary Tools,1,0,Grand Theft in the 3rd Degree,12,Low,1
Male,25 - 45,African-American,0,0,0,2.0,-1.0,F,Grand Theft (Motor Vehicle),0,0,,2,Medium,0
Male,Greater than 45,Hispanic,0,0,0,1.0,0.0,F,arrest case no charge,1,0,Grand Theft in the 3rd Degree,1,Low,1
Male,25 - 45,African-American,0,0,0,8.0,-1.0,F,Carrying Concealed Firearm,1,1,Battery,8,Low,1
Female,25 - 45,Caucasian,0,0,0,6.0,-1.0,F,arrest case no charge,0,0,,6,Medium,0
Male,Less than 25,Hispanic,0,0,0,1.0,0.0,F,arrest case no charge,0,0,,1,Low,0
Male,Greater than 45,Caucasian,0,0,0,7.0,0.0,F,Possession of Cannabis,0,0,,7,Low,0
Male,25 - 45,African-American,0,0,0,0.0,-1.0,F,Grand Theft in the 3rd Degree,0,0,Petit Theft,0,Low,0
Male,Less than 25,African-American,0,0,0,0.0,-1.0,F,Grand Theft in the 3rd Degree,1,0,Grand Theft in the 3rd Degree,0,Medium,1
Male,25 - 45,African-American,0,0,0,4.0,-1.0,F,Driving While License Revoked,1,0,Grand Theft in the 3rd Degree,4,Medium,0
Male,Less than 25,Caucasian,0,0,0,0.0,-2.0,F,Pos Cannabis W/Intent Sel/Del,0,0,,0,Low,0
Female,Greater than 45,Caucasian,0,0,0,0.0,-1.0,M,Battery,0,0,,0,Low,0
Male,25 - 45,Hispanic,0,0,0,0.0,-1.0,F,Burglary Conveyance Unoccup,0,0,,0,Low,0
Male,Greater than 45,African-American,0,0,0,15.0,-1.0,M,arrest case no charge,1,0,Grand Theft in the 3rd Degree,15,Medium,1
Male,Greater than 45,Other,0,0,0,0.0,0.0,F,Burglary Dwelling Assault/Batt,0,0,,0,Low,0
Male,25 - 45,Caucasian,0,0,0,2.0,-1.0,F,arrest case no charge,1,1,Battery,2,Low,1
Male,25 - 45,African-American,0,0,0,4.0,-1.0,F,Felony Petit Theft,0,0,,4,High,0
Male,Less than 25,Hispanic,0,0,1,0.0,-1.0,F,arrest case no charge,1,0,Grand Theft in the 3rd Degree,0,High,1
Male,Less than 25,Other,0,0,0,1.0,-1.0,M,Battery,0,0,Grand Theft in the 3rd Degree,1,Low,0
Male,Less than 25,Hispanic,0,0,0,0.0,-1.0,F,Grand Theft (Motor Vehicle),1,0,Petit Theft,0,Low,1
Male,25 - 45,Caucasian,0,0,0,13.0,-1.0,F,arrest case no charge,1,0,Resist/Obstruct W/O Violence,13,High,1
Female,25 - 45,Caucasian,0,0,0,2.0,-1.0,F,arrest case no charge,0,0,,2,Low,0
Female,25 - 45,Caucasian,0,0,0,2.0,0.0,F,Grand Theft in the 3rd Degree,1,0,Grand Theft in the 3rd Degree,2,Medium,1
Male,25 - 45,African-American,0,0,0,8.0,-1.0,F,Burglary Unoccupied Dwelling,0,0,,8,Low,0
Female,25 - 45,African-American,0,0,0,1.0,0.0,F,Petit Theft,1,0,Grand Theft in the 3rd Degree,1,Medium,1
Male,Greater than 45,African-American,0,0,0,8.0,-1.0,F,Driving While License Revoked,1,0,Resist/Obstruct W/O Violence,8,Low,1
Male,25 - 45,African-American,0,0,0,1.0,-1.0,F,Burglary Unoccupied Dwelling,0,0,,1,Low,0
Male,25 - 45,Caucasian,0,0,0,1.0,-1.0,M,Battery,0,0,,1,Low,0
Female,25 - 45,African-American,0,0,0,0.0,-1.0,M,Battery,1,0,Petit Theft,0,High,1
Female,Less than 25,Caucasian,0,0,0,1.0,-1.0,F,arrest case no charge,0,0,,1,Medium,0
Male,25 - 45,African-American,0,0,0,15.0,-1.0,F,Battery on Law Enforc Officer,1,0,Petit Theft,15,High,0
Male,25 - 45,African-American,0,0,0,5.0,-1.0,F,Aggrav Child Abuse-Agg Battery,1,0,,5,High,1
Male,Less than 25,African-American,0,1,0,1.0,-1.0,F,Robbery / No Weapon,1,0,,1,High,0
Male,25 - 45,African-American,0,0,0,4.0,-1.0,F,arrest case no charge,1,1,Battery,4,Medium,1
Female,Less than 25,Caucasian,0,0,0,0.0,0.0,F,Neglect Child / No Bodily Harm,1,0,,0,High,1
Male,25 - 45,African-American,0,0,0,4.0,0.0,F,Poss Pyrrolidinovalerophenone,1,0,,4,Low,1
Male,Greater than 45,African-American,0,0,0,20.0,-1.0,F,Driving While License Revoked,0,0,,20,Medium,0
Male,Less than 25,Caucasian,0,0,2,8.0,-1.0,F,Poss Pyrrolidinobutiophenone,1,0,Grand Theft in the 3rd Degree,8,High,1
Male,25 - 45,Caucasian,0,0,0,1.0,0.0,M,Battery,0,0,,1,Low,0
Male,Less than 25,Caucasian,0,0,0,0.0,0.0,F,Poss Meth/Diox/Meth/Amp (MDMA),0,0,,0,Low,0
Male,Less than 25,African-American,0,0,0,0.0,-1.0,F,Possession of Cannabis,1,1,Viol Pretrial Release Dom Viol,0,Low,1
Male,Greater than 45,Other,0,0,0,0.0,-1.0,M,False Motor Veh Insurance Card,0,0,,0,Low,0
Male,25 - 45,African-American,0,0,0,5.0,-1.0,F,Possession of Oxycodone,1,0,Petit Theft,5,Low,1
Female,25 - 45,African-American,0,0,0,0.0,-1.0,M,Battery,1,0,,0,Low,0
Female,25 - 45,African-American,0,0,0,1.0,-1.0,F,Grand Theft on 65 Yr or Older,0,0,,1,Medium,0
Male,25 - 45,Caucasian,0,0,0,2.0,-1.0,M,Driving License Suspended,0,0,,2,Low,0
Male,Less than 25,African-American,0,0,0,0.0,-1.0,F,Deliver Cocaine,1,0,Resist/Obstruct W/O Violence,0,Medium,1
Male,Greater than 45,Caucasian,0,0,0,1.0,-1.0,M,Bribery Athletic Contests,1,1,Battery,1,Low,1
Female,Greater than 45,Caucasian,0,0,0,2.0,-1.0,F,Grand Theft in the 3rd Degree,0,0,,2,High,0
Male,25 - 45,African-American,0,0,0,0.0,0.0,F,Burglary Conveyance Unoccup,0,0,,0,Low,0
Male,Greater than 45,African-American,0,0,0,5.0,-1.0,F,Failure To Return Hired Vehicle,1,0,Grand Theft in the 3rd Degree,5,Low,1
Male,25 - 45,African-American,0,0,0,2.0,-1.0,F,Robbery / No Weapon,1,0,,2,Medium,1
Male,25 - 45,African-American,1,0,0,5.0,-1.0,F,Aggravated Assault W/dead Weap,1,1,Battery,5,High,1
Female,25 - 45,African-American,0,0,0,4.0,0.0,F,arrest case no charge,1,0,Grand Theft in the 3rd Degree,4,Medium,1
Female,Greater than 45,Caucasian,0,0,0,0.0,-6.0,F,Aggrav Battery w/Deadly Weapon,0,0,Grand Theft in the 3rd Degree,0,Low,0
Male,25 - 45,Caucasian,0,0,0,0.0,0.0,F,Crimin Mischief Damage $1000+,0,0,,0,Low,0
Female,Less than 25,African-American,0,0,0,0.0,-1.0,F,Grand Theft in the 3rd Degree,0,0,,0,Low,0
Female,25 - 45,Caucasian,0,0,0,1.0,-1.0,M,Battery,1,1,Battery,1,Low,1
Female,Less than 25,African-American,0,0,0,0.0,0.0,F,Attempted Robbery  No Weapon,1,0,Petit Theft,0,Medium,1
Male,25 - 45,Hispanic,0,0,0,0.0,-2.0,M,Battery,0,0,Grand Theft in the 3rd Degree,0,Low,0
Female,25 - 45,Caucasian,0,0,0,1.0,-18.256481335292335,M,Petit Theft $100- $300,1,0,,1,Medium,1
Female,Less than 25,Caucasian,0,0,0,0.0,-1.0,F,Burglary Unoccupied Dwelling,0,0,,0,Medium,0
Male,25 - 45,African-American,0,0,0,3.0,-1.0,F,"Poss3,4 Methylenedioxymethcath",1,0,Grand Theft in the 3rd Degree,3,Low,1
Male,Less than 25,Caucasian,0,0,2,5.0,-2.0,F,Violation of Injunction Order/Stalking/Cyberstalking,1,1,Aggravated Battery / Pregnant,5,High,1
Male,25 - 45,African-American,0,2,0,7.0,-1.0,F,Possession of Cocaine,1,0,Resist/Obstruct W/O Violence,7,Medium,1
Male,25 - 45,African-American,0,0,0,2.0,-1.0,M,Petit Theft $100- $300,0,0,,2,Low,0
Male,Greater than 45,Hispanic,0,0,0,0.0,-7.016181529704461,M,Viol Injunct Domestic Violence,0,0,,0,Low,0
Male,25 - 45,Hispanic,0,0,0,2.0,-1.0,F,arrest case no charge,1,1,Resist/Obstruct W/O Violence,2,Medium,1
Male,Greater than 45,Caucasian,0,0,0,3.0,-23.0,F,Tampering With Physical Evidence,1,0,Petit Theft,3,Low,1
Female,25 - 45,Other,0,0,0,0.0,-1.0,M,Battery,1,0,Resist/Obstruct W/O Violence,0,Low,1
Male,Less than 25,Caucasian,0,0,0,2.0,-17.49767274312191,M,Battery,0,0,,2,Low,0
Female,25 - 45,Caucasian,0,0,0,2.0,-28.0,F,Possession of Cocaine,1,0,Grand Theft in the 3rd Degree,2,Low,1
Male,Less than 25,Hispanic,0,0,3,1.0,-25.0,F,Possession of Cocaine,0,0,,1,High,0
Male,Greater than 45,African-American,0,0,0,21.000000000000004,-1.0,F,arrest case no charge,1,0,Grand Theft in the 3rd Degree,21,High,0
Female,25 - 45,Caucasian,0,0,0,0.0,-1.0,M,Viol Injunct Domestic Violence,1,0,,0,Medium,0
Male,25 - 45,African-American,0,0,0,15.0,0.0,F,Aggravated Assault w/Firearm,0,0,,15,Medium,0
Male,25 - 45,Other,0,0,0,0.0,-1.0,F,Neglect Child / No Bodily Harm,0,0,,0,Low,1
Male,Greater than 45,Caucasian,0,0,0,1.0,-4.0,F,arrest case no charge,0,0,,1,Low,0
Male,Greater than 45,Hispanic,0,0,0,0.0,-1.0,F,Possession Of Alprazolam,1,0,,0,Low,1
Male,25 - 45,Caucasian,0,0,0,1.0,-1.0,F,Poss Contr Subst W/o Prescript,1,1,Battery,1,Low,1
Male,25 - 45,African-American,0,0,0,5.0,-1.0,M,Battery,0,0,,5,Low,0
Male,25 - 45,Caucasian,0,0,0,1.0,-19.0,F,arrest case no charge,1,0,Grand Theft in the 3rd Degree,1,Low,1
Male,Greater than 45,Caucasian,0,0,0,0.0,-1.0,M,Battery,0,0,,0,Low,0
Male,25 - 45,Asian,0,0,0,0.0,-1.0,M,Battery,0,0,Grand Theft in the 3rd Degree,0,Low,0
Male,Greater than 45,Caucasian,0,0,0,3.0,-1.0,F,Possession of Cocaine,1,0,Resist/Obstruct W/O Violence,3,High,1
Male,25 - 45,African-American,0,0,0,1.0,-1.0,F,"Poss3,4 Methylenedioxymethcath",1,1,Battery,1,Low,1
Male,25 - 45,African-American,0,0,0,6.0,-1.0,F,Drivg While Lic Suspd/Revk/Can,0,0,,6,Low,0
Male,25 - 45,African-American,2,3,0,24.052235348013518,-1.0,F,Burglary With Assault/battery,0,0,Operating W/O Valid License,23,High,0
Male,Less than 25,Other,0,0,0,0.0,-1.0,M,Battery,1,0,Petit Theft,0,High,1
Male,Less than 25,African-American,0,0,1,0.0,-1.0,F,Burglary Unoccupied Dwelling,0,0,,0,Low,0
Male,25 - 45,African-American,0,0,0,1.0,-1.0,F,Felony Battery (Dom Strang),1,0,,1,Medium,1
Female,25 - 45,Caucasian,0,0,0,3.0,-1.0,F,arrest case no charge,1,0,Grand Theft in the 3rd Degree,3,Low,1
Male,25 - 45,African-American,0,0,0,3.0,0.0,M,Battery,1,1,Felony Battery (Dom Strang),3,Low,1
Male,25 - 45,African-American,0,0,0,7.0,-1.0,F,Viol Injunct Domestic Violence,0,0,,7,Low,0
Male,25 - 45,African-American,0,0,0,2.0,-1.0,F,arrest case no charge,0,0,,2,Medium,0
Male,25 - 45,Caucasian,0,0,3,10.0,0.0,M,Driving License Suspended,1,1,Sex Batt Faml/Cust Vict 12-17Y,10,High,1
Male,25 - 45,African-American,0,0,0,10.0,-8.0,F,arrest case no charge,1,0,Grand Theft in the 3rd Degree,10,Medium,1
Male,Greater than 45,Caucasian,0,0,0,0.0,-1.0,F,Aggrav Battery w/Deadly Weapon,0,0,,0,Low,0
Male,Less than 25,Other,0,0,0,0.0,-1.0,F,Uttering a Forged Instrument,1,0,Grand Theft in the 3rd Degree,0,Low,1
Male,25 - 45,Hispanic,0,0,1,2.0,0.0,M,Battery,0,0,,2,Low,0
Female,25 - 45,Hispanic,0,1,2,14.0,-1.0,F,Burglary Unoccupied Dwelling,0,0,,14,Medium,0
Male,25 - 45,African-American,0,0,0,1.0,-1.0,F,Grand Theft (Motor Vehicle),0,0,,1,Medium,0
Male,25 - 45,African-American,0,0,0,0.0,-1.0,F,Pos Cannabis W/Intent Sel/Del,0,0,,0,Low,0
Male,Less than 25,African-American,0,0,0,0.0,0.0,F,Resist Officer w/Violence,1,0,,0,Medium,1
Female,25 - 45,African-American,0,0,0,2.0,-1.0,F,Aggravated Battery / Pregnant,1,0,Resist/Obstruct W/O Violence,2,Medium,1
Male,Greater than 45,African-American,0,0,1,19.0,-1.0,F,Possession of Cocaine,1,0,Grand Theft in the 3rd Degree,19,High,1
Male,Greater than 45,Caucasian,0,0,0,21.000000000000004,-1.0,F,Grand Theft in the 3rd Degree,1,0,Grand Theft in the 3rd Degree,21,Medium,1
Male,Greater than 45,Caucasian,0,0,0,0.0,-1.0,M,Battery,0,0,,0,Low,0
Male,Greater than 45,African-American,0,0,0,37.99928561947543,-1.0,F,Felony Battery w/Prior Convict,1,1,Resist/Obstruct W/O Violence,37,High,1
Male,25 - 45,Caucasian,0,0,0,0.0,0.0,M,Battery,1,0,Petit Theft,0,Low,0
Male,Greater than 45,African-American,0,0,0,1.0,-1.0,F,arrest case no charge,0,0,,1,Low,0
Male,25 - 45,African-American,0,0,0,0.0,-1.0,M,Battery,0,0,,0,Low,0
Male,Less than 25,African-American,0,0,0,0.0,0.0,F,Assault,0,0,Petit Theft,0,Medium,0
Female,Greater than 45,Caucasian,0,0,0,4.0,-1.0,F,arrest case no charge,0,0,,4,Low,0
Male,Greater than 45,Caucasian,0,0,0,0.0,-6.0,M,Petit Theft,1,0,Resist/Obstruct W/O Violence,0,Medium,1
Male,25 - 45,African-American,0,0,0,19.0,-4.0,F,arrest case no charge,1,1,Felony Battery w/Prior Convict,19,High,1
Male,25 - 45,African-American,0,0,1,9.0,-1.0,M,Battery,1,0,,9,High,1
Male,25 - 45,Caucasian,0,0,0,5.0,-1.0,M,Viol Injunct Domestic Violence,1,0,Resist/Obstruct W/O Violence,5,Low,1
Male,25 - 45,African-American,0,1,0,14.0,-1.0,F,Grand Theft (Motor Vehicle),1,0,Operating W/O Valid License,14,High,1
Female,Greater than 45,Caucasian,0,0,0,1.0,0.0,M,Poss Meth/Diox/Meth/Amp (MDMA),0,0,,1,Low,0
Female,Less than 25,African-American,0,1,0,2.0,-1.0,F,Aggrav Battery w/Deadly Weapon,0,0,,2,High,0
Male,Less than 25,Caucasian,0,0,0,1.0,-1.0,F,Grand Theft in the 3rd Degree,0,0,,1,Low,0
Male,25 - 45,African-American,0,0,0,4.0,-1.0,F,Possession of Cocaine,1,0,Petit Theft,4,High,1
Female,Greater than 45,Hispanic,0,0,0,2.0,-1.0,F,Grand Theft in the 3rd Degree,0,0,,2,Low,0
Female,Greater than 45,Other,0,0,0,0.0,-1.0,M,Battery,0,0,,0,Low,0
Male,Less than 25,African-American,0,0,0,2.0,-1.0,M,arrest case no charge,1,1,Viol Pretrial Release Dom Viol,2,Low,1
Male,Less than 25,African-American,4,0,0,5.0,-1.0,F,Burglary Conveyance Unoccup,1,0,Resist/Obstruct W/O Violence,5,High,1
Male,25 - 45,African-American,0,0,0,2.0,-1.0,M,Battery,0,0,,2,Low,0
Male,25 - 45,Hispanic,0,0,0,3.0,-1.0,F,Possession of Cannabis,1,0,,3,Medium,1
Female,Less than 25,African-American,0,0,0,0.0,-1.0,F,Grand Theft in the 3rd Degree,0,0,,0,Low,0
Male,25 - 45,Caucasian,0,0,0,3.0,-1.0,F,Possession of Cocaine,1,0,Grand Theft in the 3rd Degree,3,Low,1
Male,25 - 45,African-American,0,0,0,4.0,0.0,F,"Poss3,4 Methylenedioxymethcath",1,0,Grand Theft in the 3rd Degree,4,High,1
Male,25 - 45,African-American,0,0,0,3.0,0.0,F,Sell or Offer for Sale Counterfeit Goods,0,0,,3,Medium,0
Male,25 - 45,African-American,0,0,0,4.0,-1.0,M,Battery,1,1,Battery,4,Low,1
Male,Less than 25,Hispanic,0,0,1,1.0,-4.0,F,arrest case no charge,1,0,Grand Theft in the 3rd Degree,1,Medium,1
Male,Greater than 45,Other,0,0,0,2.0,-1.0,M,Battery,1,1,Battery,2,Low,1
Male,25 - 45,Caucasian,0,0,0,1.0,0.0,M,Battery,0,0,,1,Low,0
Male,Less than 25,African-American,0,0,1,0.0,-1.0,F,Possession Of Amphetamine,1,0,Grand Theft in the 3rd Degree,0,High,1
Female,25 - 45,Caucasian,0,0,0,1.0,-2.0,M,Grand Theft in the 3rd Degree,0,0,,1,Medium,0
Male,Greater than 45,Caucasian,0,0,0,3.0,-1.0,F,Uttering a Forged Instrument,0,0,,3,Low,0
Male,Less than 25,Caucasian,0,0,0,0.0,-1.0,F,arrest case no charge,1,1,Criminal Mischief Damage <$200,0,High,1
Male,Less than 25,African-American,0,1,3,2.0,-1.0,F,Driving While License Revoked,0,0,,2,Medium,0
Male,Less than 25,African-American,0,0,0,0.0,-1.0,F,Burglary Conveyance Unoccup,1,0,Petit Theft,0,Low,1
Male,Less than 25,African-American,0,0,0,0.0,-1.0,F,Poss Of Controlled Substance,0,0,,0,Low,0
Female,25 - 45,Hispanic,0,0,0,20.0,-1.0,F,Battery on Law Enforc Officer,1,1,Felony Battery w/Prior Convict,20,High,1
Male,Less than 25,African-American,0,0,0,10.0,0.0,F,Grand Theft in the 3rd Degree,0,0,,10,Low,0
Female,Greater than 45,Caucasian,0,0,0,0.0,0.0,M,Aggrav Child Abuse-Agg Battery,0,0,,0,Low,0
Male,Less than 25,African-American,0,0,0,1.0,-1.0,F,Grand Theft in the 3rd Degree,1,1,Battery,1,Medium,1
Male,Greater than 45,Hispanic,0,0,0,1.0,-1.0,F,arrest case no charge,0,0,,1,Medium,0
Male,Less than 25,African-American,2,2,0,4.0,-1.0,F,Possession of Cocaine,1,0,,4,High,1
Female,25 - 45,African-American,0,0,0,0.0,0.0,F,DUI/Property Damage/Persnl Inj,0,0,,0,Low,0
Male,25 - 45,Caucasian,0,0,0,5.0,-23.0,F,arrest case no charge,1,0,Grand Theft in the 3rd Degree,5,Medium,1
Male,Greater than 45,African-American,0,0,0,4.0,-5.0,M,Battery,0,0,,4,Low,0
Male,Less than 25,African-American,0,0,0,2.0,-1.0,M,arrest case no charge,0,0,,2,Medium,0
Male,25 - 45,Asian,0,0,0,0.0,-1.0,F,Aggravated Assault W/dead Weap,0,0,,0,Low,0
Male,25 - 45,Hispanic,0,0,0,0.0,-1.0,M,Battery,0,0,,0,Low,0
Male,25 - 45,Other,0,0,0,0.0,-1.0,F,Possession of Hydrocodone,1,0,Petit Theft,0,Medium,1
Female,25 - 45,Hispanic,0,0,0,1.0,-1.0,F,Grand Theft in the 3rd Degree,0,0,,1,Low,0
Male,25 - 45,African-American,0,0,0,19.0,-1.0,M,Battery,1,0,Resist/Obstruct W/O Violence,18,Medium,1
Male,Greater than 45,African-American,0,0,0,1.0,-1.0,F,Possession of Cocaine,0,0,,1,Low,0
Male,25 - 45,African-American,0,0,0,0.0,-1.0,M,Battery,0,0,,0,Low,0
Female,Greater than 45,Caucasian,0,0,0,2.0,-1.0,F,arrest case no charge,1,0,,2,Low,0
Male,25 - 45,African-American,0,0,0,1.0,-1.0,F,Carry Open/Uncov Bev In Pub,0,0,,1,Low,0
Male,Greater than 45,Caucasian,0,0,0,3.0,-1.0,M,Battery,0,0,,3,Low,0
Female,Greater than 45,African-American,0,0,0,9.0,0.0,M,Battery,1,0,Grand Theft in the 3rd Degree,9,Medium,0
Male,Greater than 45,Caucasian,0,0,0,0.0,-1.0,M,Battery,0,0,,0,Medium,0
Male,25 - 45,African-American,0,0,0,4.0,0.0,F,Possession of Cocaine,1,0,Petit Theft,4,High,1
Male,Less than 25,African-American,0,0,0,11.0,-1.0,F,Grand Theft in the 3rd Degree,1,0,Grand Theft in the 3rd Degree,11,High,1
Male,25 - 45,Other,0,1,0,5.0,-1.0,F,arrest case no charge,0,0,,5,Low,0
Male,25 - 45,African-American,0,0,0,9.0,-1.0,F,Felony Battery,1,1,Viol Pretrial Release Dom Viol,9,Medium,1
Male,Less than 25,Hispanic,0,0,0,0.0,0.0,F,Battery,0,0,,0,Low,0
Male,25 - 45,African-American,0,0,0,6.0,0.0,F,Possession of Cocaine,1,0,,6,Low,1
Male,Greater than 45,African-American,0,0,1,12.0,-1.0,F,Uttering a Forged Instrument,1,1,Sex Batt Faml/Cust Vict 12-17Y,12,Medium,1
Female,Greater than 45,Caucasian,0,0,0,6.0,0.0,M,Possess Cannabis 1000FTSch,0,0,,6,Medium,0
Male,Greater than 45,African-American,0,0,0,13.0,-1.0,M,arrest case no charge,0,0,,13,Medium,0
Female,25 - 45,Hispanic,0,0,0,1.0,-1.0,F,Burglary Dwelling Occupied,1,0,,1,Low,0
Male,25 - 45,Caucasian,0,0,0,0.0,-3.0,F,Resist Officer w/Violence,1,0,Grand Theft in the 3rd Degree,0,Low,1
Male,25 - 45,African-American,0,0,0,10.0,-1.0,M,Battery,1,0,Grand Theft in the 3rd Degree,10,Medium,1
Male,25 - 45,African-American,0,0,0,0.0,0.0,F,Aggrav Battery w/Deadly Weapon,0,0,Petit Theft,0,Low,0
Female,25 - 45,African-American,0,0,0,4.0,-3.0,F,Aggravated Assault W/Dead Weap,0,0,,4,Medium,0
Male,25 - 45,Caucasian,0,0,0,3.0,-24.0,F,arrest case no charge,1,0,,3,Medium,1
Male,25 - 45,African-American,2,0,0,15.0,-1.0,F,Driving While License Revoked,1,0,Grand Theft in the 3rd Degree,15,High,1
Male,25 - 45,African-American,0,0,0,13.0,-1.0,F,Driving While License Revoked,1,0,,13,High,1
Male,Greater than 45,African-American,0,0,0,4.0,-2.0,F,Possession of Cocaine,1,0,Petit Theft,4,Low,1
Male,Less than 25,African-American,0,0,0,0.0,-1.0,F,Resist Officer w/Violence,1,1,Resist/Obstruct W/O Violence,0,Low,1
Male,25 - 45,African-American,0,0,0,12.0,-1.0,F,Driving While License Revoked,1,0,Resist/Obstruct W/O Violence,12,High,1
Male,Greater than 45,Hispanic,0,0,0,1.0,-2.0,F,Possession Of Methamphetamine,1,0,Grand Theft in the 3rd Degree,1,Low,1
Male,25 - 45,Hispanic,0,0,0,0.0,0.0,F,Aggravated Battery / Pregnant,0,0,Petit Theft,0,Medium,0
Male,25 - 45,Caucasian,0,0,0,2.0,-1.0,F,Felony Battery (Dom Strang),0,0,Petit Theft,2,Low,0
Male,25 - 45,African-American,0,0,0,7.0,0.0,F,Possession of Cocaine,1,1,Aggravated Battery / Pregnant,7,Medium,1
Male,Greater than 45,African-American,0,0,0,18.0,-1.0,F,Driving While License Revoked,1,0,Grand Theft in the 3rd Degree,18,High,1
Male,Greater than 45,African-American,0,0,0,5.0,-1.0,F,Grand Theft (Motor Vehicle),0,0,Grand Theft in the 3rd Degree,5,Low,1
Male,25 - 45,Caucasian,0,0,0,1.0,0.0,M,Battery,1,1,Resist/Obstruct W/O Violence,1,Low,1
Male,Less than 25,African-American,0,0,0,0.0,-1.0,M,Battery,0,0,,0,Low,1
Male,25 - 45,African-American,0,0,2,2.0,-1.0,F,Grand Theft in the 3rd Degree,1,0,Grand Theft in the 3rd Degree,2,Medium,1
Male,25 - 45,African-American,0,0,0,0.0,-1.0,F,Possession of Cannabis,0,0,,0,Medium,0
Male,25 - 45,Caucasian,0,0,1,3.0,-1.0,F,"Poss3,4 Methylenedioxymethcath",0,0,Grand Theft in the 3rd Degree,3,Medium,0
Male,Greater than 45,Caucasian,0,0,0,0.0,-1.0,M,DUI - Enhanced,0,0,,0,Low,0
Female,25 - 45,Caucasian,0,0,0,1.0,-1.0,M,Battery,1,1,Resist/Obstruct W/O Violence,1,Medium,1
Male,Greater than 45,African-American,0,0,0,0.0,-1.0,M,Viol Injunct Domestic Violence,1,0,Resist/Obstruct W/O Violence,0,Low,1
Male,Less than 25,African-American,0,2,2,4.0,-1.0,F,"Poss3,4 Methylenedioxymethcath",1,0,Operating W/O Valid License,4,Medium,1
Male,Less than 25,African-American,0,0,0,0.0,0.0,M,Battery,1,0,Petit Theft,0,Medium,1
Male,Less than 25,African-American,0,0,0,3.0,-1.0,M,Operating W/O Valid License,1,0,Grand Theft in the 3rd Degree,3,Medium,1
Female,25 - 45,African-American,0,0,0,3.0,-1.0,F,Possession of Cocaine,0,0,,3,Medium,0
Male,Less than 25,African-American,0,0,1,4.0,-1.0,F,Possession of Cocaine,1,0,Grand Theft in the 3rd Degree,4,Low,1
Male,25 - 45,Caucasian,0,0,0,4.0,-1.0,F,Burglary Conveyance Unoccup,1,0,Resist/Obstruct W/O Violence,4,Low,1
Male,25 - 45,African-American,0,0,0,0.0,0.0,F,Tampering With Physical Evidence,0,0,,0,Low,0
Male,25 - 45,African-American,0,0,0,6.0,0.0,F,Possession of Cocaine,0,0,,6,High,0
Male,Greater than 45,African-American,0,0,0,0.0,-1.0,M,Operating W/O Valid License,0,0,,0,Low,0
Male,25 - 45,African-American,0,0,0,5.0,-1.0,F,arrest case no charge,1,0,Resist/Obstruct W/O Violence,5,Low,1
Male,Less than 25,African-American,0,0,0,0.0,-1.0,F,Operating W/O Valid License,0,0,,0,Low,0
Male,25 - 45,African-American,0,0,0,8.0,-1.0,F,"Poss3,4 Methylenedioxymethcath",1,0,,8,High,1
Female,Less than 25,African-American,0,0,0,0.0,-1.0,F,Assault,0,0,,0,Medium,0
Male,25 - 45,African-American,0,0,0,1.0,-1.0,F,arrest case no charge,0,0,,1,Low,0
Male,Less than 25,African-American,0,0,3,3.0,-1.0,F,Aggravated Assault W/Dead Weap,1,1,Battery,3,High,1
Male,25 - 45,African-American,0,0,1,2.0,-1.0,F,Possession Burglary Tools,1,0,Possess Cannabis/20 Grams Or Less,2,High,1
Male,25 - 45,African-American,0,0,0,2.0,-1.0,F,Grand Theft in the 3rd Degree,1,0,Grand Theft in the 3rd Degree,2,Low,1
Male,Less than 25,African-American,0,0,0,0.0,-1.0,F,Burglary Unoccupied Dwelling,1,0,Resist/Obstruct W/O Violence,0,Medium,1
Male,25 - 45,Hispanic,0,1,0,26.127868873033567,-1.0,F,Driving While License Revoked,1,0,Grand Theft (Motor Vehicle),25,High,1
Male,25 - 45,African-American,0,0,0,11.0,-1.0,M,arrest case no charge,1,0,Grand Theft in the 3rd Degree,11,High,1
Male,25 - 45,Other,0,0,0,0.0,-1.0,F,Felony Batt(Great Bodily Harm),0,0,,0,Low,0
Male,25 - 45,African-American,0,1,0,3.0,-1.0,M,arrest case no charge,1,0,Grand Theft in the 3rd Degree,3,Medium,1
Male,Greater than 45,Caucasian,0,0,0,1.0,0.0,F,Possession of Cocaine,0,0,,1,Low,0
Male,Less than 25,Other,0,0,0,5.0,-1.0,M,Criminal Mischief Damage <$200,1,1,Battery,5,High,1
Female,25 - 45,African-American,0,0,0,11.0,0.0,F,Crimin Mischief Damage $1000+,1,0,Grand Theft in the 3rd Degree,11,Medium,0
Male,Greater than 45,Hispanic,0,0,0,0.0,-1.0,F,Grand Theft in the 3rd Degree,0,0,,0,Low,0
Male,25 - 45,Caucasian,0,0,0,1.0,-28.974838689445843,F,Burglary Dwelling Assault/Batt,0,0,,1,Low,1
Male,25 - 45,African-American,2,0,0,9.0,-1.0,M,Assault,1,0,Petit Theft,9,High,1
Male,25 - 45,Hispanic,0,0,0,0.0,-1.0,M,Possession Of Amphetamine,0,0,,0,Low,0
Male,Less than 25,African-American,0,0,1,1.0,-1.0,F,Possession Burglary Tools,0,0,,1,Medium,0
Female,Greater than 45,African-American,0,0,0,7.0,-1.0,F,Possession of Cocaine,0,0,,7,Low,0
Male,25 - 45,African-American,0,0,0,9.0,-1.0,F,Possession of Cocaine,1,0,Grand Theft in the 3rd Degree,9,Medium,1
Male,25 - 45,Caucasian,0,0,0,4.0,-1.0,F,"Deliver 3,4 Methylenediox",1,0,Grand Theft in the 3rd Degree,4,High,1
Male,25 - 45,Hispanic,0,0,0,2.0,-1.0,M,Aggravated Battery / Pregnant,1,0,Grand Theft in the 3rd Degree,2,Low,0
Male,25 - 45,African-American,0,0,2,3.0,0.0,M,Felony/Driving Under Influence,0,0,,3,Medium,0
Male,25 - 45,African-American,0,0,0,10.0,0.0,F,arrest case no charge,1,0,Petit Theft,10,High,1
Male,Less than 25,Caucasian,0,0,3,0.0,0.0,F,Felony Battery (Dom Strang),1,0,Resist/Obstruct W/O Violence,0,Low,1
Female,Greater than 45,African-American,0,0,0,0.0,-1.0,M,Battery,0,0,,0,Medium,1
Male,25 - 45,African-American,0,0,1,9.0,0.0,F,Driving While License Revoked,0,0,,9,Medium,0
Male,Less than 25,African-American,0,1,0,4.0,-27.0,F,Possession of Cocaine,1,0,,4,High,1
Male,25 - 45,Caucasian,0,0,0,1.0,-1.0,F,Grand Theft in the 3rd Degree,1,0,Resist/Obstruct W/O Violence,1,Low,1
Male,25 - 45,African-American,0,0,1,5.0,-1.0,F,Grand Theft (Motor Vehicle),1,0,Grand Theft in the 3rd Degree,5,Medium,1
Male,25 - 45,Caucasian,0,0,0,1.0,-1.0,F,Disorderly Intoxication,0,0,Grand Theft in the 3rd Degree,1,Low,0
Male,Greater than 45,African-American,0,0,0,12.0,-24.0,M,arrest case no charge,0,0,Grand Theft in the 3rd Degree,12,Medium,0
Female,25 - 45,Hispanic,0,0,0,0.0,-2.0,M,Battery,1,0,Petit Theft,0,Low,1
Male,Greater than 45,Caucasian,0,0,0,0.0,-1.0,M,Battery,0,0,,0,Low,0
Male,Less than 25,African-American,0,0,0,0.0,-1.0,F,Att Burgl Unoccupied Dwel,0,0,,0,Low,0
Male,Less than 25,African-American,0,0,0,7.0,-1.0,F,Driving While License Revoked,0,0,Petit Theft,7,Low,1
Male,25 - 45,African-American,0,0,0,4.0,-1.0,F,Aggravated Assault w/Firearm,1,0,Petit Theft,4,Medium,1
Male,Less than 25,Hispanic,0,0,0,1.0,-1.0,M,Possession Of Alprazolam,1,1,Aggravated Battery / Pregnant,1,Medium,1
Male,25 - 45,Caucasian,0,0,0,0.0,-1.0,M,DUI Property Damage/Injury,0,0,,0,Low,0
Male,Less than 25,African-American,1,0,0,2.0,0.0,F,Pos Cannabis W/Intent Sel/Del,1,0,Resist/Obstruct W/O Violence,2,High,1
Male,Less than 25,African-American,0,0,0,0.0,0.0,F,Grand Theft in the 3rd Degree,0,0,,0,Low,0
Male,Less than 25,African-American,0,1,0,4.0,-1.0,F,Unauth Poss ID Card or DL,1,0,Resist/Obstruct W/O Violence,4,High,0
Male,Less than 25,Caucasian,0,0,0,3.0,-1.0,M,Petit Theft,1,0,Petit Theft,3,High,1
Male,25 - 45,Caucasian,0,0,0,0.0,-1.0,M,Viol Injunct Domestic Violence,0,0,,0,Low,0
Female,25 - 45,African-American,0,0,0,0.0,-1.0,M,Soliciting For Prostitution,0,0,,0,Low,0
Male,Less than 25,Asian,0,1,0,2.0,-1.0,F,Aggravated Assault w/Firearm,1,1,Battery,2,Medium,1
Male,25 - 45,Asian,0,0,0,2.0,-1.0,F,Felony Petit Theft,1,0,Grand Theft in the 3rd Degree,2,High,1
Female,Greater than 45,African-American,0,0,0,1.0,-23.0,M,Battery,0,0,,1,Low,0
Male,25 - 45,African-American,0,0,0,1.0,-1.0,F,arrest case no charge,0,0,,1,Low,0
Female,25 - 45,Caucasian,0,0,0,4.0,-1.0,M,Battery,0,0,,4,Low,0
Male,Less than 25,Caucasian,0,0,1,2.0,-1.0,M,Exposes Culpable Negligence,0,0,,2,Low,0
Male,25 - 45,Hispanic,0,0,0,0.0,-3.0,F,Burglary Dwelling Assault/Batt,1,0,Petit Theft,0,Low,1
Male,25 - 45,Caucasian,0,0,0,0.0,-1.0,F,Grand Theft (Motor Vehicle),0,0,,0,Low,0
Male,Less than 25,African-American,0,0,1,2.0,-1.0,F,Resist Officer w/Violence,1,0,Petit Theft,2,High,1
Female,25 - 45,African-American,0,0,0,0.0,0.0,F,Possession of Cocaine,0,0,,0,Medium,0
Male,25 - 45,Caucasian,0,0,0,0.0,-1.0,M,DUI/Property Damage/Persnl Inj,0,0,,0,High,0
Male,25 - 45,Hispanic,0,1,0,12.0,-1.0,F,Aggravated Assault W/Dead Weap,0,0,,12,High,0
Male,Less than 25,Hispanic,0,0,0,0.0,0.0,M,Driving Under The Influence,0,0,,0,Low,0
Male,Less than 25,African-American,1,0,0,1.0,-1.0,M,Battery,0,0,,1,High,0
Male,25 - 45,African-American,0,0,0,2.0,-1.0,F,Unlaw Use False Name/Identity,0,0,,2,Medium,0
Male,Less than 25,Caucasian,0,0,0,0.0,-1.0,M,Grand Theft on 65 Yr or Older,0,0,,0,Low,0
Male,Greater than 45,Caucasian,0,0,0,1.0,-1.0,M,Battery,0,0,,1,Low,0
Male,25 - 45,African-American,0,0,0,0.0,0.0,F,"Poss3,4 Methylenedioxymethcath",1,0,Grand Theft in the 3rd Degree,0,Low,1
Male,Less than 25,African-American,0,0,1,1.0,0.0,F,Failure To Return Hired Vehicle,1,0,,1,Medium,1
Male,25 - 45,African-American,0,0,0,0.0,-1.0,M,Battery,0,0,,0,Medium,0
Male,Less than 25,Hispanic,0,0,0,7.0,-1.0,M,Battery,0,0,,7,Low,0
Male,25 - 45,African-American,0,0,0,3.0,-1.0,F,Grand Theft (Motor Vehicle),0,0,,3,Low,0
Male,25 - 45,African-American,0,1,0,3.0,0.0,F,Felony Battery (Dom Strang),0,0,,3,Medium,0
Male,Greater than 45,Hispanic,0,0,0,1.0,-2.0,M,Disorderly Intoxication,0,0,,1,Low,0
Male,Greater than 45,African-American,0,0,0,3.0,-1.0,F,Felony Battery w/Prior Convict,0,0,,3,Low,0
Male,25 - 45,Caucasian,0,0,0,0.0,-1.0,F,Aggrav Battery w/Deadly Weapon,0,0,,0,Low,0
Male,25 - 45,Caucasian,0,0,0,0.0,-3.0,M,Agg Fleeing and Eluding,0,0,,0,Low,0
Female,25 - 45,African-American,0,0,0,2.0,-1.0,M,Exposes Culpable Negligence,0,0,,2,Low,0
Male,Less than 25,Other,0,0,1,3.0,-1.0,F,arrest case no charge,0,0,,3,Low,0
Male,25 - 45,Caucasian,0,0,0,0.0,0.0,F,Grand Theft in the 3rd Degree,0,0,,0,Low,0
Male,25 - 45,Other,0,0,0,0.0,-1.0,M,Battery,0,0,,0,Low,0
Male,25 - 45,African-American,0,0,0,2.0,0.0,F,Driving While License Revoked,1,0,Grand Theft in the 3rd Degree,2,Medium,1
Female,25 - 45,African-American,0,0,0,0.0,0.0,M,Battery,0,0,,0,Low,0
Male,Less than 25,Asian,0,0,0,0.0,-1.0,F,Poss Alprazolam W/int Sell/Del,0,0,,0,Low,0
Female,25 - 45,African-American,0,0,0,0.0,-1.0,M,Battery,1,1,Battery,0,Low,0
Male,Greater than 45,Hispanic,0,0,0,1.0,-8.0,M,Grand Theft Firearm,1,0,Grand Theft in the 3rd Degree,1,Low,1
Male,Greater than 45,Caucasian,0,0,0,2.0,-4.0,F,Solicit Deliver Cocaine,0,0,,2,Low,0
Male,Less than 25,African-American,0,0,0,1.0,-1.0,M,Possession of Cocaine,1,0,Petit Theft,1,High,1
Male,Less than 25,African-American,0,0,0,0.0,-1.0,F,Grand Theft in the 3rd Degree,0,0,,0,Medium,0
Male,Less than 25,African-American,2,0,0,2.0,-21.353470615307966,F,Attempted Robbery  No Weapon,1,0,Resist/Obstruct W/O Violence,2,High,1
Male,Greater than 45,Caucasian,0,0,0,0.0,0.0,M,Resist/Obstruct W/O Violence,0,0,,0,Low,0
Male,Greater than 45,African-American,0,0,0,4.0,0.0,F,Possession of Cocaine,0,0,,4,Low,0
Male,Greater than 45,Hispanic,0,0,0,2.0,-1.0,F,Possess Cannabis 1000FTSch,0,0,,2,Low,0
Male,25 - 45,African-American,0,0,0,9.0,-1.0,M,Battery,1,1,Aggravated Battery / Pregnant,9,High,1
Female,Less than 25,Caucasian,0,0,0,2.0,-1.0,M,Grand Theft in the 3rd Degree,1,0,Grand Theft in the 3rd Degree,2,Medium,1
Male,Greater than 45,Other,0,0,0,0.0,-1.0,F,DUI/Property Damage/Persnl Inj,0,0,,0,Low,0
Male,25 - 45,African-American,0,0,0,1.0,-1.0,F,arrest case no charge,0,0,,1,Low,1
Female,25 - 45,African-American,0,0,0,0.0,-1.0,F,Aggravated Assault W/dead Weap,1,1,Felony Battery (Dom Strang),0,Medium,1
Male,Less than 25,Caucasian,0,0,0,1.0,-1.0,F,arrest case no charge,0,0,,1,Medium,0
Male,25 - 45,African-American,0,0,0,6.0,-1.0,F,Burglary Unoccupied Dwelling,1,0,Grand Theft in the 3rd Degree,6,Medium,0
Female,Less than 25,African-American,0,0,0,2.0,16.21896271232449,M,Battery on Law Enforc Officer,1,1,Felony Battery w/Prior Convict,2,High,1
Female,25 - 45,African-American,0,0,0,2.0,-1.0,F,Grand Theft in the 3rd Degree,1,0,,2,Low,1
Female,Less than 25,Caucasian,0,0,0,0.0,0.0,F,DUI Property Damage/Injury,1,0,Petit Theft,0,Low,1
Male,25 - 45,Caucasian,0,0,0,1.0,-1.0,M,Poss Wep Conv Felon,1,0,Grand Theft in the 3rd Degree,1,Medium,1
Male,25 - 45,African-American,0,0,0,20.0,0.0,F,Driving While License Revoked,1,0,Grand Theft in the 3rd Degree,20,High,1
Male,25 - 45,Caucasian,0,0,0,1.0,-1.0,F,arrest case no charge,0,0,,1,Low,0
Male,25 - 45,African-American,0,0,0,7.0,21.833589021901922,F,Robbery / No Weapon,1,0,Grand Theft in the 3rd Degree,7,Low,1
Male,25 - 45,African-American,0,0,1,1.0,-1.0,F,Crimin Mischief Damage $1000+,0,0,,1,Low,0
Male,25 - 45,Caucasian,0,0,0,0.0,-1.0,M,Driving Under The Influence,0,0,,0,Low,0
Male,25 - 45,African-American,0,1,0,9.0,-1.0,M,Driving While License Revoked,0,0,,9,High,0
Male,Greater than 45,African-American,0,0,0,22.0,-1.0,F,Possession of Cocaine,1,0,Grand Theft in the 3rd Degree,22,High,1
Male,Greater than 45,Caucasian,0,0,0,8.0,-24.0,F,Uttering a Forged Instrument,0,0,,8,Low,0
Male,Greater than 45,Caucasian,0,0,0,6.0,11.086880813593964,M,Viol Injunct Domestic Violence,1,0,Grand Theft in the 3rd Degree,6,Low,1
Male,Less than 25,African-American,0,0,1,0.0,0.0,F,Grand Theft in the 3rd Degree,1,0,Grand Theft in the 3rd Degree,0,High,1
Male,Less than 25,African-American,0,0,0,1.0,-1.0,M,Battery,1,1,Battery,1,Medium,1
Male,Greater than 45,Asian,0,0,0,11.0,-1.0,M,Resist/Obstruct W/O Violence,1,0,Grand Theft in the 3rd Degree,11,Low,1
Female,25 - 45,Hispanic,0,0,0,6.0,-1.0,M,Burglary With Assault/battery,1,0,,6,Medium,1
Male,25 - 45,African-American,0,0,0,0.0,-1.0,M,DUI Property Damage/Injury,0,0,Petit Theft,0,Low,0
Male,Less than 25,Hispanic,0,0,0,0.0,-1.0,F,Burglary Conveyance Unoccup,0,0,,0,Low,0
Male,25 - 45,Hispanic,0,0,0,2.0,-14.041922561382108,F,Aggravated Assault w/Firearm,0,0,,2,Low,0
Male,25 - 45,Hispanic,0,0,0,0.0,-1.0,M,Driving License Suspended,0,0,,0,Low,0
Male,Greater than 45,Caucasian,0,0,0,0.0,-1.0,F,Aggrav Battery w/Deadly Weapon,0,0,,0,Low,0
Female,25 - 45,Caucasian,0,0,0,0.0,-1.0,F,Tamper With Witness/Victim/CI,1,0,Petit Theft,0,Low,1
Male,Greater than 45,Caucasian,0,0,0,27.95897612922983,-1.0,F,Corrupt Public Servant,1,0,Resist/Obstruct W/O Violence,27,High,1
Male,25 - 45,African-American,0,0,0,11.0,-1.0,F,Driving While License Revoked,1,0,,11,Medium,0
Female,25 - 45,Hispanic,0,0,0,0.0,-1.0,M,Battery,0,0,,0,Low,0
Male,25 - 45,African-American,0,0,0,0.0,0.0,M,Petit Theft,0,0,,0,Medium,0
Male,Less than 25,African-American,0,0,0,1.0,0.0,F,Possession of Cannabis,0,0,,1,Low,0
Female,25 - 45,Caucasian,0,0,0,9.0,-19.0,F,arrest case no charge,1,0,Grand Theft in the 3rd Degree,9,Low,1
Male,Less than 25,Other,0,0,0,2.0,-1.0,F,"Deliver 3,4 Methylenediox",1,0,Grand Theft in the 3rd Degree,2,Low,0
Female,25 - 45,African-American,0,0,0,5.0,-1.0,M,Robbery / No Weapon,0,0,,5,Medium,0
Male,25 - 45,African-American,0,0,0,6.0,-1.0,F,Grand Theft in the 3rd Degree,1,0,Petit Theft,6,Medium,1
Male,Greater than 45,African-American,0,0,0,3.0,0.0,F,Aggravated Assault W/dead Weap,0,0,,3,Low,0
Male,25 - 45,African-American,0,0,0,7.0,0.0,F,Grand Theft (Motor Vehicle),1,1,Resist/Obstruct W/O Violence,7,High,1
Male,25 - 45,African-American,0,0,0,3.0,-1.0,M,Resist Officer w/Violence,1,0,Petit Theft,3,Medium,1
Male,Greater than 45,African-American,0,0,0,7.0,-1.0,M,False Motor Veh Insurance Card,1,0,Petit Theft,7,Low,1
Male,25 - 45,Caucasian,0,0,0,0.0,0.0,M,Battery,0,0,,0,Medium,0
Male,25 - 45,Other,0,0,0,0.0,-1.0,F,Felony Batt(Great Bodily Harm),1,0,Resist/Obstruct W/O Violence,0,Low,1
Male,25 - 45,African-American,0,0,0,0.0,-2.0,F,Poss Cocaine/Intent To Del/Sel,0,0,,0,Low,0
Female,Greater than 45,African-American,0,0,0,5.0,-4.0,F,Possession of Cocaine,0,0,,5,Low,0
Male,Less than 25,African-American,0,0,0,0.0,-1.0,F,False Motor Veh Insurance Card,0,0,,0,Low,0
Male,Less than 25,African-American,0,0,0,2.0,-17.01588729133104,M,Battery,0,0,,2,Medium,0
Female,Less than 25,African-American,0,0,0,4.0,-1.0,F,Possession of Cocaine,1,0,Grand Theft in the 3rd Degree,4,High,1
Male,25 - 45,African-American,0,0,0,0.0,-1.0,F,Aggravated Battery / Pregnant,1,1,Felony Battery (Dom Strang),0,High,1
Male,Greater than 45,African-American,3,0,1,14.0,-1.0,F,Grand Theft in the 3rd Degree,1,0,Obtain Control Substance By Fraud,14,High,1
Male,Greater than 45,Hispanic,0,0,0,0.0,-4.0,M,Battery,0,0,,0,Low,0
Male,25 - 45,Caucasian,0,0,0,0.0,-1.0,F,Possession Of Methamphetamine,0,0,,0,Low,0
Male,Greater than 45,Caucasian,0,0,0,1.0,0.0,F,Possession of Cocaine,0,0,,1,Low,0
Male,Greater than 45,African-American,0,0,0,3.0,-22.0,M,Operating W/O Valid License,1,0,Petit Theft,3,Low,1
Male,25 - 45,Hispanic,0,0,0,0.0,0.0,M,Possession Burglary Tools,0,0,,0,Low,0
Male,Greater than 45,Caucasian,0,0,0,2.0,-1.0,M,Viol Injunct Domestic Violence,0,0,,2,Low,0
Female,25 - 45,African-American,0,0,0,0.0,-1.0,M,Battery,0,0,,0,High,0
Male,25 - 45,Caucasian,0,0,0,5.0,-11.976979862811277,M,Driving License Suspended,0,0,,5,Low,0
Male,25 - 45,Other,0,0,0,1.0,-1.0,F,Possession of Cocaine,0,0,,1,Low,0
Male,25 - 45,African-American,0,0,0,7.0,-1.0,F,Felony Battery w/Prior Convict,1,0,Grand Theft in the 3rd Degree,7,Medium,1
Male,Less than 25,Caucasian,0,0,0,1.0,-1.0,M,Battery,1,0,Resist/Obstruct W/O Violence,1,Low,1
Male,Greater than 45,Caucasian,0,0,0,2.0,0.0,M,Battery,0,0,,2,Low,0
Male,25 - 45,Caucasian,0,0,0,3.0,-22.0,M,arrest case no charge,0,0,,3,Low,0
Male,25 - 45,Caucasian,0,0,0,0.0,0.0,F,"Deliver 3,4 Methylenediox",0,0,,0,Medium,0
Male,25 - 45,African-American,0,0,0,6.0,-1.0,M,Battery,0,0,,6,Medium,0
Female,Less than 25,Caucasian,0,0,0,0.0,-1.0,M,Poss Of Controlled Substance,0,0,,0,Medium,0
Male,25 - 45,Caucasian,0,0,0,10.0,-17.112447116820782,F,Driving While License Revoked,1,0,Grand Theft in the 3rd Degree,10,Low,0
Female,Less than 25,African-American,0,0,0,0.0,-1.0,F,Aggravated Assault W/Dead Weap,0,0,,0,Low,0
Female,Less than 25,African-American,0,0,0,0.0,0.0,F,Robbery / No Weapon,0,0,,0,Medium,0
Male,Greater than 45,Other,0,0,0,0.0,-1.0,F,Grand Theft (Motor Vehicle),1,0,Resist/Obstruct W/O Violence,0,Low,1
Male,25 - 45,Hispanic,0,0,0,1.0,-3.0,M,Driving Under The Influence,0,0,,1,Low,0
Male,25 - 45,Caucasian,0,0,0,3.0,0.0,M,Driving Under The Influence,0,0,,3,Medium,0
Female,25 - 45,Caucasian,0,0,0,0.0,-1.0,F,Grand Theft in the 3rd Degree,1,0,Petit Theft,0,Low,1
Male,25 - 45,African-American,0,0,0,0.0,-1.0,M,Battery,1,0,Petit Theft,0,Low,1
Male,Less than 25,Caucasian,0,0,0,0.0,-1.0,F,Burglary Conveyance Unoccup,0,0,,0,Low,0
Male,Greater than 45,Caucasian,0,0,0,0.0,-4.0,M,Petit Theft,0,0,,0,Low,0
Male,25 - 45,Caucasian,0,0,1,3.0,-4.0,M,Petit Theft $100- $300,1,0,Petit Theft,3,Low,1
Male,Less than 25,Caucasian,0,0,0,0.0,-1.0,M,Battery,0,0,,0,Low,0
Female,Greater than 45,Caucasian,0,0,0,0.0,0.0,M,Battery,0,0,,0,Low,0
Male,Greater than 45,African-American,0,0,0,4.0,-1.0,F,Driving While License Revoked,1,0,,4,Low,1
Male,25 - 45,Caucasian,0,0,0,2.0,0.0,F,Tamper With Witness/Victim/CI,1,0,Grand Theft in the 3rd Degree,2,Low,1
Male,25 - 45,African-American,0,0,1,11.0,-1.0,F,arrest case no charge,1,1,Viol Pretrial Release Dom Viol,12,Medium,1
Male,Greater than 45,Caucasian,0,0,0,2.0,-1.0,F,arrest case no charge,0,1,Resist/Obstruct W/O Violence,2,Low,1
Male,Less than 25,African-American,0,0,1,0.0,-2.0,F,Battery on Law Enforc Officer,1,0,Resist/Obstruct W/O Violence,0,Low,1
Male,25 - 45,African-American,0,0,0,2.0,-1.0,F,Battery on Law Enforc Officer,0,0,,2,Low,0
Male,25 - 45,African-American,0,0,0,4.0,-1.0,F,arrest case no charge,1,0,Resist/Obstruct W/O Violence,4,Low,1
Male,25 - 45,African-American,0,0,0,22.0,-1.0,F,arrest case no charge,1,0,,22,High,1
Male,25 - 45,Asian,0,0,0,1.0,-1.0,F,Burglary Dwelling Occupied,0,0,,1,Low,0
Male,25 - 45,Caucasian,0,0,0,0.0,-1.0,F,Deliver Cocaine,0,0,,0,Low,0
Male,25 - 45,Other,0,0,0,2.0,-1.0,F,Felony Battery (Dom Strang),1,0,Grand Theft in the 3rd Degree,2,Low,1
Female,Less than 25,Caucasian,0,0,0,0.0,-1.0,M,Battery,0,0,,0,Low,0
Female,25 - 45,Other,0,0,0,3.0,-1.0,F,arrest case no charge,0,0,,3,Low,0
Male,25 - 45,African-American,0,0,0,1.0,-1.0,M,Battery,0,0,,1,Low,0
Male,25 - 45,Hispanic,0,0,0,16.0,0.0,F,Burglary Conveyance Unoccup,1,0,,15,High,1
Male,Less than 25,African-American,0,1,0,2.0,-1.0,F,Burglary Structure Unoccup,1,1,Resist/Obstruct W/O Violence,2,High,1
Male,Less than 25,Caucasian,0,0,0,2.0,-1.0,F,Grand Theft in the 3rd Degree,1,0,Resist/Obstruct W/O Violence,2,Low,1
Female,25 - 45,Caucasian,0,0,0,2.0,-1.0,F,Tampering With Physical Evidence,1,0,Grand Theft in the 3rd Degree,2,High,1
Male,25 - 45,African-American,0,0,0,11.0,-1.0,F,Aggravated Battery / Pregnant,0,0,,11,Low,0
Female,25 - 45,Hispanic,0,0,0,0.0,-1.0,M,Battery,0,0,,0,Low,0
Male,Less than 25,Caucasian,0,1,0,1.0,-1.0,F,Grand Theft in the 3rd Degree,1,0,Resist/Obstruct W/O Violence,1,Medium,1
Male,25 - 45,African-American,0,0,0,14.0,-1.0,F,Resist/Obstruct W/O Violence,1,0,,14,Medium,1
Male,Less than 25,African-American,0,1,0,3.0,-1.0,F,Grand Theft in the 3rd Degree,1,0,Resist/Obstruct W/O Violence,3,Low,1
Male,25 - 45,African-American,0,7,2,12.0,-1.0,F,Possession of Cocaine,1,0,Driving License Suspended,12,High,1
Male,25 - 45,Caucasian,0,0,0,0.0,-2.0,M,Robbery / Weapon,0,0,,0,Low,0
Male,25 - 45,Caucasian,0,0,0,7.0,-1.0,F,Felony Battery,1,0,Grand Theft in the 3rd Degree,7,High,1
Female,Greater than 45,Caucasian,0,0,0,1.0,-8.0,F,Battery on Law Enforc Officer,0,0,,1,Low,0
Male,25 - 45,Caucasian,0,0,0,0.0,-1.0,F,Aggrav Battery w/Deadly Weapon,0,0,,0,Low,0
Male,Less than 25,African-American,0,0,0,1.0,-1.0,F,Burglary Structure Unoccup,1,0,Resist/Obstruct W/O Violence,1,Low,1
Male,Greater than 45,African-American,0,0,0,1.0,-1.0,M,Battery,0,0,,1,Low,0
Female,25 - 45,Caucasian,0,0,0,0.0,-1.0,M,Battery,0,0,,0,Low,0
Male,25 - 45,African-American,0,0,0,1.0,-1.0,F,arrest case no charge,0,0,,1,Low,0
Male,25 - 45,African-American,0,0,0,6.0,-1.0,F,Driving While License Revoked,1,0,Resist/Obstruct W/O Violence,6,High,1
Male,Greater than 45,African-American,0,0,0,0.0,-3.0,F,Possession of Morphine,1,0,Petit Theft,0,Medium,1
Male,25 - 45,Caucasian,0,0,0,0.0,-1.0,F,Resist Officer w/Violence,0,0,,0,Low,0
Male,Greater than 45,African-American,0,0,0,4.0,-1.0,M,Battery,0,0,,4,Low,0
Male,25 - 45,Hispanic,0,0,0,0.0,0.0,F,Felony Battery (Dom Strang),0,0,,0,Low,0
Male,25 - 45,African-American,0,0,1,9.0,-1.0,M,arrest case no charge,1,1,Resist/Obstruct W/O Violence,9,Medium,1
Male,25 - 45,African-American,0,0,0,0.0,-1.0,M,Battery,0,0,,0,Low,0
Female,25 - 45,African-American,0,2,0,22.0,-1.0,F,Possession of Cocaine,1,1,Resist/Obstruct W/O Violence,22,High,1
Female,Less than 25,African-American,0,0,0,2.0,-1.0,M,Assault,1,0,,2,Medium,1
Male,25 - 45,African-American,0,0,0,0.0,0.0,F,Carrying Concealed Firearm,1,0,Resist/Obstruct W/O Violence,0,Low,1
Male,25 - 45,Caucasian,0,0,0,0.0,-1.0,F,Grand Theft (Motor Vehicle),0,0,,0,Low,0
Male,25 - 45,Caucasian,0,0,0,0.0,-1.0,F,Possession Burglary Tools,1,0,Grand Theft in the 3rd Degree,0,Low,1
Female,Less than 25,Caucasian,0,0,0,0.0,-3.0,F,Possession of Hydrocodone,0,0,,0,Medium,0
Male,25 - 45,Caucasian,0,0,0,9.0,-1.0,F,Felony Petit Theft,1,0,Resist/Obstruct W/O Violence,9,High,1
Male,Less than 25,African-American,0,0,1,1.0,-10.0,F,arrest case no charge,1,0,Grand Theft in the 3rd Degree,1,High,1
Male,Less than 25,African-American,0,0,0,0.0,-1.0,F,Pos Cannabis W/Intent Sel/Del,0,0,,0,Low,0
Male,25 - 45,Caucasian,0,0,0,1.0,0.0,M,Battery,0,0,,1,Low,0
Male,Less than 25,African-American,0,0,0,0.0,-1.0,F,Grand Theft in the 3rd Degree,0,0,Grand Theft in the 3rd Degree,0,Low,0
Male,Greater than 45,African-American,0,0,0,5.0,-1.0,F,Driving While License Revoked,0,0,,5,Low,0
Female,Less than 25,African-American,0,0,0,0.0,-1.0,F,Felony Batt(Great Bodily Harm),0,0,,0,Low,0
Male,25 - 45,Hispanic,0,0,0,0.0,-1.0,F,Poss Contr Subst W/o Prescript,0,0,,0,Medium,0
Female,Greater than 45,Caucasian,0,0,0,1.0,-1.0,M,Battery,0,0,,1,Low,0
Male,25 - 45,Hispanic,0,0,0,3.0,-1.0,F,DUI/Property Damage/Persnl Inj,0,0,,3,Low,0
Male,25 - 45,Hispanic,0,0,0,3.0,-21.0,F,arrest case no charge,0,0,,3,Low,0
Male,Greater than 45,Caucasian,0,0,0,0.0,-1.0,M,Battery,0,0,,0,Low,0
Male,25 - 45,African-American,0,0,0,18.0,-1.0,F,arrest case no charge,1,0,Grand Theft in the 3rd Degree,18,Low,1
Male,Less than 25,Caucasian,0,0,0,0.0,0.0,F,Aggravated Assault W/Dead Weap,1,0,,0,Medium,1
Male,25 - 45,African-American,0,0,0,1.0,-1.0,M,Battery,0,0,,1,Low,0
Male,Greater than 45,African-American,0,0,0,8.0,-1.0,F,Possession of Cocaine,0,0,Resist/Obstruct W/O Violence,8,Low,0
Male,Less than 25,African-American,0,0,0,0.0,0.0,F,Pos Cannabis W/Intent Sel/Del,0,0,,0,High,1
Female,25 - 45,African-American,0,0,0,0.0,-1.0,F,Possession of Cocaine,1,0,Petit Theft,0,High,0
Male,Less than 25,African-American,1,1,0,2.0,-1.0,F,Crlty Twrd Child Urge Oth Act,1,0,Grand Theft of the 2nd Degree,2,Medium,1
Male,25 - 45,Caucasian,0,0,0,0.0,0.0,M,Disorderly Intoxication,1,0,Resist/Obstruct W/O Violence,0,Low,1
Male,Less than 25,African-American,0,0,0,0.0,-5.0,F,Grand Theft in the 3rd Degree,1,1,Criminal Mischief Damage <$200,0,High,1
Male,25 - 45,Caucasian,0,0,0,3.0,-4.0,F,Grand Theft in the 3rd Degree,0,0,,3,Medium,0
Male,25 - 45,African-American,0,0,0,5.0,-1.0,M,Viol Injunct Domestic Violence,1,0,Resist/Obstruct W/O Violence,5,Low,1
Male,25 - 45,African-American,0,0,1,2.0,0.0,M,Agg Fleeing and Eluding,1,0,,2,Medium,0
Male,25 - 45,Caucasian,0,0,2,14.0,0.0,F,Grand Theft (Motor Vehicle),1,0,Grand Theft in the 3rd Degree,14,High,1
Male,25 - 45,African-American,0,0,1,2.0,-1.0,M,Drivg While Lic Suspd/Revk/Can,1,0,Grand Theft in the 3rd Degree,2,Medium,0
Male,Less than 25,African-American,0,0,0,1.0,-1.0,M,Battery,0,0,,1,Low,0
Female,Less than 25,Hispanic,0,0,0,0.0,0.0,F,Grand Theft in the 3rd Degree,0,0,,0,Medium,0
Female,Less than 25,African-American,0,0,0,0.0,-1.0,M,Battery,0,0,,0,Medium,0
Male,Less than 25,African-American,0,0,1,1.0,0.0,F,Pos Cannabis W/Intent Sel/Del,1,0,Grand Theft in the 3rd Degree,1,Medium,1
Female,Greater than 45,Caucasian,0,0,0,0.0,0.0,F,Felony Battery (Dom Strang),0,0,,0,Low,0
Male,25 - 45,Caucasian,0,0,0,3.0,-1.0,F,arrest case no charge,0,0,,3,Medium,0
Male,25 - 45,Caucasian,0,0,0,1.0,-1.0,F,Possession of Hydrocodone,0,0,,1,Medium,0
Male,Greater than 45,Hispanic,0,0,0,3.0,-2.0,F,Driving While License Revoked,0,0,,3,Low,0
Male,25 - 45,Asian,0,0,0,1.0,-1.0,F,arrest case no charge,0,0,,1,Low,0
Female,25 - 45,African-American,0,0,0,2.0,-1.0,F,Aggravated Assault W/Dead Weap,1,0,,2,Low,1
Male,Less than 25,African-American,0,0,0,3.0,-1.0,F,Burglary Unoccupied Dwelling,0,0,,3,Medium,0
Male,Greater than 45,African-American,0,0,0,1.0,-1.0,F,Resist/Obstruct W/O Violence,0,0,,1,Low,1
Female,25 - 45,African-American,0,3,2,10.0,0.0,F,Possession of Cocaine,1,0,Possess Cannabis/20 Grams Or Less,10,High,1
Male,Greater than 45,Caucasian,0,0,0,1.0,-1.0,F,Grand Theft in the 3rd Degree,0,0,,1,Low,0
Female,Less than 25,African-American,0,0,0,0.0,-1.0,F,Burglary Unoccupied Dwelling,1,1,Agg Battery Grt/Bod/Harm,0,High,1
Male,25 - 45,African-American,0,0,0,8.0,-1.0,F,arrest case no charge,0,0,,8,Low,0
Male,Greater than 45,Other,0,0,0,1.0,-1.0,M,Battery,1,0,Grand Theft in the 3rd Degree,1,Low,1
Male,25 - 45,African-American,0,0,0,13.0,-1.0,F,arrest case no charge,1,0,Resist/Obstruct W/O Violence,13,High,1
Female,25 - 45,African-American,0,0,0,0.0,-1.0,M,Battery,0,0,,0,Low,0
Male,Greater than 45,African-American,1,0,0,12.0,-1.0,M,Soliciting For Prostitution,1,0,Resist/Obstruct W/O Violence,12,High,1
Male,Less than 25,Caucasian,0,0,0,6.0,0.0,F,Possession Of Alprazolam,1,1,Felony Battery (Dom Strang),6,High,0
Female,25 - 45,African-American,0,0,0,1.0,-1.0,M,Battery,1,1,Battery,1,High,1
Male,25 - 45,African-American,0,0,0,0.0,-1.0,F,False Imprisonment,0,0,,0,Low,0
Male,Less than 25,African-American,0,0,0,0.0,-1.0,F,Grand Theft (Motor Vehicle),0,0,,0,Medium,0
Male,25 - 45,Other,0,0,0,2.0,-1.0,M,Poss Pyrrolidinovalerophenone,0,0,,2,Medium,0
Male,Less than 25,Caucasian,0,1,1,3.0,0.0,M,Battery,1,0,Grand Theft in the 3rd Degree,3,Low,1
Male,25 - 45,Caucasian,0,0,0,0.0,-1.0,M,Disorderly Intoxication,1,0,Resist/Obstruct W/O Violence,0,Low,1
Male,Greater than 45,African-American,0,0,0,0.0,-1.0,F,Grand Theft in the 3rd Degree,0,0,,0,Low,0
Male,25 - 45,African-American,0,0,0,2.0,0.0,F,arrest case no charge,0,0,,2,Low,0
Male,25 - 45,Caucasian,0,0,0,5.0,0.0,F,Neglect Child / No Bodily Harm,0,0,,5,Low,0
Male,25 - 45,African-American,0,0,0,11.0,-1.0,F,Driving While License Revoked,1,0,Grand Theft in the 3rd Degree,11,Medium,1
Male,Greater than 45,Hispanic,0,0,0,0.0,-2.0,F,Poss Cocaine/Intent To Del/Sel,0,0,,0,Low,0
Male,25 - 45,Caucasian,0,0,0,0.0,-1.0,M,Battery,0,0,,0,Low,0
Male,25 - 45,Caucasian,0,0,0,0.0,-1.0,F,Possession of Cocaine,0,0,,0,Low,0
Male,Less than 25,African-American,0,0,4,8.0,-1.0,F,Grand Theft (Motor Vehicle),1,0,Grand Theft in the 3rd Degree,7,High,1
Male,25 - 45,African-American,1,1,0,23.445146113060456,-1.0,F,Possession of Cocaine,1,1,Agg Fleeing/Eluding High Speed,23,High,1
Female,Greater than 45,Caucasian,0,0,0,0.0,-6.0,M,Prostitution/Lewd Act Assignation,1,0,Resist/Obstruct W/O Violence,0,Low,1
Male,25 - 45,African-American,0,0,0,7.0,-1.0,F,arrest case no charge,0,0,,7,Low,0
Male,Less than 25,Caucasian,0,0,0,0.0,0.0,F,Pos Cannabis W/Intent Sel/Del,0,0,,0,Medium,0
Female,Greater than 45,Caucasian,0,0,0,0.0,0.0,M,Viol Pretrial Release Dom Viol,0,0,,0,Low,0
Male,Greater than 45,Caucasian,0,0,0,0.0,-1.0,F,Possession of Cannabis,0,0,,0,Low,0
Male,25 - 45,Caucasian,0,0,0,2.0,-1.0,F,Possession Of Fentanyl,1,0,Grand Theft in the 3rd Degree,2,Medium,1
Male,25 - 45,African-American,0,0,0,1.0,0.0,M,Battery,0,0,,1,Low,0
Female,25 - 45,African-American,0,0,0,0.0,-1.0,F,Robbery / No Weapon,0,0,,0,Low,0
Male,Greater than 45,Other,0,0,0,2.0,-1.0,F,Possession of Cocaine,0,0,,2,Low,0
Male,25 - 45,Other,0,0,0,2.0,-1.0,F,Criminal Mischief Damage <$200,1,1,Viol Pretrial Release Dom Viol,2,Low,1
Male,Less than 25,Caucasian,0,1,0,4.0,-1.0,M,Assault,1,1,Battery,4,High,1
Female,25 - 45,Hispanic,0,0,0,0.0,-1.0,M,Battery,0,0,,0,Low,0
Male,25 - 45,Other,0,0,0,0.0,-1.0,M,Battery,0,0,,0,Low,0
Female,25 - 45,Caucasian,0,0,0,1.0,-1.0,F,arrest case no charge,1,1,Battery,1,Medium,1
Male,25 - 45,Caucasian,0,0,0,1.0,-1.0,F,arrest case no charge,1,1,Felony Battery w/Prior Convict,1,Low,0
Male,25 - 45,African-American,0,0,0,0.0,-1.0,M,Possession of Cannabis,0,0,,0,Low,0
Female,Greater than 45,Caucasian,0,0,0,0.0,-1.0,M,Battery,0,0,,0,Low,0
Male,25 - 45,Caucasian,0,0,0,0.0,-1.0,M,Possession of Cannabis,0,0,,0,Low,0
Male,25 - 45,African-American,0,0,0,2.0,-1.0,F,Possession of Cocaine,0,0,,2,Medium,0
Female,25 - 45,African-American,0,0,0,4.0,-13.0,F,arrest case no charge,0,0,,4,Low,0
Male,Greater than 45,Other,0,0,0,0.0,-1.0,F,Possession of Cocaine,1,0,Resist/Obstruct W/O Violence,0,Low,1
Male,25 - 45,African-American,0,0,0,8.0,-1.0,F,Deliver Cocaine,1,1,Resist/Obstruct W/O Violence,8,High,1
Male,25 - 45,African-American,0,0,0,6.0,-1.0,F,Carrying Concealed Firearm,1,0,Grand Theft in the 3rd Degree,6,High,1
Male,25 - 45,Caucasian,0,0,0,3.0,-1.0,M,Viol Injunct Domestic Violence,1,0,Petit Theft,3,Low,0
Male,25 - 45,Other,0,0,0,0.0,-1.0,M,Battery,0,0,,0,Low,0
Male,25 - 45,Caucasian,0,0,0,7.0,-1.0,F,Burglary Conveyance Armed,1,0,Resist/Obstruct W/O Violence,7,High,1
Female,25 - 45,African-American,0,0,0,13.144273032251808,-1.0,F,Possession of Cocaine,1,1,Felony Battery w/Prior Convict,14,High,1
Male,25 - 45,Caucasian,0,0,0,2.0,-1.0,F,Grand Theft in the 3rd Degree,1,0,Grand Theft in the 3rd Degree,2,High,1
Male,25 - 45,African-American,0,0,0,0.0,-1.0,F,"Deliver 3,4 Methylenediox",0,0,,0,Low,0
Male,25 - 45,African-American,0,0,0,0.0,0.0,M,Battery,1,1,Felony Battery (Dom Strang),0,Low,1
Male,Less than 25,African-American,1,1,1,2.0,-1.0,F,arrest case no charge,1,0,Grand Theft in the 3rd Degree,2,High,1
Male,Greater than 45,Other,0,0,0,0.0,-1.0,M,Battery,0,0,,0,Low,0
Male,25 - 45,Hispanic,0,0,0,3.0,-6.0,M,Driving Under The Influence,0,0,,3,Low,0
Male,25 - 45,Caucasian,0,0,0,0.0,0.0,F,Assault,1,0,Petit Theft,0,Low,1
Male,25 - 45,Other,0,0,0,1.0,-13.0,M,Grand Theft in the 3rd Degree,0,0,,1,Low,0
Male,Greater than 45,Other,0,0,0,3.0,-1.0,M,Viol Pretrial Release Dom Viol,0,0,,3,Low,0
Male,Greater than 45,Other,0,0,0,8.0,-1.0,F,Possession Burglary Tools,1,0,Petit Theft,8,Low,1
Male,25 - 45,Caucasian,0,0,0,3.0,0.0,M,Battery,0,0,,3,Medium,0
Male,Less than 25,African-American,0,0,0,2.0,-1.0,M,Viol Injunct Domestic Violence,1,0,Grand Theft in the 3rd Degree,2,High,1
Male,25 - 45,Caucasian,0,0,0,0.0,-1.0,M,Battery,0,0,,0,Low,0
Male,25 - 45,African-American,0,0,0,6.0,-1.0,M,Resist/Obstruct W/O Violence,1,1,Battery,6,Medium,1
Male,25 - 45,African-American,0,1,0,9.0,-1.0,F,Possession of Cocaine,1,0,,9,High,1
Male,Less than 25,Caucasian,0,0,0,6.0,-1.0,F,Agg Fleeing and Eluding,1,0,Grand Theft in the 3rd Degree,6,Medium,1
Female,Less than 25,African-American,0,0,0,1.0,0.0,M,Battery,1,1,Resist/Obstruct W/O Violence,1,Medium,1
Male,25 - 45,Caucasian,0,0,0,0.0,-1.0,F,Driving While License Revoked,0,0,,0,Low,0
Male,25 - 45,African-American,0,0,0,1.0,-1.0,F,Neglect Child / No Bodily Harm,1,0,,1,Low,0
Female,Greater than 45,African-American,0,0,0,3.0,-1.0,F,Aggravated Assault W/dead Weap,0,0,,3,Low,0
Male,Less than 25,Caucasian,0,0,0,2.0,-1.0,F,Grand Theft in the 3rd Degree,1,1,Felony Battery w/Prior Convict,2,Medium,1
Female,25 - 45,African-American,0,0,0,8.0,0.0,F,arrest case no charge,1,0,Grand Theft in the 3rd Degree,8,High,1
Male,Greater than 45,Caucasian,0,0,0,6.0,0.0,F,Aggravated Battery / Pregnant,0,0,,6,Low,0
Male,25 - 45,African-American,0,0,0,12.0,-1.0,F,Poss Contr Subst W/o Prescript,1,0,,12,High,1
Male,Greater than 45,Other,0,0,0,0.0,-1.0,M,Battery,1,1,Battery,0,Low,1
Male,Less than 25,Hispanic,0,0,1,0.0,-1.0,M,Battery,0,0,,0,Low,0
Male,25 - 45,Caucasian,0,0,2,4.0,-10.0,M,Felony Petit Theft,0,0,,4,High,0
Male,25 - 45,Caucasian,0,0,0,8.0,-1.0,F,arrest case no charge,1,0,Petit Theft,8,Medium,0
Male,Greater than 45,Hispanic,0,0,0,0.0,-1.0,F,False Imprisonment,0,0,,0,Low,0
Male,25 - 45,African-American,0,0,0,0.0,-1.0,M,Battery,1,0,Petit Theft,0,Low,1
Male,25 - 45,Caucasian,0,0,0,1.0,-1.0,F,Aggrav Battery w/Deadly Weapon,1,1,Viol Pretrial Release Dom Viol,1,Low,1
Male,Less than 25,Caucasian,0,0,1,0.0,-1.0,M,Petit Theft,1,0,Resist/Obstruct W/O Violence,0,Low,1
Female,25 - 45,African-American,0,0,0,0.0,0.0,F,Grand Theft on 65 Yr or Older,0,0,,0,Low,0
Male,25 - 45,African-American,0,0,0,11.0,-1.0,F,arrest case no charge,1,0,Resist/Obstruct W/O Violence,11,High,1
Female,25 - 45,African-American,0,0,0,9.0,-1.0,F,Felony Petit Theft,1,1,Battery,9,High,1
Male,25 - 45,African-American,0,0,0,21.000000000000004,-6.0,M,Viol Pretrial Release Dom Viol,1,0,Grand Theft in the 3rd Degree,21,Medium,1
Male,Less than 25,African-American,0,0,1,1.0,27.87968287852987,M,Battery,1,1,Felony Battery w/Prior Convict,1,Medium,1
Male,25 - 45,Hispanic,0,0,0,2.0,-1.0,M,Susp Drivers Lic 1st Offense,1,0,,2,Low,1
Male,25 - 45,African-American,0,0,0,0.0,-1.0,M,Poss Meth/Diox/Meth/Amp (MDMA),0,0,,0,Low,0
Male,25 - 45,Caucasian,0,0,0,11.0,-1.0,F,arrest case no charge,1,0,,11,Medium,0
Male,25 - 45,African-American,0,0,0,5.0,-28.0,F,arrest case no charge,1,1,Aggravated Battery / Pregnant,5,High,1
Male,25 - 45,African-American,0,0,0,0.0,-1.0,F,Possession of Cocaine,1,1,Agg Battery Grt/Bod/Harm,0,High,1
Male,25 - 45,African-American,0,0,0,5.0,0.0,F,Felony Petit Theft,0,0,,5,Low,0
Male,25 - 45,African-American,0,0,0,3.0,-1.0,F,arrest case no charge,1,0,Grand Theft in the 3rd Degree,3,High,1
Male,25 - 45,Caucasian,0,0,1,2.0,0.0,M,Driving Under The Influence,1,0,Grand Theft in the 3rd Degree,2,Low,1
Male,25 - 45,African-American,0,0,0,2.0,0.0,F,arrest case no charge,0,0,,2,High,0
Male,Less than 25,African-American,0,0,0,0.0,0.0,F,Sound Articles Over 100,1,0,Resist/Obstruct W/O Violence,0,Medium,1
Male,Less than 25,Caucasian,0,0,0,3.0,-1.0,F,Pos Cannabis W/Intent Sel/Del,1,0,Petit Theft,3,High,1
Male,Less than 25,Caucasian,0,0,0,1.0,-1.0,M,Assault,1,0,Petit Theft,1,Medium,1
Male,Less than 25,African-American,0,0,0,1.0,0.0,F,Grand Theft (Motor Vehicle),1,0,Resist/Obstruct W/O Violence,1,Medium,0
Male,25 - 45,Caucasian,0,0,0,0.0,-1.0,F,Tamper With Witness/Victim/CI,1,1,Agg Battery Grt/Bod/Harm,0,Low,1
Male,Greater than 45,African-American,0,0,0,1.0,-1.0,F,arrest case no charge,0,0,,1,Low,0
Male,25 - 45,African-American,0,0,0,0.0,-1.0,M,Driving While License Revoked,1,0,Grand Theft in the 3rd Degree,0,Low,1
Male,25 - 45,Caucasian,0,0,0,4.0,0.0,F,Resist Officer w/Violence,0,0,,4,Medium,0
Male,Greater than 45,Hispanic,0,0,0,0.0,-3.0,M,Poss Cocaine/Intent To Del/Sel,0,0,,0,Low,0
Male,Greater than 45,Caucasian,0,0,0,0.0,0.0,M,Poss Wep Conv Felon,1,0,Resist/Obstruct W/O Violence,0,Low,1
Female,25 - 45,African-American,0,0,0,0.0,0.0,F,Possession Of Amphetamine,0,0,,0,Low,0
Male,25 - 45,African-American,0,0,0,4.0,-8.0,F,arrest case no charge,0,0,,4,Low,0
Male,25 - 45,Hispanic,0,0,0,1.0,-1.0,F,Grand Theft Firearm,0,0,,1,Low,1
Male,25 - 45,African-American,0,0,0,1.0,0.0,M,Poss Of Controlled Substance,0,0,,1,Medium,0
Female,Greater than 45,Caucasian,0,1,0,7.0,-1.0,F,arrest case no charge,1,0,Operating W/O Valid License,7,Low,1
Male,Less than 25,African-American,0,0,0,1.0,-1.0,M,Battery,1,1,Battery,1,Low,1
Male,Greater than 45,African-American,0,0,0,7.0,-1.0,F,Sell or Offer for Sale Counterfeit Goods,1,0,Grand Theft in the 3rd Degree,7,Low,1
Male,Less than 25,African-American,0,0,2,0.0,-1.0,F,Possession of Cocaine,1,0,,0,High,1
Male,25 - 45,Caucasian,0,0,0,22.0,-1.0,F,Possession of Cocaine,1,0,Petit Theft,22,Medium,1
Male,Greater than 45,Caucasian,0,0,0,1.0,-1.0,F,arrest case no charge,1,0,Grand Theft in the 3rd Degree,1,Low,1
Female,25 - 45,African-American,0,0,0,2.0,-1.0,F,Felony Petit Theft,1,1,Viol Pretrial Release Dom Viol,2,Medium,1
Male,25 - 45,Caucasian,0,0,0,2.0,-22.0,F,Possession of Cocaine,0,0,,2,Low,0
Male,25 - 45,African-American,0,0,0,1.0,-1.0,M,Battery,1,0,Grand Theft in the 3rd Degree,1,Low,1
Male,Greater than 45,African-American,0,0,0,3.0,0.0,M,Viol Pretrial Release Dom Viol,0,0,,3,Low,0
Male,25 - 45,African-American,0,0,0,0.0,0.0,F,Possession of Cocaine,0,0,,0,Low,0
Male,Less than 25,Caucasian,0,0,1,1.0,-1.0,F,Burglary Conveyance Unoccup,1,0,Grand Theft in the 3rd Degree,1,Medium,1
Male,25 - 45,Caucasian,0,0,0,10.0,-1.0,F,arrest case no charge,1,0,Grand Theft in the 3rd Degree,10,Medium,1
Male,25 - 45,Caucasian,0,0,0,4.0,0.0,M,Driving Under The Influence,0,0,,4,Low,0
Male,Greater than 45,Hispanic,0,0,0,5.0,-1.0,F,Aggrav Battery w/Deadly Weapon,1,1,Viol Pretrial Release Dom Viol,4,Low,1
Male,25 - 45,Hispanic,0,0,0,5.0,0.0,F,arrest case no charge,1,0,Resist/Obstruct W/O Violence,5,High,1
Male,Greater than 45,African-American,0,0,0,12.0,-1.0,M,Pos Cannabis W/Intent Sel/Del,0,0,,12,Medium,0
Male,Less than 25,Other,0,0,0,0.0,-1.0,M,Battery,0,0,,0,Low,0
Male,25 - 45,African-American,0,0,0,2.0,0.0,M,Susp Drivers Lic 1st Offense,1,0,Petit Theft,2,Low,1
Male,Less than 25,African-American,0,0,0,0.0,-1.0,F,Grand Theft in the 3rd Degree,1,0,Grand Theft in the 3rd Degree,0,Medium,1
Male,Less than 25,African-American,0,1,0,2.0,-1.0,F,"Poss3,4 Methylenedioxymethcath",0,0,Grand Theft in the 3rd Degree,2,Low,0
Male,Less than 25,Hispanic,0,0,0,1.0,-11.769721600530335,F,Possession of Cannabis,0,0,,1,Medium,0
Male,25 - 45,African-American,0,0,0,3.0,-1.0,M,Battery,0,0,,3,Low,0
Male,25 - 45,Caucasian,0,0,0,17.377731698334657,-1.0,F,Possession of Oxycodone,1,0,,17,High,1
Male,Greater than 45,Caucasian,0,0,0,4.0,0.0,F,Pos Cannabis W/Intent Sel/Del,0,0,,4,Medium,0
Male,Less than 25,Caucasian,0,0,0,0.0,-1.0,F,Grand Theft Dwell Property,1,0,Grand Theft in the 3rd Degree,0,High,1
Male,Less than 25,African-American,0,0,0,0.0,-1.0,F,Grand Theft in the 3rd Degree,1,0,Grand Theft in the 3rd Degree,0,High,1
Male,25 - 45,Hispanic,0,0,0,4.0,-1.0,M,Burglary Structure Unoccup,0,0,,4,Low,0
Male,25 - 45,Caucasian,0,0,0,0.0,0.0,M,Possession Of Methamphetamine,1,0,Resist/Obstruct W/O Violence,0,Low,1
Male,25 - 45,Caucasian,0,0,0,6.0,-1.0,F,Driving While License Revoked,1,1,Resist/Obstruct W/O Violence,6,Medium,1
Male,25 - 45,African-American,0,3,0,10.0,-1.0,M,arrest case no charge,0,0,,10,High,0
Male,25 - 45,Caucasian,0,0,0,0.0,-1.0,M,Viol Injunct Domestic Violence,0,0,,0,Low,0
Female,Less than 25,Caucasian,0,0,0,1.0,-3.0,F,Petit Theft $100- $300,0,0,,1,Low,0
Male,25 - 45,Hispanic,0,0,0,0.0,0.0,F,Aggrav Battery w/Deadly Weapon,0,0,,0,Low,0
Female,Less than 25,African-American,0,3,1,4.0,-1.0,F,arrest case no charge,1,0,Driving License Suspended,4,High,1
Male,Less than 25,Caucasian,0,3,0,3.0,0.0,F,Poss Tetrahydrocannabinols,0,0,,3,High,0
Female,25 - 45,Caucasian,0,0,0,1.0,-20.844528960548786,M,Battery,0,0,,1,High,0
Male,Greater than 45,Caucasian,0,0,0,0.0,-1.0,M,Attempted Burg/struct/unocc,0,0,,0,Low,0
Female,Greater than 45,Caucasian,0,0,0,0.0,-1.0,M,Disorderly Intoxication,0,0,,0,Low,0
Male,25 - 45,African-American,0,0,0,3.0,0.0,F,Pos Cannabis W/Intent Sel/Del,1,0,Petit Theft,3,High,1
Male,25 - 45,Hispanic,0,0,0,0.0,-2.0,F,Possession of Cocaine,0,0,,0,Low,0
Male,25 - 45,Caucasian,0,0,0,1.0,0.0,F,arrest case no charge,0,0,,1,Low,0
Male,25 - 45,Hispanic,0,0,0,0.0,-1.0,F,Felony Battery (Dom Strang),0,0,,0,Low,0
Male,25 - 45,Hispanic,0,0,0,0.0,0.0,F,"Poss3,4 Methylenedioxymethcath",0,0,Petit Theft,0,Low,0
Female,25 - 45,Caucasian,0,0,0,1.0,-7.0,M,Petit Theft,0,0,,1,Low,1
Male,Less than 25,African-American,0,0,0,2.0,-1.0,F,Robbery / Weapon,0,0,,2,High,0
Male,Less than 25,African-American,0,0,0,0.0,-1.0,M,Possess Cannabis 1000FTSch,1,0,Petit Theft,0,Low,1
Male,25 - 45,Hispanic,0,0,0,1.0,-1.0,M,Driving License Suspended,0,0,,1,Medium,0
Male,Greater than 45,Caucasian,0,0,0,1.0,-1.0,F,arrest case no charge,0,0,,1,Low,0
Male,Greater than 45,Caucasian,0,0,0,0.0,-1.0,F,Grand Theft in the 3rd Degree,0,0,,0,Low,0
Female,25 - 45,African-American,0,0,0,0.0,-1.0,F,Poss Contr Subst W/o Prescript,0,0,,0,Low,0
Male,25 - 45,Caucasian,0,0,0,1.0,-1.0,M,Battery,1,1,Battery,1,Low,1
Male,25 - 45,Caucasian,0,0,0,6.0,-1.0,F,Grand Theft in the 3rd Degree,1,0,Grand Theft in the 3rd Degree,6,Medium,1
Male,Less than 25,African-American,0,0,0,0.0,-1.0,F,Aggravated Assault W/dead Weap,0,0,,0,Low,0
Male,25 - 45,African-American,0,0,0,15.0,-1.0,F,Pos Cannabis W/Intent Sel/Del,0,1,Resist/Obstruct W/O Violence,15,High,1
Female,Less than 25,Hispanic,0,0,0,1.0,-2.0,M,Battery,0,0,,1,Low,0
Male,25 - 45,Caucasian,0,0,0,11.0,-1.0,F,Driving While License Revoked,0,0,,11,Low,0
Female,Less than 25,African-American,0,0,0,0.0,-1.0,M,Grand Theft in the 3rd Degree,0,0,,0,Low,0
Male,Greater than 45,Hispanic,0,0,0,0.0,0.0,M,Battery,0,0,,0,Low,0
Male,25 - 45,African-American,0,0,0,3.0,-21.0,F,Crimin Mischief Damage $1000+,0,0,,3,Low,1
Female,25 - 45,African-American,0,0,0,0.0,0.0,F,Aggrav Battery w/Deadly Weapon,0,0,,0,Low,0
Male,25 - 45,African-American,0,0,0,0.0,-1.0,M,Battery,1,0,Petit Theft,0,High,1
Male,25 - 45,African-American,0,0,0,1.0,-1.0,M,Battery,0,0,,1,Low,0
Male,25 - 45,African-American,0,0,0,24.840306495711303,29.028586493103184,F,arrest case no charge,1,0,Petit Theft,24,High,1
Female,25 - 45,African-American,0,0,0,0.0,0.0,F,Grand Theft (Motor Vehicle),1,0,Grand Theft in the 3rd Degree,0,Medium,1
Male,25 - 45,Caucasian,0,0,0,0.0,-1.0,F,Possession of Cocaine,0,0,,0,Low,0
Male,Less than 25,Caucasian,0,0,0,0.0,-1.0,F,Grand Theft in the 3rd Degree,1,0,Resist/Obstruct W/O Violence,0,Low,1
Female,Greater than 45,African-American,0,0,0,0.0,0.0,F,Driving While License Revoked,1,0,Petit Theft,0,Medium,1
Male,25 - 45,Other,0,0,0,4.0,-1.0,M,arrest case no charge,1,0,Grand Theft in the 3rd Degree,4,Low,1
Male,Greater than 45,African-American,0,0,0,0.0,-1.0,F,"Poss 3,4 MDMA (Ecstasy)",0,0,,0,Low,0
Female,25 - 45,African-American,0,0,0,1.0,-1.0,F,Robbery / No Weapon,0,0,,1,Low,0
Male,25 - 45,Other,0,0,0,6.0,-1.0,F,Agg Fleeing and Eluding,1,0,Petit Theft,6,Low,1
Male,25 - 45,African-American,0,0,0,3.0,-1.0,F,Possession of Cocaine,1,0,Petit Theft,3,Medium,1
Male,25 - 45,African-American,0,0,0,0.0,-1.0,F,Grand Theft in the 3rd Degree,0,0,,0,Low,0
Male,25 - 45,Hispanic,0,0,0,14.0,-1.0,F,Grand Theft in the 3rd Degree,1,0,Grand Theft in the 3rd Degree,14,High,1
Male,Less than 25,Caucasian,0,0,0,0.0,-2.0,M,Battery,1,0,Petit Theft,0,High,1
Female,Less than 25,Hispanic,0,0,0,0.0,0.0,F,Battery,0,0,,0,Low,0
Male,Less than 25,African-American,0,0,0,1.0,0.0,F,Pos Cannabis W/Intent Sel/Del,1,0,Grand Theft in the 3rd Degree,1,High,1
Male,Less than 25,African-American,0,0,0,3.0,-1.0,M,arrest case no charge,0,0,,3,Medium,0
Male,Greater than 45,Caucasian,0,0,0,9.0,-1.0,F,Grand Theft in the 3rd Degree,1,0,Grand Theft in the 3rd Degree,9,Low,1
Male,25 - 45,Caucasian,0,0,0,4.0,-1.0,F,arrest case no charge,0,0,,4,Low,0
Male,Less than 25,Hispanic,1,0,0,6.0,-1.0,F,"Deliver 3,4 Methylenediox",1,0,Petit Theft,6,Medium,1
Male,25 - 45,Caucasian,0,0,0,2.0,0.0,M,DUI Property Damage/Injury,0,0,,2,Low,0
Male,25 - 45,Caucasian,0,0,1,3.0,-1.0,M,Driving Under The Influence,1,0,Grand Theft in the 3rd Degree,3,Low,1
Female,Greater than 45,Caucasian,0,0,0,0.0,-1.0,M,DUI Property Damage/Injury,0,0,,0,Low,0
Female,25 - 45,African-American,0,0,0,1.0,0.0,F,arrest case no charge,0,0,,1,Low,0
Male,Greater than 45,Hispanic,0,0,0,0.0,-1.0,F,Grand Theft in the 3rd Degree,0,0,,0,Low,0
Female,Less than 25,Caucasian,0,0,0,1.0,-1.0,F,Grand Theft in the 3rd Degree,1,0,,1,Medium,0
Male,25 - 45,African-American,0,0,1,12.0,-2.0,M,Criminal Mischief Damage <$200,1,0,Grand Theft in the 3rd Degree,12,Medium,1
Male,Less than 25,Caucasian,0,0,0,0.0,0.0,M,Battery,0,0,,0,Low,0
Male,25 - 45,African-American,0,0,0,16.0,0.0,F,Driving While License Revoked,1,0,Resist/Obstruct W/O Violence,16,Medium,1
Male,25 - 45,African-American,0,0,0,5.0,-1.0,F,Aggravated Battery / Pregnant,0,0,,5,Medium,0
Female,25 - 45,Caucasian,0,0,0,1.0,-6.0,M,Driving Under The Influence,0,0,,1,Medium,0
Male,25 - 45,African-American,0,0,0,10.0,18.11331667574497,F,arrest case no charge,1,0,Petit Theft,10,Medium,1
Male,25 - 45,Caucasian,0,0,0,0.0,-1.0,F,Poss Contr Subst W/o Prescript,1,0,Petit Theft,0,Low,1
Female,25 - 45,Caucasian,0,0,0,4.0,-1.0,M,Battery,0,0,,4,Medium,0
Male,Greater than 45,Caucasian,0,0,0,0.0,-1.0,M,Battery,0,0,,0,Low,0
Female,Greater than 45,Other,0,0,0,0.0,-1.0,F,Aggravated Assault W/dead Weap,0,0,,0,Low,0
Male,25 - 45,Other,0,0,0,0.0,-1.0,F,Tresspass in Structure or Conveyance,0,0,Petit Theft,0,Low,0
Male,25 - 45,African-American,0,0,0,15.0,-5.320552082309973,F,arrest case no charge,1,0,,15,Medium,0
Female,Greater than 45,Hispanic,0,0,0,0.0,0.0,M,Criminal Mischief Damage <$200,0,0,,0,Low,0
Male,Greater than 45,Caucasian,0,0,0,0.0,-1.0,M,Viol Injunct Domestic Violence,0,0,,0,Low,0
Male,25 - 45,African-American,0,0,0,3.0,-1.0,M,Battery,1,0,Grand Theft in the 3rd Degree,3,Low,0
Male,Less than 25,Caucasian,0,0,0,1.0,-1.0,F,Felony Battery,0,0,,1,Medium,0
Male,25 - 45,Caucasian,0,0,0,0.0,-1.0,F,Aggravated Assault W/Dead Weap,0,0,,0,Low,0
Male,Greater than 45,African-American,0,0,0,3.0,-1.0,M,Resist/Obstruct W/O Violence,1,0,Resist/Obstruct W/O Violence,3,Low,1
Male,Greater than 45,African-American,0,0,0,1.0,-21.0,M,arrest case no charge,0,0,,1,Low,0
Male,Less than 25,African-American,0,0,0,0.0,0.0,F,Carrying Concealed Firearm,1,0,,0,Low,0
Male,25 - 45,African-American,1,0,0,1.0,0.0,F,Grand Theft in the 3rd Degree,1,0,Grand Theft in the 3rd Degree,1,Medium,1
Male,Less than 25,African-American,0,0,0,2.0,-1.0,M,Battery,1,0,Grand Theft in the 3rd Degree,2,Low,1
Male,25 - 45,Caucasian,0,0,0,1.0,-4.0,F,arrest case no charge,0,0,,1,Low,0
Male,25 - 45,Caucasian,0,0,0,0.0,-1.0,F,Lve/Scen/Acc/Veh/Prop/Damage,0,0,,0,Low,0
Male,25 - 45,African-American,0,0,0,6.0,-1.0,F,arrest case no charge,1,0,Resist/Obstruct W/O Violence,6,High,1
Male,25 - 45,African-American,0,0,0,4.0,-1.0,M,Susp Drivers Lic 1st Offense,1,0,Petit Theft,4,Low,0
Male,Less than 25,African-American,0,0,0,3.0,-1.0,M,Grand Theft in the 3rd Degree,1,0,Resist/Obstruct W/O Violence,3,High,1
Male,Less than 25,Caucasian,0,0,0,2.0,-1.0,F,arrest case no charge,0,0,Grand Theft in the 3rd Degree,2,Medium,0
Female,25 - 45,Caucasian,0,0,0,0.0,-1.0,M,Battery,1,0,Petit Theft,0,Low,1
Male,25 - 45,African-American,0,0,1,2.0,-1.0,F,Possession of Cocaine,1,0,Possess Cannabis/20 Grams Or Less,2,Medium,1
Male,25 - 45,Caucasian,0,0,0,13.0,0.0,F,Crimin Mischief Damage $1000+,1,0,,13,High,1
Male,25 - 45,African-American,0,0,0,4.0,-1.0,F,Grand Theft (Motor Vehicle),1,0,Resist/Obstruct W/O Violence,4,High,1
Male,Less than 25,African-American,0,0,0,0.0,-1.0,F,"Deliver 3,4 Methylenediox",0,0,,0,Medium,0
Female,25 - 45,African-American,0,0,0,1.0,-9.680897910534405,F,Petit Theft $100- $300,0,0,,1,Low,0
Male,25 - 45,African-American,0,0,0,9.0,0.0,F,Felony Battery,0,0,,9,Medium,0
Female,25 - 45,Caucasian,0,0,0,3.0,0.0,F,Driving While License Revoked,0,0,,3,Low,0
Male,Less than 25,African-American,0,0,0,0.0,-1.0,M,Battery,1,1,Felony Battery (Dom Strang),0,High,1
Male,Greater than 45,African-American,0,0,0,0.0,0.0,M,Battery,1,1,Battery,0,Low,1
Female,25 - 45,African-American,0,0,0,0.0,-1.0,M,Grand Theft on 65 Yr or Older,0,0,,0,High,0
Male,25 - 45,African-American,0,0,0,6.0,-1.0,F,Burglary Conveyance Armed,1,1,Aggravated Battery / Pregnant,6,Medium,1
Female,25 - 45,African-American,0,0,0,2.0,-1.0,F,Grand Theft in the 3rd Degree,0,0,,2,Medium,0
Male,25 - 45,African-American,0,0,0,1.0,-1.0,F,Carry Open/Uncov Bev In Pub,1,0,,1,Low,1
Male,25 - 45,African-American,0,0,3,0.0,-1.0,F,Pos Cannabis W/Intent Sel/Del,1,1,Aggravated Battery / Pregnant,0,Low,1
Male,25 - 45,Hispanic,0,0,0,0.0,0.0,F,Carrying Concealed Firearm,0,0,,0,Low,0
Male,Greater than 45,African-American,0,0,0,0.0,-1.0,F,Grand Theft in the 3rd Degree,0,0,,0,Low,0
Male,Greater than 45,Caucasian,0,0,0,1.0,-1.0,F,Pos Cannabis W/Intent Sel/Del,1,0,Petit Theft,1,Medium,1
Male,25 - 45,Caucasian,0,0,0,3.0,-4.0,F,arrest case no charge,0,0,,3,Low,0
Male,25 - 45,Other,0,0,0,0.0,-1.0,F,Pos Cannabis W/Intent Sel/Del,0,0,,0,Low,0
Female,25 - 45,Caucasian,0,0,0,4.0,-10.0,M,Battery,1,0,Grand Theft in the 3rd Degree,4,Medium,1
Female,25 - 45,Other,0,0,0,0.0,-1.0,F,Grand Theft in the 3rd Degree,0,0,,0,Low,0
Female,25 - 45,Other,0,0,0,5.0,-2.0,F,arrest case no charge,1,0,Grand Theft in the 3rd Degree,5,High,1
Female,Less than 25,Caucasian,0,0,0,0.0,-1.0,M,Battery,1,0,Resist/Obstruct W/O Violence,0,Medium,1
Male,25 - 45,Caucasian,0,0,0,2.0,0.0,F,False Motor Veh Insurance Card,1,0,Grand Theft in the 3rd Degree,2,Low,1
Male,Greater than 45,African-American,0,0,0,11.0,-1.0,F,Possession of Cocaine,1,0,Resist/Obstruct W/O Violence,11,Medium,1
Female,Greater than 45,Other,0,0,0,0.0,-1.0,F,Grand Theft (Motor Vehicle),0,0,,0,Low,0
Male,25 - 45,African-American,0,0,0,0.0,0.0,M,Driving Under The Influence,0,0,,0,Low,0
Male,25 - 45,African-American,0,0,0,16.0,-1.0,F,Grand Theft (Motor Vehicle),1,0,,15,High,1
Female,Greater than 45,Caucasian,0,0,0,1.0,-1.0,F,Possession Of Methamphetamine,1,0,Resist/Obstruct W/O Violence,1,Low,1
Male,Less than 25,African-American,0,0,0,0.0,-1.0,M,Battery,0,0,,0,Low,0
Male,25 - 45,Caucasian,0,0,0,0.0,0.0,F,Possession of Cocaine,0,0,Grand Theft in the 3rd Degree,0,Low,0
Male,Less than 25,Caucasian,0,0,0,1.0,-1.0,F,Possession of Cannabis,0,0,Resist/Obstruct W/O Violence,1,Medium,1
Male,Less than 25,Caucasian,0,0,0,4.0,-1.0,M,Battery,1,0,Resist/Obstruct W/O Violence,4,Medium,1
Male,Less than 25,African-American,0,0,0,3.0,-1.0,F,Pos Cannabis W/Intent Sel/Del,1,0,Grand Theft in the 3rd Degree,3,High,0
Female,25 - 45,African-American,0,0,0,0.0,-1.0,F,arrest case no charge,0,0,,0,Low,0
Male,25 - 45,African-American,0,0,0,1.0,-1.0,M,arrest case no charge,0,0,,1,High,0
Male,Greater than 45,Caucasian,0,0,0,1.0,-5.0,F,Aggravated Assault W/Dead Weap,1,0,Petit Theft,1,Low,1
Male,Greater than 45,African-American,0,0,0,15.0,-1.0,F,Poss Pyrrolidinovalerophenone,1,0,Grand Theft in the 3rd Degree,15,High,1
Male,25 - 45,Caucasian,0,0,0,0.0,-1.0,F,Aggravated Battery / Pregnant,0,0,,0,Low,0
Male,25 - 45,Caucasian,0,0,0,2.0,-1.0,M,Poss Meth/Diox/Meth/Amp (MDMA),0,0,,2,Low,0
Male,25 - 45,African-American,0,0,0,17.0,0.0,F,Viol Injunction Protect Dom Vi,1,0,Resist/Obstruct W/O Violence,17,High,1
Male,Greater than 45,African-American,0,0,0,3.0,-18.093583889948555,F,Possession of Cocaine,0,0,,3,Low,0
Male,25 - 45,African-American,0,0,0,1.0,-1.0,M,Battery,0,0,,1,Low,0
Male,Greater than 45,African-American,0,0,0,1.0,-1.0,F,Driving While License Revoked,0,0,,1,Low,0
Male,25 - 45,Caucasian,0,0,0,1.0,-23.0,F,arrest case no charge,0,0,,1,Low,0
Male,Less than 25,Caucasian,0,0,0,1.0,-7.954035568908704,F,Aggravated Assault w/Firearm,1,0,,1,Low,0
Male,25 - 45,Caucasian,0,0,0,4.0,0.0,F,Burglary Dwelling Occupied,1,1,Viol Pretrial Release Dom Viol,4,Medium,1
Male,25 - 45,Other,0,0,0,0.0,-1.0,M,arrest case no charge,1,0,Resist/Obstruct W/O Violence,0,Medium,1
Male,25 - 45,African-American,0,0,0,3.0,-1.0,F,False Motor Veh Insurance Card,1,0,,3,Low,1
Male,25 - 45,African-American,0,1,0,21.000000000000004,-14.0,F,arrest case no charge,1,0,Grand Theft in the 3rd Degree,21,High,1
Male,25 - 45,Caucasian,0,0,0,0.0,-1.0,M,Viol Injunct Domestic Violence,0,0,,0,Low,0
Male,25 - 45,African-American,0,0,0,12.0,-1.0,F,Possession of Cocaine,1,0,,12,High,0
Male,Greater than 45,African-American,0,0,0,10.0,-1.0,F,arrest case no charge,0,0,Grand Theft in the 3rd Degree,10,Medium,1
Female,25 - 45,Caucasian,0,0,0,0.0,-1.0,F,Burglary Dwelling Assault/Batt,1,0,Resist/Obstruct W/O Violence,0,Low,1
Female,25 - 45,African-American,0,0,0,6.0,-1.0,F,arrest case no charge,1,0,Petit Theft,6,Low,1
Male,Greater than 45,Caucasian,0,0,0,1.0,-2.0,F,Possession Of Methamphetamine,1,1,Aggravated Battery / Pregnant,1,Low,1
Female,25 - 45,Caucasian,0,0,0,12.0,-1.0,F,Possession of Cocaine,1,0,Resist/Obstruct W/O Violence,12,High,1
Male,25 - 45,African-American,0,0,0,1.0,0.0,F,Felony Battery,0,0,,1,High,0
Male,Greater than 45,African-American,0,0,0,8.0,-1.0,F,Agg Fleeing and Eluding,0,0,,8,Low,0
Male,Less than 25,Caucasian,0,0,0,0.0,-3.0,F,Poss Cocaine/Intent To Del/Sel,1,0,Resist/Obstruct W/O Violence,0,Medium,1
Male,Less than 25,Other,0,0,0,1.0,-1.0,F,Tampering With Physical Evidence,0,0,Grand Theft in the 3rd Degree,1,Low,0
Male,25 - 45,Caucasian,0,0,0,0.0,-1.0,F,Unauthorized Interf w/Railroad,0,0,,0,Low,0
Male,Less than 25,African-American,0,0,0,0.0,0.0,F,Resist Officer w/Violence,1,0,Petit Theft,0,Low,1
Male,25 - 45,African-American,0,0,0,6.0,-1.0,F,Possession Burglary Tools,1,0,Petit Theft,6,High,1
Male,25 - 45,Caucasian,0,0,0,3.0,0.0,M,Expired DL More Than 6 Months,0,0,,3,Low,1
Male,25 - 45,African-American,0,0,0,11.0,-1.0,M,Operating W/O Valid License,0,0,,11,High,0
Male,25 - 45,African-American,0,0,1,2.0,-1.0,M,Battery,1,0,Petit Theft,2,Low,0
Male,25 - 45,African-American,0,1,1,7.0,-1.0,M,arrest case no charge,1,0,Operating W/O Valid License,7,Medium,1
Male,25 - 45,Hispanic,0,0,0,1.0,0.0,F,Grand Theft in the 3rd Degree,0,0,,1,Low,0
Male,Less than 25,African-American,0,0,0,0.0,0.0,F,Grand Theft in the 3rd Degree,0,0,,0,High,0
Male,25 - 45,Caucasian,0,0,0,11.0,0.0,F,Poss Pyrrolidinovalerophenone,1,0,Resist/Obstruct W/O Violence,11,High,1
Male,Greater than 45,Caucasian,0,0,0,0.0,-1.0,M,Battery,0,0,,0,Low,0
Male,25 - 45,Caucasian,0,0,0,0.0,-1.0,F,Grand Theft (Motor Vehicle),1,0,Grand Theft in the 3rd Degree,0,Low,1
Male,25 - 45,Other,0,0,0,8.0,-1.0,M,arrest case no charge,0,0,,8,Low,0
Male,25 - 45,African-American,0,0,0,0.0,0.0,F,Burglary Dwelling Assault/Batt,0,0,,0,Low,0
Male,Less than 25,Other,0,0,0,0.0,-1.0,M,Lve/Scen/Acc/Veh/Prop/Damage,0,0,Petit Theft,0,Low,1
Male,Greater than 45,Hispanic,0,0,0,0.0,0.0,M,Battery,0,0,,0,Low,0
Male,Greater than 45,Caucasian,0,0,0,35.97933537306186,-7.026005150454679,F,Corrupt Public Servant,1,0,Grand Theft in the 3rd Degree,35,Medium,1
Male,Greater than 45,Caucasian,0,0,0,2.0,-30.0,M,Aggravated Assault w/Firearm,0,0,,2,Low,0
Male,Greater than 45,African-American,0,0,0,0.0,0.0,M,DUI Property Damage/Injury,0,0,,0,Low,0
Female,25 - 45,African-American,0,0,0,2.0,-1.0,F,Grand Theft in the 3rd Degree,0,0,,2,Low,0
Male,25 - 45,African-American,0,0,0,14.0,26.67670589595484,F,arrest case no charge,1,0,,13,Medium,1
Male,25 - 45,African-American,0,1,1,12.787569774771013,-1.0,F,Tampering With Physical Evidence,1,0,Grand Theft of the 2nd Degree,13,Medium,1
Female,25 - 45,Caucasian,0,0,0,1.0,-1.0,M,Battery,0,0,,1,Low,0
Male,25 - 45,Caucasian,0,0,0,4.0,-2.0,F,Possession of Cocaine,0,0,,4,High,0
Female,25 - 45,Caucasian,0,0,0,10.0,-1.0,F,Tamper With Victim,1,0,Grand Theft in the 3rd Degree,10,Medium,1
Female,Less than 25,African-American,0,0,0,2.0,-1.0,F,Grand Theft in the 3rd Degree,0,0,,2,Low,0
Male,Less than 25,Caucasian,0,0,0,0.0,-1.0,F,Grand Theft in the 3rd Degree,0,0,,0,High,0
Female,Less than 25,African-American,0,0,0,2.0,-1.0,F,Dealing in Stolen Property,0,0,,2,Low,0
Male,Greater than 45,Caucasian,0,0,0,2.0,-1.0,F,Possession of Cocaine,0,0,,2,Low,0
Male,Less than 25,Caucasian,0,2,0,3.0,-1.0,F,Grand Theft in the 3rd Degree,1,0,Grand Theft of the 2nd Degree,3,High,1
Male,Less than 25,African-American,2,0,0,2.0,-1.0,F,Grand Theft in the 3rd Degree,1,0,,2,High,1
Male,25 - 45,African-American,0,0,0,0.0,-1.0,M,Battery,0,0,,0,Medium,0
Male,Less than 25,African-American,0,1,2,1.0,-1.0,F,Pos Cannabis W/Intent Sel/Del,0,0,,1,Medium,0
Female,25 - 45,Caucasian,0,0,0,0.0,0.0,M,Battery,0,0,,0,Low,0
Female,Greater than 45,Caucasian,0,0,0,3.0,0.0,F,Possession of Cocaine,1,0,Grand Theft in the 3rd Degree,3,Low,1
Male,Greater than 45,Caucasian,0,0,0,13.0,-1.0,F,Aggrav Child Abuse-Agg Battery,0,0,,13,Low,0
Male,Less than 25,African-American,0,0,0,0.0,-1.0,M,Battery,1,0,Resist/Obstruct W/O Violence,0,Medium,1
Male,25 - 45,African-American,0,0,0,1.0,0.0,F,Possession Of Methamphetamine,0,0,,1,Low,0
Male,25 - 45,Caucasian,0,0,0,1.0,-8.473788972253242,M,Battery,0,0,,1,Low,0
Female,25 - 45,Hispanic,0,0,2,10.0,-1.0,F,Lve/Scen/Acc/Veh/Prop/Damage,1,1,Resist/Obstruct W/O Violence,10,Low,1
Male,25 - 45,African-American,0,0,0,1.0,-1.0,M,Battery,0,0,,1,Low,0
Male,25 - 45,African-American,0,0,0,3.0,-1.0,F,arrest case no charge,1,0,Petit Theft,3,Medium,1
Male,25 - 45,Hispanic,0,0,0,0.0,0.0,M,DUI Property Damage/Injury,1,1,Aggravated Battery / Pregnant,0,Low,1
Male,Less than 25,African-American,0,0,0,0.0,-1.0,F,Grand Theft in the 3rd Degree,0,0,,0,Low,0
Male,Less than 25,African-American,0,0,0,2.0,-1.0,F,Crim Use of Personal ID Info,1,1,Viol Pretrial Release Dom Viol,2,Low,0
Male,Greater than 45,Caucasian,0,0,0,3.0,-1.0,F,arrest case no charge,0,0,,3,Low,0
Female,Greater than 45,Caucasian,0,0,0,0.0,0.0,M,Felony Battery (Dom Strang),0,0,,0,Low,0
Male,Greater than 45,Caucasian,0,0,0,1.0,-1.0,M,Battery,0,0,,1,Medium,0
Male,25 - 45,Caucasian,0,0,0,2.0,-1.0,F,arrest case no charge,1,0,Grand Theft in the 3rd Degree,2,High,1
Male,Less than 25,African-American,0,0,0,1.0,-1.0,F,Grand Theft (Motor Vehicle),1,0,Resist/Obstruct W/O Violence,1,High,1
Male,25 - 45,African-American,0,0,0,4.0,-1.0,M,Battery,1,0,Resist/Obstruct W/O Violence,4,Low,1
Male,25 - 45,Hispanic,0,0,0,6.0,-1.0,M,Battery,1,1,Felony Battery w/Prior Convict,6,Medium,1
Male,25 - 45,African-American,0,0,1,11.0,0.0,F,Grand Theft (Motor Vehicle),1,0,Petit Theft,11,Medium,1
Male,25 - 45,Hispanic,1,0,0,2.0,16.10366610620892,M,arrest case no charge,1,0,Grand Theft in the 3rd Degree,2,Medium,1
Male,Greater than 45,Caucasian,0,0,0,5.0,-1.0,M,Poss Alprazolam W/int Sell/Del,0,0,,5,Low,0
Male,25 - 45,Caucasian,0,0,0,5.0,-1.0,F,Burglary Structure Unoccup,0,0,,5,Medium,0
Female,Greater than 45,Caucasian,0,0,0,0.0,0.0,M,DUI Property Damage/Injury,0,0,,0,Low,0
Female,25 - 45,African-American,0,0,0,0.0,-1.0,F,Grand Theft in the 3rd Degree,0,0,,0,Low,0
Male,25 - 45,Caucasian,0,0,0,2.0,-1.0,M,Battery,0,0,,2,High,0
Female,25 - 45,African-American,0,0,0,15.0,-1.0,M,Resist/Obstruct W/O Violence,1,1,Viol Pretrial Release Dom Viol,15,High,1
Male,Greater than 45,African-American,0,0,0,20.0,-3.0,F,arrest case no charge,0,0,,20,Medium,0
Male,25 - 45,African-American,0,0,0,1.0,0.0,M,Felony Battery,0,0,,1,Low,0
Female,25 - 45,African-American,0,0,0,0.0,-1.0,F,Aggrav Battery w/Deadly Weapon,0,0,,0,Medium,0
Female,Less than 25,African-American,0,0,0,0.0,-1.0,M,Battery,0,0,,0,Medium,0
Male,Greater than 45,Caucasian,0,0,0,0.0,-1.0,M,Driving Under The Influence,0,0,,0,Low,0
Male,Greater than 45,African-American,0,0,0,7.0,-1.0,F,Burglary Conveyance Armed,0,0,,7,Low,0
Male,25 - 45,Hispanic,1,0,1,7.0,-1.0,F,Felony Battery (Dom Strang),1,0,Susp Drivers Lic 1st Offense,7,Medium,1
Male,25 - 45,African-American,0,0,0,1.0,-1.0,F,arrest case no charge,1,1,Battery,1,Medium,1
Male,25 - 45,Asian,0,0,0,4.0,-1.0,F,Burglary Unoccupied Dwelling,1,0,,4,Low,1
Male,Less than 25,Other,0,1,8,2.0,-1.0,F,Possession of Cocaine,1,0,Possess Cannabis/20 Grams Or Less,2,High,1
Female,25 - 45,Hispanic,0,0,0,0.0,-3.0,M,Grand Theft in the 3rd Degree,0,0,,0,Low,0
Male,25 - 45,Other,0,0,0,0.0,-1.0,F,Felony Battery (Dom Strang),0,0,,0,Low,0
Male,Greater than 45,Caucasian,0,0,0,1.0,-1.0,F,Felony Battery (Dom Strang),1,0,Grand Theft in the 3rd Degree,1,Low,1
Male,25 - 45,Other,0,0,0,1.0,-1.0,F,arrest case no charge,0,0,,1,Low,0
Male,25 - 45,Caucasian,0,0,0,3.0,-1.0,F,Possession of Cocaine,0,0,,3,Low,0
Male,25 - 45,African-American,0,0,0,0.0,-1.0,F,Driving While License Revoked,1,0,Resist/Obstruct W/O Violence,0,Low,1
Male,25 - 45,Hispanic,0,0,0,0.0,-1.0,F,"Poss3,4 Methylenedioxymethcath",0,0,,0,Low,0
Male,25 - 45,African-American,0,0,1,2.0,-1.0,F,Possession Burglary Tools,0,0,,2,High,1
Female,Greater than 45,African-American,0,0,0,0.0,0.0,M,Battery,0,0,,0,Low,0
Male,25 - 45,Caucasian,0,0,0,2.0,0.0,M,Driving Under The Influence,0,0,,2,Low,0
Male,25 - 45,African-American,0,0,0,14.0,-1.0,F,Drivg While Lic Suspd/Revk/Can,1,0,Grand Theft in the 3rd Degree,14,Medium,1
Male,25 - 45,African-American,0,0,0,3.0,-1.0,M,Driving Under The Influence,1,0,Petit Theft,3,Low,1
Male,25 - 45,Other,0,1,0,6.0,-1.0,F,Trespass Property w/Dang Weap,1,1,Battery,5,High,1
Female,Less than 25,Caucasian,0,0,2,0.0,0.0,F,Possession of Cocaine,0,0,,0,Medium,0
Male,Greater than 45,African-American,0,0,0,0.0,-1.0,F,Poss Contr Subst W/o Prescript,1,0,Petit Theft,0,Low,1
Male,Less than 25,Caucasian,0,0,0,0.0,0.0,F,Possession of Cocaine,0,0,,0,High,0
Male,Less than 25,African-American,0,0,0,0.0,0.0,F,Uttering a Forged Instrument,1,0,Petit Theft,0,Medium,1
Male,Greater than 45,Caucasian,0,0,0,2.0,-1.0,F,Resist Officer w/Violence,0,0,,2,Medium,0
Female,25 - 45,Hispanic,0,0,0,5.0,0.0,F,Expired DL More Than 6 Months,0,0,,5,Low,0
Male,25 - 45,African-American,0,0,0,1.0,-1.0,M,Battery,0,0,,1,High,0
Male,Less than 25,African-American,0,0,3,1.0,-24.235971675987315,F,Grand Theft in the 3rd Degree,1,0,Grand Theft in the 3rd Degree,1,Low,1
Female,Greater than 45,Caucasian,0,0,0,0.0,-1.0,F,Battery on Law Enforc Officer,0,0,,0,Medium,0
Male,25 - 45,Caucasian,0,0,0,4.0,-1.0,F,Uttering a Forged Instrument,0,0,,4,Medium,0
Female,Less than 25,African-American,0,0,0,0.0,0.0,F,arrest case no charge,0,0,,0,Medium,0
Male,25 - 45,African-American,0,0,0,6.0,-1.0,F,arrest case no charge,0,0,,6,Medium,0
Male,Greater than 45,Caucasian,0,0,0,5.0,-1.0,F,Grand Theft in the 3rd Degree,1,0,Grand Theft in the 3rd Degree,5,Low,1
Male,25 - 45,Caucasian,0,0,0,0.0,-4.0,F,Possess Cannabis/20 Grams Or Less,1,1,Viol Pretrial Release Dom Viol,0,Low,1
Female,25 - 45,African-American,0,0,0,0.0,0.0,F,Grand Theft in the 3rd Degree,0,0,,0,High,0
Male,25 - 45,Caucasian,0,0,0,0.0,0.0,M,Battery,0,0,,0,Low,0
Female,Less than 25,Caucasian,0,1,0,0.0,-1.0,M,Driving Under The Influence,1,0,Resist/Obstruct W/O Violence,0,Medium,1
Female,25 - 45,African-American,0,0,0,0.0,-1.0,F,Failure To Return Hired Vehicle,0,0,,0,Low,0
Male,Less than 25,Hispanic,0,0,0,0.0,-1.0,F,Possession of Cocaine,0,0,Grand Theft in the 3rd Degree,0,Low,0
Male,25 - 45,Caucasian,0,0,0,1.0,-1.0,M,Susp Drivers Lic 1st Offense,0,0,,1,Low,0
Male,25 - 45,Caucasian,0,0,0,3.0,0.0,M,Battery,0,0,,3,Low,0
Male,25 - 45,Hispanic,0,0,0,1.0,-1.0,F,Grand Theft in the 3rd Degree,1,0,,1,Low,1
Male,Less than 25,Hispanic,0,0,0,6.0,-1.0,M,Viol Injunct Domestic Violence,1,0,Resist/Obstruct W/O Violence,6,Medium,1
Male,25 - 45,African-American,0,0,0,0.0,-1.0,M,Battery,0,0,,0,Low,0
Male,25 - 45,African-American,0,0,0,4.0,0.0,F,Possession of Cocaine,1,1,Resist/Obstruct W/O Violence,4,Medium,1
Male,Greater than 45,Caucasian,0,0,0,17.94807185322047,-26.0,M,Driving Under The Influence,1,0,Grand Theft in the 3rd Degree,18,Low,1
Male,Greater than 45,Caucasian,0,0,0,0.0,-1.0,M,Battery,0,0,,0,Low,0
Male,Greater than 45,Caucasian,0,0,0,1.0,-4.0,F,Grand Theft (Motor Vehicle),0,0,,1,Low,0
Female,25 - 45,African-American,0,0,0,3.0,-1.0,F,Carrying Concealed Firearm,1,1,Felony Battery (Dom Strang),3,High,1
Female,25 - 45,African-American,0,1,0,10.0,-1.0,F,arrest case no charge,1,0,Grand Theft in the 3rd Degree,10,High,1
Male,Less than 25,African-American,1,0,0,1.0,-2.0,F,arrest case no charge,0,0,,1,Medium,0
Female,25 - 45,Caucasian,0,0,0,0.0,0.0,F,Possession of Cocaine,0,0,,0,Low,0
Male,25 - 45,African-American,0,0,0,2.0,-1.0,F,arrest case no charge,0,0,Resist/Obstruct W/O Violence,2,Low,1
Male,25 - 45,Hispanic,0,0,0,7.0,0.0,F,arrest case no charge,0,0,,7,Low,0
Female,Greater than 45,African-American,0,0,0,1.0,-1.0,F,Poss Alprazolam W/int Sell/Del,0,0,,1,Low,0
Male,25 - 45,African-American,0,0,0,9.0,-1.0,F,"Poss3,4 Methylenedioxymethcath",1,0,Grand Theft in the 3rd Degree,9,High,1
Male,Greater than 45,Caucasian,0,0,0,0.0,-1.0,F,Robbery / No Weapon,0,0,,0,Low,0
Male,Greater than 45,African-American,0,0,0,9.0,0.0,F,arrest case no charge,1,0,Resist/Obstruct W/O Violence,9,Medium,1
Female,25 - 45,African-American,0,0,0,1.0,0.0,M,arrest case no charge,0,0,,1,High,0
Male,25 - 45,Asian,0,0,0,0.0,0.0,M,DUI Property Damage/Injury,0,0,,0,Low,0
Male,25 - 45,African-American,0,0,0,2.0,-1.0,M,arrest case no charge,0,0,,2,Low,0
Male,Greater than 45,African-American,0,0,0,1.0,-1.0,F,False Ownership Info/Pawn Item,0,0,,1,Low,0
Male,25 - 45,Caucasian,0,0,0,1.0,0.0,M,Battery,0,0,,1,Medium,0
Male,Greater than 45,Caucasian,0,0,0,3.0,0.0,F,Possession of Cocaine,0,0,,3,Low,0
Male,Less than 25,African-American,0,0,0,3.0,-1.0,F,Burglary Conveyance Unoccup,1,0,Petit Theft,3,Low,1
Male,25 - 45,Caucasian,0,1,0,15.0,0.0,F,arrest case no charge,1,0,Grand Theft in the 3rd Degree,15,High,1
Female,Less than 25,African-American,0,0,0,3.0,-1.0,F,Grand Theft in the 3rd Degree,0,0,,3,High,0
Male,Greater than 45,Caucasian,3,0,0,21.960963277946288,0.0,F,Possession of Cocaine,1,0,,22,High,1
Male,Greater than 45,African-American,0,0,0,13.0,-28.0,M,Possession of Cocaine,0,0,,13,Medium,0
Male,Less than 25,African-American,0,0,0,1.0,-1.0,M,Battery,0,0,,1,Medium,0
Male,Less than 25,African-American,0,0,1,1.0,-1.0,F,Purchase Cannabis,0,0,,1,High,0
Male,25 - 45,Caucasian,0,0,0,0.0,-1.0,F,arrest case no charge,0,0,,0,Low,0
Male,25 - 45,African-American,0,0,0,3.0,-1.0,F,Grand Theft in the 3rd Degree,0,0,,3,High,0
Male,Less than 25,African-American,0,0,0,3.0,0.0,F,Felony Batt(Great Bodily Harm),1,0,Grand Theft in the 3rd Degree,3,Medium,1
Male,25 - 45,Other,0,0,0,1.0,0.0,M,Driving License Suspended,1,0,Petit Theft,1,Low,1
Male,25 - 45,African-American,0,0,0,1.0,-1.0,F,Possession of Cannabis,0,0,,1,Low,0
Male,Greater than 45,Caucasian,0,0,0,0.0,-1.0,M,Assault,0,0,,0,Low,0
Male,25 - 45,African-American,0,0,0,0.0,-1.0,F,Pos Cannabis W/Intent Sel/Del,1,0,Resist/Obstruct W/O Violence,0,Low,1
Male,25 - 45,Caucasian,0,0,0,0.0,-1.0,F,Poss Contr Subst W/o Prescript,0,0,,0,Low,0
Male,25 - 45,Caucasian,0,0,0,1.0,-1.0,M,Battery,0,0,,1,Medium,0
Male,Greater than 45,African-American,0,0,0,0.0,-1.0,M,DUI Property Damage/Injury,0,0,,0,Low,0
Female,25 - 45,African-American,0,0,0,4.0,-1.0,F,Possession of Cocaine,1,0,Resist/Obstruct W/O Violence,4,Medium,1
Male,25 - 45,Hispanic,0,0,0,0.0,-1.0,F,Burglary Conveyance Unoccup,0,0,,0,Medium,0
Male,Less than 25,African-American,0,0,0,1.0,-1.0,F,Grand Theft in the 3rd Degree,1,0,Grand Theft in the 3rd Degree,1,Medium,1
Male,25 - 45,Caucasian,0,0,0,1.0,-24.0,F,Possession of Oxycodone,1,0,Grand Theft in the 3rd Degree,1,Low,1
Male,25 - 45,Other,0,0,0,3.0,-1.0,M,Viol Injunct Domestic Violence,1,1,Viol Pretrial Release Dom Viol,3,Low,1
Male,Less than 25,Hispanic,0,0,0,0.0,0.0,M,Battery,0,0,,0,Low,0
Male,Less than 25,African-American,0,0,0,0.0,-1.0,F,arrest case no charge,0,0,,0,High,0
Male,Greater than 45,Caucasian,0,0,0,0.0,-1.0,F,Possession of Cannabis,0,0,,0,Low,0
Male,Greater than 45,Caucasian,0,0,0,0.0,-1.0,M,Battery,0,0,,0,Low,0
Female,25 - 45,African-American,0,0,0,0.0,-1.0,M,Battery,0,0,,0,Low,0
Male,25 - 45,African-American,1,0,0,11.0,-1.0,F,arrest case no charge,1,0,,11,High,1
Male,25 - 45,African-American,0,0,0,0.0,0.0,F,Possession of Cocaine,0,0,,0,Low,0
Male,25 - 45,African-American,1,0,0,21.000000000000004,-1.0,M,Battery,1,1,Aggravated Battery / Pregnant,21,High,1
Male,Greater than 45,Caucasian,0,0,0,1.0,-5.0,F,arrest case no charge,0,0,,1,Medium,0
Female,25 - 45,Hispanic,0,0,0,1.0,-6.0,M,DUI - Enhanced,0,0,,1,Low,0
Male,25 - 45,Caucasian,0,0,0,0.0,0.0,F,Possession of Cocaine,0,0,,0,Low,0
Male,Greater than 45,African-American,0,0,0,5.0,0.0,F,Agg Fleeing and Eluding,1,0,,5,Medium,1
Male,25 - 45,African-American,0,0,0,5.0,-1.0,M,arrest case no charge,0,0,,5,Low,0
Male,25 - 45,Hispanic,0,0,0,3.0,-1.0,F,Grand Theft in the 3rd Degree,0,0,,3,Low,0
Female,25 - 45,African-American,0,0,0,0.0,0.0,F,Aggravated Assault W/dead Weap,1,0,Resist/Obstruct W/O Violence,0,Medium,1
Male,25 - 45,African-American,1,0,2,15.0,-1.0,F,Burglary Unoccupied Dwelling,1,0,Grand Theft in the 3rd Degree,15,High,1
Female,Greater than 45,African-American,0,0,0,1.0,-1.0,F,arrest case no charge,0,0,,1,Low,0
Male,25 - 45,Caucasian,0,0,0,0.0,-1.0,M,Battery,0,0,,0,Medium,0
Female,Less than 25,African-American,0,0,0,0.0,-2.0,F,Grand Theft in the 3rd Degree,1,0,Grand Theft in the 3rd Degree,0,Medium,1
Male,25 - 45,Caucasian,0,0,0,1.0,-1.0,M,Battery on Law Enforc Officer,1,0,Petit Theft,1,Low,1
Male,Greater than 45,Other,0,0,0,2.0,-1.0,F,arrest case no charge,0,0,,2,Low,0
Male,25 - 45,Caucasian,0,0,0,1.0,-1.0,M,Possession Of Amphetamine,1,0,Grand Theft in the 3rd Degree,1,Low,1
Female,25 - 45,African-American,0,0,0,1.0,-1.0,M,Battery,1,0,Petit Theft,1,Medium,1
Female,Greater than 45,African-American,0,0,0,8.0,-1.0,F,Felony Battery w/Prior Convict,1,1,Viol Pretrial Release Dom Viol,8,Medium,1
Male,25 - 45,African-American,0,1,1,3.0,-1.0,F,Expired DL More Than 6 Months,1,1,Felony Battery w/Prior Convict,3,High,1
Male,25 - 45,Caucasian,0,0,0,13.0,-1.0,F,arrest case no charge,1,1,Felony Battery (Dom Strang),13,High,1
Male,25 - 45,Hispanic,0,0,0,0.0,-6.0,M,Reckless Driving,0,0,,0,Low,0
Female,Less than 25,African-American,0,0,0,0.0,-1.0,F,Deliver Cocaine,1,0,Petit Theft,0,High,1
Male,Greater than 45,Caucasian,0,0,0,1.0,-1.0,M,Battery,0,0,,1,Low,0
Male,25 - 45,Caucasian,0,0,0,2.0,-1.0,M,Battery,0,0,,2,Low,0
Male,25 - 45,African-American,0,0,0,0.0,-1.0,F,"Poss3,4 Methylenedioxymethcath",0,0,,0,Low,0
Female,25 - 45,Caucasian,0,0,0,0.0,-1.0,F,Poss Pyrrolidinovalerophenone,1,0,Resist/Obstruct W/O Violence,0,High,1
Male,25 - 45,Caucasian,0,0,0,0.0,-1.0,F,Burglary Unoccupied Dwelling,1,0,Resist/Obstruct W/O Violence,0,High,1
Male,Greater than 45,African-American,2,0,0,13.0,-1.0,F,Driving While License Revoked,0,0,,13,Low,0
Male,25 - 45,Caucasian,0,0,0,3.0,-1.0,F,Possession of Cannabis,1,0,Resist/Obstruct W/O Violence,3,Medium,1
Male,25 - 45,Caucasian,0,0,0,7.0,-1.0,F,Neglect Child / No Bodily Harm,1,1,Aggravated Battery / Pregnant,7,High,1
Female,25 - 45,Other,0,0,0,0.0,-1.0,F,Corrupt Public Servant,0,0,,0,Low,0
Female,25 - 45,African-American,0,0,0,6.0,-1.0,F,arrest case no charge,1,1,Battery,6,Low,1
Female,25 - 45,Caucasian,0,0,0,4.0,-2.0,F,Possession Of Alprazolam,1,0,Grand Theft in the 3rd Degree,4,High,1
Male,Greater than 45,Caucasian,0,0,0,1.0,-1.0,M,DUI Property Damage/Injury,0,0,,1,Low,0
Male,Greater than 45,Other,0,0,0,4.0,-1.0,F,Driving While License Revoked,0,0,,4,Low,0
Male,25 - 45,Caucasian,0,0,0,1.0,-4.0,F,Pos Cannabis W/Intent Sel/Del,0,0,,1,Low,0
Male,25 - 45,Hispanic,0,0,1,2.0,-1.0,M,Exposes Culpable Negligence,0,0,,2,Low,0
Male,Greater than 45,African-American,0,0,0,16.0,0.0,M,Leave Accd/Attend Veh/Less $50,1,0,,16,Medium,1
Male,Less than 25,African-American,0,0,1,0.0,-1.0,F,Grand Theft in the 3rd Degree,1,0,,0,High,1
Male,25 - 45,Caucasian,0,0,0,1.0,-1.0,F,Aggravated Assault w/Firearm,0,0,,1,Medium,0
Female,Less than 25,African-American,0,0,0,0.0,-1.0,F,Burglary Unoccupied Dwelling,1,0,Resist/Obstruct W/O Violence,0,Medium,1
Male,25 - 45,Hispanic,0,0,0,1.0,-27.0,F,Possession of Cocaine,0,0,,1,Low,0
Male,25 - 45,Caucasian,0,0,0,1.0,-1.0,F,Aggravated Assault W/dead Weap,0,0,,1,Low,0
Female,Greater than 45,Hispanic,0,0,0,0.0,0.0,M,Battery,0,0,,0,Low,0
Male,Less than 25,African-American,0,0,0,0.0,-1.0,F,Burglary Unoccupied Dwelling,1,0,Petit Theft,0,Medium,0
Male,Greater than 45,Asian,0,0,0,0.0,-1.0,M,Battery,0,0,,0,Low,0
Male,25 - 45,Caucasian,0,0,0,6.0,-3.0,F,Dealing in Stolen Property,1,1,Battery,6,Medium,1
Female,25 - 45,Caucasian,0,0,0,1.0,-2.0,M,Resist/Obstruct W/O Violence,1,0,Petit Theft,1,Low,1
Male,25 - 45,Other,0,0,0,4.0,-1.0,F,Assault,1,0,Grand Theft in the 3rd Degree,4,Low,0
Male,Greater than 45,Caucasian,0,0,0,5.0,-1.0,M,Battery,0,0,,5,Low,0
Male,Greater than 45,African-American,0,0,0,4.0,0.0,M,Criminal Mischief Damage <$200,0,0,,4,Low,0
Male,25 - 45,Caucasian,0,0,0,0.0,-6.0,F,Burglary Dwelling Occupied,0,0,,0,Low,0
Male,25 - 45,African-American,0,1,0,10.0,0.0,F,Driving While License Revoked,1,1,Aggravated Battery / Pregnant,10,High,1
Male,25 - 45,Hispanic,0,0,0,0.0,-1.0,F,Petit Theft $100- $300,0,0,,0,Low,0
Male,25 - 45,Caucasian,0,0,0,0.0,-1.0,M,Petit Theft,1,0,,0,Medium,1
Male,25 - 45,African-American,0,0,0,3.0,-1.0,F,Aggrav Battery w/Deadly Weapon,1,0,,3,Low,1
Male,Greater than 45,Other,0,0,0,0.0,0.0,F,Tamper With Witness/Victim/CI,0,0,,0,Low,1
Female,Less than 25,Other,0,0,0,0.0,-1.0,M,Battery,0,0,,0,Medium,0
Male,25 - 45,Caucasian,0,0,0,4.0,-1.0,M,Battery,1,1,Aggravated Battery / Pregnant,4,Medium,1
Female,Greater than 45,Caucasian,0,0,0,0.0,0.0,M,Possess Cannabis 1000FTSch,0,0,,0,Low,0
Male,Greater than 45,Other,0,0,0,2.0,-1.0,F,arrest case no charge,0,0,,2,Low,0
Female,25 - 45,African-American,0,0,0,3.0,-23.0,M,arrest case no charge,0,0,,3,High,0
Female,25 - 45,Caucasian,0,0,0,2.0,-1.0,F,arrest case no charge,1,0,Petit Theft,2,Medium,1
Male,25 - 45,Caucasian,0,0,0,6.0,-1.0,F,Carrying Concealed Firearm,0,0,,6,Low,0
Male,Greater than 45,African-American,0,0,0,3.0,-27.0,M,Battery,1,0,,3,Low,1
Male,Less than 25,Caucasian,0,0,0,0.0,-1.0,F,Burglary Dwelling Occupied,0,0,,0,Low,0
Male,25 - 45,African-American,0,0,0,1.0,-3.0,F,arrest case no charge,0,0,,1,Low,0
Male,25 - 45,African-American,0,0,0,0.0,-1.0,M,Battery,0,0,,0,Low,0
Male,Less than 25,Caucasian,0,0,4,2.0,-1.0,M,Crim Use of Personal ID Info,1,1,Felony Battery w/Prior Convict,2,High,1
Male,Greater than 45,Caucasian,0,0,0,0.0,0.0,F,arrest case no charge,0,0,,0,Low,0
Male,Less than 25,African-American,0,0,0,1.0,-1.0,F,Grand Theft in the 3rd Degree,0,0,,1,Medium,0
Male,Greater than 45,Caucasian,0,0,0,0.0,0.0,M,Possession Of Methamphetamine,0,0,,0,Low,0
Male,25 - 45,African-American,0,0,0,1.0,-27.0,M,Battery,0,0,,1,Low,0
Female,25 - 45,Caucasian,0,0,0,0.0,0.0,M,Battery,0,0,,0,Low,0
Male,25 - 45,African-American,0,0,0,1.0,-1.0,F,Possession of Cocaine,1,0,Grand Theft in the 3rd Degree,1,Low,1
Male,25 - 45,Hispanic,0,0,0,6.0,-1.0,F,Driving While License Revoked,1,0,Resist/Obstruct W/O Violence,6,Low,1
Male,25 - 45,African-American,2,0,0,4.0,-1.0,F,arrest case no charge,1,0,Grand Theft in the 3rd Degree,4,High,1
Male,Greater than 45,Caucasian,0,0,0,0.0,-1.0,F,Dealing in Stolen Property,0,0,Grand Theft in the 3rd Degree,0,Low,0
Male,25 - 45,Caucasian,0,0,0,5.0,-1.0,M,Petit Theft,1,1,Aggravated Battery / Pregnant,5,Low,1
Male,25 - 45,African-American,0,0,0,4.0,-4.0,F,Poss Pyrrolidinovalerophenone,1,0,,4,Medium,1
Female,25 - 45,African-American,0,0,1,4.0,-1.0,F,Violation of Injunction Order/Stalking/Cyberstalking,1,1,Viol Pretrial Release Dom Viol,3,Low,1
Male,25 - 45,African-American,0,0,0,0.0,-1.0,F,False Ownership Info/Pawn Item,0,0,,0,Low,0
Male,Less than 25,Other,0,0,0,0.0,-1.0,M,Burglary Dwelling Occupied,1,0,Petit Theft,0,Low,1
Male,Greater than 45,African-American,0,0,0,1.0,-1.0,F,Grand Theft in the 3rd Degree,1,0,Petit Theft,1,Low,1
Male,25 - 45,African-American,0,0,0,1.0,-1.0,F,Driving While License Revoked,0,0,,1,Low,0
Male,Less than 25,African-American,0,0,0,1.0,0.0,F,Grand Theft (Motor Vehicle),0,0,,1,High,0
Male,Less than 25,Hispanic,0,0,1,1.0,-1.0,F,arrest case no charge,1,0,Grand Theft in the 3rd Degree,1,Medium,1
Female,Less than 25,African-American,1,2,0,9.0,-1.0,F,Grand Theft in the 3rd Degree,1,0,Driving License Suspended,9,High,1
Male,Greater than 45,Caucasian,0,0,0,0.0,0.0,M,Driving License Suspended,0,0,,0,Low,0
Female,25 - 45,African-American,0,1,0,7.0,0.0,F,Aggravated Assault W/dead Weap,1,0,Resist/Obstruct W/O Violence,7,Medium,1
Male,25 - 45,African-American,0,0,0,0.0,0.0,M,Battery,0,0,,0,Low,0
Male,25 - 45,Caucasian,0,0,0,2.0,-17.006077637554156,M,Driving Under The Influence,0,0,,2,Low,0
Male,Greater than 45,African-American,0,0,0,0.0,-1.0,F,Att Burgl Unoccupied Dwel,0,0,,0,Low,0
Female,25 - 45,Caucasian,0,0,0,0.0,-1.0,M,Lve/Scen/Acc/Veh/Prop/Damage,0,0,,0,Low,0
Male,25 - 45,Caucasian,0,0,0,1.0,-1.0,M,Battery,0,0,,1,Low,0
Male,25 - 45,African-American,0,0,0,18.0,0.0,M,Possession of Oxycodone,1,0,,18,High,1
Male,25 - 45,Caucasian,0,0,0,4.0,-1.0,F,Robbery / No Weapon,0,0,,4,Low,0
Male,Less than 25,Caucasian,0,0,0,0.0,0.0,M,Driving Under The Influence,1,0,Grand Theft in the 3rd Degree,0,Low,1
Male,25 - 45,African-American,0,0,1,7.0,-1.0,F,Viol Pretrial Release Dom Viol,1,0,Felon in Pos of Firearm or Amm,6,Medium,1
Male,25 - 45,African-American,0,0,0,2.0,-1.0,F,Grand Theft in the 3rd Degree,1,1,Battery,2,Medium,1
Male,25 - 45,African-American,0,0,0,0.0,-1.0,F,Possession of Oxycodone,1,1,Battery,0,Low,1
Female,25 - 45,Other,0,0,0,0.0,-1.0,F,Dealing in Stolen Property,1,0,Grand Theft in the 3rd Degree,0,Low,1
Male,25 - 45,Caucasian,0,0,0,0.0,0.0,F,Poss Contr Subst W/o Prescript,0,0,,0,Medium,0
Male,25 - 45,Caucasian,0,0,0,1.0,0.0,M,Battery on Law Enforc Officer,0,0,Petit Theft,1,Low,1
Male,Greater than 45,Caucasian,0,0,0,1.0,-1.0,M,Battery,0,0,,1,Low,0
Male,Greater than 45,Caucasian,0,0,0,10.0,-1.0,F,Possession of Cannabis,0,0,,10,Low,0
Male,25 - 45,African-American,1,0,4,17.0,-1.0,F,Principal In The First Degree,1,1,Introduce Contraband Into Jail,12,High,1
Male,Greater than 45,African-American,0,0,0,7.0,-1.0,F,Crim Use of Personal ID Info,1,1,Resist/Obstruct W/O Violence,7,Low,1
Female,25 - 45,African-American,0,0,0,0.0,-1.0,M,arrest case no charge,0,0,,0,High,0
Male,25 - 45,African-American,0,0,0,10.0,-1.0,F,Felony Battery (Dom Strang),1,0,Grand Theft in the 3rd Degree,10,High,1
Male,25 - 45,African-American,0,1,1,9.0,-1.0,M,Resist/Obstruct W/O Violence,1,0,Resist/Obstruct W/O Violence,9,High,1
Male,25 - 45,Caucasian,0,0,0,5.0,-1.0,F,Driving While License Revoked,1,0,Resist/Obstruct W/O Violence,5,High,1
Female,25 - 45,African-American,0,0,0,5.0,-1.0,F,Driving While License Revoked,1,0,Petit Theft,5,Medium,1
Male,25 - 45,African-American,0,0,0,9.0,-1.0,F,Pos Cannabis W/Intent Sel/Del,1,0,,9,High,1
Male,Less than 25,African-American,0,0,0,1.0,0.0,M,Aggrav Battery w/Deadly Weapon,0,0,,1,Medium,0
Male,25 - 45,Caucasian,0,0,0,0.0,-1.0,M,Battery,0,0,,0,Low,0
Male,25 - 45,African-American,0,0,0,1.0,-1.0,F,Stalking (Aggravated),0,0,,1,High,0
Female,25 - 45,African-American,0,0,0,0.0,-1.0,M,Battery,1,0,Grand Theft in the 3rd Degree,0,Medium,1
Male,Less than 25,African-American,0,0,0,7.0,-1.0,F,Grand Theft Dwell Property,1,0,Grand Theft in the 3rd Degree,7,High,1
Male,25 - 45,Other,0,0,0,0.0,-1.0,F,Burglary Unoccupied Dwelling,1,0,Petit Theft,0,Low,1
Male,25 - 45,African-American,0,0,0,11.0,-1.0,F,Neglect Child / No Bodily Harm,1,1,Burglary Conveyance Unoccup,11,Medium,1
Male,25 - 45,Other,0,0,0,1.0,0.0,M,Battery,0,0,,1,Low,0
Male,25 - 45,Caucasian,0,0,0,1.0,0.0,F,Carry Open/Uncov Bev In Pub,1,1,Felony Battery (Dom Strang),1,Low,0
Female,25 - 45,Hispanic,0,0,0,0.0,-1.0,F,Burglary Dwelling Occupied,0,0,,0,Low,0
Female,25 - 45,Caucasian,0,0,0,5.0,-1.0,F,Trespass Private Property,1,0,Grand Theft in the 3rd Degree,5,Medium,1
Male,Less than 25,Caucasian,0,0,0,1.0,-1.0,M,Battery,1,1,Battery,1,Low,1
Male,Less than 25,African-American,0,0,0,0.0,0.0,F,"Deliver 3,4 Methylenediox",0,0,,0,Low,0
Male,25 - 45,Caucasian,0,0,0,2.0,0.0,F,Pos Cannabis W/Intent Sel/Del,0,0,,2,Medium,0
Male,Less than 25,African-American,0,0,0,3.0,-1.0,F,Burglary Unoccupied Dwelling,1,0,Grand Theft in the 3rd Degree,3,Low,1
Male,Greater than 45,Caucasian,0,0,0,2.0,-10.0,F,arrest case no charge,0,0,,2,Low,0
Male,Greater than 45,Caucasian,0,0,0,0.0,-4.0,M,Driving Under The Influence,0,0,,0,Low,0
Female,25 - 45,Caucasian,0,0,0,6.0,-2.0,F,Possession of Cocaine,1,0,Grand Theft in the 3rd Degree,6,Medium,1
Female,25 - 45,Caucasian,0,0,0,1.0,-5.0,M,Aggravated Assault W/dead Weap,0,0,,1,Low,0
Female,25 - 45,Caucasian,0,0,0,0.0,-1.0,M,Battery,1,0,,0,Low,0
Female,25 - 45,African-American,0,0,0,7.0,0.0,F,Grand Theft in the 3rd Degree,1,0,Resist/Obstruct W/O Violence,7,High,1
Male,25 - 45,Hispanic,0,0,1,0.0,-1.0,F,Possession of Cannabis,0,0,,0,Low,0
Female,25 - 45,African-American,0,0,0,3.0,-1.0,F,Resist Officer w/Violence,0,0,,3,Medium,0
Male,Less than 25,Caucasian,0,1,0,1.0,-1.0,F,Burglary Conveyance Unoccup,1,0,Grand Theft in the 3rd Degree,1,Medium,1
Male,Less than 25,African-American,0,1,0,6.0,-18.587377150975374,F,Burglary Unoccupied Dwelling,1,0,Resist/Obstruct W/O Violence,6,High,1
Male,25 - 45,African-American,0,2,0,17.376860880479544,-1.0,F,arrest case no charge,1,0,Petit Theft,17,High,1
Male,Less than 25,African-American,0,0,0,0.0,-1.0,F,Poss Cocaine/Intent To Del/Sel,1,0,Grand Theft in the 3rd Degree,0,High,1
Female,25 - 45,Caucasian,0,0,0,1.0,-1.0,F,Deliver Cocaine,0,0,,1,High,0
Male,Greater than 45,African-American,0,0,0,13.0,0.0,F,Driving While License Revoked,1,0,Resist/Obstruct W/O Violence,13,Low,1
Female,Greater than 45,Caucasian,0,0,0,0.0,0.0,M,DUI Property Damage/Injury,0,0,,0,Low,0
Male,25 - 45,Caucasian,0,0,0,1.0,-13.790413747581528,M,Assault,1,0,,1,Low,1
Female,25 - 45,Caucasian,0,0,0,0.0,-1.0,M,Battery,0,0,,0,Low,0
Male,Less than 25,African-American,0,0,0,0.0,-1.0,F,Grand Theft (Motor Vehicle),1,0,Petit Theft,0,High,1
Female,Less than 25,African-American,0,0,1,11.0,-1.0,M,Petit Theft,1,0,Grand Theft in the 3rd Degree,11,High,1
Female,25 - 45,Caucasian,0,0,0,1.0,-1.0,M,Battery,0,0,,1,Low,0
Male,Greater than 45,Caucasian,0,0,0,0.0,0.0,F,Possession of Cocaine,0,0,,0,Low,0
Male,Less than 25,Caucasian,0,0,0,1.0,-4.0,F,Aggravated Assault W/Dead Weap,0,0,,1,Medium,0
Male,25 - 45,Caucasian,0,0,0,4.0,0.0,M,Battery,0,0,Grand Theft in the 3rd Degree,4,Low,0
Male,Greater than 45,African-American,0,0,0,3.0,0.0,M,Battery,0,0,,3,Low,0
Male,25 - 45,African-American,0,0,0,11.0,-2.0,F,Poss Pyrrolidinovalerophenone,1,1,Felony Battery w/Prior Convict,11,Medium,1
Male,Less than 25,African-American,0,0,0,0.0,-1.0,M,Battery,1,1,Battery,0,Medium,1
Male,25 - 45,Caucasian,0,0,0,0.0,-1.0,F,Grand Theft (Motor Vehicle),0,0,,0,Low,0
Female,25 - 45,African-American,0,0,0,5.0,-1.0,M,arrest case no charge,0,0,,5,High,0
Male,25 - 45,Caucasian,0,0,0,0.0,-1.0,F,Burglary Conveyance Unoccup,0,0,,0,Low,0
Female,Less than 25,African-American,0,0,0,0.0,0.0,F,Resist Officer w/Violence,0,0,,0,Medium,0
Male,Greater than 45,African-American,0,0,0,15.0,0.0,M,Driving Under The Influence,1,0,Petit Theft,15,Low,1
Male,Greater than 45,Hispanic,0,0,0,1.0,-17.95835501695477,F,Dealing in Stolen Property,0,0,,1,Low,0
Male,25 - 45,African-American,0,1,0,23.0,-1.0,F,Poss Pyrrolidinovalerophenone,1,0,Grand Theft of the 2nd Degree,23,High,1
Female,Less than 25,African-American,0,0,0,0.0,0.0,F,Possession of Hydrocodone,0,0,,0,Medium,0
Male,25 - 45,Caucasian,0,0,1,2.0,-1.0,F,arrest case no charge,1,0,Petit Theft,2,Low,1
Female,25 - 45,Caucasian,0,0,0,1.0,0.0,M,Battery,0,0,,1,Medium,0
Female,Greater than 45,Caucasian,0,0,0,3.0,-1.0,F,Deliver Cocaine,0,0,,3,Low,0
Female,25 - 45,Caucasian,0,0,0,1.0,-1.0,F,Possession of Oxycodone,1,0,Grand Theft in the 3rd Degree,1,High,1
Male,Less than 25,African-American,0,0,1,2.0,-1.0,F,Tampering With Physical Evidence,1,0,Grand Theft in the 3rd Degree,2,Medium,1
Female,Less than 25,African-American,0,0,0,1.0,-3.0,M,Battery,0,0,,1,Low,0
Male,25 - 45,Other,0,0,0,1.0,-14.714752852002924,F,Possession Of Fentanyl,0,0,,1,Low,0
Female,25 - 45,African-American,0,0,0,1.0,-1.0,M,arrest case no charge,0,0,,1,Low,0
Male,Greater than 45,Caucasian,0,0,0,1.0,-1.0,F,Viol Injunct Domestic Violence,0,0,,1,High,0
Male,Greater than 45,Caucasian,0,0,0,2.0,-1.0,F,Possession of Hydrocodone,0,0,,2,Low,0
Female,Greater than 45,African-American,0,0,0,0.0,-1.0,F,Felony Petit Theft,0,0,,0,Low,0
Male,Greater than 45,Caucasian,0,0,0,6.0,-1.0,F,Possession of Cocaine,1,0,Resist/Obstruct W/O Violence,6,Low,1
Male,Less than 25,African-American,0,0,0,0.0,-1.0,F,Burglary Conveyance Unoccup,1,0,Resist/Obstruct W/O Violence,0,Low,1
Male,25 - 45,Caucasian,0,0,0,1.0,-1.0,F,Possession of Cocaine,1,0,,1,Medium,1
Male,25 - 45,Hispanic,0,0,0,0.0,0.0,M,Battery,0,0,,0,Low,0
Male,25 - 45,African-American,0,0,1,5.0,-1.0,F,arrest case no charge,1,0,Resist/Obstruct W/O Violence,5,High,1
Male,25 - 45,Other,0,0,0,6.0,-1.0,F,Burglary Unoccupied Dwelling,0,0,,6,Medium,0
Male,25 - 45,African-American,0,0,0,4.0,0.0,F,arrest case no charge,0,0,,4,Low,0
Female,Less than 25,African-American,0,0,0,2.0,0.0,F,Poss Alprazolam W/int Sell/Del,0,0,,2,Medium,1
Male,25 - 45,Caucasian,0,0,0,1.0,-1.0,F,arrest case no charge,0,0,,1,Low,0
Female,25 - 45,African-American,0,1,0,4.0,-1.0,F,Possession of Cocaine,0,0,,4,Medium,0
Male,25 - 45,African-American,0,0,1,8.0,0.0,F,arrest case no charge,1,1,Battery,8,Medium,1
Male,25 - 45,Caucasian,0,0,0,0.0,-1.0,F,Grand Theft in the 3rd Degree,1,1,Battery,0,Medium,1
Male,25 - 45,African-American,0,0,0,0.0,0.0,M,Battery,1,0,Petit Theft,0,Medium,1
Male,Less than 25,African-American,0,0,1,4.0,-11.428925583386594,M,Prowling/Loitering,1,0,Possess Cannabis/20 Grams Or Less,4,High,1
Female,Less than 25,African-American,0,0,0,1.0,0.0,M,Battery,1,0,Resist/Obstruct W/O Violence,1,Low,1
Female,Less than 25,African-American,0,0,0,0.0,-2.0,M,Battery,0,0,,0,Low,1
Male,Greater than 45,Caucasian,0,0,0,3.0,-1.0,F,Grand Theft in the 3rd Degree,1,1,Battery,3,Low,1
Male,25 - 45,African-American,0,0,0,0.0,0.0,M,Felony Battery,1,0,Petit Theft,0,Low,1
Male,Less than 25,African-American,0,0,0,0.0,0.0,M,Possession of Cannabis,1,0,Petit Theft,0,High,1
Male,25 - 45,Caucasian,0,0,0,0.0,-1.0,F,Possession of Cocaine,1,0,Petit Theft,0,Low,1
Female,25 - 45,African-American,0,0,0,0.0,-1.0,M,Battery,0,0,,0,Medium,0
Female,25 - 45,Caucasian,0,0,0,1.0,0.0,M,Battery,0,0,,1,Low,0
Male,25 - 45,African-American,0,0,0,1.0,-1.0,F,"Poss3,4 Methylenedioxymethcath",0,0,,1,Medium,0
Male,Less than 25,African-American,1,0,0,2.0,-1.0,M,Prostitution/Lewd Act Assignation,1,0,Grand Theft in the 3rd Degree,2,High,1
Male,25 - 45,African-American,0,0,0,7.0,-1.0,F,Driving While License Revoked,0,0,,7,Low,0
Male,25 - 45,African-American,0,0,0,4.0,0.0,F,Felony Battery w/Prior Convict,1,0,,4,Low,1
Male,Greater than 45,Caucasian,0,0,0,0.0,-1.0,F,Possession of Cocaine,0,0,,0,Low,0
Male,25 - 45,Caucasian,0,0,0,2.0,-1.0,F,Pos Cannabis W/Intent Sel/Del,0,0,,2,Medium,0
Male,25 - 45,African-American,1,1,0,6.0,-1.0,F,Robbery / No Weapon,1,0,Petit Theft,6,High,1
Male,25 - 45,Caucasian,0,0,0,0.0,-2.0,M,Battery,0,0,,0,Low,0
Male,25 - 45,African-American,0,0,0,2.0,-1.0,M,Battery,0,0,,2,Low,0
Female,Less than 25,Hispanic,0,0,0,0.0,-2.0,M,Possess Drug Paraphernalia,0,0,,0,Low,0
Male,25 - 45,African-American,0,0,0,4.0,-1.0,F,Driving While License Revoked,0,0,,4,Low,0
Male,25 - 45,African-American,0,0,0,4.0,-1.0,M,Assault,1,1,Viol Pretrial Release Dom Viol,4,Medium,1
Male,Less than 25,African-American,0,3,0,3.0,0.0,F,Possession of Cocaine,1,0,Petit Theft,3,High,1
Female,25 - 45,African-American,0,0,0,0.0,-1.0,F,Aggrav Battery w/Deadly Weapon,1,0,,0,Low,0
Male,25 - 45,African-American,0,0,0,4.0,-1.0,F,Felony Batt(Great Bodily Harm),1,0,Grand Theft in the 3rd Degree,4,Low,1
Male,Greater than 45,Caucasian,0,0,0,0.0,0.0,M,Felony/Driving Under Influence,0,0,,0,Low,0
Male,25 - 45,African-American,0,0,0,4.0,-1.0,M,Battery,1,0,Grand Theft in the 3rd Degree,4,Low,1
Male,25 - 45,African-American,0,0,0,2.0,-1.0,F,Poss Pyrrolidinovalerophenone,1,0,Grand Theft in the 3rd Degree,2,High,1
Male,25 - 45,African-American,0,0,0,6.0,0.0,M,Susp Drivers Lic 1st Offense,1,0,Grand Theft in the 3rd Degree,6,High,1
Male,25 - 45,African-American,0,0,0,2.0,-1.0,F,Possess Cannabis 1000FTSch,1,0,Grand Theft in the 3rd Degree,2,Low,1
Female,Greater than 45,Caucasian,0,0,0,0.0,-1.0,M,Battery,0,0,,0,Low,0
Female,25 - 45,Caucasian,0,0,0,3.0,-1.0,F,Possession of Cocaine,1,1,Felony Battery w/Prior Convict,3,Low,1
Female,25 - 45,Caucasian,0,0,0,1.0,-25.0,M,Driving Under The Influence,0,0,,1,Low,0
Female,25 - 45,African-American,0,0,0,0.0,-1.0,F,Tamper With Witness/Victim/CI,0,0,,0,Low,0
Male,Less than 25,Other,0,0,0,0.0,0.0,F,Felony Battery (Dom Strang),1,0,Resist/Obstruct W/O Violence,0,Low,1
Female,25 - 45,Caucasian,0,1,0,11.0,-1.0,F,Felony Petit Theft,0,0,Grand Theft of the 2nd Degree,11,Medium,1
Female,Less than 25,African-American,0,0,0,6.0,-18.0,M,Operating W/O Valid License,0,0,,6,Medium,0
Male,25 - 45,Other,0,1,0,5.0,0.0,M,Battery,0,0,,5,High,0
Male,25 - 45,African-American,0,0,0,0.0,-1.0,M,Viol Prot Injunc Repeat Viol,0,0,,0,Medium,0
Male,25 - 45,Hispanic,0,0,0,1.0,-1.0,M,Battery,0,0,,1,Low,0
Female,25 - 45,Caucasian,0,0,0,0.0,-2.0,M,Driving Under The Influence,0,0,,0,Low,0
Female,Greater than 45,Caucasian,0,0,0,8.0,0.0,F,Resist Officer w/Violence,1,0,Grand Theft in the 3rd Degree,8,Low,1
Male,25 - 45,African-American,0,0,0,3.0,0.0,F,"Poss3,4 Methylenedioxymethcath",0,0,,3,Low,0
Female,Less than 25,African-American,0,0,0,0.0,-7.0,F,Grand Theft in the 3rd Degree,0,0,,0,Low,0
Male,Less than 25,Caucasian,0,0,2,0.0,-1.0,F,Grand Theft in the 3rd Degree,0,0,,0,Low,0
Female,25 - 45,African-American,0,0,0,7.0,-1.0,F,"Poss3,4 Methylenedioxymethcath",1,0,Grand Theft in the 3rd Degree,7,Medium,1
Male,Greater than 45,African-American,0,0,0,2.0,-1.0,F,arrest case no charge,1,0,Resist/Obstruct W/O Violence,2,Low,1
Male,25 - 45,African-American,0,0,0,0.0,-1.0,F,Felony Battery w/Prior Convict,1,1,Felony Battery (Dom Strang),0,High,1
Female,Less than 25,African-American,0,0,0,0.0,-1.0,M,Battery,0,0,,0,Low,0
Male,25 - 45,Caucasian,0,0,0,3.0,-1.0,M,Battery,0,0,Petit Theft,3,Low,0
Male,25 - 45,African-American,0,0,0,0.0,0.0,M,Battery,0,0,,0,Low,0
Male,25 - 45,African-American,0,0,0,6.0,-1.0,F,Possession of Cocaine,1,0,,6,High,1
Male,Less than 25,African-American,0,1,1,4.0,-1.0,F,arrest case no charge,1,0,Grand Theft in the 3rd Degree,4,High,1
Male,25 - 45,African-American,0,0,4,11.0,0.0,F,Aggravated Assault w/Firearm,1,1,Mandatory Susp Possess Alcohol,11,High,1
Female,25 - 45,African-American,0,0,0,4.0,-1.0,F,Grand Theft in the 3rd Degree,0,0,,4,Low,0
Male,Less than 25,African-American,0,0,0,1.0,0.0,F,Grand Theft in the 3rd Degree,1,0,Petit Theft,1,High,1
Male,25 - 45,African-American,0,0,0,0.0,-1.0,F,Grand Theft in the 3rd Degree,0,0,,0,Medium,0
Male,25 - 45,African-American,0,0,1,5.0,-1.0,F,Pos Cannabis W/Intent Sel/Del,1,0,Possess Cannabis/20 Grams Or Less,5,Medium,1
Male,Less than 25,Caucasian,1,0,0,1.0,27.954705135861367,F,arrest case no charge,1,0,,1,High,1
Female,25 - 45,Caucasian,0,0,0,0.0,0.0,M,Battery,0,0,,0,Low,0
Male,25 - 45,Caucasian,0,0,0,0.0,0.0,F,Felony Battery,0,0,Petit Theft,0,Low,0
Female,25 - 45,Caucasian,0,0,0,0.0,-1.0,M,DUI Property Damage/Injury,0,0,,0,Low,0
Male,25 - 45,Caucasian,0,0,0,9.0,0.0,M,arrest case no charge,1,0,,9,Low,1
Female,25 - 45,Caucasian,0,1,0,10.0,-1.0,F,Grand Theft in the 3rd Degree,1,0,,10,Low,1
Male,25 - 45,African-American,0,0,0,3.0,-1.0,F,arrest case no charge,1,0,Grand Theft in the 3rd Degree,3,Low,1
Male,25 - 45,Hispanic,0,0,0,2.0,-5.0,M,Driving License Suspended,0,0,,2,Low,0
Male,25 - 45,Caucasian,0,0,0,1.0,-1.0,F,Burglary Conveyance Unoccup,1,0,Petit Theft,1,Low,1
Female,Less than 25,African-American,0,0,0,1.0,-6.0,F,arrest case no charge,0,0,,1,Low,0
Female,25 - 45,African-American,0,0,0,1.0,-13.0,F,Neglect Child / No Bodily Harm,0,0,,1,Low,0
Male,Greater than 45,Caucasian,0,0,0,0.0,0.0,M,DUI Property Damage/Injury,0,0,,0,Low,0
Male,Greater than 45,African-American,0,0,0,7.0,-1.0,F,arrest case no charge,1,0,,7,Medium,1
Male,Greater than 45,African-American,0,0,0,3.0,-1.0,M,Operating W/O Valid License,0,0,,3,High,0
Male,Less than 25,Other,0,0,0,0.0,-1.0,F,Aggravated Assault w/Firearm,1,0,Resist/Obstruct W/O Violence,0,Medium,1
Male,Greater than 45,African-American,0,0,0,16.0,-1.0,F,arrest case no charge,1,0,Petit Theft,16,Medium,1
Female,25 - 45,African-American,0,0,0,1.0,-1.0,M,Battery,0,0,,1,Low,0
Male,25 - 45,Hispanic,0,0,0,0.0,0.0,F,Felony Battery (Dom Strang),0,0,Grand Theft in the 3rd Degree,0,Low,0
Male,Less than 25,African-American,0,0,1,1.0,-1.0,F,Pos Cannabis W/Intent Sel/Del,1,0,Possess Cannabis/20 Grams Or Less,1,Low,1
Male,Less than 25,Caucasian,0,0,2,1.0,-1.0,F,"Poss3,4 Methylenedioxymethcath",1,0,Grand Theft in the 3rd Degree,1,Low,1
Female,25 - 45,Caucasian,0,0,0,0.0,-3.0,M,Battery,0,0,,0,Low,0
Female,25 - 45,African-American,0,0,0,5.0,-1.0,F,Driving While License Revoked,1,0,Petit Theft,5,Low,1
Male,25 - 45,Hispanic,0,0,0,6.0,-1.0,M,Battery,1,0,,6,Medium,1
Male,Less than 25,Hispanic,0,0,0,0.0,-1.0,F,Pos Cannabis W/Intent Sel/Del,0,0,,0,Medium,0
Male,Greater than 45,African-American,0,0,0,12.0,-1.0,F,Possession of Cocaine,1,0,,12,Medium,1
Male,25 - 45,African-American,0,0,0,14.0,-1.0,F,Grand Theft (Motor Vehicle),1,1,Felony Battery (Dom Strang),14,High,1
Female,25 - 45,Caucasian,0,0,0,0.0,0.0,M,Driving Under The Influence,0,0,,0,Low,0
Male,25 - 45,African-American,0,0,0,0.0,-1.0,M,Resist/Obstruct W/O Violence,0,0,,0,Medium,0
Female,25 - 45,Caucasian,0,0,0,5.0,-1.0,M,arrest case no charge,1,0,Grand Theft in the 3rd Degree,5,Low,1
Male,25 - 45,Caucasian,0,0,0,5.0,-1.0,M,Battery,1,1,Battery,5,Medium,1
Male,25 - 45,African-American,3,0,1,15.0,-1.0,M,Battery,1,0,Driving License Suspended,15,High,1
Male,Less than 25,Hispanic,0,0,0,0.0,-1.0,F,Felony Battery (Dom Strang),1,0,Grand Theft in the 3rd Degree,0,Low,1
Male,Greater than 45,Caucasian,0,0,0,1.0,-1.0,M,Battery,0,0,,1,Low,0
Male,Less than 25,African-American,0,0,1,0.0,0.0,M,Unlaw Use False Name/Identity,1,0,Petit Theft,0,High,1
Male,Less than 25,Caucasian,0,0,0,0.0,-1.0,F,Unauthorized Interf w/Railroad,0,0,,0,Low,0
Male,Greater than 45,Caucasian,0,0,0,0.0,0.0,M,Petit Theft $100- $300,0,0,,0,Low,0
Female,Less than 25,African-American,0,0,0,1.0,-10.0,M,Viol Injunction Protect Dom Vi,1,0,Resist/Obstruct W/O Violence,1,Low,1
Male,Greater than 45,Caucasian,0,0,0,0.0,0.0,F,Possession of Cocaine,0,0,,0,Low,0
Male,Greater than 45,Caucasian,0,0,0,1.0,-1.0,F,Deliver Cocaine,0,0,,1,Low,0
Male,Greater than 45,African-American,0,0,0,10.0,-1.0,F,Grand Theft in the 3rd Degree,1,0,Grand Theft in the 3rd Degree,10,Low,1
Male,Less than 25,African-American,0,0,1,1.0,0.0,F,Grand Theft in the 3rd Degree,0,0,,1,Medium,0
Male,25 - 45,Caucasian,0,0,0,0.0,0.0,F,Possession of Cocaine,1,1,Battery,0,Medium,1
Male,Greater than 45,African-American,0,0,0,8.0,-1.0,M,Disorderly Intoxication,1,0,Grand Theft in the 3rd Degree,8,Low,1
Male,Less than 25,African-American,0,0,0,2.0,-1.0,F,Possession of Cocaine,1,0,Grand Theft in the 3rd Degree,2,High,1
Male,Greater than 45,African-American,0,0,0,2.0,-1.0,F,Carry Open/Uncov Bev In Pub,0,0,,2,Medium,0
Male,Less than 25,Hispanic,0,0,0,0.0,-1.0,F,Grand Theft in the 3rd Degree,1,0,Petit Theft,0,Medium,1
Female,Less than 25,Hispanic,0,0,0,1.0,-4.0,F,Possession Of Amphetamine,0,0,,1,Low,0
Male,25 - 45,Other,0,0,0,0.0,-1.0,M,Battery,0,0,,0,Low,0
Male,Greater than 45,Caucasian,0,0,0,1.0,-28.0,M,DUI Property Damage/Injury,0,0,,1,Low,0
Male,Greater than 45,African-American,0,0,0,1.0,-1.0,M,arrest case no charge,0,0,,1,Low,0
Female,Less than 25,African-American,0,0,0,0.0,-1.0,M,Criminal Mischief Damage <$200,1,1,Battery,0,Low,1
Male,Greater than 45,Caucasian,0,0,0,0.0,-1.0,M,Battery,0,0,,0,Low,1
Male,Less than 25,African-American,0,0,0,0.0,-6.0,M,Grand Theft on 65 Yr or Older,0,0,,0,Medium,0
Male,25 - 45,African-American,0,0,0,7.0,0.0,F,arrest case no charge,0,0,,7,Low,0
Male,25 - 45,African-American,0,0,0,1.0,-1.0,M,arrest case no charge,0,0,,1,Low,0
Male,Greater than 45,African-American,0,0,0,2.0,0.0,M,Battery,0,0,,2,High,0
Female,Less than 25,Caucasian,0,0,0,4.0,-1.0,M,Battery,1,0,Resist/Obstruct W/O Violence,4,High,1
Male,Less than 25,Caucasian,0,0,0,0.0,-1.0,F,Possess Cannabis 1000FTSch,0,0,,0,Low,0
Female,25 - 45,Caucasian,0,0,0,0.0,-1.0,F,Possession of Cocaine,0,0,,0,Low,0
Female,25 - 45,African-American,0,0,0,9.0,-1.0,F,Grand Theft in the 3rd Degree,1,0,Grand Theft in the 3rd Degree,9,High,1
Male,25 - 45,African-American,0,2,2,11.0,-1.0,F,Felony Battery (Dom Strang),0,0,,11,High,0
Male,Less than 25,Caucasian,0,0,0,0.0,-2.0,F,Possession of Cocaine,0,0,,0,Low,0
Male,25 - 45,African-American,0,0,0,2.0,-1.0,F,Grand Theft in the 3rd Degree,0,0,,2,Low,0
Female,25 - 45,African-American,0,0,0,1.0,-1.0,M,Driving Under The Influence,0,0,,1,Low,0
Male,25 - 45,Other,0,0,0,0.0,-1.0,F,Pos Cannabis W/Intent Sel/Del,0,0,,0,Low,0
Male,Less than 25,African-American,0,0,0,6.0,0.0,F,Deliver Cocaine,1,0,Grand Theft in the 3rd Degree,6,High,1
Male,25 - 45,African-American,0,0,0,5.0,-1.0,F,Possession of Cannabis,1,0,Grand Theft in the 3rd Degree,5,Medium,1
Female,Greater than 45,Caucasian,0,0,0,1.0,-1.0,M,Battery,0,0,,1,Low,0
Male,Less than 25,Caucasian,0,0,2,0.0,-3.0,F,Grand Theft in the 3rd Degree,0,0,Grand Theft in the 3rd Degree,0,Low,0
Male,25 - 45,African-American,0,0,0,6.0,-1.0,F,Poss Alprazolam W/int Sell/Del,1,0,,6,High,1
Male,Less than 25,African-American,0,0,0,0.0,-2.0,M,Reckless Driving,0,0,,0,Medium,0
Male,Less than 25,Hispanic,0,0,0,0.0,-1.0,M,Possess Drug Paraphernalia,0,0,,0,Low,0
Male,25 - 45,African-American,0,0,1,6.0,0.0,M,Resist/Obstruct W/O Violence,1,0,Possess Cannabis/20 Grams Or Less,6,Medium,1
Male,Greater than 45,Caucasian,0,0,0,3.0,-5.0,F,arrest case no charge,0,0,,3,Low,0
Male,25 - 45,African-American,0,0,0,2.0,-1.0,M,Battery,0,0,,2,Low,0
Male,25 - 45,Caucasian,2,0,1,15.0,-1.0,F,Possession of Cocaine,1,0,Grand Theft in the 3rd Degree,15,High,1
Female,25 - 45,Caucasian,0,0,0,1.0,0.0,M,Battery,0,0,,1,Low,0
Female,25 - 45,African-American,0,0,0,0.0,-1.0,M,Battery,0,0,,0,Medium,0
Male,Less than 25,Caucasian,0,0,0,0.0,0.0,M,DUI - Enhanced,0,0,,0,Low,0
Male,Greater than 45,Caucasian,0,0,0,8.0,0.0,M,Viol Injunct Domestic Violence,1,0,Grand Theft in the 3rd Degree,8,Low,1
Male,25 - 45,African-American,0,0,0,0.0,-1.0,F,Grand Theft in the 3rd Degree,0,0,,0,High,0
Male,25 - 45,Hispanic,0,0,0,0.0,-2.0,M,DUI - Enhanced,0,0,,0,Low,0
Male,Less than 25,African-American,0,1,1,3.0,-1.0,M,Battery,1,0,Resist/Obstruct W/O Violence,3,High,1
Male,25 - 45,Caucasian,0,0,0,5.0,-1.0,F,Grand Theft in the 3rd Degree,0,0,,5,Low,0
Female,25 - 45,African-American,0,1,0,1.0,-1.0,F,Uttering a Forged Instrument,0,0,,1,Low,0
Male,Less than 25,Caucasian,0,0,0,0.0,-3.0,F,Possession Of Alprazolam,0,0,,0,Medium,0
Male,Greater than 45,African-American,0,0,0,8.0,-1.0,M,Tamper With Witness,1,1,Resist/Obstruct W/O Violence,7,Medium,0
Male,25 - 45,Caucasian,0,0,0,6.0,0.0,F,Battery,1,0,Petit Theft,6,Low,1
Male,25 - 45,African-American,2,3,0,16.0,28.021707066578507,M,Battery,1,1,Armed Carjacking,16,High,1
Female,Less than 25,Hispanic,0,0,0,2.0,-2.0,F,Deliver Cocaine,1,0,Grand Theft in the 3rd Degree,2,Low,1
Female,25 - 45,Caucasian,0,0,0,2.0,-10.0,F,Poss Alprazolam W/int Sell/Del,1,0,Grand Theft in the 3rd Degree,2,Medium,1
Male,25 - 45,African-American,0,0,0,7.0,-1.0,F,Prowling/Loitering,0,0,,7,Low,0
Female,Less than 25,Caucasian,0,3,1,3.0,-1.0,F,Battery,1,1,Battery,3,Medium,1
Female,Less than 25,African-American,0,0,0,0.0,-1.0,F,Aggrav Battery w/Deadly Weapon,1,0,Grand Theft in the 3rd Degree,0,Low,1
Male,25 - 45,African-American,0,0,0,21.000000000000004,-1.0,F,Felony Petit Theft,1,0,Grand Theft in the 3rd Degree,21,High,1
Male,Less than 25,African-American,0,0,0,1.0,-1.0,F,arrest case no charge,0,0,,1,Low,0
Male,25 - 45,Caucasian,0,0,0,2.0,-1.0,F,Felony Petit Theft,1,0,Grand Theft in the 3rd Degree,2,Low,1
Male,Greater than 45,Caucasian,0,0,0,0.0,-1.0,M,Battery,0,0,,0,Low,0
Female,Greater than 45,African-American,0,0,0,3.0,0.0,F,Aggravated Assault W/Dead Weap,0,0,,3,Low,0
Male,Less than 25,African-American,0,0,1,3.0,0.0,F,Leave Accd/Attend Veh/Less $50,1,0,Grand Theft in the 3rd Degree,3,High,1
Male,25 - 45,African-American,0,0,0,2.0,-29.021584390578074,M,Battery,0,0,,2,Low,0
Female,25 - 45,Caucasian,0,0,0,1.0,-5.0,M,Battery,1,0,,1,Medium,1
Male,25 - 45,Caucasian,0,0,0,3.0,-1.0,F,Possession of Oxycodone,1,0,Grand Theft in the 3rd Degree,3,Medium,0
Male,25 - 45,African-American,0,0,0,0.0,-3.0,F,Grand Theft in the 3rd Degree,0,0,,0,Low,0
Male,25 - 45,Hispanic,0,0,0,5.0,0.0,F,Possession of Cocaine,1,1,Battery,5,Medium,0
Male,25 - 45,Caucasian,0,0,0,0.0,0.0,F,Crimin Mischief Damage $1000+,0,0,,0,Medium,0
Male,25 - 45,African-American,1,1,0,10.0,-1.0,F,Possession of Cocaine,1,1,Resist Officer w/Violence,10,High,1
Female,25 - 45,Caucasian,0,0,0,0.0,-2.0,F,Grand Theft (Motor Vehicle),0,0,,0,Low,0
Male,25 - 45,African-American,0,0,0,0.0,0.0,M,Battery,0,0,,0,Low,0
Male,Less than 25,African-American,0,0,0,0.0,-1.0,F,Neglect Child / No Bodily Harm,0,0,,0,Medium,0
Male,Less than 25,Caucasian,0,0,0,1.0,-1.0,F,Carrying Concealed Firearm,1,0,,1,Medium,1
Male,25 - 45,Caucasian,0,0,0,16.0,0.0,F,arrest case no charge,1,0,Grand Theft in the 3rd Degree,16,High,1
Male,25 - 45,African-American,0,0,0,2.0,0.0,M,DUI/Property Damage/Persnl Inj,1,0,Resist/Obstruct W/O Violence,2,High,1
Male,25 - 45,African-American,1,0,2,8.0,-1.0,F,Possession of Cocaine,1,0,Grand Theft in the 3rd Degree,8,Low,1
Male,25 - 45,Caucasian,0,0,0,3.0,-1.0,F,Crimin Mischief Damage $1000+,1,1,Resist/Obstruct W/O Violence,3,Low,1
Male,Greater than 45,African-American,0,0,0,1.0,-1.0,F,Driving License Suspended,1,1,Aggravated Battery / Pregnant,1,Low,1
Male,Greater than 45,Caucasian,0,0,0,0.0,-1.0,M,DUI - Enhanced,0,0,,0,Low,0
Male,25 - 45,Caucasian,1,0,1,9.0,-1.0,F,Poss Pyrrolidinobutiophenone,1,0,Grand Theft in the 3rd Degree,9,High,1
Male,Greater than 45,African-American,0,0,0,1.0,-1.0,F,arrest case no charge,0,0,,1,Low,0
Male,25 - 45,African-American,0,0,0,7.0,-1.0,F,Grand Theft in the 3rd Degree,1,0,Resist/Obstruct W/O Violence,7,Low,1
Male,Greater than 45,Caucasian,0,0,0,8.0,-13.0,F,arrest case no charge,0,0,,8,Medium,0
Male,Less than 25,Other,0,0,0,5.0,-1.0,F,Possession of Cannabis,0,0,,5,Medium,0
Male,25 - 45,Caucasian,0,0,0,4.0,-1.0,M,Driving While License Revoked,0,0,,4,Low,0
Male,Less than 25,Caucasian,0,0,0,0.0,-1.0,M,Resist/Obstruct W/O Violence,1,0,Resist/Obstruct W/O Violence,0,Low,1
Female,Greater than 45,Caucasian,0,0,0,0.0,-1.0,F,Battery on Law Enforc Officer,0,0,Grand Theft in the 3rd Degree,0,High,1
Female,25 - 45,Caucasian,0,0,0,2.0,-3.0,M,Driving Under The Influence,0,0,,2,Low,0
Male,Greater than 45,Caucasian,0,0,0,1.0,-1.0,F,arrest case no charge,1,0,Petit Theft,1,Low,1
Female,25 - 45,Caucasian,0,0,0,0.0,-1.0,F,Resist Officer w/Violence,1,0,Resist/Obstruct W/O Violence,0,Low,1
Male,Greater than 45,Caucasian,0,0,0,0.0,0.0,F,arrest case no charge,1,1,Battery,0,Low,1
Female,Less than 25,African-American,0,0,0,0.0,-1.0,M,Exposes Culpable Negligence,1,1,Resist/Obstruct W/O Violence,0,High,1
Male,25 - 45,Caucasian,0,0,0,8.0,-4.0,F,Felony Petit Theft,1,0,Grand Theft in the 3rd Degree,8,High,1
Male,Greater than 45,African-American,0,0,0,5.0,0.0,M,Petit Theft,0,0,,5,Low,0
Male,25 - 45,African-American,0,0,0,3.0,-1.0,F,Driving While License Revoked,1,0,Petit Theft,3,Low,1
Male,Less than 25,African-American,0,0,0,1.0,0.0,F,arrest case no charge,1,1,Battery,1,High,1
Male,Less than 25,Other,0,0,0,0.0,-1.0,M,Battery,0,0,,0,Low,0
Female,25 - 45,African-American,0,0,0,3.0,-27.0,F,Burglary With Assault/battery,0,0,,3,Medium,0
Male,Less than 25,African-American,0,0,0,3.0,0.0,F,Tamper With Victim,1,0,Grand Theft in the 3rd Degree,3,Medium,1
Male,25 - 45,African-American,0,0,0,0.0,-1.0,M,Battery,1,0,Resist/Obstruct W/O Violence,0,High,1
Male,Less than 25,African-American,0,0,0,1.0,-1.0,F,Burglary Unoccupied Dwelling,1,1,Battery,1,Low,1
Female,Less than 25,Hispanic,0,0,2,0.0,-1.0,F,Tamper With Victim,0,0,,0,Low,0
Female,25 - 45,Caucasian,0,0,0,0.0,0.0,F,Possession of Cocaine,0,0,,0,Medium,1
Male,Less than 25,African-American,0,0,1,0.0,-1.0,F,Burglary Unoccupied Dwelling,0,0,,0,High,0
Male,25 - 45,Caucasian,0,0,0,0.0,0.0,F,Aggravated Assault W/dead Weap,1,0,Resist/Obstruct W/O Violence,0,Low,1
Male,25 - 45,African-American,0,0,0,7.0,-1.0,F,"Poss3,4 Methylenedioxymethcath",1,0,Grand Theft in the 3rd Degree,7,High,1
Male,25 - 45,African-American,0,0,0,3.0,0.0,F,Pos Cannabis W/Intent Sel/Del,1,0,Resist/Obstruct W/O Violence,3,Low,1
Male,25 - 45,African-American,0,0,0,0.0,0.0,F,Driving While License Revoked,0,0,Petit Theft,0,High,0
Male,Greater than 45,Caucasian,0,0,0,4.0,-10.036806113597699,F,arrest case no charge,0,0,,4,Low,0
Male,25 - 45,Caucasian,0,0,0,4.0,0.0,M,Battery,0,0,,4,Low,0
Male,Less than 25,Hispanic,0,1,0,3.0,-22.0,F,Grand Theft in the 3rd Degree,1,0,Grand Theft in the 3rd Degree,3,Low,0
Male,25 - 45,African-American,0,0,0,14.0,-1.0,F,Grand Theft in the 3rd Degree,1,0,Grand Theft in the 3rd Degree,14,High,1
Male,25 - 45,African-American,0,0,0,0.0,0.0,F,False Motor Veh Insurance Card,0,0,,0,Low,0
Female,Less than 25,African-American,0,0,0,4.0,-1.0,F,Grand Theft on 65 Yr or Older,1,0,Resist/Obstruct W/O Violence,4,Low,1
Male,25 - 45,African-American,0,0,0,0.0,0.0,F,Possession of Cocaine,1,1,Criminal Mischief Damage <$200,0,High,1
Male,25 - 45,African-American,0,0,0,1.0,0.0,F,Possession of Cocaine,0,0,,1,Medium,0
Male,25 - 45,African-American,0,0,0,11.0,-1.0,M,arrest case no charge,1,0,Grand Theft in the 3rd Degree,11,High,1
Female,25 - 45,African-American,0,0,0,1.0,-1.0,F,arrest case no charge,0,0,,1,Low,0
Male,25 - 45,African-American,0,0,0,0.0,-1.0,M,Battery,0,0,,0,Low,0
Male,Greater than 45,Hispanic,0,0,0,1.0,-1.0,F,Neglect Child / No Bodily Harm,0,0,Grand Theft in the 3rd Degree,1,Low,0
Female,25 - 45,Caucasian,0,0,0,2.0,-3.0,F,Possession of Cocaine,1,0,Resist/Obstruct W/O Violence,2,Medium,1
Male,Greater than 45,Other,0,0,0,7.0,-1.0,F,Carrying Concealed Firearm,0,0,,7,Low,0
Male,25 - 45,Other,0,0,0,0.0,-1.0,F,Grand Theft (Motor Vehicle),0,0,,0,Low,0
Male,25 - 45,Other,0,0,0,0.0,-1.0,F,Grand Theft in the 3rd Degree,0,0,,0,Low,0
Male,25 - 45,Caucasian,0,0,0,0.0,-1.0,F,Aggravated Battery / Pregnant,1,0,Resist/Obstruct W/O Violence,0,Low,1
Male,25 - 45,Caucasian,0,0,0,0.0,-1.0,F,Burglary Dwelling Occupied,0,0,,0,Low,0
Male,Less than 25,African-American,0,0,1,4.0,-1.0,F,Grand Theft in the 3rd Degree,0,0,,4,Medium,0
Male,Less than 25,Hispanic,0,0,0,0.0,0.0,F,Carry Open/Uncov Bev In Pub,0,0,,0,Low,0
Male,25 - 45,African-American,0,0,0,2.0,0.0,F,Sell or Offer for Sale Counterfeit Goods,0,0,,2,Low,0
Male,25 - 45,African-American,0,0,0,5.0,-1.0,M,Driving License Suspended,0,0,,5,Medium,0
Female,25 - 45,African-American,0,0,0,0.0,-1.0,F,Aggravated Assault W/Dead Weap,0,0,,0,Low,0
Male,Less than 25,African-American,4,1,0,10.0,0.0,F,Possession of Cocaine,1,1,Resist Officer w/Violence,10,High,1
Male,25 - 45,Caucasian,0,0,1,11.0,-1.0,F,Possession of Cocaine,1,0,Grand Theft in the 3rd Degree,11,High,1
Female,Less than 25,Other,0,0,0,0.0,-1.0,M,Battery,0,0,,0,Medium,0
Male,Greater than 45,Asian,0,0,0,3.0,-1.0,F,Possession of Cocaine,0,0,,3,Low,0
Male,Greater than 45,Other,0,0,0,0.0,-1.0,M,Battery,0,0,,0,Low,0
Male,Less than 25,African-American,0,1,0,1.0,-1.0,F,Burglary Dwelling Occupied,0,0,,1,Medium,0
Male,Less than 25,African-American,0,0,0,1.0,0.0,M,Tamper With Victim,1,0,Grand Theft in the 3rd Degree,1,High,1
Male,25 - 45,African-American,0,0,0,0.0,-1.0,M,Aggravated Assault W/dead Weap,0,0,,0,Low,0
Male,Greater than 45,Caucasian,0,0,0,2.0,-1.0,M,DUI Property Damage/Injury,0,0,,2,Low,0
Male,25 - 45,African-American,0,0,0,9.0,-1.0,F,arrest case no charge,1,0,Resist/Obstruct W/O Violence,9,Low,1
Male,25 - 45,African-American,0,0,0,19.0,-1.0,F,arrest case no charge,1,0,Petit Theft,19,High,1
Female,25 - 45,African-American,0,1,0,11.0,-1.0,F,arrest case no charge,1,0,Grand Theft in the 3rd Degree,11,High,1
Male,Less than 25,African-American,0,0,0,2.0,0.0,F,Tampering With Physical Evidence,1,1,Felony Battery w/Prior Convict,2,High,1
Male,Greater than 45,African-American,0,0,0,14.0,-1.0,M,Poss Of Controlled Substance,1,0,Grand Theft in the 3rd Degree,14,Low,0
Male,25 - 45,African-American,0,0,0,5.0,-1.0,F,Poss Cocaine/Intent To Del/Sel,1,0,,5,High,1
Female,25 - 45,African-American,0,0,0,0.0,0.0,F,Aggrav Battery w/Deadly Weapon,0,0,Grand Theft in the 3rd Degree,0,High,0
Male,25 - 45,Caucasian,2,0,0,4.0,0.0,F,Aggrav Battery w/Deadly Weapon,1,0,Petit Theft,4,Low,1
Male,25 - 45,Caucasian,0,0,0,1.0,-1.0,F,Burglary Structure Unoccup,0,0,,1,Low,0
Male,25 - 45,Hispanic,0,0,0,0.0,0.0,M,Poss Alprazolam W/int Sell/Del,1,0,Petit Theft,0,Low,1
Female,25 - 45,African-American,0,0,0,3.0,0.0,F,Poss Pyrrolidinovalerophenone,1,0,Petit Theft,3,Medium,1
Male,25 - 45,Caucasian,0,0,0,0.0,-1.0,F,Possession of Cocaine,0,0,,0,Medium,0
Male,25 - 45,African-American,1,0,0,17.0,0.0,F,Unauth Poss ID Card or DL,1,0,Grand Theft in the 3rd Degree,17,High,1
Male,Greater than 45,Asian,0,0,0,1.0,0.0,M,Battery,0,0,Petit Theft,1,Low,0
Male,Greater than 45,Asian,0,0,0,0.0,-1.0,F,Grand Theft in the 3rd Degree,0,0,,0,Low,0
Male,25 - 45,Caucasian,0,0,0,2.0,-1.0,F,Grand Theft in the 3rd Degree,0,0,,2,Low,0
Male,25 - 45,African-American,0,0,0,10.0,-1.0,F,Possession Of Paraphernalia,1,0,Petit Theft,10,Medium,1
Male,25 - 45,African-American,0,2,1,18.0,0.0,F,Felony Petit Theft,1,0,Susp Drivers Lic 1st Offense,18,High,1
Male,Greater than 45,Other,0,0,0,0.0,0.0,F,Grand Theft in the 3rd Degree,0,0,,0,Low,0
Male,25 - 45,Caucasian,0,0,0,1.0,-1.0,F,Possession of Cocaine,1,0,Resist/Obstruct W/O Violence,1,Low,1
Male,Less than 25,Asian,1,0,1,1.0,-1.0,F,arrest case no charge,1,0,Petit Theft,1,Medium,1
Male,Less than 25,Other,0,0,0,0.0,-1.0,F,Bribery Athletic Contests,1,1,Viol Pretrial Release Dom Viol,0,Low,1
Female,25 - 45,Caucasian,0,0,0,3.0,0.0,F,Poss Pyrrolidinovalerophenone,1,0,,3,Low,1
Male,25 - 45,African-American,0,0,0,0.0,0.0,F,Driving While License Revoked,0,0,,0,Low,0
Female,25 - 45,African-American,0,0,0,0.0,-1.0,F,Burglary Dwelling Assault/Batt,1,1,Battery,0,Low,1
Male,25 - 45,Caucasian,1,0,0,9.0,-1.0,F,Possession Of Amphetamine,1,0,Grand Theft in the 3rd Degree,9,Medium,1
Male,Less than 25,Caucasian,1,0,1,5.0,0.0,M,Viol Injunct Domestic Violence,1,0,,5,Medium,1
Male,Less than 25,African-American,0,0,0,0.0,-1.0,F,Pos Cannabis W/Intent Sel/Del,0,0,,0,Low,0
Male,Greater than 45,Hispanic,0,0,0,10.0,-1.0,M,Battery,1,1,Resist/Obstruct W/O Violence,10,Low,1
Female,25 - 45,Caucasian,0,0,0,1.0,-3.0,F,Battery on Law Enforc Officer,1,0,Grand Theft in the 3rd Degree,1,Low,1
Male,Less than 25,Other,0,0,0,0.0,-1.0,F,Tampering With Physical Evidence,1,0,Petit Theft,0,Low,1
Male,Greater than 45,Caucasian,0,0,0,0.0,-1.0,F,Burglary Dwelling Occupied,0,0,,0,Low,0
Male,25 - 45,African-American,0,0,0,1.0,0.0,F,"Poss3,4 Methylenedioxymethcath",0,0,,1,Low,0
Male,25 - 45,African-American,0,0,0,0.0,-1.0,F,Pos Cannabis W/Intent Sel/Del,1,0,Grand Theft in the 3rd Degree,0,High,0
Male,Less than 25,Caucasian,0,0,0,0.0,0.0,F,Possession of Cocaine,1,1,Battery,0,Medium,0
Female,25 - 45,Caucasian,0,0,0,5.0,-1.0,F,arrest case no charge,1,0,Resist/Obstruct W/O Violence,5,Medium,1
Male,25 - 45,African-American,0,0,1,10.0,-8.252771424731908,F,arrest case no charge,1,0,Grand Theft in the 3rd Degree,10,Medium,1
Female,25 - 45,Hispanic,0,0,0,0.0,-1.0,F,arrest case no charge,0,0,,0,Low,0
Male,Greater than 45,African-American,0,0,0,10.0,-1.0,M,Battery,1,1,Felony Battery (Dom Strang),10,Medium,1
Male,25 - 45,African-American,0,0,0,2.0,-1.0,F,Aggravated Battery / Pregnant,1,0,Grand Theft in the 3rd Degree,2,Medium,1
Male,25 - 45,African-American,0,0,0,1.0,-1.0,F,Possession of Cannabis,0,0,,1,Low,0
Female,25 - 45,African-American,0,0,0,3.0,-1.0,M,Battery,0,0,Petit Theft,3,Low,0
Male,25 - 45,African-American,0,0,0,4.0,-1.0,F,Poss Pyrrolidinovalerophenone,1,0,Grand Theft in the 3rd Degree,4,High,1
Male,Greater than 45,Caucasian,0,0,0,6.0,-26.0,F,Aggravated Assault w/Firearm,0,0,,6,Low,0
Male,25 - 45,African-American,0,0,0,8.0,-1.0,M,Battery,1,0,,8,Medium,1
Male,25 - 45,African-American,1,0,0,2.0,-1.0,F,Possession of Cocaine,1,0,,2,High,0
Male,25 - 45,Other,0,0,0,5.0,-1.0,M,arrest case no charge,1,0,Resist/Obstruct W/O Violence,5,High,1
Male,25 - 45,African-American,0,0,0,7.0,-1.0,F,Burglary Structure Unoccup,1,0,Resist/Obstruct W/O Violence,7,High,1
Male,25 - 45,African-American,0,0,0,0.0,0.0,M,Battery,0,0,,0,Low,0
Male,Less than 25,African-American,0,0,0,2.0,-10.0,F,Aggravated Assault W/Dead Weap,1,0,,2,High,1
Male,Greater than 45,African-American,0,0,0,5.0,-1.0,F,Possession of Cocaine,0,0,,5,Low,0
Male,Less than 25,African-American,0,0,0,0.0,-5.0,F,Dealing in Stolen Property,1,0,,0,Low,1
Male,25 - 45,African-American,0,2,2,20.0,-1.0,F,Grand Theft (Motor Vehicle),1,0,Felon in Pos of Firearm or Amm,20,High,1
Male,Greater than 45,Caucasian,0,0,0,1.0,-21.0,F,Burglary With Assault/battery,0,0,,1,Low,0
Male,Less than 25,African-American,0,0,0,7.0,-1.0,F,Aggravated Battery / Pregnant,1,0,Petit Theft,7,High,1
Male,Less than 25,Hispanic,0,0,0,1.0,-18.0,F,arrest case no charge,1,0,Grand Theft in the 3rd Degree,1,Low,1
Female,25 - 45,African-American,0,0,0,0.0,0.0,M,Battery,1,1,Criminal Mischief Damage <$200,0,Low,1
Male,25 - 45,African-American,0,0,0,5.0,0.0,M,Felony Battery (Dom Strang),1,0,Grand Theft in the 3rd Degree,5,High,1
Female,25 - 45,Caucasian,0,0,0,1.0,-1.0,F,Possession of Cocaine,0,0,,1,Low,0
Male,Less than 25,African-American,0,1,1,1.0,-1.0,F,Burglary Conveyance Unoccup,1,0,Petit Theft,1,High,1
Male,25 - 45,African-American,0,0,0,0.0,-1.0,F,Felony/Driving Under Influence,0,0,,0,Low,0
Male,25 - 45,African-American,0,0,0,13.0,-1.0,F,arrest case no charge,0,0,,13,High,0
Male,25 - 45,African-American,0,0,0,5.0,-1.0,M,arrest case no charge,0,0,,5,High,0
Male,25 - 45,African-American,0,0,0,1.0,0.0,F,Aggravated Battery / Pregnant,1,1,Aggravated Battery / Pregnant,1,Low,1
Female,25 - 45,African-American,0,0,0,1.0,0.0,F,arrest case no charge,0,0,,1,Medium,0
Male,25 - 45,Other,0,0,0,0.0,-1.0,F,Tampering With Physical Evidence,1,0,Resist/Obstruct W/O Violence,0,Low,1
Male,25 - 45,Caucasian,0,0,0,0.0,-1.0,M,Battery,0,0,,0,Low,0
Female,25 - 45,Caucasian,0,0,0,0.0,-1.0,M,Resist Officer w/Violence,0,0,,0,Low,0
Male,25 - 45,Caucasian,0,0,0,0.0,-3.0,F,arrest case no charge,0,0,,0,Medium,0
Female,25 - 45,African-American,0,0,0,1.0,-10.571036180599805,F,Burglary With Assault/battery,0,0,,1,Low,0
Male,25 - 45,African-American,0,0,0,6.0,0.0,F,arrest case no charge,1,1,Viol Pretrial Release Dom Viol,6,High,1
Male,25 - 45,African-American,0,0,0,1.0,-1.0,M,Battery,1,0,Grand Theft in the 3rd Degree,1,Medium,1
Female,25 - 45,Hispanic,0,0,0,2.0,-7.441020132119878,M,arrest case no charge,0,0,,2,Low,0
Female,Less than 25,Caucasian,0,0,0,0.0,-1.0,F,Possession of Cocaine,0,0,,0,High,0
Female,Greater than 45,Caucasian,0,0,0,0.0,0.0,F,Grand Theft in the 3rd Degree,0,0,,0,Medium,0
Female,Greater than 45,Caucasian,0,0,0,8.0,-26.0,M,Felony Battery w/Prior Convict,1,0,Resist/Obstruct W/O Violence,8,Low,1
Male,25 - 45,Caucasian,0,0,0,1.0,0.0,F,Pos Cannabis W/Intent Sel/Del,1,0,Grand Theft in the 3rd Degree,1,Low,1
Male,25 - 45,Other,0,0,0,1.0,-1.0,F,Aggravated Assault W/Dead Weap,1,0,Grand Theft in the 3rd Degree,1,Low,1
Male,Greater than 45,Asian,0,0,0,0.0,-2.0,F,Aggravated Assault w/Firearm,0,0,,0,Low,0
Male,25 - 45,African-American,0,0,0,0.0,-1.0,F,Felony Battery (Dom Strang),0,0,,0,Low,0
Male,25 - 45,Asian,0,0,0,4.0,-17.678056105642963,M,DUI Blood Alcohol Above 0.20,1,1,Battery,4,Medium,1
Male,25 - 45,Caucasian,0,0,0,4.0,0.0,F,"Poss3,4 Methylenedioxymethcath",1,0,Resist/Obstruct W/O Violence,4,Medium,1
Male,25 - 45,Caucasian,0,0,0,0.0,-1.0,M,Battery,0,0,,0,Low,0
Female,25 - 45,Caucasian,0,0,0,0.0,-1.0,F,Grand Theft in the 3rd Degree,1,0,Resist/Obstruct W/O Violence,0,Medium,1
Male,25 - 45,African-American,0,0,0,5.0,-1.0,F,Grand Theft in the 3rd Degree,0,0,,5,High,0
Male,25 - 45,Hispanic,0,0,0,1.0,-1.0,F,Pos Cannabis W/Intent Sel/Del,1,0,Grand Theft in the 3rd Degree,1,Low,1
Male,Less than 25,Hispanic,0,0,0,3.0,-1.0,F,Pos Cannabis W/Intent Sel/Del,1,0,,3,Medium,1
Male,Less than 25,African-American,0,0,0,1.0,-1.0,F,Battery on Law Enforc Officer,1,0,Grand Theft in the 3rd Degree,1,Medium,1
Male,25 - 45,African-American,0,0,0,0.0,0.0,F,Abuse Without Great Harm,0,0,,0,Low,0
Female,Less than 25,Caucasian,0,0,0,0.0,-1.0,F,Possession Of Methamphetamine,0,0,,0,Medium,0
Female,Less than 25,African-American,0,0,0,0.0,-1.0,M,Battery,0,0,,0,Medium,0
Female,Less than 25,African-American,0,0,0,1.0,-1.0,F,Grand Theft in the 3rd Degree,0,0,,1,Medium,0
Male,25 - 45,African-American,0,0,0,7.0,-1.0,F,Aggravated Assault W/Dead Weap,1,1,Battery,7,Medium,1
Male,25 - 45,African-American,0,0,0,8.0,-1.0,F,Driving While License Revoked,1,0,,8,Low,1
Female,25 - 45,Other,0,0,0,0.0,-1.0,M,Battery,0,0,,0,Low,0
Male,Less than 25,African-American,0,0,0,0.0,-1.0,F,"Poss3,4 Methylenedioxymethcath",1,0,,0,Medium,1
Male,25 - 45,Caucasian,0,0,0,13.0,-2.0,F,Poss Pyrrolidinovalerophenone,1,0,Grand Theft in the 3rd Degree,13,High,1
Female,25 - 45,African-American,0,0,0,5.0,0.0,F,Battery on Law Enforc Officer,0,1,Battery,5,Medium,1
Female,25 - 45,African-American,0,0,0,1.0,-1.0,F,Aggrav Battery w/Deadly Weapon,0,0,,1,Medium,0
Male,25 - 45,African-American,0,0,0,16.0,-1.0,F,Possession of Cannabis,1,0,Petit Theft,16,Low,1
Male,25 - 45,African-American,0,0,0,5.0,-28.925240063284278,F,Possession of Cocaine,0,0,,5,Medium,0
Male,Greater than 45,Hispanic,0,0,0,1.0,-2.0,M,Battery,0,0,,1,Low,0
Male,25 - 45,Hispanic,0,0,0,1.0,-1.0,M,Reckless Driving,0,0,,1,Low,0
Male,Less than 25,Hispanic,0,0,0,0.0,-1.0,M,Battery,1,0,Petit Theft,0,Low,1
Female,25 - 45,Caucasian,0,0,0,0.0,-2.0,M,Reckless Driving,0,0,,0,Medium,0
Male,Greater than 45,Caucasian,0,0,0,0.0,-1.0,F,Grand Theft in the 3rd Degree,0,0,,0,Low,0
Male,Less than 25,African-American,0,0,3,0.0,-1.0,F,"Poss3,4 Methylenedioxymethcath",1,0,Resist/Obstruct W/O Violence,0,Medium,1
Male,25 - 45,African-American,0,0,0,1.0,-1.0,M,Battery,1,1,Felony Battery w/Prior Convict,1,High,1
Male,25 - 45,African-American,0,1,0,2.0,-1.0,F,Felony Batt(Great Bodily Harm),1,0,Grand Theft in the 3rd Degree,2,Medium,1
Male,Greater than 45,Caucasian,0,0,0,0.0,0.0,M,Battery,0,0,,0,Low,0
Male,Greater than 45,African-American,0,0,0,4.0,-4.0,F,Possession of Cocaine,0,0,,4,Medium,0
Male,Less than 25,African-American,0,0,0,0.0,-1.0,F,Grand Theft in the 3rd Degree,1,0,Resist/Obstruct W/O Violence,0,High,1
Male,25 - 45,Hispanic,0,0,0,1.0,29.99987569136244,F,"Poss 3,4 MDMA (Ecstasy)",1,1,Battery,1,Low,1
Male,Less than 25,Other,0,0,0,0.0,-1.0,F,Deliver Cocaine,0,0,,0,Low,0
Male,Greater than 45,Hispanic,0,0,0,2.0,-1.0,M,Neglect Child / No Bodily Harm,0,0,,2,Low,0
Male,25 - 45,African-American,1,0,0,9.0,-1.0,M,Viol Prot Injunc Repeat Viol,1,0,Resist/Obstruct W/O Violence,9,Low,1
Female,Less than 25,African-American,0,0,0,0.0,0.0,M,Burglary Structure Unoccup,0,0,,0,Low,0
Male,25 - 45,Hispanic,0,0,0,0.0,-1.0,M,Driving Under The Influence,0,0,,0,Low,0
Female,25 - 45,Caucasian,0,0,0,1.0,-1.0,F,Grand Theft in the 3rd Degree,1,0,Grand Theft in the 3rd Degree,1,Medium,1
Male,Less than 25,African-American,0,0,0,4.0,0.0,F,arrest case no charge,0,0,,4,Medium,0
Male,25 - 45,African-American,0,0,0,13.0,-1.0,F,Burglary Conveyance Unoccup,1,1,Aggravated Battery / Pregnant,13,High,1
Female,25 - 45,Caucasian,0,0,0,2.0,0.0,F,Purchase Cannabis,1,0,Resist/Obstruct W/O Violence,2,Medium,1
Male,25 - 45,African-American,0,0,0,0.0,-1.0,M,Battery,1,0,,0,High,1
Female,Greater than 45,Caucasian,0,0,0,1.0,0.0,F,Possession of Cannabis,0,0,,1,Medium,0
Male,25 - 45,African-American,0,0,0,1.0,-1.0,M,Battery,1,0,Grand Theft in the 3rd Degree,1,Medium,1
Female,Less than 25,Hispanic,0,0,0,1.0,-1.0,F,arrest case no charge,1,0,Grand Theft in the 3rd Degree,1,Medium,0
Male,Less than 25,African-American,0,0,1,3.0,25.003669106374026,F,Pos Cannabis W/Intent Sel/Del,1,0,Petit Theft,3,High,1
Female,Greater than 45,African-American,0,0,0,3.0,-1.0,F,arrest case no charge,0,0,,3,Low,0
Male,Less than 25,African-American,0,0,0,0.0,-2.0,M,Possess Drug Paraphernalia,1,0,Petit Theft,0,Low,1
Male,25 - 45,African-American,0,0,1,9.0,-1.0,F,Att Burgl Unoccupied Dwel,1,0,Possess Cannabis/20 Grams Or Less,9,Medium,1
Male,25 - 45,Caucasian,0,0,0,7.0,-1.0,F,Felony Petit Theft,1,0,Grand Theft in the 3rd Degree,7,High,1
Male,Greater than 45,Caucasian,0,0,0,4.0,-1.0,M,Viol Injunct Domestic Violence,0,0,,4,Low,0
Male,25 - 45,African-American,0,0,0,5.0,-1.0,M,Driving License Suspended,0,0,,5,Low,0
Male,Less than 25,African-American,0,0,0,1.0,-1.0,F,Grand Theft Dwell Property,0,0,,1,High,0
Male,25 - 45,African-American,0,0,0,0.0,-1.0,M,Battery,0,0,,0,Low,0
Female,25 - 45,African-American,0,0,0,14.0,-1.0,F,Poss Cocaine/Intent To Del/Sel,0,0,,14,Medium,0
Female,Less than 25,Caucasian,0,0,0,0.0,0.0,M,Battery,0,0,Petit Theft,0,Low,0
Female,25 - 45,African-American,0,0,0,0.0,-1.0,M,Tresspass in Structure or Conveyance,0,0,,0,High,0
Male,Greater than 45,African-American,0,0,0,1.0,0.0,F,Poss Pyrrolidinovalerophenone,1,0,,1,Low,1
Male,25 - 45,Other,0,0,0,0.0,-1.0,F,Felony Battery,1,1,Battery,0,Low,1
Male,Less than 25,Caucasian,0,0,0,1.0,-11.0,F,Attempted Robbery  No Weapon,0,0,,1,Low,0
Male,Greater than 45,Caucasian,0,0,0,1.0,-26.0,F,Aggrav Battery w/Deadly Weapon,0,0,Grand Theft in the 3rd Degree,1,Low,0
Male,Less than 25,African-American,0,0,0,0.0,-1.0,F,Carrying Concealed Firearm,0,0,,0,Medium,0
Male,25 - 45,African-American,0,0,0,0.0,-1.0,F,Carrying Concealed Firearm,1,0,Petit Theft,0,Low,1
Male,25 - 45,African-American,0,0,0,10.0,-28.0,F,arrest case no charge,1,0,Petit Theft,10,Medium,1
Male,Less than 25,Hispanic,0,0,0,0.0,-2.0,M,Resist/Obstruct W/O Violence,1,0,Petit Theft,0,Low,1
Male,Less than 25,African-American,0,1,0,3.0,-10.057800609450126,F,arrest case no charge,1,1,Burglary Conveyance Unoccup,3,Medium,1
Male,Greater than 45,African-American,0,0,0,0.0,0.0,M,Battery,0,0,,0,Low,0
Male,Greater than 45,African-American,1,0,1,9.0,-1.0,F,Grand Theft in the 3rd Degree,1,0,Resist/Obstruct W/O Violence,9,High,1
Male,Less than 25,African-American,0,0,0,0.0,-1.0,F,Pos Cannabis W/Intent Sel/Del,1,0,Petit Theft,0,Medium,1
Male,25 - 45,African-American,0,0,0,0.0,-1.0,F,Attempted Robbery  No Weapon,0,0,,0,High,0
Male,25 - 45,African-American,0,0,0,0.0,-1.0,F,Driving While License Revoked,0,0,,0,Low,0
Male,25 - 45,African-American,0,0,0,1.0,-1.0,M,Battery,1,0,,1,High,0
Male,Greater than 45,African-American,0,0,0,1.0,0.0,M,Battery,0,0,,1,Low,0
Male,Less than 25,African-American,1,2,2,3.0,-1.0,F,Possession of Oxycodone,1,0,Aggravated Assault w/Firearm,3,High,1
Male,25 - 45,African-American,0,0,0,1.0,-1.0,F,arrest case no charge,1,1,Resist/Obstruct W/O Violence,1,Low,1
Male,25 - 45,African-American,0,0,0,5.0,-1.0,F,Poss Contr Subst W/o Prescript,1,0,,5,Medium,1
Male,Greater than 45,Caucasian,0,0,0,5.0,-11.0,F,Agg Fleeing and Eluding,1,0,Petit Theft,5,Low,1
Male,25 - 45,African-American,0,0,0,1.0,-1.0,F,arrest case no charge,0,0,,1,Low,0
Male,Greater than 45,African-American,0,0,0,21.000000000000004,-1.0,F,Possession of Cocaine,0,0,,21,Medium,0
Male,Greater than 45,African-American,0,0,0,1.0,-1.0,F,"Poss3,4 Methylenedioxymethcath",1,0,Resist/Obstruct W/O Violence,1,Low,1
Male,25 - 45,African-American,0,0,0,5.0,0.0,F,Poss Contr Subst W/o Prescript,1,0,Grand Theft in the 3rd Degree,5,Medium,1
Male,25 - 45,Caucasian,0,0,0,3.0,-1.0,F,Possession of Cocaine,1,1,Battery,3,Medium,1
Male,25 - 45,African-American,0,0,0,0.0,0.0,F,Grand Theft (Motor Vehicle),0,0,,0,Medium,0
Male,Greater than 45,Caucasian,0,0,0,3.0,-1.0,F,Possession of Cocaine,1,0,Grand Theft in the 3rd Degree,3,Medium,1
Male,Less than 25,African-American,0,0,0,0.0,-1.0,F,Aggravated Assault W/Dead Weap,1,0,Grand Theft in the 3rd Degree,0,Low,1
Male,Less than 25,Caucasian,0,1,1,3.0,0.0,F,"Poss3,4 Methylenedioxymethcath",1,0,Operating W/O Valid License,3,High,1
Male,25 - 45,African-American,0,0,0,0.0,-1.0,F,Possession of Oxycodone,0,0,Grand Theft in the 3rd Degree,0,Low,0
Male,25 - 45,Caucasian,0,0,0,2.0,0.0,M,Sell or Offer for Sale Counterfeit Goods,1,1,Felony Battery w/Prior Convict,2,Low,1
Male,Less than 25,African-American,0,0,0,0.0,-1.0,F,Grand Theft in the 3rd Degree,0,0,Petit Theft,0,Low,0
Male,25 - 45,Caucasian,0,0,0,5.0,0.0,F,Possession of Cocaine,1,0,Petit Theft,5,Low,0
Male,25 - 45,African-American,0,0,0,3.0,-1.0,M,Poss Of Controlled Substance,1,0,Grand Theft in the 3rd Degree,3,High,0
Male,25 - 45,Caucasian,0,0,0,2.0,-2.0,M,Battery,0,0,,2,Low,0
