sex,age_cat,race,juv_fel_count,juv_misd_count,juv_other_count,priors_count1,days_b_screening_arrest,c_charge_degree,c_charge_desc,is_recid,is_violent_recid,r_charge_desc,priors_count2,score_text,two_year_recid
Female,Greater than 45,Other,0,0,0,1.0,-4.0,F,Uttering a Forged Instrument,0,0,,1,Low,0
Female,Greater than 45,Asian,0,0,0,1.0,-1.0,F,Pos Cannabis W/Intent Sel/Del,1,0,,1,Low,0
Female,25 - 45,African-American,1,0,0,8.0,-2.0,F,arrest case no charge,1,0,Tresspass in Struct/Convey Occupy,8,Low,0
Male,Less than 25,African-American,0,0,0,0.0,-1.0,F,Uttering a Forged Instrument,0,0,,0,Medium,0
Female,25 - 45,Other,0,0,0,4.0,-6.0,M,Driving Under The Influence,1,1,Felony Battery (Dom Strang),4,High,0
Male,25 - 45,Caucasian,0,0,0,0.0,-1.0,F,Uttering a Forged Instrument,1,0,,0,Low,0
Male,25 - 45,Hispanic,0,0,0,0.0,-3.0,M,Battery,0,0,,0,Low,0
Male,Less than 25,Other,0,0,0,0.0,-1.0,F,Uttering a Forged Instrument,0,0,,0,Low,0
Female,Less than 25,Native American,0,0,0,0.0,-1.0,F,Uttering a Forged Instrument,0,0,,0,Low,0
Male,Greater than 45,Native American,0,0,0,0.0,0.0,F,Uttering a Forged Instrument,0,0,,0,High,0
Male,Less than 25,African-American,0,0,0,0.0,-1.0,F,Uttering a Forged Instrument,0,0,Petit Theft,0,High,1
Male,Less than 25,Native American,0,1,0,11.0,-1.0,F,Leave Acc/Attend Veh/More $50,1,0,Grand Theft (Motor Vehicle),11,High,1
Female,25 - 45,Other,0,0,0,2.0,-1.0,M,Battery,0,0,,2,Low,0
Male,25 - 45,Other,0,0,0,1.0,-2.0,M,Driving Under The Influence,1,0,,1,Low,0
Female,25 - 45,Other,0,0,0,4.0,-1.0,M,Battery,1,0,Possess Cannabis/20 Grams Or Less,4,Medium,1
Female,Less than 25,Caucasian,0,0,0,0.0,-1.0,F,Uttering a Forged Instrument,0,0,,0,Low,0
Male,25 - 45,Asian,0,0,0,0.0,0.0,F,Uttering a Forged Instrument,1,0,Petit Theft,0,Low,1
Female,Greater than 45,Caucasian,0,0,0,1.0,-1.0,M,Battery,1,0,Robbery W/Firearm,1,Low,1
Male,Greater than 45,Native American,2,0,0,2.0,-2.0,F,arrest case no charge,1,0,,2,High,1
Male,25 - 45,Hispanic,0,0,0,4.0,0.0,F,Felony Battery w/Prior Convict,1,0,Viol Injunct Domestic Violence,4,High,1
Male,Less than 25,Other,0,0,0,0.0,0.0,F,Uttering a Forged Instrument,1,0,Burglary Structure Unoccup,0,Low,1
Male,Greater than 45,Hispanic,0,0,0,1.0,-1.0,M,Battery,0,0,,1,Low,0
Female,Less than 25,African-American,0,0,0,0.0,-3.0,M,Uttering a Forged Instrument,0,0,,0,Low,0
Male,25 - 45,Other,0,0,0,1.0,-1.0,F,Grand Theft in the 3rd Degree,1,0,Unlaw Use False Name/Identity,1,Low,1
Female,Less than 25,Caucasian,0,0,0,0.0,-1.0,M,Battery,1,0,Robbery W/Firearm,0,Medium,1
Male,Greater than 45,Native American,1,0,0,1.0,27.015900802021385,F,arrest case no charge,1,0,Opert With Susp DL 2nd Offens,1,High,1
Female,Less than 25,Asian,0,0,0,0.0,-1.0,F,Uttering a Forged Instrument,1,0,Viol Pretrial Release Dom Viol,0,Low,1
Male,25 - 45,Asian,0,0,0,0.0,-1.0,F,Uttering a Forged Instrument,0,0,,0,Low,0
Male,Less than 25,Asian,0,0,0,3.0,0.0,M,Driving Under The Influence,0,0,,3,Medium,0
Female,Less than 25,Caucasian,0,0,0,0.0,-1.0,M,Battery,0,0,,0,High,0
Male,Less than 25,Asian,0,0,0,2.0,-23.0,F,arrest case no charge,0,0,Neglect Child / No Bodily Harm,2,Low,0
Male,Less than 25,Hispanic,0,0,0,2.0,-18.182569473313446,F,Uttering a Forged Instrument,0,0,,2,Low,0
Female,25 - 45,Native American,0,0,0,5.0,-1.0,F,arrest case no charge,0,0,,5,Low,0
Male,25 - 45,African-American,0,0,0,0.0,-1.0,F,Uttering a Forged Instrument,1,0,,0,Low,0
Male,Greater than 45,African-American,0,0,0,0.0,-1.0,F,Uttering a Forged Instrument,0,0,,0,Low,0
Male,Less than 25,Asian,0,0,0,12.0,-24.0,M,arrest case no charge,0,0,,12,Medium,0
Female,Greater than 45,Caucasian,0,0,0,9.0,0.0,F,Possession of Cannabis,1,0,Tresspass in Struct/Convey Occupy,9,Medium,1
Female,Greater than 45,Hispanic,0,0,0,4.0,-1.0,M,Driving Under The Influence,1,0,,4,Low,0
Male,Less than 25,Native American,0,0,0,0.0,0.0,F,Uttering a Forged Instrument,1,0,Robbery W/Firearm,0,Medium,1
Female,Greater than 45,Caucasian,0,0,0,0.0,-1.0,M,Battery,1,1,Battery,0,High,1
Female,25 - 45,Asian,0,0,0,2.0,-1.0,F,Pos Cannabis W/Intent Sel/Del,0,0,,2,Low,0
Female,Less than 25,Hispanic,0,0,0,0.0,-1.0,M,Possess Cannabis/20 Grams Or Less,1,0,Possess Cannabis/20 Grams Or Less,0,Medium,1
Female,Less than 25,Hispanic,0,0,0,10.0,-1.0,F,arrest case no charge,1,0,Aggravated Battery / Pregnant,10,Medium,1
Male,25 - 45,African-American,0,0,0,5.0,-1.0,F,arrest case no charge,1,0,Felony Battery (Dom Strang),5,Medium,1
Female,Less than 25,Native American,0,0,0,0.0,-1.0,F,Uttering a Forged Instrument,0,0,,0,Low,0
Female,Greater than 45,Native American,0,0,0,5.0,-1.0,F,Uttering a Forged Instrument,1,0,Opert With Susp DL 2nd Offens,5,Medium,1
Female,Less than 25,Native American,0,0,0,1.0,-10.0,F,Uttering a Forged Instrument,0,0,,1,Low,0
Male,Greater than 45,African-American,0,0,0,0.0,-2.0,F,Uttering a Forged Instrument,0,0,,0,Medium,0
Female,Less than 25,Other,0,0,0,3.0,-4.0,M,Driving Under The Influence,0,0,,3,Low,0
Female,Less than 25,Asian,0,0,0,0.0,-1.0,F,Uttering a Forged Instrument,0,0,,0,Low,0
Female,Greater than 45,Hispanic,0,0,0,0.0,-1.0,F,Uttering a Forged Instrument,1,0,Susp Drivers Lic 1st Offense,0,High,1
Male,25 - 45,Native American,1,0,0,6.0,-1.0,F,Possession of Cannabis,1,0,,6,Medium,1
Male,Greater than 45,Asian,0,0,0,0.0,-1.0,F,Uttering a Forged Instrument,0,0,,0,Low,0
Male,Less than 25,Asian,0,0,0,1.0,-26.0,M,Driving Under The Influence,0,0,,1,Low,0
Male,25 - 45,Caucasian,0,0,0,0.0,0.0,F,Grand Theft (Motor Vehicle),1,0,Susp Drivers Lic 1st Offense,0,Low,1
Male,25 - 45,Caucasian,0,0,0,3.0,-1.0,M,arrest case no charge,0,0,,3,Low,0
Female,Greater than 45,Asian,0,0,0,0.0,-1.0,F,Uttering a Forged Instrument,0,0,,0,High,0
Male,Less than 25,Other,0,0,0,0.0,-1.0,M,Battery,0,0,,0,Low,0
Male,Less than 25,Asian,0,1,1,1.0,-1.0,F,Uttering a Forged Instrument,1,0,Petit Theft,1,High,1
Male,Less than 25,Other,0,0,0,2.0,-1.0,F,Uttering a Forged Instrument,1,0,Unlaw Use False Name/Identity,2,High,1
Male,Greater than 45,Caucasian,0,0,1,9.0,-23.0,M,Viol Injunct Domestic Violence,1,1,Felony Battery (Dom Strang),9,High,1
Female,Greater than 45,Other,0,0,0,8.0,-1.0,F,Felony Battery (Dom Strang),0,0,,8,Low,0
Female,Less than 25,Native American,0,0,0,0.0,-1.0,F,Uttering a Forged Instrument,0,0,,0,Low,0
Male,25 - 45,Caucasian,0,0,0,14.0,27.212154685207764,F,arrest case no charge,1,0,Petit Theft,14,Medium,1
Female,25 - 45,Other,0,0,0,0.0,-1.0,F,Uttering a Forged Instrument,0,0,,0,Low,0
Male,Greater than 45,Caucasian,0,3,0,3.0,-1.0,M,Leave Acc/Attend Veh/More $50,1,0,Opert With Susp DL 2nd Offens,3,Medium,1
Female,25 - 45,Caucasian,2,0,0,18.0,-1.0,M,arrest case no charge,0,0,,18,High,0
Male,Less than 25,African-American,0,0,0,8.0,0.0,F,Possession of Cannabis,1,0,Petit Theft,8,Medium,1
Male,Less than 25,African-American,0,0,0,0.0,-1.0,M,Battery,0,0,,0,Low,0
Male,Less than 25,Other,0,0,0,1.0,-1.0,M,Battery,0,0,Burglary Structure Unoccup,1,Medium,0
Male,25 - 45,Native American,0,0,0,0.0,-1.0,M,Possess Cannabis/20 Grams Or Less,0,0,,0,Medium,0
Female,Less than 25,African-American,0,0,0,1.0,-1.0,M,Battery,0,0,,1,Low,0
Female,Greater than 45,Other,0,0,0,1.0,-1.0,F,arrest case no charge,0,0,,1,Low,0
Male,25 - 45,Asian,0,0,0,0.0,-7.943723331800378,M,Uttering a Forged Instrument,1,0,Tresspass in Struct/Convey Occupy,0,Low,1
Female,Greater than 45,African-American,0,0,0,7.0,-1.0,F,arrest case no charge,0,0,,7,Medium,0
Female,Greater than 45,African-American,0,0,0,4.0,-1.0,F,arrest case no charge,1,0,Trespass Struct/Conveyance,4,Medium,1
Female,Greater than 45,Native American,0,0,0,0.0,0.0,M,Driving Under The Influence,0,0,,0,Low,0
Female,Greater than 45,Asian,0,0,0,0.0,-2.0,M,Susp Drivers Lic 1st Offense,1,0,Possession of Cocaine,0,Medium,1
Male,Greater than 45,African-American,0,0,0,1.0,-1.0,F,Pos Cannabis W/Intent Sel/Del,0,0,,1,Medium,0
Female,Greater than 45,African-American,0,0,0,1.0,-1.0,M,Pos Cannabis W/Intent Sel/Del,1,0,Resist/Obstruct W/O Violence,1,Low,1
Female,Less than 25,Asian,0,0,0,7.0,-1.0,F,arrest case no charge,1,0,,7,Low,1
Female,Greater than 45,Caucasian,0,0,0,17.0,0.0,F,arrest case no charge,1,0,Resist/Obstruct W/O Violence,17,Medium,1
Female,Greater than 45,African-American,0,0,0,4.0,-1.0,F,arrest case no charge,1,0,Possess Cannabis/20 Grams Or Less,4,High,1
Female,25 - 45,Other,0,0,0,11.0,-2.0,F,arrest case no charge,1,1,Stalking (Aggravated),11,Medium,1
Male,Less than 25,Native American,0,0,0,7.0,-1.0,F,arrest case no charge,1,1,Battery,7,Low,1
Male,25 - 45,Asian,0,0,0,3.0,0.0,F,Pos Cannabis W/Intent Sel/Del,0,0,,3,Low,0
Male,Greater than 45,Asian,0,0,0,6.0,-1.0,F,arrest case no charge,0,0,,6,Low,0
Female,Greater than 45,Asian,0,0,0,1.0,-4.0,M,Driving Under The Influence,1,0,Possess Cannabis/20 Grams Or Less,1,Low,1
Male,Greater than 45,Native American,0,0,0,4.0,-1.0,F,arrest case no charge,0,0,Poss Cocaine/Intent To Del/Sel,4,Low,0
Female,Less than 25,Other,0,0,0,0.0,-1.0,M,Battery,1,1,Aggravated Battery / Pregnant,0,Low,1
Female,25 - 45,Hispanic,0,0,0,2.0,-1.0,F,Possession Of Alprazolam,1,0,Opert With Susp DL 2nd Offens,2,Medium,1
Male,25 - 45,Caucasian,0,0,0,0.0,-1.0,M,Uttering a Forged Instrument,0,0,,0,Medium,0
Male,Greater than 45,Asian,0,0,0,20.0,9.418367950254158,F,arrest case no charge,1,0,Petit Theft,20,High,1
Female,Less than 25,Hispanic,0,0,0,0.0,0.0,M,Uttering a Forged Instrument,1,0,,0,Low,0
Female,Less than 25,Caucasian,0,0,0,0.0,-1.0,F,Uttering a Forged Instrument,0,0,,0,Low,0
Male,Less than 25,African-American,0,0,0,0.0,-1.0,M,Battery,1,1,Felony Battery w/Prior Convict,0,Low,1
Female,Greater than 45,Native American,0,0,0,5.0,-1.0,F,arrest case no charge,0,0,,5,Low,0
Female,Less than 25,Asian,0,0,0,1.0,25.72933063876698,F,Uttering a Forged Instrument,1,1,Battery,1,Medium,1
Female,Greater than 45,Asian,0,0,0,1.0,-1.0,M,Battery,0,0,,1,Low,0
Female,Less than 25,Asian,0,0,0,1.0,-1.0,F,arrest case no charge,1,1,Battery,1,Medium,1
Male,Greater than 45,Asian,0,0,1,2.0,-1.0,F,arrest case no charge,1,0,Fraudulent Use Credit Card,2,High,1
Male,25 - 45,Other,0,0,0,7.0,-1.0,F,arrest case no charge,1,1,Battery on a Person Over 65,7,Low,1
Male,25 - 45,Caucasian,0,0,0,1.0,-1.0,F,Uttering a Forged Instrument,1,0,Unlaw LicTag/Sticker Attach,1,Low,1
Male,25 - 45,Other,0,0,0,1.0,-1.0,F,arrest case no charge,0,0,,1,Low,0
Female,25 - 45,Other,0,0,0,17.0,-1.0,F,arrest case no charge,1,0,Resist/Obstruct W/O Violence,17,High,1
Female,25 - 45,Native American,0,0,0,0.0,0.0,F,Uttering a Forged Instrument,1,0,Tresspass in Struct/Convey Occupy,0,High,1
Female,Greater than 45,Other,0,1,0,4.0,-1.0,F,arrest case no charge,1,0,Possess Cannabis/20 Grams Or Less,4,High,1
Female,25 - 45,Caucasian,0,0,0,0.0,0.0,F,Uttering a Forged Instrument,1,1,Retaliate Wit/Vict No Injury,0,Low,1
Female,Less than 25,Caucasian,0,0,0,1.0,-1.0,M,Driving Under The Influence,0,0,,1,Medium,0
Female,Greater than 45,Native American,0,0,0,0.0,-1.0,F,Uttering a Forged Instrument,0,0,,0,Low,0
Female,Greater than 45,Other,0,0,0,0.0,0.0,M,Susp Drivers Lic 1st Offense,0,0,,0,Low,0
Male,25 - 45,Asian,0,0,0,0.0,-1.0,M,Battery,0,0,,0,Low,0
Female,Less than 25,Asian,0,0,0,1.0,-1.0,M,Uttering a Forged Instrument,1,0,Aggravated Battery / Pregnant,1,Low,1
Female,Less than 25,Asian,0,0,0,1.0,12.492832452759423,F,Possession of Cannabis,0,0,,1,Medium,0
Female,25 - 45,Native American,1,0,0,1.0,-1.0,F,Uttering a Forged Instrument,1,0,Resist/Obstruct W/O Violence,1,High,1
Female,Greater than 45,Asian,1,0,0,2.0,15.292046268240924,M,arrest case no charge,1,0,Possess Cannabis/20 Grams Or Less,2,Medium,1
Male,Less than 25,Caucasian,0,0,0,3.0,-1.0,M,Battery,1,1,Felony Battery w/Prior Convict,3,High,1
Male,25 - 45,Hispanic,0,1,2,1.0,-1.0,F,Pos Cannabis W/Intent Sel/Del,0,0,,1,Medium,0
Female,Greater than 45,Hispanic,0,0,0,12.0,0.0,M,arrest case no charge,1,0,Poss Cocaine/Intent To Del/Sel,12,Medium,1
Female,Greater than 45,Native American,0,0,0,0.0,-2.0,M,Pos Cannabis W/Intent Sel/Del,0,0,,0,Low,0
Female,Greater than 45,Native American,0,0,0,5.0,-1.0,F,arrest case no charge,1,1,Aggravated Battery / Pregnant,5,Low,1
Male,Greater than 45,Asian,0,0,1,0.0,-1.0,M,Uttering a Forged Instrument,1,0,Petit Theft,0,Medium,1
Male,Less than 25,Other,0,0,0,6.0,-1.0,M,arrest case no charge,0,0,,6,Low,0
Female,25 - 45,Native American,0,0,0,1.0,-24.16111430435584,F,Uttering a Forged Instrument,0,0,,1,Low,1
Female,25 - 45,African-American,0,0,0,0.0,0.0,F,Uttering a Forged Instrument,1,0,Felony Petit Theft,0,Medium,1
Female,Greater than 45,African-American,0,0,0,2.0,-1.0,F,Uttering a Forged Instrument,1,0,Possession of Cocaine,2,Medium,1
Female,Greater than 45,Hispanic,0,0,0,0.0,-1.0,M,Battery,0,0,,0,Low,0
Female,Greater than 45,African-American,0,0,0,0.0,0.0,F,Uttering a Forged Instrument,0,0,,0,Medium,0
Female,25 - 45,Other,0,0,0,4.0,-1.0,M,Battery,1,0,Battery,4,High,1
Male,Greater than 45,Hispanic,0,0,0,1.0,-2.0,F,Uttering a Forged Instrument,1,0,Felony Battery (Dom Strang),1,Low,1
Male,Greater than 45,Asian,0,0,0,2.0,-1.0,M,Battery,0,0,,2,Low,0
Female,Greater than 45,Caucasian,0,0,0,2.0,-2.0,M,Driving Under The Influence,1,0,Opert With Susp DL 2nd Offens,2,Medium,0
Female,Greater than 45,Other,0,0,0,7.0,-1.0,F,Pos Cannabis W/Intent Sel/Del,1,0,Possess Cannabis/20 Grams Or Less,7,High,1
Male,Greater than 45,African-American,0,0,0,7.0,-1.0,F,arrest case no charge,0,0,,7,Low,0
Female,Less than 25,Asian,0,0,0,0.0,-1.0,M,Battery,0,0,,0,Low,0
Male,25 - 45,Native American,0,0,0,0.0,-1.0,F,Grand Theft in the 3rd Degree,1,0,Petit Theft,0,Medium,1
Male,Greater than 45,Asian,0,0,0,0.0,-1.0,M,Battery,0,0,,0,Low,0
Female,Less than 25,Caucasian,0,0,0,0.0,-1.0,F,Uttering a Forged Instrument,0,0,,0,Medium,0
Female,Greater than 45,Asian,0,0,0,1.0,0.0,F,Battery,0,0,,1,Low,0
Male,Greater than 45,Native American,0,0,0,0.0,-1.0,F,Possess Cannabis/20 Grams Or Less,1,1,Viol Injunct Domestic Violence,0,Low,1
Female,25 - 45,Caucasian,0,0,0,1.0,-1.0,M,Susp Drivers Lic 1st Offense,0,0,,1,Low,0
Male,Greater than 45,Native American,0,0,0,0.0,-1.0,F,Uttering a Forged Instrument,1,0,Viol Injunct Domestic Violence,0,Low,1
Male,Greater than 45,Other,0,0,0,0.0,-1.0,M,Battery,0,0,,0,Low,0
Female,25 - 45,Other,0,0,0,3.0,-1.0,F,arrest case no charge,0,0,,3,Medium,1
Male,Less than 25,Asian,0,0,0,1.0,0.0,M,Uttering a Forged Instrument,1,0,,1,Low,0
Male,25 - 45,African-American,0,0,0,4.0,-1.0,F,Grand Theft (Motor Vehicle),1,0,Unlaw Use False Name/Identity,4,Low,1
Female,25 - 45,African-American,0,0,0,4.0,-1.0,F,Possession Of Alprazolam,0,0,,4,Medium,0
Female,Less than 25,Native American,0,0,0,0.0,-1.0,F,Uttering a Forged Instrument,1,0,Viol Injunct Domestic Violence,0,Low,1
Male,Greater than 45,Asian,0,0,0,1.0,0.0,F,Grand Theft in the 3rd Degree,0,0,,1,Low,0
Female,Less than 25,Hispanic,0,0,0,0.0,0.0,F,Uttering a Forged Instrument,0,0,,0,Low,0
Male,Greater than 45,Native American,0,0,0,0.0,-1.0,M,Uttering a Forged Instrument,0,0,,0,Low,0
Male,Greater than 45,Other,0,0,0,7.0,-1.0,F,arrest case no charge,1,0,Opert With Susp DL 2nd Offens,7,Low,0
Male,Less than 25,African-American,0,0,0,0.0,-2.0,F,Uttering a Forged Instrument,0,0,,0,Low,0
Female,Greater than 45,Other,0,0,0,0.0,0.0,M,Uttering a Forged Instrument,0,0,,0,Low,0
Female,25 - 45,Asian,0,0,0,6.0,-1.0,F,arrest case no charge,1,0,Resist/Obstruct W/O Violence,6,High,1
Male,Greater than 45,Hispanic,0,0,0,0.0,0.0,M,Battery,1,1,Retaliate Wit/Vict No Injury,0,Low,1
Male,Less than 25,Asian,0,0,0,2.0,0.0,F,Uttering a Forged Instrument,0,0,,2,Low,0
Female,Greater than 45,Native American,1,0,0,10.0,-1.0,F,Possession Of Alprazolam,1,1,Stalking (Aggravated),10,Medium,1
Female,Less than 25,Hispanic,0,0,0,0.0,-1.0,F,Uttering a Forged Instrument,1,1,Aggravated Battery / Pregnant,0,Low,1
Male,Greater than 45,Hispanic,0,0,0,0.0,-1.0,F,Pos Cannabis W/Intent Sel/Del,0,0,,0,Medium,0
Female,Greater than 45,African-American,0,0,0,0.0,0.0,M,Uttering a Forged Instrument,0,0,,0,Low,0
Female,Greater than 45,Caucasian,0,0,0,8.0,0.0,F,arrest case no charge,0,0,,8,Low,1
Male,Less than 25,Caucasian,0,0,0,0.0,0.0,M,Uttering a Forged Instrument,0,0,,0,Low,0
Male,Less than 25,Other,0,0,0,1.0,-1.0,F,Grand Theft in the 3rd Degree,0,0,,1,Medium,0
Male,Less than 25,Other,0,0,0,0.0,-1.0,M,Uttering a Forged Instrument,0,0,,0,Low,0
Male,25 - 45,Hispanic,0,0,0,2.0,-2.0,F,Possession Of Alprazolam,1,0,Possess Cannabis/20 Grams Or Less,2,Low,1
Female,25 - 45,Asian,0,0,0,15.0,0.0,F,arrest case no charge,0,0,,15,Medium,0
Male,25 - 45,African-American,0,0,0,2.0,-1.0,M,arrest case no charge,1,0,,2,Medium,1
Female,Less than 25,African-American,0,0,0,5.0,-1.0,F,arrest case no charge,0,0,,5,Low,0
Female,Less than 25,African-American,0,1,0,11.0,-1.0,F,Possession of Cannabis,1,0,Petit Theft,11,High,1
Female,Less than 25,Native American,0,0,0,3.0,0.0,F,Uttering a Forged Instrument,0,0,,3,Low,0
Female,Less than 25,African-American,0,0,0,2.0,0.0,M,Battery,0,0,,2,Medium,0
Female,Less than 25,Other,0,0,0,5.0,-1.0,F,Possession of Cannabis,0,0,,5,Medium,0
Male,25 - 45,Caucasian,0,0,0,1.0,-1.0,F,Battery,1,1,Battery,1,Low,0
Male,Less than 25,African-American,0,0,0,5.0,0.0,F,arrest case no charge,0,0,,5,Low,0
Male,Greater than 45,Hispanic,0,0,0,0.0,-1.0,F,Pos Cannabis W/Intent Sel/Del,1,0,Susp Drivers Lic 1st Offense,0,Low,1
Female,25 - 45,Caucasian,0,1,0,3.0,-1.0,M,arrest case no charge,1,0,Opert With Susp DL 2nd Offens,3,Medium,1
Male,Greater than 45,Other,0,0,0,0.0,-1.0,F,Pos Cannabis W/Intent Sel/Del,0,0,,0,Low,0
Male,Greater than 45,Other,0,0,0,0.0,-1.0,M,Battery,0,0,,0,Medium,0
Male,Greater than 45,Other,3,0,0,2.0,-21.0,F,arrest case no charge,1,0,Neglect Child / No Bodily Harm,2,High,1
Female,Greater than 45,African-American,0,0,0,0.0,-1.0,M,Battery,0,0,,0,Low,0
Female,Greater than 45,Asian,0,0,0,1.0,0.0,F,Pos Cannabis W/Intent Sel/Del,1,0,Possess Cannabis/20 Grams Or Less,1,Low,1
Male,25 - 45,Caucasian,0,0,0,27.092558339062894,-1.0,F,arrest case no charge,1,0,Trespass Struct/Conveyance,26,High,1
Male,Greater than 45,Hispanic,0,0,0,7.0,-1.0,F,arrest case no charge,0,0,,7,Low,0
Female,25 - 45,African-American,0,0,0,0.0,0.0,F,Uttering a Forged Instrument,0,0,,0,Low,0
Female,Less than 25,Asian,0,0,1,5.0,-1.0,F,Pos Cannabis W/Intent Sel/Del,1,0,Possess Cannabis/20 Grams Or Less,5,Medium,1
Male,25 - 45,Asian,0,0,0,1.0,-1.0,M,Driving Under The Influence,1,0,Possess Cannabis/20 Grams Or Less,1,Medium,1
Male,25 - 45,African-American,0,0,0,0.0,0.0,M,Driving Under The Influence,0,0,,0,Low,0
Female,25 - 45,Native American,0,0,0,5.0,0.0,F,arrest case no charge,1,1,Battery,5,Medium,1
Female,25 - 45,Asian,1,2,2,6.0,-1.0,F,Conspiracy Dealing Stolen Prop,1,1,Loitering/Prowling,6,Medium,0
Male,25 - 45,Other,0,0,0,1.0,-6.0,F,arrest case no charge,0,0,Opert With Susp DL 2nd Offens,1,Low,0
Male,Less than 25,African-American,0,0,0,5.0,0.0,F,arrest case no charge,1,0,Possess Cannabis/20 Grams Or Less,5,Medium,1
Female,25 - 45,African-American,0,0,0,13.0,-1.0,M,arrest case no charge,1,1,Felony Battery w/Prior Convict,13,Medium,1
Female,Less than 25,Hispanic,0,0,0,8.0,-1.0,F,arrest case no charge,1,0,,8,Medium,0
Male,Greater than 45,Native American,0,0,0,0.0,-1.0,F,Grand Theft in the 3rd Degree,1,1,Robbery W/Firearm,0,High,1
Male,Less than 25,Other,0,0,0,0.0,-1.0,F,Uttering a Forged Instrument,0,0,,0,Medium,0
Male,Greater than 45,Caucasian,0,0,0,0.0,-1.0,F,Uttering a Forged Instrument,1,0,Unlaw LicTag/Sticker Attach,0,Low,1
Female,25 - 45,African-American,0,0,0,0.0,-4.0,M,Uttering a Forged Instrument,0,0,,0,Medium,0
Male,Less than 25,Hispanic,0,0,0,3.0,0.0,F,Uttering a Forged Instrument,0,0,,3,Low,0
Male,25 - 45,Caucasian,0,0,0,6.0,-4.0,F,Possession Of Alprazolam,0,0,,6,Low,0
Male,Less than 25,Hispanic,0,0,0,5.0,-1.0,F,Possession of Cannabis,0,0,,5,Low,0
Male,25 - 45,Native American,1,0,0,19.0,-1.0,F,Possession of Cannabis,1,0,Burglary Conveyance Unoccup,19,High,1
Male,25 - 45,African-American,0,0,0,0.0,-1.0,M,Battery,1,0,Possess Cannabis/20 Grams Or Less,0,Low,1
Male,Greater than 45,Other,0,0,0,0.0,-1.0,F,Uttering a Forged Instrument,0,0,,0,Low,0
Male,Greater than 45,Caucasian,0,0,0,0.0,0.0,M,Possess Cannabis/20 Grams Or Less,0,0,,0,Low,0
Female,25 - 45,Hispanic,0,0,3,12.0,0.0,F,Refuse Submit Blood/Breath Test,1,1,Robbery W/Firearm,12,Medium,1
Male,Less than 25,Caucasian,0,1,0,1.0,-1.0,F,Grand Theft in the 3rd Degree,1,0,Resist/Obstruct W/O Violence,1,High,1
Female,25 - 45,Asian,0,0,0,0.0,0.0,M,Driving Under The Influence,0,0,,0,Low,0
Male,25 - 45,Asian,0,0,0,9.0,-1.0,F,arrest case no charge,1,0,,9,High,0
Female,Greater than 45,Caucasian,0,0,1,2.0,-1.0,F,Uttering a Forged Instrument,1,0,Unlaw Use False Name/Identity,2,Low,1
Female,Less than 25,Other,0,0,0,0.0,0.0,M,Battery,0,0,,0,Low,0
Female,Greater than 45,Caucasian,0,0,0,2.0,0.0,F,Grand Theft in the 3rd Degree,1,0,Viol Injunct Domestic Violence,2,High,1
Male,Less than 25,Native American,0,0,0,3.0,-1.0,F,Grand Theft in the 3rd Degree,0,0,,3,High,0
Female,25 - 45,Hispanic,0,0,0,11.0,-1.0,F,arrest case no charge,1,0,Resist/Obstruct W/O Violence,11,High,1
Male,25 - 45,African-American,0,0,0,3.0,-1.0,F,Grand Theft (Motor Vehicle),0,0,,3,Medium,0
Male,25 - 45,Hispanic,0,0,0,1.0,-1.0,M,Possess Cannabis/20 Grams Or Less,1,0,Burglary Structure Unoccup,1,Low,1
Female,Greater than 45,Hispanic,0,0,0,1.0,-1.0,F,Uttering a Forged Instrument,1,0,Possess Cannabis/20 Grams Or Less,1,Medium,1
Female,Less than 25,Asian,0,0,0,1.0,-1.0,M,Driving Under The Influence,1,0,Stalking (Aggravated),1,Low,1
Male,Greater than 45,Other,0,0,0,19.0,0.0,F,arrest case no charge,1,0,,19,High,0
Male,Less than 25,Hispanic,0,0,0,0.0,-1.0,M,Uttering a Forged Instrument,0,0,,0,Low,0
Female,Less than 25,Hispanic,0,1,0,3.0,-1.0,M,Battery,1,0,Burglary Structure Unoccup,3,High,1
Male,Greater than 45,Caucasian,0,0,0,0.0,-1.0,F,Grand Theft in the 3rd Degree,1,0,Aggravated Battery / Pregnant,0,Low,1
Male,Greater than 45,Other,0,0,0,3.0,-1.0,F,Driving Under The Influence,0,0,,3,Low,0
Female,Greater than 45,Caucasian,0,0,0,1.0,-1.0,F,Uttering a Forged Instrument,1,1,Aggravated Battery / Pregnant,1,Low,1
Female,Greater than 45,African-American,0,0,0,4.0,-1.0,M,Susp Drivers Lic 1st Offense,1,0,,4,Medium,1
Female,Less than 25,Caucasian,0,0,0,4.0,-1.0,F,arrest case no charge,0,0,,4,Low,0
Male,Less than 25,Caucasian,0,0,0,1.0,-1.0,F,Uttering a Forged Instrument,0,0,,1,Low,0
Male,25 - 45,Native American,0,0,0,11.0,-1.0,M,arrest case no charge,1,0,Unlaw Use False Name/Identity,11,High,1
Male,25 - 45,Other,0,0,0,3.0,-1.0,F,Felony Battery (Dom Strang),0,0,,3,Low,0
Male,Less than 25,Asian,0,0,1,2.0,-1.0,F,Purchase Cannabis,1,1,Stalking (Aggravated),2,Medium,1
Male,Greater than 45,Hispanic,0,0,0,0.0,-1.0,F,Uttering a Forged Instrument,0,0,,0,Low,0
Male,25 - 45,African-American,0,0,0,13.0,-1.0,F,arrest case no charge,1,0,Possess Cannabis/20 Grams Or Less,13,High,1
Male,25 - 45,Other,1,0,0,18.159933298466107,0.0,F,Possession of Cannabis,1,0,Trespass Struct/Convey Occupy,18,Medium,1
Female,Greater than 45,Hispanic,0,0,0,5.0,-1.0,M,Battery,1,1,Battery,5,Medium,1
Female,25 - 45,Other,0,1,0,14.0,29.033416644005065,M,Felony Battery w/Prior Convict,1,1,Battery,14,Medium,1
Female,Greater than 45,African-American,0,0,0,1.0,-13.0,M,Driving Under The Influence,0,0,,1,Low,0
Female,Greater than 45,Native American,0,1,0,11.0,-1.0,F,arrest case no charge,1,0,Fail Register Vehicle,11,High,1
Male,Greater than 45,Native American,0,0,0,1.0,0.0,M,Leave Acc/Attend Veh/More $50,0,0,,1,Low,0
Female,Greater than 45,Other,0,0,0,9.0,-1.0,M,Battery,0,0,,9,Medium,0
Female,25 - 45,Native American,0,0,0,2.0,-1.0,F,Grand Theft in the 3rd Degree,1,0,,2,Medium,1
Male,25 - 45,African-American,0,0,0,0.0,-1.0,F,Uttering a Forged Instrument,0,0,,0,Low,0
Male,Greater than 45,Hispanic,0,0,1,1.0,-23.0,F,Pos Cannabis W/Intent Sel/Del,0,0,,1,Low,0
Female,25 - 45,Native American,0,0,0,0.0,-1.0,M,Possess Cannabis/20 Grams Or Less,1,1,Stalking (Aggravated),0,Medium,1
Female,Greater than 45,Asian,0,0,3,9.0,-1.0,F,arrest case no charge,1,0,,9,Low,1
Male,Less than 25,Hispanic,0,0,0,0.0,-1.0,F,Pos Cannabis W/Intent Sel/Del,1,0,Trespass Struct/Conveyance,0,Medium,1
Female,Greater than 45,Hispanic,0,0,0,2.0,-1.0,M,Driving Under The Influence,0,0,,2,Medium,0
Male,Less than 25,Other,0,0,0,2.0,-1.0,F,arrest case no charge,1,1,Battery on a Person Over 65,2,Low,1
Female,Less than 25,Caucasian,0,0,2,4.0,-10.0,M,Refuse Submit Blood/Breath Test,0,0,,4,High,0
Female,Greater than 45,Other,0,0,0,6.0,0.0,M,arrest case no charge,1,0,Possess Cannabis/20 Grams Or Less,6,Low,1
Female,Less than 25,Caucasian,0,0,0,2.0,-1.0,M,Driving Under The Influence,0,0,,2,Medium,0
Female,25 - 45,Caucasian,0,0,0,1.0,-30.0,F,Uttering a Forged Instrument,0,0,,1,Low,0
Male,25 - 45,African-American,0,0,0,9.0,-1.0,F,arrest case no charge,1,0,Petit Theft,9,Low,1
Male,Less than 25,African-American,0,0,0,9.0,0.0,F,arrest case no charge,0,0,,9,Medium,0
Male,Less than 25,Caucasian,0,0,0,0.0,-1.0,M,Battery,0,0,,0,Medium,0
Female,25 - 45,Native American,0,0,0,0.0,-1.0,F,Uttering a Forged Instrument,1,0,Petit Theft,0,Low,1
Female,25 - 45,Asian,2,0,0,8.0,0.0,F,Poss Cocaine/Intent To Del/Sel,1,0,,8,High,1
Female,25 - 45,Caucasian,0,5,1,19.0,-1.0,M,arrest case no charge,0,0,,19,High,0
Male,Less than 25,Asian,0,0,0,2.0,-1.0,F,arrest case no charge,0,0,,2,Low,0
Female,Less than 25,African-American,0,0,0,3.0,-1.0,M,Driving Under The Influence,1,0,Unlaw LicTag/Sticker Attach,3,Low,1
Female,Greater than 45,Native American,0,0,0,1.0,-1.0,F,Pos Cannabis W/Intent Sel/Del,1,0,Poss Cocaine/Intent To Del/Sel,1,High,1
Male,25 - 45,Hispanic,0,0,0,0.0,0.0,M,Uttering a Forged Instrument,0,0,Armed Kidnapping,0,Low,0
Male,Greater than 45,African-American,0,0,0,21.000000000000004,-1.0,F,arrest case no charge,1,0,Fail Register Vehicle,21,High,1
Male,Greater than 45,African-American,0,0,0,15.0,-10.0,F,arrest case no charge,0,0,,15,Medium,0
Female,Greater than 45,African-American,0,0,0,9.0,0.0,F,arrest case no charge,1,0,Possess Cannabis/20 Grams Or Less,9,Medium,1
Female,Greater than 45,Other,0,0,0,1.0,0.0,M,Battery,1,0,Felony Petit Theft,1,Low,1
Male,25 - 45,Caucasian,0,0,0,0.0,-1.0,F,Uttering a Forged Instrument,0,0,,0,Low,0
Male,25 - 45,African-American,0,0,0,3.0,-1.0,F,Uttering a Forged Instrument,1,1,Robbery W/Firearm,3,High,1
Female,25 - 45,Hispanic,0,0,0,0.0,-1.0,F,Grand Theft in the 3rd Degree,0,0,,0,Medium,0
Male,Greater than 45,Caucasian,0,0,0,7.0,-1.0,F,arrest case no charge,1,0,Trespass,7,Medium,1
Male,25 - 45,Caucasian,1,7,5,23.0,-1.0,F,Purchase Cannabis,1,0,Unlicensed Contractor,23,High,1
Male,Less than 25,Native American,0,0,0,0.0,-1.0,M,Battery,0,0,,0,Low,0
Female,Less than 25,Other,0,0,6,3.0,-1.0,M,Refuse Submit Blood/Breath Test,0,0,,3,Medium,0
Male,25 - 45,Native American,0,0,0,0.0,-1.0,F,Uttering a Forged Instrument,1,0,Resist/Obstruct W/O Violence,0,Medium,1
Female,25 - 45,Other,0,0,0,9.0,-1.0,M,Battery,1,0,Unlaw LicTag/Sticker Attach,9,Medium,1
Male,Less than 25,Native American,0,0,0,0.0,-1.0,M,Battery,0,0,,0,Low,0
Male,Less than 25,Other,0,0,0,2.0,-1.0,M,Uttering a Forged Instrument,1,0,,2,Medium,1
Female,Greater than 45,Hispanic,0,0,0,0.0,0.0,M,Battery,0,0,,0,Low,0
Male,Greater than 45,Other,0,0,0,0.0,-7.0,M,Pos Cannabis W/Intent Sel/Del,0,0,,0,Low,0
Male,Greater than 45,Other,0,0,0,3.0,-1.0,M,Battery,0,0,,3,Low,0
Male,Less than 25,Hispanic,0,0,0,9.0,0.0,F,Possession of Cannabis,1,0,Fail Register Vehicle,9,High,1
Female,Less than 25,African-American,0,0,0,0.0,-1.0,M,Battery,0,0,,0,Low,0
Male,Greater than 45,Native American,0,0,0,0.0,-1.0,M,Battery,1,1,Battery on a Person Over 65,0,Low,1
Female,Less than 25,Asian,0,0,0,4.0,0.0,M,Driving Under The Influence,0,0,,4,Low,0
Female,Less than 25,Asian,0,0,0,4.0,-26.0,F,arrest case no charge,0,0,,4,Low,1
Female,25 - 45,Asian,0,0,0,0.0,-3.0,F,Uttering a Forged Instrument,0,0,,0,Low,0
Male,Greater than 45,Caucasian,0,0,0,2.0,0.0,M,Battery,1,1,Battery,2,High,1
Male,Less than 25,African-American,0,0,0,1.0,0.0,M,Driving Under The Influence,1,0,Burglary Structure Unoccup,1,Low,1
Female,Less than 25,Asian,0,0,0,0.0,-1.0,F,Uttering a Forged Instrument,0,0,,0,Low,1
Male,25 - 45,Native American,0,0,0,15.0,-1.0,F,arrest case no charge,1,0,Possession of Cocaine,15,High,1
Female,Greater than 45,Native American,0,0,0,7.0,0.0,F,arrest case no charge,1,0,Felony Battery (Dom Strang),7,Low,0
Male,Less than 25,Other,0,0,0,0.0,0.0,F,Uttering a Forged Instrument,0,0,,0,Low,0
Male,Greater than 45,Caucasian,0,0,0,2.0,-1.0,M,Battery,1,0,,2,Low,1
Female,25 - 45,Other,0,0,0,10.0,0.0,M,arrest case no charge,0,0,,10,Low,0
Male,Less than 25,Caucasian,0,0,0,0.0,-1.0,F,Pos Cannabis W/Intent Sel/Del,0,0,,0,Low,0
Female,Less than 25,African-American,0,0,2,0.0,-1.0,F,Grand Theft (Motor Vehicle),1,1,Battery,0,Medium,1
Female,Less than 25,Hispanic,0,0,0,0.0,0.0,F,Possess Cannabis/20 Grams Or Less,1,1,Battery,0,High,1
Female,25 - 45,Hispanic,0,0,0,2.0,-1.0,F,arrest case no charge,0,0,,2,Medium,0
Male,Less than 25,Hispanic,0,0,0,2.0,-1.0,M,Battery,0,0,,2,Low,0
Male,25 - 45,Other,0,0,0,1.0,-1.0,M,arrest case no charge,0,0,,1,Low,0
Male,25 - 45,Hispanic,0,0,0,2.0,-22.0,F,Possession Of Alprazolam,1,0,Felony Battery (Dom Strang),2,Low,1
Male,25 - 45,Asian,0,0,0,1.0,-1.0,M,Battery,0,0,,1,Medium,0
Male,Less than 25,Other,0,0,0,1.0,-1.0,F,Possess Cannabis/20 Grams Or Less,1,1,Stalking (Aggravated),1,High,1
Male,25 - 45,Native American,0,1,0,2.0,-1.0,F,Leave Acc/Attend Veh/More $50,0,0,,2,High,0
Female,Greater than 45,African-American,0,0,0,3.0,-1.0,F,Uttering a Forged Instrument,1,0,Trespass Struct/Conveyance,3,Medium,1
Female,Greater than 45,African-American,0,0,0,3.0,-1.0,F,arrest case no charge,0,0,,3,Low,0
Male,Less than 25,Caucasian,0,7,1,8.0,-1.0,F,Burglary Structure Unoccup,1,1,Battery Upon Detainee,8,High,1
Male,Less than 25,African-American,0,0,0,0.0,-1.0,M,Battery,0,0,,0,Low,0
Male,Less than 25,Hispanic,0,0,0,6.0,-1.0,F,Aggravated Assault W/Dead Weap,1,1,Battery,6,High,1
Female,Greater than 45,Asian,0,0,0,0.0,-1.0,M,Uttering a Forged Instrument,0,0,,0,Low,0
Male,25 - 45,Caucasian,0,0,0,5.0,-1.0,F,arrest case no charge,1,0,Poss Cocaine/Intent To Del/Sel,5,Medium,1
Female,25 - 45,Hispanic,0,0,0,0.0,-1.0,M,Uttering a Forged Instrument,0,0,,0,Low,0
Female,Less than 25,Other,0,0,0,0.0,0.0,M,Uttering a Forged Instrument,1,0,Susp Drivers Lic 1st Offense,0,Low,1
Female,25 - 45,Other,0,0,1,2.0,0.0,M,Battery,1,1,Retaliate Wit/Vict No Injury,2,Low,1
Male,Less than 25,Caucasian,0,0,2,11.0,0.0,F,Robbery / Weapon,1,1,Battery on a Person Over 65,11,High,0
Male,Less than 25,Native American,0,0,0,1.0,-2.0,M,Driving Under The Influence,0,0,,1,Low,0
Male,25 - 45,Hispanic,0,0,0,0.0,0.0,F,Uttering a Forged Instrument,0,0,,0,Low,0
Male,Less than 25,Hispanic,0,3,0,8.0,-1.0,F,Robbery / No Weapon,1,1,Aggravated Battery / Pregnant,8,High,1
Male,Less than 25,Native American,0,0,0,11.0,-1.0,F,arrest case no charge,1,0,Trespass Struct/Conveyance,11,Medium,1
Male,25 - 45,African-American,0,1,0,3.0,-11.0,F,arrest case no charge,1,1,Battery,3,Low,1
Female,25 - 45,African-American,0,0,0,1.0,0.0,F,arrest case no charge,0,0,,1,Low,0
Male,Greater than 45,Other,0,0,0,0.0,-1.0,F,Uttering a Forged Instrument,0,0,,0,Low,0
Female,Less than 25,African-American,0,1,8,2.0,-1.0,F,Oper Motorcycle W/O Valid DL,1,0,Possess Cannabis/20 Grams Or Less,2,High,1
Female,Greater than 45,Hispanic,0,0,0,0.0,-5.0,F,Uttering a Forged Instrument,0,0,,0,Low,0
Male,Greater than 45,Native American,0,0,0,18.12707374247592,-1.0,M,arrest case no charge,1,0,Unlaw Use False Name/Identity,18,Medium,1
Male,Less than 25,African-American,0,0,0,3.0,0.0,M,Driving Under The Influence,1,1,Battery,3,Low,1
Female,25 - 45,Asian,0,0,0,1.0,-1.0,F,Uttering a Forged Instrument,0,0,,1,Low,0
Female,Less than 25,Hispanic,0,0,0,6.0,-1.0,F,arrest case no charge,1,0,Felony Petit Theft,6,Medium,1
Male,25 - 45,Native American,0,0,0,3.0,-1.0,F,Uttering a Forged Instrument,1,0,Possess Cannabis/20 Grams Or Less,3,Medium,1
Male,Greater than 45,Other,0,0,0,2.0,-1.0,F,arrest case no charge,0,0,,2,Low,0
Male,25 - 45,Native American,0,0,0,0.0,-1.0,M,Possess Cannabis/20 Grams Or Less,0,0,,0,High,0
Male,Greater than 45,Hispanic,0,0,0,14.0,-1.0,M,arrest case no charge,1,0,,14,Medium,1
Male,25 - 45,Asian,0,0,0,2.0,-1.0,F,Grand Theft (Motor Vehicle),0,0,Fail Register Vehicle,2,Low,1
Female,25 - 45,Caucasian,0,0,0,0.0,-1.0,M,Uttering a Forged Instrument,1,0,Disorderly Intoxication,0,Low,1
Female,25 - 45,African-American,0,0,0,0.0,0.0,M,Uttering a Forged Instrument,0,0,,0,Low,0
Female,Greater than 45,African-American,0,0,0,3.0,-1.0,F,Pos Cannabis W/Intent Sel/Del,1,0,Stalking (Aggravated),3,Low,1
Male,Greater than 45,Native American,0,0,0,7.0,0.0,F,arrest case no charge,1,0,Resist/Obstruct W/O Violence,7,High,1
Female,Less than 25,Hispanic,0,0,0,0.0,-1.0,M,Battery,0,0,,0,Low,0
Male,Less than 25,Other,0,0,0,1.0,-1.0,M,Battery,0,0,,1,Low,0
Female,Less than 25,Hispanic,0,0,1,0.0,0.0,F,Uttering a Forged Instrument,0,0,,0,Medium,0
Female,Less than 25,Hispanic,0,0,0,17.0,-25.0,F,arrest case no charge,1,0,Tresspass in Struct/Convey Occupy,17,Medium,1
Female,Less than 25,Hispanic,0,0,0,0.0,0.0,M,Possess Cannabis/20 Grams Or Less,0,0,,0,Medium,0
Male,Greater than 45,Native American,0,0,1,20.0,-1.0,M,arrest case no charge,1,0,Felony Petit Theft,19,Medium,0
Male,Less than 25,Asian,0,0,0,2.0,26.058480268755446,F,Grand Theft in the 3rd Degree,0,0,,2,Low,0
Female,Greater than 45,Other,0,0,0,0.0,-1.0,M,Possess Cannabis/20 Grams Or Less,1,1,Battery,0,Low,1
Male,25 - 45,Hispanic,0,0,0,0.0,0.0,M,Battery,0,0,,0,Low,0
Female,25 - 45,Other,0,0,0,0.0,-1.0,M,Battery,1,0,Petit Theft,0,Low,1
Female,Less than 25,Native American,0,0,0,2.0,-13.0,F,arrest case no charge,1,0,Expired DL More Than 6 Months,2,Low,1
Male,25 - 45,Hispanic,0,0,0,4.0,-1.0,F,Uttering a Forged Instrument,0,0,,4,Medium,0
Female,25 - 45,Other,0,0,0,1.0,-1.0,M,Driving Under The Influence,0,0,,1,Low,0
Male,Less than 25,Other,0,0,0,4.0,-1.0,M,Uttering a Forged Instrument,1,0,Fail Register Vehicle,4,Medium,1
Male,Greater than 45,Caucasian,0,0,0,0.0,-1.0,M,Uttering a Forged Instrument,1,0,Fail Register Vehicle,0,Low,1
Male,Less than 25,Native American,0,0,0,0.0,-2.0,F,Uttering a Forged Instrument,0,0,,0,Low,0
Female,Less than 25,Hispanic,0,0,0,7.0,-1.0,M,arrest case no charge,0,0,,7,Medium,0
Male,Less than 25,Asian,0,0,0,5.0,-22.0,F,arrest case no charge,1,0,Burglary Conveyance Unoccup,5,Medium,1
Male,Less than 25,Asian,0,0,0,0.0,0.0,F,Uttering a Forged Instrument,0,0,,0,Low,0
Female,Less than 25,African-American,0,0,0,6.0,-1.0,F,arrest case no charge,1,0,Possession of Cocaine,6,High,1
Female,Less than 25,Other,0,0,0,0.0,-1.0,M,Battery,0,0,,0,Low,0
Male,25 - 45,Other,0,0,0,3.0,-1.0,F,arrest case no charge,0,0,,3,Low,0
Male,Less than 25,Native American,0,0,0,12.0,-1.0,F,arrest case no charge,0,0,,12,Medium,0
Female,Greater than 45,Caucasian,0,0,0,3.0,-1.0,M,Battery,1,0,Poss Cocaine/Intent To Del/Sel,3,Low,1
Female,Less than 25,Native American,0,0,0,0.0,-2.0,M,Battery,1,0,Susp Drivers Lic 1st Offense,0,Low,1
Female,Greater than 45,Asian,0,0,0,0.0,0.0,M,Battery,0,0,,0,Low,0
Female,Greater than 45,Native American,0,0,0,0.0,-1.0,F,Pos Cannabis W/Intent Sel/Del,0,0,,0,Low,0
Female,Less than 25,Caucasian,0,0,0,4.0,-1.0,F,arrest case no charge,1,0,Felony Battery (Dom Strang),4,Medium,1
Female,Greater than 45,Hispanic,0,0,0,1.0,0.0,F,Uttering a Forged Instrument,0,0,,1,Low,0
Male,Greater than 45,Other,0,0,0,2.0,-1.0,M,Possess Cannabis/20 Grams Or Less,0,0,,2,Medium,0
Female,Less than 25,Native American,0,0,0,7.0,0.0,F,Possession of Cannabis,0,0,Robbery W/Firearm,7,Low,1
Female,Greater than 45,Asian,0,0,0,9.0,0.0,F,arrest case no charge,1,0,Disorderly Intoxication,9,High,0
Female,Greater than 45,African-American,0,0,0,3.0,-1.0,F,Pos Cannabis W/Intent Sel/Del,1,0,Unlaw LicTag/Sticker Attach,3,Low,1
Male,25 - 45,Caucasian,0,0,0,1.0,-12.39869594270679,F,Uttering a Forged Instrument,0,0,,1,Low,0
Male,25 - 45,Native American,0,0,0,2.0,-10.0,F,Grand Theft in the 3rd Degree,1,0,Felony Petit Theft,2,Low,1
Male,Less than 25,African-American,0,0,0,3.0,-1.0,F,Pos Cannabis W/Intent Sel/Del,1,0,Resist/Obstruct W/O Violence,3,Medium,1
Male,Greater than 45,Native American,0,0,0,4.0,-1.0,M,arrest case no charge,1,0,,4,Low,1
Female,Greater than 45,African-American,0,0,0,0.0,-1.0,F,Uttering a Forged Instrument,1,0,Stalking (Aggravated),0,Low,1
Female,25 - 45,Caucasian,0,0,0,2.0,-1.0,M,arrest case no charge,0,0,,2,Low,0
Male,25 - 45,Asian,0,0,0,0.0,-1.0,F,Pos Cannabis W/Intent Sel/Del,0,0,,0,Low,0
Male,Less than 25,African-American,0,0,0,10.0,-1.0,M,arrest case no charge,1,0,Possession of Cocaine,10,High,1
Male,Less than 25,Other,0,0,0,0.0,-1.0,F,Possess Cannabis/20 Grams Or Less,1,1,Felony Battery (Dom Strang),0,Low,1
Female,25 - 45,Native American,0,0,0,11.0,-1.0,F,arrest case no charge,0,0,,11,High,0
Female,25 - 45,Caucasian,0,0,0,8.0,-1.0,F,Possession of Cannabis,1,0,Burglary Structure Unoccup,8,Medium,0
Male,25 - 45,Caucasian,0,0,0,1.0,-1.0,M,Battery,0,0,,1,Low,0
Male,Less than 25,African-American,0,0,0,1.0,0.0,M,Battery,1,1,Stalking (Aggravated),1,Low,1
Male,Less than 25,Asian,0,0,0,0.0,-1.0,F,Uttering a Forged Instrument,1,0,Disorderly Intoxication,0,Low,1
Female,Less than 25,Other,0,0,0,0.0,0.0,F,Uttering a Forged Instrument,1,0,,0,Low,0
Male,25 - 45,Other,0,0,0,0.0,-1.0,F,Uttering a Forged Instrument,1,1,Robbery W/Firearm,0,Low,1
Male,25 - 45,Caucasian,4,0,0,5.0,-1.0,F,arrest case no charge,1,0,Possession of Cocaine,5,High,1
Female,Greater than 45,Hispanic,0,0,0,6.0,-3.0,F,arrest case no charge,1,1,Battery,6,Medium,1
Male,Less than 25,African-American,0,0,0,3.0,19.609749166789925,F,arrest case no charge,1,1,Felony Battery (Dom Strang),3,Medium,1
Male,25 - 45,Native American,0,0,0,3.0,0.0,M,Driving Under The Influence,0,0,,3,Low,0
Male,25 - 45,Native American,0,0,0,7.0,-1.0,F,arrest case no charge,0,0,Resist/Obstruct W/O Violence,7,Medium,1
Male,Less than 25,Caucasian,0,0,0,5.0,0.0,M,Driving Under The Influence,0,0,,5,Low,0
Male,Less than 25,Asian,0,0,0,1.0,-27.0,F,arrest case no charge,0,0,,1,Low,0
Female,Less than 25,Hispanic,0,0,0,7.0,-1.0,F,Possession of Cannabis,1,0,Disorderly Intoxication,7,Medium,1
Male,25 - 45,Native American,0,0,0,0.0,-1.0,F,Uttering a Forged Instrument,0,0,,0,Medium,0
Male,Greater than 45,African-American,0,0,0,0.0,-1.0,M,Battery,0,0,,0,Low,0
Male,25 - 45,Native American,0,0,0,2.0,-1.0,F,Uttering a Forged Instrument,0,0,,2,Medium,0
Female,Less than 25,Other,0,0,0,11.0,0.0,F,Possession of Cannabis,0,0,,11,Medium,0
Male,Less than 25,Caucasian,0,1,0,13.0,-1.0,F,arrest case no charge,1,0,Possess Cannabis/20 Grams Or Less,13,High,1
Female,Greater than 45,Native American,0,0,0,0.0,-1.0,F,Uttering a Forged Instrument,1,0,Trespass Struct/Conveyance,0,Low,1
Female,25 - 45,Other,0,0,0,9.0,-1.0,F,arrest case no charge,1,0,Possess Cannabis/20 Grams Or Less,9,Medium,1
Female,25 - 45,African-American,0,0,0,0.0,-1.0,M,Driving Under The Influence,0,0,,0,Low,0
Female,Greater than 45,Hispanic,0,0,0,10.0,-1.0,F,arrest case no charge,1,0,Burglary Conveyance Unoccup,10,Medium,1
Female,25 - 45,Other,0,0,0,4.0,-1.0,M,Battery,1,0,Retaliate Wit/Vict No Injury,4,Low,1
Female,25 - 45,Hispanic,0,0,0,0.0,-1.0,F,Uttering a Forged Instrument,1,0,Possess Cannabis/20 Grams Or Less,0,Low,1
Female,Greater than 45,Other,0,0,0,1.0,0.0,M,Battery,0,0,,1,Low,0
Male,Greater than 45,Caucasian,0,0,0,5.0,0.0,M,Driving Under The Influence,1,0,Trespass Struct/Conveyance,5,Low,1
Female,Less than 25,Native American,0,0,0,14.0,-1.0,F,arrest case no charge,1,0,Stalking (Aggravated),14,High,1
Male,Less than 25,African-American,0,0,0,2.0,-1.0,F,Uttering a Forged Instrument,1,0,Fail Register Vehicle,2,Low,1
Female,Greater than 45,Hispanic,0,0,0,4.0,0.0,F,Pos Cannabis W/Intent Sel/Del,0,0,,4,Medium,0
Male,Less than 25,Caucasian,0,0,0,4.0,0.0,F,arrest case no charge,1,1,Stalking (Aggravated),4,Medium,1
Female,Greater than 45,Native American,0,1,0,3.0,0.0,F,Leave Acc/Attend Veh/More $50,0,0,,3,Low,0
Female,Less than 25,Other,0,0,0,6.0,-1.0,M,Driving Under The Influence,0,0,,6,Low,0
Female,Less than 25,Other,2,0,0,3.0,0.0,F,Leave Acc/Attend Veh/More $50,1,0,Possess Cannabis/20 Grams Or Less,3,High,1
Male,Less than 25,Caucasian,0,0,0,0.0,-1.0,F,Grand Theft in the 3rd Degree,0,0,,0,Low,0
Female,Less than 25,Hispanic,0,1,0,1.0,0.0,F,Uttering a Forged Instrument,1,0,Possession of Cocaine,1,High,1
Male,Less than 25,African-American,0,0,0,3.0,-1.0,F,Driving Under The Influence,0,0,,3,Low,0
Female,Less than 25,African-American,0,0,0,4.0,-1.0,F,Uttering a Forged Instrument,1,1,Aggravated Battery / Pregnant,4,Low,1
Male,25 - 45,Hispanic,0,0,0,1.0,-1.0,F,Uttering a Forged Instrument,1,1,Battery on a Person Over 65,1,High,1
Female,25 - 45,Asian,0,0,0,0.0,-4.0,M,Uttering a Forged Instrument,1,0,Susp Drivers Lic 1st Offense,0,Low,1
Male,Less than 25,African-American,0,0,2,1.0,-20.0,F,Pos Cannabis W/Intent Sel/Del,1,0,Neglect Child / No Bodily Harm,1,Medium,1
Male,Less than 25,Other,0,0,0,1.0,-1.0,M,Battery,0,0,,1,Low,0
Male,Less than 25,Caucasian,0,0,0,1.0,-1.0,F,arrest case no charge,0,0,,1,Low,0
Female,Less than 25,Caucasian,0,0,0,0.0,0.0,M,Battery,1,1,Felony Battery (Dom Strang),0,Low,1
Female,Greater than 45,Asian,0,1,1,3.0,0.0,M,Battery,1,0,Resist/Obstruct W/O Violence,3,High,1
Male,25 - 45,Asian,0,0,0,0.0,0.0,M,Battery,0,0,,0,Low,0
Female,25 - 45,African-American,0,0,0,0.0,-1.0,M,Battery,0,0,,0,Medium,0
Male,25 - 45,Hispanic,0,0,0,7.0,0.0,F,arrest case no charge,1,1,Felony Battery (Dom Strang),7,High,1
Male,Less than 25,Hispanic,0,0,0,1.0,-1.0,F,Uttering a Forged Instrument,0,0,Felony Battery (Dom Strang),1,Low,0
Male,25 - 45,Hispanic,0,0,0,1.0,-1.0,F,Grand Theft in the 3rd Degree,0,0,,1,Low,0
Female,Less than 25,Native American,0,0,0,6.0,-1.0,F,arrest case no charge,0,0,,6,Low,0
Female,Less than 25,Other,0,0,0,1.0,-1.0,F,arrest case no charge,1,0,Petit Theft,1,Low,1
Male,Greater than 45,African-American,0,0,0,0.0,0.0,M,Uttering a Forged Instrument,0,0,,0,Low,0
Female,Less than 25,Other,0,0,0,0.0,-1.0,F,Uttering a Forged Instrument,1,0,Viol Injunct Domestic Violence,0,Medium,1
Male,Less than 25,African-American,0,0,0,0.0,0.0,F,Uttering a Forged Instrument,0,0,,0,Low,0
Male,Greater than 45,Caucasian,0,0,0,9.0,0.0,F,arrest case no charge,1,1,Battery,9,Medium,1
Female,25 - 45,Hispanic,0,0,0,0.0,-1.0,M,Battery,1,0,Trespass,0,Low,1
Female,Greater than 45,Caucasian,0,0,1,10.0,-8.0,F,arrest case no charge,1,0,Trespass Struct/Conveyance,10,Medium,1
Male,Less than 25,African-American,0,0,0,20.0,0.0,F,arrest case no charge,1,0,Poss Cocaine/Intent To Del/Sel,20,Low,1
Female,Less than 25,Other,0,0,0,0.0,-1.0,M,Uttering a Forged Instrument,0,0,,0,Low,0
Male,25 - 45,African-American,0,0,0,0.0,0.0,M,Battery,0,0,,0,Low,0
Male,Less than 25,Native American,0,2,0,2.0,-1.0,F,Uttering a Forged Instrument,1,0,Unlaw Use False Name/Identity,2,High,1
Male,Less than 25,Other,0,0,0,0.0,-1.0,F,Uttering a Forged Instrument,0,0,,0,Low,0
Male,Less than 25,Asian,0,0,0,1.0,-2.0,M,Driving Under The Influence,1,0,Petit Theft,1,Low,1
Female,25 - 45,African-American,0,0,0,0.0,-1.0,F,Uttering a Forged Instrument,0,0,,0,Medium,0
Male,Greater than 45,Asian,0,0,0,3.0,0.0,F,Uttering a Forged Instrument,0,0,,3,Medium,0
Male,25 - 45,Native American,0,0,0,1.0,-1.0,F,Uttering a Forged Instrument,0,0,,1,Low,0
Male,25 - 45,African-American,0,0,1,0.0,-1.0,F,Uttering a Forged Instrument,0,0,,0,Low,0
Male,25 - 45,Caucasian,0,0,0,4.0,-8.682234606934639,F,arrest case no charge,0,0,,4,Low,0
Female,25 - 45,Hispanic,0,0,0,0.0,0.0,F,Grand Theft in the 3rd Degree,0,0,,0,Medium,1
Female,25 - 45,Other,0,0,0,1.0,-1.0,M,Uttering a Forged Instrument,1,0,Burglary Structure Unoccup,1,Low,0
Male,Greater than 45,Asian,0,0,0,15.0,-1.0,F,arrest case no charge,0,0,,15,High,0
Male,25 - 45,Native American,0,0,0,2.0,-1.0,F,Uttering a Forged Instrument,1,0,Petit Theft,2,Medium,1
Male,25 - 45,Caucasian,0,0,0,2.0,-1.0,F,Pos Cannabis W/Intent Sel/Del,0,0,,2,Medium,0
Male,Less than 25,Other,0,0,0,8.0,-1.0,F,arrest case no charge,0,0,,8,Low,0
Female,25 - 45,African-American,0,0,0,3.0,-1.0,F,Uttering a Forged Instrument,0,0,,3,Low,0
Male,25 - 45,Native American,0,0,0,1.0,-1.0,M,Uttering a Forged Instrument,0,0,,1,Medium,0
Male,25 - 45,Hispanic,0,0,0,0.0,-1.0,M,Battery,0,0,,0,Medium,0
Female,Greater than 45,Caucasian,0,0,0,0.0,-1.0,F,Uttering a Forged Instrument,0,0,,0,High,0
Male,Greater than 45,Hispanic,0,0,0,0.0,0.0,M,Uttering a Forged Instrument,0,0,,0,Low,0
Male,25 - 45,Other,0,0,0,0.0,0.0,F,Grand Theft in the 3rd Degree,0,0,,0,Low,0
Female,25 - 45,African-American,0,0,0,1.0,-1.0,F,arrest case no charge,0,0,,1,Low,0
Female,25 - 45,Caucasian,0,0,0,0.0,0.0,M,Uttering a Forged Instrument,0,0,,0,Low,0
Male,Greater than 45,Asian,0,0,0,0.0,-1.0,M,Uttering a Forged Instrument,1,0,Tresspass in Struct/Convey Occupy,0,Low,1
Female,Greater than 45,Native American,0,0,0,0.0,-1.0,M,Battery,0,0,,0,Medium,0
Female,25 - 45,African-American,1,0,0,2.0,0.0,F,Pos Cannabis W/Intent Sel/Del,1,0,Resist/Obstruct W/O Violence,2,High,1
Male,Greater than 45,Native American,0,0,0,1.0,-1.0,F,Uttering a Forged Instrument,0,0,,1,High,0
Female,25 - 45,Native American,0,0,0,9.0,-5.560556329441987,F,arrest case no charge,0,0,,9,Medium,0
Male,Greater than 45,Hispanic,0,0,0,0.0,-3.0,M,Uttering a Forged Instrument,0,0,,0,Low,0
Male,Less than 25,Other,1,2,2,3.0,-1.0,F,Unl/Disturb Education/Instui,1,0,Trespass Other Struct/Conve,3,High,1
Male,25 - 45,Other,0,0,0,0.0,-1.0,M,Battery,1,0,Susp Drivers Lic 1st Offense,0,High,1
Male,Less than 25,Native American,0,0,0,1.0,-22.0,F,Uttering a Forged Instrument,1,0,Robbery W/Firearm,1,Low,1
Female,25 - 45,Caucasian,0,0,0,4.0,-1.0,F,Possess Cannabis/20 Grams Or Less,1,1,Battery on a Person Over 65,4,Medium,1
Male,Greater than 45,Asian,0,0,0,0.0,-1.0,F,Uttering a Forged Instrument,1,0,Unlaw LicTag/Sticker Attach,0,Low,1
Female,25 - 45,Hispanic,0,0,0,4.0,-1.0,F,Uttering a Forged Instrument,1,0,Battery,4,Low,1
Male,Less than 25,Hispanic,0,0,0,5.0,0.0,F,arrest case no charge,1,0,Possession of Cocaine,5,Medium,0
Male,25 - 45,Other,0,0,0,11.0,-3.0,M,arrest case no charge,1,0,Felony Battery (Dom Strang),11,High,1
Female,25 - 45,Other,0,0,0,5.0,-2.0,F,arrest case no charge,1,0,Battery,5,Medium,1
Male,25 - 45,Native American,0,0,0,2.0,0.0,M,Possess Cannabis/20 Grams Or Less,1,1,Viol Injunct Domestic Violence,2,Low,1
Male,Greater than 45,Other,0,1,1,4.0,0.0,F,Robbery / Weapon,1,1,Felony Battery w/Prior Convict,4,High,1
Female,Greater than 45,Other,0,0,0,0.0,0.0,M,Battery,0,0,,0,Low,0
Male,Less than 25,African-American,0,0,0,3.0,-10.0,F,arrest case no charge,1,1,Robbery W/Firearm,3,Low,0
Male,Less than 25,Hispanic,0,0,0,0.0,0.0,F,Grand Theft in the 3rd Degree,0,0,,0,Low,0
Male,Less than 25,Asian,0,0,0,0.0,-1.0,M,Battery,0,0,,0,Low,0
Male,25 - 45,Caucasian,0,0,0,4.0,-1.0,F,Uttering a Forged Instrument,0,0,,4,Medium,0
Female,Greater than 45,Other,0,0,0,5.0,-1.0,F,arrest case no charge,1,0,Fail Register Vehicle,5,Low,1
Male,Greater than 45,Native American,0,0,0,1.0,-1.0,M,Battery,1,1,Battery,1,Low,1
Male,Greater than 45,African-American,0,0,0,5.0,-1.0,M,Driving Under The Influence,1,0,Possess Cannabis/20 Grams Or Less,5,Medium,1
Female,Less than 25,Asian,0,0,0,0.0,-1.0,F,Uttering a Forged Instrument,0,0,,0,Low,0
Male,25 - 45,Other,0,0,0,1.0,-1.0,F,arrest case no charge,1,0,Possess Cannabis/20 Grams Or Less,1,Low,1
Male,Less than 25,Asian,0,0,0,24.954110175421274,17.701444948614196,F,arrest case no charge,1,1,Aggravated Battery / Pregnant,24,High,1
Male,Less than 25,Caucasian,0,0,0,1.0,0.0,F,Uttering a Forged Instrument,1,1,Felony Battery w/Prior Convict,1,Low,1
Male,Less than 25,Native American,0,0,0,2.0,-1.0,M,Driving Under The Influence,1,0,Burglary Structure Unoccup,2,Low,1
Male,Less than 25,Other,0,0,0,0.0,-1.0,M,Uttering a Forged Instrument,0,0,,0,Low,0
Female,Greater than 45,Hispanic,1,5,0,8.0,0.0,M,Leave Acc/Attend Veh/More $50,0,0,,8,Medium,0
Female,Less than 25,Caucasian,0,0,0,13.0,-13.398334934907318,F,arrest case no charge,0,0,,13,Low,0
Male,25 - 45,Other,0,0,1,0.0,0.0,F,Pos Cannabis W/Intent Sel/Del,0,0,,0,Low,0
Female,Less than 25,Hispanic,0,0,0,0.0,-6.0,M,Uttering a Forged Instrument,1,0,Possession of Cocaine,0,Low,1
Female,Greater than 45,Other,0,0,0,0.0,0.0,F,Uttering a Forged Instrument,0,0,,0,High,0
Male,25 - 45,African-American,0,0,0,2.0,-28.0,F,Uttering a Forged Instrument,0,0,,2,Low,1
Female,Less than 25,Other,0,0,1,0.0,-1.0,F,Uttering a Forged Instrument,0,0,,0,Low,0
Male,25 - 45,Hispanic,0,0,0,17.0,-1.0,F,Possession of Cannabis,1,0,Poss Cocaine/Intent To Del/Sel,17,High,1
Female,Less than 25,African-American,0,0,0,0.0,-1.0,F,Uttering a Forged Instrument,1,0,Susp Drivers Lic 1st Offense,0,Low,1
Female,Greater than 45,African-American,0,0,0,0.0,0.0,M,Uttering a Forged Instrument,0,0,,0,Low,0
Male,25 - 45,Asian,0,0,1,1.0,-1.0,M,Battery,1,1,Felony Battery (Dom Strang),1,High,1
Female,Less than 25,Hispanic,0,0,0,20.0,-1.0,F,arrest case no charge,0,0,,20,High,0
Female,Less than 25,Other,0,0,0,3.0,-1.0,F,arrest case no charge,0,0,,3,Low,0
Female,25 - 45,Hispanic,0,0,0,3.0,-1.0,M,Driving Under The Influence,0,0,,3,Low,0
Male,Less than 25,Hispanic,0,0,1,2.0,0.0,M,Battery,0,0,,2,Low,0
Male,25 - 45,Other,0,0,0,0.0,-1.0,F,Uttering a Forged Instrument,0,0,,0,Low,0
Female,Less than 25,Hispanic,0,0,0,2.0,-1.0,F,Driving Under The Influence,0,0,,2,Low,0
Male,25 - 45,Asian,0,0,0,0.0,-1.0,M,Uttering a Forged Instrument,1,0,Petit Theft,0,Low,1
Male,Greater than 45,Other,0,0,0,0.0,-1.0,M,Driving Under The Influence,0,0,,0,Low,0
Male,25 - 45,Native American,0,0,0,9.0,0.0,F,arrest case no charge,1,0,Expired DL More Than 6 Months,9,Medium,1
Male,Less than 25,African-American,0,0,0,8.0,-1.0,F,arrest case no charge,1,1,Battery on a Person Over 65,8,Medium,1
Female,Less than 25,Native American,0,0,0,1.0,-1.0,F,arrest case no charge,0,0,,1,Low,0
Male,Greater than 45,African-American,0,0,0,0.0,0.0,M,Battery,0,0,,0,Medium,0
Male,25 - 45,African-American,0,0,0,0.0,-1.0,M,Possess Cannabis/20 Grams Or Less,0,0,,0,Low,0
Female,Greater than 45,Other,0,0,0,0.0,-3.0,M,Uttering a Forged Instrument,0,0,,0,Low,0
Female,Greater than 45,Hispanic,0,0,0,8.0,-1.0,M,arrest case no charge,1,0,Expired DL More Than 6 Months,8,Medium,1
Male,25 - 45,Caucasian,0,2,1,18.0,0.0,F,Robbery / Weapon,1,0,Unlaw LicTag/Sticker Attach,18,High,1
Male,25 - 45,African-American,0,0,0,18.0,-26.0,M,Driving Under The Influence,1,0,Retaliate Wit/Vict No Injury,18,Low,1
Male,25 - 45,Asian,0,0,0,2.0,-1.0,M,Possess Cannabis/20 Grams Or Less,1,1,Stalking (Aggravated),2,High,1
Female,Greater than 45,Caucasian,0,0,0,4.0,0.0,F,arrest case no charge,1,0,Burglary Conveyance Unoccup,4,Medium,1
Male,25 - 45,Hispanic,0,0,0,0.0,-1.0,F,Uttering a Forged Instrument,0,0,,0,Medium,0
Female,25 - 45,Caucasian,0,0,0,7.0,-1.0,M,arrest case no charge,0,0,,7,Low,0
Female,25 - 45,Other,0,0,2,1.0,0.0,M,Susp Drivers Lic 1st Offense,1,1,Aggravated Battery / Pregnant,1,Low,1
Male,Greater than 45,Caucasian,0,0,0,4.0,-1.0,F,Uttering a Forged Instrument,1,0,Aggravated Battery / Pregnant,4,Medium,1
Male,Greater than 45,Native American,0,0,0,3.0,-1.0,M,Driving Under The Influence,1,0,Battery,3,High,1
Female,Less than 25,Asian,0,0,0,0.0,-1.0,M,Battery,1,0,Possession of Cocaine,0,Medium,1
Male,Greater than 45,Asian,0,0,0,2.0,0.0,M,Driving Under The Influence,1,0,,2,Low,0
Female,25 - 45,Asian,0,0,0,2.0,-1.0,F,Pos Cannabis W/Intent Sel/Del,0,0,,2,Medium,0
Female,Less than 25,Native American,0,0,0,0.0,-1.0,M,Battery,1,0,Battery,0,Low,1
Male,Greater than 45,Hispanic,0,0,0,4.0,0.0,M,Battery,1,1,Stalking (Aggravated),4,Low,1
Female,Greater than 45,Caucasian,0,0,0,0.0,-1.0,F,Uttering a Forged Instrument,1,0,Possession of Cocaine,0,Medium,1
Male,Greater than 45,Other,0,0,0,1.0,-1.0,F,Driving Under The Influence,1,1,Battery,1,Low,1
Male,25 - 45,Caucasian,0,0,0,1.0,0.0,F,Pos Cannabis W/Intent Sel/Del,1,0,Unlaw LicTag/Sticker Attach,1,Medium,1
Female,25 - 45,Asian,0,0,0,0.0,0.0,M,Battery,1,0,Viol Pretrial Release Dom Viol,0,Low,1
Female,Greater than 45,Asian,0,0,0,1.0,-1.0,M,Susp Drivers Lic 1st Offense,0,0,,1,Low,0
Male,Greater than 45,Hispanic,0,0,0,2.0,-1.0,M,Battery,1,0,Unlaw LicTag/Sticker Attach,2,Low,0
Female,25 - 45,Caucasian,0,0,0,0.0,0.0,F,Uttering a Forged Instrument,0,0,,0,Medium,0
Male,Greater than 45,Asian,0,0,0,0.0,0.0,M,Battery,0,0,,0,Low,0
Female,Less than 25,Hispanic,9,0,0,14.0,-1.0,F,Agg Fleeing/Eluding High Speed,1,0,Aid/Abet Burglary Assault/Batt,14,Medium,1
Female,25 - 45,Hispanic,0,0,0,0.0,-1.0,F,Grand Theft in the 3rd Degree,1,0,Poss Cocaine/Intent To Del/Sel,0,High,1
Male,Greater than 45,Asian,0,0,0,1.0,-1.0,F,Uttering a Forged Instrument,1,0,Disorderly Intoxication,1,Low,1
Female,Less than 25,Asian,0,0,0,5.0,-1.0,F,arrest case no charge,1,1,Aggravated Battery / Pregnant,5,Medium,1
Male,Less than 25,African-American,0,0,0,2.0,0.0,F,arrest case no charge,0,0,,2,Low,0
Female,Less than 25,Other,0,0,0,2.0,-10.0,F,arrest case no charge,1,0,Felony Petit Theft,2,Low,1
Female,25 - 45,Asian,0,0,0,0.0,-1.0,M,Uttering a Forged Instrument,0,0,,0,Low,0
Male,Less than 25,Other,0,0,0,6.0,-1.0,F,arrest case no charge,1,1,Battery,6,Medium,1
Male,25 - 45,Native American,0,1,0,11.0,-1.0,F,Leave Acc/Attend Veh/More $50,0,0,,11,High,0
Male,25 - 45,Hispanic,0,0,0,0.0,-1.0,M,Uttering a Forged Instrument,1,0,Viol Injunct Domestic Violence,0,Medium,1
Female,Greater than 45,African-American,0,0,0,0.0,-4.0,F,Uttering a Forged Instrument,1,0,Burglary Structure Unoccup,0,Medium,1
Male,25 - 45,Caucasian,0,0,0,1.0,-14.939064240978468,F,Pos Cannabis W/Intent Sel/Del,0,0,,1,Low,0
Female,25 - 45,African-American,0,0,0,2.0,-1.0,M,Driving Under The Influence,0,0,,2,Low,0
Female,Less than 25,African-American,0,0,0,0.0,0.0,M,Uttering a Forged Instrument,1,0,Battery,0,Low,1
Male,Greater than 45,African-American,0,0,0,0.0,0.0,F,Uttering a Forged Instrument,0,0,,0,Medium,0
Female,Less than 25,African-American,0,0,0,6.0,-1.0,F,arrest case no charge,0,0,,6,Low,0
Male,Less than 25,Hispanic,0,0,0,1.0,-1.0,F,Uttering a Forged Instrument,0,0,,1,High,0
Female,25 - 45,Hispanic,0,0,0,0.0,-3.0,F,Grand Theft in the 3rd Degree,0,0,,0,Low,0
Male,25 - 45,Hispanic,0,0,0,1.0,-28.0,F,Uttering a Forged Instrument,0,0,,1,Medium,1
Female,Greater than 45,Asian,0,0,0,3.0,-1.0,M,Driving Under The Influence,0,0,,3,Low,0
Male,Less than 25,Other,0,0,0,1.0,-1.0,F,Uttering a Forged Instrument,0,0,,1,Low,0
Male,Greater than 45,African-American,0,0,0,0.0,-1.0,F,Uttering a Forged Instrument,0,0,,0,Low,0
Female,Less than 25,African-American,0,0,0,6.0,-22.0,F,arrest case no charge,1,0,Possession of Cocaine,6,Medium,1
Female,Greater than 45,Hispanic,0,0,0,1.0,0.0,F,Uttering a Forged Instrument,0,0,,1,Low,0
Female,Less than 25,Caucasian,0,0,0,5.0,-1.0,F,arrest case no charge,0,0,,5,Low,0
Male,25 - 45,Caucasian,0,0,0,1.0,-2.0,M,Driving Under The Influence,0,0,,1,Medium,0
Female,25 - 45,Caucasian,0,0,0,12.0,-26.0,F,arrest case no charge,0,0,,12,Low,0
Male,25 - 45,Asian,0,0,0,4.0,-4.0,F,arrest case no charge,0,0,,4,Medium,0
Male,25 - 45,Hispanic,0,0,0,3.0,-1.0,F,arrest case no charge,0,0,,3,Low,0
Male,Greater than 45,Asian,0,0,3,2.0,0.0,F,Refuse Submit Blood/Breath Test,1,0,Burglary Conveyance Unoccup,2,Low,1
Male,Less than 25,Asian,0,0,0,4.0,-1.0,F,Uttering a Forged Instrument,0,0,,4,Medium,0
Female,25 - 45,Other,0,0,0,6.0,-10.0,M,arrest case no charge,1,0,Aggravated Battery / Pregnant,6,Low,1
Male,Greater than 45,Asian,0,0,0,2.0,-1.0,M,Driving Under The Influence,0,0,,2,Medium,0
Female,Less than 25,Native American,0,0,0,6.0,23.627670848483326,F,Uttering a Forged Instrument,1,0,Unlaw Use False Name/Identity,6,Medium,1
Female,25 - 45,Hispanic,0,0,0,1.0,-1.0,F,arrest case no charge,1,0,Opert With Susp DL 2nd Offens,1,Low,1
Male,Greater than 45,Native American,0,0,0,1.0,-18.0,M,Driving Under The Influence,1,0,Fail Register Vehicle,1,Medium,1
Female,25 - 45,Native American,0,0,0,8.0,-1.0,M,arrest case no charge,0,0,,8,Low,0
Female,Less than 25,Hispanic,1,0,0,5.0,-1.0,F,Misuse Of 911 Or E911 System,1,1,Felony Battery w/Prior Convict,5,Medium,1
Male,25 - 45,Other,0,1,0,2.0,-1.0,M,Battery,0,0,,2,Low,0
Male,Greater than 45,Asian,0,0,0,1.0,-1.0,F,Pos Cannabis W/Intent Sel/Del,0,0,,1,Low,0
Male,Less than 25,Native American,0,0,0,3.0,-1.0,M,Driving Under The Influence,0,0,,3,Low,0
Male,25 - 45,Native American,0,0,0,1.0,0.0,M,Possess Cannabis/20 Grams Or Less,0,0,Poss Cocaine/Intent To Del/Sel,1,Low,1
Male,Less than 25,African-American,0,0,0,2.0,-1.0,F,Uttering a Forged Instrument,1,0,Unlaw LicTag/Sticker Attach,2,High,1
Male,Greater than 45,African-American,0,0,0,0.0,-1.0,M,Battery,0,0,,0,Medium,0
Female,Less than 25,Caucasian,0,0,0,2.0,-4.0,F,arrest case no charge,1,0,Viol Injunct Domestic Violence,2,Low,1
Male,25 - 45,Hispanic,2,2,1,19.0,-1.0,F,False Imprisonment,1,0,Unlicensed Contractor,19,High,1
Male,25 - 45,Hispanic,0,0,0,0.0,-1.0,F,Uttering a Forged Instrument,0,0,,0,High,0
Male,Greater than 45,Asian,0,0,0,0.0,0.0,M,Uttering a Forged Instrument,1,0,Felony Petit Theft,0,Low,1
Male,Less than 25,Caucasian,0,0,0,0.0,0.0,M,Battery,0,0,,0,Low,0
Male,Less than 25,Caucasian,0,0,0,3.0,0.0,F,arrest case no charge,1,0,Petit Theft,3,Low,1
Male,Less than 25,Other,0,0,0,3.0,-1.0,F,Uttering a Forged Instrument,1,0,Possession of Cocaine,3,Medium,1
Male,Greater than 45,Caucasian,0,0,0,3.0,0.0,F,Uttering a Forged Instrument,1,0,Poss Cocaine/Intent To Del/Sel,3,Low,1
Female,Less than 25,Native American,0,0,0,9.0,-1.0,F,arrest case no charge,1,0,Petit Theft,9,Medium,1
Female,Less than 25,Native American,0,0,0,3.0,-1.0,F,Grand Theft in the 3rd Degree,1,0,Stalking (Aggravated),3,Medium,1
Female,Less than 25,Asian,0,0,0,0.0,0.0,M,Possess Cannabis/20 Grams Or Less,0,0,,0,Low,0
Female,Greater than 45,Asian,0,0,0,0.0,-1.0,F,Uttering a Forged Instrument,0,0,,0,Low,1
Female,Less than 25,African-American,0,0,0,0.0,0.0,M,Battery,1,0,Petit Theft,0,Medium,1
Male,Greater than 45,African-American,0,0,0,1.0,-1.0,F,Uttering a Forged Instrument,1,0,Fail Register Vehicle,1,Low,1
Female,25 - 45,Asian,0,0,0,1.0,-1.0,M,Battery,0,0,,1,Low,0
Male,Greater than 45,Hispanic,0,0,0,5.0,-1.0,F,arrest case no charge,1,1,Battery,5,Low,1
Female,Less than 25,Asian,0,0,0,0.0,0.0,M,Battery,0,0,,0,Low,0
Male,Greater than 45,Hispanic,0,0,0,5.0,-1.0,M,Driving Under The Influence,0,0,,5,Low,0
Female,Greater than 45,Hispanic,0,0,0,0.0,-1.0,F,Uttering a Forged Instrument,1,0,Possess Cannabis/20 Grams Or Less,0,Medium,1
Female,25 - 45,Hispanic,0,0,0,2.0,0.0,M,Driving Under The Influence,0,0,,2,Low,0
Male,Less than 25,Native American,0,0,0,0.0,0.0,M,Battery,0,0,,0,Low,0
Female,25 - 45,African-American,0,1,3,4.0,-1.0,F,Resist Officer w/Violence,1,1,Felony Battery (Dom Strang),4,Medium,1
Female,Less than 25,Caucasian,0,0,0,6.0,0.0,F,Possession Of Alprazolam,0,0,,6,Low,0
Female,Less than 25,Other,0,0,0,0.0,-3.0,F,Uttering a Forged Instrument,0,0,,0,Low,0
Male,25 - 45,Other,0,0,0,1.0,-1.0,F,Uttering a Forged Instrument,1,0,Opert With Susp DL 2nd Offens,1,Low,1
Male,25 - 45,Caucasian,0,0,0,0.0,-1.0,F,Susp Drivers Lic 1st Offense,1,1,Aggravated Battery / Pregnant,0,High,1
Male,25 - 45,Hispanic,0,0,0,0.0,0.0,M,Battery,0,0,,0,Low,0
Male,Greater than 45,Native American,0,0,0,8.0,-1.0,M,arrest case no charge,1,0,Tresspass in Struct/Convey Occupy,8,Low,1
Female,Less than 25,Native American,0,0,0,0.0,-1.0,F,Uttering a Forged Instrument,0,0,,0,Low,0
Female,25 - 45,Asian,0,0,0,0.0,0.0,M,Driving Under The Influence,0,0,,0,Low,0
Male,Less than 25,African-American,0,0,0,1.0,-1.0,F,Uttering a Forged Instrument,0,0,,1,Low,0
Female,Less than 25,African-American,0,0,0,0.0,-1.0,F,Uttering a Forged Instrument,1,0,Possess Cannabis/20 Grams Or Less,0,Low,1
Male,Less than 25,Hispanic,0,0,0,0.0,-1.0,M,Uttering a Forged Instrument,0,0,,0,High,0
Female,25 - 45,Hispanic,0,0,0,0.0,-1.0,M,Battery,1,0,,0,Low,0
Female,Less than 25,Asian,0,0,0,0.0,0.0,M,Battery,0,0,Susp Drivers Lic 1st Offense,0,Low,1
Female,Less than 25,African-American,0,0,0,1.0,-1.0,M,Driving Under The Influence,1,1,Viol Injunct Domestic Violence,1,Low,1
Female,Less than 25,African-American,0,0,0,1.0,-10.0,M,Battery,0,0,,1,Low,0
Male,25 - 45,Caucasian,0,0,0,0.0,0.0,F,Uttering a Forged Instrument,0,0,,0,Medium,0
Female,Greater than 45,Other,1,0,2,1.0,-1.0,F,Refuse Submit Blood/Breath Test,1,0,Tresspass in Struct/Convey Occupy,1,High,1
Male,25 - 45,Caucasian,0,0,0,9.0,-1.0,F,arrest case no charge,1,0,Possess Cannabis/20 Grams Or Less,9,Medium,1
Female,Greater than 45,Asian,0,0,2,2.0,-1.0,F,Possession of Cannabis,0,0,,2,Medium,0
Male,Greater than 45,African-American,0,0,0,0.0,-1.0,M,Battery,0,0,,0,Low,0
Male,Less than 25,Caucasian,0,0,0,0.0,-1.0,F,Uttering a Forged Instrument,1,0,,0,Low,1
Female,Greater than 45,Native American,0,0,0,0.0,-1.0,M,Battery,0,0,,0,Low,1
Female,Greater than 45,Other,0,0,0,2.0,-25.0,F,Pos Cannabis W/Intent Sel/Del,1,0,Unlaw LicTag/Sticker Attach,2,Medium,1
Male,Less than 25,Caucasian,0,0,0,0.0,-1.0,F,Uttering a Forged Instrument,0,0,,0,Low,0
Male,Less than 25,Native American,0,0,0,0.0,-1.0,F,Uttering a Forged Instrument,0,0,Burglary Structure Unoccup,0,Medium,0
Male,25 - 45,Other,0,0,0,0.0,0.0,F,Uttering a Forged Instrument,0,0,,0,Low,0
Male,25 - 45,Hispanic,0,0,0,22.0,-1.0,M,arrest case no charge,1,0,Opert With Susp DL 2nd Offens,22,High,1
Female,Less than 25,Caucasian,0,0,0,9.0,-1.0,F,arrest case no charge,1,0,Unlaw LicTag/Sticker Attach,9,Low,1
Female,Less than 25,Asian,0,0,0,5.0,-1.0,F,Driving Under The Influence,0,0,,5,Medium,0
Male,25 - 45,African-American,0,0,0,0.0,-6.0,M,Uttering a Forged Instrument,1,0,Possess Cannabis/20 Grams Or Less,0,Medium,1
Male,Greater than 45,Asian,0,0,1,11.857146364692762,-1.0,F,arrest case no charge,1,1,Battery on a Person Over 65,12,Medium,1
Male,Less than 25,African-American,0,0,0,3.0,-1.0,F,Uttering a Forged Instrument,0,0,,3,Medium,0
Female,25 - 45,Hispanic,0,0,0,0.0,0.0,F,Uttering a Forged Instrument,1,0,Viol Injunct Domestic Violence,0,Medium,1
Male,Greater than 45,Other,0,0,0,2.0,-1.0,F,Pos Cannabis W/Intent Sel/Del,0,0,,2,Medium,0
Male,Greater than 45,Native American,0,0,0,4.0,0.0,M,Driving Under The Influence,0,0,,4,Medium,0
Female,25 - 45,Native American,0,0,0,1.0,0.0,F,Uttering a Forged Instrument,1,0,Possess Cannabis/20 Grams Or Less,1,Low,0
Male,25 - 45,Hispanic,0,1,0,1.0,-1.0,M,Uttering a Forged Instrument,0,0,,1,Low,0
Female,Greater than 45,Native American,0,0,0,4.0,-1.0,F,arrest case no charge,1,0,Unlaw Use False Name/Identity,4,Medium,1
Female,25 - 45,Asian,0,0,0,3.0,0.0,M,Battery,0,0,,3,Medium,0
Female,Less than 25,Other,0,0,0,5.0,0.0,F,Uttering a Forged Instrument,1,0,Fail Register Vehicle,5,Medium,1
Female,Less than 25,African-American,3,0,0,12.0,-1.0,F,Possession of Cannabis,1,0,Possession of Cocaine,12,High,1
Male,25 - 45,Caucasian,0,0,0,19.0,-1.0,F,arrest case no charge,1,0,Petit Theft,19,High,0
Female,Greater than 45,Caucasian,0,0,1,1.0,-1.0,F,Pos Cannabis W/Intent Sel/Del,0,0,,1,Low,0
Female,Less than 25,Hispanic,0,0,0,7.0,-2.0,M,arrest case no charge,1,0,Neglect Child / No Bodily Harm,7,Low,0
Female,25 - 45,African-American,0,0,0,0.0,-1.0,F,Uttering a Forged Instrument,0,0,,0,Low,0
Male,Less than 25,Asian,0,0,0,3.0,0.0,F,Grand Theft (Motor Vehicle),0,0,Burglary Structure Unoccup,3,Medium,0
Female,Less than 25,Native American,0,0,1,6.0,0.0,F,arrest case no charge,1,0,Fraudulent Use Credit Card,6,High,1
Female,Less than 25,Other,0,1,0,1.0,-1.0,F,Robbery / No Weapon,1,0,Possess Cannabis/20 Grams Or Less,1,High,0
Male,Greater than 45,Other,0,0,2,11.0,-1.0,M,Purchase Cannabis,1,1,Poss Counterfeit Payment Inst,11,High,1
Female,25 - 45,Hispanic,0,0,0,4.0,0.0,F,arrest case no charge,1,0,Disorderly Intoxication,4,Medium,1
Male,Greater than 45,Asian,0,0,0,0.0,-1.0,M,Battery,0,0,,0,Low,0
Male,Greater than 45,Other,1,2,0,11.0,-1.0,F,Possession of Cannabis,0,0,,11,High,0
Male,Less than 25,African-American,0,0,0,13.0,-13.0,F,arrest case no charge,0,0,,13,Low,0
Female,25 - 45,Caucasian,0,0,0,3.0,-1.0,F,Driving Under The Influence,1,0,Stalking (Aggravated),3,Low,1
Female,Greater than 45,Native American,0,0,0,11.0,-1.0,M,Possession of Cannabis,0,0,,11,High,0
Male,25 - 45,African-American,0,0,0,0.0,-1.0,F,Uttering a Forged Instrument,0,0,,0,Low,0
Male,25 - 45,Other,0,0,0,1.0,-1.0,F,Uttering a Forged Instrument,1,1,Aggravated Battery / Pregnant,1,Low,1
Female,Less than 25,Other,0,0,0,0.0,0.0,M,Uttering a Forged Instrument,0,0,,0,Low,0
Female,25 - 45,Native American,0,0,0,7.0,0.0,F,arrest case no charge,1,1,Felony Battery (Dom Strang),7,Medium,1
Male,Greater than 45,Other,0,0,0,0.0,-1.0,F,Pos Cannabis W/Intent Sel/Del,1,0,Possession of Cocaine,0,Low,1
Female,Less than 25,Caucasian,0,0,0,0.0,-1.0,M,Uttering a Forged Instrument,0,0,,0,Low,0
Female,25 - 45,Hispanic,0,1,0,7.0,-1.0,F,Leave Acc/Attend Veh/More $50,1,0,Felony Petit Theft,7,High,1
Female,Greater than 45,Asian,0,1,0,4.0,-30.0,F,Pos Cannabis W/Intent Sel/Del,1,0,Trespass Struct/Conveyance,4,Low,0
Male,25 - 45,Other,0,0,0,2.0,-1.0,M,Driving Under The Influence,0,0,,2,Low,0
Male,Greater than 45,Native American,0,1,1,3.0,0.0,F,Pos Cannabis W/Intent Sel/Del,1,0,Poss Cocaine/Intent To Del/Sel,3,High,1
Female,Less than 25,Native American,0,0,0,3.0,0.0,F,Uttering a Forged Instrument,0,0,,3,Low,0
Female,25 - 45,Asian,0,0,0,7.0,-1.0,F,arrest case no charge,1,1,Viol Injunct Domestic Violence,7,Medium,1
Male,Less than 25,African-American,0,0,0,22.09964007004393,-1.0,F,arrest case no charge,1,0,Petit Theft,22,Medium,1
Female,Less than 25,African-American,0,0,0,8.0,0.0,F,arrest case no charge,1,0,Robbery W/Firearm,8,High,1
Female,Less than 25,African-American,0,0,0,1.0,-1.0,F,Susp Drivers Lic 1st Offense,1,1,Stalking (Aggravated),1,Low,1
Female,Greater than 45,Caucasian,0,0,0,15.0,-1.0,F,arrest case no charge,1,0,Robbery W/Firearm,15,Low,1
Male,Less than 25,Native American,0,0,0,2.0,-1.0,F,Grand Theft in the 3rd Degree,1,0,Opert With Susp DL 2nd Offens,2,Medium,1
Female,Less than 25,Hispanic,0,0,0,2.0,-1.0,M,Battery,0,0,,2,Low,0
Male,25 - 45,Native American,0,0,0,0.0,-1.0,F,Uttering a Forged Instrument,0,0,,0,Low,0
Male,Greater than 45,Asian,0,0,0,6.0,-1.0,F,arrest case no charge,1,0,Unlaw Use False Name/Identity,6,Low,1
Male,Greater than 45,Caucasian,0,0,0,0.0,-1.0,M,Possess Cannabis/20 Grams Or Less,1,1,Stalking (Aggravated),0,Low,1
Male,Less than 25,African-American,0,0,0,0.0,-1.0,M,Battery,1,0,Petit Theft,0,Low,1
Female,25 - 45,African-American,0,0,0,0.0,-1.0,F,Pos Cannabis W/Intent Sel/Del,0,0,,0,Low,0
Male,Less than 25,African-American,0,0,0,4.0,-25.0,F,Possession of Cannabis,0,0,,4,Low,0
Female,25 - 45,Native American,0,1,1,13.0,0.0,F,Robbery / Weapon,1,0,Resist/Obstruct W/O Violence,13,High,1
Male,Less than 25,Hispanic,0,0,0,0.0,0.0,F,Uttering a Forged Instrument,1,0,Possession of Cocaine,0,Medium,1
Male,Less than 25,Native American,0,0,1,1.0,-1.0,F,Uttering a Forged Instrument,0,0,,1,Medium,0
Male,Less than 25,Caucasian,0,0,0,0.0,-1.0,F,Uttering a Forged Instrument,1,0,Viol Injunct Domestic Violence,0,Medium,1
Female,Greater than 45,Native American,0,0,0,2.0,-1.0,M,arrest case no charge,0,0,,2,Low,0
Male,Less than 25,African-American,0,0,0,0.0,-1.0,F,Uttering a Forged Instrument,0,0,,0,Low,0
Male,25 - 45,Asian,0,0,0,0.0,-3.0,F,Uttering a Forged Instrument,0,0,,0,Medium,0
Male,25 - 45,Asian,0,0,0,5.0,-21.0,F,arrest case no charge,0,0,,5,Low,0
Male,25 - 45,African-American,0,0,0,1.0,-6.0,F,arrest case no charge,0,0,,1,Low,0
Male,25 - 45,Asian,0,2,0,7.0,0.0,F,Felony Battery w/Prior Convict,1,1,Stalking (Aggravated),7,Medium,1
Male,Greater than 45,Native American,0,0,0,1.0,-1.0,F,Uttering a Forged Instrument,1,0,Felony Battery (Dom Strang),1,Medium,1
Male,25 - 45,Caucasian,0,0,0,0.0,0.0,F,Uttering a Forged Instrument,0,0,,0,Low,0
Female,Greater than 45,Caucasian,0,0,0,1.0,-1.0,M,Battery,0,0,,1,Low,0
Female,25 - 45,Other,0,0,0,5.0,-1.0,F,arrest case no charge,1,0,Petit Theft,5,High,1
Male,25 - 45,Caucasian,0,0,0,0.0,-1.0,M,Battery,1,0,Opert With Susp DL 2nd Offens,0,Low,1
Male,25 - 45,Caucasian,0,0,0,1.0,-1.0,F,Uttering a Forged Instrument,1,0,Battery,1,Low,1
Female,Less than 25,Other,0,0,0,1.0,-1.0,F,Driving Under The Influence,0,0,,1,Low,0
Female,Greater than 45,Asian,0,0,0,3.0,-1.0,M,arrest case no charge,1,0,Stalking (Aggravated),3,Medium,1
Male,Greater than 45,African-American,0,0,0,16.0,-1.0,F,arrest case no charge,1,0,Fail Register Vehicle,16,High,1
Female,Less than 25,Hispanic,0,0,0,0.0,-1.0,F,Uttering a Forged Instrument,1,0,Resist/Obstruct W/O Violence,0,Low,1
Male,Greater than 45,Asian,0,0,0,6.0,-1.0,M,Battery,1,0,Aggravated Battery / Pregnant,6,Low,1
Male,25 - 45,Native American,0,0,0,1.0,-1.0,F,Battery,0,0,,1,Low,0
Male,25 - 45,Hispanic,0,3,1,3.0,-1.0,M,Unl/Disturb Education/Instui,1,1,Battery Upon Detainee,3,Medium,1
Female,Less than 25,Native American,0,0,0,1.0,-1.0,F,Uttering a Forged Instrument,1,0,Petit Theft,1,Medium,1
Female,25 - 45,Hispanic,0,0,0,3.0,-1.0,F,Uttering a Forged Instrument,1,1,Viol Injunct Domestic Violence,3,Low,1
Female,Greater than 45,Hispanic,0,0,0,7.0,-1.0,F,arrest case no charge,1,0,Felony Petit Theft,7,Medium,1
Male,Less than 25,Caucasian,0,0,0,1.0,-6.0,F,Uttering a Forged Instrument,0,0,,1,Medium,0
Male,Less than 25,Other,0,0,0,0.0,-4.0,F,Uttering a Forged Instrument,0,0,,0,Low,0
Male,Greater than 45,Asian,0,0,0,1.0,-1.0,F,Pos Cannabis W/Intent Sel/Del,1,0,Possess Cannabis/20 Grams Or Less,1,High,1
Male,Less than 25,Native American,0,0,0,0.0,-1.0,M,Battery,0,0,,0,Low,0
Female,Less than 25,Caucasian,0,0,0,0.0,-1.0,F,Uttering a Forged Instrument,0,0,,0,Low,0
Female,Less than 25,Hispanic,0,0,0,3.0,-1.0,F,Uttering a Forged Instrument,1,0,Neglect Child / No Bodily Harm,3,High,1
Female,Greater than 45,Other,0,0,0,1.0,-1.0,F,Possession of Cannabis,1,0,Resist/Obstruct W/O Violence,1,Low,1
Male,Greater than 45,Hispanic,0,0,0,0.0,-1.0,F,Grand Theft in the 3rd Degree,0,0,,0,Low,0
Male,25 - 45,Native American,0,0,1,7.0,-1.0,F,Grand Theft in the 3rd Degree,0,0,,7,High,0
Female,25 - 45,African-American,0,0,0,4.0,-1.0,M,Grand Theft in the 3rd Degree,1,0,Disorderly Intoxication,4,Medium,1
Female,Less than 25,Other,0,0,0,3.0,-1.0,M,Battery,1,0,Viol Injunct Domestic Violence,3,Low,1
Male,Greater than 45,African-American,0,0,0,0.0,-1.0,M,Battery,0,0,,0,Low,0
Male,Less than 25,Other,0,0,0,1.0,-1.0,M,Driving Under The Influence,0,0,,1,Medium,0
Female,Less than 25,Hispanic,0,0,0,6.0,-1.0,F,arrest case no charge,1,0,Possession of Cocaine,6,Medium,1
Male,Less than 25,Caucasian,0,0,0,5.0,-1.0,M,arrest case no charge,0,0,,5,Medium,0
Male,25 - 45,Asian,0,0,0,14.0,-1.0,F,arrest case no charge,0,0,,14,High,0
Male,Less than 25,Hispanic,0,1,1,11.0,-1.0,F,Oper Motorcycle W/O Valid DL,1,0,Possess Cannabis/20 Grams Or Less,12,Medium,1
Male,Less than 25,Caucasian,0,0,0,2.0,-1.0,M,Battery,0,0,,2,Low,0
Male,25 - 45,African-American,0,0,1,2.0,-1.0,F,Pos Cannabis W/Intent Sel/Del,1,0,Unlaw LicTag/Sticker Attach,2,High,1
Female,Less than 25,Other,0,0,0,0.0,-1.0,M,Uttering a Forged Instrument,0,0,,0,Low,0
Male,25 - 45,African-American,0,0,0,2.0,-1.0,F,Grand Theft in the 3rd Degree,0,0,,2,Medium,0
Female,Greater than 45,Other,0,0,0,2.0,-1.0,F,arrest case no charge,1,0,Poss Cocaine/Intent To Del/Sel,2,High,1
Male,Less than 25,Native American,0,0,0,0.0,-1.0,F,Uttering a Forged Instrument,0,0,,0,Low,0
Female,Greater than 45,Hispanic,0,0,0,3.0,-1.0,M,Driving Under The Influence,1,0,,3,Low,1
Male,25 - 45,Hispanic,0,0,0,0.0,-1.0,M,Battery,0,0,,0,Low,0
Male,Greater than 45,Native American,0,0,0,0.0,-1.0,M,Battery,0,0,,0,Low,0
Male,Greater than 45,African-American,0,0,0,0.0,-1.0,F,Uttering a Forged Instrument,1,1,Battery,0,Low,1
Female,Less than 25,African-American,0,0,0,1.0,-1.0,F,Driving Under The Influence,1,1,Battery,1,Low,1
Female,25 - 45,Other,0,0,0,0.0,-1.0,M,Battery,1,0,Petit Theft,0,Low,1
Male,Greater than 45,African-American,0,0,0,2.0,-1.0,F,Uttering a Forged Instrument,0,0,,2,Low,0
Male,Less than 25,Asian,0,1,1,3.0,0.0,M,Susp Drivers Lic 1st Offense,1,0,Trespass,3,High,0
Male,Less than 25,African-American,0,2,1,3.0,-1.0,F,Grand Theft (Motor Vehicle),1,0,Possession of Cocaine,3,High,1
Male,Less than 25,Asian,0,0,0,2.0,0.0,M,Driving Under The Influence,1,1,Battery,2,Medium,0
Female,Greater than 45,African-American,0,0,0,2.0,-26.0,F,Driving Under The Influence,0,0,,2,Low,0
Female,Greater than 45,Caucasian,0,0,0,2.0,-1.0,F,Uttering a Forged Instrument,1,0,Fail Register Vehicle,2,Medium,1
Male,Less than 25,Native American,0,0,0,4.0,-1.0,M,Driving Under The Influence,1,0,Possession of Cocaine,4,Medium,1
Male,Less than 25,Native American,0,0,0,1.0,-1.0,F,arrest case no charge,0,0,,1,Medium,0
Male,25 - 45,Native American,0,0,0,3.0,-1.0,F,Grand Theft in the 3rd Degree,0,0,,3,Low,0
Male,25 - 45,Caucasian,0,0,0,0.0,0.0,M,Driving Under The Influence,0,0,,0,Low,0
Female,Less than 25,Native American,0,0,0,2.0,-9.0,F,Uttering a Forged Instrument,0,0,,2,Low,0
Male,Greater than 45,Other,0,0,0,0.0,-6.0,M,Pos Cannabis W/Intent Sel/Del,0,0,,0,High,0
Male,Greater than 45,Caucasian,0,0,0,0.0,-1.0,M,Battery,0,0,,0,Low,0
Female,Less than 25,Native American,0,0,0,1.0,-11.0,F,Uttering a Forged Instrument,0,0,,1,Low,0
Male,25 - 45,Native American,0,0,0,6.0,0.0,F,Driving Under The Influence,0,0,,6,Low,0
Male,Greater than 45,Native American,0,0,1,7.0,-1.0,M,Battery,1,1,Felony Battery (Dom Strang),7,Medium,1
Male,25 - 45,Hispanic,0,0,0,0.0,-1.0,M,Battery,0,0,,0,Low,0
Male,25 - 45,Hispanic,0,0,0,10.0,-1.0,F,arrest case no charge,1,0,Possess Cannabis/20 Grams Or Less,10,Medium,1
Male,25 - 45,Other,0,0,0,5.0,-1.0,F,Uttering a Forged Instrument,0,0,,5,Low,0
Male,25 - 45,Other,0,0,0,0.0,-1.0,M,Uttering a Forged Instrument,0,0,,0,Low,0
Female,25 - 45,Native American,0,0,0,1.0,-1.0,F,Uttering a Forged Instrument,0,0,,1,Low,0
Female,Less than 25,Hispanic,0,0,0,0.0,-1.0,F,Grand Theft in the 3rd Degree,0,0,,0,Low,0
Female,Less than 25,Hispanic,1,0,1,1.0,0.0,F,Refuse Submit Blood/Breath Test,1,0,Possess Cannabis/20 Grams Or Less,1,Medium,1
Female,25 - 45,African-American,0,0,0,11.0,0.0,F,arrest case no charge,1,0,Petit Theft,11,Medium,1
Male,Less than 25,Caucasian,0,0,0,0.0,-1.0,F,Uttering a Forged Instrument,1,1,Retaliate Wit/Vict No Injury,0,Low,1
Male,25 - 45,Asian,0,0,0,1.0,-1.0,F,arrest case no charge,0,0,,1,Low,0
Male,25 - 45,Caucasian,0,0,0,0.0,-1.0,F,Grand Theft in the 3rd Degree,1,0,Poss Cocaine/Intent To Del/Sel,0,Medium,1
Male,Greater than 45,Hispanic,0,0,0,2.0,0.0,F,Uttering a Forged Instrument,0,0,,2,Medium,0
Male,Less than 25,Native American,0,0,0,0.0,-1.0,F,Grand Theft in the 3rd Degree,1,1,Battery,0,Medium,1
Male,25 - 45,Hispanic,0,0,0,1.0,-11.0,M,Battery,0,0,,1,Low,0
Female,Less than 25,African-American,0,0,0,3.0,-1.0,M,Battery,1,1,Battery on a Person Over 65,3,Low,1
Male,Less than 25,African-American,0,0,0,2.0,-1.0,F,Uttering a Forged Instrument,1,0,Aggravated Battery / Pregnant,2,Low,1
Male,25 - 45,Native American,0,0,1,1.0,0.0,F,Uttering a Forged Instrument,1,0,Resist/Obstruct W/O Violence,1,Medium,1
Male,Greater than 45,Native American,0,0,0,5.0,-1.0,M,arrest case no charge,0,0,,5,Low,0
Female,Greater than 45,African-American,0,0,0,1.0,-1.0,F,Grand Theft in the 3rd Degree,0,0,,1,Low,0
Male,Greater than 45,Caucasian,0,0,0,0.0,-1.0,F,Uttering a Forged Instrument,0,0,,0,Medium,0
Male,Less than 25,Other,0,0,0,1.0,-1.0,F,Grand Theft in the 3rd Degree,0,0,,1,High,0
Female,Less than 25,Hispanic,0,0,0,0.0,0.0,M,Uttering a Forged Instrument,1,0,Petit Theft,0,Medium,1
Female,Greater than 45,African-American,0,0,0,5.0,-1.0,F,arrest case no charge,1,0,Resist/Obstruct W/O Violence,5,Low,1
Male,Greater than 45,Asian,0,0,1,7.0,-1.0,F,Grand Theft in the 3rd Degree,1,0,Trespass,7,Medium,1
Male,25 - 45,Caucasian,3,0,0,22.0,0.0,F,Leave Acc/Attend Veh/More $50,1,0,Burglary Structure Unoccup,22,High,1
Male,Greater than 45,African-American,0,0,0,1.0,-11.0,F,Uttering a Forged Instrument,0,0,,1,Low,0
Male,25 - 45,Native American,0,0,0,0.0,-1.0,M,Battery,0,0,,0,Low,0
Male,Greater than 45,Hispanic,0,0,0,0.0,-5.0,F,Uttering a Forged Instrument,0,0,,0,Low,0
Female,25 - 45,Caucasian,0,0,0,0.0,-1.0,F,Uttering a Forged Instrument,0,0,,0,Low,0
Female,Less than 25,Asian,0,0,0,0.0,-1.0,M,Battery,1,0,Viol Pretrial Release Dom Viol,0,Medium,1
Female,25 - 45,Other,0,0,0,14.0,-1.0,F,arrest case no charge,1,1,Viol Injunct Domestic Violence,15,High,1
Male,Greater than 45,Asian,0,0,0,0.0,-1.0,F,Grand Theft in the 3rd Degree,1,0,Susp Drivers Lic 1st Offense,0,Low,1
Male,Less than 25,Caucasian,0,0,0,13.0,-1.0,F,arrest case no charge,1,0,Burglary Structure Unoccup,13,Medium,0
Male,25 - 45,Hispanic,0,0,0,0.0,-1.0,M,Driving Under The Influence,0,0,,0,Low,0
Male,Less than 25,Caucasian,0,0,0,0.0,-1.0,F,Uttering a Forged Instrument,1,1,Viol Injunct Domestic Violence,0,Medium,1
Male,25 - 45,African-American,0,0,0,1.0,-2.0,M,Battery,0,0,Trespass,1,Low,0
Male,25 - 45,Hispanic,0,0,0,7.0,-1.0,F,Leave Acc/Attend Veh/More $50,0,0,,7,Low,0
Male,Greater than 45,Native American,0,0,0,0.0,-2.0,F,Uttering a Forged Instrument,0,0,,0,Low,0
Male,25 - 45,African-American,0,1,0,17.27229455707332,-1.0,F,arrest case no charge,1,0,Resist/Obstruct W/O Violence,17,High,1
Female,Less than 25,African-American,0,0,0,0.0,-1.0,F,Uttering a Forged Instrument,0,0,,0,Low,0
Female,Greater than 45,Hispanic,0,0,0,9.0,-1.0,F,Possession of Cannabis,0,0,,9,Medium,0
Female,Greater than 45,African-American,0,0,0,0.0,-1.0,M,Uttering a Forged Instrument,0,0,,0,Low,0
Female,Greater than 45,Other,0,0,0,1.0,-11.0,F,Uttering a Forged Instrument,0,0,,1,Low,0
Female,Less than 25,Caucasian,0,0,0,5.0,0.0,M,Battery,1,0,Viol Injunct Domestic Violence,5,Medium,1
Male,Greater than 45,Hispanic,0,0,0,5.0,-1.0,F,arrest case no charge,0,0,,5,Low,0
Female,Less than 25,Caucasian,0,0,1,0.0,-1.0,F,Uttering a Forged Instrument,1,0,Possess Cannabis/20 Grams Or Less,0,Low,1
Male,Less than 25,Hispanic,0,0,0,1.0,-1.0,F,Grand Theft in the 3rd Degree,1,0,Stalking (Aggravated),1,Low,1
Male,25 - 45,Asian,0,0,0,1.0,0.0,M,Driving Under The Influence,1,0,,1,Low,0
Female,Greater than 45,Other,0,0,0,6.0,-1.0,F,Possession of Cannabis,1,0,Disorderly Intoxication,6,High,1
Male,Less than 25,Native American,0,0,0,0.0,-1.0,F,Uttering a Forged Instrument,0,0,,0,Medium,0
Female,25 - 45,Caucasian,0,0,0,0.0,-1.0,M,Uttering a Forged Instrument,1,0,Possession of Cocaine,0,Medium,1
Female,Greater than 45,Caucasian,0,0,0,1.0,-27.0,M,Driving Under The Influence,0,0,Trespass Struct/Conveyance,1,Low,0
Male,Less than 25,Asian,0,0,0,2.0,-23.0,M,Driving Under The Influence,0,0,,2,Low,0
Female,25 - 45,Other,0,0,0,19.0,-1.0,F,arrest case no charge,1,0,Unlaw LicTag/Sticker Attach,19,Medium,1
Female,25 - 45,African-American,0,0,0,13.0,-2.0,F,arrest case no charge,1,0,Unlaw Use False Name/Identity,13,High,1
Female,Greater than 45,Hispanic,0,0,0,2.0,-1.0,M,arrest case no charge,0,0,,2,Low,0
Male,Less than 25,Caucasian,0,0,0,0.0,-1.0,M,Uttering a Forged Instrument,0,0,,0,Low,0
Male,Less than 25,Native American,0,0,0,0.0,0.0,F,Grand Theft in the 3rd Degree,0,0,,0,Medium,1
Female,Greater than 45,Hispanic,0,0,0,1.0,-1.0,M,Battery,1,1,Battery,1,Low,1
Male,Less than 25,Caucasian,0,1,0,1.0,-1.0,F,Grand Theft in the 3rd Degree,1,0,Fail Register Vehicle,1,Low,0
Male,25 - 45,African-American,0,0,0,0.0,-6.0,F,Uttering a Forged Instrument,0,0,,0,High,0
Female,25 - 45,Native American,0,0,0,4.0,-1.0,M,Battery,1,1,Battery,4,Low,1
Male,Greater than 45,Hispanic,0,0,0,2.0,-1.0,M,Battery,1,1,Battery on a Person Over 65,2,Low,1
Male,Greater than 45,Hispanic,0,12,1,21.000000000000004,0.0,F,Robbery / Weapon,1,0,Grand Theft (Motor Vehicle),21,High,1
Male,Greater than 45,Caucasian,0,0,0,1.0,-16.00755981739882,F,Uttering a Forged Instrument,0,0,,1,Low,0
Female,Less than 25,Asian,0,0,0,16.0,-1.0,F,arrest case no charge,0,0,,16,Medium,0
Male,25 - 45,Caucasian,0,0,0,0.0,-1.0,F,Grand Theft in the 3rd Degree,0,0,,0,Medium,0
Male,25 - 45,Asian,0,0,0,2.0,0.0,M,Driving Under The Influence,1,0,Aggravated Battery / Pregnant,2,Low,1
Male,25 - 45,African-American,0,0,0,0.0,-1.0,F,Grand Theft in the 3rd Degree,0,0,,0,Low,0
Male,Greater than 45,Native American,0,0,0,23.0,-1.0,M,arrest case no charge,1,0,Opert With Susp DL 2nd Offens,23,High,1
Female,Less than 25,Other,0,0,0,0.0,0.0,F,Uttering a Forged Instrument,0,0,,0,Low,0
Female,25 - 45,Other,0,0,0,1.0,0.0,F,arrest case no charge,0,0,,1,Low,0
Male,Less than 25,Hispanic,0,0,0,3.0,-1.0,F,Uttering a Forged Instrument,0,0,,3,Medium,0
Male,Greater than 45,Native American,1,0,2,4.0,-1.0,F,Purchase Cannabis,0,0,,4,High,0
Male,Greater than 45,African-American,0,1,0,1.0,-1.0,F,Robbery / No Weapon,1,1,Stalking (Aggravated),1,High,1
Male,Greater than 45,Other,0,0,0,0.0,-2.0,F,Grand Theft in the 3rd Degree,1,0,Viol Injunct Domestic Violence,0,Low,1
Male,25 - 45,Native American,0,0,0,3.0,0.0,F,arrest case no charge,0,0,,3,Low,0
Female,Less than 25,Hispanic,0,0,0,1.0,-26.0,F,Uttering a Forged Instrument,0,0,,1,Low,0
Male,Greater than 45,African-American,0,5,4,17.0,-1.0,F,arrest case no charge,1,0,Trespass,17,High,1
Male,Less than 25,Caucasian,0,0,0,2.0,0.0,F,Uttering a Forged Instrument,0,0,Poss Cocaine/Intent To Del/Sel,2,Medium,0
Female,Greater than 45,Other,0,0,0,0.0,-1.0,M,Possess Cannabis/20 Grams Or Less,0,0,,0,Low,0
Female,Greater than 45,African-American,0,0,0,5.0,-1.0,F,arrest case no charge,1,0,Possess Cannabis/20 Grams Or Less,5,Low,0
Male,Less than 25,Hispanic,0,0,0,2.0,0.0,F,Possession Of Alprazolam,1,0,Trespass Struct/Conveyance,2,Medium,1
Male,25 - 45,Caucasian,0,0,0,2.0,0.0,M,Driving Under The Influence,0,0,,2,Low,0
Male,25 - 45,Hispanic,0,0,0,2.0,-1.0,F,Grand Theft in the 3rd Degree,1,0,Poss Cocaine/Intent To Del/Sel,2,Low,1
Female,Greater than 45,Asian,0,0,0,1.0,-1.0,F,Grand Theft in the 3rd Degree,1,0,Possess Cannabis/20 Grams Or Less,1,Medium,1
Male,Less than 25,African-American,0,0,0,7.0,-1.0,F,arrest case no charge,1,0,Battery,7,Medium,1
Male,Greater than 45,Asian,0,0,0,0.0,-1.0,F,Pos Cannabis W/Intent Sel/Del,0,0,,0,Low,0
Male,25 - 45,Other,0,0,0,0.0,-1.0,F,Uttering a Forged Instrument,0,0,,0,Low,0
Female,25 - 45,Native American,0,0,0,5.0,-11.598320498139508,M,Driving Under The Influence,0,0,,5,Low,0
Female,Less than 25,African-American,0,0,0,2.0,-1.0,M,Battery,0,0,,2,Low,0
Male,Greater than 45,Native American,0,0,0,15.0,-1.0,M,arrest case no charge,1,0,Unlaw LicTag/Sticker Attach,15,Medium,1
Male,Greater than 45,Asian,0,0,0,0.0,-1.0,F,Uttering a Forged Instrument,1,0,Fail Register Vehicle,0,Low,1
Female,25 - 45,Hispanic,1,0,0,3.0,-1.0,F,Pos Cannabis W/Intent Sel/Del,1,0,Trespass Struct/Conveyance,3,High,1
Female,Less than 25,Hispanic,0,0,0,10.0,-1.0,F,arrest case no charge,1,0,Petit Theft,10,Medium,1
Male,Greater than 45,Hispanic,0,0,0,0.0,-1.0,M,Battery,0,0,,0,Low,1
Male,Less than 25,Native American,0,0,0,6.0,-1.0,F,Grand Theft (Motor Vehicle),0,0,,6,High,0
Female,25 - 45,Native American,0,0,0,2.0,0.0,F,Uttering a Forged Instrument,1,0,Possession of Cocaine,2,Low,1
Male,25 - 45,African-American,0,0,0,1.0,-10.57282920215211,M,Driving Under The Influence,0,0,,1,Low,0
Male,25 - 45,Other,0,0,0,9.0,-1.0,F,arrest case no charge,1,0,Felony Petit Theft,9,High,1
Male,Less than 25,Other,0,0,0,0.0,-1.0,M,Battery,0,0,,0,Medium,0
Female,Less than 25,Native American,0,0,0,28.188334869266857,-1.0,F,arrest case no charge,1,0,Resist/Obstruct W/O Violence,28,High,1
Female,25 - 45,Asian,0,3,0,12.0,-1.0,M,Leave Acc/Attend Veh/More $50,0,0,,12,High,0
Male,Greater than 45,Native American,0,0,0,0.0,-1.0,F,Grand Theft in the 3rd Degree,0,0,,0,Medium,0
Female,Less than 25,Native American,0,0,0,0.0,-1.0,F,Uttering a Forged Instrument,0,0,,0,Low,0
Female,25 - 45,Native American,0,0,0,0.0,-1.0,F,Uttering a Forged Instrument,0,0,,0,Low,0
Male,Less than 25,Caucasian,0,0,1,1.0,0.0,F,Uttering a Forged Instrument,0,0,,1,Low,0
Female,25 - 45,Caucasian,0,0,0,0.0,-1.0,M,Battery,1,0,Possess Cannabis/20 Grams Or Less,0,Medium,1
Male,25 - 45,African-American,0,0,0,1.0,-1.0,F,arrest case no charge,1,0,Petit Theft,1,High,1
Female,Less than 25,Native American,0,0,0,7.0,0.0,F,Grand Theft in the 3rd Degree,1,0,Fail Register Vehicle,7,High,1
Female,25 - 45,Asian,0,0,0,0.0,0.0,M,Uttering a Forged Instrument,0,0,,0,Low,0
Female,Greater than 45,Caucasian,0,0,0,12.0,20.942310905563538,F,arrest case no charge,1,0,Possess Cannabis/20 Grams Or Less,12,High,1
Male,Less than 25,Native American,0,0,0,5.0,-1.0,F,Possession of Cannabis,0,0,,5,Low,0
Male,Less than 25,African-American,0,0,0,1.0,-1.0,M,Uttering a Forged Instrument,1,0,,1,Medium,1
Female,25 - 45,Native American,0,0,0,3.0,-1.0,F,Possess Cannabis/20 Grams Or Less,1,1,Battery,3,Medium,1
Female,Greater than 45,Caucasian,0,0,0,0.0,-1.0,F,Uttering a Forged Instrument,0,0,,0,Medium,0
Female,Greater than 45,Other,0,0,0,1.0,-1.0,F,arrest case no charge,0,0,,1,Low,0
Male,25 - 45,Native American,0,0,0,0.0,-1.0,M,Possess Cannabis/20 Grams Or Less,1,0,Opert With Susp DL 2nd Offens,0,Low,1
Male,Greater than 45,Native American,0,0,0,5.0,0.0,F,Uttering a Forged Instrument,1,0,Trespass,5,High,1
Male,Greater than 45,Other,0,0,0,0.0,-1.0,F,Uttering a Forged Instrument,0,0,,0,Low,0
Male,Less than 25,Native American,0,0,0,0.0,-1.0,F,Uttering a Forged Instrument,0,0,,0,Low,0
Male,Greater than 45,Caucasian,1,0,0,1.0,0.0,F,arrest case no charge,0,0,,1,High,0
Female,Less than 25,Hispanic,0,0,0,1.0,-1.0,F,Uttering a Forged Instrument,1,0,,1,Low,1
Male,Less than 25,Asian,0,0,0,8.0,-1.0,M,arrest case no charge,0,0,,8,Low,0
Female,Greater than 45,Caucasian,0,0,0,11.0,-1.0,M,arrest case no charge,1,1,Robbery W/Firearm,11,Low,1
Female,25 - 45,Asian,0,1,0,1.0,-1.0,M,Resist Officer w/Violence,1,1,Armed Carjacking,2,High,1
Male,Less than 25,Hispanic,0,0,0,3.0,-1.0,M,Driving Under The Influence,1,0,Resist/Obstruct W/O Violence,3,Low,1
Female,Greater than 45,Asian,0,0,0,1.0,-22.0,F,arrest case no charge,0,0,,1,Low,0
Male,Less than 25,African-American,0,2,2,13.0,0.0,F,Grand Theft (Motor Vehicle),1,0,Poss Cocaine/Intent To Del/Sel,13,High,1
Female,25 - 45,Other,0,0,0,3.0,-1.0,F,Leave Acc/Attend Veh/More $50,0,0,,3,High,0
Female,Greater than 45,Native American,0,0,0,0.0,-1.0,F,Uttering a Forged Instrument,1,0,Disorderly Intoxication,0,Medium,1
Female,Less than 25,Hispanic,0,0,0,3.0,-1.0,F,Pos Cannabis W/Intent Sel/Del,0,0,,3,Low,0
Female,Less than 25,Caucasian,0,0,0,0.0,-1.0,F,Uttering a Forged Instrument,0,0,,0,Medium,0
Female,Less than 25,Native American,0,0,0,0.0,-2.0,M,Battery,0,0,,0,Low,0
Male,Greater than 45,Native American,0,0,0,0.0,-1.0,M,Uttering a Forged Instrument,1,0,,0,Low,1
Male,Greater than 45,Asian,0,0,1,5.0,-19.0,F,arrest case no charge,1,0,,5,High,0
Female,Greater than 45,Caucasian,0,0,0,0.0,-1.0,M,Uttering a Forged Instrument,0,0,,0,Low,0
Female,Greater than 45,African-American,0,0,0,0.0,0.0,M,Driving Under The Influence,1,0,Susp Drivers Lic 1st Offense,0,Low,1
Male,Less than 25,Asian,0,0,0,0.0,-1.0,F,Uttering a Forged Instrument,0,0,,0,Low,0
Female,25 - 45,Other,0,1,0,9.0,-1.0,F,Leave Acc/Attend Veh/More $50,1,0,Burglary Conveyance Unoccup,9,Medium,1
Male,Greater than 45,African-American,0,0,0,2.0,-1.0,F,Uttering a Forged Instrument,1,0,,2,Low,1
Male,Less than 25,Native American,0,0,0,3.0,23.103807888794883,F,Uttering a Forged Instrument,1,0,Disorderly Intoxication,3,Low,1
Female,Greater than 45,Native American,0,0,0,2.0,-1.0,M,Driving Under The Influence,0,0,,2,Low,0
Female,Greater than 45,African-American,0,1,3,1.0,-1.0,F,Oper Motorcycle W/O Valid DL,1,0,Burglary Structure Unoccup,1,High,1
Male,Less than 25,Asian,0,0,0,9.0,-1.0,M,Susp Drivers Lic 1st Offense,1,0,Felony Battery (Dom Strang),9,Medium,1
Female,25 - 45,Caucasian,0,0,8,15.0,-1.0,F,Purchase Cannabis,1,1,Criminal Mischief Damage <$200,19,High,1
Female,Greater than 45,Caucasian,0,0,0,1.0,-1.0,F,Uttering a Forged Instrument,1,0,Petit Theft,1,Low,1
Male,25 - 45,Native American,0,0,0,6.0,-1.0,F,arrest case no charge,0,0,,6,Low,0
Male,Greater than 45,Hispanic,0,0,0,1.0,0.0,F,Uttering a Forged Instrument,1,0,Possession of Cocaine,1,Low,0
Male,Greater than 45,Hispanic,0,0,0,16.0,-1.0,F,Possession of Cannabis,1,0,Burglary Structure Unoccup,16,High,1
Male,Greater than 45,Caucasian,0,0,0,0.0,-1.0,M,Battery,0,0,,0,Low,0
Female,Less than 25,Other,0,0,0,1.0,-1.0,F,arrest case no charge,0,0,,1,Medium,0
Female,Less than 25,Native American,0,0,0,2.0,-1.0,F,Uttering a Forged Instrument,0,0,,2,Low,0
Female,Greater than 45,African-American,0,0,0,1.0,-1.0,F,arrest case no charge,1,0,Petit Theft,1,Low,1
Female,25 - 45,Other,0,0,0,2.0,0.0,F,Driving Under The Influence,0,0,,2,Low,0
Male,Less than 25,Hispanic,7,2,0,11.0,-1.0,F,Possession of Cannabis,1,0,Tresspass in Struct/Convey Occupy,11,High,1
Male,25 - 45,Asian,0,0,0,0.0,0.0,M,Uttering a Forged Instrument,0,0,,0,Low,0
Male,25 - 45,Asian,0,0,0,1.0,0.0,F,Uttering a Forged Instrument,0,0,,1,Low,0
Female,Greater than 45,Hispanic,0,0,0,0.0,-1.0,M,Driving Under The Influence,0,0,,0,Low,0
Male,25 - 45,Native American,0,0,0,0.0,0.0,M,Uttering a Forged Instrument,0,0,,0,Low,0
Male,Greater than 45,Native American,0,0,0,0.0,-1.0,F,Uttering a Forged Instrument,1,0,Felony Petit Theft,0,High,1
Female,Greater than 45,Hispanic,0,0,0,1.0,-1.0,F,Uttering a Forged Instrument,0,0,,1,Low,0
Male,Less than 25,African-American,0,0,0,1.0,-1.0,F,Driving Under The Influence,1,1,Battery,1,Low,1
Male,Less than 25,African-American,0,3,2,14.0,0.0,F,Robbery / Weapon,1,1,Armed Carjacking,14,High,1
Female,Less than 25,Other,0,1,0,5.0,-1.0,M,arrest case no charge,0,0,,5,Medium,0
Female,25 - 45,African-American,0,0,0,0.0,-1.0,F,Uttering a Forged Instrument,1,0,Possess Cannabis/20 Grams Or Less,0,Medium,1
Male,Less than 25,Asian,0,0,0,3.0,-1.0,F,Grand Theft in the 3rd Degree,0,0,,3,Low,0
Female,Less than 25,Asian,0,0,0,11.0,-1.0,F,arrest case no charge,1,0,Battery,11,High,1
Male,Greater than 45,Caucasian,0,0,0,4.0,0.0,M,Pos Cannabis W/Intent Sel/Del,1,0,Unlaw Use False Name/Identity,4,Medium,1
Male,Less than 25,Hispanic,0,0,0,8.0,-1.0,F,arrest case no charge,1,0,Aggravated Battery / Pregnant,8,Medium,1
Female,25 - 45,Asian,0,0,0,0.0,-1.0,M,Uttering a Forged Instrument,0,0,,0,Low,0
Female,Less than 25,Asian,0,0,0,0.0,-1.0,F,Grand Theft in the 3rd Degree,0,0,,0,High,0
Female,25 - 45,Asian,0,0,0,1.0,-2.0,F,Grand Theft in the 3rd Degree,0,0,,1,Low,0
Female,Less than 25,African-American,0,0,0,0.0,-1.0,M,Uttering a Forged Instrument,1,0,,0,Low,0
Male,25 - 45,African-American,0,0,0,2.0,-1.0,F,arrest case no charge,1,0,Unlaw LicTag/Sticker Attach,2,Low,1
Female,Greater than 45,Other,0,0,0,1.0,-2.0,F,Pos Cannabis W/Intent Sel/Del,0,0,,1,Low,0
Female,Greater than 45,Caucasian,0,0,0,0.0,-1.0,M,Battery,1,1,Felony Battery (Dom Strang),0,High,1
Female,Greater than 45,Native American,0,0,0,0.0,-3.0,F,Grand Theft in the 3rd Degree,0,0,,0,Low,0
Male,Less than 25,Asian,0,0,0,9.0,-19.413854391245554,F,arrest case no charge,1,0,,9,Low,1
Female,25 - 45,African-American,0,0,0,5.0,-1.0,F,arrest case no charge,0,0,,5,Low,0
Male,Greater than 45,Caucasian,0,0,0,2.0,-1.0,M,Battery,0,0,,2,Medium,0
Female,Less than 25,Other,1,0,0,11.0,-1.0,M,arrest case no charge,1,1,Felony Battery (Dom Strang),10,High,1
Male,Less than 25,Native American,0,0,0,0.0,-1.0,F,Grand Theft in the 3rd Degree,0,0,,0,Low,0
Male,Greater than 45,Asian,0,0,0,4.0,-1.0,F,arrest case no charge,1,1,Battery,4,Medium,1
Female,25 - 45,African-American,0,0,0,0.0,-1.0,F,Pos Cannabis W/Intent Sel/Del,1,0,Robbery W/Firearm,0,Medium,1
Female,Less than 25,Asian,0,0,0,0.0,-1.0,M,Uttering a Forged Instrument,1,0,,0,High,0
Female,Greater than 45,African-American,0,0,0,0.0,-1.0,M,Uttering a Forged Instrument,0,0,,0,Low,0
Male,25 - 45,African-American,0,0,0,2.0,22.398763383341212,F,Grand Theft in the 3rd Degree,1,0,Unlaw Use False Name/Identity,2,High,1
Female,25 - 45,Hispanic,0,0,0,0.0,-1.0,F,Grand Theft in the 3rd Degree,0,0,,0,Low,0
Female,Less than 25,Hispanic,1,0,0,2.0,-1.0,M,Possess Cannabis/20 Grams Or Less,1,0,Fail Register Vehicle,2,Medium,1
Male,Less than 25,Asian,0,0,0,3.0,0.0,M,Driving Under The Influence,0,0,,3,Medium,0
Female,Greater than 45,African-American,0,0,0,0.0,-1.0,M,Uttering a Forged Instrument,0,0,,0,Low,0
Female,Less than 25,Hispanic,0,0,1,0.0,-1.0,F,Uttering a Forged Instrument,1,1,Stalking (Aggravated),0,Medium,1
Male,25 - 45,Hispanic,0,0,0,9.0,-1.0,M,arrest case no charge,1,0,Possession of Cocaine,9,Medium,1
Female,Greater than 45,Asian,0,0,0,0.0,-1.0,M,Uttering a Forged Instrument,0,0,,0,Low,0
Female,Less than 25,Caucasian,0,0,0,0.0,-1.0,M,Susp Drivers Lic 1st Offense,1,1,Battery,0,Low,0
Male,25 - 45,African-American,0,0,0,13.0,-1.0,F,arrest case no charge,1,1,Viol Injunct Domestic Violence,13,High,1
Female,Less than 25,Hispanic,0,0,0,2.0,0.0,F,arrest case no charge,1,0,Opert With Susp DL 2nd Offens,2,Medium,1
Male,Less than 25,Caucasian,0,0,0,1.0,-1.0,F,Uttering a Forged Instrument,1,0,Possession of Cocaine,1,Medium,1
Female,Less than 25,African-American,0,0,0,2.0,-1.0,M,Battery,1,0,Trespass,2,Low,1
Female,25 - 45,Asian,0,0,0,0.0,-1.0,F,Uttering a Forged Instrument,0,0,,0,Low,0
Male,25 - 45,Caucasian,0,0,0,3.0,-1.0,F,Possession Of Alprazolam,1,0,Possess Cannabis/20 Grams Or Less,3,Medium,1
Male,25 - 45,African-American,0,0,0,16.0,-1.0,F,arrest case no charge,1,0,Burglary Structure Unoccup,16,High,1
Female,Greater than 45,Other,0,0,0,4.0,-1.0,F,Uttering a Forged Instrument,1,0,Unlaw LicTag/Sticker Attach,4,Low,1
Female,Greater than 45,Other,0,0,0,0.0,-1.0,M,Battery,0,0,,0,Low,0
Male,Greater than 45,Hispanic,0,0,0,0.0,-1.0,M,Battery,1,1,Battery on a Person Over 65,0,Low,0
Male,25 - 45,Native American,0,0,0,0.0,-1.0,M,Uttering a Forged Instrument,0,0,,0,Low,0
Male,25 - 45,Asian,0,0,1,0.0,-1.0,F,Pos Cannabis W/Intent Sel/Del,0,0,,0,High,0
Male,Less than 25,African-American,0,0,0,5.0,-1.0,M,arrest case no charge,0,0,,5,Medium,0
Male,25 - 45,Native American,0,0,0,3.0,-4.0,M,Driving Under The Influence,0,0,,3,Low,0
Male,Greater than 45,Other,0,0,0,24.531860886579476,-1.0,F,arrest case no charge,1,0,Felony Petit Theft,24,High,1
Male,Less than 25,Caucasian,0,0,2,1.0,-1.0,F,Pos Cannabis W/Intent Sel/Del,0,0,,1,Low,0
Female,25 - 45,Other,0,0,0,0.0,0.0,F,Uttering a Forged Instrument,0,0,,0,Low,0
Male,25 - 45,African-American,0,0,0,5.0,0.0,F,Possession of Cannabis,0,0,,5,Low,0
Male,25 - 45,African-American,0,0,0,3.0,-1.0,F,Pos Cannabis W/Intent Sel/Del,1,0,Possess Cannabis/20 Grams Or Less,3,High,0
Female,Less than 25,Native American,0,0,0,2.0,-1.0,F,Uttering a Forged Instrument,0,0,,2,Medium,0
Male,Less than 25,Hispanic,0,0,0,1.0,-1.0,F,Possession of Cannabis,1,0,Felony Battery (Dom Strang),1,Low,1
Male,Greater than 45,Caucasian,0,0,0,2.0,-1.0,F,Uttering a Forged Instrument,1,0,Petit Theft,2,Low,1
Female,25 - 45,Native American,0,0,0,0.0,0.0,F,Uttering a Forged Instrument,0,0,,0,Low,0
Male,25 - 45,Native American,0,0,0,0.0,-1.0,F,Uttering a Forged Instrument,0,0,,0,Low,0
Female,25 - 45,Native American,0,0,0,0.0,-1.0,F,Uttering a Forged Instrument,1,0,Tresspass in Struct/Convey Occupy,0,Low,1
Male,Greater than 45,African-American,0,0,0,0.0,-1.0,M,Battery,0,0,,0,Low,0
Female,Less than 25,Caucasian,0,0,0,0.0,-1.0,F,Uttering a Forged Instrument,0,0,,0,Medium,0
Female,Greater than 45,Other,0,0,0,0.0,0.0,M,Battery,1,1,Battery,0,Low,1
Female,Greater than 45,Other,0,0,0,0.0,-1.0,M,Battery,0,0,,0,Medium,0
Male,Less than 25,Asian,0,0,0,0.0,-1.0,F,Uttering a Forged Instrument,0,0,,0,High,0
Female,25 - 45,Hispanic,0,0,0,1.0,0.0,F,arrest case no charge,0,0,,1,Low,0
Male,Greater than 45,Native American,0,0,0,3.0,-1.0,F,Uttering a Forged Instrument,0,0,,3,Low,0
Female,Less than 25,Hispanic,0,0,0,5.0,-1.0,F,Uttering a Forged Instrument,1,0,,5,High,1
Female,Less than 25,African-American,0,0,0,23.0,0.0,F,arrest case no charge,1,0,Unlaw LicTag/Sticker Attach,23,High,1
Male,Less than 25,Asian,0,0,0,2.0,-3.0,M,Driving Under The Influence,0,0,,2,Low,0
Female,Less than 25,Caucasian,0,0,0,3.0,-4.0,M,Uttering a Forged Instrument,1,0,Unlaw LicTag/Sticker Attach,3,Low,1
Male,Less than 25,African-American,0,0,0,0.0,0.0,F,Uttering a Forged Instrument,0,0,,0,Low,0
Male,Less than 25,Hispanic,0,0,0,9.0,-1.0,F,arrest case no charge,0,0,,9,High,0
Female,Less than 25,Asian,0,0,0,0.0,0.0,F,Uttering a Forged Instrument,0,0,,0,Low,0
Female,25 - 45,Caucasian,0,0,0,1.0,-1.0,M,Battery,1,0,Retaliate Wit/Vict No Injury,1,Medium,1
Male,25 - 45,Hispanic,0,0,0,2.0,-1.0,F,Grand Theft in the 3rd Degree,1,1,Robbery W/Firearm,2,Medium,1
Male,25 - 45,Hispanic,0,0,1,1.0,0.0,F,Grand Theft (Motor Vehicle),1,0,,1,Medium,1
Female,Less than 25,Caucasian,0,0,0,2.0,-1.0,F,Grand Theft in the 3rd Degree,0,0,,2,Low,0
Male,Greater than 45,Caucasian,0,0,0,2.0,-1.0,F,Uttering a Forged Instrument,1,0,Battery,2,Low,1
Male,25 - 45,Native American,0,0,0,2.0,-14.0,F,arrest case no charge,0,0,,2,Low,0
Female,Less than 25,Other,0,0,0,4.0,0.0,M,Possess Cannabis/20 Grams Or Less,1,1,Viol Injunct Domestic Violence,4,Low,1
Male,Less than 25,Hispanic,0,0,0,4.0,-1.0,F,arrest case no charge,0,0,,4,Medium,0
Female,Less than 25,Hispanic,0,0,0,0.0,0.0,F,Uttering a Forged Instrument,0,0,,0,Low,0
Male,Less than 25,African-American,0,0,0,8.0,-1.0,M,Battery,1,1,Aggravated Battery / Pregnant,8,High,1
Female,Less than 25,Native American,0,0,0,37.99929787051519,-1.0,F,Felony Battery w/Prior Convict,1,1,Battery on a Person Over 65,38,High,1
Male,Less than 25,Other,0,0,0,0.0,-1.0,F,Grand Theft in the 3rd Degree,0,0,,0,Low,0
Female,Greater than 45,Other,0,0,0,0.0,-1.0,F,Uttering a Forged Instrument,0,0,,0,Low,0
Male,Less than 25,Caucasian,0,0,0,3.0,0.0,M,Battery,1,0,Burglary Conveyance Unoccup,3,Low,1
Male,25 - 45,Asian,0,0,1,0.0,-2.0,F,Uttering a Forged Instrument,1,0,Susp Drivers Lic 1st Offense,0,Low,1
Female,25 - 45,Caucasian,0,0,0,0.0,-1.0,F,Tampering With Physical Evidence,1,1,Viol Injunct Domestic Violence,0,Medium,1
Male,Less than 25,Asian,0,0,1,10.0,-1.0,F,arrest case no charge,1,1,Aggravated Battery / Pregnant,9,High,0
Male,Greater than 45,Hispanic,0,0,0,1.0,-1.0,F,Grand Theft in the 3rd Degree,0,0,,1,Low,0
Female,Greater than 45,African-American,0,1,0,2.0,-1.0,F,Misuse Of 911 Or E911 System,1,1,Battery,2,Medium,1
Female,25 - 45,Caucasian,0,0,0,0.0,-2.0,F,Uttering a Forged Instrument,0,0,,0,Low,0
Female,25 - 45,African-American,0,0,0,1.0,-1.0,M,Uttering a Forged Instrument,1,0,Possess Cannabis/20 Grams Or Less,1,Medium,1
Female,25 - 45,Other,0,0,0,0.0,-1.0,F,Uttering a Forged Instrument,0,0,,0,Low,0
Male,Greater than 45,African-American,0,0,0,0.0,0.0,F,Grand Theft in the 3rd Degree,0,0,,0,Low,0
Female,25 - 45,Native American,0,0,0,9.0,-1.0,M,Driving Under The Influence,1,1,Retaliate Wit/Vict No Injury,9,Low,1
Male,Less than 25,Asian,0,0,0,5.0,-1.0,F,arrest case no charge,0,0,,5,Low,0
Male,Less than 25,African-American,0,0,0,5.0,-1.0,F,Grand Theft in the 3rd Degree,0,0,,5,High,0
Female,25 - 45,Hispanic,0,0,0,0.0,-1.0,F,Uttering a Forged Instrument,0,0,,0,Low,0
Male,Less than 25,Asian,0,0,0,3.0,-1.0,F,arrest case no charge,1,0,Petit Theft,3,Medium,1
Male,Greater than 45,African-American,0,0,0,0.0,-2.0,F,Uttering a Forged Instrument,1,0,Poss Cocaine/Intent To Del/Sel,0,Medium,1
Male,Greater than 45,Asian,0,0,1,3.0,25.30390711295731,F,Pos Cannabis W/Intent Sel/Del,1,0,,3,High,1
Female,25 - 45,Native American,0,0,0,0.0,-1.0,F,Uttering a Forged Instrument,0,0,,0,Low,0
Male,Less than 25,Native American,0,0,0,1.0,-1.0,F,Pos Cannabis W/Intent Sel/Del,0,0,,1,Low,0
Female,Greater than 45,Caucasian,0,0,0,3.0,-1.0,F,arrest case no charge,0,0,,3,Low,0
Female,Less than 25,Hispanic,0,0,0,4.0,-1.0,M,Susp Drivers Lic 1st Offense,0,0,,4,High,0
Female,25 - 45,Native American,0,0,0,1.0,-1.0,M,Battery,0,0,,1,Low,0
Female,25 - 45,Native American,0,0,0,8.0,-1.0,M,arrest case no charge,0,0,,8,Low,0
Male,Less than 25,Native American,0,0,0,1.0,-1.0,F,Grand Theft in the 3rd Degree,0,0,,1,Medium,0
Male,Greater than 45,Other,0,0,0,0.0,-1.0,F,Uttering a Forged Instrument,1,0,Retaliate Wit/Vict No Injury,0,Low,1
Female,25 - 45,Native American,0,0,0,1.0,-1.0,M,Uttering a Forged Instrument,0,0,,1,Low,0
Female,25 - 45,Caucasian,0,0,0,1.0,-15.110260889615118,F,Pos Cannabis W/Intent Sel/Del,1,0,,1,Low,0
Male,25 - 45,Caucasian,0,0,0,10.0,-1.0,F,arrest case no charge,1,0,Possession of Cocaine,10,High,1
Female,Greater than 45,Hispanic,0,0,0,1.0,-1.0,F,Pos Cannabis W/Intent Sel/Del,0,0,,1,Low,0
Female,25 - 45,Native American,0,1,0,5.0,-1.0,F,Pos Cannabis W/Intent Sel/Del,1,0,,5,Medium,1
Male,Greater than 45,Asian,0,0,0,21.000000000000004,-1.0,F,arrest case no charge,1,0,Unlaw Use False Name/Identity,21,High,1
Female,Less than 25,African-American,0,0,0,1.0,-3.0,F,Uttering a Forged Instrument,1,0,Resist/Obstruct W/O Violence,1,Low,0
Male,Less than 25,Asian,2,1,1,3.0,22.31801836718929,F,Crim Use of Personal ID Info,1,0,Grand Theft (Motor Vehicle),3,High,1
Male,Greater than 45,Asian,0,0,0,0.0,0.0,F,Uttering a Forged Instrument,1,0,Susp Drivers Lic 1st Offense,0,Medium,1
Male,25 - 45,Hispanic,0,0,0,0.0,-1.0,M,Uttering a Forged Instrument,0,0,,0,Low,0
Female,Less than 25,Hispanic,0,1,0,17.0,0.0,F,Felony Battery (Dom Strang),1,0,Possess Cannabis/20 Grams Or Less,17,Medium,1
Female,25 - 45,Hispanic,0,0,0,3.0,-1.0,M,Battery,0,0,,3,Medium,0
Male,Greater than 45,Caucasian,0,0,0,1.0,-1.0,M,Battery,0,0,,1,Low,0
Female,Less than 25,Native American,0,0,0,0.0,-1.0,F,Uttering a Forged Instrument,0,0,,0,Low,0
Male,Greater than 45,African-American,0,0,0,5.0,-1.0,M,Uttering a Forged Instrument,1,0,Felony Petit Theft,5,Low,1
Female,Less than 25,Hispanic,0,0,0,4.0,6.495722386630177,M,Leave Acc/Attend Veh/More $50,1,0,Petit Theft,4,High,1
Male,Less than 25,Other,0,0,0,0.0,-1.0,F,Uttering a Forged Instrument,1,0,Petit Theft,0,Low,1
Female,25 - 45,Native American,0,0,0,0.0,-4.0,M,Battery,0,0,,0,Medium,0
Male,25 - 45,African-American,0,0,0,0.0,-1.0,M,Uttering a Forged Instrument,0,0,,0,Low,0
Male,Greater than 45,Native American,0,0,0,1.0,-21.0,F,Pos Cannabis W/Intent Sel/Del,1,0,Resist/Obstruct W/O Violence,1,Medium,1
Male,Greater than 45,Caucasian,0,0,1,11.0,-1.0,F,arrest case no charge,1,0,Trespass Struct/Conveyance,11,High,1
Female,Greater than 45,Hispanic,0,0,0,5.0,-1.0,F,Possession Of Alprazolam,0,0,,5,Medium,0
Female,Greater than 45,Caucasian,0,0,0,1.0,-6.0,M,Driving Under The Influence,0,0,,1,Medium,0
Male,Less than 25,Asian,0,0,0,2.0,-11.0,F,arrest case no charge,0,0,,2,Low,0
Male,25 - 45,Other,0,0,0,0.0,-1.0,F,Uttering a Forged Instrument,1,0,Tresspass in Struct/Convey Occupy,0,Low,0
Female,Less than 25,Native American,0,0,0,1.0,-1.0,F,arrest case no charge,1,1,Battery,1,Medium,1
Female,Greater than 45,Caucasian,0,0,0,3.0,-1.0,F,Uttering a Forged Instrument,1,0,Possess Cannabis/20 Grams Or Less,3,Low,1
Male,Greater than 45,Caucasian,0,0,0,3.0,-1.0,M,Battery,1,0,,3,Low,1
Male,Less than 25,Asian,0,1,0,2.0,-12.0,F,Uttering a Forged Instrument,1,0,Resist/Obstruct W/O Violence,2,Medium,0
Male,Less than 25,Native American,0,0,0,0.0,-1.0,F,Uttering a Forged Instrument,1,0,Resist/Obstruct W/O Violence,0,Medium,1
Female,Less than 25,Other,0,0,0,30.990196443833554,0.0,F,arrest case no charge,1,0,Expired DL More Than 6 Months,31,High,1
Female,Greater than 45,Other,0,0,1,3.0,-1.0,F,Uttering a Forged Instrument,1,0,Possession of Cocaine,3,Medium,1
Female,25 - 45,Other,0,0,0,0.0,0.0,F,Uttering a Forged Instrument,1,0,Retaliate Wit/Vict No Injury,0,High,1
Female,25 - 45,Hispanic,0,0,0,2.0,-1.0,F,Grand Theft in the 3rd Degree,1,0,Unlaw LicTag/Sticker Attach,2,High,1
Male,Less than 25,Asian,0,0,0,0.0,-1.0,F,Uttering a Forged Instrument,0,0,,0,Low,0
Male,Less than 25,Other,0,2,0,12.0,0.0,F,Leave Acc/Attend Veh/More $50,1,0,Disorderly Intoxication,12,High,1
Male,25 - 45,Asian,0,0,0,0.0,-1.0,M,Uttering a Forged Instrument,0,0,,0,Low,0
Male,Greater than 45,Asian,0,0,2,8.0,-1.0,M,arrest case no charge,1,0,Grand Theft in the 3rd Degree,8,High,1
Female,Greater than 45,Native American,0,0,0,0.0,0.0,M,Uttering a Forged Instrument,0,0,,0,Low,0
Male,25 - 45,Native American,0,0,0,0.0,-1.0,F,Possess Cannabis/20 Grams Or Less,1,1,Felony Battery (Dom Strang),0,High,1
Male,25 - 45,Hispanic,0,0,0,0.0,-1.0,M,Battery,0,0,,0,Medium,0
Female,Less than 25,Asian,0,0,0,1.0,-6.0,F,Uttering a Forged Instrument,1,0,Petit Theft,1,Medium,1
Male,25 - 45,African-American,0,3,1,4.0,-1.0,F,arrest case no charge,1,0,Trespass,4,High,1
Female,Less than 25,Native American,0,0,0,9.0,-24.0,M,arrest case no charge,1,0,Unlaw Use False Name/Identity,9,Low,1
Male,Greater than 45,Hispanic,0,0,0,0.0,0.0,F,Uttering a Forged Instrument,0,0,,0,Medium,0
Male,25 - 45,Native American,0,0,0,2.0,0.0,F,arrest case no charge,0,0,,2,Low,0
Female,25 - 45,Caucasian,0,0,0,1.0,-2.0,F,Uttering a Forged Instrument,0,0,,1,Low,0
Female,Less than 25,Native American,0,0,0,0.0,0.0,F,Grand Theft in the 3rd Degree,1,0,Possession of Cocaine,0,Low,1
Male,25 - 45,Caucasian,0,0,2,3.0,-26.0,M,Refuse Submit Blood/Breath Test,1,0,Fail Register Vehicle,3,Low,1
Male,Greater than 45,Hispanic,0,0,0,0.0,-1.0,F,Grand Theft in the 3rd Degree,0,0,,0,Low,0
Female,Less than 25,African-American,0,0,0,7.0,-1.0,F,arrest case no charge,1,1,Viol Injunct Domestic Violence,7,High,1
Male,Greater than 45,Caucasian,0,0,0,1.0,-1.0,M,Battery,0,0,,1,Medium,0
Male,Less than 25,African-American,0,0,0,5.0,0.0,M,arrest case no charge,0,0,,5,Medium,0
Female,Greater than 45,African-American,0,0,0,0.0,-1.0,F,Uttering a Forged Instrument,0,0,,0,Medium,0
Male,25 - 45,Asian,0,0,0,3.0,-1.0,M,Driving Under The Influence,0,0,,3,High,0
Male,Greater than 45,Other,0,0,0,8.0,-1.0,F,Uttering a Forged Instrument,1,0,Aggravated Battery / Pregnant,8,Medium,1
Male,Less than 25,Asian,0,0,0,0.0,-1.0,F,Grand Theft in the 3rd Degree,1,0,Possess Cannabis/20 Grams Or Less,0,Medium,1
Female,Greater than 45,Asian,0,1,3,2.0,-1.0,F,Oper Motorcycle W/O Valid DL,0,0,,2,Medium,0
Female,25 - 45,Native American,0,0,0,1.0,-1.0,M,Battery,0,0,Burglary Structure Unoccup,1,Low,0
Male,Less than 25,Other,0,0,0,3.0,-1.0,F,Uttering a Forged Instrument,0,0,,3,Low,0
Female,Greater than 45,Asian,0,0,0,3.0,-1.0,F,arrest case no charge,1,0,Expired DL More Than 6 Months,3,Low,1
Male,Greater than 45,Caucasian,0,0,0,5.0,-29.0,F,arrest case no charge,0,0,,5,Medium,0
Male,Greater than 45,African-American,0,0,0,2.0,-1.0,F,arrest case no charge,0,0,,2,Low,0
Female,Less than 25,Caucasian,0,0,0,3.0,-1.0,F,Uttering a Forged Instrument,1,1,Felony Battery (Dom Strang),3,Low,1
Female,25 - 45,African-American,0,1,0,9.0,-1.0,M,Leave Acc/Attend Veh/More $50,1,0,Resist/Obstruct W/O Violence,9,High,1
Female,Greater than 45,Native American,0,0,0,5.0,-14.0,M,Battery,0,0,,5,Medium,0
Female,Less than 25,African-American,0,0,0,15.0,-1.0,M,arrest case no charge,0,0,,15,Medium,0
Female,25 - 45,African-American,0,0,0,7.0,0.0,F,Grand Theft (Motor Vehicle),1,1,Robbery W/Firearm,7,High,1
Female,Less than 25,Asian,0,0,0,3.0,0.0,F,Uttering a Forged Instrument,1,0,Battery,3,Medium,1
Male,Greater than 45,African-American,0,0,0,0.0,-1.0,M,Uttering a Forged Instrument,1,0,Petit Theft,0,Low,1
Female,25 - 45,Asian,0,0,0,0.0,-1.0,F,Uttering a Forged Instrument,0,0,,0,Low,0
Female,25 - 45,Caucasian,0,0,0,7.0,0.0,F,arrest case no charge,1,1,Viol Injunct Domestic Violence,7,High,0
Male,Greater than 45,African-American,0,0,0,1.0,-4.0,F,Uttering a Forged Instrument,0,0,,1,Low,0
Female,Greater than 45,African-American,0,0,0,0.0,-1.0,M,Uttering a Forged Instrument,0,0,,0,Medium,0
Female,25 - 45,Native American,0,0,0,0.0,0.0,M,Battery,1,1,Retaliate Wit/Vict No Injury,0,Low,1
Male,Less than 25,Native American,0,0,0,1.0,-1.0,M,Battery,0,0,,1,Medium,0
Female,25 - 45,Caucasian,0,0,0,0.0,0.0,M,Battery,0,0,,0,Low,0
Female,Greater than 45,Other,0,0,0,12.0,-1.0,F,arrest case no charge,0,0,,12,Low,0
Female,Less than 25,Asian,0,0,0,0.0,-1.0,F,Grand Theft in the 3rd Degree,1,0,Burglary Conveyance Unoccup,0,Low,1
Female,25 - 45,Asian,0,0,0,2.0,0.0,M,Uttering a Forged Instrument,0,0,,2,Medium,0
Male,25 - 45,Native American,0,0,0,11.0,0.0,F,arrest case no charge,1,0,Tresspass in Struct/Convey Occupy,11,Medium,1
Female,Greater than 45,Hispanic,0,0,0,0.0,-1.0,F,Uttering a Forged Instrument,0,0,,0,Low,0
Male,Less than 25,Other,0,0,0,0.0,0.0,F,Uttering a Forged Instrument,0,0,,0,High,0
Female,25 - 45,Caucasian,0,1,0,4.0,-1.0,F,Battery,1,0,Petit Theft,4,Low,1
Female,Less than 25,Hispanic,0,0,0,0.0,-1.0,M,Battery,0,0,,0,Low,0
Male,Less than 25,Native American,1,0,1,9.0,-6.963821105865232,M,Principal In The First Degree,1,1,Viol Injunct Domestic Violence,9,High,1
Male,Less than 25,African-American,0,0,0,1.0,-1.0,F,arrest case no charge,0,0,,1,Low,0
Male,25 - 45,Hispanic,0,0,0,1.0,-1.0,F,Uttering a Forged Instrument,1,1,Stalking (Aggravated),1,Medium,1
Male,25 - 45,Caucasian,0,0,0,1.0,0.0,M,Battery,1,0,Trespass Struct/Conveyance,1,Medium,1
Female,Greater than 45,Caucasian,0,0,0,0.0,-1.0,F,Grand Theft in the 3rd Degree,0,0,,0,Low,0
Female,Greater than 45,Hispanic,0,0,0,0.0,0.0,F,Uttering a Forged Instrument,0,0,,0,Low,0
Male,Less than 25,African-American,0,1,0,4.0,-3.0,M,Leave Acc/Attend Veh/More $50,1,0,,4,Medium,1
Female,Greater than 45,Hispanic,0,0,0,0.0,-1.0,F,Grand Theft in the 3rd Degree,1,0,Neglect Child / No Bodily Harm,0,High,1
Female,25 - 45,African-American,0,0,0,0.0,0.0,M,Uttering a Forged Instrument,1,0,,0,Low,0
Female,Greater than 45,African-American,0,0,0,3.0,0.0,M,Driving Under The Influence,0,0,,3,Medium,0
Female,25 - 45,Caucasian,0,0,0,0.0,-1.0,M,Battery,0,0,,0,Medium,0
Female,Greater than 45,African-American,0,0,0,15.0,0.0,M,arrest case no charge,1,0,Opert With Susp DL 2nd Offens,15,High,1
Female,Less than 25,African-American,0,0,0,1.0,-1.0,F,Uttering a Forged Instrument,0,0,,1,Low,0
Female,Less than 25,Caucasian,0,0,0,2.0,-1.0,M,Battery,0,0,,2,Low,0
Male,Greater than 45,Asian,0,0,0,0.0,-4.0,M,Battery,0,0,,0,Low,0
Male,Less than 25,Native American,0,0,0,0.0,0.0,M,Uttering a Forged Instrument,0,0,,0,Low,0
Male,25 - 45,Hispanic,0,1,1,10.0,-4.0,F,arrest case no charge,1,0,Possession of Cocaine,10,High,1
Female,Less than 25,Hispanic,0,0,1,1.0,-1.0,F,Pos Cannabis W/Intent Sel/Del,0,0,,1,High,0
Male,25 - 45,Asian,0,0,0,7.0,-1.0,F,arrest case no charge,1,0,Resist/Obstruct W/O Violence,7,High,1
Female,25 - 45,Caucasian,0,0,0,0.0,-1.0,F,Uttering a Forged Instrument,0,0,,0,Medium,0
Male,Less than 25,Asian,0,0,0,0.0,-1.0,M,Uttering a Forged Instrument,1,0,Felony Petit Theft,0,Medium,1
Male,Less than 25,Other,0,0,0,0.0,-1.0,M,Uttering a Forged Instrument,0,0,,0,Low,0
Female,Greater than 45,Hispanic,2,0,0,8.0,-1.0,F,arrest case no charge,1,1,Battery,8,Medium,0
Male,25 - 45,Hispanic,0,0,0,4.0,-27.0,M,arrest case no charge,0,0,,4,Low,0
Female,25 - 45,Hispanic,0,0,0,0.0,-2.0,M,Battery,0,0,,0,Low,0
Female,Greater than 45,Caucasian,0,0,0,0.0,-1.0,M,Battery,1,1,Retaliate Wit/Vict No Injury,0,High,1
Male,Greater than 45,Asian,0,0,0,7.0,0.0,F,Possession of Cannabis,0,0,,7,Low,0
Male,Less than 25,Other,0,0,0,1.0,-1.0,M,Driving Under The Influence,0,0,,1,Low,0
Female,25 - 45,Hispanic,0,0,0,0.0,-1.0,M,Driving Under The Influence,0,0,,0,Low,0
Female,Less than 25,Hispanic,0,0,0,10.0,-1.0,F,arrest case no charge,0,0,,10,Medium,0
Female,25 - 45,Other,0,0,0,0.0,-1.0,F,Grand Theft in the 3rd Degree,1,0,Possession of Cocaine,0,Medium,1
Female,Less than 25,Other,0,0,0,0.0,-1.0,M,Battery,0,0,,0,Low,0
Male,25 - 45,Caucasian,0,0,0,0.0,-1.0,F,Uttering a Forged Instrument,1,0,,0,Low,0
Female,Greater than 45,Native American,0,0,0,1.0,-4.0,M,Driving Under The Influence,0,0,,1,Low,0
Female,Greater than 45,Asian,0,0,1,0.0,-1.0,F,Pos Cannabis W/Intent Sel/Del,1,0,Resist/Obstruct W/O Violence,0,Medium,1
Female,Less than 25,Caucasian,0,0,0,0.0,-3.0,F,Uttering a Forged Instrument,0,0,,0,Medium,0
Male,Less than 25,Hispanic,0,0,0,2.0,-1.0,M,Battery,0,0,,2,Low,0
Male,Greater than 45,Caucasian,0,0,0,4.0,-10.0,M,Battery,1,0,Battery,4,Medium,1
Female,Greater than 45,Caucasian,0,0,0,7.0,-1.0,M,Susp Drivers Lic 1st Offense,1,0,Possess Cannabis/20 Grams Or Less,7,Low,1
Male,Less than 25,Other,0,0,0,1.0,-1.0,F,Uttering a Forged Instrument,1,1,Stalking (Aggravated),1,Medium,1
Male,Greater than 45,Other,0,0,0,0.0,-1.0,M,Uttering a Forged Instrument,0,0,,0,Low,0
Female,25 - 45,Asian,1,0,0,8.0,-1.0,M,Possession of Cannabis,0,0,,8,High,0
Male,25 - 45,Other,0,0,0,0.0,-1.0,M,Battery,0,0,,0,Low,0
Male,25 - 45,Other,0,0,0,9.0,-1.0,M,arrest case no charge,1,0,Tresspass in Struct/Convey Occupy,9,Medium,0
Female,25 - 45,African-American,0,0,0,0.0,0.0,M,Uttering a Forged Instrument,0,0,,0,Low,0
Female,Less than 25,African-American,0,0,1,2.0,0.0,F,Pos Cannabis W/Intent Sel/Del,0,0,,2,Medium,0
Male,Greater than 45,Asian,0,0,1,1.0,0.0,F,Pos Cannabis W/Intent Sel/Del,0,0,,1,Low,0
Male,25 - 45,Caucasian,0,0,0,0.0,-1.0,M,Uttering a Forged Instrument,0,0,,0,Medium,0
Female,25 - 45,Caucasian,0,0,0,4.0,-3.0,F,Possession of Cannabis,0,0,,4,Medium,0
Female,25 - 45,Hispanic,0,0,2,3.0,0.0,M,Oper Motorcycle W/O Valid DL,0,0,,3,Medium,0
Male,Greater than 45,African-American,0,0,0,1.0,-1.0,F,arrest case no charge,0,0,,1,Low,0
Male,25 - 45,Caucasian,0,1,0,2.0,-1.0,F,Robbery / No Weapon,1,1,Viol Injunct Domestic Violence,2,High,1
Male,25 - 45,Other,0,0,0,1.0,-1.0,M,Battery,0,0,,1,Low,0
Male,25 - 45,Caucasian,0,0,0,15.0,0.0,F,arrest case no charge,1,0,Battery,15,Medium,0
Male,Less than 25,African-American,0,0,0,0.0,-1.0,F,Uttering a Forged Instrument,0,0,,0,Low,0
Female,Greater than 45,Asian,0,0,0,1.0,-1.0,F,Uttering a Forged Instrument,1,0,Petit Theft,1,Medium,1
Female,Greater than 45,Other,0,0,0,1.0,-1.0,F,Uttering a Forged Instrument,0,0,,1,Low,0
Female,Less than 25,Native American,0,0,0,15.0,-1.0,F,arrest case no charge,1,0,Trespass,15,High,1
Male,25 - 45,Native American,0,1,1,8.0,0.0,F,Possession of Cannabis,1,0,Burglary Structure Unoccup,8,High,1
Male,25 - 45,Native American,0,0,0,0.0,-1.0,F,Uttering a Forged Instrument,1,1,Battery,0,Low,1
Male,Greater than 45,Other,0,2,0,3.0,-1.0,F,Grand Theft in the 3rd Degree,1,0,Opert With Susp DL 2nd Offens,3,Low,1
Male,Greater than 45,Other,0,0,0,0.0,0.0,M,Battery,0,0,,0,Low,0
Male,Less than 25,Other,0,0,0,0.0,-4.0,F,Uttering a Forged Instrument,0,0,,0,Low,0
Male,Greater than 45,Native American,0,0,0,1.0,-19.702825243817067,F,arrest case no charge,1,0,Possess Cannabis/20 Grams Or Less,1,Low,1
Female,Greater than 45,Native American,0,0,0,0.0,-1.0,F,Uttering a Forged Instrument,0,0,,0,Low,0
Male,25 - 45,African-American,0,0,0,3.0,-1.0,F,Uttering a Forged Instrument,1,0,Possess Cannabis/20 Grams Or Less,3,Low,1
Female,25 - 45,Asian,0,0,0,5.0,0.0,F,Pos Cannabis W/Intent Sel/Del,1,0,Possession of Cocaine,5,Medium,1
Female,25 - 45,Native American,0,0,0,0.0,-1.0,M,Uttering a Forged Instrument,0,0,,0,Medium,0
Male,Greater than 45,Asian,0,0,0,1.0,-1.0,F,arrest case no charge,1,0,Possession of Cocaine,1,Medium,1
Male,25 - 45,African-American,0,0,0,0.0,-1.0,F,Uttering a Forged Instrument,0,0,,0,Low,1
Male,Greater than 45,Native American,0,0,0,5.0,-1.0,F,Pos Cannabis W/Intent Sel/Del,0,0,,5,Low,0
Female,Less than 25,Asian,0,0,0,2.0,0.0,M,Driving Under The Influence,0,0,,2,Low,0
Female,Less than 25,Other,0,0,0,5.0,-1.0,F,Uttering a Forged Instrument,1,0,Petit Theft,5,Medium,1
Male,Greater than 45,Asian,0,0,0,0.0,-1.0,F,Grand Theft in the 3rd Degree,0,0,,0,Medium,0
Male,25 - 45,Asian,0,0,0,3.0,0.0,F,Uttering a Forged Instrument,1,0,Felony Petit Theft,3,Medium,1
Male,Greater than 45,Hispanic,0,0,0,0.0,-1.0,F,Uttering a Forged Instrument,0,0,,0,Low,0
Male,Less than 25,Hispanic,0,0,0,1.0,-1.0,M,Battery,0,0,,1,Low,0
Male,25 - 45,Asian,0,0,1,0.0,-1.0,F,Grand Theft in the 3rd Degree,0,0,,0,Low,0
Female,Greater than 45,Native American,0,1,0,2.0,-1.0,F,Grand Theft in the 3rd Degree,1,1,Viol Injunct Domestic Violence,2,High,1
Female,25 - 45,Caucasian,0,0,0,1.0,0.0,F,arrest case no charge,0,0,,1,Medium,0
Male,Greater than 45,Hispanic,0,0,0,0.0,-1.0,M,Battery,0,0,,0,Low,0
Female,Greater than 45,Hispanic,0,0,0,0.0,0.0,M,Battery,0,0,,0,Low,0
Female,Less than 25,Other,0,0,0,10.0,0.0,F,arrest case no charge,1,1,Stalking (Aggravated),10,Low,1
Male,Greater than 45,African-American,0,0,0,0.0,-1.0,M,Battery,0,0,,0,Low,0
Male,Greater than 45,Caucasian,0,0,0,0.0,0.0,M,Battery,0,0,,0,Medium,0
Male,25 - 45,Other,0,0,0,1.0,-1.0,M,Uttering a Forged Instrument,1,0,Tresspass in Struct/Convey Occupy,1,Low,1
Female,25 - 45,Other,0,0,0,12.0,-1.0,F,arrest case no charge,1,0,,12,Low,1
Male,25 - 45,African-American,0,0,0,0.0,0.0,M,Driving Under The Influence,1,0,Susp Drivers Lic 1st Offense,0,Low,1
Male,Less than 25,Native American,1,0,0,7.0,-1.0,M,Possession of Cannabis,1,0,Unlaw Use False Name/Identity,7,High,1
Male,25 - 45,Caucasian,0,0,0,4.0,-1.0,F,Grand Theft (Motor Vehicle),1,0,Possession of Cocaine,4,High,1
Female,Greater than 45,Other,0,2,1,3.0,-3.0,F,Kidnapping / Domestic Violence,1,1,Battery,3,High,1
Female,25 - 45,African-American,0,0,0,0.0,-1.0,M,Battery,0,0,,0,Low,0
Female,25 - 45,Caucasian,0,0,0,0.0,-1.0,F,Possess Cannabis/20 Grams Or Less,1,1,Battery on a Person Over 65,0,High,1
Male,Less than 25,Hispanic,0,0,0,8.0,-14.280735176187047,F,arrest case no charge,0,0,,8,Low,0
Male,Less than 25,Native American,0,0,0,3.0,0.0,M,Driving Under The Influence,0,0,,3,Low,0
Male,Greater than 45,Hispanic,0,0,0,0.0,-1.0,F,Uttering a Forged Instrument,0,0,,0,Low,0
Male,25 - 45,Asian,0,0,1,5.0,-1.0,F,arrest case no charge,1,0,Possession of Cocaine,5,High,1
Female,Greater than 45,Other,0,0,0,5.0,-1.0,M,Possess Cannabis/20 Grams Or Less,0,0,,5,Medium,0
Male,25 - 45,Asian,0,0,0,9.0,-1.0,F,arrest case no charge,0,0,,9,Low,0
Male,Less than 25,Native American,0,0,0,0.0,0.0,M,Uttering a Forged Instrument,1,0,Viol Injunct Domestic Violence,0,Low,1
Male,Less than 25,Caucasian,0,0,0,2.0,0.0,M,Battery,0,0,,2,Low,0
Female,Greater than 45,Native American,0,0,0,1.0,-1.0,F,Grand Theft in the 3rd Degree,1,0,Disorderly Intoxication,1,Medium,1
Male,Greater than 45,Other,0,0,0,3.0,-1.0,F,arrest case no charge,0,0,,3,Low,0
Female,Less than 25,Hispanic,0,0,0,1.0,-1.0,F,Pos Cannabis W/Intent Sel/Del,1,0,Trespass Struct/Conveyance,1,High,1
Male,25 - 45,Hispanic,0,0,0,2.0,-1.0,F,Uttering a Forged Instrument,0,0,,2,Medium,0
Female,25 - 45,Hispanic,0,0,0,0.0,0.0,F,Uttering a Forged Instrument,0,0,,0,Medium,0
Male,Greater than 45,Other,0,0,0,0.0,-1.0,M,Uttering a Forged Instrument,0,0,,0,Low,0
Male,Greater than 45,Native American,0,0,0,0.0,0.0,F,Uttering a Forged Instrument,0,0,,0,High,0
Female,Greater than 45,Hispanic,0,0,0,0.0,0.0,F,Uttering a Forged Instrument,0,0,,0,Low,0
Female,Greater than 45,Asian,0,0,0,6.0,-24.0,F,arrest case no charge,1,1,Robbery W/Firearm,6,Medium,0
Male,Greater than 45,Asian,0,0,0,3.0,-1.0,M,Battery,1,0,Felony Petit Theft,3,Medium,1
Female,Greater than 45,African-American,0,0,0,1.0,-2.0,F,Driving Under The Influence,0,0,,1,High,0
Male,Greater than 45,African-American,0,0,0,7.0,-1.0,F,arrest case no charge,1,0,Burglary Conveyance Unoccup,7,Medium,1
Male,Greater than 45,Caucasian,0,0,1,1.0,27.88542921255931,M,Battery,1,1,Battery on a Person Over 65,1,Medium,1
Male,Greater than 45,African-American,0,0,0,1.0,0.0,F,Uttering a Forged Instrument,1,0,Felony Battery (Dom Strang),1,Medium,1
Female,Greater than 45,Native American,0,1,0,1.0,-1.0,F,Uttering a Forged Instrument,0,0,,1,Medium,0
Male,25 - 45,Hispanic,0,0,0,1.0,-1.0,F,Grand Theft in the 3rd Degree,0,0,,1,Low,0
Male,Greater than 45,Native American,0,1,0,3.0,-1.0,F,Uttering a Forged Instrument,1,0,Burglary Conveyance Unoccup,3,High,1
Female,Greater than 45,Other,0,0,0,1.0,-4.0,F,Uttering a Forged Instrument,1,0,Opert With Susp DL 2nd Offens,1,Low,1
Female,Less than 25,Asian,0,0,0,0.0,0.0,F,Pos Cannabis W/Intent Sel/Del,0,0,,0,High,0
Male,Greater than 45,Asian,0,0,0,1.0,-1.0,M,Battery,0,0,,1,Low,0
Female,Greater than 45,Other,0,0,0,2.0,-1.0,F,Uttering a Forged Instrument,0,0,,2,Low,0
Male,Greater than 45,Asian,0,0,0,2.0,-1.0,F,Uttering a Forged Instrument,1,0,Resist/Obstruct W/O Violence,2,Medium,1
Male,Greater than 45,Asian,0,0,0,0.0,-1.0,M,Battery,0,0,,0,Low,0
Male,25 - 45,Caucasian,0,0,0,0.0,-1.0,F,Uttering a Forged Instrument,0,0,,0,Low,0
Female,Less than 25,Native American,3,0,1,5.0,-1.0,F,Poss Tetrahydrocannabinols,1,1,Loitering/Prowling,6,High,1
Male,25 - 45,Caucasian,0,0,0,1.0,-2.0,M,Grand Theft in the 3rd Degree,0,0,,1,Medium,0
Male,Greater than 45,Asian,0,0,0,1.0,-1.0,F,Uttering a Forged Instrument,0,0,,1,Low,0
Male,Greater than 45,Caucasian,0,0,0,8.0,-1.0,F,arrest case no charge,1,0,Opert With Susp DL 2nd Offens,8,Medium,1
Female,25 - 45,Other,1,2,0,9.0,-1.0,F,Robbery / No Weapon,1,0,Fail Register Vehicle,9,High,1
Female,25 - 45,Asian,0,0,0,3.0,-1.0,F,Uttering a Forged Instrument,1,0,Possess Cannabis/20 Grams Or Less,3,Medium,1
Female,Greater than 45,Native American,0,0,0,1.0,-2.0,F,Uttering a Forged Instrument,0,0,,1,Low,0
Male,Greater than 45,Other,0,0,0,11.0,-1.0,F,arrest case no charge,1,0,Resist/Obstruct W/O Violence,11,High,1
Female,Greater than 45,Hispanic,0,0,0,1.0,-8.863674429210818,F,Uttering a Forged Instrument,1,0,Fail Register Vehicle,1,Low,0
Male,Greater than 45,African-American,0,0,2,1.0,-1.0,M,Possess Cannabis/20 Grams Or Less,0,0,,1,Low,0
Male,Less than 25,Asian,0,0,0,1.0,0.0,M,Battery,0,0,,1,Low,0
Male,25 - 45,African-American,0,0,0,4.0,0.0,M,Driving Under The Influence,0,0,Petit Theft,4,Low,0
Female,25 - 45,Other,0,0,0,0.0,-1.0,F,Pos Cannabis W/Intent Sel/Del,0,0,,0,Low,0
Female,Greater than 45,African-American,0,0,0,1.0,22.543537065816565,F,Uttering a Forged Instrument,1,0,Viol Injunct Domestic Violence,1,Low,0
Male,Less than 25,Caucasian,0,0,0,6.0,-1.0,M,Battery,1,0,Fail Register Vehicle,6,Medium,1
Male,Greater than 45,Caucasian,0,0,0,1.0,-1.0,F,arrest case no charge,0,0,,1,Medium,0
Male,Less than 25,Asian,0,0,0,0.0,-1.0,F,Uttering a Forged Instrument,0,0,,0,High,0
Male,Less than 25,Asian,0,0,0,2.0,-21.0,F,Uttering a Forged Instrument,0,0,,2,Low,0
Female,25 - 45,Caucasian,0,1,0,2.0,-1.0,F,Uttering a Forged Instrument,0,0,,2,High,0
Male,25 - 45,African-American,0,0,0,0.0,0.0,M,Driving Under The Influence,0,0,,0,Low,0
Female,Less than 25,Other,0,0,0,6.0,-10.0,F,Possession Of Alprazolam,1,1,Aggravated Battery / Pregnant,6,Medium,1
Male,Greater than 45,Hispanic,0,0,0,3.0,0.0,M,Battery,0,0,,3,Medium,0
Male,Greater than 45,Caucasian,0,0,0,7.0,-1.0,F,arrest case no charge,1,0,Fail Register Vehicle,7,High,1
Male,Less than 25,Hispanic,0,0,0,5.0,0.0,M,Driving Under The Influence,1,1,Stalking (Aggravated),5,Low,1
Female,Greater than 45,Native American,0,0,0,0.0,-1.0,F,Grand Theft in the 3rd Degree,0,0,,0,Medium,0
Female,Greater than 45,Native American,0,0,0,3.0,0.0,M,Battery,0,0,,3,Low,0
Female,Less than 25,Hispanic,0,0,0,7.0,-1.0,M,Battery,1,1,Felony Battery (Dom Strang),7,High,1
Female,Less than 25,African-American,0,0,1,0.0,-1.0,F,Pos Cannabis W/Intent Sel/Del,1,0,Possess Cannabis/20 Grams Or Less,0,High,1
Female,Greater than 45,Other,0,1,0,5.0,-1.0,M,Battery,1,0,Trespass,5,Low,1
Male,Less than 25,Hispanic,0,0,0,4.0,0.0,M,Battery,1,0,Burglary Structure Unoccup,4,Low,1
Female,25 - 45,Asian,0,0,0,12.0,-24.0,M,arrest case no charge,0,0,,12,Medium,0
Female,25 - 45,Native American,0,0,0,1.0,-1.0,F,Uttering a Forged Instrument,1,0,,1,Low,1
Male,Less than 25,Native American,0,0,1,22.0,0.0,F,arrest case no charge,1,1,Viol Injunct Domestic Violence,22,High,1
Male,Greater than 45,Caucasian,0,0,0,0.0,0.0,F,Uttering a Forged Instrument,0,0,,0,Low,0
Female,25 - 45,African-American,0,0,0,1.0,-22.0,F,Uttering a Forged Instrument,0,0,,1,Low,0
Male,Less than 25,Other,1,0,0,2.0,-1.0,M,Driving Under The Influence,1,0,,2,Low,1
Male,Less than 25,Other,0,0,0,8.0,-1.0,F,arrest case no charge,0,0,,8,Medium,0
Female,Greater than 45,Asian,0,0,1,3.0,-1.0,M,arrest case no charge,0,0,,3,Medium,0
Female,25 - 45,Native American,0,0,0,4.0,-30.0,F,Possession Of Alprazolam,0,0,,4,High,0
Female,Less than 25,Caucasian,0,0,0,0.0,0.0,M,Uttering a Forged Instrument,0,0,,0,Low,0
Male,Less than 25,Caucasian,0,0,0,3.0,0.0,M,Driving Under The Influence,1,0,Poss Cocaine/Intent To Del/Sel,3,Medium,1
Male,25 - 45,African-American,0,0,0,0.0,-1.0,M,Uttering a Forged Instrument,1,0,Resist/Obstruct W/O Violence,0,Low,1
Male,25 - 45,African-American,0,0,0,0.0,-1.0,F,Uttering a Forged Instrument,0,0,,0,Low,0
Female,25 - 45,Hispanic,0,1,0,3.0,0.0,F,Grand Theft in the 3rd Degree,1,0,Possession of Cocaine,3,Low,1
Male,25 - 45,Hispanic,0,0,0,2.0,-1.0,F,Grand Theft in the 3rd Degree,0,0,,2,Low,0
Male,25 - 45,Asian,0,0,0,4.0,-1.0,F,Pos Cannabis W/Intent Sel/Del,0,0,,4,High,0
Male,Less than 25,Native American,0,0,0,0.0,-1.0,M,Battery,0,0,,0,Low,0
Female,Less than 25,Asian,0,0,0,6.0,-1.0,F,Grand Theft in the 3rd Degree,1,0,Petit Theft,6,Medium,1
Male,25 - 45,Asian,0,0,0,5.0,-1.0,M,Battery,1,1,Felony Battery (Dom Strang),5,Medium,1
Female,25 - 45,Caucasian,0,0,0,6.0,-1.0,F,arrest case no charge,1,0,Petit Theft,6,Medium,1
Female,Greater than 45,Caucasian,0,0,0,0.0,-1.0,F,Uttering a Forged Instrument,0,0,,0,Low,0
Female,25 - 45,Other,0,0,0,0.0,0.0,F,Uttering a Forged Instrument,0,0,,0,Low,0
Female,25 - 45,Native American,0,1,0,6.0,-1.0,M,arrest case no charge,0,0,,6,Medium,0
Female,25 - 45,African-American,0,0,0,0.0,-1.0,F,Uttering a Forged Instrument,1,0,Viol Injunct Domestic Violence,0,High,1
Male,Less than 25,Asian,2,1,1,16.0,-1.0,F,False Imprisonment,1,0,Possess Cannabis/20 Grams Or Less,16,High,1
Male,25 - 45,Hispanic,0,0,0,1.0,0.0,F,Uttering a Forged Instrument,1,0,Viol Injunct Domestic Violence,1,High,1
Female,25 - 45,Caucasian,0,1,0,2.0,-1.0,F,arrest case no charge,1,0,Trespass,2,High,1
Female,25 - 45,African-American,0,0,0,2.0,-2.0,F,Uttering a Forged Instrument,1,0,Possess Cannabis/20 Grams Or Less,2,Low,0
Male,25 - 45,Other,0,1,0,1.0,-1.0,F,Grand Theft in the 3rd Degree,1,0,Trespass,1,High,1
Male,25 - 45,Native American,0,0,0,1.0,-1.0,M,Battery,0,0,,1,Low,0
Female,Less than 25,Hispanic,0,0,0,8.0,-1.0,F,arrest case no charge,1,1,Battery,8,Medium,1
Female,25 - 45,Asian,0,0,0,8.0,-1.0,M,Driving Under The Influence,1,1,Battery,8,Medium,0
Male,Less than 25,African-American,0,0,0,2.0,-1.0,F,Grand Theft (Motor Vehicle),1,0,Unlaw LicTag/Sticker Attach,2,Low,1
Female,Less than 25,Hispanic,0,0,0,0.0,-1.0,M,Driving Under The Influence,0,1,Battery,0,Low,1
Male,Less than 25,Asian,0,0,1,3.0,-4.0,M,arrest case no charge,1,0,Resist/Obstruct W/O Violence,3,Low,1
Female,25 - 45,African-American,0,0,0,1.0,0.0,F,Uttering a Forged Instrument,0,0,Petit Theft,1,Low,0
Male,Greater than 45,African-American,0,0,0,3.0,0.0,F,Uttering a Forged Instrument,1,0,Felony Petit Theft,3,Low,1
Female,25 - 45,Native American,0,0,0,0.0,0.0,M,Battery,0,0,,0,Low,0
Male,25 - 45,Native American,0,0,0,1.0,-1.0,F,Driving Under The Influence,1,1,Battery,1,Low,0
Female,Less than 25,Hispanic,0,0,0,10.0,-1.0,F,arrest case no charge,1,0,Expired DL More Than 6 Months,10,Medium,1
Male,Greater than 45,Asian,0,0,0,2.0,-1.0,F,Uttering a Forged Instrument,1,0,Trespass Struct/Conveyance,2,High,1
Male,Greater than 45,Native American,0,0,0,2.0,-4.0,F,arrest case no charge,0,0,,2,Low,0
Female,Less than 25,Hispanic,0,0,0,7.0,-1.0,F,arrest case no charge,1,0,Stalking (Aggravated),7,Low,1
Male,25 - 45,Hispanic,0,0,0,0.0,-1.0,F,Uttering a Forged Instrument,0,0,,0,Low,0
Female,Greater than 45,African-American,0,0,0,2.0,-1.0,M,Possess Cannabis/20 Grams Or Less,0,0,,2,Low,0
Female,Greater than 45,Native American,0,0,0,0.0,-1.0,F,Uttering a Forged Instrument,0,0,,0,Medium,0
Female,Less than 25,Native American,0,0,0,0.0,0.0,F,Uttering a Forged Instrument,1,0,Armed Kidnapping,0,Medium,1
Female,Greater than 45,Native American,0,0,0,0.0,0.0,F,Uttering a Forged Instrument,0,0,,0,Medium,0
Male,Less than 25,Other,0,0,0,1.0,-1.0,F,Grand Theft in the 3rd Degree,0,0,,1,High,0
Male,25 - 45,Caucasian,0,0,0,1.0,-1.0,F,Uttering a Forged Instrument,0,0,,1,Low,0
Female,Greater than 45,Native American,0,0,0,1.0,-1.0,M,Driving Under The Influence,0,0,,1,High,0
Female,Greater than 45,Asian,0,0,1,0.0,-1.0,F,Uttering a Forged Instrument,1,0,,0,High,1
Female,25 - 45,Caucasian,0,0,0,0.0,-1.0,F,Grand Theft in the 3rd Degree,0,0,,0,Low,0
Male,Greater than 45,Caucasian,0,0,0,0.0,-1.0,F,Uttering a Forged Instrument,0,0,,0,High,0
Female,25 - 45,African-American,0,0,0,1.0,-1.0,M,Battery,0,0,,1,Low,0
Male,Greater than 45,Native American,0,0,0,7.0,-1.0,F,arrest case no charge,0,0,,7,Low,0
Male,25 - 45,Native American,0,0,0,1.0,-1.0,F,arrest case no charge,0,0,,1,Low,0
Male,Greater than 45,Asian,0,0,0,2.0,-1.0,F,Pos Cannabis W/Intent Sel/Del,1,0,Trespass Struct/Conveyance,2,High,1
Male,Greater than 45,Other,1,1,0,9.0,-1.0,F,Leave Acc/Attend Veh/More $50,1,0,Resist/Obstruct W/O Violence,9,High,1
Male,25 - 45,Native American,0,0,0,3.0,0.0,F,Uttering a Forged Instrument,1,0,Burglary Conveyance Unoccup,3,Medium,1
Female,Less than 25,Caucasian,0,0,0,0.0,-1.0,F,Uttering a Forged Instrument,0,0,,0,Low,0
Male,25 - 45,Caucasian,0,0,0,8.0,-23.0,F,arrest case no charge,1,0,Possession of Cocaine,8,High,1
Male,25 - 45,Native American,0,0,0,0.0,-3.0,M,Battery,0,0,,0,Low,0
Female,25 - 45,Hispanic,0,0,0,26.152408463117492,-1.0,F,arrest case no charge,1,0,Felony Petit Theft,26,Medium,1
Male,Greater than 45,Caucasian,0,0,0,1.0,0.0,F,Uttering a Forged Instrument,0,0,,1,Low,0
Female,Less than 25,Caucasian,0,0,0,1.0,0.0,F,Grand Theft in the 3rd Degree,1,0,Disorderly Intoxication,1,High,1
Female,Less than 25,Asian,0,0,0,0.0,-1.0,M,Susp Drivers Lic 1st Offense,1,1,Felony Battery w/Prior Convict,0,Low,1
Female,Greater than 45,African-American,0,1,0,10.0,-1.0,F,Leave Acc/Attend Veh/More $50,1,0,Poss Cocaine/Intent To Del/Sel,10,High,1
Female,Greater than 45,Hispanic,0,0,0,0.0,-1.0,F,Uttering a Forged Instrument,0,0,,0,Medium,0
Female,Less than 25,Native American,0,0,0,11.0,-1.0,M,Battery,1,1,Battery,11,Medium,1
Male,Greater than 45,Caucasian,0,0,0,0.0,-1.0,F,Uttering a Forged Instrument,0,0,,0,High,0
Male,25 - 45,Asian,0,0,0,2.0,-1.0,F,arrest case no charge,1,0,Trespass Struct/Conveyance,2,Medium,1
Female,25 - 45,Native American,0,0,0,0.0,0.0,M,Driving Under The Influence,0,0,,0,Low,0
Male,25 - 45,Caucasian,0,0,0,16.0,0.0,F,arrest case no charge,1,0,Expired DL More Than 6 Months,16,Medium,1
Male,Greater than 45,Native American,0,0,0,1.0,-21.231464665613228,M,Battery,0,0,,1,Low,0
Male,Greater than 45,Other,0,0,0,7.0,-1.0,F,arrest case no charge,1,0,Unlaw Use False Name/Identity,7,Medium,1
Male,25 - 45,Caucasian,0,0,0,0.0,-1.0,F,Pos Cannabis W/Intent Sel/Del,0,0,,0,Low,0
Female,25 - 45,Other,0,0,0,2.0,-1.0,F,Grand Theft (Motor Vehicle),0,0,,2,Medium,0
Male,Less than 25,Caucasian,0,0,0,1.0,-1.0,M,Battery,1,1,Battery,1,Low,1
Male,25 - 45,African-American,0,0,0,0.0,0.0,M,Uttering a Forged Instrument,1,0,,0,Low,1
Male,Greater than 45,Caucasian,0,0,0,0.0,0.0,M,Battery,0,0,,0,Low,0
Female,25 - 45,Native American,0,1,0,23.0,-1.0,F,arrest case no charge,1,0,Felony Petit Theft,23,High,1
Female,Less than 25,Asian,0,0,0,0.0,-1.0,F,Uttering a Forged Instrument,0,0,,0,Low,0
Female,Less than 25,African-American,0,0,0,0.0,0.0,F,Uttering a Forged Instrument,0,0,,0,Medium,0
Female,25 - 45,Hispanic,0,0,0,0.0,-1.0,F,Uttering a Forged Instrument,0,0,,0,Low,0
Female,Greater than 45,Caucasian,0,0,0,0.0,-1.0,F,Uttering a Forged Instrument,1,0,,0,Low,0
Male,25 - 45,Native American,0,0,0,21.000000000000004,0.0,F,arrest case no charge,1,0,Robbery W/Firearm,21,Medium,1
Female,Greater than 45,Caucasian,0,1,0,2.0,0.0,F,Poss F/Arm Delinq,1,1,Robbery W/Firearm,2,High,1
Male,Greater than 45,Hispanic,0,0,0,9.0,-1.0,F,arrest case no charge,1,0,Trespass Struct/Conveyance,9,Medium,1
Female,25 - 45,Other,0,0,0,14.0,-1.0,F,arrest case no charge,0,0,,14,Medium,0
Male,25 - 45,Native American,0,0,0,3.0,0.0,F,Possession of Cannabis,1,0,Possession of Cocaine,3,Low,1
Male,25 - 45,Asian,0,0,0,1.0,-1.0,F,Pos Cannabis W/Intent Sel/Del,0,0,,1,Low,0
Male,25 - 45,African-American,0,0,0,1.0,-1.0,F,arrest case no charge,0,0,,1,Medium,0
Female,25 - 45,Hispanic,0,0,0,1.0,0.0,M,Driving Under The Influence,1,0,Viol Injunct Domestic Violence,1,Low,1
Male,Greater than 45,Hispanic,0,0,0,10.0,0.0,F,arrest case no charge,1,0,Opert With Susp DL 2nd Offens,10,Medium,1
Female,Less than 25,Hispanic,0,0,0,0.0,-1.0,F,Pos Cannabis W/Intent Sel/Del,0,0,,0,Low,0
Female,25 - 45,Native American,0,0,0,1.0,-1.0,M,Battery,0,0,,1,Low,0
Male,Less than 25,Caucasian,0,0,0,1.0,-12.0,F,Pos Cannabis W/Intent Sel/Del,0,0,,1,Low,0
Male,25 - 45,Hispanic,0,0,0,0.0,-1.0,F,Uttering a Forged Instrument,0,0,,0,Low,0
Female,25 - 45,Other,0,1,0,1.0,-1.0,F,Pos Cannabis W/Intent Sel/Del,1,0,,1,Medium,1
Female,25 - 45,Other,0,0,0,0.0,-1.0,M,Battery,0,0,,0,Low,0
Male,Greater than 45,Native American,0,0,0,0.0,-1.0,M,Battery,0,0,,0,Low,0
Male,Greater than 45,Other,0,0,0,0.0,-1.0,F,Uttering a Forged Instrument,0,0,,0,Medium,0
Male,25 - 45,Native American,0,0,0,13.0,-1.0,F,arrest case no charge,0,0,,13,Medium,0
Male,Greater than 45,African-American,0,0,0,3.0,0.0,M,Battery,1,0,Robbery W/Firearm,3,Medium,1
Male,Greater than 45,African-American,0,0,0,7.0,0.0,M,Leave Acc/Attend Veh/More $50,1,0,Battery,7,High,1
Male,Greater than 45,African-American,0,0,0,0.0,-1.0,M,Battery,0,0,,0,Low,0
Female,25 - 45,Hispanic,0,0,0,4.0,-1.0,F,arrest case no charge,1,0,Stalking (Aggravated),4,High,1
Female,Greater than 45,Hispanic,0,0,0,0.0,-1.0,F,Uttering a Forged Instrument,1,0,Petit Theft,0,Low,1
Female,Greater than 45,African-American,0,0,0,2.0,-1.0,F,Uttering a Forged Instrument,0,0,,2,Low,0
Male,25 - 45,African-American,1,0,0,2.0,-1.0,M,Leave Acc/Attend Veh/More $50,1,0,Petit Theft,2,High,1
Female,Greater than 45,Caucasian,0,0,0,3.0,-1.0,M,Driving Under The Influence,0,0,,3,Low,0
Male,Less than 25,Hispanic,0,0,0,4.0,-1.0,F,arrest case no charge,1,0,,4,High,1
Female,25 - 45,Hispanic,0,0,0,4.0,0.0,M,arrest case no charge,0,0,,4,High,0
Female,25 - 45,Caucasian,0,0,0,0.0,-1.0,F,Pos Cannabis W/Intent Sel/Del,0,0,,0,Low,0
Female,Greater than 45,Caucasian,0,0,0,0.0,-1.0,F,Uttering a Forged Instrument,0,0,,0,Low,0
Female,Greater than 45,Other,0,0,0,4.0,5.444939124376631,M,Battery,1,0,Fail Register Vehicle,4,Medium,1
Male,Less than 25,Other,0,0,0,15.0,0.0,M,Driving Under The Influence,1,0,Possession of Cocaine,15,Low,1
Female,25 - 45,Native American,0,0,0,3.0,-27.0,F,Possession of Cannabis,0,0,,3,Medium,0
Female,25 - 45,Other,0,0,0,1.0,-1.0,F,Uttering a Forged Instrument,0,0,,1,Low,1
Male,Less than 25,African-American,0,0,0,1.0,-1.0,M,Uttering a Forged Instrument,0,0,,1,Low,0
Female,Greater than 45,Asian,0,0,0,0.0,-1.0,F,Uttering a Forged Instrument,0,0,,0,Low,0
Male,Greater than 45,Hispanic,0,0,0,0.0,0.0,M,Battery,0,0,,0,Low,0
Female,25 - 45,African-American,0,0,0,3.0,-1.0,M,Susp Drivers Lic 1st Offense,1,0,Burglary Structure Unoccup,3,Low,1
Male,Greater than 45,Native American,0,0,0,1.0,-1.0,M,Battery,0,0,,1,Low,0
Female,25 - 45,Native American,0,0,0,4.0,-1.0,F,Possession of Cannabis,1,0,Trespass,4,Low,1
Male,25 - 45,Other,0,0,0,1.0,-1.0,M,Battery,1,0,Trespass,1,Low,1
Female,Greater than 45,Other,0,0,0,6.0,-1.0,F,Grand Theft in the 3rd Degree,1,0,Stalking (Aggravated),6,Medium,1
Male,Greater than 45,Caucasian,0,0,0,0.0,-1.0,M,Battery,0,0,,0,Low,0
Female,25 - 45,Native American,0,0,0,0.0,-3.0,M,Uttering a Forged Instrument,0,0,,0,Medium,0
Male,Greater than 45,Hispanic,0,1,0,10.0,-1.0,M,Leave Acc/Attend Veh/More $50,0,0,,10,Medium,0
Male,Greater than 45,Native American,0,0,0,1.0,-28.0,F,Uttering a Forged Instrument,0,0,,1,Low,0
Male,Less than 25,Caucasian,0,1,1,7.0,-1.0,M,Battery,0,0,,7,High,0
Female,25 - 45,Hispanic,0,0,0,2.0,-2.0,M,Battery,0,0,,2,Low,0
Male,25 - 45,Caucasian,0,0,0,7.0,-6.0,M,Battery,0,0,,7,Medium,0
Male,Less than 25,Caucasian,0,0,0,0.0,-1.0,F,Uttering a Forged Instrument,0,0,,0,Low,0
Female,25 - 45,Native American,0,0,1,6.0,0.0,M,Robbery / Weapon,1,1,Battery,6,High,1
Male,25 - 45,Hispanic,0,0,0,0.0,-1.0,M,Battery,0,0,,0,Low,0
Female,25 - 45,Other,0,0,0,0.0,0.0,F,Uttering a Forged Instrument,0,0,,0,Medium,0
Male,Greater than 45,Caucasian,0,0,0,3.0,-1.0,F,arrest case no charge,1,0,Battery,3,Low,1
Female,Greater than 45,Asian,0,0,2,2.0,-1.0,M,arrest case no charge,1,0,,2,Medium,1
Male,Greater than 45,Hispanic,0,0,0,0.0,-3.0,F,Uttering a Forged Instrument,1,0,Possess Cannabis/20 Grams Or Less,0,Medium,1
Female,Greater than 45,African-American,0,0,1,2.0,-2.0,F,Possession Of Alprazolam,0,0,,2,High,0
Male,Greater than 45,Other,0,0,0,0.0,-1.0,F,Uttering a Forged Instrument,0,0,,0,Medium,0
Female,25 - 45,Hispanic,0,0,0,0.0,0.0,M,Battery,1,0,Resist/Obstruct W/O Violence,0,Low,1
Male,Greater than 45,Caucasian,0,0,3,0.0,0.0,F,Pos Cannabis W/Intent Sel/Del,1,0,Possess Cannabis/20 Grams Or Less,0,Low,1
Female,Greater than 45,Asian,0,0,0,0.0,0.0,F,Uttering a Forged Instrument,0,0,,0,Low,0
Female,Less than 25,Asian,0,0,0,10.0,0.0,F,arrest case no charge,0,0,,10,Low,0
Male,Less than 25,Caucasian,0,0,0,8.0,-1.0,F,arrest case no charge,1,0,Trespass Struct/Conveyance,8,Low,1
Male,Greater than 45,Caucasian,1,0,0,1.0,0.0,F,arrest case no charge,0,0,,1,Medium,0
Female,Greater than 45,Other,0,1,2,2.0,-2.0,F,Refuse Submit Blood/Breath Test,1,0,Petit Theft,2,Medium,1
Female,Less than 25,Caucasian,0,0,0,0.0,-1.0,M,Battery,0,0,,0,Low,0
Male,Greater than 45,Hispanic,1,0,1,1.0,-1.0,F,arrest case no charge,1,0,Unlaw LicTag/Sticker Attach,1,Medium,1
Female,25 - 45,Other,0,0,0,1.0,-1.0,F,Grand Theft in the 3rd Degree,0,0,,1,Medium,0
Female,Less than 25,Asian,0,0,0,5.0,0.0,F,Possession of Cannabis,0,0,,5,Low,0
Female,Less than 25,Native American,0,0,0,5.0,-1.0,M,Battery,0,0,,5,Low,0
Male,Less than 25,African-American,0,0,0,4.0,0.0,F,Driving Under The Influence,1,1,Battery,4,High,1
Male,Greater than 45,Native American,0,4,1,26.993176751255973,0.0,M,Robbery / Weapon,1,1,Battery Upon Detainee,27,High,1
Male,Greater than 45,Hispanic,0,0,0,2.0,-1.0,F,arrest case no charge,0,0,,2,Low,0
Male,Greater than 45,African-American,0,0,0,1.0,-1.0,M,Uttering a Forged Instrument,1,0,Unlaw Use False Name/Identity,1,Medium,1
Male,25 - 45,Asian,0,0,0,1.0,0.0,M,Battery,0,0,,1,Low,0
Male,Greater than 45,Hispanic,0,0,0,0.0,0.0,M,Battery,0,0,,0,Low,0
Female,Less than 25,Hispanic,0,0,0,0.0,-1.0,M,Uttering a Forged Instrument,1,0,Unlaw Use False Name/Identity,0,Medium,1
Male,25 - 45,Caucasian,0,0,0,0.0,-2.0,M,Battery,1,1,Robbery W/Firearm,0,Low,1
Male,Less than 25,Native American,0,0,0,0.0,-1.0,F,Uttering a Forged Instrument,0,0,,0,Low,0
Female,Greater than 45,Asian,0,0,0,0.0,-1.0,M,Uttering a Forged Instrument,0,0,,0,Low,0
Male,Greater than 45,Hispanic,0,0,0,3.0,-21.0,F,Pos Cannabis W/Intent Sel/Del,0,0,,3,Low,0
Female,25 - 45,Caucasian,0,0,0,0.0,-1.0,M,Uttering a Forged Instrument,1,0,Possess Cannabis/20 Grams Or Less,0,Medium,1
Male,Less than 25,Hispanic,0,0,0,0.0,0.0,M,Battery,0,0,,0,Low,0
Male,Greater than 45,Caucasian,0,0,0,6.0,-1.0,M,arrest case no charge,0,0,,6,Medium,0
Female,Greater than 45,Asian,0,0,0,1.0,-1.0,F,Grand Theft in the 3rd Degree,1,0,Poss Cocaine/Intent To Del/Sel,1,Low,1
Male,25 - 45,Hispanic,0,0,0,1.0,-1.0,F,Pos Cannabis W/Intent Sel/Del,1,0,,1,Low,1
Male,25 - 45,Other,0,0,0,0.0,-1.0,M,Battery,0,0,,0,Low,1
Male,Greater than 45,Native American,1,2,0,6.0,0.0,F,Leave Acc/Attend Veh/More $50,1,0,Resist/Obstruct W/O Violence,6,Medium,1
Male,Less than 25,Native American,0,0,0,1.0,-1.0,F,Grand Theft in the 3rd Degree,1,1,Felony Battery w/Prior Convict,1,Medium,1
Female,Greater than 45,Other,0,0,0,0.0,-1.0,F,Uttering a Forged Instrument,1,0,Possession of Cocaine,0,High,1
Male,Less than 25,Native American,0,0,0,0.0,0.0,F,Uttering a Forged Instrument,1,0,Susp Drivers Lic 1st Offense,0,High,1
Male,Less than 25,Other,0,0,0,7.0,-21.0,F,Possession of Cannabis,0,0,,7,High,0
Female,Less than 25,African-American,0,0,0,1.0,-1.0,F,Pos Cannabis W/Intent Sel/Del,1,1,Battery,1,Low,1
Male,Greater than 45,Other,0,0,0,20.0,-1.0,F,arrest case no charge,0,0,,20,Medium,0
Male,Greater than 45,Hispanic,0,0,0,9.0,-1.0,F,arrest case no charge,1,0,Burglary Conveyance Unoccup,9,High,1
Female,Less than 25,Hispanic,0,0,0,2.0,-1.0,M,Battery,0,0,,2,Low,0
Female,Greater than 45,Caucasian,0,0,0,1.0,0.0,M,Battery,0,0,,1,Medium,0
Male,Greater than 45,African-American,0,0,0,2.0,-1.0,F,Uttering a Forged Instrument,1,0,,2,Medium,0
Female,Less than 25,Caucasian,5,0,0,8.0,-1.0,M,Principal In The First Degree,1,1,Felony Battery w/Prior Convict,8,High,1
Female,Less than 25,Hispanic,0,0,0,2.0,0.0,F,Uttering a Forged Instrument,0,0,,2,High,0
Female,25 - 45,African-American,0,0,0,0.0,-1.0,F,Uttering a Forged Instrument,0,0,,0,Medium,0
Female,Less than 25,African-American,0,0,0,3.0,-1.0,F,Uttering a Forged Instrument,1,0,Possession of Cocaine,3,Medium,1
Female,Greater than 45,Asian,0,0,0,0.0,-1.0,M,Battery,1,0,Viol Injunct Domestic Violence,0,Low,1
Male,Less than 25,Native American,1,0,0,21.000000000000004,-1.0,M,arrest case no charge,1,1,Viol Injunct Domestic Violence,21,High,1
Female,Greater than 45,Caucasian,0,0,0,10.0,-1.0,F,arrest case no charge,1,0,Robbery W/Firearm,10,Low,1
Male,Greater than 45,Native American,0,0,0,0.0,0.0,M,Battery,1,0,Poss Cocaine/Intent To Del/Sel,0,Low,1
Female,Greater than 45,Asian,0,0,0,0.0,-1.0,F,Uttering a Forged Instrument,1,0,,0,Low,1
Female,25 - 45,Other,0,0,0,0.0,-1.0,F,Uttering a Forged Instrument,0,0,,0,Low,0
Male,Greater than 45,African-American,0,0,0,1.0,-1.0,M,Battery,0,0,,1,Low,0
Male,25 - 45,Caucasian,0,0,2,24.049367403645196,0.0,M,Refuse Submit Blood/Breath Test,1,1,Felony Battery (Dom Strang),24,High,1
Male,Less than 25,Other,1,2,1,6.0,-1.0,M,arrest case no charge,0,0,,6,High,0
Female,25 - 45,African-American,0,0,0,0.0,-1.0,M,Battery,0,0,,0,Low,0
Female,Greater than 45,Other,0,0,0,0.0,-1.0,M,Driving Under The Influence,0,0,,0,Low,0
Female,Less than 25,Native American,0,0,0,2.0,-1.0,F,arrest case no charge,0,0,,2,Medium,0
Male,Greater than 45,African-American,0,0,0,2.0,-1.0,F,Uttering a Forged Instrument,1,0,Resist/Obstruct W/O Violence,2,High,1
Male,Greater than 45,African-American,0,0,0,0.0,0.0,M,Uttering a Forged Instrument,0,0,,0,Low,0
Male,Less than 25,African-American,0,0,0,6.0,-1.0,F,arrest case no charge,1,0,Possession of Cocaine,6,High,1
Male,Greater than 45,African-American,0,0,0,0.0,-1.0,F,Uttering a Forged Instrument,1,1,Felony Battery (Dom Strang),0,High,1
Female,25 - 45,Other,0,4,0,12.0,0.0,M,arrest case no charge,1,1,Felony Battery w/Prior Convict,12,High,1
Male,Less than 25,African-American,0,0,0,14.0,-1.0,F,arrest case no charge,1,1,Robbery W/Firearm,14,High,1
Female,Greater than 45,African-American,0,0,0,12.0,-1.0,F,arrest case no charge,0,0,Possess Cannabis/20 Grams Or Less,12,High,1
Male,Less than 25,Native American,0,0,0,2.0,0.0,F,Uttering a Forged Instrument,0,0,,2,Medium,0
Male,Less than 25,Hispanic,0,0,0,0.0,-1.0,M,Battery,0,0,,0,Low,0
Female,Greater than 45,Other,0,4,0,14.0,-1.0,F,Robbery / No Weapon,1,1,Battery Upon Detainee,14,High,1
Female,Greater than 45,Native American,0,0,0,3.0,-1.0,M,Driving Under The Influence,0,0,,3,Low,0
Female,Greater than 45,Caucasian,0,0,0,0.0,-1.0,F,Grand Theft in the 3rd Degree,1,0,Unlaw LicTag/Sticker Attach,0,High,1
Male,25 - 45,Native American,0,0,0,1.0,-1.0,M,Battery,1,1,Battery,1,Low,1
Male,Less than 25,Hispanic,0,0,0,0.0,-1.0,M,Battery,0,0,,0,Low,0
Male,Less than 25,Asian,0,0,0,0.0,-1.0,F,Uttering a Forged Instrument,0,0,,0,Low,0
Female,Greater than 45,Other,0,0,0,14.0,-28.0,F,arrest case no charge,1,0,Possession of Cocaine,14,Low,1
Female,Less than 25,Other,0,0,0,5.0,0.0,F,arrest case no charge,1,0,Resist/Obstruct W/O Violence,5,High,1
Female,Greater than 45,Asian,0,0,0,10.0,0.0,M,arrest case no charge,1,1,Battery,10,High,1
Female,25 - 45,Caucasian,0,0,0,1.0,-1.0,F,Uttering a Forged Instrument,0,0,,1,Low,0
Male,Greater than 45,Asian,0,0,0,0.0,0.0,M,Uttering a Forged Instrument,0,0,,0,Low,0
Male,Greater than 45,Caucasian,0,0,0,0.0,-4.0,M,Uttering a Forged Instrument,1,0,Battery,0,Low,1
Female,25 - 45,Other,0,0,0,0.0,-1.0,F,Grand Theft in the 3rd Degree,1,0,Unlaw Use False Name/Identity,0,High,1
Female,Less than 25,Caucasian,0,0,0,1.0,-1.0,F,Uttering a Forged Instrument,1,0,Felony Battery (Dom Strang),1,Medium,1
Male,25 - 45,Asian,0,0,1,18.0,-1.0,F,arrest case no charge,1,0,Grand Theft in the 3rd Degree,18,High,1
Female,Greater than 45,Hispanic,0,0,0,0.0,-1.0,M,Battery,0,0,Aggravated Battery / Pregnant,0,Low,0
Female,25 - 45,Native American,0,0,0,4.0,0.0,M,Possess Cannabis/20 Grams Or Less,0,0,,4,Medium,0
Male,Greater than 45,Hispanic,0,0,0,1.0,-1.0,F,Pos Cannabis W/Intent Sel/Del,1,0,Neglect Child / No Bodily Harm,1,High,1
Male,Less than 25,Other,0,0,0,0.0,-1.0,F,Grand Theft in the 3rd Degree,1,0,Possession of Cocaine,0,Low,1
Female,Greater than 45,Native American,0,0,0,13.0,-1.0,F,arrest case no charge,1,0,Felony Petit Theft,13,Medium,1
Male,25 - 45,African-American,0,0,0,5.0,-1.0,F,arrest case no charge,1,0,Possession of Cocaine,5,High,1
Male,25 - 45,Other,0,0,0,0.0,-1.0,F,Uttering a Forged Instrument,1,0,Viol Injunct Domestic Violence,0,Low,1
Female,Less than 25,Other,0,0,0,1.0,0.0,M,Battery,0,0,,1,Low,0
Male,25 - 45,Asian,0,0,0,15.0,-1.0,F,arrest case no charge,1,0,Robbery W/Firearm,15,High,1
Female,Less than 25,Caucasian,0,1,0,3.0,0.0,F,Leave Acc/Attend Veh/More $50,0,0,,3,Medium,0
Female,Less than 25,Native American,0,0,0,6.0,-1.0,M,arrest case no charge,1,0,Tresspass in Struct/Convey Occupy,6,High,1
Female,Greater than 45,Hispanic,0,0,0,0.0,-1.0,F,Uttering a Forged Instrument,0,0,,0,Low,0
Female,Less than 25,Hispanic,0,0,0,0.0,-1.0,M,Pos Cannabis W/Intent Sel/Del,0,0,,0,High,0
Male,25 - 45,Asian,0,0,0,3.0,-1.0,F,arrest case no charge,0,0,,3,Low,0
Male,Less than 25,African-American,0,0,0,0.0,-1.0,F,Grand Theft in the 3rd Degree,0,0,,0,Low,0
Male,25 - 45,Asian,0,0,0,4.0,-26.0,F,arrest case no charge,1,1,Battery,4,Low,1
Female,25 - 45,Caucasian,0,0,0,6.0,-1.0,M,Battery,1,0,Possess Cannabis/20 Grams Or Less,6,Low,0
Male,Greater than 45,Other,0,0,0,1.0,-1.0,F,Pos Cannabis W/Intent Sel/Del,0,0,,1,High,0
Female,Less than 25,Caucasian,0,0,0,7.0,-1.0,F,arrest case no charge,0,0,,7,Low,0
Male,Less than 25,Native American,0,0,0,1.0,-1.0,F,Uttering a Forged Instrument,0,0,,1,High,0
Female,Greater than 45,Other,0,0,0,0.0,-1.0,F,Pos Cannabis W/Intent Sel/Del,0,0,,0,Low,0
Female,25 - 45,Asian,0,0,0,0.0,-1.0,F,Uttering a Forged Instrument,0,0,,0,Low,0
Female,Less than 25,Other,0,0,0,0.0,-1.0,M,Uttering a Forged Instrument,0,0,,0,Low,0
Male,Greater than 45,Other,0,0,0,2.0,-1.0,M,Driving Under The Influence,0,0,,2,Low,0
Male,Less than 25,Other,2,0,0,6.0,-26.0,F,arrest case no charge,0,0,,6,Low,0
Female,25 - 45,African-American,1,0,0,1.0,0.0,F,Grand Theft in the 3rd Degree,1,0,Disorderly Intoxication,1,Low,1
Female,25 - 45,Asian,0,0,0,6.0,-1.0,M,arrest case no charge,1,0,Resist/Obstruct W/O Violence,6,Medium,1
Male,Less than 25,African-American,0,0,0,5.0,-1.0,F,arrest case no charge,1,0,Viol Injunct Domestic Violence,5,Medium,1
Male,Greater than 45,Native American,0,0,0,0.0,0.0,F,Uttering a Forged Instrument,1,0,Retaliate Wit/Vict No Injury,0,Medium,1
Male,Less than 25,African-American,0,0,0,7.0,0.0,F,Grand Theft (Motor Vehicle),1,0,Poss Cocaine/Intent To Del/Sel,7,Medium,1
Male,Greater than 45,Caucasian,0,0,0,1.0,-1.0,F,Grand Theft in the 3rd Degree,0,0,,1,Low,0
Female,Greater than 45,Native American,0,0,0,4.0,-1.0,F,arrest case no charge,0,0,,4,Low,0
Female,Greater than 45,Hispanic,0,0,0,4.0,-1.0,F,Uttering a Forged Instrument,1,0,Possession of Cocaine,4,High,1
Male,Greater than 45,Other,0,1,0,19.0,-1.0,F,Robbery / No Weapon,1,1,Stalking (Aggravated),19,Medium,1
Female,25 - 45,Caucasian,0,0,0,0.0,-1.0,F,Uttering a Forged Instrument,0,0,,0,High,0
Male,Greater than 45,African-American,0,0,0,0.0,-1.0,M,Battery,1,0,Susp Drivers Lic 1st Offense,0,Low,1
Female,Greater than 45,Hispanic,0,0,0,1.0,-24.344334945091298,M,Uttering a Forged Instrument,1,0,Unlaw LicTag/Sticker Attach,1,Low,0
Female,25 - 45,Asian,0,0,0,7.0,-1.0,F,arrest case no charge,0,0,,7,Medium,0
Male,25 - 45,Asian,0,0,0,0.0,-1.0,F,Uttering a Forged Instrument,0,0,,0,Medium,1
Male,25 - 45,Hispanic,0,0,0,6.0,-2.0,F,Grand Theft in the 3rd Degree,0,0,,6,Low,0
Female,25 - 45,African-American,0,0,0,4.0,-1.0,F,arrest case no charge,0,0,,4,Medium,0
Male,Less than 25,Asian,0,0,0,1.0,-1.0,F,arrest case no charge,0,0,,1,High,0
Male,Less than 25,Asian,0,0,0,2.0,-1.0,M,Uttering a Forged Instrument,0,0,,2,Low,0
Male,Greater than 45,Asian,1,0,0,9.0,-1.0,F,arrest case no charge,1,0,Burglary Conveyance Unoccup,9,Medium,1
Male,Less than 25,Native American,0,0,0,5.0,-1.0,F,Uttering a Forged Instrument,1,0,Unlaw Use False Name/Identity,5,Low,0
Male,Less than 25,Native American,0,0,1,0.0,0.0,F,Uttering a Forged Instrument,0,0,,0,Medium,0
Male,Greater than 45,Hispanic,0,0,0,1.0,-1.0,F,arrest case no charge,0,0,,1,Low,0
Female,25 - 45,Asian,0,0,0,2.0,-26.0,M,Possess Cannabis/20 Grams Or Less,0,0,,2,Medium,0
Male,Less than 25,Caucasian,0,0,0,1.0,-1.0,F,Driving Under The Influence,1,1,Battery,1,Low,1
Male,Greater than 45,Asian,0,0,0,6.0,0.0,F,arrest case no charge,1,0,Petit Theft,6,Low,1
Male,Greater than 45,Caucasian,0,0,0,0.0,-1.0,M,Battery,0,0,,0,Low,0
Male,Greater than 45,Asian,0,2,1,2.0,-1.0,F,Purchase Cannabis,1,0,Trespass After Warning,2,High,1
Female,Less than 25,African-American,0,0,0,0.0,-1.0,F,Uttering a Forged Instrument,0,0,,0,Low,0
Female,25 - 45,Caucasian,0,0,0,4.0,-1.0,F,arrest case no charge,1,0,Possession of Cocaine,4,High,1
Female,Less than 25,Caucasian,0,0,0,0.0,0.0,M,Battery,0,0,,0,Low,0
Female,25 - 45,Asian,0,0,0,2.0,-1.0,F,Grand Theft (Motor Vehicle),0,0,,2,Medium,0
Female,25 - 45,Asian,0,0,0,0.0,0.0,F,Uttering a Forged Instrument,0,0,,0,Low,0
Male,25 - 45,Asian,0,0,0,0.0,-3.0,F,Uttering a Forged Instrument,0,0,,0,Medium,0
Male,25 - 45,Asian,0,0,0,2.0,0.0,M,Driving Under The Influence,0,0,,2,Medium,0
Female,Greater than 45,Asian,0,0,0,8.0,-24.0,F,Uttering a Forged Instrument,0,0,,8,Low,0
Male,25 - 45,Caucasian,0,0,0,1.0,-1.0,M,Driving Under The Influence,0,0,,1,Low,0
Female,Greater than 45,Other,0,0,0,4.0,0.0,F,Grand Theft (Motor Vehicle),1,0,Petit Theft,4,Low,1
Male,Less than 25,Caucasian,0,0,0,1.0,0.0,F,Battery,0,0,,1,Low,0
Male,25 - 45,Asian,0,0,0,3.0,0.0,M,Battery,1,1,Battery,3,Low,1
Female,Greater than 45,Other,0,0,0,2.0,-1.0,F,Uttering a Forged Instrument,1,0,Possess Cannabis/20 Grams Or Less,2,High,1
Male,25 - 45,Caucasian,0,0,0,0.0,-4.0,M,Uttering a Forged Instrument,0,0,,0,Low,0
Female,Less than 25,Hispanic,0,0,0,0.0,-1.0,M,Battery,0,0,,0,Low,0
Male,25 - 45,Caucasian,0,0,0,2.0,-1.0,M,Driving Under The Influence,0,0,,2,Low,0
Male,Less than 25,Asian,0,0,0,0.0,0.0,M,Uttering a Forged Instrument,1,0,Petit Theft,0,Low,1
Male,Greater than 45,Other,0,0,0,0.0,0.0,F,Uttering a Forged Instrument,1,0,Opert With Susp DL 2nd Offens,0,Medium,1
Female,Less than 25,Native American,0,0,0,0.0,-1.0,M,Uttering a Forged Instrument,0,0,,0,Low,0
Male,Less than 25,Native American,0,0,0,0.0,-1.0,M,Uttering a Forged Instrument,0,0,,0,Low,0
Female,Less than 25,Caucasian,0,0,0,0.0,-1.0,F,Uttering a Forged Instrument,0,0,,0,Low,0
Male,25 - 45,Other,0,0,0,2.0,-1.0,F,Pos Cannabis W/Intent Sel/Del,0,0,,2,Low,0
Female,25 - 45,African-American,0,0,0,4.0,0.0,F,Driving Under The Influence,1,1,Stalking (Aggravated),4,High,1
Female,Less than 25,African-American,0,0,0,2.0,0.0,F,arrest case no charge,0,0,,2,Medium,0
Female,Greater than 45,Other,0,0,0,7.0,-1.0,F,arrest case no charge,1,0,Possess Cannabis/20 Grams Or Less,7,Medium,1
Female,Less than 25,Other,0,0,0,0.0,-1.0,M,Battery,1,0,Opert With Susp DL 2nd Offens,0,Low,1
Female,Less than 25,Other,0,0,0,5.0,-1.0,F,arrest case no charge,0,0,,5,Medium,0
Male,Less than 25,Caucasian,0,0,0,0.0,-1.0,M,Battery,1,1,Robbery W/Firearm,0,Low,1
Female,Less than 25,Caucasian,0,0,0,0.0,-1.0,M,Battery,1,0,Viol Pretrial Release Dom Viol,0,Low,1
Male,Greater than 45,Native American,1,0,0,12.0,-1.0,F,arrest case no charge,0,0,,12,Medium,0
Female,25 - 45,Caucasian,0,0,0,0.0,0.0,M,Uttering a Forged Instrument,1,0,Neglect Child / No Bodily Harm,0,Low,1
Male,25 - 45,Hispanic,0,0,0,5.0,-1.0,F,Possession of Cannabis,1,0,Poss Cocaine/Intent To Del/Sel,5,Medium,1
Female,25 - 45,Other,0,0,0,1.0,0.0,M,Battery,0,0,,1,Low,0
Male,Less than 25,African-American,1,2,0,5.0,-1.0,F,Leave Acc/Attend Veh/More $50,1,0,Poss Cocaine/Intent To Del/Sel,5,Medium,1
Female,Greater than 45,Caucasian,0,0,0,0.0,-1.0,M,Battery,0,0,,0,Low,0
Male,25 - 45,Native American,0,0,0,12.0,0.0,F,arrest case no charge,0,0,,12,Medium,0
Female,Greater than 45,Hispanic,0,0,0,8.0,-1.0,F,arrest case no charge,1,0,Felony Petit Theft,8,Low,1
Female,Less than 25,Native American,0,0,0,1.0,-1.0,F,Uttering a Forged Instrument,0,0,,1,Low,0
Male,Less than 25,Caucasian,0,0,0,0.0,-1.0,F,Possess Cannabis/20 Grams Or Less,1,1,Viol Injunct Domestic Violence,0,Medium,1
Male,Greater than 45,Caucasian,0,0,0,1.0,0.0,F,Pos Cannabis W/Intent Sel/Del,1,0,Tresspass in Struct/Convey Occupy,1,High,1
Male,Greater than 45,Hispanic,0,0,0,4.0,-1.0,M,arrest case no charge,0,0,,4,Low,0
Male,Less than 25,Hispanic,0,0,0,4.0,-3.0,F,arrest case no charge,1,0,Possess Cannabis/20 Grams Or Less,4,Low,1
Male,25 - 45,Native American,0,0,0,6.0,-1.0,F,arrest case no charge,1,0,Opert With Susp DL 2nd Offens,6,Low,1
Female,Less than 25,Native American,0,0,0,0.0,0.0,F,Uttering a Forged Instrument,0,0,,0,Low,1
Male,Greater than 45,Hispanic,0,0,0,2.0,-1.0,F,arrest case no charge,1,0,Resist/Obstruct W/O Violence,2,Medium,1
Female,Greater than 45,Native American,0,0,0,2.0,-1.0,F,arrest case no charge,1,0,Burglary Conveyance Unoccup,2,Medium,0
Male,Less than 25,African-American,0,0,0,1.0,-1.0,F,Uttering a Forged Instrument,1,0,Petit Theft,1,Medium,1
Male,Greater than 45,Native American,0,0,0,0.0,0.0,F,Uttering a Forged Instrument,0,0,,0,Low,0
Male,Less than 25,African-American,0,0,0,5.0,-1.0,M,Battery,1,0,Resist/Obstruct W/O Violence,5,Medium,1
Male,25 - 45,African-American,0,0,0,1.0,-1.0,F,Uttering a Forged Instrument,0,0,,1,Low,0
Male,25 - 45,Native American,0,0,0,2.0,-1.0,F,Pos Cannabis W/Intent Sel/Del,0,0,,2,Low,0
Female,Greater than 45,Other,0,0,0,6.0,-1.0,F,Poss Cocaine/Intent To Del/Sel,0,0,,6,Low,0
Female,Greater than 45,Native American,0,0,0,0.0,0.0,F,Uttering a Forged Instrument,1,0,Robbery W/Firearm,0,High,1
Female,Less than 25,African-American,0,0,0,0.0,0.0,F,Uttering a Forged Instrument,1,0,Petit Theft,0,Medium,1
Male,25 - 45,Other,0,0,0,2.0,-12.905377436185468,M,Uttering a Forged Instrument,1,0,Trespass Struct/Conveyance,2,Low,1
Male,Less than 25,Native American,0,0,0,8.0,-1.0,F,arrest case no charge,1,0,Resist/Obstruct W/O Violence,8,High,1
Male,25 - 45,Hispanic,0,0,0,12.0,-1.0,M,arrest case no charge,1,0,Petit Theft,12,Medium,1
Male,25 - 45,African-American,0,0,0,2.0,-1.0,F,arrest case no charge,1,0,Possession of Cocaine,2,Medium,1
Female,25 - 45,Native American,0,0,0,3.0,-1.0,F,Uttering a Forged Instrument,0,0,,3,Low,0
Female,25 - 45,African-American,1,0,0,5.0,28.987924834180625,F,Leave Acc/Attend Veh/More $50,0,0,,5,Low,0
Female,Greater than 45,African-American,0,0,1,10.0,0.0,F,arrest case no charge,1,0,Petit Theft,10,Low,1
Female,Greater than 45,Caucasian,0,0,0,1.0,0.0,F,arrest case no charge,1,0,Burglary Structure Unoccup,1,Low,1
Female,25 - 45,Hispanic,0,0,0,0.0,-1.0,M,Uttering a Forged Instrument,1,0,Poss Cocaine/Intent To Del/Sel,0,Low,1
Male,25 - 45,Hispanic,0,0,0,5.0,-1.0,F,Grand Theft in the 3rd Degree,0,0,,5,Low,0
Female,Less than 25,Asian,0,0,0,0.0,-1.0,F,Uttering a Forged Instrument,1,1,Felony Battery w/Prior Convict,0,Medium,1
Male,Greater than 45,Asian,0,0,0,0.0,-1.0,F,Grand Theft in the 3rd Degree,0,0,,0,Low,0
Female,Greater than 45,Caucasian,0,0,0,0.0,-1.0,M,Battery,1,0,Possess Cannabis/20 Grams Or Less,0,Low,1
Male,25 - 45,Caucasian,0,0,0,0.0,-1.0,F,Uttering a Forged Instrument,0,0,,0,Medium,0
Female,Less than 25,Other,0,0,0,0.0,-1.0,M,Battery,0,0,,0,Low,0
Female,25 - 45,Native American,0,0,0,2.0,-3.0,M,arrest case no charge,0,0,,2,Low,0
Female,Greater than 45,African-American,0,0,0,0.0,-1.0,F,Uttering a Forged Instrument,0,0,,0,Low,0
Male,Less than 25,Hispanic,0,0,0,7.0,-1.0,F,arrest case no charge,1,1,Viol Injunct Domestic Violence,7,Medium,1
Female,25 - 45,Native American,0,0,0,5.0,-1.0,F,Grand Theft in the 3rd Degree,1,0,Possess Cannabis/20 Grams Or Less,5,Low,1
Female,25 - 45,Other,0,0,0,1.0,-1.0,F,Uttering a Forged Instrument,0,0,,1,High,0
Male,Greater than 45,Hispanic,0,0,0,0.0,-1.0,F,Uttering a Forged Instrument,0,0,,0,Medium,0
Male,Greater than 45,Native American,0,0,0,7.0,-1.0,M,arrest case no charge,0,0,,7,Low,0
Female,Less than 25,African-American,0,0,1,3.0,-1.0,M,Battery,0,0,,3,Low,0
Female,25 - 45,African-American,0,0,0,1.0,0.0,M,Driving Under The Influence,0,0,,1,Low,0
Male,Less than 25,African-American,0,0,0,22.0,-1.0,F,arrest case no charge,1,0,Petit Theft,22,Medium,1
Male,25 - 45,Native American,0,0,0,1.0,0.0,F,Driving Under The Influence,0,0,,1,Low,0
Male,25 - 45,Caucasian,0,0,0,21.000000000000004,-1.0,F,arrest case no charge,0,0,,21,Medium,0
Male,25 - 45,African-American,1,0,0,2.0,-1.0,F,Uttering a Forged Instrument,1,0,Possess Cannabis/20 Grams Or Less,2,Medium,1
Female,Less than 25,Native American,0,0,0,3.0,-1.0,M,Driving Under The Influence,0,0,,3,Low,0
Male,25 - 45,Hispanic,0,0,0,2.0,-1.0,F,Uttering a Forged Instrument,1,0,Possession of Cocaine,2,Medium,1
Female,Greater than 45,Caucasian,0,0,0,0.0,-1.0,F,Uttering a Forged Instrument,0,0,,0,Low,1
Male,Less than 25,Other,0,0,0,1.0,0.0,F,Uttering a Forged Instrument,0,0,,1,Medium,0
Female,Less than 25,African-American,0,0,0,0.0,-1.0,F,Uttering a Forged Instrument,1,0,Possess Cannabis/20 Grams Or Less,0,Low,1
Male,Greater than 45,Other,1,1,0,18.0,-1.0,F,Felony Battery w/Prior Convict,1,0,Trespass Struct/Conveyance,18,High,1
Female,25 - 45,Other,0,0,0,0.0,-1.0,F,Uttering a Forged Instrument,0,0,,0,Low,0
Male,25 - 45,African-American,0,0,0,3.0,-1.0,F,Pos Cannabis W/Intent Sel/Del,1,0,Poss Cocaine/Intent To Del/Sel,3,Low,1
Female,Greater than 45,Caucasian,0,0,0,1.0,-12.980722087775717,M,Battery,0,0,,1,Low,0
Female,Less than 25,Hispanic,0,0,0,3.0,-1.0,M,Driving Under The Influence,1,0,Unlaw LicTag/Sticker Attach,3,Low,1
Female,25 - 45,African-American,0,0,0,15.0,-1.0,F,Pos Cannabis W/Intent Sel/Del,1,1,Felony Battery w/Prior Convict,15,High,0
Female,Greater than 45,Hispanic,0,0,0,1.0,-6.013627759298966,M,Driving Under The Influence,0,0,,1,Low,0
Female,Less than 25,Hispanic,0,0,0,3.0,-1.0,F,Uttering a Forged Instrument,0,0,,3,Medium,0
Male,25 - 45,Hispanic,0,0,0,0.0,0.0,M,Uttering a Forged Instrument,0,0,,0,Low,0
Male,25 - 45,Native American,0,0,0,1.0,-1.0,F,arrest case no charge,0,0,,1,Low,0
Male,25 - 45,Other,0,0,0,0.0,-1.0,M,Uttering a Forged Instrument,0,0,,0,Medium,0
Male,25 - 45,Caucasian,0,0,0,1.0,-1.0,F,Uttering a Forged Instrument,0,0,,1,Low,0
Female,Less than 25,Other,0,0,0,1.0,-1.0,F,arrest case no charge,1,0,Burglary Conveyance Unoccup,1,Medium,1
Male,Less than 25,Asian,0,0,0,2.0,-1.0,F,Uttering a Forged Instrument,0,0,,2,Low,0
Male,Less than 25,Native American,0,1,0,3.0,-2.0,M,Leave Acc/Attend Veh/More $50,0,0,,3,High,0
Female,Less than 25,Native American,0,0,0,0.0,-1.0,M,Uttering a Forged Instrument,0,0,,0,Low,0
Female,Less than 25,Caucasian,0,0,0,4.0,-1.0,M,arrest case no charge,1,0,Burglary Conveyance Unoccup,4,Low,1
Female,Greater than 45,Caucasian,0,0,0,11.0,16.327859863599095,F,arrest case no charge,1,1,Felony Battery w/Prior Convict,11,Medium,1
Male,25 - 45,African-American,0,0,1,7.0,-1.0,F,arrest case no charge,1,0,Possess Cannabis/20 Grams Or Less,7,High,1
Female,25 - 45,Caucasian,0,1,0,5.0,-1.0,F,arrest case no charge,0,0,,5,Low,0
Male,25 - 45,Hispanic,0,0,0,13.0,-1.0,F,arrest case no charge,1,1,Felony Battery (Dom Strang),13,High,1
Female,Less than 25,Native American,0,0,0,6.0,0.0,F,Possession of Cannabis,1,0,,6,High,1
Male,Greater than 45,Native American,0,0,3,0.0,0.0,F,Uttering a Forged Instrument,1,0,Possess Cannabis/20 Grams Or Less,0,Low,1
Female,25 - 45,African-American,0,0,0,2.0,-1.0,M,Driving Under The Influence,0,0,,2,Medium,0
Male,Less than 25,African-American,0,0,0,5.0,-4.0,F,arrest case no charge,0,0,,5,Low,0
Male,Less than 25,African-American,0,2,1,13.0,0.0,F,arrest case no charge,1,0,Trespass/Property/Other Structure,13,Medium,1
Male,Less than 25,Asian,0,0,0,0.0,0.0,F,Uttering a Forged Instrument,0,0,,0,Low,0
Male,25 - 45,Other,0,0,0,0.0,-1.0,F,Battery,0,0,,0,Low,0
Female,Less than 25,Asian,0,0,0,0.0,-1.0,F,Grand Theft in the 3rd Degree,0,0,,0,Low,0
Female,25 - 45,Other,0,0,0,10.0,-6.0,M,arrest case no charge,1,0,Neglect Child / No Bodily Harm,10,Medium,1
Female,25 - 45,Asian,0,0,0,0.0,0.0,F,Uttering a Forged Instrument,0,0,,0,Medium,0
Male,Greater than 45,Native American,0,0,0,6.0,0.0,M,arrest case no charge,1,0,Poss Cocaine/Intent To Del/Sel,6,High,1
Female,Greater than 45,Caucasian,0,0,0,1.0,0.0,F,Uttering a Forged Instrument,0,0,,1,Low,0
Female,Greater than 45,Caucasian,0,0,0,6.0,-1.0,F,arrest case no charge,1,0,Burglary Conveyance Unoccup,6,Medium,1
Male,25 - 45,African-American,0,0,0,1.0,-21.0,F,Uttering a Forged Instrument,0,0,,1,Low,0
Male,Greater than 45,African-American,0,0,0,4.0,-1.0,F,Uttering a Forged Instrument,1,0,Opert With Susp DL 2nd Offens,4,Medium,1
Male,Greater than 45,Native American,0,0,0,9.0,-1.0,F,arrest case no charge,1,0,Burglary Structure Unoccup,9,High,1
Female,Greater than 45,Native American,0,0,0,2.0,-1.0,M,Driving Under The Influence,1,0,Poss Cocaine/Intent To Del/Sel,2,Low,1
Male,Less than 25,African-American,0,0,0,1.0,-1.0,M,Possess Cannabis/20 Grams Or Less,1,0,Possess Cannabis/20 Grams Or Less,1,Low,1
Male,Greater than 45,Caucasian,0,0,0,9.0,-1.0,F,arrest case no charge,1,1,Viol Injunct Domestic Violence,9,High,1
Male,Less than 25,Native American,0,0,0,3.0,-1.0,F,Uttering a Forged Instrument,1,0,Possession of Cocaine,3,Medium,1
Male,Greater than 45,African-American,0,0,0,0.0,0.0,F,Uttering a Forged Instrument,1,0,Stalking (Aggravated),0,Medium,1
Female,Greater than 45,Asian,0,0,0,5.0,0.0,F,arrest case no charge,0,0,,5,Low,0
Male,Less than 25,Asian,2,0,0,16.0,-8.0,F,arrest case no charge,1,0,Unlaw Use False Name/Identity,16,High,1
Female,25 - 45,Caucasian,0,0,0,3.0,-1.0,F,Grand Theft in the 3rd Degree,1,0,Robbery W/Firearm,3,Low,1
Male,Less than 25,Asian,0,0,0,1.0,0.0,F,Uttering a Forged Instrument,0,0,,1,Low,0
Male,25 - 45,Asian,0,0,0,0.0,-1.0,F,Uttering a Forged Instrument,0,0,,0,Low,0
Male,25 - 45,Caucasian,0,0,0,7.0,0.0,F,Possession of Cannabis,1,0,Opert With Susp DL 2nd Offens,7,Medium,1
Female,Less than 25,Hispanic,0,0,0,1.0,-1.0,M,Battery,0,0,,1,Low,0
Female,Less than 25,Other,0,1,0,1.0,-1.0,F,Uttering a Forged Instrument,1,0,Trespass,1,Medium,1
Male,25 - 45,Hispanic,0,0,0,4.0,0.0,F,arrest case no charge,1,0,Petit Theft,4,Low,1
Female,Less than 25,Hispanic,0,0,0,0.0,0.0,M,Battery,0,0,,0,Low,0
Female,25 - 45,Asian,0,1,0,11.0,-1.0,F,Misuse Of 911 Or E911 System,1,1,Viol Injunct Domestic Violence,11,High,1
Female,25 - 45,Native American,0,0,0,19.0,-1.0,F,arrest case no charge,0,0,,19,Low,0
Male,Less than 25,Native American,0,0,0,0.0,-2.0,M,Battery,1,0,Tresspass in Struct/Convey Occupy,0,High,1
Male,Less than 25,Asian,0,0,0,1.0,0.0,F,Uttering a Forged Instrument,1,0,Felony Battery (Dom Strang),1,Low,0
Male,25 - 45,Asian,0,0,0,0.0,0.0,M,Battery,0,0,,0,Low,0
Female,25 - 45,Other,0,0,0,0.0,-1.0,M,Battery,0,0,,0,Low,0
Male,Greater than 45,Native American,0,0,0,0.0,0.0,F,Uttering a Forged Instrument,0,0,,0,Low,0
Female,Greater than 45,Caucasian,0,0,0,0.0,0.0,M,Battery,0,0,,0,Low,0
Male,Greater than 45,Caucasian,0,0,0,0.0,-1.0,F,Grand Theft in the 3rd Degree,0,0,,0,Low,0
Male,25 - 45,African-American,0,0,0,6.0,-1.0,F,Poss Cocaine/Intent To Del/Sel,1,0,Battery,6,Low,0
Male,Greater than 45,Asian,0,1,0,4.0,-27.0,F,Uttering a Forged Instrument,1,0,Possession of Cocaine,4,High,1
Male,Greater than 45,Asian,0,0,0,1.0,-1.0,F,Driving Under The Influence,1,1,Felony Battery w/Prior Convict,1,Low,1
Female,25 - 45,Caucasian,0,0,0,10.0,6.0851397863557395,F,arrest case no charge,1,0,Resist/Obstruct W/O Violence,10,Medium,1
Female,Less than 25,Native American,1,0,0,23.804980235069664,-1.0,F,arrest case no charge,1,1,Battery,24,High,1
Male,25 - 45,Native American,0,0,0,0.0,-1.0,M,Battery,0,0,,0,Low,0
Female,Less than 25,Hispanic,0,0,0,9.0,0.0,F,arrest case no charge,1,1,Battery,9,High,1
Female,25 - 45,Native American,0,0,0,8.0,-1.0,F,arrest case no charge,1,0,Burglary Structure Unoccup,8,High,1
Female,25 - 45,African-American,0,0,0,2.0,0.0,F,Grand Theft in the 3rd Degree,1,0,,2,Medium,0
Male,Greater than 45,Asian,0,0,0,3.0,-20.484125857533495,M,Uttering a Forged Instrument,1,0,Resist/Obstruct W/O Violence,3,High,1
Female,Greater than 45,African-American,0,0,0,3.0,-1.0,F,arrest case no charge,0,0,,3,Medium,0
Male,Less than 25,Other,0,0,0,0.0,-1.0,M,Driving Under The Influence,0,0,,0,Low,1
Female,Less than 25,Hispanic,0,0,0,4.0,-1.0,M,Driving Under The Influence,1,1,Robbery W/Firearm,4,High,1
Male,Greater than 45,African-American,0,0,0,2.0,-1.0,M,Possess Cannabis/20 Grams Or Less,1,0,Possession of Cocaine,2,Low,1
Female,Less than 25,Asian,0,1,0,13.0,0.0,F,arrest case no charge,1,1,Viol Injunct Domestic Violence,13,High,1
Male,25 - 45,Native American,0,0,0,1.0,-22.0,F,arrest case no charge,0,0,,1,Low,0
Female,Less than 25,Hispanic,0,0,0,2.0,-10.0,F,Pos Cannabis W/Intent Sel/Del,1,0,Possession of Cocaine,2,High,1
Female,Less than 25,Native American,1,0,1,9.0,-1.0,F,arrest case no charge,1,0,Resist/Obstruct W/O Violence,9,High,1
Female,Greater than 45,Hispanic,0,0,0,1.0,-1.0,F,Uttering a Forged Instrument,0,0,,1,Low,0
Male,25 - 45,Other,0,0,0,0.0,-1.0,F,Uttering a Forged Instrument,0,0,,0,Low,0
Female,Greater than 45,Other,0,0,0,0.0,-1.0,M,Battery,0,0,,0,Low,0
Female,25 - 45,Hispanic,0,0,0,0.0,-1.0,M,Battery,1,0,,0,High,1
Male,Less than 25,Hispanic,0,0,0,4.0,-1.0,F,Grand Theft in the 3rd Degree,0,0,,4,High,0
Male,Greater than 45,Caucasian,0,0,0,3.0,-1.0,F,Uttering a Forged Instrument,0,0,,3,Low,0
Female,Less than 25,Caucasian,0,1,0,19.0,0.0,F,arrest case no charge,1,0,Fail Register Vehicle,19,High,1
Female,25 - 45,Hispanic,0,0,1,1.0,-1.0,F,Pos Cannabis W/Intent Sel/Del,0,0,,1,Medium,0
Male,Less than 25,African-American,0,0,0,2.0,-1.0,F,Grand Theft (Motor Vehicle),0,0,Neglect Child / No Bodily Harm,2,Low,0
Female,25 - 45,Asian,0,0,0,6.0,-1.0,F,arrest case no charge,1,0,Stalking (Aggravated),6,Low,0
Female,Less than 25,Hispanic,0,0,1,2.0,-1.0,F,Uttering a Forged Instrument,1,0,Opert With Susp DL 2nd Offens,2,Low,1
Male,Greater than 45,Caucasian,0,0,0,0.0,-1.0,F,Grand Theft in the 3rd Degree,0,0,,0,Low,0
Female,25 - 45,Hispanic,0,0,0,1.0,-1.0,F,Uttering a Forged Instrument,0,0,,1,Low,0
Male,Greater than 45,Asian,0,0,0,0.0,0.0,M,Uttering a Forged Instrument,0,0,,0,Low,0
Female,Greater than 45,Hispanic,0,0,0,0.0,-2.0,M,Battery,0,0,,0,Low,0
Female,Less than 25,African-American,0,0,0,7.0,-1.0,F,Uttering a Forged Instrument,1,0,Robbery W/Firearm,7,High,1
Male,Less than 25,Other,0,0,0,1.0,0.0,F,Uttering a Forged Instrument,0,0,,1,Low,0
Female,Less than 25,Native American,0,0,0,2.0,-1.0,F,Grand Theft in the 3rd Degree,1,0,Stalking (Aggravated),2,Low,1
Male,25 - 45,Asian,0,0,0,0.0,-1.0,F,Uttering a Forged Instrument,0,0,,0,Low,0
Female,Greater than 45,Caucasian,0,1,1,3.0,0.0,M,Battery,1,0,Neglect Child / No Bodily Harm,3,Low,1
Female,Greater than 45,African-American,0,0,0,1.0,0.0,F,Uttering a Forged Instrument,0,0,,1,Medium,0
Female,Less than 25,Native American,0,0,1,0.0,-1.0,F,Uttering a Forged Instrument,0,0,,0,Low,0
Female,25 - 45,African-American,0,0,0,3.0,-1.0,F,Uttering a Forged Instrument,1,0,Fail Register Vehicle,3,Low,1
Male,Less than 25,Hispanic,0,0,0,1.0,-1.0,F,Uttering a Forged Instrument,1,0,Petit Theft,1,Low,1
Male,25 - 45,Native American,0,0,0,0.0,0.0,M,Uttering a Forged Instrument,0,0,,0,Low,0
Female,25 - 45,African-American,0,0,0,6.0,-1.0,F,arrest case no charge,0,0,,6,Low,1
Female,Less than 25,Native American,0,0,0,0.0,-1.0,M,Battery,0,0,,0,Low,0
Female,25 - 45,Caucasian,0,0,0,2.0,0.0,F,Uttering a Forged Instrument,0,0,,2,Low,1
Male,25 - 45,African-American,0,0,0,11.0,-1.0,F,arrest case no charge,0,0,,11,Low,0
Male,25 - 45,African-American,0,0,0,1.0,-26.0,M,Battery,0,0,,1,Low,0
Female,25 - 45,Caucasian,0,0,0,0.0,-1.0,F,Uttering a Forged Instrument,1,0,Resist/Obstruct W/O Violence,0,High,1
Male,Greater than 45,African-American,0,0,0,0.0,-1.0,F,Uttering a Forged Instrument,1,1,Battery on a Person Over 65,0,Medium,1
Female,Greater than 45,Asian,0,0,2,0.0,-1.0,F,Grand Theft in the 3rd Degree,0,0,,0,Low,0
Female,25 - 45,Asian,0,1,0,3.0,-1.0,F,Grand Theft in the 3rd Degree,1,0,Possess Cannabis/20 Grams Or Less,3,Low,1
Male,Less than 25,African-American,1,0,0,26.107804653158123,-1.0,F,Poss Cocaine/Intent To Del/Sel,1,0,Resist/Obstruct W/O Violence,25,High,1
Male,Greater than 45,Native American,0,0,0,0.0,0.0,M,Uttering a Forged Instrument,0,0,,0,Low,0
Male,Greater than 45,Asian,0,0,0,17.0,-4.0,F,arrest case no charge,1,0,Possession of Cocaine,17,High,1
Female,Less than 25,African-American,0,0,0,6.0,-1.0,F,arrest case no charge,0,0,,6,Medium,0
Female,25 - 45,African-American,0,0,0,1.0,0.0,F,Uttering a Forged Instrument,0,0,,1,Low,0
Male,Less than 25,Caucasian,0,0,0,1.0,0.0,F,Driving Under The Influence,1,0,Tresspass in Struct/Convey Occupy,1,Low,1
Female,Less than 25,Caucasian,0,0,0,4.0,-1.0,F,arrest case no charge,1,0,Burglary Structure Unoccup,4,Low,1
Male,25 - 45,Native American,0,0,0,3.0,-2.0,F,Uttering a Forged Instrument,1,0,Aggravated Battery / Pregnant,3,Low,1
Female,Greater than 45,Asian,0,3,0,10.0,-1.0,F,Leave Acc/Attend Veh/More $50,1,0,Expired DL More Than 6 Months,10,Medium,1
Male,25 - 45,Asian,0,0,0,0.0,0.0,M,Battery,0,0,,0,Low,0
Male,Less than 25,Caucasian,0,0,0,0.0,-1.0,F,Uttering a Forged Instrument,1,1,Battery,0,Low,1
Male,Greater than 45,African-American,0,0,0,0.0,-1.0,M,Battery,1,0,Felony Battery (Dom Strang),0,Low,1
Male,Greater than 45,Asian,0,0,0,1.0,-1.0,F,Uttering a Forged Instrument,0,0,,1,Medium,0
Female,Less than 25,Hispanic,0,0,0,1.0,-18.76160015177597,F,arrest case no charge,1,0,Felony Petit Theft,1,Low,1
Male,Less than 25,Caucasian,0,0,0,0.0,-1.0,M,Battery,0,0,,0,Low,0
Female,Less than 25,Hispanic,0,1,0,1.0,-1.0,F,Grand Theft in the 3rd Degree,0,0,,1,Low,0
Female,Less than 25,Other,0,0,0,2.0,0.0,F,arrest case no charge,0,0,,2,High,0
Female,Less than 25,Native American,0,0,0,0.0,-1.0,M,Battery,0,0,,0,Low,0
Female,25 - 45,Native American,0,1,1,1.0,-1.0,M,Grand Theft (Motor Vehicle),1,0,,1,Low,0
Female,25 - 45,Hispanic,0,0,0,0.0,-1.0,M,Battery,0,0,,0,Low,0
Male,Greater than 45,Caucasian,0,0,0,5.0,0.0,M,Possess Cannabis/20 Grams Or Less,1,0,Unlaw LicTag/Sticker Attach,5,High,1
Male,25 - 45,African-American,0,0,0,11.0,-1.0,F,arrest case no charge,1,0,Felony Petit Theft,11,Low,1
Female,Less than 25,African-American,0,0,0,2.0,-1.0,M,Battery,1,0,Resist/Obstruct W/O Violence,2,Low,1
Male,Less than 25,Hispanic,0,0,0,2.0,-1.0,M,Driving Under The Influence,0,0,,2,Low,0
Male,25 - 45,Native American,0,0,0,0.0,-2.0,F,Uttering a Forged Instrument,1,0,Possession of Cocaine,0,Medium,1
Male,Greater than 45,Hispanic,1,0,0,1.0,-1.0,M,Battery,1,0,Petit Theft,1,Low,1
Male,Less than 25,Hispanic,0,0,0,4.0,0.0,F,Uttering a Forged Instrument,1,0,Viol Injunct Domestic Violence,4,Low,1
Male,25 - 45,Hispanic,0,0,0,4.0,-1.0,M,Battery,1,1,Stalking (Aggravated),4,Medium,1
Male,25 - 45,African-American,0,0,0,19.0,-1.0,M,arrest case no charge,1,0,Poss Cocaine/Intent To Del/Sel,19,Medium,1
Male,Less than 25,Caucasian,0,0,0,0.0,-1.0,F,Uttering a Forged Instrument,0,0,,0,Low,0
Male,Greater than 45,Other,0,1,1,8.0,-1.0,F,Possession Of Alprazolam,1,0,Felony Petit Theft,8,Medium,1
Female,Greater than 45,Other,0,0,0,3.0,-1.0,F,arrest case no charge,0,0,,3,Low,0
Male,Greater than 45,Hispanic,0,0,0,0.0,-5.0,F,Grand Theft in the 3rd Degree,1,1,Robbery W/Firearm,0,High,1
Female,Greater than 45,Native American,1,0,1,5.0,0.0,M,Refuse Submit Blood/Breath Test,1,0,Burglary Structure Unoccup,5,Medium,1
Male,25 - 45,Other,1,0,0,9.0,-1.0,M,"Poss 3,4 MDMA (Ecstasy)",1,1,Battery,8,High,1
Female,Less than 25,Asian,0,0,0,5.0,-1.0,F,arrest case no charge,1,0,Stalking (Aggravated),5,Low,1
Female,25 - 45,Other,0,0,0,0.0,-1.0,F,Uttering a Forged Instrument,0,0,,0,Low,0
Female,Greater than 45,African-American,0,0,0,0.0,-1.0,M,Battery,0,0,,0,Medium,0
Female,25 - 45,Native American,0,0,0,9.0,0.0,M,Driving Under The Influence,0,0,,9,Medium,0
Male,Less than 25,African-American,0,0,0,2.0,-1.0,F,Poss Cocaine/Intent To Del/Sel,1,0,Disorderly Intoxication,2,Medium,1
Male,Less than 25,Asian,0,0,0,1.0,-1.0,F,Uttering a Forged Instrument,0,0,,1,Low,0
Male,Greater than 45,Hispanic,0,1,0,14.0,-1.0,M,Leave Acc/Attend Veh/More $50,1,0,Burglary Conveyance Unoccup,14,High,1
Female,25 - 45,Native American,0,0,0,2.0,-1.0,F,Uttering a Forged Instrument,0,0,,2,Low,0
Male,Greater than 45,Other,0,0,1,2.0,0.0,M,Battery,1,1,Battery on a Person Over 65,2,High,1
Male,Greater than 45,Caucasian,0,0,0,1.0,0.0,F,Uttering a Forged Instrument,0,0,,1,Low,0
Male,Less than 25,Hispanic,0,0,0,1.0,-10.0,M,Battery,0,0,,1,Low,0
Male,Greater than 45,African-American,0,0,0,7.0,-1.0,F,arrest case no charge,1,0,Felony Battery (Dom Strang),7,Medium,1
Female,25 - 45,Asian,0,0,0,0.0,0.0,F,Uttering a Forged Instrument,0,0,,0,Low,0
Female,Greater than 45,Other,0,0,0,6.0,0.0,F,Possession of Cannabis,0,0,,6,High,0
Female,Greater than 45,African-American,0,0,0,1.0,-1.0,F,Uttering a Forged Instrument,0,0,,1,Medium,0
Male,Greater than 45,African-American,0,0,0,1.0,-2.0,F,Possession Of Alprazolam,1,1,Battery,1,Low,1
Female,25 - 45,Asian,0,1,1,18.0,-1.0,F,arrest case no charge,1,0,Poss Meth/Diox/Meth/Amp (MDMA),18,High,1
Male,25 - 45,Other,0,0,0,0.0,-1.0,F,Uttering a Forged Instrument,0,0,,0,Low,0
Female,25 - 45,Other,0,1,2,8.0,-1.0,F,Purchase Cannabis,1,0,Grand Theft in the 3rd Degree,8,Medium,1
Male,Less than 25,Hispanic,0,0,0,3.0,-1.0,F,Uttering a Forged Instrument,1,0,Battery,3,Medium,1
Female,Less than 25,Caucasian,0,0,0,17.0,-1.0,F,Possession of Cannabis,1,0,Stalking (Aggravated),17,High,1
Male,25 - 45,Native American,0,0,0,2.0,0.0,F,arrest case no charge,0,0,,2,Medium,0
Female,Less than 25,Caucasian,0,0,0,3.0,-4.0,F,arrest case no charge,0,0,,3,Low,0
Female,25 - 45,Caucasian,0,0,0,22.0,-29.0,F,arrest case no charge,0,0,,22,High,0
Female,Less than 25,African-American,0,0,0,7.0,-1.0,F,arrest case no charge,1,0,Aggravated Battery / Pregnant,7,Medium,0
Female,Greater than 45,African-American,0,0,0,0.0,-1.0,M,Uttering a Forged Instrument,0,0,,0,Low,0
Female,25 - 45,African-American,0,0,0,0.0,0.0,M,Uttering a Forged Instrument,1,0,Possess Cannabis/20 Grams Or Less,0,Medium,1
Male,25 - 45,Asian,0,0,0,0.0,-1.0,F,Uttering a Forged Instrument,0,0,,0,High,0
Male,Greater than 45,Asian,0,0,0,0.0,-1.0,F,Uttering a Forged Instrument,0,0,,0,Low,0
Male,Less than 25,African-American,0,0,0,0.0,-2.0,M,Uttering a Forged Instrument,1,0,Trespass Struct/Conveyance,0,Low,0
Female,Greater than 45,Native American,0,0,0,0.0,-1.0,M,Battery,1,1,Battery,0,Low,1
Male,Greater than 45,Caucasian,0,0,0,0.0,0.0,F,Uttering a Forged Instrument,0,0,,0,Low,0
Female,Greater than 45,Caucasian,0,0,0,2.0,0.0,M,Driving Under The Influence,1,0,Unlaw LicTag/Sticker Attach,2,Low,0
Female,Less than 25,Other,0,0,0,1.0,-27.0,M,arrest case no charge,1,0,Felony Petit Theft,1,Low,1
Female,Less than 25,Other,0,0,0,0.0,-1.0,M,Battery,1,1,Battery,0,Low,1
Male,25 - 45,Asian,0,0,1,2.0,-1.0,M,Battery,1,0,Trespass Struct/Conveyance,2,Medium,1
Male,25 - 45,Hispanic,0,0,0,0.0,-1.0,M,Battery,0,0,,0,Low,0
Female,25 - 45,Hispanic,0,0,0,0.0,-1.0,F,Uttering a Forged Instrument,0,0,,0,Low,0
Male,Less than 25,African-American,0,2,2,4.0,-1.0,F,Refuse Submit Blood/Breath Test,1,0,Trespass/Property/Other Structure,4,Medium,1
Female,Greater than 45,Hispanic,0,0,1,2.0,0.0,F,Pos Cannabis W/Intent Sel/Del,1,0,Unlaw Use False Name/Identity,2,High,1
Female,25 - 45,Native American,0,0,0,0.0,-1.0,M,Uttering a Forged Instrument,1,0,Susp Drivers Lic 1st Offense,0,Low,1
Male,Less than 25,Asian,0,0,0,0.0,0.0,M,Battery,0,0,,0,Low,0
Female,25 - 45,Hispanic,0,0,0,0.0,-1.0,F,Uttering a Forged Instrument,1,0,Viol Pretrial Release Dom Viol,0,Medium,1
Male,Less than 25,Caucasian,0,0,0,2.0,-1.0,F,Uttering a Forged Instrument,0,0,,2,Low,0
Male,Greater than 45,Native American,0,0,0,10.0,17.162410280890498,F,arrest case no charge,1,0,Petit Theft,10,Medium,1
Male,25 - 45,Native American,0,0,0,21.000000000000004,-1.0,F,arrest case no charge,1,0,Aggravated Battery / Pregnant,21,Medium,1
Female,Greater than 45,Other,0,1,3,7.0,-1.0,F,Robbery / Weapon,1,1,Battery on a Person Over 65,7,High,1
Female,Greater than 45,Native American,1,0,0,1.0,-1.0,M,Battery,0,0,,1,Medium,0
Male,Greater than 45,Caucasian,0,0,0,7.0,-1.0,M,Possession of Cannabis,0,0,,7,Low,0
Female,Greater than 45,Native American,0,0,0,4.0,0.0,F,Uttering a Forged Instrument,0,0,,4,Low,0
Male,Less than 25,Other,0,0,0,0.0,-1.0,F,Uttering a Forged Instrument,0,0,,0,Low,0
Female,Less than 25,Asian,0,0,0,2.0,-1.0,M,Uttering a Forged Instrument,1,0,Fail Register Vehicle,2,Medium,1
Female,Less than 25,Native American,2,3,0,16.0,27.991600479919846,M,Possession Burglary Tools,1,1,Aid/Abet Burglary Assault/Batt,16,High,1
Male,25 - 45,Asian,0,0,0,0.0,-1.0,M,Battery,0,0,,0,Low,0
Female,Greater than 45,Hispanic,0,0,0,3.0,-1.0,M,Battery,1,0,Robbery W/Firearm,3,Medium,1
Male,25 - 45,Other,0,0,0,0.0,-2.0,M,Battery,0,0,,0,Low,0
Female,25 - 45,African-American,0,0,1,0.0,-1.0,F,Uttering a Forged Instrument,1,0,Resist/Obstruct W/O Violence,0,High,1
Male,Greater than 45,Native American,0,0,0,0.0,-1.0,F,Uttering a Forged Instrument,1,0,Resist/Obstruct W/O Violence,0,Low,1
Male,Greater than 45,Native American,0,0,0,1.0,-5.0,F,arrest case no charge,0,0,,1,Low,0
Female,25 - 45,Hispanic,0,0,0,1.0,0.0,M,Driving Under The Influence,0,0,Opert With Susp DL 2nd Offens,1,Low,0
Male,Less than 25,Hispanic,0,0,0,7.0,-1.0,F,arrest case no charge,1,0,Possess Cannabis/20 Grams Or Less,7,High,1
Female,Less than 25,Caucasian,0,0,0,0.0,0.0,F,Uttering a Forged Instrument,1,1,Battery,0,Low,0
Female,Greater than 45,Hispanic,0,0,0,1.0,0.0,M,Driving Under The Influence,1,0,,1,Low,1
Male,25 - 45,Native American,0,0,0,1.0,-1.0,F,Uttering a Forged Instrument,1,0,Battery,1,Low,1
Male,Greater than 45,Other,0,0,0,0.0,-1.0,F,Uttering a Forged Instrument,0,0,,0,Low,0
Female,Greater than 45,Hispanic,0,0,0,1.0,-1.0,F,Grand Theft in the 3rd Degree,1,0,Stalking (Aggravated),1,Medium,1
Female,25 - 45,Native American,0,0,0,2.0,-11.183021663932664,M,Driving Under The Influence,0,0,,2,Low,0
Female,Greater than 45,Caucasian,0,0,0,0.0,-1.0,M,Uttering a Forged Instrument,0,0,,0,Low,0
Male,25 - 45,African-American,0,0,0,1.0,0.0,F,Uttering a Forged Instrument,0,0,,1,Low,0
Male,Greater than 45,Hispanic,0,1,1,3.0,-1.0,M,Battery,1,0,Resist/Obstruct W/O Violence,3,High,1
Female,Less than 25,Caucasian,0,0,0,1.0,0.9397856070672148,F,arrest case no charge,1,0,Neglect Child / No Bodily Harm,1,Low,1
Male,Greater than 45,Caucasian,0,0,2,0.0,-1.0,F,Uttering a Forged Instrument,1,0,Trespass Other Struct/Conve,0,High,1
Male,25 - 45,Caucasian,0,0,0,0.0,-1.0,F,Uttering a Forged Instrument,0,0,,0,Low,0
Male,Greater than 45,Native American,0,0,0,1.0,-1.0,M,Battery,1,1,Felony Battery w/Prior Convict,1,Low,1
Male,Less than 25,Caucasian,0,0,0,0.0,0.0,M,Uttering a Forged Instrument,0,0,,0,Low,0
Male,Greater than 45,Native American,0,0,0,0.0,-1.0,M,Uttering a Forged Instrument,0,0,,0,Medium,0
Male,Greater than 45,Hispanic,0,0,0,0.0,0.0,F,Uttering a Forged Instrument,0,0,,0,Low,0
Female,Greater than 45,Native American,0,0,0,0.0,-1.0,M,Uttering a Forged Instrument,0,0,,0,Low,0
Female,Greater than 45,Asian,0,0,0,1.0,-1.0,F,Pos Cannabis W/Intent Sel/Del,0,0,,1,Low,0
Male,Less than 25,Native American,0,0,0,4.0,-1.0,F,Uttering a Forged Instrument,1,0,Felony Petit Theft,4,Low,1
Male,25 - 45,Other,0,0,0,2.0,-1.0,F,Possession Of Alprazolam,1,0,Petit Theft,2,Medium,1
Male,Greater than 45,Caucasian,0,0,0,1.0,-1.0,F,arrest case no charge,0,0,,1,Low,0
Male,Greater than 45,Hispanic,0,0,1,15.0,-1.0,F,arrest case no charge,1,0,Felony Petit Theft,15,Medium,1
Male,Greater than 45,Asian,0,0,0,0.0,-1.0,M,Uttering a Forged Instrument,0,0,,0,Medium,0
Female,Greater than 45,Other,0,0,0,0.0,-1.0,F,Grand Theft in the 3rd Degree,1,0,Tresspass in Struct/Convey Occupy,0,Medium,1
Female,25 - 45,Asian,0,0,0,2.0,0.0,F,Uttering a Forged Instrument,1,0,Aggravated Battery / Pregnant,2,High,1
Male,Less than 25,Asian,0,0,0,0.0,-2.0,M,Battery,0,0,,0,Low,0
Male,Less than 25,Native American,0,0,0,0.0,-1.0,M,Battery,1,0,Burglary Structure Unoccup,0,Low,1
Female,Less than 25,Caucasian,0,0,0,1.0,0.0,F,Grand Theft (Motor Vehicle),1,0,Burglary Conveyance Unoccup,1,Medium,0
Male,Less than 25,Caucasian,0,1,0,4.0,0.0,F,arrest case no charge,1,1,Battery on a Person Over 65,4,High,1
Female,Greater than 45,Caucasian,0,0,0,0.0,-1.0,F,Uttering a Forged Instrument,0,0,,0,Low,0
Male,25 - 45,Hispanic,0,0,0,0.0,-1.0,M,Battery,1,0,Possess Cannabis/20 Grams Or Less,0,High,1
Male,25 - 45,Native American,0,0,0,3.0,-1.0,F,Uttering a Forged Instrument,1,0,Petit Theft,3,Low,1
Male,Greater than 45,Asian,0,0,0,0.0,-1.0,M,Battery,1,1,Battery,0,Low,1
Female,Greater than 45,Other,0,0,0,1.0,-1.0,M,Battery,1,1,Felony Battery (Dom Strang),1,Medium,1
Male,25 - 45,Other,0,0,2,0.0,-1.0,F,Uttering a Forged Instrument,1,0,Tampering With Physical Evidence,0,High,1
Female,Less than 25,Native American,0,0,0,4.0,0.0,M,Driving Under The Influence,0,0,,4,Low,0
Female,Greater than 45,Hispanic,0,0,0,1.0,-1.0,F,Pos Cannabis W/Intent Sel/Del,0,0,,1,Low,0
Female,Less than 25,Asian,0,0,0,2.0,-1.0,F,Grand Theft in the 3rd Degree,1,0,Petit Theft,2,Medium,1
Male,Greater than 45,Caucasian,0,0,0,2.0,-1.0,F,Uttering a Forged Instrument,1,1,Felony Battery (Dom Strang),2,High,1
Male,Less than 25,Other,0,0,0,0.0,0.0,F,Uttering a Forged Instrument,0,0,,0,Low,0
Male,Less than 25,Caucasian,0,1,3,12.0,-1.0,M,Kidnapping / Domestic Violence,1,1,Poss Counterfeit Payment Inst,12,High,1
Male,Less than 25,Caucasian,0,0,0,7.0,-8.595935197696505,F,Driving Under The Influence,1,0,Unlaw Use False Name/Identity,7,Low,1
Male,25 - 45,African-American,0,0,0,6.0,-1.0,F,arrest case no charge,1,0,Unlaw LicTag/Sticker Attach,6,Low,1
Male,Less than 25,African-American,0,0,0,1.0,-1.0,F,Uttering a Forged Instrument,0,0,,1,Medium,0
Male,25 - 45,Other,0,0,0,3.0,-1.0,F,Uttering a Forged Instrument,1,0,Felony Battery (Dom Strang),3,High,1
Female,25 - 45,African-American,0,0,0,6.0,0.0,F,arrest case no charge,1,0,Unlaw LicTag/Sticker Attach,6,Medium,0
Male,25 - 45,African-American,0,0,0,0.0,0.0,F,Uttering a Forged Instrument,0,0,,0,Low,0
Female,Less than 25,Hispanic,0,0,0,1.0,-1.0,F,arrest case no charge,0,0,,1,Low,0
Male,25 - 45,Caucasian,0,0,0,0.0,0.0,M,Battery,0,0,,0,Low,0
Male,Greater than 45,Hispanic,2,1,0,9.0,-1.0,F,Possession of Cannabis,1,0,Resist/Obstruct W/O Violence,9,Medium,1
Male,Greater than 45,Other,0,0,1,16.0,-1.0,M,arrest case no charge,1,0,Resist/Obstruct W/O Violence,16,High,1
Female,Greater than 45,Other,0,0,0,1.0,-1.0,F,Uttering a Forged Instrument,0,0,,1,Low,0
Female,25 - 45,Asian,0,0,0,2.0,-1.0,M,arrest case no charge,0,0,,2,Medium,0
Female,25 - 45,Asian,0,0,0,3.0,-1.0,F,arrest case no charge,0,0,,3,Low,0
Male,Greater than 45,Hispanic,0,0,0,1.0,0.0,F,Uttering a Forged Instrument,0,0,,1,High,0
Male,Less than 25,Asian,0,0,0,0.0,-1.0,M,Possess Cannabis/20 Grams Or Less,1,0,Possess Cannabis/20 Grams Or Less,0,Low,1
Female,Greater than 45,Hispanic,0,0,0,3.0,0.0,F,Uttering a Forged Instrument,1,0,Unlaw Use False Name/Identity,3,Medium,1
Male,Greater than 45,Hispanic,0,0,0,0.0,-1.0,F,Uttering a Forged Instrument,0,0,,0,Low,0
Male,25 - 45,African-American,0,0,0,1.0,-25.0,F,Driving Under The Influence,0,0,,1,Low,0
Female,Greater than 45,Hispanic,0,0,0,0.0,-1.0,M,Battery,0,0,,0,Low,0
Female,25 - 45,Other,0,1,2,1.0,-1.0,M,Battery,1,0,Possess Cannabis/20 Grams Or Less,1,Low,1
Male,Greater than 45,Native American,0,0,0,0.0,0.0,M,Uttering a Forged Instrument,0,0,,0,Low,0
Male,Greater than 45,African-American,0,0,0,6.0,-1.0,F,arrest case no charge,1,0,Opert With Susp DL 2nd Offens,6,High,1
Male,Less than 25,Other,0,0,0,4.0,-1.0,F,Possession of Cannabis,0,0,,4,Low,0
Female,Less than 25,Asian,0,1,0,6.0,-21.0,F,Uttering a Forged Instrument,1,0,,6,Medium,1
Female,25 - 45,African-American,0,0,0,0.0,0.0,M,Driving Under The Influence,0,0,,0,Low,0
Male,25 - 45,African-American,0,0,4,0.0,-1.0,M,Battery,0,0,,0,Low,0
Male,Less than 25,Other,0,0,0,4.0,-1.0,F,arrest case no charge,1,0,Opert With Susp DL 2nd Offens,4,Low,1
Male,Greater than 45,African-American,0,0,0,10.0,0.0,F,arrest case no charge,0,0,,10,Low,0
Female,Greater than 45,Caucasian,0,0,0,1.0,-1.0,F,Possess Cannabis/20 Grams Or Less,1,1,Felony Battery (Dom Strang),1,Low,1
Female,Greater than 45,Hispanic,0,0,0,0.0,-1.0,F,Possess Cannabis/20 Grams Or Less,1,1,Battery,0,Low,1
Male,Less than 25,Native American,0,0,0,0.0,0.0,F,Uttering a Forged Instrument,0,0,,0,Low,0
Male,25 - 45,Asian,0,0,0,20.0,0.0,F,arrest case no charge,1,0,Tresspass in Struct/Convey Occupy,20,Medium,1
Male,25 - 45,Asian,0,0,0,21.000000000000004,-1.0,F,arrest case no charge,0,0,,21,Medium,0
Female,Greater than 45,Hispanic,0,0,0,0.0,-1.0,M,Uttering a Forged Instrument,0,0,,0,Low,0
Female,Greater than 45,Native American,0,0,0,1.0,-1.0,M,Battery,0,0,,1,Medium,0
Male,25 - 45,Caucasian,0,0,0,3.0,-1.0,F,Pos Cannabis W/Intent Sel/Del,1,0,Viol Injunct Domestic Violence,3,High,1
Female,Greater than 45,African-American,0,1,0,6.0,-1.0,F,Robbery / No Weapon,1,1,Felony Battery (Dom Strang),6,High,1
Female,Greater than 45,African-American,0,0,0,0.0,0.0,F,Uttering a Forged Instrument,0,0,,0,Low,0
Female,25 - 45,Other,0,0,1,1.0,-1.0,F,Pos Cannabis W/Intent Sel/Del,0,0,,1,Medium,0
Female,Greater than 45,Other,0,0,0,0.0,-1.0,F,Grand Theft in the 3rd Degree,0,0,,0,Low,0
Female,Less than 25,Asian,0,0,0,0.0,-1.0,M,Uttering a Forged Instrument,1,0,Susp Drivers Lic 1st Offense,0,Low,0
Female,Greater than 45,Hispanic,0,0,0,0.0,-1.0,F,Uttering a Forged Instrument,0,0,,0,Low,0
Male,Greater than 45,Native American,0,0,0,13.0,-1.0,F,arrest case no charge,0,0,,13,High,0
Female,Greater than 45,Other,0,0,0,0.0,-1.0,F,Uttering a Forged Instrument,1,0,Resist/Obstruct W/O Violence,0,Low,1
Female,Less than 25,Caucasian,0,0,1,1.0,-2.0,M,Possess Cannabis/20 Grams Or Less,1,0,Poss Cocaine/Intent To Del/Sel,1,Medium,1
Female,25 - 45,Caucasian,0,0,0,0.0,-1.0,F,Uttering a Forged Instrument,1,0,Possess Cannabis/20 Grams Or Less,0,High,1
Male,Less than 25,Hispanic,0,0,0,0.0,-1.0,F,Uttering a Forged Instrument,1,0,Possession of Cocaine,0,Low,1
Female,Greater than 45,Other,0,0,0,2.0,-1.0,F,arrest case no charge,0,0,,2,Low,0
Male,25 - 45,Other,0,0,0,2.0,-5.0,M,Driving Under The Influence,0,0,,2,Low,0
Female,25 - 45,Caucasian,0,0,0,0.0,-1.0,F,Uttering a Forged Instrument,1,0,Unlaw LicTag/Sticker Attach,0,Low,1
Female,Greater than 45,Other,0,0,0,1.0,-17.36428983313043,M,Battery,1,1,Aggravated Battery / Pregnant,1,Medium,1
Male,Greater than 45,Native American,0,0,2,6.0,0.0,M,Refuse Submit Blood/Breath Test,0,0,,6,Medium,0
Male,Greater than 45,Asian,0,0,0,9.0,-1.0,M,Possess Cannabis/20 Grams Or Less,1,1,Aggravated Battery / Pregnant,9,Medium,0
Male,25 - 45,Hispanic,0,0,0,4.0,0.0,F,arrest case no charge,1,0,Felony Battery (Dom Strang),4,High,1
Female,Greater than 45,Hispanic,0,0,0,2.0,-1.0,M,Driving Under The Influence,0,0,,2,Low,0
Female,Greater than 45,African-American,0,0,0,9.0,-1.0,F,Grand Theft in the 3rd Degree,1,1,Stalking (Aggravated),9,Medium,1
Female,25 - 45,Hispanic,0,0,0,0.0,-1.0,M,Uttering a Forged Instrument,0,0,,0,Low,0
Male,Less than 25,Native American,0,0,0,0.0,-1.0,F,Uttering a Forged Instrument,0,0,,0,Low,0
Male,Less than 25,Native American,0,0,0,0.0,0.0,M,Uttering a Forged Instrument,1,0,Disorderly Intoxication,0,Low,1
Male,25 - 45,Other,0,0,0,1.0,-1.0,M,Battery,1,1,Retaliate Wit/Vict No Injury,1,Medium,1
Male,Greater than 45,African-American,0,0,0,1.0,-1.0,F,Uttering a Forged Instrument,0,0,,1,Low,0
Female,Less than 25,Other,0,0,0,0.0,-1.0,M,Uttering a Forged Instrument,0,0,,0,Medium,0
Female,Greater than 45,Native American,0,0,0,0.0,-1.0,M,Battery,1,1,Battery,0,Low,1
Female,Greater than 45,Hispanic,0,0,0,3.0,-1.0,M,Driving Under The Influence,0,0,,3,Low,0
Female,Greater than 45,Caucasian,0,0,0,1.0,-1.0,F,Uttering a Forged Instrument,0,0,,1,Low,0
Female,25 - 45,Native American,0,0,0,3.0,-6.637563685949786,M,Battery,0,0,,3,Low,0
Male,Greater than 45,African-American,0,0,0,0.0,-1.0,F,Uttering a Forged Instrument,0,0,,0,Low,0
Male,Less than 25,Caucasian,0,0,0,0.0,-1.0,F,Uttering a Forged Instrument,0,0,,0,Low,0
Female,25 - 45,Other,0,0,2,3.0,0.0,F,arrest case no charge,1,0,Burglary Conveyance Unoccup,3,Low,1
Male,Greater than 45,Caucasian,0,0,3,0.0,-1.0,M,Uttering a Forged Instrument,0,0,,0,Medium,0
Male,Greater than 45,Native American,0,0,0,2.0,-10.0,F,arrest case no charge,0,0,,2,Medium,0
Male,25 - 45,Asian,0,0,1,1.0,-1.0,F,arrest case no charge,1,0,Burglary Structure Unoccup,1,Medium,1
Female,25 - 45,African-American,0,0,0,7.0,-1.0,F,arrest case no charge,0,0,Possess Cannabis/20 Grams Or Less,7,Low,0
Male,25 - 45,Other,0,0,0,2.0,-13.14278734115739,F,Pos Cannabis W/Intent Sel/Del,0,0,,2,Low,0
Male,25 - 45,Caucasian,0,0,0,0.0,0.0,F,Uttering a Forged Instrument,1,0,Tresspass in Struct/Convey Occupy,0,Medium,1
Female,25 - 45,Native American,0,0,0,1.0,0.0,F,Uttering a Forged Instrument,1,0,Unlaw LicTag/Sticker Attach,1,Medium,1
Male,Greater than 45,African-American,0,0,0,0.0,0.0,F,Uttering a Forged Instrument,1,0,Susp Drivers Lic 1st Offense,0,Low,1
Female,25 - 45,Caucasian,0,0,1,11.0,-1.0,M,Possession of Cannabis,1,0,Disorderly Intoxication,11,High,1
Female,25 - 45,Hispanic,0,0,0,0.0,0.0,M,Battery,0,0,Armed Kidnapping,0,Low,0
Male,Less than 25,Hispanic,0,0,0,0.0,0.0,M,Battery,0,0,,0,High,0
Female,25 - 45,Other,0,0,0,0.0,-1.0,F,Uttering a Forged Instrument,0,0,,0,Medium,0
Female,Less than 25,Hispanic,0,0,0,0.0,0.0,M,Uttering a Forged Instrument,0,0,,0,Low,0
Male,Greater than 45,Native American,1,0,0,2.0,-1.0,F,Possession of Cannabis,0,0,,2,Medium,0
Male,Less than 25,Asian,0,0,0,0.0,-1.0,M,Battery,1,0,Unlaw LicTag/Sticker Attach,0,Low,1
Male,25 - 45,Caucasian,0,0,0,3.0,-1.0,F,Grand Theft in the 3rd Degree,1,0,Petit Theft,3,Medium,1
Female,25 - 45,Hispanic,0,0,0,0.0,-1.0,F,Uttering a Forged Instrument,1,0,Trespass,0,Low,1
Female,Greater than 45,Native American,0,0,0,9.0,-1.0,F,Pos Cannabis W/Intent Sel/Del,1,0,Resist/Obstruct W/O Violence,9,High,1
Female,Greater than 45,Asian,0,0,0,3.0,-1.0,M,Driving Under The Influence,0,0,,3,Low,0
Female,Less than 25,African-American,0,0,0,1.0,0.0,M,Battery,1,0,Expired DL More Than 6 Months,1,Low,1
Male,Greater than 45,Native American,0,0,0,2.0,-2.0,F,arrest case no charge,0,0,,2,Low,0
Female,25 - 45,African-American,0,1,1,2.0,-1.0,F,Possession Of Alprazolam,1,0,Possession Of Alprazolam,2,High,1
Female,Less than 25,Other,0,0,0,0.0,0.0,M,Battery,0,0,,0,Medium,0
Female,Greater than 45,Hispanic,0,0,0,0.0,-1.0,F,Uttering a Forged Instrument,0,0,,0,Low,0
Male,Less than 25,Asian,0,0,0,1.0,-1.0,M,Uttering a Forged Instrument,0,0,,1,Low,0
Male,Greater than 45,African-American,0,0,0,2.0,-1.0,F,Pos Cannabis W/Intent Sel/Del,1,0,Possess Cannabis/20 Grams Or Less,2,Medium,1
Male,Less than 25,Hispanic,0,0,0,2.0,-1.0,F,Uttering a Forged Instrument,0,0,,2,Low,0
Male,25 - 45,Other,0,0,0,2.0,0.0,M,Battery,1,0,,2,High,0
Female,Less than 25,Native American,0,0,0,1.0,-2.0,M,Driving Under The Influence,0,0,,1,Low,0
Male,Greater than 45,Caucasian,0,0,0,20.0,-1.0,F,arrest case no charge,1,0,Petit Theft,20,Low,1
Female,Greater than 45,Native American,0,0,0,0.0,-2.0,M,Battery,0,0,,0,Low,0
Male,Less than 25,African-American,0,0,0,0.0,-3.0,F,Uttering a Forged Instrument,0,0,,0,Low,0
Male,Greater than 45,Asian,0,0,0,1.0,-18.0,M,Battery,0,0,,1,Low,0
Male,Less than 25,Hispanic,0,0,0,0.0,-1.0,M,Uttering a Forged Instrument,1,0,Petit Theft,0,Medium,1
Female,Greater than 45,Caucasian,0,0,0,2.0,0.0,M,Driving Under The Influence,0,0,,2,Low,0
Female,25 - 45,Other,0,0,0,1.0,-10.0,F,Uttering a Forged Instrument,0,0,,1,Low,0
Male,25 - 45,Hispanic,0,0,1,0.0,-1.0,F,Pos Cannabis W/Intent Sel/Del,0,0,,0,Low,0
Male,25 - 45,Caucasian,0,0,0,0.0,-1.0,M,Battery,1,0,Petit Theft,0,Low,1
Male,Less than 25,Native American,0,0,0,13.0,-1.0,M,arrest case no charge,1,0,Felony Battery (Dom Strang),13,High,1
Female,Less than 25,Hispanic,0,0,0,3.0,5.737396848974122,F,Leave Acc/Attend Veh/More $50,0,0,,3,High,0
Male,25 - 45,Caucasian,0,0,0,1.0,-1.0,F,Uttering a Forged Instrument,1,0,Burglary Conveyance Unoccup,1,Low,1
Female,Greater than 45,Asian,0,0,0,0.0,-3.0,M,Uttering a Forged Instrument,1,0,,0,Low,0
Male,Greater than 45,African-American,0,0,0,0.0,-1.0,F,Uttering a Forged Instrument,1,1,Battery on a Person Over 65,0,High,1
Female,Less than 25,Caucasian,0,0,0,0.0,-1.0,M,Battery,1,1,Battery,0,Low,0
Male,Greater than 45,African-American,0,0,0,0.0,-1.0,F,Uttering a Forged Instrument,1,0,Trespass,0,Low,1
Male,25 - 45,Asian,0,0,0,0.0,0.0,M,Battery,0,0,,0,Low,0
Male,25 - 45,Other,0,0,1,1.0,-1.0,M,Battery,1,0,Burglary Structure Unoccup,1,Medium,1
Female,25 - 45,Asian,0,0,0,8.0,-1.0,F,arrest case no charge,0,0,,8,Low,0
Female,Less than 25,Hispanic,0,0,0,15.0,-1.0,F,arrest case no charge,1,0,Tresspass in Struct/Convey Occupy,15,Medium,1
Female,Less than 25,African-American,0,0,0,0.0,-1.0,M,Uttering a Forged Instrument,1,0,Battery,0,Low,1
Male,Less than 25,Native American,0,0,0,1.0,0.0,M,Battery,0,0,,1,Medium,0
Male,Less than 25,African-American,0,0,0,1.0,-1.0,F,Uttering a Forged Instrument,1,0,Burglary Structure Unoccup,1,Medium,1
Female,25 - 45,Asian,0,0,0,0.0,0.0,M,Uttering a Forged Instrument,1,0,Petit Theft,0,Low,1
Male,Less than 25,Caucasian,0,0,0,1.0,-1.0,F,Uttering a Forged Instrument,0,0,,1,Medium,0
Male,Greater than 45,Asian,0,0,0,3.0,-1.0,F,Grand Theft (Motor Vehicle),0,0,,3,Low,0
Male,Greater than 45,African-American,0,0,0,0.0,-1.0,M,Battery,1,0,Stalking (Aggravated),0,Medium,1
Female,Greater than 45,Native American,0,0,0,8.0,-1.0,F,Possession of Cannabis,0,0,,8,Low,0
Male,Less than 25,African-American,0,0,0,1.0,0.0,F,Grand Theft in the 3rd Degree,1,0,Aggravated Battery / Pregnant,1,Medium,1
Female,25 - 45,Hispanic,0,0,0,1.0,0.0,F,Uttering a Forged Instrument,0,0,,1,Low,0
Male,Less than 25,Native American,1,1,0,10.0,-1.0,F,Resist Officer w/Violence,1,1,Robbery W/Firearm,10,High,1
Male,Less than 25,Native American,0,0,0,1.0,-1.0,F,Grand Theft in the 3rd Degree,1,0,Fail Register Vehicle,1,Low,1
Male,25 - 45,Asian,2,0,0,9.0,-1.0,F,arrest case no charge,0,0,,9,High,0
Male,25 - 45,Caucasian,0,0,0,10.0,0.0,F,Possession of Cannabis,1,0,Resist/Obstruct W/O Violence,10,Low,1
Male,25 - 45,Other,0,0,0,1.0,0.0,F,Pos Cannabis W/Intent Sel/Del,0,0,,1,Low,0
Male,Greater than 45,Caucasian,0,0,0,13.0,-1.0,F,arrest case no charge,1,0,Aggravated Battery / Pregnant,13,Low,1
Female,Less than 25,Asian,0,0,0,1.0,-1.0,F,Driving Under The Influence,1,1,Battery on a Person Over 65,1,Low,1
Female,25 - 45,Caucasian,0,0,0,5.0,0.0,F,arrest case no charge,1,0,,5,High,1
Female,Greater than 45,Asian,0,0,0,1.0,-8.0,M,Battery,0,0,,1,Low,0
Male,Less than 25,Native American,0,0,0,2.0,-1.0,F,Uttering a Forged Instrument,0,0,,2,Medium,0
Female,25 - 45,Native American,0,0,0,2.0,-1.0,F,Uttering a Forged Instrument,1,0,Possession of Cocaine,2,Medium,1
Female,Greater than 45,Asian,0,0,0,10.0,-1.0,M,Possession of Cannabis,1,0,Possession of Cocaine,10,Medium,1
Male,Less than 25,Asian,0,0,0,0.0,-1.0,F,Grand Theft in the 3rd Degree,0,0,,0,Low,0
Female,Greater than 45,Other,0,0,0,0.0,0.0,M,Battery,0,0,Possession of Cocaine,0,Low,0
Female,Greater than 45,Hispanic,0,0,0,10.0,-1.0,F,Grand Theft in the 3rd Degree,1,0,,10,High,1
Male,Less than 25,Other,0,0,0,2.0,-1.0,M,Driving Under The Influence,0,0,,2,Low,0
Female,Greater than 45,African-American,0,0,0,0.0,-1.0,F,Uttering a Forged Instrument,0,0,,0,Low,0
Female,Greater than 45,Asian,0,0,0,10.0,-1.0,F,arrest case no charge,1,0,Petit Theft,10,Low,1
Male,Less than 25,Native American,0,0,2,1.0,-1.0,M,arrest case no charge,1,0,Resist/Obstruct W/O Violence,1,High,1
Male,Less than 25,Hispanic,0,0,0,1.0,-1.0,F,Pos Cannabis W/Intent Sel/Del,0,0,,1,Medium,0
Male,Greater than 45,Hispanic,0,1,0,16.0,-1.0,F,Leave Acc/Attend Veh/More $50,0,0,,16,High,0
Female,Less than 25,Other,0,0,0,3.0,-1.0,F,Uttering a Forged Instrument,1,0,Possess Cannabis/20 Grams Or Less,3,Medium,1
Male,Greater than 45,African-American,0,0,0,0.0,-1.0,F,Grand Theft in the 3rd Degree,0,0,,0,Medium,0
Female,Greater than 45,Native American,0,0,0,2.0,0.0,F,arrest case no charge,1,1,Aggravated Battery / Pregnant,2,Low,0
Male,Less than 25,Hispanic,0,0,0,8.0,-1.0,F,arrest case no charge,1,1,Robbery W/Firearm,8,Low,1
Female,Greater than 45,Native American,0,0,0,2.0,-1.0,M,Driving Under The Influence,0,0,,2,Low,0
Male,Greater than 45,Caucasian,0,0,0,0.0,-1.0,M,Battery,1,1,Battery,0,Low,1
Male,25 - 45,African-American,3,1,0,11.0,0.0,F,Leave Acc/Attend Veh/More $50,0,0,,11,High,0
Male,25 - 45,Asian,0,1,0,15.0,0.0,F,arrest case no charge,1,0,Burglary Conveyance Unoccup,15,High,1
Male,25 - 45,Asian,0,0,0,0.0,0.0,F,Uttering a Forged Instrument,0,0,,0,Low,0
Male,Less than 25,Hispanic,0,0,0,7.0,0.0,F,arrest case no charge,0,0,,7,Low,0
Female,Greater than 45,Asian,0,0,0,5.0,0.0,F,Uttering a Forged Instrument,1,0,Possession of Cocaine,5,High,1
Male,25 - 45,Hispanic,0,0,0,5.0,-8.0,F,arrest case no charge,0,0,Aggravated Battery / Pregnant,5,Medium,1
Female,Greater than 45,Asian,0,0,0,15.0,-1.0,F,arrest case no charge,1,0,Felony Petit Theft,15,Medium,1
Female,Less than 25,Asian,0,0,0,0.0,-1.0,F,Uttering a Forged Instrument,0,0,,0,Low,0
Female,Greater than 45,Caucasian,0,0,0,2.0,-1.0,M,Battery,1,0,,2,Low,0
Female,Less than 25,Caucasian,0,1,1,7.0,-1.0,M,arrest case no charge,1,0,Possess Cannabis/20 Grams Or Less,7,High,1
Female,25 - 45,African-American,0,0,0,4.0,-3.0,F,Uttering a Forged Instrument,1,0,Possession of Cocaine,4,Low,1
Female,Greater than 45,Asian,0,0,0,2.0,-1.0,F,arrest case no charge,0,0,,2,Low,0
Male,Less than 25,Caucasian,0,0,0,4.0,-1.0,M,Battery,0,0,Aggravated Battery / Pregnant,4,High,0
Male,Greater than 45,Hispanic,0,0,0,0.0,-1.0,M,Uttering a Forged Instrument,0,0,,0,High,0
Female,Greater than 45,Asian,0,0,0,8.0,-4.0,M,Possess Cannabis/20 Grams Or Less,1,1,Aggravated Battery / Pregnant,8,Low,1
Male,25 - 45,Native American,0,0,0,5.0,0.0,F,arrest case no charge,1,0,Burglary Conveyance Unoccup,5,High,1
Female,Greater than 45,African-American,0,0,0,13.0,-1.0,F,arrest case no charge,0,0,,13,Medium,0
Male,25 - 45,Caucasian,0,0,0,9.0,0.0,F,arrest case no charge,1,1,Stalking (Aggravated),9,Medium,1
Male,Less than 25,Other,0,0,0,0.0,-1.0,F,Uttering a Forged Instrument,0,0,,0,Low,0
Female,Less than 25,Hispanic,0,0,0,7.0,-1.0,F,Uttering a Forged Instrument,1,0,Opert With Susp DL 2nd Offens,7,Low,1
Male,Greater than 45,Other,0,0,0,3.0,-1.0,F,arrest case no charge,0,0,,3,Low,0
Male,Less than 25,Other,2,2,0,4.0,-1.0,F,Robbery / No Weapon,1,0,Trespass Struct/Convey Occupy,4,High,1
Female,Greater than 45,African-American,0,0,0,0.0,-1.0,M,Battery,1,1,Aggravated Battery / Pregnant,0,Medium,1
Male,Less than 25,Other,0,0,0,10.0,0.0,M,arrest case no charge,1,1,Battery,9,Low,1
Female,Greater than 45,Asian,0,0,0,9.0,-1.0,F,arrest case no charge,1,1,Retaliate Wit/Vict No Injury,9,High,1
Male,Less than 25,African-American,0,0,0,1.0,-1.0,F,Uttering a Forged Instrument,1,1,Battery,1,Low,1
Male,Less than 25,Other,0,0,0,1.0,-18.0,F,Pos Cannabis W/Intent Sel/Del,0,0,,1,Low,1
Female,Less than 25,Other,0,0,0,0.0,-1.0,M,Driving Under The Influence,0,0,,0,Low,0
Male,25 - 45,Hispanic,0,0,0,2.0,0.0,F,arrest case no charge,0,0,,2,Low,0
Male,Greater than 45,Asian,0,0,0,4.0,-1.0,F,arrest case no charge,0,0,,4,Low,0
Female,Less than 25,African-American,0,0,0,0.0,-1.0,F,Grand Theft in the 3rd Degree,1,0,Fail Register Vehicle,0,High,1
Female,Less than 25,Other,0,0,0,0.0,-1.0,M,Battery,1,0,Susp Drivers Lic 1st Offense,0,High,1
Female,Greater than 45,Native American,1,0,0,11.0,-1.0,F,arrest case no charge,1,0,,11,High,1
Male,Less than 25,Asian,0,0,0,0.0,-1.0,M,Battery,1,1,Battery,0,Low,1
Female,25 - 45,Caucasian,0,0,0,3.0,0.0,F,Uttering a Forged Instrument,0,0,,3,Medium,0
Male,Less than 25,Caucasian,0,0,0,5.0,-3.0,F,arrest case no charge,0,0,,5,Low,0
Female,Less than 25,African-American,0,0,0,1.0,-1.0,F,Possession of Cannabis,0,0,,1,Low,0
Male,Greater than 45,Other,0,0,0,0.0,-3.0,M,Driving Under The Influence,0,0,,0,Low,0
Female,Greater than 45,Hispanic,0,0,0,2.0,-2.0,M,Driving Under The Influence,1,0,Possession of Cocaine,2,Low,1
Male,Less than 25,Native American,0,0,0,0.0,-2.0,M,Driving Under The Influence,0,0,,0,Low,0
Male,25 - 45,Native American,0,0,0,0.0,-1.0,F,Uttering a Forged Instrument,0,0,,0,Low,0
Male,Greater than 45,Caucasian,0,0,0,0.0,-3.0,F,Uttering a Forged Instrument,1,0,Unlaw Use False Name/Identity,0,Medium,1
Male,Greater than 45,Caucasian,0,0,0,8.0,0.0,F,arrest case no charge,1,0,Possession of Cocaine,8,High,1
Female,Less than 25,Hispanic,0,0,0,0.0,-1.0,M,Driving Under The Influence,0,0,,0,Low,0
Male,Greater than 45,Asian,0,0,0,0.0,-1.0,F,Uttering a Forged Instrument,1,0,Felony Petit Theft,0,Low,0
Female,25 - 45,Asian,0,0,0,4.0,-1.0,M,Battery,0,1,Battery,4,High,1
Male,Greater than 45,Asian,0,0,0,1.0,-1.0,M,Battery,1,1,Retaliate Wit/Vict No Injury,1,Low,1
Female,25 - 45,Asian,0,0,0,0.0,-1.0,M,Battery,0,0,,0,Medium,0
Male,Less than 25,African-American,0,0,0,0.0,-1.0,M,Uttering a Forged Instrument,1,0,Aggravated Battery / Pregnant,0,Medium,1
Female,Greater than 45,Asian,0,0,0,9.0,-1.0,F,arrest case no charge,1,0,Possess Cannabis/20 Grams Or Less,9,Low,1
Male,Less than 25,Asian,0,0,0,0.0,-1.0,M,Possess Cannabis/20 Grams Or Less,0,0,,0,Medium,0
Male,Greater than 45,African-American,0,0,0,2.0,-1.0,M,Battery,1,1,Battery,2,High,1
Female,25 - 45,Asian,0,0,0,0.0,0.0,M,Battery,0,0,,0,Low,0
Female,25 - 45,Native American,0,0,0,8.0,0.0,F,arrest case no charge,1,0,Disorderly Intoxication,8,High,1
Male,25 - 45,Other,0,0,0,0.0,0.0,M,Battery,0,0,,0,Low,0
Male,Less than 25,African-American,0,0,0,8.0,-1.0,F,Possession of Cannabis,1,0,Petit Theft,8,Medium,1
Male,Less than 25,Native American,0,0,0,8.0,-1.0,M,Battery,1,1,Battery,8,High,1
Female,Less than 25,Caucasian,0,0,0,0.0,0.0,M,Uttering a Forged Instrument,0,0,,0,Low,0
Male,25 - 45,African-American,0,0,0,4.0,-1.0,F,Pos Cannabis W/Intent Sel/Del,0,0,Trespass,4,Low,0
Female,25 - 45,Asian,0,0,0,0.0,-1.0,M,Battery,0,0,,0,Low,0
Male,25 - 45,Caucasian,0,0,0,0.0,0.0,F,Uttering a Forged Instrument,1,1,Viol Injunct Domestic Violence,0,Medium,1
Male,Greater than 45,Other,0,0,0,2.0,-1.0,M,Driving Under The Influence,1,0,Petit Theft,2,Low,1
Female,Greater than 45,Other,0,0,0,18.0,-1.0,F,arrest case no charge,1,0,Possess Cannabis/20 Grams Or Less,18,Low,1
Male,25 - 45,Hispanic,0,1,0,6.0,-1.0,F,Grand Theft in the 3rd Degree,1,1,Aggravated Battery / Pregnant,6,High,1
Male,Greater than 45,African-American,0,0,0,1.0,-4.0,F,Grand Theft in the 3rd Degree,0,0,,1,Low,0
Female,25 - 45,Caucasian,1,0,0,10.0,0.0,F,Felony Battery w/Prior Convict,1,1,Aggravated Battery / Pregnant,10,Low,1
Male,Less than 25,Asian,0,0,0,5.0,-1.0,M,Driving Under The Influence,0,0,,5,Low,0
Male,Greater than 45,Native American,0,0,0,0.0,-1.0,M,Battery,1,0,Petit Theft,0,High,1
Male,25 - 45,Native American,0,0,0,9.0,0.0,F,arrest case no charge,1,0,Robbery W/Firearm,9,High,1
Female,Greater than 45,Asian,0,0,1,6.0,0.0,M,arrest case no charge,1,0,Possess Cannabis/20 Grams Or Less,6,Medium,1
Male,Greater than 45,Asian,0,0,0,1.0,-1.0,M,Battery,1,0,Unlaw LicTag/Sticker Attach,1,Low,0
Male,Less than 25,Hispanic,0,0,0,0.0,-1.0,M,Uttering a Forged Instrument,0,0,,0,Low,0
Female,Less than 25,Asian,0,0,0,8.0,-1.0,F,arrest case no charge,1,0,Burglary Structure Unoccup,8,High,1
Female,Less than 25,Hispanic,0,0,0,5.0,-1.0,F,arrest case no charge,0,0,,5,Medium,0
Male,Less than 25,Native American,0,0,0,2.0,-5.789091386815997,F,arrest case no charge,0,0,,2,Low,0
Female,25 - 45,Hispanic,0,0,0,0.0,-1.0,M,Uttering a Forged Instrument,0,0,,0,Low,0
Female,Less than 25,Hispanic,0,0,0,4.0,-1.0,M,Battery,1,1,Battery,4,Medium,1
Female,Greater than 45,African-American,0,0,0,0.0,-1.0,F,Uttering a Forged Instrument,0,0,Robbery W/Firearm,0,Low,1
Male,Greater than 45,Hispanic,0,0,0,0.0,-1.0,F,Grand Theft in the 3rd Degree,0,0,,0,Medium,0
Female,Less than 25,Other,0,0,0,1.0,0.0,M,Possess Cannabis/20 Grams Or Less,1,1,Felony Battery w/Prior Convict,1,Medium,1
Female,25 - 45,Asian,0,0,0,4.0,-1.0,F,Possession Of Alprazolam,1,0,Expired DL More Than 6 Months,4,Low,1
Male,25 - 45,Asian,0,0,0,3.0,0.0,F,Uttering a Forged Instrument,1,0,Possession of Cocaine,3,Medium,1
Female,Greater than 45,Asian,0,0,1,1.0,-1.0,F,arrest case no charge,1,0,,1,High,1
Female,Less than 25,Hispanic,0,0,1,0.0,-1.0,F,Uttering a Forged Instrument,1,0,Fail Register Vehicle,0,Medium,1
Male,25 - 45,Native American,0,0,0,11.0,0.0,F,arrest case no charge,0,0,,11,Low,0
Male,Greater than 45,Native American,0,0,0,6.0,-2.0,F,Possession of Cannabis,1,0,Felony Petit Theft,6,Medium,1
Male,Less than 25,African-American,0,0,0,9.0,0.0,F,arrest case no charge,0,0,Felony Battery (Dom Strang),9,High,1
Female,25 - 45,Asian,0,0,0,3.0,-1.0,M,Battery,0,0,,3,Low,0
Female,Greater than 45,Other,0,0,0,0.0,0.0,F,Uttering a Forged Instrument,0,0,,0,Low,0
Male,Less than 25,Caucasian,0,0,0,0.0,-1.0,F,Uttering a Forged Instrument,0,0,,0,Low,0
Male,25 - 45,Caucasian,0,0,0,0.0,-1.0,F,Possess Cannabis/20 Grams Or Less,1,1,Battery,0,High,1
Female,Less than 25,Native American,0,0,0,2.0,-1.0,F,arrest case no charge,1,0,Aggravated Battery / Pregnant,2,High,1
Male,Less than 25,Native American,0,0,0,8.0,0.0,F,arrest case no charge,0,0,,8,Medium,0
Female,Less than 25,Hispanic,0,0,0,2.0,-1.0,F,Grand Theft in the 3rd Degree,0,0,,2,Low,0
Male,Greater than 45,African-American,0,0,0,1.0,0.0,F,Pos Cannabis W/Intent Sel/Del,0,0,,1,Low,0
Female,25 - 45,Native American,0,0,0,2.0,-1.0,M,Battery,1,0,Possess Cannabis/20 Grams Or Less,2,Low,0
Male,Greater than 45,Asian,0,0,0,1.0,-1.0,M,Battery,0,0,,1,Medium,0
Male,25 - 45,Native American,0,0,0,2.0,-1.0,F,Uttering a Forged Instrument,0,0,,2,Low,0
Male,Less than 25,Other,0,0,0,6.0,-1.0,F,arrest case no charge,0,0,,6,Medium,0
Female,Greater than 45,African-American,0,0,0,27.073515738041742,-1.0,M,arrest case no charge,0,0,,26,Medium,0
Male,Greater than 45,African-American,0,0,3,2.0,-1.0,M,Refuse Submit Blood/Breath Test,1,1,Battery,2,High,1
Female,Less than 25,African-American,1,0,0,1.0,-1.0,F,arrest case no charge,1,0,Possession of Cocaine,1,Low,1
Female,Greater than 45,Hispanic,0,0,0,1.0,0.0,F,Pos Cannabis W/Intent Sel/Del,1,0,Unlaw Use False Name/Identity,1,High,1
Male,Greater than 45,Caucasian,0,0,0,3.0,0.0,F,Pos Cannabis W/Intent Sel/Del,1,0,Burglary Structure Unoccup,3,High,1
Male,Greater than 45,Other,0,0,0,8.0,0.0,M,arrest case no charge,1,0,,8,Medium,1
Female,Less than 25,Asian,0,0,0,0.0,-1.0,M,Uttering a Forged Instrument,1,0,Trespass Struct/Conveyance,0,Low,1
Female,Less than 25,Other,0,0,1,3.0,-1.0,F,Robbery / Weapon,1,1,Stalking (Aggravated),3,Low,1
Female,25 - 45,Caucasian,1,0,0,2.0,-1.0,M,arrest case no charge,0,0,,2,Medium,0
Male,Greater than 45,Hispanic,0,0,0,1.0,-1.0,M,Battery,1,0,Robbery W/Firearm,1,Low,1
Female,25 - 45,African-American,0,0,0,2.0,-4.0,M,Driving Under The Influence,0,0,,2,Low,0
Female,Greater than 45,Asian,0,0,0,1.0,-11.0,M,Driving Under The Influence,0,0,,1,Low,0
Male,Greater than 45,Caucasian,0,0,0,11.0,-1.0,M,arrest case no charge,0,0,,11,Medium,0
Female,25 - 45,Native American,0,0,0,13.0,-1.0,F,arrest case no charge,1,0,Poss Cocaine/Intent To Del/Sel,13,Medium,1
Male,Less than 25,Native American,0,0,0,4.0,-1.0,F,Uttering a Forged Instrument,1,0,Aggravated Battery / Pregnant,4,High,1
Female,25 - 45,Asian,0,0,0,0.0,0.0,F,Uttering a Forged Instrument,0,0,,0,Low,0
Male,25 - 45,Other,0,0,0,1.0,-6.0,F,Pos Cannabis W/Intent Sel/Del,0,0,,1,High,0
Male,Less than 25,Caucasian,0,0,0,0.0,-1.0,F,Grand Theft in the 3rd Degree,1,0,Expired DL More Than 6 Months,0,Low,1
Male,Greater than 45,Caucasian,0,0,0,7.0,-1.0,F,arrest case no charge,1,0,Felony Battery (Dom Strang),7,High,1
Female,Less than 25,Other,0,0,0,5.0,-1.0,F,arrest case no charge,1,1,Felony Battery (Dom Strang),5,Medium,1
Male,25 - 45,Hispanic,0,0,0,0.0,-3.0,M,Uttering a Forged Instrument,0,0,,0,Low,0
Female,25 - 45,African-American,0,0,0,10.0,-1.0,F,arrest case no charge,0,0,,10,Medium,0
Female,Greater than 45,Native American,0,0,0,1.0,-21.0,F,Pos Cannabis W/Intent Sel/Del,0,0,,1,Low,0
Male,Greater than 45,Caucasian,0,0,0,17.0,0.0,F,arrest case no charge,0,0,Disorderly Intoxication,17,High,1
Female,Greater than 45,Caucasian,0,0,0,0.0,-1.0,M,Uttering a Forged Instrument,0,0,,0,Medium,0
Female,25 - 45,Other,0,0,0,0.0,-1.0,F,Uttering a Forged Instrument,1,1,Robbery W/Firearm,0,High,1
Female,Greater than 45,Native American,0,0,0,1.0,-1.0,F,arrest case no charge,0,0,,1,Low,0
Male,25 - 45,African-American,0,0,0,0.0,-1.0,M,Battery,0,0,,0,Low,0
Male,Less than 25,Caucasian,0,0,0,0.0,-2.0,M,Uttering a Forged Instrument,0,0,,0,Low,0
Male,Less than 25,Other,0,0,0,0.0,0.0,M,Battery,0,0,,0,Low,0
Female,25 - 45,Caucasian,0,0,0,3.0,-1.0,F,Grand Theft in the 3rd Degree,1,1,Battery on a Person Over 65,3,Low,1
Female,25 - 45,Hispanic,0,0,0,4.0,-1.0,F,arrest case no charge,0,0,,4,Low,0
Male,Less than 25,Hispanic,0,0,0,3.0,0.0,F,Uttering a Forged Instrument,1,0,Trespass,3,Medium,1
Female,Greater than 45,Hispanic,0,0,0,2.0,-29.0,M,Battery,0,0,,2,Low,0
Female,25 - 45,Native American,0,0,0,0.0,-1.0,F,Uttering a Forged Instrument,0,0,,0,Low,0
Female,Greater than 45,Caucasian,0,1,0,1.0,0.0,M,Leave Acc/Attend Veh/More $50,0,0,,1,Low,0
Male,25 - 45,Other,0,0,0,3.0,0.0,M,Battery,1,0,Possession of Cocaine,3,Medium,1
Female,25 - 45,Asian,0,0,0,0.0,0.0,M,Driving Under The Influence,0,0,,0,Low,0
Female,Less than 25,African-American,0,1,0,8.0,-1.0,F,Possession of Cannabis,1,0,Trespass,8,Medium,0
Female,25 - 45,African-American,0,2,2,27.40574369050521,-1.0,M,Robbery / Weapon,1,0,Grand Theft in the 3rd Degree,27,High,1
Female,25 - 45,Asian,0,0,0,4.0,-1.0,F,Uttering a Forged Instrument,1,0,Resist/Obstruct W/O Violence,4,High,1
Female,Less than 25,Native American,0,0,0,3.0,-1.0,F,Uttering a Forged Instrument,1,0,Tresspass in Struct/Convey Occupy,3,High,1
Female,25 - 45,Native American,0,0,0,1.0,-1.0,F,Grand Theft in the 3rd Degree,1,0,Possess Cannabis/20 Grams Or Less,1,Low,1
Male,Less than 25,Native American,0,0,0,0.0,-1.0,M,Possess Cannabis/20 Grams Or Less,1,1,Stalking (Aggravated),0,Low,0
Male,Less than 25,African-American,0,0,0,9.0,-1.0,F,arrest case no charge,1,0,Felony Petit Theft,9,High,1
Male,Less than 25,African-American,0,0,0,3.0,-1.0,F,arrest case no charge,0,0,,3,Medium,0
Male,Greater than 45,Asian,0,0,0,2.0,0.0,M,Possess Cannabis/20 Grams Or Less,1,0,Possession of Cocaine,2,Medium,1
Male,25 - 45,Hispanic,0,0,0,0.0,-6.0,F,Uttering a Forged Instrument,0,0,,0,Low,0
Female,Greater than 45,Native American,0,0,0,0.0,0.0,F,Uttering a Forged Instrument,0,0,,0,Low,0
Female,Greater than 45,Hispanic,0,0,0,2.0,-1.0,F,Uttering a Forged Instrument,1,0,Burglary Structure Unoccup,2,Low,1
Male,Less than 25,Native American,0,0,0,21.000000000000004,0.0,F,arrest case no charge,1,0,Neglect Child / No Bodily Harm,21,Medium,1
Male,25 - 45,Caucasian,0,0,0,2.0,0.0,F,Uttering a Forged Instrument,1,0,Battery,2,Medium,1
Female,25 - 45,Native American,0,0,0,0.0,-2.0,M,Uttering a Forged Instrument,0,0,,0,Medium,0
Male,Greater than 45,African-American,0,0,0,2.0,-29.0,F,arrest case no charge,0,0,,2,Medium,0
Female,Less than 25,Caucasian,0,0,0,0.0,-2.0,F,Uttering a Forged Instrument,0,0,,0,Low,0
Male,Less than 25,Other,0,0,0,0.0,-1.0,F,Uttering a Forged Instrument,0,0,,0,High,0
Female,Greater than 45,Asian,0,0,0,4.0,-26.0,M,Battery,0,0,,4,Low,0
Female,Greater than 45,Caucasian,0,0,0,7.0,-1.0,F,arrest case no charge,0,0,,7,High,0
Female,25 - 45,Caucasian,0,0,0,1.0,0.0,F,Pos Cannabis W/Intent Sel/Del,1,0,Felony Battery (Dom Strang),1,High,1
Male,Greater than 45,Asian,1,1,1,4.0,15.907115578460832,F,Conspiracy Dealing Stolen Prop,1,1,Armed Carjacking,4,High,1
Male,25 - 45,Caucasian,0,0,0,0.0,-1.0,M,Battery,0,0,,0,Low,1
Male,Less than 25,Caucasian,0,0,0,5.0,-1.0,F,arrest case no charge,1,1,Battery,5,Medium,1
Female,25 - 45,Caucasian,1,0,0,2.0,-1.0,F,Possession of Cannabis,1,0,Opert With Susp DL 2nd Offens,2,Medium,0
Male,25 - 45,Caucasian,0,0,0,10.0,-3.0,F,arrest case no charge,1,0,Possession of Cocaine,10,Low,1
Female,25 - 45,Native American,0,0,0,0.0,-1.0,M,Uttering a Forged Instrument,0,0,,0,Low,0
Female,Less than 25,African-American,0,2,1,26.5890333716879,0.0,M,Oper Motorcycle W/O Valid DL,1,0,Grand Theft in the 3rd Degree,25,High,1
Female,Less than 25,Hispanic,0,0,0,0.0,-3.0,F,Uttering a Forged Instrument,1,0,Disorderly Intoxication,0,Medium,1
Male,Greater than 45,African-American,2,0,0,2.0,-20.78084788530156,F,arrest case no charge,1,0,Petit Theft,2,High,1
Male,Less than 25,African-American,0,0,0,4.0,0.0,M,Leave Acc/Attend Veh/More $50,1,0,Burglary Conveyance Unoccup,4,Medium,1
Female,Less than 25,Caucasian,0,0,0,0.0,-3.0,M,Battery,0,0,,0,Low,0
Female,Less than 25,Caucasian,0,0,0,1.0,0.0,M,Battery,0,0,,1,Low,0
Female,Less than 25,Asian,0,0,0,0.0,-1.0,F,Uttering a Forged Instrument,1,1,Felony Battery w/Prior Convict,0,Low,1
Female,25 - 45,Asian,1,1,0,2.0,-1.0,F,Leave Acc/Attend Veh/More $50,1,0,Possession of Cocaine,2,Medium,1
Female,25 - 45,Asian,0,0,0,0.0,-1.0,M,Battery,0,0,,0,Low,0
Female,25 - 45,Caucasian,0,0,0,1.0,0.0,M,Driving Under The Influence,0,0,,1,Low,0
Male,25 - 45,Hispanic,0,0,0,7.0,-1.0,F,Possession of Cannabis,0,0,,7,Medium,0
Male,25 - 45,African-American,0,0,0,0.0,0.0,F,Uttering a Forged Instrument,0,0,,0,High,0
Female,25 - 45,Asian,0,0,0,0.0,-6.0,M,Battery,0,0,,0,Medium,0
Male,25 - 45,Asian,0,0,0,5.0,-29.0,F,arrest case no charge,1,0,Unlaw LicTag/Sticker Attach,5,Low,0
Male,Greater than 45,Caucasian,0,0,0,1.0,-1.0,F,Uttering a Forged Instrument,0,0,,1,Medium,0
Male,25 - 45,Other,0,0,0,0.0,0.0,M,Battery,0,0,,0,Medium,0
Female,Greater than 45,Caucasian,0,0,0,2.0,-2.0,F,Uttering a Forged Instrument,1,0,Possession of Cocaine,2,High,1
Female,25 - 45,Caucasian,0,0,0,0.0,-1.0,F,Uttering a Forged Instrument,0,0,,0,Low,0
Female,25 - 45,Other,0,1,0,2.0,-1.0,F,Grand Theft in the 3rd Degree,0,0,,2,High,0
Male,Less than 25,African-American,0,0,0,0.0,-1.0,M,Uttering a Forged Instrument,0,0,,0,Low,0
Female,Greater than 45,Hispanic,0,0,0,5.0,-1.0,F,arrest case no charge,1,0,Poss Cocaine/Intent To Del/Sel,5,Medium,1
Female,Greater than 45,Other,0,0,0,2.0,-17.90580063377201,M,Uttering a Forged Instrument,1,0,Battery,2,Low,1
Female,Less than 25,Native American,0,0,0,6.0,-1.0,F,arrest case no charge,0,0,,6,High,0
Male,25 - 45,Native American,0,1,0,2.0,-1.0,F,Uttering a Forged Instrument,1,0,Opert With Susp DL 2nd Offens,2,Medium,0
Female,Greater than 45,Hispanic,0,0,0,5.0,0.0,F,arrest case no charge,1,0,Unlaw Use False Name/Identity,5,High,1
Male,25 - 45,Caucasian,0,0,0,8.0,-1.0,F,arrest case no charge,1,0,,8,Medium,1
Female,Greater than 45,Asian,0,0,0,1.0,-1.0,F,Uttering a Forged Instrument,0,0,,1,Low,0
Male,Greater than 45,Hispanic,0,0,0,1.0,-1.0,M,Battery,1,1,Aggravated Battery / Pregnant,1,Low,1
Male,Less than 25,Asian,0,1,0,2.0,-1.0,F,arrest case no charge,1,0,Possess Cannabis/20 Grams Or Less,2,Medium,1
Female,Greater than 45,Native American,0,0,0,2.0,-1.0,F,Grand Theft in the 3rd Degree,0,0,,2,Medium,0
Female,Less than 25,African-American,0,0,0,3.0,-1.0,F,Pos Cannabis W/Intent Sel/Del,1,0,Battery,3,Medium,1
Female,Less than 25,Caucasian,0,2,0,3.0,0.0,F,arrest case no charge,1,1,Aggravated Battery / Pregnant,3,Medium,1
Female,Less than 25,African-American,0,0,0,2.0,-1.0,F,arrest case no charge,0,0,,2,Low,0
Female,Greater than 45,Asian,0,0,0,4.0,-1.0,M,Battery,0,0,,4,Low,0
Male,25 - 45,Hispanic,0,0,0,0.0,-1.0,M,Battery,0,0,,0,Medium,0
Male,Less than 25,Caucasian,0,0,0,3.0,0.0,F,Uttering a Forged Instrument,0,0,,3,Low,0
Male,Less than 25,African-American,0,2,0,22.0,-1.0,F,Felony Batt(Great Bodily Harm),1,1,Robbery W/Firearm,22,High,1
Male,Less than 25,Native American,0,0,0,10.0,0.0,F,arrest case no charge,1,0,Aggravated Battery / Pregnant,10,High,1
Male,Greater than 45,Caucasian,0,0,1,12.0,0.0,M,arrest case no charge,1,0,Grand Theft in the 3rd Degree,12,Medium,1
Female,25 - 45,Asian,0,0,0,0.0,-1.0,M,Battery,0,0,Burglary Structure Unoccup,0,Low,0
Male,Less than 25,Other,0,0,0,0.0,-1.0,M,Uttering a Forged Instrument,0,0,,0,Medium,0
Male,Less than 25,African-American,0,0,0,0.0,-1.0,F,Uttering a Forged Instrument,0,0,,0,Low,0
Male,25 - 45,Caucasian,0,0,0,3.0,-1.0,F,arrest case no charge,1,0,Opert With Susp DL 2nd Offens,3,High,1
Female,Greater than 45,Other,0,0,0,2.0,-1.0,F,Driving Under The Influence,0,0,,2,Low,0
Male,Less than 25,Hispanic,0,0,1,1.0,0.0,F,Pos Cannabis W/Intent Sel/Del,1,0,Resist/Obstruct W/O Violence,1,High,1
Female,25 - 45,Other,0,0,0,1.0,-1.0,F,arrest case no charge,0,0,,1,Low,0
Male,Greater than 45,Other,0,0,0,15.0,0.0,F,arrest case no charge,1,0,,15,High,0
Male,Greater than 45,Caucasian,0,0,0,1.0,-9.0,F,Uttering a Forged Instrument,1,0,Tresspass in Struct/Convey Occupy,1,Medium,1
Male,Greater than 45,Hispanic,0,0,0,0.0,-1.0,M,Uttering a Forged Instrument,0,0,,0,Low,0
Male,Greater than 45,Asian,0,0,0,0.0,-1.0,F,Uttering a Forged Instrument,1,0,Possess Cannabis/20 Grams Or Less,0,Low,1
Female,Less than 25,Caucasian,0,0,0,0.0,-1.0,F,Grand Theft in the 3rd Degree,0,0,,0,Low,0
Female,Less than 25,African-American,0,0,0,0.0,0.0,M,Battery,0,0,,0,Medium,0
Male,Greater than 45,Hispanic,0,0,0,1.0,0.0,M,Battery,0,0,,1,Low,0
Male,Greater than 45,Caucasian,0,0,0,3.0,-1.0,F,arrest case no charge,0,0,,3,High,0
Female,Greater than 45,African-American,0,0,0,1.0,-1.0,F,Uttering a Forged Instrument,0,0,,1,Medium,0
Male,Greater than 45,Asian,0,0,0,0.0,-1.0,M,Uttering a Forged Instrument,1,0,Fail Register Vehicle,0,Medium,1
Male,Less than 25,Asian,0,0,0,7.0,-4.0,F,arrest case no charge,1,0,Felony Petit Theft,7,Medium,1
Female,Less than 25,Other,0,0,0,3.0,-1.0,M,Battery,1,0,Resist/Obstruct W/O Violence,3,Low,1
Male,Greater than 45,Caucasian,0,0,0,0.0,-1.0,M,Driving Under The Influence,0,0,,0,Low,0
Female,25 - 45,African-American,0,0,0,0.0,-1.0,M,Battery,1,0,Viol Pretrial Release Dom Viol,0,Low,1
Male,Less than 25,Caucasian,0,0,0,15.0,-6.0,F,arrest case no charge,0,0,,15,Medium,0
Male,Greater than 45,Hispanic,0,0,0,1.0,-1.0,M,Driving Under The Influence,0,0,,1,Low,0
Male,25 - 45,Hispanic,0,0,0,1.0,-1.0,F,Possess Cannabis/20 Grams Or Less,1,1,Viol Injunct Domestic Violence,1,Low,1
Female,25 - 45,Asian,0,0,0,5.0,-1.0,F,arrest case no charge,1,0,Possession of Cocaine,5,Low,1
Male,25 - 45,Caucasian,0,0,0,0.0,-1.0,F,Uttering a Forged Instrument,0,0,,0,Low,0
Male,Less than 25,Caucasian,0,0,0,0.0,-1.0,F,Uttering a Forged Instrument,0,0,,0,High,0
Female,Greater than 45,Other,0,0,0,5.0,-1.0,M,arrest case no charge,1,0,Tresspass in Struct/Convey Occupy,5,High,1
Male,Greater than 45,Other,0,0,0,1.0,-1.0,M,Battery,1,0,Resist/Obstruct W/O Violence,1,Medium,1
Female,25 - 45,Hispanic,0,0,0,7.0,-1.0,M,Leave Acc/Attend Veh/More $50,0,0,,7,Medium,0
Male,Less than 25,Asian,0,0,0,9.0,-1.0,F,arrest case no charge,0,0,,9,Medium,0
Male,Greater than 45,Native American,0,0,0,14.0,-1.0,F,arrest case no charge,0,0,,14,High,0
Female,25 - 45,Native American,0,0,0,0.0,-1.0,F,Uttering a Forged Instrument,1,0,,0,Low,1
Female,Greater than 45,Other,0,0,0,3.0,6.74292638132367,M,Battery,1,0,Expired DL More Than 6 Months,3,High,1
Female,Less than 25,Asian,0,0,0,1.0,-6.0,F,Uttering a Forged Instrument,0,0,,1,Low,0
Female,25 - 45,African-American,0,0,0,1.0,-30.0,M,Battery,0,0,,1,Low,0
Female,25 - 45,African-American,0,0,0,1.0,-22.0,M,Driving Under The Influence,0,0,,1,Low,0
Male,25 - 45,Other,0,0,0,0.0,-1.0,F,Uttering a Forged Instrument,1,1,Retaliate Wit/Vict No Injury,0,Low,1
Female,Less than 25,Caucasian,0,0,0,0.0,-1.0,F,Uttering a Forged Instrument,1,0,Unlaw LicTag/Sticker Attach,0,Medium,1
Male,25 - 45,Hispanic,0,0,0,5.0,7.82958838391081,F,Leave Acc/Attend Veh/More $50,1,0,Unlaw LicTag/Sticker Attach,5,Low,1
Male,Greater than 45,Caucasian,0,0,0,0.0,-1.0,M,Pos Cannabis W/Intent Sel/Del,0,0,,0,High,0
Male,25 - 45,Hispanic,0,0,0,0.0,-1.0,M,Uttering a Forged Instrument,0,0,,0,Low,0
Male,Less than 25,Other,0,0,0,12.0,-1.0,F,arrest case no charge,0,0,,12,Medium,0
Female,Less than 25,Caucasian,0,0,0,2.0,-1.0,F,Uttering a Forged Instrument,1,0,Opert With Susp DL 2nd Offens,2,Low,1
Male,Greater than 45,Hispanic,0,0,0,5.0,-1.0,M,arrest case no charge,1,0,Trespass Struct/Conveyance,5,Low,1
Male,25 - 45,Other,0,0,0,0.0,0.0,M,Battery,0,0,,0,Low,0
Female,Greater than 45,African-American,0,0,0,1.0,-22.0,M,Battery,1,0,Disorderly Intoxication,1,Low,0
Female,Greater than 45,Asian,0,0,0,1.0,-23.0,M,Driving Under The Influence,0,0,,1,Low,0
Male,25 - 45,Native American,0,0,0,0.0,-1.0,F,Uttering a Forged Instrument,0,0,,0,Low,0
Male,25 - 45,African-American,0,0,0,0.0,-3.0,F,Uttering a Forged Instrument,0,0,,0,Low,0
Male,Less than 25,Hispanic,0,0,0,2.0,-1.0,M,Battery,1,1,Battery,2,Medium,1
Male,Greater than 45,Hispanic,0,0,0,23.0,-1.0,F,arrest case no charge,1,0,Burglary Structure Unoccup,22,Medium,1
Female,Less than 25,Hispanic,0,0,0,2.0,-1.0,F,Uttering a Forged Instrument,1,0,Possession of Cocaine,2,Low,1
Female,Less than 25,Other,0,1,1,8.0,-1.0,F,arrest case no charge,1,0,Possess Cannabis/20 Grams Or Less,8,High,1
Female,25 - 45,African-American,0,0,0,11.0,-1.0,F,arrest case no charge,1,0,Viol Injunct Domestic Violence,11,High,1
Male,25 - 45,Native American,1,0,0,5.0,-1.0,M,arrest case no charge,0,0,,5,High,0
Male,Greater than 45,Caucasian,0,0,0,0.0,0.0,F,Grand Theft in the 3rd Degree,0,0,,0,Medium,0
Male,Greater than 45,Hispanic,0,1,0,10.0,0.0,F,arrest case no charge,1,0,Trespass,10,Medium,1
Male,Greater than 45,Asian,1,0,2,8.0,-1.0,F,Refuse Submit Blood/Breath Test,1,0,Trespass Struct/Convey Occupy,8,Medium,1
Female,Less than 25,Asian,0,0,0,6.0,-1.0,F,arrest case no charge,1,1,Battery on a Person Over 65,6,High,1
Female,25 - 45,African-American,0,0,0,1.0,0.0,F,arrest case no charge,1,0,Trespass,1,High,1
Male,25 - 45,Native American,0,0,0,0.0,0.0,M,Uttering a Forged Instrument,0,0,,0,Low,0
Female,Greater than 45,Native American,0,0,0,0.0,-1.0,F,Uttering a Forged Instrument,1,0,Petit Theft,0,Low,1
Female,Greater than 45,Other,0,0,0,0.0,-1.0,F,Uttering a Forged Instrument,1,0,,0,Low,0
Female,25 - 45,African-American,0,0,0,0.0,-1.0,F,Grand Theft in the 3rd Degree,0,0,,0,Low,0
Female,25 - 45,Native American,0,0,0,5.0,-1.0,F,Uttering a Forged Instrument,1,0,Resist/Obstruct W/O Violence,5,Low,1
Male,Greater than 45,Hispanic,0,0,0,7.0,-1.0,F,arrest case no charge,0,0,,7,Low,0
Female,Greater than 45,Native American,0,0,0,1.0,-1.0,F,Uttering a Forged Instrument,0,0,,1,Low,0
Female,25 - 45,Native American,0,0,0,0.0,0.0,M,Uttering a Forged Instrument,0,0,,0,Low,0
Male,25 - 45,Native American,0,0,0,7.0,-1.0,M,Driving Under The Influence,1,0,Viol Injunct Domestic Violence,7,Medium,1
Female,Less than 25,Other,0,0,0,7.0,-1.0,F,arrest case no charge,1,0,Possess Cannabis/20 Grams Or Less,7,High,1
Female,Less than 25,Caucasian,0,0,0,4.0,-6.0,F,arrest case no charge,1,0,,4,Low,1
Female,Less than 25,Other,0,0,0,4.0,-28.0,F,Possession of Cannabis,0,0,,4,High,0
Female,25 - 45,African-American,0,0,0,20.0,0.0,F,arrest case no charge,1,0,Aggravated Battery / Pregnant,20,High,1
Female,25 - 45,Asian,0,0,0,33.216004019888004,0.0,F,arrest case no charge,1,0,Possess Cannabis/20 Grams Or Less,33,Medium,1
Female,Greater than 45,Asian,0,0,0,0.0,0.0,F,Uttering a Forged Instrument,0,0,,0,Low,0
Female,Less than 25,African-American,0,1,0,3.0,-22.0,F,Grand Theft in the 3rd Degree,1,0,Possess Cannabis/20 Grams Or Less,3,Medium,0
Male,25 - 45,African-American,0,0,0,1.0,0.0,F,arrest case no charge,0,0,,1,Low,0
Male,25 - 45,Other,1,1,0,6.0,-1.0,F,Burglary Structure Unoccup,1,1,Battery,6,Medium,1
Female,25 - 45,Hispanic,0,0,0,5.0,0.0,F,Uttering a Forged Instrument,1,0,Petit Theft,5,Medium,1
Male,Greater than 45,Hispanic,0,0,0,0.0,-2.0,M,Uttering a Forged Instrument,0,0,,0,Medium,0
Male,25 - 45,African-American,0,0,0,0.0,-1.0,F,Uttering a Forged Instrument,1,0,Neglect Child / No Bodily Harm,0,Medium,1
Male,Less than 25,Caucasian,0,0,0,8.0,-26.0,M,arrest case no charge,1,0,Resist/Obstruct W/O Violence,8,Low,1
Male,Less than 25,Native American,0,0,1,0.0,0.0,F,Grand Theft in the 3rd Degree,1,0,Possession of Cocaine,0,High,1
Female,Greater than 45,Hispanic,0,0,0,8.0,-1.0,F,arrest case no charge,1,0,Fail Register Vehicle,8,Medium,1
Male,25 - 45,African-American,0,0,0,1.0,-1.0,F,Uttering a Forged Instrument,1,0,Expired DL More Than 6 Months,1,Low,1
Female,Greater than 45,Other,0,0,0,1.0,-1.0,F,Grand Theft in the 3rd Degree,1,0,Possession of Cocaine,1,Low,1
Female,Greater than 45,Hispanic,0,0,0,0.0,-1.0,M,Battery,0,0,,0,Low,0
Male,Greater than 45,African-American,0,0,0,3.0,-1.0,M,Battery,0,0,,3,Low,0
Female,25 - 45,Native American,0,0,0,0.0,-1.0,M,Uttering a Forged Instrument,0,0,,0,Low,0
Female,Greater than 45,Native American,0,0,0,5.0,0.0,M,Driving Under The Influence,1,0,Stalking (Aggravated),5,Medium,1
Female,Less than 25,African-American,0,0,0,0.0,-1.0,M,Uttering a Forged Instrument,1,0,Felony Petit Theft,0,Low,1
Male,Less than 25,Hispanic,0,0,0,0.0,-2.0,F,Pos Cannabis W/Intent Sel/Del,0,0,,0,Low,0
Male,Greater than 45,Hispanic,0,0,0,5.0,-1.0,M,Driving Under The Influence,0,0,,5,Low,0
Female,Greater than 45,Hispanic,0,0,0,2.0,-1.0,F,Grand Theft in the 3rd Degree,1,1,Battery,2,Medium,1
Female,Greater than 45,Caucasian,0,1,0,1.0,0.0,F,Grand Theft (Motor Vehicle),1,1,Felony Battery w/Prior Convict,1,High,1
Female,25 - 45,Native American,0,0,3,9.0,-1.0,F,Refuse Submit Blood/Breath Test,1,0,Fraudulent Use Credit Card,8,High,1
Female,Less than 25,Asian,0,1,0,24.0,0.0,F,Felony Battery w/Prior Convict,1,1,Felony Battery (Dom Strang),24,High,1
Female,Greater than 45,Native American,0,0,0,2.0,-1.0,M,Battery,1,1,Battery,2,Low,1
Female,Less than 25,Native American,0,0,0,3.0,-1.0,M,arrest case no charge,1,0,Possession of Cocaine,3,Medium,1
Female,25 - 45,Native American,0,0,0,8.0,-1.0,F,arrest case no charge,1,0,Felony Petit Theft,8,Medium,0
Female,Less than 25,African-American,0,0,0,1.0,0.0,F,Driving Under The Influence,1,0,Unlaw Use False Name/Identity,1,Low,0
Female,Less than 25,African-American,0,0,0,6.0,0.0,F,Grand Theft (Motor Vehicle),1,1,Felony Battery (Dom Strang),6,High,1
Female,Greater than 45,Asian,0,0,0,4.0,0.0,F,arrest case no charge,1,0,Felony Battery (Dom Strang),4,Medium,1
Male,25 - 45,African-American,0,0,0,1.0,-1.0,F,Uttering a Forged Instrument,0,0,,1,Low,0
Female,25 - 45,Other,0,0,0,2.0,-25.0,F,Pos Cannabis W/Intent Sel/Del,0,0,,2,Low,0
Male,25 - 45,Native American,0,0,0,3.0,-1.0,M,Driving Under The Influence,0,0,,3,Medium,0
Female,25 - 45,Asian,0,0,0,1.0,-1.0,M,Battery,0,0,,1,Low,0
Male,Less than 25,Native American,0,0,3,1.0,-1.0,F,Possession Of Alprazolam,1,0,Possess Cannabis/20 Grams Or Less,1,Medium,1
Male,Greater than 45,Native American,0,0,0,2.0,0.0,F,arrest case no charge,1,0,Unlaw LicTag/Sticker Attach,2,Medium,1
Female,Greater than 45,Caucasian,0,0,0,0.0,0.0,M,Uttering a Forged Instrument,0,0,,0,Medium,0
Male,25 - 45,Caucasian,0,0,0,0.0,-2.0,F,Uttering a Forged Instrument,0,0,,0,Low,0
Female,25 - 45,Caucasian,0,0,0,0.0,-1.0,F,Pos Cannabis W/Intent Sel/Del,0,0,,0,Low,0
Male,25 - 45,Native American,0,0,0,6.0,-1.0,F,Uttering a Forged Instrument,1,0,Stalking (Aggravated),6,High,1
Male,25 - 45,Native American,0,0,0,0.0,-1.0,M,Uttering a Forged Instrument,0,0,,0,Low,0
Female,Greater than 45,Other,0,0,0,11.0,-13.0,F,arrest case no charge,1,0,Aggravated Battery / Pregnant,11,Low,1
Female,25 - 45,Other,0,0,0,0.0,0.0,F,Uttering a Forged Instrument,1,0,Trespass Struct/Conveyance,0,High,1
Male,Greater than 45,Asian,0,0,0,5.0,-1.0,M,Driving Under The Influence,0,0,,5,Medium,0
Female,25 - 45,Asian,0,0,0,2.0,0.0,M,Driving Under The Influence,0,0,,2,Low,0
Female,25 - 45,Other,0,0,0,0.0,-1.0,F,Uttering a Forged Instrument,0,0,,0,Low,0
Male,25 - 45,Hispanic,0,0,0,4.0,-1.0,F,Driving Under The Influence,1,0,Disorderly Intoxication,4,Low,0
Male,Less than 25,Caucasian,0,0,0,0.0,0.0,F,Uttering a Forged Instrument,1,1,Felony Battery (Dom Strang),0,Low,1
Male,Greater than 45,Caucasian,0,0,0,0.0,-1.0,F,Uttering a Forged Instrument,0,0,,0,Low,0
Male,Less than 25,Other,0,0,0,1.0,-1.0,F,Grand Theft in the 3rd Degree,1,1,Aggravated Battery / Pregnant,1,Medium,1
Female,Greater than 45,Hispanic,0,0,0,5.0,-1.0,M,arrest case no charge,0,0,,5,Low,0
Male,Less than 25,Other,0,0,0,1.0,-1.0,F,Grand Theft in the 3rd Degree,0,0,,1,Low,0
Male,Greater than 45,Asian,0,0,0,0.0,-1.0,F,Uttering a Forged Instrument,0,0,,0,Low,0
Female,25 - 45,Asian,0,0,0,7.0,-18.0,M,arrest case no charge,0,0,,7,Medium,0
Female,Less than 25,Hispanic,0,0,0,4.0,-1.0,M,Battery,1,0,Viol Injunct Domestic Violence,4,Low,1
Female,25 - 45,Caucasian,0,0,0,1.0,-1.0,M,Battery,1,0,Possess Cannabis/20 Grams Or Less,1,Low,1
Female,25 - 45,Hispanic,0,0,0,19.0,-1.0,F,arrest case no charge,1,1,Felony Battery w/Prior Convict,19,High,1
Male,Greater than 45,Other,1,0,0,10.0,-1.0,F,arrest case no charge,1,0,Felony Petit Theft,10,High,1
Female,Greater than 45,Caucasian,1,0,0,12.0,0.0,F,arrest case no charge,1,0,Tresspass in Struct/Convey Occupy,12,High,1
Female,Less than 25,Hispanic,0,0,0,1.0,-1.0,F,arrest case no charge,1,0,Unlaw LicTag/Sticker Attach,1,Medium,1
Female,25 - 45,Other,0,0,0,0.0,-1.0,F,Uttering a Forged Instrument,0,0,,0,Low,0
Male,25 - 45,Other,0,0,1,9.0,-1.0,M,arrest case no charge,0,0,,9,Low,0
Male,Less than 25,Caucasian,0,0,0,0.0,-1.0,M,Battery,0,0,,0,Low,0
Female,Greater than 45,Asian,0,0,0,0.0,-1.0,F,Uttering a Forged Instrument,1,1,Viol Injunct Domestic Violence,0,High,1
Male,Greater than 45,African-American,0,0,0,14.0,-1.0,F,arrest case no charge,1,0,Viol Injunct Domestic Violence,14,Medium,1
Female,Less than 25,Caucasian,0,0,0,8.0,-1.0,F,arrest case no charge,1,1,Battery,8,Medium,1
Male,25 - 45,Other,0,0,0,0.0,-1.0,F,Grand Theft in the 3rd Degree,0,0,,0,Low,0
Male,Greater than 45,Native American,0,1,0,1.0,-1.0,M,Battery,1,0,Possess Cannabis/20 Grams Or Less,1,Low,1
Male,Less than 25,Caucasian,0,0,0,4.0,-1.0,M,Battery,1,0,Petit Theft,4,Low,1
Female,25 - 45,Asian,0,0,0,1.0,-7.203395824803021,F,arrest case no charge,1,1,Battery,1,Low,1
Female,Less than 25,Hispanic,0,0,0,4.0,-1.0,F,Driving Under The Influence,1,1,Stalking (Aggravated),4,High,1
Female,25 - 45,Asian,0,0,0,0.0,0.0,F,Pos Cannabis W/Intent Sel/Del,1,0,Petit Theft,0,Low,0
Female,Greater than 45,Other,0,0,0,1.0,0.0,F,Uttering a Forged Instrument,0,0,,1,Low,0
Male,Greater than 45,Asian,0,0,0,1.0,-14.0,F,Pos Cannabis W/Intent Sel/Del,0,0,,1,Low,0
Female,25 - 45,Native American,0,0,0,2.0,0.0,M,Uttering a Forged Instrument,0,0,,2,Low,0
Female,25 - 45,Caucasian,0,0,0,1.0,0.0,M,Battery,1,0,,1,Low,0
Male,Less than 25,Native American,0,0,0,0.0,-4.0,M,Uttering a Forged Instrument,0,0,,0,Low,0
Female,25 - 45,Hispanic,0,0,0,19.0,-1.0,F,arrest case no charge,0,0,,19,Medium,0
Female,25 - 45,Asian,0,0,0,4.0,0.0,M,Driving Under The Influence,1,0,Possess Cannabis/20 Grams Or Less,4,Medium,1
Male,Less than 25,African-American,0,0,1,4.0,-1.0,F,Robbery / Weapon,1,1,Battery on a Person Over 65,4,High,1
Male,Less than 25,Caucasian,0,0,0,3.0,-1.0,F,Uttering a Forged Instrument,0,0,,3,Low,0
Female,Less than 25,Native American,0,1,0,20.0,-1.0,F,Leave Acc/Attend Veh/More $50,1,0,Fail Register Vehicle,20,High,1
Female,Less than 25,Asian,0,0,0,0.0,-1.0,M,Battery,1,1,Battery,0,Medium,1
Female,Less than 25,Caucasian,0,0,0,4.0,0.0,F,Grand Theft in the 3rd Degree,1,0,Petit Theft,4,High,1
Female,Less than 25,Other,0,0,0,2.0,0.0,M,Battery,1,0,Disorderly Intoxication,2,Low,1
Female,25 - 45,Native American,0,0,0,4.0,-1.0,M,Battery,1,0,Unlaw Use False Name/Identity,4,High,1
Male,Greater than 45,Asian,0,0,0,4.0,0.0,F,Uttering a Forged Instrument,1,0,Petit Theft,4,Medium,1
Female,Less than 25,Other,0,0,0,0.0,0.0,F,Uttering a Forged Instrument,0,0,,0,Low,0
Female,Less than 25,Caucasian,0,0,0,0.0,0.0,M,Driving Under The Influence,0,0,,0,Low,0
Male,Greater than 45,Caucasian,0,0,0,0.0,-1.0,F,Possess Cannabis/20 Grams Or Less,1,1,Battery,0,Low,1
Male,Less than 25,Other,0,0,0,1.0,-11.0,F,Uttering a Forged Instrument,0,0,,1,Low,0
Male,Less than 25,Caucasian,0,0,0,1.0,-19.0,F,Uttering a Forged Instrument,0,0,,1,Low,0
Male,25 - 45,African-American,0,0,0,5.0,-1.0,F,arrest case no charge,1,0,Unlaw Use False Name/Identity,5,Medium,1
Male,Less than 25,Native American,0,0,0,0.0,-1.0,M,Uttering a Forged Instrument,0,0,,0,Medium,0
Male,Less than 25,African-American,0,0,0,1.0,-1.0,F,arrest case no charge,0,0,,1,Low,0
Female,25 - 45,Caucasian,0,0,0,0.0,-1.0,M,Battery,0,0,,0,Low,0
Female,Less than 25,Native American,0,0,0,0.0,0.0,F,Uttering a Forged Instrument,0,0,,0,Low,0
Female,Greater than 45,Other,0,0,0,5.0,-1.0,F,Pos Cannabis W/Intent Sel/Del,1,0,Possess Cannabis/20 Grams Or Less,5,Low,1
Female,25 - 45,Native American,0,0,0,0.0,-1.0,M,Uttering a Forged Instrument,0,0,,0,Low,0
Male,25 - 45,African-American,0,0,1,0.0,-1.0,M,Battery,0,0,,0,Low,0
Male,Less than 25,Native American,0,0,0,0.0,-1.0,M,Battery,0,0,,0,Low,0
Male,Less than 25,Hispanic,0,0,2,1.0,-1.0,M,Driving Under The Influence,0,0,,1,Medium,0
Female,Greater than 45,African-American,0,0,0,10.0,-1.0,F,arrest case no charge,0,0,,10,Medium,0
Female,25 - 45,Other,0,0,0,1.0,-1.0,F,Grand Theft (Motor Vehicle),0,0,,1,Low,0
Male,Less than 25,Other,0,0,0,0.0,-1.0,F,Tampering With Physical Evidence,1,1,Battery,0,Medium,1
Female,Less than 25,Hispanic,0,0,1,17.0,-1.0,F,arrest case no charge,1,0,Expired DL More Than 6 Months,17,High,1
Male,Greater than 45,Other,0,0,0,0.0,-1.0,F,Uttering a Forged Instrument,1,0,Aggravated Battery / Pregnant,0,Low,1
Male,Greater than 45,Asian,0,0,0,20.0,0.0,F,arrest case no charge,1,0,Battery,20,High,1
Male,25 - 45,Caucasian,0,0,0,14.0,-1.0,F,arrest case no charge,1,0,Robbery W/Firearm,14,Medium,1
Female,25 - 45,Caucasian,0,0,0,3.0,-12.750334821600223,F,Possession of Cannabis,1,0,Expired DL More Than 6 Months,3,Low,1
Female,Less than 25,Other,0,0,0,5.0,-1.0,F,Uttering a Forged Instrument,1,0,Stalking (Aggravated),5,Medium,1
Female,Less than 25,Other,0,0,0,1.0,-19.0,M,Driving Under The Influence,0,0,,1,Low,0
Female,Greater than 45,Asian,0,0,0,0.0,-1.0,F,Uttering a Forged Instrument,0,0,,0,Low,0
Female,Greater than 45,Caucasian,0,0,0,5.0,0.0,M,Driving Under The Influence,1,0,Viol Injunct Domestic Violence,5,Low,1
Male,Greater than 45,Caucasian,0,0,0,2.0,0.0,F,Uttering a Forged Instrument,0,0,,2,Low,0
Male,25 - 45,Caucasian,0,0,0,4.0,0.0,M,Driving Under The Influence,0,0,,4,Low,0
Female,25 - 45,Native American,0,0,1,12.0,-1.0,F,arrest case no charge,1,1,Robbery W/Firearm,12,High,1
Male,Greater than 45,Native American,0,0,0,3.0,0.0,F,arrest case no charge,1,0,Trespass Struct/Conveyance,3,Low,1
Male,Greater than 45,Asian,0,0,0,5.0,-1.0,F,arrest case no charge,1,1,Battery,5,Medium,1
Female,Less than 25,African-American,0,0,0,1.0,-1.0,M,Battery,1,0,Possession of Cocaine,1,Low,1
Male,Greater than 45,African-American,0,0,1,19.0,-1.0,F,arrest case no charge,1,0,Grand Theft in the 3rd Degree,19,High,1
Male,25 - 45,Other,0,0,0,2.0,-1.0,F,arrest case no charge,1,0,Possess Cannabis/20 Grams Or Less,2,Low,1
Female,Less than 25,Other,0,0,2,2.0,0.0,F,Pos Cannabis W/Intent Sel/Del,1,0,Disorderly Intoxication,2,High,1
Female,Less than 25,Caucasian,0,0,0,3.0,-1.0,M,arrest case no charge,1,0,Aggravated Battery / Pregnant,3,Medium,1
Female,Greater than 45,Asian,0,0,0,0.0,-1.0,F,Uttering a Forged Instrument,0,0,,0,Low,0
Female,Greater than 45,Hispanic,0,0,0,0.0,-1.0,M,Battery,0,0,,0,Low,0
Female,Less than 25,African-American,0,0,0,0.0,-1.0,M,Battery,1,1,Battery,0,Low,1
Female,Greater than 45,African-American,0,0,0,3.0,0.0,M,Battery,1,0,Disorderly Intoxication,3,Medium,1
Female,25 - 45,Hispanic,0,0,0,0.0,0.0,M,Possess Cannabis/20 Grams Or Less,1,0,Possess Cannabis/20 Grams Or Less,0,Low,1
Male,25 - 45,African-American,0,0,0,1.0,-1.0,M,Battery,0,0,,1,Medium,0
Male,25 - 45,African-American,0,0,0,0.0,-1.0,F,Grand Theft in the 3rd Degree,1,0,Disorderly Intoxication,0,High,1
Male,Greater than 45,Asian,0,0,0,4.0,0.0,F,arrest case no charge,1,1,Battery on a Person Over 65,4,High,1
Male,25 - 45,Native American,0,0,0,3.0,-1.0,M,Battery,1,1,Battery,3,Medium,1
Male,Greater than 45,Native American,0,0,0,7.0,0.0,F,arrest case no charge,1,0,,7,High,0
Male,Less than 25,Caucasian,0,2,0,7.0,-1.0,F,Pos Cannabis W/Intent Sel/Del,1,0,Grand Theft (Motor Vehicle),7,Medium,1
Female,Greater than 45,African-American,0,0,0,1.0,-1.0,M,Driving Under The Influence,0,0,,1,Low,0
Male,Less than 25,Native American,0,0,0,2.0,-1.0,M,Battery,1,0,Tresspass in Struct/Convey Occupy,2,Low,1
Male,25 - 45,Hispanic,0,0,0,0.0,-1.0,M,Battery,1,1,Battery,0,High,1
Female,25 - 45,Native American,0,0,0,0.0,-1.0,F,Grand Theft in the 3rd Degree,0,0,,0,Low,0
Male,Less than 25,Caucasian,0,0,0,1.0,0.0,M,Battery,0,0,,1,Low,0
Female,Greater than 45,Asian,0,0,0,3.0,-1.0,M,Battery,1,0,Battery,3,Low,0
Male,25 - 45,Native American,0,0,0,2.0,-1.0,F,Grand Theft (Motor Vehicle),0,0,,2,Low,0
Male,Greater than 45,Caucasian,0,0,0,16.0,-1.0,F,arrest case no charge,1,0,Petit Theft,16,Medium,1
Female,25 - 45,Native American,0,0,0,0.0,0.0,M,Driving Under The Influence,0,0,,0,Low,0
Male,25 - 45,Hispanic,0,0,0,0.0,-1.0,F,Uttering a Forged Instrument,1,0,Possession of Cocaine,0,Low,1
Male,Less than 25,Native American,0,1,0,9.0,-1.0,F,Leave Acc/Attend Veh/More $50,1,0,Opert With Susp DL 2nd Offens,9,High,1
Male,Less than 25,African-American,0,0,0,0.0,-1.0,F,Uttering a Forged Instrument,0,0,,0,Low,0
Male,Less than 25,Native American,0,0,0,1.0,-1.0,M,Battery,1,0,Unlaw LicTag/Sticker Attach,1,Low,1
Male,Greater than 45,Other,0,0,0,2.0,0.0,F,Uttering a Forged Instrument,1,0,Possession of Cocaine,2,Low,1
Male,25 - 45,Other,0,0,0,6.0,-1.0,F,Uttering a Forged Instrument,1,1,Robbery W/Firearm,5,High,1
Female,Greater than 45,Hispanic,0,0,0,0.0,0.0,M,Battery,1,0,Resist/Obstruct W/O Violence,0,Low,1
Female,Greater than 45,Other,0,0,0,0.0,0.0,F,Uttering a Forged Instrument,0,0,,0,Low,0
Female,Less than 25,Asian,0,0,0,5.0,-1.0,F,arrest case no charge,1,0,Tresspass in Struct/Convey Occupy,5,High,0
Female,25 - 45,Asian,0,0,0,1.0,0.0,F,Uttering a Forged Instrument,1,0,Disorderly Intoxication,1,Low,1
Female,Less than 25,African-American,0,0,0,2.0,-1.0,M,Driving Under The Influence,1,1,Viol Injunct Domestic Violence,2,Low,1
Female,Greater than 45,Asian,0,0,0,1.0,0.0,F,Uttering a Forged Instrument,0,0,,1,Medium,0
Female,Greater than 45,Other,0,0,0,0.0,-1.0,M,Battery,0,0,,0,Medium,0
Female,Less than 25,Caucasian,0,0,0,3.0,-1.0,F,arrest case no charge,1,0,Trespass Struct/Conveyance,3,Low,1
Male,Less than 25,African-American,0,0,0,4.0,0.0,M,arrest case no charge,0,0,,4,Low,0
Male,25 - 45,Other,0,0,0,0.0,-1.0,F,Uttering a Forged Instrument,1,0,Felony Petit Theft,0,Low,1
Female,Greater than 45,Asian,0,0,1,1.0,-1.0,M,Uttering a Forged Instrument,1,0,Disorderly Intoxication,1,High,1
Male,25 - 45,Native American,0,0,0,3.0,0.0,F,Pos Cannabis W/Intent Sel/Del,0,0,,3,Low,0
Female,Greater than 45,African-American,0,0,0,3.0,-1.0,M,Battery,0,0,,3,Low,0
Male,25 - 45,African-American,0,0,1,8.0,-1.0,F,arrest case no charge,1,0,Trespass,8,High,0
Female,Less than 25,Asian,0,0,0,3.0,0.0,F,arrest case no charge,0,0,,3,Medium,0
Male,25 - 45,Caucasian,0,0,0,0.0,0.0,F,Uttering a Forged Instrument,0,0,,0,Medium,0
Male,Less than 25,Hispanic,0,0,1,11.0,0.0,F,Possession of Cannabis,1,0,Poss Cocaine/Intent To Del/Sel,11,Medium,1
Male,25 - 45,Native American,0,0,0,0.0,-1.0,F,Uttering a Forged Instrument,0,0,,0,Low,0
Male,Greater than 45,Caucasian,0,0,0,1.0,0.0,M,Susp Drivers Lic 1st Offense,0,0,,1,Low,0
Female,25 - 45,African-American,0,0,0,4.0,-1.0,M,Battery,0,0,,4,Low,0
Female,Less than 25,African-American,0,2,0,21.000000000000004,-1.0,F,Felony Batt(Great Bodily Harm),1,1,Felony Battery w/Prior Convict,21,High,1
Male,25 - 45,Caucasian,0,0,0,0.0,-1.0,F,Grand Theft in the 3rd Degree,1,1,Robbery W/Firearm,0,Medium,1
Male,Less than 25,Hispanic,0,0,0,1.0,-1.0,M,arrest case no charge,0,0,,1,Low,0
Male,25 - 45,African-American,0,0,0,0.0,-1.0,M,Battery,0,0,,0,Low,0
Female,Less than 25,Other,0,1,0,6.0,0.0,F,Leave Acc/Attend Veh/More $50,1,0,Possession of Cocaine,6,Medium,0
Female,25 - 45,Other,5,1,0,17.0,-1.0,F,Agg Fleeing/Eluding High Speed,1,0,Fail Register Vehicle,17,Medium,1
Male,Less than 25,Asian,0,0,0,2.0,-1.0,F,arrest case no charge,1,0,Retaliate Wit/Vict No Injury,2,Low,1
Male,Greater than 45,African-American,0,3,0,18.692981319806766,-1.0,M,Leave Acc/Attend Veh/More $50,0,0,,18,High,0
Male,Less than 25,Other,0,0,1,9.0,-1.0,F,arrest case no charge,1,0,Opert With Susp DL 2nd Offens,9,Medium,1
Male,25 - 45,Native American,0,0,0,7.0,0.0,F,Possession of Cannabis,1,0,Possess Cannabis/20 Grams Or Less,7,Medium,1
Female,Greater than 45,Hispanic,0,0,0,0.0,-1.0,F,Uttering a Forged Instrument,0,0,,0,Low,0
Female,Greater than 45,Asian,1,0,0,4.0,-1.0,F,arrest case no charge,1,0,Tresspass in Struct/Convey Occupy,4,Medium,1
Female,25 - 45,African-American,0,0,0,1.0,0.0,M,Possess Cannabis/20 Grams Or Less,1,0,Poss Cocaine/Intent To Del/Sel,1,High,1
Male,25 - 45,Native American,0,0,0,14.0,0.0,F,arrest case no charge,1,0,Possess Cannabis/20 Grams Or Less,14,Medium,1
Male,Less than 25,Hispanic,0,0,0,2.0,-1.0,M,Battery,0,0,,2,Low,0
Male,25 - 45,Native American,0,0,0,1.0,0.0,F,Pos Cannabis W/Intent Sel/Del,1,0,Fail Register Vehicle,1,Low,1
Female,Greater than 45,Caucasian,0,0,1,3.0,-1.0,F,arrest case no charge,0,0,,3,Low,0
Male,Less than 25,Native American,0,0,0,2.0,-1.0,F,arrest case no charge,1,1,Retaliate Wit/Vict No Injury,2,Low,1
Female,Less than 25,Other,0,0,0,7.0,-1.0,M,Battery,1,1,Battery,7,High,1
Male,Less than 25,Hispanic,2,0,0,11.0,-1.0,F,arrest case no charge,0,0,,11,Low,0
Male,Greater than 45,African-American,0,2,1,3.0,-1.0,M,Kidnapping / Domestic Violence,1,1,Battery,3,High,0
Female,25 - 45,Other,0,0,2,0.0,-3.0,F,Pos Cannabis W/Intent Sel/Del,0,0,,0,Medium,1
Male,Greater than 45,Native American,1,0,1,2.0,-1.0,F,arrest case no charge,0,0,,2,High,0
Female,25 - 45,Asian,0,0,0,0.0,-1.0,M,Battery,0,0,,0,High,0
Male,Less than 25,Caucasian,0,0,0,1.0,0.0,F,arrest case no charge,0,0,,1,Low,0
Male,Less than 25,African-American,0,0,0,0.0,-1.0,F,Pos Cannabis W/Intent Sel/Del,1,0,Susp Drivers Lic 1st Offense,0,High,0
Male,Greater than 45,Other,0,0,0,4.0,-1.0,F,arrest case no charge,0,0,,4,Medium,0
Female,Less than 25,Hispanic,0,2,0,7.0,-1.0,F,Leave Acc/Attend Veh/More $50,0,0,,7,Medium,0
Female,25 - 45,Native American,0,0,0,14.0,-1.0,F,arrest case no charge,1,0,Trespass Struct/Conveyance,14,High,1
Male,Greater than 45,Hispanic,0,0,0,0.0,-1.0,M,Battery,0,0,,0,Low,0
Female,25 - 45,African-American,0,1,1,1.0,-1.0,F,arrest case no charge,1,0,Trespass Other Struct/Conve,1,Low,1
Male,Less than 25,Asian,0,0,0,1.0,-1.0,F,Uttering a Forged Instrument,0,0,,1,Low,0
Male,Less than 25,Caucasian,0,0,0,0.0,-1.0,F,Uttering a Forged Instrument,1,0,Possess Cannabis/20 Grams Or Less,0,Low,1
Female,Less than 25,Asian,0,0,2,3.0,-1.0,F,Purchase Cannabis,0,0,,3,Medium,0
Male,25 - 45,African-American,0,0,0,7.0,-23.0,M,arrest case no charge,1,1,Battery,7,Low,1
Female,Greater than 45,Other,1,0,1,3.0,-1.0,F,Possession of Cannabis,0,0,,3,High,0
Male,25 - 45,Other,0,0,0,0.0,-1.0,F,Uttering a Forged Instrument,0,0,,0,Medium,0
Female,Greater than 45,African-American,0,0,0,4.0,0.0,F,Pos Cannabis W/Intent Sel/Del,0,0,,4,Low,0
Male,25 - 45,Hispanic,0,0,0,12.0,0.0,F,arrest case no charge,1,0,Possess Cannabis/20 Grams Or Less,12,Medium,1
Female,Less than 25,Native American,2,0,0,16.0,-1.0,M,arrest case no charge,0,0,,16,Medium,0
Male,25 - 45,Hispanic,0,0,0,1.0,-22.0,F,Uttering a Forged Instrument,0,0,,1,Medium,0
Female,Greater than 45,Native American,0,0,0,5.0,-1.0,F,arrest case no charge,0,0,,5,Low,0
Male,25 - 45,Asian,0,0,0,4.0,-1.0,F,Possess Cannabis/20 Grams Or Less,1,1,Viol Injunct Domestic Violence,4,High,1
Female,Greater than 45,Other,0,0,0,0.0,-1.0,M,Battery,0,0,,0,Low,0
Male,Greater than 45,African-American,0,0,0,2.0,0.0,F,Uttering a Forged Instrument,1,1,Stalking (Aggravated),2,Medium,1
Male,Less than 25,Other,0,0,0,4.0,-12.0,M,Possession of Cannabis,0,0,,4,Medium,0
Male,25 - 45,Native American,0,0,0,5.0,-1.0,F,Grand Theft in the 3rd Degree,1,0,Resist/Obstruct W/O Violence,5,High,1
Male,25 - 45,Hispanic,0,0,0,2.0,0.0,F,Uttering a Forged Instrument,1,0,Unlaw LicTag/Sticker Attach,2,Medium,0
Male,25 - 45,Caucasian,0,0,0,0.0,0.0,M,Uttering a Forged Instrument,0,0,,0,Low,0
Male,Less than 25,Asian,0,0,0,0.0,-1.0,M,Uttering a Forged Instrument,0,0,,0,Low,0
Female,Greater than 45,Other,0,0,0,3.0,0.0,F,Uttering a Forged Instrument,1,0,Possession of Cocaine,3,Medium,1
Male,25 - 45,Native American,0,0,0,1.0,-1.0,F,Grand Theft in the 3rd Degree,0,0,,1,Low,0
Female,25 - 45,Other,0,0,0,0.0,-1.0,F,Uttering a Forged Instrument,0,0,,0,Medium,0
Female,Less than 25,Other,0,1,0,2.0,-1.0,M,Battery,1,0,Possess Cannabis/20 Grams Or Less,2,High,0
Female,Less than 25,Other,0,0,0,0.0,0.0,M,Battery,0,0,,0,Low,0
Male,Less than 25,Asian,0,0,0,5.0,-1.0,F,arrest case no charge,0,0,,5,Low,0
Male,Greater than 45,Hispanic,0,0,0,1.0,0.0,F,Uttering a Forged Instrument,1,1,Battery,1,Low,1
Female,Greater than 45,African-American,0,0,0,0.0,-1.0,M,Battery,0,0,,0,Low,0
Male,Less than 25,Hispanic,0,0,1,9.0,-1.0,M,arrest case no charge,1,1,Stalking (Aggravated),9,Medium,1
Female,Less than 25,Hispanic,0,0,0,0.0,0.0,M,Driving Under The Influence,0,0,,0,Low,0
Male,25 - 45,Asian,0,0,0,7.0,-1.0,M,arrest case no charge,1,0,Poss Cocaine/Intent To Del/Sel,7,Medium,1
Male,25 - 45,African-American,0,0,0,0.0,-1.0,M,Driving Under The Influence,0,0,,0,Low,0
Male,Less than 25,Hispanic,0,0,0,6.0,0.0,M,Leave Acc/Attend Veh/More $50,0,0,,6,Medium,0
Female,Less than 25,Native American,0,0,0,0.0,-1.0,F,Uttering a Forged Instrument,0,0,,0,Low,0
Female,Less than 25,Native American,0,2,1,8.0,-1.0,F,Resist Officer w/Violence,1,1,Battery Upon Detainee,8,High,1
Female,25 - 45,Asian,0,3,3,14.0,-1.0,F,Robbery / Weapon,1,0,Uttering a Forged Instrument,14,High,1
Male,Less than 25,African-American,0,0,0,1.0,-1.0,M,Driving Under The Influence,1,0,Felony Battery (Dom Strang),1,Low,1
Male,25 - 45,African-American,0,0,0,3.0,-1.0,M,arrest case no charge,1,0,Trespass,3,Low,1
Female,Greater than 45,African-American,0,0,0,2.0,-1.0,F,Uttering a Forged Instrument,1,0,Possess Cannabis/20 Grams Or Less,2,Low,1
Male,Greater than 45,African-American,2,0,0,12.0,-1.0,M,arrest case no charge,0,0,,12,High,0
Male,25 - 45,Native American,0,0,0,0.0,0.0,M,Uttering a Forged Instrument,0,0,,0,Low,0
Male,Less than 25,Caucasian,0,0,0,2.0,0.0,F,Uttering a Forged Instrument,0,0,,2,Medium,0
Male,Greater than 45,Caucasian,0,0,0,0.0,0.0,F,Uttering a Forged Instrument,1,1,Viol Injunct Domestic Violence,0,Medium,1
Male,Less than 25,Asian,0,0,0,3.0,-1.0,F,Grand Theft (Motor Vehicle),1,0,Tresspass in Struct/Convey Occupy,3,High,1
Female,Less than 25,Hispanic,1,5,0,13.0,-1.0,F,Leave Acc/Attend Veh/More $50,0,0,,13,Medium,0
Female,25 - 45,Asian,0,0,0,7.0,-1.0,M,Battery,0,0,,7,Medium,0
Female,25 - 45,Hispanic,0,0,0,0.0,-1.0,F,Pos Cannabis W/Intent Sel/Del,0,0,,0,Low,1
Female,Greater than 45,Native American,0,0,1,8.0,-1.0,F,Possession of Cannabis,1,0,,8,Medium,1
Male,Less than 25,Caucasian,0,0,0,1.0,-1.0,M,Battery,0,0,,1,Low,0
Male,25 - 45,Native American,0,0,0,3.0,-1.0,M,Driving Under The Influence,1,0,Aggravated Battery / Pregnant,3,Medium,1
Female,Greater than 45,Hispanic,0,0,0,7.0,-1.0,F,Felony Battery (Dom Strang),1,1,Battery,7,High,1
Female,25 - 45,Native American,0,0,0,3.0,-1.0,F,arrest case no charge,1,0,Opert With Susp DL 2nd Offens,3,High,1
Female,Less than 25,Native American,0,0,0,0.0,-1.0,M,Battery,0,0,,0,Low,0
Female,Greater than 45,Asian,0,0,0,11.0,-1.0,F,arrest case no charge,1,0,Possess Cannabis/20 Grams Or Less,11,High,1
Female,25 - 45,Caucasian,0,0,0,0.0,-1.0,M,Uttering a Forged Instrument,0,0,,0,Low,0
Male,Less than 25,African-American,0,0,0,3.0,-1.0,F,Uttering a Forged Instrument,1,0,Expired DL More Than 6 Months,3,High,1
Male,Greater than 45,Caucasian,0,0,0,1.0,-21.0,M,Battery,0,0,,1,Low,0
Female,Greater than 45,Native American,0,0,0,1.0,-1.0,F,arrest case no charge,1,0,Burglary Structure Unoccup,1,Low,1
Male,Greater than 45,Native American,0,0,0,5.0,0.0,F,Uttering a Forged Instrument,1,0,Felony Battery (Dom Strang),5,Low,0
Female,Greater than 45,Native American,0,0,0,0.0,-1.0,M,Battery,0,0,,0,Low,0
Male,Less than 25,Native American,0,0,0,0.0,0.0,F,Uttering a Forged Instrument,0,0,,0,Low,0
Female,Greater than 45,African-American,0,0,1,4.0,-1.0,F,Grand Theft in the 3rd Degree,0,0,,4,Low,0
Female,25 - 45,Other,0,0,1,1.0,-1.0,F,Pos Cannabis W/Intent Sel/Del,1,0,Resist/Obstruct W/O Violence,1,Medium,1
Female,25 - 45,Native American,0,0,0,0.0,-1.0,F,Grand Theft in the 3rd Degree,0,0,,0,Medium,0
Male,Less than 25,Other,0,0,0,0.0,-1.0,M,Uttering a Forged Instrument,1,0,Burglary Structure Unoccup,0,Low,1
Male,25 - 45,Hispanic,0,0,0,0.0,0.0,M,Battery,0,0,,0,Low,0
Male,25 - 45,Hispanic,0,0,1,6.0,0.0,M,Battery,1,0,Neglect Child / No Bodily Harm,6,High,1
Male,Less than 25,Other,0,0,0,2.0,0.0,M,Driving Under The Influence,0,0,,2,High,0
Male,Less than 25,Native American,0,0,0,3.0,-1.0,F,Pos Cannabis W/Intent Sel/Del,1,1,Felony Battery (Dom Strang),3,High,1
Male,Greater than 45,Hispanic,0,0,0,3.0,-1.0,F,Grand Theft in the 3rd Degree,1,1,Battery,3,Medium,1
Female,Less than 25,Other,0,0,0,0.0,-1.0,F,Uttering a Forged Instrument,1,0,Possession of Cocaine,0,High,1
Male,Less than 25,Caucasian,0,0,0,0.0,-1.0,F,Uttering a Forged Instrument,1,0,Felony Battery (Dom Strang),0,Low,1
Female,Less than 25,Hispanic,0,0,0,0.0,-1.0,M,Susp Drivers Lic 1st Offense,1,1,Stalking (Aggravated),0,High,1
Male,Less than 25,Caucasian,0,0,0,13.0,-1.0,F,arrest case no charge,0,0,,13,Low,0
Male,Less than 25,Native American,0,0,0,1.0,-8.0,M,Driving Under The Influence,1,0,Aggravated Battery / Pregnant,1,High,1
Male,Less than 25,Native American,0,0,0,1.0,-1.0,F,Pos Cannabis W/Intent Sel/Del,1,0,Aggravated Battery / Pregnant,1,Low,1
Male,Less than 25,Asian,0,0,0,2.0,0.0,F,arrest case no charge,0,0,,2,Low,0
Female,Less than 25,Asian,0,0,0,1.0,-1.0,F,Pos Cannabis W/Intent Sel/Del,0,0,,1,Low,0
Male,25 - 45,Hispanic,0,0,0,1.0,0.0,F,Uttering a Forged Instrument,0,0,,1,Medium,0
Female,25 - 45,Other,0,0,0,0.0,-1.0,F,Battery,0,0,,0,High,0
Male,Greater than 45,African-American,0,0,0,0.0,-1.0,M,Battery,0,0,,0,Low,0
Male,Greater than 45,Hispanic,0,0,0,6.0,0.0,F,Grand Theft in the 3rd Degree,0,0,,6,Medium,0
Female,Less than 25,Asian,0,0,1,2.0,0.0,M,arrest case no charge,1,0,,2,Medium,0
Male,Less than 25,African-American,0,0,2,0.0,-3.0,F,Grand Theft in the 3rd Degree,0,0,,0,Low,0
Female,25 - 45,African-American,0,0,0,0.0,-1.0,M,Uttering a Forged Instrument,0,0,,0,Low,0
Female,25 - 45,Hispanic,0,0,0,1.0,-1.0,F,arrest case no charge,1,0,Opert With Susp DL 2nd Offens,1,Low,1
Female,Less than 25,Other,0,0,0,5.0,-1.0,F,arrest case no charge,0,0,,5,Low,0
Male,Less than 25,African-American,0,0,0,8.0,-1.0,F,arrest case no charge,1,0,Possession of Cocaine,8,Low,1
Male,25 - 45,Native American,0,0,0,5.0,-1.0,F,arrest case no charge,0,0,,5,Low,0
Male,Greater than 45,Hispanic,0,0,0,3.0,-18.228652615329693,F,arrest case no charge,0,0,,3,Low,0
Female,Less than 25,Native American,0,0,0,1.0,-10.0,F,arrest case no charge,0,0,,1,Low,0
Male,Greater than 45,Hispanic,0,0,0,0.0,0.0,F,Uttering a Forged Instrument,0,0,,0,Low,0
Male,25 - 45,Hispanic,0,0,0,6.0,-24.804878656764416,F,arrest case no charge,0,0,,6,Low,0
Female,Greater than 45,Caucasian,0,0,1,1.0,-1.0,F,Pos Cannabis W/Intent Sel/Del,1,0,Unlaw LicTag/Sticker Attach,1,High,1
Female,Less than 25,African-American,0,0,0,2.0,-1.0,F,Grand Theft in the 3rd Degree,0,0,,2,Low,0
Female,Greater than 45,African-American,0,0,0,4.0,-1.0,F,Grand Theft in the 3rd Degree,0,0,,4,Low,0
Male,Greater than 45,Hispanic,0,0,0,0.0,-1.0,F,Uttering a Forged Instrument,0,0,,0,High,0
Male,Greater than 45,Hispanic,1,0,0,1.0,-2.0,F,arrest case no charge,0,0,,1,Medium,1
Male,Less than 25,African-American,0,0,0,0.0,0.0,F,Uttering a Forged Instrument,0,0,,0,Low,0
Male,Less than 25,African-American,0,0,0,0.0,0.0,F,Pos Cannabis W/Intent Sel/Del,1,0,Trespass,0,Low,1
Male,Greater than 45,Native American,0,0,0,0.0,-2.0,M,Susp Drivers Lic 1st Offense,0,0,Fail Register Vehicle,0,Low,0
Male,Less than 25,Native American,0,0,0,2.0,-1.0,M,Driving Under The Influence,1,0,Possess Cannabis/20 Grams Or Less,2,High,1
Female,Greater than 45,Native American,0,0,0,0.0,-6.0,M,Uttering a Forged Instrument,0,0,,0,Medium,0
Male,Less than 25,Asian,0,0,1,5.0,-1.0,F,Refuse Submit Blood/Breath Test,1,1,Battery,5,Medium,1
Female,Less than 25,Caucasian,0,0,0,6.0,-1.0,M,Battery,1,0,Trespass,6,Low,1
Male,Greater than 45,African-American,0,0,0,0.0,-3.0,M,Pos Cannabis W/Intent Sel/Del,1,0,Possess Cannabis/20 Grams Or Less,0,Low,1
Female,Greater than 45,Native American,0,0,0,0.0,-1.0,F,Uttering a Forged Instrument,0,0,,0,Low,0
Female,25 - 45,Hispanic,0,0,0,0.0,-1.0,F,Uttering a Forged Instrument,0,0,,0,High,0
Female,25 - 45,Caucasian,1,0,0,7.0,-1.0,F,Possession of Cannabis,0,0,,7,Low,0
Male,Greater than 45,Other,0,0,0,2.0,-1.0,F,Uttering a Forged Instrument,0,0,,2,Low,0
Female,Greater than 45,Native American,2,3,0,24.0,-1.0,F,Leave Acc/Attend Veh/More $50,0,0,,24,High,0
Male,25 - 45,African-American,0,0,0,9.0,0.0,F,Poss Cocaine/Intent To Del/Sel,1,1,Battery on a Person Over 65,9,Medium,1
Male,Less than 25,African-American,0,0,0,5.0,-1.0,F,arrest case no charge,0,0,,5,Medium,0
Male,Less than 25,Asian,0,0,0,1.0,-18.0,F,arrest case no charge,0,0,,1,Low,0
Female,Less than 25,Native American,0,0,0,1.0,0.0,F,Uttering a Forged Instrument,0,0,,1,Low,0
Female,Less than 25,Hispanic,0,0,0,0.0,-1.0,F,Uttering a Forged Instrument,0,0,,0,Low,0
Male,25 - 45,African-American,0,0,0,0.0,0.0,M,Uttering a Forged Instrument,0,0,,0,Low,0
Female,Greater than 45,Native American,0,0,0,4.0,0.0,F,Driving Under The Influence,1,1,Felony Battery w/Prior Convict,4,Medium,1
Female,Greater than 45,Native American,0,0,0,13.0,-1.0,F,arrest case no charge,1,0,Viol Injunct Domestic Violence,13,High,1
Female,Greater than 45,Other,0,0,0,0.0,-1.0,F,Pos Cannabis W/Intent Sel/Del,1,0,,0,Low,0
Male,25 - 45,Caucasian,0,0,2,0.0,0.0,F,Uttering a Forged Instrument,1,0,Trespass Struct/Conveyance,0,Medium,1
Male,Greater than 45,African-American,0,0,0,0.0,0.0,F,Uttering a Forged Instrument,0,0,,0,High,0
Female,25 - 45,Other,0,0,0,5.0,0.0,F,Possession of Cannabis,1,0,Petit Theft,5,High,1
Male,Greater than 45,African-American,0,0,0,2.0,0.0,F,Pos Cannabis W/Intent Sel/Del,0,0,,2,Medium,0
Male,Greater than 45,African-American,0,0,0,0.0,-1.0,F,Uttering a Forged Instrument,1,0,Possess Cannabis/20 Grams Or Less,0,Medium,1
Female,Greater than 45,African-American,0,0,1,8.0,-1.0,F,arrest case no charge,1,0,Resist/Obstruct W/O Violence,8,Medium,1
Female,Less than 25,Hispanic,0,0,0,1.0,-1.0,M,Battery,1,1,Battery,1,Medium,1
Female,Greater than 45,Hispanic,0,0,0,0.0,-1.0,F,Uttering a Forged Instrument,1,1,Retaliate Wit/Vict No Injury,0,High,1
Male,25 - 45,Hispanic,0,0,0,2.0,-1.0,F,Pos Cannabis W/Intent Sel/Del,0,0,,2,Medium,0
Male,Less than 25,African-American,0,0,0,21.000000000000004,-1.0,F,arrest case no charge,1,0,Neglect Child / No Bodily Harm,21,High,1
Male,Less than 25,Caucasian,0,0,0,0.0,0.0,M,Uttering a Forged Instrument,0,0,,0,Low,0
Female,Greater than 45,Other,0,0,0,8.0,-1.0,F,Felony Battery w/Prior Convict,1,1,Felony Battery (Dom Strang),8,Medium,1
Male,Greater than 45,Caucasian,0,0,0,5.0,-1.0,M,Battery,1,1,Felony Battery w/Prior Convict,5,High,1
Male,Greater than 45,Native American,0,0,0,3.0,-1.0,M,Driving Under The Influence,0,0,,3,Low,0
Male,Greater than 45,Hispanic,0,0,0,2.0,-1.0,M,Grand Theft in the 3rd Degree,1,0,Possess Cannabis/20 Grams Or Less,2,Medium,1
Female,25 - 45,African-American,0,0,0,3.0,-1.0,F,Uttering a Forged Instrument,1,0,Burglary Conveyance Unoccup,3,Low,1
Male,Greater than 45,Caucasian,0,0,0,12.0,-1.0,M,arrest case no charge,1,0,Expired DL More Than 6 Months,12,Medium,1
Male,Greater than 45,Other,0,0,0,4.0,-1.0,F,arrest case no charge,1,0,Viol Injunct Domestic Violence,4,Low,1
Male,Less than 25,Caucasian,0,0,0,2.0,0.0,M,Pos Cannabis W/Intent Sel/Del,1,0,Viol Injunct Domestic Violence,2,High,1
Male,25 - 45,Hispanic,0,1,0,1.0,-1.0,F,Uttering a Forged Instrument,0,0,,1,Medium,0
Male,Greater than 45,Caucasian,0,0,0,1.0,-30.0,M,Battery,0,0,,1,Medium,0
Female,25 - 45,Other,0,0,0,1.0,-1.0,M,Battery,1,1,Battery,1,High,1
Male,Greater than 45,Hispanic,0,0,0,1.0,-1.0,F,Uttering a Forged Instrument,0,0,,1,Low,0
Female,Less than 25,Caucasian,0,0,0,1.0,-24.0,M,arrest case no charge,0,0,,1,Medium,1
Female,Less than 25,Hispanic,0,0,0,0.0,-2.0,M,Battery,0,0,,0,Low,0
Female,Less than 25,Asian,0,0,0,0.0,-1.0,F,Pos Cannabis W/Intent Sel/Del,0,0,,0,Medium,0
Male,25 - 45,Native American,0,0,0,2.0,-1.0,F,arrest case no charge,1,0,Burglary Conveyance Unoccup,2,Low,1
Male,Less than 25,Native American,0,0,0,2.0,0.0,M,Battery,1,0,Opert With Susp DL 2nd Offens,2,Low,1
Male,Less than 25,Hispanic,0,0,1,3.0,-1.0,F,Uttering a Forged Instrument,0,0,,3,Medium,0
Male,25 - 45,Asian,0,0,0,0.0,-1.0,F,Grand Theft in the 3rd Degree,0,0,,0,Low,0
Male,Less than 25,Hispanic,0,0,0,17.0,-2.0,F,Possession of Cannabis,1,0,Trespass Struct/Conveyance,17,High,1
Male,Less than 25,Native American,0,0,0,0.0,-1.0,M,Uttering a Forged Instrument,0,0,,0,Low,0
Female,25 - 45,Asian,0,0,0,5.0,-1.0,F,arrest case no charge,1,0,Unlaw Use False Name/Identity,5,Low,1
Female,Greater than 45,African-American,0,0,0,0.0,-4.0,F,Possess Cannabis/20 Grams Or Less,1,1,Viol Injunct Domestic Violence,0,Low,1
Female,Greater than 45,Caucasian,0,0,0,0.0,-1.0,M,Battery,0,0,,0,Low,0
Male,25 - 45,Other,0,0,0,0.0,-1.0,F,Uttering a Forged Instrument,0,0,,0,Low,0
Female,Less than 25,Asian,0,0,0,7.0,-1.0,M,Driving Under The Influence,0,0,,7,Low,0
Male,25 - 45,African-American,0,0,0,0.0,-1.0,F,Uttering a Forged Instrument,0,0,,0,Low,0
Female,25 - 45,Asian,0,0,1,12.0,-1.0,M,arrest case no charge,1,0,Unlaw Use False Name/Identity,12,High,1
Female,25 - 45,Caucasian,0,0,0,12.0,-1.0,F,arrest case no charge,1,0,Burglary Structure Unoccup,12,High,1
Female,Less than 25,Asian,0,0,0,0.0,-2.0,F,Uttering a Forged Instrument,0,0,,0,Low,0
Female,25 - 45,Hispanic,0,0,0,6.0,0.0,F,arrest case no charge,0,0,,6,Low,0
Female,Less than 25,Hispanic,0,0,0,3.0,0.0,F,Driving Under The Influence,0,0,,3,Low,0
Female,25 - 45,African-American,0,0,0,8.0,-28.0,F,arrest case no charge,1,0,Felony Petit Theft,8,High,1
Male,25 - 45,Other,0,0,0,0.0,-1.0,F,Uttering a Forged Instrument,1,0,Susp Drivers Lic 1st Offense,0,High,1
Female,Greater than 45,Asian,0,0,0,4.0,-5.0,F,arrest case no charge,0,0,,4,Low,0
Male,Greater than 45,Other,0,0,0,0.0,-1.0,M,Battery,0,0,,0,Medium,0
Female,Less than 25,Hispanic,0,0,1,16.0,-1.0,F,arrest case no charge,1,0,Trespass,15,Medium,0
Female,Less than 25,Native American,0,0,0,0.0,0.0,F,Uttering a Forged Instrument,0,0,,0,Medium,0
Female,Greater than 45,Hispanic,0,0,0,1.0,-10.0,F,Grand Theft in the 3rd Degree,0,0,,1,Low,0
Male,Less than 25,Hispanic,0,0,0,0.0,0.0,F,Uttering a Forged Instrument,0,0,,0,Low,0
Female,Greater than 45,Caucasian,0,0,1,6.0,-1.0,F,Grand Theft in the 3rd Degree,1,1,Felony Battery w/Prior Convict,6,Low,1
Female,Greater than 45,Other,0,0,0,0.0,-1.0,M,Battery,0,0,,0,Low,0
Male,Greater than 45,Other,2,1,3,21.000000000000004,0.0,F,Oper Motorcycle W/O Valid DL,1,0,Poss Meth/Diox/Meth/Amp (MDMA),21,High,1
Female,Greater than 45,Other,0,0,0,0.0,-2.0,M,Uttering a Forged Instrument,0,0,,0,Low,0
Male,25 - 45,Asian,0,0,0,4.0,-1.0,M,Battery,0,0,,4,Low,0
Male,Less than 25,African-American,0,0,0,1.0,-2.0,F,Uttering a Forged Instrument,1,0,Disorderly Intoxication,1,Low,1
Female,Less than 25,African-American,0,0,0,3.0,-1.0,F,Possession of Cannabis,1,0,Resist/Obstruct W/O Violence,3,Medium,1
Female,25 - 45,Other,0,0,0,4.0,0.0,F,arrest case no charge,0,0,,4,Medium,0
Male,25 - 45,African-American,0,0,0,0.0,-1.0,F,Grand Theft in the 3rd Degree,0,0,,0,High,0
Female,Less than 25,Other,0,0,0,0.0,0.0,F,Uttering a Forged Instrument,0,0,,0,Medium,0
Female,Less than 25,African-American,0,1,0,25.75532688633146,-1.0,F,arrest case no charge,1,0,Grand Theft (Motor Vehicle),26,High,1
Female,Less than 25,Other,0,1,0,7.0,-1.0,F,arrest case no charge,1,0,Trespass,7,Low,1
Female,Greater than 45,African-American,0,0,0,0.0,-1.0,F,Uttering a Forged Instrument,1,1,Robbery W/Firearm,0,Low,1
Male,Greater than 45,Asian,0,0,0,1.0,-4.0,F,Pos Cannabis W/Intent Sel/Del,0,0,,1,Medium,0
Female,Greater than 45,African-American,0,0,0,17.0,-1.0,F,arrest case no charge,1,0,,17,High,1
Female,Less than 25,African-American,0,0,0,1.0,-1.0,F,Grand Theft in the 3rd Degree,1,1,Viol Injunct Domestic Violence,1,Low,1
Female,25 - 45,African-American,0,0,0,2.0,-1.0,F,Pos Cannabis W/Intent Sel/Del,0,0,,2,Low,0
Male,Greater than 45,Caucasian,0,0,0,0.0,0.0,M,Pos Cannabis W/Intent Sel/Del,1,0,Burglary Structure Unoccup,0,High,1
Female,25 - 45,African-American,0,0,0,0.0,-1.0,F,Grand Theft in the 3rd Degree,0,0,,0,Low,0
Male,25 - 45,Asian,0,0,0,0.0,0.0,M,Uttering a Forged Instrument,0,0,,0,Low,0
Male,25 - 45,Caucasian,0,0,0,1.0,-1.0,F,arrest case no charge,0,0,,1,Low,0
Female,Less than 25,Asian,0,0,0,0.0,-1.0,F,Grand Theft in the 3rd Degree,0,0,,0,Low,0
Male,Greater than 45,African-American,0,0,0,2.0,-1.0,F,Pos Cannabis W/Intent Sel/Del,1,1,Battery on a Person Over 65,2,High,0
Female,25 - 45,Native American,0,0,0,2.0,0.0,M,Battery,1,0,Aggravated Battery / Pregnant,2,Low,0
Female,Greater than 45,Native American,0,0,0,3.0,-1.0,M,Possess Cannabis/20 Grams Or Less,1,1,Battery,3,High,1
Male,Less than 25,African-American,1,0,0,8.0,-1.0,F,Resist Officer w/Violence,1,1,Viol Injunct Domestic Violence,8,High,1
Male,25 - 45,Asian,0,0,0,0.0,-1.0,F,Grand Theft in the 3rd Degree,1,0,Possession of Cocaine,0,Medium,1
Female,Less than 25,Hispanic,0,0,0,1.0,-1.0,F,Uttering a Forged Instrument,0,0,Tresspass in Struct/Convey Occupy,1,Low,0
Female,Less than 25,Caucasian,0,0,0,1.0,-1.0,F,arrest case no charge,1,0,Retaliate Wit/Vict No Injury,1,Low,1
Female,Greater than 45,Asian,0,0,0,0.0,-1.0,M,Battery,0,0,,0,Low,0
Female,Greater than 45,Hispanic,0,0,0,6.0,-1.0,F,arrest case no charge,0,0,Robbery W/Firearm,6,Medium,0
Male,Less than 25,Caucasian,0,1,0,1.0,-5.0,F,Robbery / No Weapon,1,1,Felony Battery w/Prior Convict,1,High,1
Male,Greater than 45,Native American,0,0,0,0.0,-1.0,M,Battery,0,0,,0,Low,0
Female,25 - 45,Asian,0,0,0,8.0,-1.0,F,arrest case no charge,0,0,,8,Low,0
Female,Greater than 45,Caucasian,0,0,0,0.0,-1.0,M,Susp Drivers Lic 1st Offense,1,1,Stalking (Aggravated),0,Low,0
Female,25 - 45,Other,0,0,0,0.0,0.0,F,Uttering a Forged Instrument,0,0,,0,Low,0
Female,Greater than 45,Caucasian,0,0,0,1.0,-11.800966950765726,M,Pos Cannabis W/Intent Sel/Del,0,0,,1,Medium,0
Female,25 - 45,Hispanic,0,0,0,0.0,0.0,M,Battery,0,0,,0,Medium,0
Female,25 - 45,Caucasian,0,0,1,2.0,-1.0,F,Robbery / Weapon,1,1,Battery,1,Medium,1
Male,Greater than 45,Hispanic,0,0,0,8.0,-1.0,F,arrest case no charge,0,0,,8,Low,0
Male,Less than 25,Asian,0,0,0,9.0,-1.0,F,arrest case no charge,1,0,Unlaw LicTag/Sticker Attach,9,High,0
Male,Greater than 45,Other,0,0,0,0.0,-1.0,M,Uttering a Forged Instrument,1,0,Possess Cannabis/20 Grams Or Less,0,Low,1
Male,25 - 45,Caucasian,0,0,0,3.0,-1.0,M,Driving Under The Influence,0,0,,3,Medium,0
Male,25 - 45,Hispanic,0,0,0,0.0,-1.0,F,Uttering a Forged Instrument,0,0,,0,Low,0
Female,Less than 25,Native American,0,0,0,8.0,-1.0,F,Felony Battery (Dom Strang),1,1,Stalking (Aggravated),8,Medium,1
Female,25 - 45,Other,0,0,0,7.0,-1.0,M,Battery,0,0,,7,Medium,0
Male,Less than 25,Native American,0,0,0,3.0,-1.0,F,arrest case no charge,0,0,,3,Low,0
Female,25 - 45,Asian,0,0,0,1.0,-1.0,F,arrest case no charge,1,0,Petit Theft,1,Low,1
Male,25 - 45,Caucasian,0,0,0,2.0,-3.0,F,Uttering a Forged Instrument,1,0,Resist/Obstruct W/O Violence,2,Medium,1
Female,Greater than 45,African-American,0,0,0,0.0,-1.0,F,Uttering a Forged Instrument,0,0,,0,Low,0
Female,Greater than 45,Hispanic,0,0,0,0.0,0.0,M,Battery,1,1,Aggravated Battery / Pregnant,0,Medium,1
Male,25 - 45,African-American,1,0,0,6.0,-1.0,F,arrest case no charge,1,0,Opert With Susp DL 2nd Offens,6,High,1
Male,25 - 45,Other,0,0,0,1.0,-22.0,M,Possess Cannabis/20 Grams Or Less,0,0,,1,Low,0
Female,25 - 45,Asian,0,0,0,1.0,0.0,M,Battery,0,0,,1,Low,0
Female,25 - 45,Hispanic,0,0,0,1.0,-1.0,M,Battery,1,0,Petit Theft,1,Medium,1
Female,Less than 25,Asian,0,0,1,4.0,0.0,F,arrest case no charge,0,0,,4,Low,0
Female,Greater than 45,African-American,0,0,1,1.0,-1.0,F,Uttering a Forged Instrument,1,0,Possess Cannabis/20 Grams Or Less,1,High,1
Female,Less than 25,Hispanic,0,0,0,2.0,0.0,F,Grand Theft in the 3rd Degree,1,0,Resist/Obstruct W/O Violence,2,Low,1
Female,Greater than 45,Hispanic,0,0,0,0.0,-1.0,M,Battery,0,0,,0,High,0
Male,25 - 45,Caucasian,0,0,0,2.0,-1.0,F,arrest case no charge,0,0,,2,Medium,0
Male,25 - 45,Asian,0,0,0,1.0,-6.0,M,Battery,1,0,Aggravated Battery / Pregnant,1,Medium,1
Male,25 - 45,African-American,0,0,0,6.0,-1.0,F,Possession of Cannabis,1,0,Possession of Cocaine,6,Medium,1
Male,Less than 25,Other,0,0,1,3.0,-1.0,F,Grand Theft (Motor Vehicle),1,0,Burglary Conveyance Unoccup,3,Medium,0
Female,25 - 45,African-American,0,0,1,1.0,-1.0,F,Uttering a Forged Instrument,0,0,,1,Low,0
Female,Less than 25,Hispanic,1,0,1,19.0,-1.0,F,arrest case no charge,1,0,,19,High,0
Female,Less than 25,Caucasian,1,1,1,2.0,-1.0,F,Agg Fleeing/Eluding High Speed,1,0,Petit Theft,2,High,1
Male,Less than 25,Caucasian,0,0,1,1.0,-1.0,F,Pos Cannabis W/Intent Sel/Del,1,0,Possess Cannabis/20 Grams Or Less,1,Low,1
Male,25 - 45,Caucasian,0,0,0,2.0,-1.0,F,Grand Theft in the 3rd Degree,0,0,,2,Low,0
Female,Greater than 45,Other,0,0,0,0.0,-1.0,M,Battery,0,0,,0,Low,0
Female,25 - 45,African-American,0,0,0,1.0,-2.0,M,Battery,1,0,Petit Theft,1,Low,1
Female,Less than 25,Other,0,0,0,4.0,-1.0,F,Uttering a Forged Instrument,0,0,,4,Low,0
Male,Greater than 45,African-American,0,0,0,11.0,-1.0,M,arrest case no charge,1,0,Possess Cannabis/20 Grams Or Less,11,High,1
Female,25 - 45,African-American,0,0,0,1.0,-22.92797139117466,M,Battery,0,0,,1,Low,0
Male,25 - 45,Asian,0,0,0,3.0,-1.0,F,Uttering a Forged Instrument,1,1,Felony Battery (Dom Strang),3,Medium,1
Female,Less than 25,Asian,0,0,0,9.0,-2.0,F,arrest case no charge,1,0,,9,Medium,0
Male,Less than 25,Other,0,2,0,8.0,-1.0,M,Battery,1,1,Robbery W/Firearm,8,High,1
Female,Greater than 45,Native American,0,11,2,28.171925993229475,-1.0,F,arrest case no charge,1,0,Deliver Cannabis 1000FTSch,28,High,1
Female,Less than 25,Caucasian,0,0,0,1.0,-5.0,M,Driving Under The Influence,0,0,,1,Low,0
Male,Greater than 45,Caucasian,0,0,0,2.0,0.0,F,Uttering a Forged Instrument,1,0,Possession of Cocaine,2,Medium,1
Male,Greater than 45,Caucasian,0,0,0,0.0,-1.0,M,Battery,0,0,,0,Low,0
Female,25 - 45,Caucasian,0,0,0,0.0,-1.0,M,Possess Cannabis/20 Grams Or Less,1,0,Burglary Structure Unoccup,0,Low,0
Female,Less than 25,Other,0,0,0,0.0,-1.0,F,Pos Cannabis W/Intent Sel/Del,0,0,,0,Low,0
Female,25 - 45,Hispanic,0,0,0,5.0,-1.0,F,arrest case no charge,1,0,Aggravated Battery / Pregnant,5,Low,0
Male,Less than 25,Other,0,0,0,3.0,-1.0,F,Uttering a Forged Instrument,0,0,,3,Medium,0
Male,Greater than 45,Hispanic,0,0,0,1.0,-1.0,F,Uttering a Forged Instrument,1,0,Aggravated Battery / Pregnant,1,Medium,1
Female,Less than 25,African-American,0,0,0,3.0,-1.0,M,Battery,1,1,Battery,3,Low,1
Male,Less than 25,Hispanic,2,0,0,19.0,-18.0,M,Burglary Structure Unoccup,1,1,Felony Battery (Dom Strang),19,High,1
Female,Greater than 45,Native American,0,0,0,4.0,0.0,F,Pos Cannabis W/Intent Sel/Del,1,1,Battery,4,High,1
Female,25 - 45,Hispanic,0,0,0,0.0,-1.0,M,Battery,1,0,Viol Injunct Domestic Violence,0,Low,1
Male,25 - 45,Native American,0,0,0,0.0,0.0,F,Uttering a Forged Instrument,0,0,,0,Low,0
Male,25 - 45,Asian,0,0,0,0.0,0.0,F,Uttering a Forged Instrument,0,0,,0,High,1
Female,25 - 45,Native American,0,0,1,5.0,-1.0,F,arrest case no charge,1,0,Grand Theft in the 3rd Degree,5,Medium,1
Female,Greater than 45,Caucasian,0,0,0,0.0,0.0,F,Uttering a Forged Instrument,0,0,,0,Low,0
Male,Less than 25,Other,0,0,0,0.0,-1.0,M,Uttering a Forged Instrument,0,0,,0,Low,0
Male,Greater than 45,Asian,0,0,0,1.0,-1.0,F,Uttering a Forged Instrument,0,0,,1,High,0
Male,Greater than 45,Native American,0,0,0,10.0,-1.0,M,arrest case no charge,1,1,Robbery W/Firearm,10,Medium,1
Female,Less than 25,Other,0,0,0,1.0,-1.0,F,Uttering a Forged Instrument,0,0,,1,High,0
Female,Greater than 45,Caucasian,0,0,0,2.0,0.0,M,Battery,0,0,,2,Low,0
Female,Greater than 45,African-American,0,0,0,0.0,-1.0,M,Battery,0,0,,0,High,0
Female,Greater than 45,Native American,0,0,0,2.0,-1.0,M,arrest case no charge,1,1,Felony Battery w/Prior Convict,2,High,0
Male,Greater than 45,African-American,0,0,0,2.0,-1.0,M,Battery,0,0,,2,Low,0
Female,Less than 25,Native American,0,0,1,1.0,0.0,F,Pos Cannabis W/Intent Sel/Del,1,0,Possession of Cocaine,1,Medium,1
Female,Greater than 45,Asian,0,0,0,14.0,-1.0,F,arrest case no charge,1,0,Possess Cannabis/20 Grams Or Less,14,Medium,1
Female,25 - 45,Native American,0,0,0,1.0,-3.0,F,arrest case no charge,0,0,,1,Low,0
Male,Less than 25,Asian,0,0,0,1.0,-1.0,F,Uttering a Forged Instrument,0,0,,1,Medium,0
Male,Greater than 45,Asian,0,0,0,4.0,0.0,M,Battery,0,0,,4,Low,0
Female,Less than 25,Caucasian,0,0,0,3.0,-1.0,F,arrest case no charge,0,0,,3,Medium,0
Female,Less than 25,Asian,0,0,0,1.0,-1.0,F,Uttering a Forged Instrument,1,0,Burglary Structure Unoccup,1,Low,1
Female,Less than 25,Caucasian,0,0,0,1.0,0.0,F,Pos Cannabis W/Intent Sel/Del,0,0,,1,Low,0
Female,Less than 25,Hispanic,0,0,0,1.0,0.0,M,Battery,0,0,,1,Medium,0
Male,25 - 45,Other,0,0,0,1.0,-1.0,M,Battery,0,0,,1,High,0
Female,Less than 25,Asian,0,0,0,6.0,-1.0,F,Grand Theft in the 3rd Degree,1,0,Petit Theft,6,Low,1
Female,25 - 45,Caucasian,0,0,0,0.0,0.0,M,Uttering a Forged Instrument,0,0,,0,Low,0
Male,25 - 45,Hispanic,0,0,0,1.0,0.0,M,Possess Cannabis/20 Grams Or Less,1,1,Battery,1,High,1
Male,Greater than 45,Other,0,0,0,8.0,-1.0,M,Battery,1,0,Opert With Susp DL 2nd Offens,8,Low,1
Male,25 - 45,Other,0,0,0,1.0,-1.0,F,Uttering a Forged Instrument,1,0,Petit Theft,1,Low,1
Female,25 - 45,Hispanic,0,0,0,0.0,-1.0,F,Grand Theft in the 3rd Degree,1,0,Fail Register Vehicle,0,Medium,1
Male,Greater than 45,Other,0,0,0,6.0,-1.0,M,Battery,1,0,Burglary Conveyance Unoccup,6,Medium,1
Female,25 - 45,Native American,0,0,0,1.0,-1.0,M,Battery,0,0,,1,Low,0
Female,25 - 45,Hispanic,0,0,0,0.0,0.0,F,Uttering a Forged Instrument,1,1,Aggravated Battery / Pregnant,0,Medium,1
Male,Less than 25,Hispanic,1,0,0,1.0,-1.0,F,arrest case no charge,1,0,,1,High,1
Male,25 - 45,Native American,0,0,0,1.0,-1.0,F,Uttering a Forged Instrument,1,0,Possession of Cocaine,1,Low,1
Male,Less than 25,Caucasian,0,0,0,0.0,0.0,F,Uttering a Forged Instrument,0,0,,0,Low,0
Male,Greater than 45,Asian,0,0,0,1.0,-2.0,M,Driving Under The Influence,0,0,,1,Medium,0
Male,Less than 25,Native American,0,0,0,3.0,0.0,F,Uttering a Forged Instrument,1,0,,3,Low,0
Female,Greater than 45,African-American,0,0,0,4.0,-1.0,F,Uttering a Forged Instrument,0,0,,4,Medium,0
Male,Less than 25,Caucasian,0,0,0,0.0,0.0,M,Possess Cannabis/20 Grams Or Less,1,1,Stalking (Aggravated),0,High,1
Female,Less than 25,Caucasian,0,0,0,3.0,-2.0,F,Battery,1,0,Trespass Struct/Conveyance,3,Low,1
Male,Less than 25,Asian,0,0,0,0.0,0.0,F,Uttering a Forged Instrument,0,0,,0,Low,0
Male,25 - 45,Caucasian,2,1,0,9.0,-1.0,F,Leave Acc/Attend Veh/More $50,0,0,,9,High,0
Female,Less than 25,Asian,0,0,1,10.0,-1.0,F,arrest case no charge,1,0,Tresspass in Struct/Convey Occupy,10,Medium,1
Female,Greater than 45,Other,0,0,0,13.0,0.0,M,Battery,1,1,Battery,13,Low,1
Male,Greater than 45,Hispanic,0,1,1,8.0,-1.0,F,arrest case no charge,1,0,Burglary Structure Unoccup,8,High,1
Male,Greater than 45,Other,0,0,0,6.0,-1.0,M,arrest case no charge,1,1,Felony Battery (Dom Strang),6,Medium,1
Male,Less than 25,Other,0,0,0,1.0,-1.0,F,arrest case no charge,0,0,,1,Low,0
Male,Less than 25,Other,0,1,0,6.0,-1.0,F,Robbery / No Weapon,1,1,Stalking (Aggravated),6,High,1
Male,Greater than 45,African-American,0,0,0,11.0,0.0,F,arrest case no charge,1,0,Tresspass in Struct/Convey Occupy,11,High,1
Male,Less than 25,Asian,0,0,0,2.0,-1.0,F,Pos Cannabis W/Intent Sel/Del,1,0,Neglect Child / No Bodily Harm,2,Medium,1
Female,25 - 45,Other,0,0,0,0.0,-1.0,M,Susp Drivers Lic 1st Offense,0,0,,0,Medium,0
Male,Less than 25,Asian,0,0,0,0.0,-1.0,F,Grand Theft in the 3rd Degree,0,0,,0,Low,0
Male,Less than 25,Caucasian,0,0,0,9.0,0.0,M,arrest case no charge,1,0,Trespass,9,Low,1
Male,Less than 25,Caucasian,0,0,0,0.0,-1.0,M,Battery,0,0,,0,Low,0
Female,Less than 25,Asian,0,0,0,1.0,0.0,M,Battery,0,0,,1,Low,0
Female,Greater than 45,Native American,0,0,0,0.0,-1.0,F,Uttering a Forged Instrument,1,0,Fail Register Vehicle,0,Medium,1
Male,Less than 25,Native American,0,0,0,0.0,-1.0,M,Battery,0,0,,0,Low,0
Male,Greater than 45,African-American,0,0,0,0.0,-1.0,M,Battery,1,0,Retaliate Wit/Vict No Injury,0,Medium,1
Male,25 - 45,Native American,0,0,0,2.0,-1.0,F,Pos Cannabis W/Intent Sel/Del,1,1,Stalking (Aggravated),2,Medium,1
Male,Greater than 45,Caucasian,0,0,0,2.0,-1.0,F,Possession of Cannabis,0,0,,2,Medium,0
Female,25 - 45,Caucasian,0,0,0,2.0,-1.0,F,Uttering a Forged Instrument,0,0,,2,Low,0
Female,Greater than 45,Caucasian,0,0,0,0.0,0.0,M,Battery,0,0,,0,Low,0
Female,Greater than 45,Hispanic,1,0,1,1.0,-1.0,F,arrest case no charge,1,0,Trespass Struct/Conveyance,1,High,1
Female,Less than 25,Caucasian,0,0,0,1.0,-1.0,M,Driving Under The Influence,1,0,Opert With Susp DL 2nd Offens,1,Low,1
Male,Less than 25,Asian,0,0,0,1.0,-1.0,F,Grand Theft in the 3rd Degree,1,0,Petit Theft,1,High,1
Female,25 - 45,Caucasian,0,0,0,1.0,-1.0,F,arrest case no charge,1,0,Battery,1,Low,1
Male,25 - 45,Hispanic,0,0,0,1.0,-1.0,F,Uttering a Forged Instrument,1,0,Possess Cannabis/20 Grams Or Less,1,Low,1
Female,Greater than 45,Native American,0,0,0,0.0,-1.0,M,Uttering a Forged Instrument,1,0,Resist/Obstruct W/O Violence,0,Low,0
Male,Less than 25,Native American,0,0,0,2.0,-1.0,F,Driving Under The Influence,1,1,Viol Injunct Domestic Violence,2,Low,1
Male,Greater than 45,African-American,0,0,0,2.0,-4.0,M,Driving Under The Influence,1,0,Poss Cocaine/Intent To Del/Sel,2,Low,1
Female,25 - 45,Native American,0,0,0,0.0,-1.0,F,Uttering a Forged Instrument,0,0,,0,Low,0
Male,Greater than 45,Asian,0,0,0,2.0,-1.0,F,arrest case no charge,0,0,,2,Medium,0
Female,25 - 45,Caucasian,0,0,0,7.0,-1.0,F,arrest case no charge,0,0,,7,Low,0
Female,Greater than 45,Caucasian,0,0,0,0.0,0.0,M,Uttering a Forged Instrument,0,0,,0,Low,0
Female,Less than 25,Caucasian,0,0,0,0.0,0.0,M,Uttering a Forged Instrument,0,0,,0,Low,0
Male,Less than 25,African-American,1,0,0,16.0,-1.0,F,arrest case no charge,0,0,,16,Medium,0
Male,Less than 25,Native American,0,0,0,0.0,-1.0,M,Uttering a Forged Instrument,1,0,Possess Cannabis/20 Grams Or Less,0,Low,1
Male,25 - 45,African-American,0,0,0,0.0,-1.0,M,Battery,0,0,,0,Low,0
Male,Greater than 45,Native American,0,0,0,0.0,-1.0,F,Uttering a Forged Instrument,0,0,,0,High,0
Female,Greater than 45,Asian,0,0,0,1.0,-8.0,F,Uttering a Forged Instrument,1,0,Possession of Cocaine,1,Low,1
Female,Greater than 45,Hispanic,0,0,0,1.0,-1.0,F,Grand Theft in the 3rd Degree,0,0,,1,Low,0
Male,25 - 45,Asian,0,0,0,1.0,0.0,F,Uttering a Forged Instrument,1,1,Stalking (Aggravated),1,Low,1
Male,Less than 25,African-American,0,0,0,1.0,-1.0,F,Possession of Cannabis,0,0,,1,Low,0
Female,25 - 45,Hispanic,0,0,0,9.0,-1.0,F,arrest case no charge,1,0,Possess Cannabis/20 Grams Or Less,9,Medium,1
Female,Greater than 45,Hispanic,0,0,0,1.0,-1.0,F,Uttering a Forged Instrument,1,0,Resist/Obstruct W/O Violence,1,High,1
Female,Less than 25,Hispanic,0,0,0,0.0,-2.0,F,Grand Theft in the 3rd Degree,0,0,,0,Medium,0
Male,Greater than 45,Native American,0,0,0,1.0,-24.0,F,Uttering a Forged Instrument,1,0,Neglect Child / No Bodily Harm,1,Low,1
Female,Greater than 45,Caucasian,0,0,0,0.0,0.0,M,Driving Under The Influence,0,0,,0,Low,0
Male,Greater than 45,Other,0,0,0,2.0,-1.0,F,Uttering a Forged Instrument,1,1,Battery,2,High,1
Female,Greater than 45,Asian,0,0,0,4.0,-1.0,F,Driving Under The Influence,1,0,Possession of Cocaine,4,Low,1
Male,Less than 25,African-American,0,0,0,0.0,-1.0,F,Uttering a Forged Instrument,0,0,,0,Medium,0
Female,Greater than 45,African-American,0,0,0,1.0,-22.0,M,Uttering a Forged Instrument,0,0,,1,Low,0
Male,25 - 45,Asian,0,0,0,1.0,-1.0,F,Uttering a Forged Instrument,0,0,,1,Low,0
Male,Greater than 45,Other,0,0,0,0.0,0.0,M,Driving Under The Influence,1,0,Trespass,0,Low,1
Female,25 - 45,Other,0,0,0,0.0,-1.0,F,Uttering a Forged Instrument,0,0,,0,Low,0
Male,Less than 25,Other,0,0,0,3.0,-1.0,F,Possession of Cannabis,1,0,Felony Battery (Dom Strang),3,Medium,1
Female,Less than 25,Native American,0,0,0,4.0,-1.0,F,Uttering a Forged Instrument,1,0,Possession of Cocaine,4,High,1
Female,Less than 25,Hispanic,0,0,0,2.0,-1.0,M,Possess Cannabis/20 Grams Or Less,0,0,,2,Medium,0
Female,Less than 25,Hispanic,0,0,0,10.0,-28.0,F,arrest case no charge,1,0,Trespass Struct/Conveyance,10,Medium,1
Male,Less than 25,Caucasian,0,0,0,0.0,-1.0,M,Battery,0,0,,0,Medium,0
Female,Greater than 45,Caucasian,0,0,0,13.0,-28.0,M,Possession of Cannabis,0,0,,13,Medium,0
Male,Less than 25,Asian,0,0,0,0.0,0.0,F,Uttering a Forged Instrument,0,0,,0,Low,0
Female,Greater than 45,Native American,0,0,0,0.0,-1.0,M,Battery,0,0,,0,Low,0
Female,Greater than 45,Native American,3,0,1,14.0,-1.0,F,arrest case no charge,1,0,Felony Petit Theft,14,High,1
Male,25 - 45,Asian,0,0,0,0.0,-1.0,M,Battery,1,0,Expired DL More Than 6 Months,0,Low,1
Male,Greater than 45,Asian,0,0,0,1.0,-1.0,M,Driving Under The Influence,0,0,Burglary Structure Unoccup,1,Low,0
Male,25 - 45,Asian,0,0,0,3.0,-1.0,F,Grand Theft in the 3rd Degree,1,0,Fail Register Vehicle,3,High,1
Male,Less than 25,Hispanic,0,0,0,0.0,0.0,F,Grand Theft in the 3rd Degree,0,0,,0,Low,0
Male,Greater than 45,African-American,0,0,0,1.0,-1.0,F,Uttering a Forged Instrument,1,0,,1,Medium,1
Male,Less than 25,Asian,0,2,0,3.0,-1.0,F,Possession of Cannabis,1,0,Possess Cannabis/20 Grams Or Less,3,High,1
Female,Less than 25,African-American,0,0,0,7.0,-1.0,F,arrest case no charge,1,0,Viol Injunct Domestic Violence,7,Low,1
Male,Less than 25,African-American,0,0,0,4.0,-1.0,F,arrest case no charge,0,0,,4,Low,0
Male,25 - 45,Hispanic,0,0,0,12.0,-1.0,F,arrest case no charge,1,1,Battery on a Person Over 65,13,Medium,1
Male,Greater than 45,Other,0,0,0,3.0,-1.0,F,Uttering a Forged Instrument,1,0,Resist/Obstruct W/O Violence,3,Medium,1
Female,Greater than 45,Native American,0,0,0,1.0,-1.0,F,Uttering a Forged Instrument,1,0,Possess Cannabis/20 Grams Or Less,1,Low,1
Female,Less than 25,Native American,0,1,0,4.0,-1.0,F,arrest case no charge,0,0,,4,Low,0
Female,Less than 25,Native American,0,0,0,3.0,-1.0,F,Grand Theft in the 3rd Degree,1,1,Battery,3,High,1
Male,Greater than 45,African-American,0,0,0,1.0,-13.0,F,Uttering a Forged Instrument,0,0,,1,Low,0
Female,Less than 25,African-American,1,0,1,1.0,4.667971722491757,F,arrest case no charge,1,0,Possess Cannabis/20 Grams Or Less,1,Medium,1
Female,25 - 45,Caucasian,0,0,0,3.0,-3.0,F,Uttering a Forged Instrument,1,0,Possess Cannabis/20 Grams Or Less,3,Medium,1
Female,25 - 45,African-American,0,1,0,2.0,-1.0,M,Battery,1,1,Robbery W/Firearm,2,Low,1
Male,25 - 45,Native American,0,0,1,0.0,-1.0,M,Uttering a Forged Instrument,1,0,Resist/Obstruct W/O Violence,0,Low,1
Female,Greater than 45,Other,0,0,0,8.0,-1.0,M,Battery,1,0,Battery,8,Medium,1
Female,25 - 45,African-American,0,0,0,4.0,-1.0,F,arrest case no charge,1,1,Robbery W/Firearm,4,High,1
Female,Greater than 45,Hispanic,0,0,0,2.0,-1.0,F,arrest case no charge,0,0,Aggravated Battery / Pregnant,2,Medium,0
Female,Greater than 45,African-American,0,0,0,2.0,-1.0,F,Uttering a Forged Instrument,0,0,,2,Low,0
Male,Greater than 45,Other,0,0,0,0.0,-1.0,M,Uttering a Forged Instrument,0,0,,0,Low,0
Female,Greater than 45,Asian,0,0,0,0.0,-1.0,M,Driving Under The Influence,0,0,,0,High,0
Male,25 - 45,Caucasian,0,0,0,1.0,0.0,M,Driving Under The Influence,0,0,,1,Low,0
Male,25 - 45,Hispanic,0,0,0,0.0,-1.0,M,Battery,0,0,,0,Low,0
Female,Greater than 45,Caucasian,0,0,0,0.0,-1.0,F,Uttering a Forged Instrument,0,0,,0,Low,0
Male,Less than 25,Other,0,0,0,1.0,-1.0,M,Driving Under The Influence,0,0,,1,Low,0
Female,Greater than 45,Native American,0,0,0,0.0,-1.0,M,Uttering a Forged Instrument,1,0,Susp Drivers Lic 1st Offense,0,Medium,1
Male,25 - 45,African-American,0,0,0,2.0,-1.0,F,Uttering a Forged Instrument,1,0,Fail Register Vehicle,2,Low,1
Female,Greater than 45,Hispanic,0,0,0,0.0,-1.0,F,Uttering a Forged Instrument,0,0,,0,Low,0
Male,25 - 45,Caucasian,0,1,0,7.0,-1.0,F,Tresspass in Structure or Conveyance,1,1,Battery,7,High,1
Male,Less than 25,Other,0,0,0,3.0,-1.0,F,Pos Cannabis W/Intent Sel/Del,1,0,Possess Cannabis/20 Grams Or Less,3,Medium,1
Male,25 - 45,Asian,0,0,0,0.0,0.0,M,Battery,0,0,,0,Low,0
Male,Greater than 45,Hispanic,0,0,0,0.0,-1.0,M,Battery,0,0,,0,Low,0
Male,Greater than 45,Hispanic,0,0,0,14.0,-1.0,M,arrest case no charge,1,1,Felony Battery (Dom Strang),14,Low,1
Male,Greater than 45,Caucasian,0,0,0,2.0,-1.0,M,Driving Under The Influence,0,0,,2,Low,0
Female,Greater than 45,African-American,0,0,0,0.0,-1.0,F,Uttering a Forged Instrument,0,0,,0,Low,0
Female,25 - 45,Other,0,0,0,2.0,-1.0,F,Grand Theft in the 3rd Degree,0,0,,2,Low,0
Male,Less than 25,Hispanic,0,0,0,1.0,0.0,F,Uttering a Forged Instrument,0,0,,1,Low,0
Female,Less than 25,Caucasian,0,0,0,8.0,-1.0,M,arrest case no charge,1,0,Fail Register Vehicle,8,Low,1
Male,25 - 45,African-American,0,0,0,15.0,-1.0,M,arrest case no charge,0,0,,15,High,0
Female,25 - 45,Asian,0,0,0,16.0,-2.0,F,arrest case no charge,1,0,Possession of Cocaine,16,High,1
Female,Less than 25,Asian,0,0,1,5.0,-1.0,F,arrest case no charge,1,0,Resist/Obstruct W/O Violence,5,High,1
Male,Less than 25,Hispanic,0,0,0,0.0,0.0,M,Possess Cannabis/20 Grams Or Less,0,0,,0,Medium,0
Male,25 - 45,Native American,0,0,0,0.0,0.0,F,Uttering a Forged Instrument,1,1,Battery on a Person Over 65,0,Low,1
Female,Greater than 45,Hispanic,0,0,0,2.0,0.0,M,Battery,0,0,,2,Low,0
Female,Less than 25,Caucasian,0,0,0,5.0,-1.0,F,arrest case no charge,1,0,Resist/Obstruct W/O Violence,5,Medium,1
Female,25 - 45,Other,0,0,0,9.0,-1.0,F,arrest case no charge,1,0,Petit Theft,9,High,1
Female,Less than 25,Native American,0,0,0,0.0,-1.0,F,Uttering a Forged Instrument,0,0,,0,Low,0
Male,Greater than 45,Native American,0,0,2,0.0,-1.0,F,Tampering With Physical Evidence,1,1,Felony Battery (Dom Strang),0,Low,0
Male,25 - 45,Hispanic,0,0,0,3.0,-1.0,F,Grand Theft in the 3rd Degree,1,0,Possess Cannabis/20 Grams Or Less,3,High,1
Male,Less than 25,Native American,0,0,0,5.0,-1.0,F,Grand Theft (Motor Vehicle),1,0,Neglect Child / No Bodily Harm,5,Low,1
Female,25 - 45,Hispanic,0,0,3,2.0,-1.0,F,arrest case no charge,1,0,Trespass Struct/Conveyance,2,High,1
Female,Greater than 45,Asian,0,0,0,7.0,-1.0,F,arrest case no charge,1,0,Unlaw LicTag/Sticker Attach,7,Medium,1
Male,25 - 45,Asian,0,0,0,0.0,-1.0,F,Uttering a Forged Instrument,1,0,Fail Register Vehicle,0,Low,1
Female,Less than 25,Other,0,0,0,1.0,-1.0,F,Pos Cannabis W/Intent Sel/Del,0,0,,1,Low,0
Female,25 - 45,Asian,0,0,0,0.0,-1.0,F,Grand Theft in the 3rd Degree,1,0,Burglary Structure Unoccup,0,Low,1
Male,25 - 45,Hispanic,0,0,0,0.0,-1.0,M,Uttering a Forged Instrument,0,0,,0,Low,0
Female,25 - 45,Native American,0,0,0,1.0,-1.0,F,Uttering a Forged Instrument,0,0,,1,Low,0
Female,25 - 45,Hispanic,0,0,0,1.0,-1.0,F,arrest case no charge,0,0,,1,Medium,0
Male,Less than 25,Native American,0,0,0,0.0,-1.0,M,Battery,0,0,,0,Low,0
Male,Less than 25,Other,0,0,0,0.0,-1.0,F,Uttering a Forged Instrument,1,0,Susp Drivers Lic 1st Offense,0,High,1
Male,25 - 45,Other,0,0,0,6.0,0.0,F,arrest case no charge,0,0,,6,Low,0
Male,Less than 25,Other,0,0,0,11.0,0.0,F,arrest case no charge,1,0,Unlaw LicTag/Sticker Attach,11,Medium,1
Male,25 - 45,Hispanic,0,0,0,1.0,-1.0,F,arrest case no charge,0,0,,1,Low,0
Male,Greater than 45,African-American,0,0,0,0.0,-1.0,M,Battery,0,0,,0,Low,0
Female,Greater than 45,Native American,0,0,0,14.0,-1.0,F,arrest case no charge,1,1,Felony Battery w/Prior Convict,14,Medium,1
Male,25 - 45,Caucasian,0,0,0,3.0,-4.0,M,arrest case no charge,0,0,,3,Low,0
Female,25 - 45,Asian,0,0,0,4.0,-1.0,F,Uttering a Forged Instrument,0,0,,4,Low,0
Female,Greater than 45,Hispanic,0,0,0,0.0,0.0,F,Uttering a Forged Instrument,0,0,,0,Low,0
Male,Greater than 45,Caucasian,0,0,0,7.0,-1.0,F,arrest case no charge,1,0,Viol Injunct Domestic Violence,7,High,1
Female,Greater than 45,Hispanic,0,0,0,1.0,-1.0,F,Uttering a Forged Instrument,1,0,Petit Theft,1,Low,1
Male,25 - 45,Hispanic,0,0,0,0.0,-1.0,F,Uttering a Forged Instrument,1,0,Robbery W/Firearm,0,Medium,1
Male,Greater than 45,Native American,0,0,0,0.0,0.0,F,Uttering a Forged Instrument,1,0,Opert With Susp DL 2nd Offens,0,Low,1
Female,25 - 45,Native American,0,2,2,11.0,-1.0,F,arrest case no charge,0,0,,11,High,0
Female,Less than 25,Native American,0,0,0,1.0,0.0,M,Battery,0,0,Neglect Child / No Bodily Harm,1,Low,1
Female,Less than 25,Native American,2,0,0,17.0,-8.274468586540845,F,Possession of Cannabis,1,0,Petit Theft,17,High,1
Male,Less than 25,Caucasian,0,0,0,0.0,-1.0,F,Uttering a Forged Instrument,1,0,,0,Low,0
Female,25 - 45,Hispanic,0,0,0,4.0,-1.0,F,Grand Theft in the 3rd Degree,1,1,Stalking (Aggravated),4,High,1
Male,Greater than 45,Asian,0,0,0,0.0,-1.0,F,Uttering a Forged Instrument,0,0,,0,Low,0
Female,Less than 25,Other,0,0,0,5.0,-1.0,M,Battery,1,0,Felony Petit Theft,5,Medium,1
Male,25 - 45,Asian,0,0,0,16.0,0.0,M,arrest case no charge,1,0,Felony Petit Theft,16,Medium,1
Female,Less than 25,African-American,0,0,0,4.0,-1.0,M,Battery,0,0,,4,Low,0
Male,Less than 25,Asian,0,0,0,5.0,20.912249691321932,F,Tresspass in Structure or Conveyance,1,1,Robbery W/Firearm,5,High,1
Female,25 - 45,Native American,0,0,0,1.0,-1.0,M,Driving Under The Influence,1,0,Robbery W/Firearm,1,Low,1
Female,Greater than 45,Asian,0,0,0,10.0,0.0,M,arrest case no charge,1,0,,10,Low,0
Female,25 - 45,Asian,0,0,0,0.0,-1.0,M,Driving Under The Influence,1,0,Viol Pretrial Release Dom Viol,0,Low,1
Male,Greater than 45,Caucasian,0,0,0,6.0,-1.0,F,arrest case no charge,1,0,Possess Cannabis/20 Grams Or Less,6,High,1
Male,Less than 25,Caucasian,0,0,0,7.0,-1.0,F,Possession of Cannabis,0,0,,7,Medium,0
Male,Less than 25,Native American,0,0,0,0.0,0.0,M,Susp Drivers Lic 1st Offense,1,0,Susp Drivers Lic 1st Offense,0,Low,1
Female,Greater than 45,Caucasian,0,0,0,1.0,-1.0,M,Battery,1,0,Felony Petit Theft,1,Low,1
Male,Greater than 45,Hispanic,0,0,0,2.0,-16.834568760487002,M,Driving Under The Influence,0,0,,2,Low,0
Male,Greater than 45,Other,0,0,0,0.0,0.0,M,Uttering a Forged Instrument,0,0,,0,Low,0
Male,Less than 25,Other,0,0,0,0.0,-1.0,F,Grand Theft in the 3rd Degree,1,0,Viol Pretrial Release Dom Viol,0,Medium,1
Female,25 - 45,African-American,0,0,0,1.0,-1.0,F,arrest case no charge,1,1,Viol Injunct Domestic Violence,1,Medium,1
Male,Less than 25,Native American,0,0,0,8.0,-1.0,M,arrest case no charge,0,0,,8,Medium,0
Female,Greater than 45,Other,0,0,0,2.0,-1.0,F,Pos Cannabis W/Intent Sel/Del,1,0,Aggravated Battery / Pregnant,2,Low,1
Male,Less than 25,African-American,0,0,0,2.0,-1.0,F,Uttering a Forged Instrument,1,0,Unlaw LicTag/Sticker Attach,2,Low,1
Female,Less than 25,Other,0,0,0,0.0,0.0,M,Possess Cannabis/20 Grams Or Less,0,0,,0,Medium,0
Female,Greater than 45,Hispanic,0,0,0,3.0,-24.0,F,arrest case no charge,1,0,Robbery W/Firearm,3,Medium,1
Male,25 - 45,African-American,0,0,0,1.0,-1.0,M,Driving Under The Influence,1,0,Tresspass in Struct/Convey Occupy,1,Low,1
Female,25 - 45,Asian,0,0,0,2.0,-1.0,F,Uttering a Forged Instrument,0,0,,2,Low,0
Female,25 - 45,African-American,0,0,0,0.0,-1.0,F,Grand Theft in the 3rd Degree,0,0,,0,Medium,0
Male,25 - 45,Other,0,0,0,0.0,0.0,M,Uttering a Forged Instrument,0,0,,0,Low,0
Male,Less than 25,Other,0,0,0,3.0,-1.0,F,arrest case no charge,1,0,Trespass Struct/Conveyance,3,Medium,1
Female,Greater than 45,Native American,0,0,0,5.0,-20.0,F,Driving Under The Influence,0,0,Stalking (Aggravated),5,High,1
Female,25 - 45,Native American,0,0,0,0.0,-3.0,F,Uttering a Forged Instrument,1,0,Felony Battery (Dom Strang),0,Low,1
Male,Less than 25,African-American,0,0,0,0.0,-1.0,M,Battery,0,0,,0,Low,0
Female,Less than 25,Other,0,0,0,3.0,0.0,M,Reckless Driving,1,1,Battery on a Person Over 65,3,Low,1
Female,Less than 25,Native American,0,0,0,0.0,-1.0,F,Pos Cannabis W/Intent Sel/Del,0,0,,0,Medium,0
Female,Less than 25,Caucasian,0,0,0,0.0,-1.0,M,Uttering a Forged Instrument,0,0,,0,Low,0
Male,Greater than 45,Hispanic,0,0,0,0.0,-1.0,M,Uttering a Forged Instrument,1,0,Trespass,0,Low,1
Male,Less than 25,African-American,0,0,0,0.0,-3.0,M,Pos Cannabis W/Intent Sel/Del,0,0,,0,Low,0
Male,Less than 25,Asian,0,0,0,0.0,-1.0,M,Battery,0,0,,0,Low,0
Female,Greater than 45,Asian,0,0,0,3.0,-1.0,M,Battery,1,0,Unlaw LicTag/Sticker Attach,3,Low,1
Female,Less than 25,Asian,0,0,0,1.0,-1.0,M,Battery,1,1,Battery,1,Medium,1
Male,25 - 45,Other,0,0,0,0.0,0.0,F,Grand Theft in the 3rd Degree,0,0,,0,Low,0
Male,25 - 45,Hispanic,0,0,0,0.0,-1.0,F,Grand Theft in the 3rd Degree,0,0,,0,Low,0
Male,Greater than 45,Other,0,0,0,0.0,0.0,M,Uttering a Forged Instrument,0,0,,0,Low,0
Female,25 - 45,Native American,0,0,0,20.0,0.0,F,arrest case no charge,1,0,Possess Cannabis/20 Grams Or Less,20,High,1
Female,Greater than 45,African-American,0,1,1,2.0,-1.0,M,arrest case no charge,1,0,,2,Low,1
Female,25 - 45,Asian,0,0,0,0.0,-1.0,F,Uttering a Forged Instrument,0,0,,0,Medium,0
Male,25 - 45,Native American,0,0,0,16.0,-1.0,F,arrest case no charge,1,1,Battery,16,High,1
Female,Greater than 45,Asian,0,0,0,4.0,-1.0,M,Battery,0,0,,4,Low,0
Female,Greater than 45,Native American,0,0,0,11.0,-1.0,M,arrest case no charge,1,0,,11,Medium,1
Male,Greater than 45,Hispanic,0,0,0,2.0,-1.0,M,Uttering a Forged Instrument,0,0,,2,Medium,0
Male,Less than 25,Hispanic,0,0,0,0.0,0.0,F,Uttering a Forged Instrument,0,0,,0,Low,0
Male,25 - 45,Asian,0,0,0,1.0,-1.0,M,Battery,0,0,,1,High,0
Female,Greater than 45,Native American,0,0,1,5.0,0.0,F,arrest case no charge,1,0,Possess Cannabis/20 Grams Or Less,5,Medium,1
Male,Greater than 45,Native American,0,0,0,3.0,-1.0,F,Uttering a Forged Instrument,1,0,Neglect Child / No Bodily Harm,3,Medium,1
Female,25 - 45,Native American,0,0,0,0.0,-1.0,M,Battery,0,0,,0,Low,0
Male,25 - 45,Other,0,0,2,2.0,-1.0,F,Grand Theft in the 3rd Degree,1,0,Burglary Structure Unoccup,2,Medium,1
Male,Greater than 45,Caucasian,0,0,0,7.0,-1.0,M,arrest case no charge,0,0,,7,High,0
Male,Less than 25,Asian,0,3,1,6.0,-1.0,F,Robbery / Weapon,1,0,Grand Theft in the 3rd Degree,6,High,1
Female,25 - 45,Other,0,0,0,10.0,-7.0,M,Driving Under The Influence,1,0,Possess Cannabis/20 Grams Or Less,10,Low,1
Male,25 - 45,African-American,0,0,0,2.0,-1.0,F,Uttering a Forged Instrument,0,0,,2,Low,0
Male,25 - 45,Caucasian,0,0,0,8.0,-8.0,F,arrest case no charge,1,0,Opert With Susp DL 2nd Offens,8,Low,1
Male,25 - 45,Hispanic,0,0,0,2.0,-1.0,F,Possession of Cannabis,0,0,,2,Low,0
Female,Greater than 45,Native American,0,0,0,0.0,-1.0,F,Pos Cannabis W/Intent Sel/Del,1,0,Poss Cocaine/Intent To Del/Sel,0,Low,1
Female,Less than 25,Caucasian,0,1,0,3.0,-1.0,M,Battery,1,0,Possess Cannabis/20 Grams Or Less,3,Medium,1
Male,Greater than 45,Hispanic,0,0,0,3.0,-1.0,M,Battery,1,0,Tresspass in Struct/Convey Occupy,3,Medium,1
Male,Less than 25,Other,0,0,0,12.0,-1.0,F,arrest case no charge,0,0,,12,High,0
Female,25 - 45,Hispanic,0,3,0,7.0,-11.0,F,arrest case no charge,1,0,Fail Register Vehicle,7,High,1
Female,Less than 25,Caucasian,0,0,0,0.0,-1.0,F,Grand Theft in the 3rd Degree,1,0,Resist/Obstruct W/O Violence,0,High,1
Female,Less than 25,Hispanic,0,0,0,0.0,0.0,F,Uttering a Forged Instrument,1,0,Stalking (Aggravated),0,Low,0
Male,Greater than 45,Other,0,0,0,2.0,-1.0,F,Uttering a Forged Instrument,1,0,Viol Injunct Domestic Violence,2,Medium,1
Female,25 - 45,Native American,0,0,0,0.0,-1.0,F,Uttering a Forged Instrument,1,0,Petit Theft,0,Low,1
Male,Greater than 45,Asian,0,0,0,2.0,-15.03019425928,M,Driving Under The Influence,1,1,Aggravated Battery / Pregnant,2,Low,1
Male,25 - 45,Native American,0,0,0,9.0,-1.0,F,arrest case no charge,1,1,Aggravated Battery / Pregnant,9,High,1
Female,25 - 45,Caucasian,0,0,0,9.0,0.0,M,arrest case no charge,1,0,Possession of Cocaine,9,Medium,1
Female,25 - 45,Native American,0,0,0,0.0,-1.0,M,Battery,0,0,,0,Low,0
Male,Less than 25,Hispanic,0,0,0,5.0,-1.0,M,arrest case no charge,0,0,,5,High,0
Male,Less than 25,Hispanic,0,0,0,0.0,0.0,M,Battery,0,0,,0,Low,0
Male,Greater than 45,African-American,0,0,0,3.0,0.0,F,Grand Theft (Motor Vehicle),1,0,Unlaw Use False Name/Identity,3,High,0
Male,Less than 25,Asian,0,0,0,0.0,0.0,M,Driving Under The Influence,0,0,,0,Low,0
Male,Greater than 45,Asian,0,0,0,1.0,-21.035278416150874,F,Pos Cannabis W/Intent Sel/Del,0,0,Neglect Child / No Bodily Harm,1,Low,1
Female,Less than 25,Asian,0,1,3,14.0,0.0,F,Oper Motorcycle W/O Valid DL,1,0,Poss Meth/Diox/Meth/Amp (MDMA),14,High,1
Female,Greater than 45,Native American,0,0,0,6.0,0.0,F,Possession of Cannabis,1,0,Possess Cannabis/20 Grams Or Less,6,Low,1
Male,Less than 25,Other,0,0,0,5.0,0.0,F,arrest case no charge,1,0,Petit Theft,5,Medium,1
Female,Greater than 45,African-American,0,0,0,1.0,-1.0,F,arrest case no charge,1,0,,1,Medium,1
Female,25 - 45,Native American,0,0,0,0.0,0.0,M,Uttering a Forged Instrument,0,0,,0,Low,0
Female,Less than 25,Hispanic,0,0,0,0.0,-5.0,M,Uttering a Forged Instrument,0,0,,0,Medium,0
Male,25 - 45,Asian,0,0,0,1.0,-1.0,F,Uttering a Forged Instrument,1,1,Battery,1,Low,1
Female,25 - 45,Caucasian,0,0,0,0.0,-1.0,F,Uttering a Forged Instrument,0,0,,0,Low,0
Male,Greater than 45,Asian,0,0,1,5.0,-1.0,M,arrest case no charge,1,1,Retaliate Wit/Vict No Injury,5,High,1
Female,25 - 45,African-American,0,0,0,0.0,0.0,F,Uttering a Forged Instrument,0,0,,0,High,1
Male,Greater than 45,Other,0,0,0,0.0,0.0,M,Uttering a Forged Instrument,0,0,,0,Low,0
Male,Greater than 45,Caucasian,0,0,0,1.0,-13.0,M,Battery,0,0,,1,Low,0
Male,Less than 25,Other,0,0,0,1.0,-1.0,M,Battery,1,0,Possess Cannabis/20 Grams Or Less,1,Low,1
Female,Less than 25,Asian,0,0,0,4.0,-11.0,F,Possession of Cannabis,0,0,,4,Low,0
Male,Less than 25,Native American,0,0,0,0.0,0.0,F,Uttering a Forged Instrument,1,1,Battery,0,Low,1
Female,Greater than 45,African-American,0,0,0,1.0,-27.0,F,Uttering a Forged Instrument,0,0,,1,Low,0
Male,Less than 25,African-American,0,0,0,0.0,-1.0,F,Uttering a Forged Instrument,1,0,Resist/Obstruct W/O Violence,0,Low,1
Female,Less than 25,Asian,0,0,0,4.0,0.0,F,Uttering a Forged Instrument,1,0,Opert With Susp DL 2nd Offens,4,Low,1
Female,25 - 45,Native American,0,0,0,0.0,-1.0,F,Uttering a Forged Instrument,1,0,,0,Low,1
Male,Less than 25,Other,0,1,0,1.0,-1.0,F,Uttering a Forged Instrument,1,0,Unlaw LicTag/Sticker Attach,1,High,1
Female,25 - 45,African-American,0,0,0,1.0,-1.0,F,Grand Theft in the 3rd Degree,1,0,Trespass Struct/Conveyance,1,Medium,1
Female,Less than 25,African-American,0,0,0,10.0,-1.0,F,arrest case no charge,1,0,Possession of Cocaine,10,High,1
Female,25 - 45,African-American,0,0,0,0.0,-2.0,M,Uttering a Forged Instrument,0,0,,0,Low,0
Female,Less than 25,Hispanic,0,0,0,1.0,0.0,M,Battery,0,0,,1,Low,0
Male,25 - 45,Other,0,0,0,0.0,0.0,F,Battery,1,0,Robbery W/Firearm,0,Low,1
Male,Less than 25,African-American,0,0,0,1.0,-1.0,M,Driving Under The Influence,0,0,,1,Low,0
Female,Less than 25,African-American,0,0,0,3.0,-1.0,M,Battery,1,0,Tresspass in Struct/Convey Occupy,3,Low,1
Female,Less than 25,Native American,1,1,0,20.0,0.0,F,arrest case no charge,0,0,,20,High,0
Male,Less than 25,Asian,0,0,0,14.0,-1.0,F,arrest case no charge,1,0,Felony Petit Theft,14,High,1
Male,Greater than 45,Hispanic,0,0,0,0.0,0.0,F,Uttering a Forged Instrument,0,0,,0,Low,0
Female,Greater than 45,Other,0,0,0,0.0,-1.0,F,Grand Theft in the 3rd Degree,1,1,Felony Battery (Dom Strang),0,Medium,1
Male,Greater than 45,African-American,0,0,0,2.0,-1.0,F,Pos Cannabis W/Intent Sel/Del,0,0,,2,High,0
Female,Less than 25,Native American,0,0,0,8.0,-10.0,F,arrest case no charge,0,0,,8,Low,0
Female,Greater than 45,Hispanic,0,0,0,0.0,-1.0,F,Grand Theft in the 3rd Degree,1,0,Felony Petit Theft,0,High,1
Male,25 - 45,Asian,0,0,0,5.0,-1.0,F,arrest case no charge,1,0,Petit Theft,5,High,1
Female,Greater than 45,Native American,0,0,0,0.0,-1.0,M,Battery,1,0,,0,High,1
Female,Greater than 45,Other,0,0,0,3.0,-1.0,M,Battery,1,0,Trespass,3,Low,1
Female,25 - 45,African-American,0,0,0,0.0,0.0,F,Uttering a Forged Instrument,1,1,Robbery W/Firearm,0,Medium,1
Female,Less than 25,Hispanic,0,0,0,0.0,-1.0,M,Battery,1,0,Petit Theft,0,Low,1
Male,Less than 25,African-American,0,0,0,1.0,-3.0,F,Pos Cannabis W/Intent Sel/Del,0,0,,1,High,0
Male,25 - 45,Caucasian,0,0,0,0.0,-1.0,M,Uttering a Forged Instrument,0,0,,0,Low,0
Male,Less than 25,Native American,0,0,0,2.0,-27.0,M,Driving Under The Influence,1,0,Unlaw Use False Name/Identity,2,Medium,1
Male,Greater than 45,Hispanic,0,0,0,2.0,-2.0,M,Driving Under The Influence,0,0,,2,Medium,0
Male,25 - 45,Caucasian,0,0,1,26.186491108119633,-1.0,F,arrest case no charge,1,0,Resist/Obstruct W/O Violence,25,High,1
Female,25 - 45,Caucasian,0,0,0,0.0,0.0,M,Uttering a Forged Instrument,0,0,,0,Low,0
Male,Greater than 45,Native American,0,0,0,0.0,-1.0,M,Battery,0,0,,0,Low,0
Female,Greater than 45,Other,0,0,0,1.0,0.0,M,Possess Cannabis/20 Grams Or Less,0,0,,1,Medium,0
Female,25 - 45,Other,0,0,0,1.0,-1.0,M,Battery,0,0,,1,Low,0
Male,Greater than 45,Other,0,0,0,1.0,-1.0,F,arrest case no charge,0,0,,1,Low,0
Female,Greater than 45,Hispanic,0,0,1,8.0,-1.0,F,Uttering a Forged Instrument,0,0,,8,High,0
Female,Less than 25,African-American,0,0,3,0.0,-2.0,M,Battery,0,0,,0,Low,0
Male,Greater than 45,Caucasian,0,0,0,0.0,-1.0,F,Uttering a Forged Instrument,1,0,Susp Drivers Lic 1st Offense,0,Low,0
Female,Less than 25,African-American,0,0,0,2.0,0.0,M,Battery,1,1,Felony Battery (Dom Strang),2,Low,1
Female,Less than 25,Hispanic,0,0,0,1.0,0.0,M,Driving Under The Influence,0,0,,1,Low,0
Female,Greater than 45,Caucasian,0,0,0,0.0,-1.0,M,Battery,0,0,,0,Low,0
Female,Less than 25,Hispanic,0,0,0,1.0,-1.0,F,Pos Cannabis W/Intent Sel/Del,0,0,,1,Medium,0
Male,Less than 25,Other,0,0,0,5.0,0.0,F,arrest case no charge,1,0,Unlaw Use False Name/Identity,5,Medium,1
Male,Greater than 45,Other,0,0,0,4.0,-1.0,M,Battery,0,0,,4,Medium,0
Female,Greater than 45,Native American,0,0,0,6.0,-1.0,F,arrest case no charge,1,1,Battery on a Person Over 65,6,Low,1
Female,25 - 45,Native American,0,0,0,3.0,-1.0,F,Grand Theft (Motor Vehicle),1,1,Aggravated Battery / Pregnant,3,High,1
Female,25 - 45,Other,0,0,0,0.0,0.0,M,Battery,0,0,,0,Low,0
Female,25 - 45,Other,0,0,0,0.0,0.0,M,Battery,0,0,,0,Medium,0
Female,Less than 25,African-American,0,0,0,0.0,-1.0,M,Battery,1,1,Battery,0,Medium,1
Male,Less than 25,Native American,0,0,0,4.0,-1.0,F,Grand Theft in the 3rd Degree,1,0,Unlaw LicTag/Sticker Attach,4,Low,1
Male,Greater than 45,Other,0,1,1,9.0,-1.0,M,Possession of Cannabis,1,0,Resist/Obstruct W/O Violence,10,Medium,1
Female,25 - 45,Hispanic,0,0,0,0.0,-1.0,F,Uttering a Forged Instrument,1,0,Aggravated Battery / Pregnant,0,Low,1
Male,25 - 45,Other,0,0,1,4.0,-11.0,M,Possess Cannabis/20 Grams Or Less,1,0,Possess Cannabis/20 Grams Or Less,4,High,1
Male,Greater than 45,Other,0,0,0,0.0,-1.0,F,Uttering a Forged Instrument,1,0,Felony Battery (Dom Strang),0,Low,1
Male,25 - 45,Other,0,0,0,3.0,-1.0,F,Pos Cannabis W/Intent Sel/Del,1,0,Burglary Conveyance Unoccup,3,High,1
Male,Greater than 45,African-American,0,0,0,0.0,-1.0,F,Uttering a Forged Instrument,1,0,Possession of Cocaine,0,Low,1
Female,Greater than 45,Asian,0,0,0,2.0,-1.0,M,Uttering a Forged Instrument,0,0,,2,Medium,0
Male,Greater than 45,Other,0,0,0,0.0,-1.0,F,Uttering a Forged Instrument,0,0,,0,Low,0
Male,Greater than 45,African-American,0,0,0,2.0,-1.0,F,Uttering a Forged Instrument,0,0,,2,Low,0
Male,Greater than 45,Other,0,0,0,2.0,-9.656169085534085,F,arrest case no charge,0,0,,2,Low,0
Male,25 - 45,African-American,0,0,0,1.0,-1.0,M,Battery,1,0,Resist/Obstruct W/O Violence,1,Medium,1
Male,Less than 25,Caucasian,0,0,0,0.0,-1.0,M,Battery,0,0,,0,Low,0
Female,Greater than 45,Other,0,1,0,21.000000000000004,-14.0,F,arrest case no charge,1,0,Opert With Susp DL 2nd Offens,21,High,1
Male,25 - 45,Other,0,0,0,0.0,-1.0,F,Uttering a Forged Instrument,0,0,,0,Medium,0
Female,Greater than 45,Native American,0,0,0,9.0,-1.0,F,Possession Of Alprazolam,1,1,Felony Battery (Dom Strang),9,Medium,1
Male,25 - 45,Asian,0,0,0,16.0,-1.0,F,arrest case no charge,1,0,Unlaw Use False Name/Identity,16,High,1
Female,Less than 25,Caucasian,0,0,0,5.0,-1.0,F,Uttering a Forged Instrument,1,0,Disorderly Intoxication,5,High,1
Female,Greater than 45,African-American,0,0,0,0.0,-1.0,F,Uttering a Forged Instrument,1,0,Susp Drivers Lic 1st Offense,0,High,1
Female,Less than 25,Asian,0,0,0,0.0,-1.0,F,Grand Theft in the 3rd Degree,0,0,,0,Low,0
Female,25 - 45,Native American,0,0,0,9.0,-1.0,F,Pos Cannabis W/Intent Sel/Del,0,0,,9,Low,0
Male,25 - 45,African-American,0,0,0,0.0,-1.0,F,Uttering a Forged Instrument,0,0,,0,High,0
Male,Greater than 45,Other,1,0,0,3.0,-1.0,F,arrest case no charge,1,0,Neglect Child / No Bodily Harm,3,High,1
Male,25 - 45,African-American,0,0,0,1.0,0.0,F,Uttering a Forged Instrument,0,0,,1,Medium,0
Male,Less than 25,Other,0,0,0,5.0,-1.0,F,arrest case no charge,0,0,,5,Low,0
Male,Greater than 45,Hispanic,0,0,0,0.0,-1.0,F,Uttering a Forged Instrument,1,0,Poss Cocaine/Intent To Del/Sel,0,Low,1
Female,Greater than 45,Caucasian,0,0,0,0.0,-1.0,F,Uttering a Forged Instrument,1,0,Felony Petit Theft,0,Medium,1
Female,Greater than 45,Native American,0,0,0,0.0,-2.0,M,Uttering a Forged Instrument,0,0,,0,Medium,0
Male,25 - 45,Native American,0,0,0,8.0,-1.0,F,Possession of Cannabis,1,0,Possess Cannabis/20 Grams Or Less,8,High,1
Female,Less than 25,Asian,0,0,0,0.0,0.0,M,Uttering a Forged Instrument,1,0,Tresspass in Struct/Convey Occupy,0,Low,1
Male,25 - 45,Asian,0,0,0,0.0,-1.0,F,Possess Cannabis/20 Grams Or Less,1,1,Battery,0,Low,1
Male,Greater than 45,Native American,0,0,0,13.0,-1.0,F,arrest case no charge,1,1,Battery on a Person Over 65,13,High,1
Male,Less than 25,Native American,0,0,0,0.0,-1.0,M,Battery,0,0,,0,Low,0
Male,25 - 45,Hispanic,0,0,0,1.0,-1.0,F,Uttering a Forged Instrument,0,0,,1,Low,0
Female,Greater than 45,Other,0,0,0,2.0,-28.0,M,Uttering a Forged Instrument,1,0,Possess Cannabis/20 Grams Or Less,2,Medium,1
Female,25 - 45,African-American,0,0,0,0.0,0.0,F,Uttering a Forged Instrument,0,0,,0,Low,0
Female,Less than 25,Other,0,0,0,1.0,-1.0,F,Uttering a Forged Instrument,1,0,Fail Register Vehicle,1,Medium,0
Female,25 - 45,Other,0,0,0,3.0,-1.0,F,arrest case no charge,1,0,Burglary Structure Unoccup,3,Medium,1
Male,Less than 25,Hispanic,0,0,0,1.0,-1.0,M,Driving Under The Influence,0,0,,1,Low,0
Female,25 - 45,Caucasian,0,0,0,6.0,-1.0,F,arrest case no charge,1,0,Possess Cannabis/20 Grams Or Less,6,Medium,1
Female,Less than 25,Hispanic,0,0,0,7.0,-1.0,F,arrest case no charge,1,0,Unlaw LicTag/Sticker Attach,7,High,1
Female,Greater than 45,Asian,0,0,0,0.0,-7.0,F,Uttering a Forged Instrument,0,0,,0,Low,0
Female,25 - 45,African-American,0,0,0,0.0,-7.0,M,Uttering a Forged Instrument,0,0,,0,Low,0
Male,Greater than 45,Caucasian,0,0,0,7.0,-7.0,F,arrest case no charge,1,0,Burglary Structure Unoccup,7,Medium,1
Female,Less than 25,African-American,0,0,0,0.0,-1.0,M,Uttering a Forged Instrument,0,0,,0,Low,0
Female,Less than 25,Asian,0,0,0,0.0,-1.0,M,Uttering a Forged Instrument,0,0,,0,Low,0
Female,25 - 45,Caucasian,0,0,0,1.0,-1.0,M,Battery,1,0,Unlaw LicTag/Sticker Attach,1,Low,0
Female,Greater than 45,Asian,0,0,0,1.0,-1.0,F,Grand Theft in the 3rd Degree,0,0,,1,Low,0
Male,Greater than 45,Asian,0,0,0,1.0,30.0,F,Driving Under The Influence,1,1,Armed Kidnapping,1,Low,1
Female,Greater than 45,Other,0,0,0,3.0,-1.0,M,Battery,1,0,Petit Theft,3,Low,1
Female,25 - 45,Native American,0,0,0,1.0,0.0,F,arrest case no charge,0,0,,1,Low,0
Female,Greater than 45,Native American,0,0,0,2.0,-1.0,F,arrest case no charge,1,0,,2,Low,1
Male,Greater than 45,African-American,0,0,0,0.0,-1.0,F,Uttering a Forged Instrument,1,0,Resist/Obstruct W/O Violence,0,High,1
Male,Greater than 45,Hispanic,0,0,0,0.0,-1.0,F,Uttering a Forged Instrument,1,0,Resist/Obstruct W/O Violence,0,Low,1
Male,25 - 45,African-American,0,0,0,0.0,-1.0,M,Battery,1,1,Battery,0,Low,1
Female,25 - 45,Caucasian,0,0,0,0.0,-1.0,F,Uttering a Forged Instrument,1,0,Possession of Cocaine,0,Medium,1
Female,Greater than 45,African-American,1,3,0,10.0,-1.0,F,Leave Acc/Attend Veh/More $50,1,0,Petit Theft,10,High,1
Female,Greater than 45,African-American,0,0,0,0.0,0.0,M,Battery,0,0,,0,Low,0
Male,Greater than 45,Hispanic,0,0,0,2.0,-1.0,F,Pos Cannabis W/Intent Sel/Del,1,0,Possess Cannabis/20 Grams Or Less,2,High,1
Male,Greater than 45,African-American,0,9,1,17.333378107341783,-1.0,F,Resist Officer w/Violence,1,1,Battery Upon Detainee,19,High,0
Female,Greater than 45,Hispanic,0,0,0,0.0,0.0,F,Uttering a Forged Instrument,1,0,Possess Cannabis/20 Grams Or Less,0,Low,1
Female,Greater than 45,Hispanic,0,1,1,3.0,-1.0,M,Burglary Structure Unoccup,1,1,Battery on a Person Over 65,5,Medium,1
Male,Less than 25,Native American,0,0,0,3.0,-1.0,F,Pos Cannabis W/Intent Sel/Del,0,0,,3,Medium,0
Male,Greater than 45,Asian,0,0,0,0.0,-1.0,F,Uttering a Forged Instrument,0,0,,0,Medium,0
Male,Greater than 45,Caucasian,0,0,0,5.0,-1.0,F,Uttering a Forged Instrument,1,0,Expired DL More Than 6 Months,5,Medium,1
Female,Greater than 45,Asian,0,0,0,0.0,0.0,F,Grand Theft in the 3rd Degree,0,0,,0,Low,0
Male,Less than 25,Other,0,0,0,3.0,-1.0,M,Driving Under The Influence,1,0,Burglary Structure Unoccup,3,Low,0
Male,Less than 25,African-American,0,0,0,5.0,-1.0,F,arrest case no charge,0,0,,5,Low,0
Male,Less than 25,Caucasian,0,0,0,9.0,-1.0,F,arrest case no charge,1,0,Resist/Obstruct W/O Violence,9,High,1
Male,Less than 25,Native American,0,0,0,0.0,-1.0,F,Uttering a Forged Instrument,1,0,Resist/Obstruct W/O Violence,0,Low,1
Male,25 - 45,African-American,0,0,1,1.0,-1.0,F,arrest case no charge,1,0,Petit Theft,1,Low,1
Female,Less than 25,Other,0,0,0,0.0,0.0,F,Uttering a Forged Instrument,1,1,Battery,0,Medium,1
Female,25 - 45,Caucasian,0,0,0,1.0,-1.0,F,arrest case no charge,0,0,,1,Low,0
Male,Greater than 45,Native American,0,0,0,1.0,-1.0,F,Uttering a Forged Instrument,1,0,Possess Cannabis/20 Grams Or Less,1,Medium,1
Male,Greater than 45,Other,1,0,0,1.0,11.664193865605476,F,arrest case no charge,1,0,Aid/Abet Burglary Assault/Batt,1,Medium,1
Male,25 - 45,African-American,0,0,0,2.0,-1.0,F,Grand Theft in the 3rd Degree,0,0,,2,High,0
Female,Greater than 45,Native American,0,0,0,0.0,-1.0,F,Uttering a Forged Instrument,0,0,,0,Low,0
Female,25 - 45,African-American,0,0,0,2.0,-1.0,M,Driving Under The Influence,0,0,,2,Low,0
Female,25 - 45,Caucasian,0,0,0,1.0,-23.0,F,Uttering a Forged Instrument,1,0,Possess Cannabis/20 Grams Or Less,1,Low,1
Male,Less than 25,Other,0,0,0,0.0,0.0,F,Uttering a Forged Instrument,0,0,,0,Low,0
Female,Less than 25,Native American,0,0,0,4.0,-1.0,M,Battery,1,0,Burglary Conveyance Unoccup,4,Medium,1
Male,Greater than 45,African-American,0,0,0,15.0,-1.0,F,arrest case no charge,1,0,Resist/Obstruct W/O Violence,15,Low,1
Female,Greater than 45,Other,0,0,0,14.0,-1.0,M,arrest case no charge,1,0,Opert With Susp DL 2nd Offens,14,Low,1
Female,25 - 45,Asian,0,0,0,20.0,-1.0,F,Possession of Cannabis,0,0,,20,Low,0
Female,Greater than 45,Asian,7,0,1,16.0,-1.0,F,License Suspended Revoked,1,1,Aid/Abet Burglary Assault/Batt,16,High,1
Male,25 - 45,Asian,0,0,0,3.0,0.0,F,Driving Under The Influence,1,0,Resist/Obstruct W/O Violence,3,Medium,1
Female,Less than 25,Native American,3,0,1,13.0,-1.0,F,arrest case no charge,1,0,Tamper With Witness/Victim/CI,13,Low,1
Male,Less than 25,Caucasian,0,0,0,6.0,-1.0,M,Leave Acc/Attend Veh/More $50,1,0,Burglary Conveyance Unoccup,6,Medium,1
Female,Less than 25,Other,0,0,0,21.000000000000004,-1.0,F,arrest case no charge,1,0,Burglary Conveyance Unoccup,21,Medium,1
Male,25 - 45,Caucasian,0,0,0,13.0,-1.0,F,arrest case no charge,1,0,Possess Cannabis/20 Grams Or Less,13,High,1
Female,Less than 25,Other,0,1,0,5.0,-1.0,F,Leave Acc/Attend Veh/More $50,0,0,,5,Medium,0
Female,Less than 25,Caucasian,0,0,0,2.0,-1.0,F,Pos Cannabis W/Intent Sel/Del,0,0,,2,Low,0
Female,25 - 45,Hispanic,0,0,0,1.0,-1.0,F,Pos Cannabis W/Intent Sel/Del,0,0,,1,Medium,0
Female,Greater than 45,Native American,0,0,0,1.0,-1.0,F,Pos Cannabis W/Intent Sel/Del,1,0,Possess Cannabis/20 Grams Or Less,1,Low,1
Male,25 - 45,Asian,0,0,0,1.0,-24.28908007422281,F,Uttering a Forged Instrument,1,0,Opert With Susp DL 2nd Offens,1,Low,1
Female,Less than 25,Caucasian,0,0,0,1.0,-28.0,M,Driving Under The Influence,0,0,,1,Low,0
Female,25 - 45,Native American,0,0,0,6.0,28.862306970235373,M,Battery,1,0,Retaliate Wit/Vict No Injury,6,High,1
Male,25 - 45,Asian,0,0,0,0.0,-1.0,F,Uttering a Forged Instrument,0,0,,0,Low,0
Female,25 - 45,Hispanic,0,0,0,8.0,-1.0,F,arrest case no charge,1,0,Aggravated Battery / Pregnant,8,Medium,1
Male,Less than 25,Hispanic,0,0,0,0.0,-1.0,F,Grand Theft in the 3rd Degree,0,0,,0,Low,0
Male,Greater than 45,Caucasian,0,0,0,2.0,-2.0,F,Grand Theft in the 3rd Degree,0,0,,2,Low,0
Female,25 - 45,Native American,0,0,0,5.0,-1.0,M,Possess Cannabis/20 Grams Or Less,1,0,Possess Cannabis/20 Grams Or Less,5,Low,1
Male,Greater than 45,Caucasian,0,0,0,1.0,-1.0,F,arrest case no charge,1,0,Burglary Structure Unoccup,1,Low,1
Male,Less than 25,African-American,0,0,0,0.0,-1.0,F,Uttering a Forged Instrument,0,0,,0,Low,0
Male,Greater than 45,Native American,0,1,0,3.0,-1.0,F,Pos Cannabis W/Intent Sel/Del,0,0,,3,Medium,0
Female,Greater than 45,Other,0,0,0,1.0,0.0,F,Driving Under The Influence,1,1,Aggravated Battery / Pregnant,1,Low,1
Male,Less than 25,Asian,0,0,0,1.0,-15.003082405307849,F,arrest case no charge,1,0,Tresspass in Struct/Convey Occupy,1,Low,1
Female,25 - 45,Asian,0,0,0,0.0,-1.0,F,Possess Cannabis/20 Grams Or Less,1,1,Battery,0,High,1
Male,Less than 25,Hispanic,0,0,0,0.0,0.0,F,Uttering a Forged Instrument,0,0,,0,Low,0
Female,25 - 45,Caucasian,0,0,0,0.0,0.0,M,Battery,0,0,,0,Low,0
Female,Greater than 45,Hispanic,0,1,0,15.0,-1.0,F,arrest case no charge,0,0,,15,Medium,0
Female,Less than 25,Asian,0,0,0,8.0,-1.0,M,arrest case no charge,1,0,Felony Petit Theft,8,Medium,1
Female,Greater than 45,Other,0,0,0,1.0,-1.0,F,arrest case no charge,0,0,,1,Low,0
Female,25 - 45,Hispanic,0,0,0,0.0,-1.0,M,Battery,0,0,Fail Register Vehicle,0,Low,0
Male,25 - 45,Hispanic,0,0,1,1.0,0.0,F,Uttering a Forged Instrument,0,0,,1,Low,0
Male,Less than 25,Native American,0,0,0,20.0,-3.0,F,arrest case no charge,0,0,,20,Medium,0
Male,Greater than 45,African-American,0,0,0,0.0,-1.0,F,Susp Drivers Lic 1st Offense,1,1,Battery,0,Low,1
Male,25 - 45,Asian,0,0,0,0.0,-1.0,F,Uttering a Forged Instrument,0,0,,0,Medium,0
Female,25 - 45,Other,0,0,0,1.0,-1.0,M,Possess Cannabis/20 Grams Or Less,1,1,Stalking (Aggravated),1,Medium,1
Female,Less than 25,Hispanic,0,0,0,2.0,-1.0,F,Uttering a Forged Instrument,0,0,,2,Medium,0
Female,25 - 45,Native American,0,0,0,4.0,-17.87111263189608,M,Possess Cannabis/20 Grams Or Less,1,1,Robbery W/Firearm,4,Medium,1
Male,Greater than 45,African-American,0,0,0,1.0,-1.0,F,Pos Cannabis W/Intent Sel/Del,1,0,Possess Cannabis/20 Grams Or Less,1,High,1
Male,Greater than 45,Caucasian,0,0,0,0.0,-1.0,F,Uttering a Forged Instrument,0,0,,0,Low,0
Male,Greater than 45,Other,0,0,0,4.0,-26.0,M,Battery,1,0,,4,Low,0
Female,Less than 25,Asian,0,0,0,3.0,-1.0,F,Possession Of Alprazolam,0,0,,3,Low,0
Female,Less than 25,Caucasian,0,0,0,2.0,-1.0,F,Uttering a Forged Instrument,0,0,,2,Low,0
Female,Less than 25,African-American,0,0,0,0.0,-3.0,F,Uttering a Forged Instrument,0,0,,0,Medium,0
Female,Greater than 45,Other,0,0,0,0.0,0.0,F,Uttering a Forged Instrument,1,0,Possess Cannabis/20 Grams Or Less,0,Low,1
Male,25 - 45,Caucasian,0,0,0,10.0,0.0,F,arrest case no charge,0,0,,10,High,0
Female,25 - 45,Native American,0,0,0,5.0,-1.0,F,arrest case no charge,1,0,Viol Injunct Domestic Violence,5,Medium,1
Male,Less than 25,Native American,0,0,0,16.0,0.0,M,Susp Drivers Lic 1st Offense,1,1,Aggravated Battery / Pregnant,16,High,1
Female,25 - 45,Caucasian,0,0,0,0.0,-1.0,M,Uttering a Forged Instrument,0,0,,0,Low,0
Male,25 - 45,Other,0,0,0,0.0,-1.0,F,Uttering a Forged Instrument,0,0,,0,Low,0
Male,Less than 25,Hispanic,0,0,0,0.0,-1.0,M,Pos Cannabis W/Intent Sel/Del,0,0,,0,Low,0
Female,Greater than 45,Caucasian,1,0,0,20.0,0.0,F,Possession of Cannabis,0,0,,20,High,0
Male,25 - 45,Asian,0,0,0,2.0,-1.0,M,Battery,0,0,,2,Low,0
Male,Greater than 45,Native American,0,0,0,1.0,-1.0,M,Battery,0,0,,1,Low,0
Male,25 - 45,Native American,0,0,0,0.0,-2.0,F,Uttering a Forged Instrument,0,0,,0,Low,0
Male,Less than 25,Native American,0,0,0,1.0,0.0,M,Driving Under The Influence,0,0,,1,Low,0
Male,Greater than 45,Native American,0,0,0,1.0,0.0,M,Uttering a Forged Instrument,1,0,Opert With Susp DL 2nd Offens,1,Low,1
Male,25 - 45,Asian,0,0,0,1.0,-1.0,F,Pos Cannabis W/Intent Sel/Del,0,0,,1,Medium,0
Male,25 - 45,Native American,0,0,0,0.0,-1.0,F,Uttering a Forged Instrument,0,0,,0,Low,0
Male,Less than 25,African-American,0,0,0,6.0,-1.0,M,Driving Under The Influence,0,0,,6,Low,0
Female,25 - 45,Caucasian,0,0,0,2.0,-1.0,F,Grand Theft in the 3rd Degree,1,0,Disorderly Intoxication,2,High,0
Male,Greater than 45,Native American,1,0,0,1.0,27.953641318074972,F,arrest case no charge,1,0,Neglect Child / No Bodily Harm,1,High,1
Female,25 - 45,Caucasian,0,0,0,0.0,-1.0,F,Grand Theft in the 3rd Degree,1,0,Robbery W/Firearm,0,Low,1
Female,Less than 25,Caucasian,0,0,0,1.0,-1.0,M,Battery,0,0,,1,Low,0
Male,25 - 45,African-American,0,0,0,1.0,7.118733367183708,F,arrest case no charge,0,0,,1,Medium,1
Male,Less than 25,Hispanic,0,0,3,4.0,-1.0,F,Refuse Submit Blood/Breath Test,1,0,Resist/Obstruct W/O Violence,4,Medium,1
Male,Less than 25,African-American,2,0,0,7.0,-1.0,M,Possession of Cannabis,1,0,,7,High,1
Male,25 - 45,Asian,0,0,0,0.0,-1.0,F,Uttering a Forged Instrument,0,0,,0,Low,0
Male,Less than 25,African-American,0,0,0,2.0,0.0,F,Uttering a Forged Instrument,1,0,Trespass Struct/Conveyance,2,Medium,1
Female,Greater than 45,Native American,0,0,0,0.0,-1.0,F,Uttering a Forged Instrument,0,0,,0,Low,0
Female,Greater than 45,Other,0,0,0,0.0,0.0,F,Uttering a Forged Instrument,0,0,,0,Low,0
Female,25 - 45,African-American,0,0,0,5.0,-1.0,F,Grand Theft in the 3rd Degree,0,0,,5,Medium,0
Female,25 - 45,Hispanic,0,0,0,1.0,-1.0,M,Battery,1,1,Battery,1,Low,1
Female,Less than 25,Caucasian,0,0,0,13.0,0.0,F,arrest case no charge,1,0,Trespass,13,Low,1
Female,Less than 25,Caucasian,0,0,0,0.0,-1.0,F,Uttering a Forged Instrument,1,0,Aggravated Battery / Pregnant,0,High,1
Female,Greater than 45,Caucasian,0,0,0,0.0,-1.0,F,Grand Theft in the 3rd Degree,0,0,,0,Low,0
Male,Greater than 45,Hispanic,0,0,0,0.0,-1.0,F,Uttering a Forged Instrument,0,0,,0,High,0
Female,Less than 25,Other,0,0,0,4.0,-5.3328681180970285,F,Uttering a Forged Instrument,1,0,Fail Register Vehicle,4,Low,1
Male,Less than 25,Asian,0,0,0,1.0,-1.0,M,arrest case no charge,0,0,,1,Low,0
Male,Less than 25,Asian,0,0,0,2.0,-1.0,F,Grand Theft in the 3rd Degree,1,0,Petit Theft,2,Low,0
Male,Less than 25,African-American,0,0,0,6.0,-1.0,F,Uttering a Forged Instrument,1,0,Felony Petit Theft,6,High,1
Male,Less than 25,Caucasian,0,0,0,2.0,-2.0,F,Uttering a Forged Instrument,1,0,Petit Theft,2,Low,1
Male,Greater than 45,Native American,0,0,0,0.0,-1.0,M,Susp Drivers Lic 1st Offense,1,0,Viol Injunct Domestic Violence,0,Low,1
Male,25 - 45,Asian,0,0,0,0.0,-1.0,M,Driving Under The Influence,0,0,,0,Low,0
Male,Less than 25,Native American,0,0,0,0.0,0.0,M,Battery,0,0,,0,Low,0
Female,Less than 25,Native American,0,0,0,0.0,-1.0,F,Uttering a Forged Instrument,0,0,,0,Low,0
Female,Greater than 45,Asian,0,1,2,4.0,-1.0,M,Oper Motorcycle W/O Valid DL,1,0,Grand Theft in the 3rd Degree,4,High,1
Male,Less than 25,African-American,0,0,0,0.0,-1.0,F,Uttering a Forged Instrument,0,0,,0,Medium,0
Female,25 - 45,Other,0,0,0,4.0,-1.0,F,Grand Theft in the 3rd Degree,1,0,Unlaw LicTag/Sticker Attach,4,Medium,1
Female,25 - 45,Caucasian,0,0,0,0.0,-1.0,F,Uttering a Forged Instrument,0,0,,0,Low,0
Male,Greater than 45,Asian,0,1,0,6.0,-1.0,M,arrest case no charge,1,1,Battery,6,Low,1
Female,Greater than 45,Asian,0,0,0,4.0,-1.0,F,arrest case no charge,1,1,Felony Battery w/Prior Convict,4,High,1
Male,Less than 25,Other,0,0,0,0.0,-1.0,F,Uttering a Forged Instrument,0,0,,0,Low,0
Female,25 - 45,African-American,0,0,0,1.0,-1.0,F,Driving Under The Influence,0,0,,1,Low,0
Male,Greater than 45,African-American,0,0,0,0.0,-1.0,F,Uttering a Forged Instrument,0,0,,0,Low,0
Male,25 - 45,African-American,0,0,0,0.0,0.0,M,Battery,1,0,Viol Pretrial Release Dom Viol,0,Low,1
Female,Less than 25,Other,0,0,0,2.0,0.0,F,Susp Drivers Lic 1st Offense,1,1,Battery,2,Low,1
Male,25 - 45,Hispanic,0,0,0,0.0,-1.0,M,Battery,0,0,,0,Low,0
Male,Less than 25,Caucasian,0,0,0,0.0,-1.0,F,Uttering a Forged Instrument,0,0,,0,Low,0
Female,25 - 45,Other,0,0,1,0.0,-1.0,M,Uttering a Forged Instrument,0,0,,0,Low,0
Male,Greater than 45,Caucasian,0,0,0,22.0,-1.0,F,arrest case no charge,1,0,Possession of Cocaine,22,High,1
Female,Less than 25,Native American,0,0,0,0.0,-1.0,F,Uttering a Forged Instrument,0,0,,0,Low,0
Female,25 - 45,Other,0,0,0,0.0,-1.0,M,Battery,0,0,,0,Low,0
Male,Greater than 45,Native American,0,0,1,4.0,-1.0,F,arrest case no charge,1,0,Tresspass in Struct/Convey Occupy,4,Low,1
Male,Less than 25,Native American,0,0,0,0.0,-1.0,F,Uttering a Forged Instrument,0,0,,0,Low,0
Female,Less than 25,Caucasian,0,0,0,3.0,-1.0,F,Uttering a Forged Instrument,1,0,Opert With Susp DL 2nd Offens,3,Low,1
Male,Greater than 45,Caucasian,0,0,0,1.0,0.0,F,Pos Cannabis W/Intent Sel/Del,1,0,Disorderly Intoxication,1,Medium,1
Female,Less than 25,Caucasian,0,0,0,1.0,-22.0,M,Driving Under The Influence,0,0,,1,Low,0
Male,25 - 45,Other,0,0,0,0.0,-1.0,M,Uttering a Forged Instrument,0,0,,0,Low,0
Male,Greater than 45,Other,0,0,0,0.0,-1.0,M,Battery,0,0,,0,Low,0
Female,Less than 25,Other,0,0,0,3.0,-1.0,F,arrest case no charge,0,0,,3,Low,0
Male,25 - 45,Other,0,0,0,1.0,0.0,F,Uttering a Forged Instrument,1,1,Retaliate Wit/Vict No Injury,1,Low,1
Female,Greater than 45,Other,0,0,0,0.0,-1.0,M,Uttering a Forged Instrument,0,0,,0,Low,0
Female,Less than 25,Native American,0,0,0,0.0,0.0,F,Uttering a Forged Instrument,0,0,,0,Low,0
Male,25 - 45,Native American,0,1,0,17.0,-1.0,M,Poss Cocaine/Intent To Del/Sel,1,1,Viol Injunct Domestic Violence,17,Medium,1
Male,Greater than 45,Native American,0,0,0,16.0,-1.0,F,arrest case no charge,1,1,Felony Battery w/Prior Convict,16,High,1
Female,25 - 45,African-American,0,0,0,6.0,-1.0,F,Grand Theft in the 3rd Degree,1,0,Felony Petit Theft,6,Medium,1
Male,25 - 45,Caucasian,0,0,0,3.0,0.0,F,arrest case no charge,0,0,,3,Medium,0
Male,Less than 25,Caucasian,0,0,0,4.0,-1.0,M,Driving Under The Influence,0,0,,4,Low,0
Female,25 - 45,Other,0,0,0,0.0,-1.0,M,Uttering a Forged Instrument,1,0,Fail Register Vehicle,0,Low,1
Female,Greater than 45,Hispanic,0,0,0,0.0,-1.0,F,Uttering a Forged Instrument,1,1,Aggravated Battery / Pregnant,0,High,1
Female,Greater than 45,Native American,0,0,0,0.0,-1.0,M,Battery,0,0,,0,Low,0
Male,Less than 25,African-American,0,0,0,1.0,-1.0,M,Battery,1,1,Battery,1,High,1
Female,25 - 45,African-American,0,0,0,0.0,0.0,M,Uttering a Forged Instrument,0,0,,0,Low,0
Male,25 - 45,Other,0,0,0,1.0,0.0,M,Battery,1,0,Poss Cocaine/Intent To Del/Sel,1,Medium,1
Female,25 - 45,Other,0,0,0,1.0,0.0,M,Driving Under The Influence,1,0,Felony Battery (Dom Strang),1,Low,1
Female,25 - 45,Hispanic,0,0,0,7.0,0.0,M,Leave Acc/Attend Veh/More $50,1,0,Stalking (Aggravated),7,Medium,1
Female,25 - 45,Hispanic,0,0,0,0.0,0.0,F,Uttering a Forged Instrument,0,0,,0,Medium,0
Male,Less than 25,Hispanic,0,0,0,2.0,-1.0,F,arrest case no charge,0,0,,2,Low,0
Male,Greater than 45,Caucasian,0,0,0,0.0,-1.0,M,Battery,0,0,,0,Low,0
Female,Greater than 45,Other,0,0,0,3.0,-3.0,F,Uttering a Forged Instrument,0,0,,3,Medium,0
Male,Less than 25,Hispanic,0,0,0,12.0,-22.0,F,arrest case no charge,1,0,Possess Cannabis/20 Grams Or Less,12,Low,1
Male,Less than 25,Caucasian,0,0,0,0.0,-1.0,M,Battery,0,0,,0,Low,0
Male,Greater than 45,Hispanic,0,0,0,1.0,-6.439764701139218,M,Uttering a Forged Instrument,0,0,,1,Low,0
Female,Less than 25,Hispanic,0,0,0,3.0,-1.0,F,Grand Theft in the 3rd Degree,1,0,Opert With Susp DL 2nd Offens,3,High,1
Male,Less than 25,Caucasian,0,0,0,1.0,-1.0,F,arrest case no charge,0,0,,1,Low,0
Female,Greater than 45,African-American,0,0,0,0.0,-1.0,F,Uttering a Forged Instrument,0,0,,0,Low,0
Male,Less than 25,Other,0,0,0,0.0,0.0,M,Battery,0,0,,0,Low,0
Male,25 - 45,African-American,0,0,0,0.0,-1.0,M,Uttering a Forged Instrument,0,0,,0,Low,0
Male,Greater than 45,Hispanic,0,0,0,3.0,-1.0,F,Uttering a Forged Instrument,0,0,,3,Low,0
Female,Greater than 45,Asian,0,0,0,0.0,0.0,F,Uttering a Forged Instrument,0,0,,0,Low,0
Male,Greater than 45,Asian,0,0,0,0.0,-1.0,M,Battery,0,0,,0,Low,0
Male,Less than 25,Other,0,3,0,4.0,-1.0,F,Grand Theft (Motor Vehicle),0,0,,4,High,0
Male,Greater than 45,Asian,0,0,0,1.0,-1.0,F,Possession of Cannabis,0,0,,1,Low,0
Female,25 - 45,Native American,0,0,0,4.0,-1.0,F,Uttering a Forged Instrument,1,0,Possess Cannabis/20 Grams Or Less,4,Medium,1
Male,Greater than 45,Hispanic,0,0,0,3.0,-1.0,F,Grand Theft in the 3rd Degree,0,0,,3,Low,0
Female,Less than 25,Native American,0,0,0,1.0,0.0,M,Battery,1,1,Felony Battery w/Prior Convict,1,Medium,0
Male,Less than 25,Other,0,0,0,0.0,-1.0,F,Uttering a Forged Instrument,0,0,,0,Medium,0
Male,Greater than 45,Hispanic,0,0,0,0.0,0.0,M,Uttering a Forged Instrument,0,0,,0,Low,0
Male,25 - 45,African-American,0,0,0,5.0,17.35174192209829,F,arrest case no charge,0,0,,5,Low,0
Male,Greater than 45,African-American,0,0,0,3.0,-1.0,F,Grand Theft in the 3rd Degree,1,0,Possession of Cocaine,3,High,1
Male,Less than 25,Native American,0,0,0,0.0,-1.0,M,Battery,0,0,,0,Low,0
Male,25 - 45,Asian,0,0,0,1.0,-2.0,F,Uttering a Forged Instrument,0,0,,1,Medium,0
Female,Greater than 45,Other,0,0,0,0.0,-1.0,M,Battery,0,0,,0,Medium,0
Female,Less than 25,Native American,0,0,0,2.0,10.40278051873598,F,Grand Theft (Motor Vehicle),1,0,Tresspass in Struct/Convey Occupy,2,High,1
Female,Less than 25,Native American,0,0,0,1.0,0.0,F,Grand Theft (Motor Vehicle),0,0,,1,High,0
Male,Less than 25,Asian,0,0,2,10.0,-1.0,F,Robbery / Weapon,1,1,Battery on a Person Over 65,10,Low,1
Female,25 - 45,Native American,0,0,0,0.0,-1.0,M,Battery,0,0,,0,Low,0
Male,Less than 25,Native American,0,0,1,1.0,-21.0,M,Battery,0,0,,1,Medium,0
Female,Greater than 45,Native American,0,0,0,0.0,-1.0,F,Uttering a Forged Instrument,0,0,,0,Low,0
Male,Less than 25,Asian,0,0,0,0.0,-1.0,F,Uttering a Forged Instrument,0,0,,0,Low,0
Male,Greater than 45,African-American,0,0,0,3.0,-1.0,F,arrest case no charge,1,1,Stalking (Aggravated),3,Low,1
Female,25 - 45,Caucasian,0,0,0,2.0,-1.0,M,arrest case no charge,0,0,,2,Low,0
Male,Less than 25,Asian,0,0,0,0.0,-1.0,F,Uttering a Forged Instrument,1,0,Stalking (Aggravated),0,High,1
Male,25 - 45,African-American,0,0,0,0.0,-1.0,M,Battery,1,0,Unlaw LicTag/Sticker Attach,0,Low,1
Male,25 - 45,Other,0,0,0,0.0,0.0,M,Battery,0,0,,0,Medium,0
Male,Greater than 45,Native American,0,0,0,0.0,-1.0,F,Possess Cannabis/20 Grams Or Less,1,1,Battery on a Person Over 65,0,Low,1
Male,Greater than 45,Asian,0,0,0,0.0,-4.0,M,Driving Under The Influence,0,0,,0,Low,0
Female,25 - 45,Other,0,3,0,3.0,0.0,F,Leave Acc/Attend Veh/More $50,1,0,,3,High,0
Female,Less than 25,Asian,1,1,1,12.0,-1.0,M,False Imprisonment,1,0,,12,High,1
Male,Less than 25,African-American,0,0,0,1.0,-18.0,F,Uttering a Forged Instrument,1,0,Possession of Cocaine,1,High,1
Male,Greater than 45,African-American,0,1,0,6.0,27.031912991678006,M,Tresspass in Structure or Conveyance,1,1,Robbery W/Firearm,6,Medium,1
Female,Less than 25,Caucasian,1,0,0,2.0,-1.0,F,Possession of Cannabis,1,0,,2,High,0
Male,Less than 25,Hispanic,0,0,0,1.0,-1.0,F,Pos Cannabis W/Intent Sel/Del,0,0,,1,Low,0
Male,25 - 45,African-American,0,0,0,1.0,-1.0,F,Grand Theft in the 3rd Degree,0,0,,1,Medium,0
Male,25 - 45,Other,0,0,0,0.0,-1.0,M,Uttering a Forged Instrument,0,0,,0,Low,0
Male,25 - 45,Hispanic,0,0,0,4.0,-1.0,F,Pos Cannabis W/Intent Sel/Del,1,0,Retaliate Wit/Vict No Injury,4,Low,1
Male,Greater than 45,Asian,0,0,1,0.0,-1.0,M,Battery,1,0,Fail Register Vehicle,0,Medium,1
Female,Greater than 45,Other,0,0,0,1.0,-1.0,F,Uttering a Forged Instrument,0,0,,1,Low,0
Male,Less than 25,Caucasian,0,0,0,2.0,0.0,F,arrest case no charge,0,0,,2,Low,0
Female,Less than 25,Hispanic,0,0,0,2.0,-1.0,F,Uttering a Forged Instrument,0,0,,2,Low,0
Female,Less than 25,Native American,0,0,0,11.0,-1.0,F,arrest case no charge,0,0,,11,Medium,0
Male,Less than 25,African-American,0,0,0,1.0,0.0,M,Driving Under The Influence,0,0,,1,High,0
Female,Greater than 45,Native American,0,0,0,2.0,-1.0,F,Pos Cannabis W/Intent Sel/Del,0,0,,2,Low,0
Male,Greater than 45,Other,0,0,0,10.0,-20.0,F,arrest case no charge,1,0,Possession of Cocaine,10,Medium,1
Male,Greater than 45,Hispanic,0,0,0,0.0,0.0,M,Possess Cannabis/20 Grams Or Less,1,1,Aggravated Battery / Pregnant,0,Low,1
Male,Less than 25,African-American,0,0,0,0.0,-1.0,F,Pos Cannabis W/Intent Sel/Del,0,0,,0,Low,0
Female,25 - 45,Asian,0,0,0,0.0,-1.0,M,Battery,0,0,,0,Low,1
Male,25 - 45,Native American,0,0,0,1.0,-3.0,M,Leave Acc/Attend Veh/More $50,0,0,,1,Low,0
Male,Less than 25,Hispanic,0,0,1,0.0,0.0,M,Pos Cannabis W/Intent Sel/Del,1,0,Susp Drivers Lic 1st Offense,0,Medium,1
Male,Greater than 45,Native American,0,0,0,1.0,0.0,F,Uttering a Forged Instrument,0,0,,1,Medium,0
Male,Greater than 45,African-American,0,0,0,0.0,0.0,M,Battery,1,1,Robbery W/Firearm,0,Low,1
Male,25 - 45,Caucasian,0,0,0,3.0,-1.0,F,Uttering a Forged Instrument,1,0,Petit Theft,3,Medium,1
Female,Less than 25,Asian,0,0,0,0.0,0.0,F,Uttering a Forged Instrument,1,0,Battery,0,Medium,1
Male,Greater than 45,Native American,0,0,0,4.0,-26.0,M,arrest case no charge,1,0,Unlaw LicTag/Sticker Attach,4,Low,0
Male,Less than 25,Other,0,0,0,5.0,-1.0,F,Possession of Cannabis,0,0,,5,Low,0
Male,Greater than 45,Caucasian,0,0,0,2.0,-3.0,F,Pos Cannabis W/Intent Sel/Del,1,0,Petit Theft,2,Low,1
Female,25 - 45,Hispanic,0,0,0,1.0,-1.0,F,arrest case no charge,0,0,,1,Medium,0
Male,Less than 25,Caucasian,0,0,0,0.0,0.0,F,Uttering a Forged Instrument,1,0,Armed Kidnapping,0,Low,1
Male,Greater than 45,Caucasian,0,0,0,0.0,-1.0,F,Uttering a Forged Instrument,1,0,Trespass Struct/Conveyance,0,Low,1
Male,Greater than 45,Other,0,0,0,2.0,-1.0,F,Grand Theft in the 3rd Degree,0,0,,2,Low,0
Female,25 - 45,Native American,0,0,0,3.0,-1.0,M,Uttering a Forged Instrument,1,0,Unlaw Use False Name/Identity,3,High,1
Female,25 - 45,Hispanic,0,0,0,0.0,-1.0,F,Pos Cannabis W/Intent Sel/Del,0,0,,0,Low,0
Male,Less than 25,Asian,0,0,0,0.0,0.0,F,Uttering a Forged Instrument,1,0,,0,Low,0
Female,Less than 25,Caucasian,0,0,0,7.0,-1.0,F,arrest case no charge,0,0,,7,High,0
Female,Less than 25,Caucasian,0,0,0,5.0,-1.0,F,Uttering a Forged Instrument,1,0,Opert With Susp DL 2nd Offens,5,Medium,1
Female,Less than 25,Native American,0,0,1,2.0,-1.0,M,Battery,1,0,Burglary Conveyance Unoccup,2,Low,0
Male,Less than 25,Caucasian,1,0,0,9.0,-1.0,F,Possession of Cannabis,1,0,Possess Cannabis/20 Grams Or Less,9,Low,1
Female,Greater than 45,Asian,0,0,0,0.0,0.0,M,Battery,1,1,Battery,0,Low,1
Male,Greater than 45,African-American,0,0,0,0.0,-1.0,F,Uttering a Forged Instrument,0,0,,0,Low,0
Female,Greater than 45,Other,0,0,0,4.0,-1.0,M,Battery,1,1,Battery,4,Low,1
Female,Less than 25,Caucasian,0,2,0,2.0,-22.0,M,Leave Acc/Attend Veh/More $50,0,0,,2,Low,0
Male,Greater than 45,Asian,0,0,0,2.0,-29.0,F,arrest case no charge,1,1,Battery on a Person Over 65,2,Low,1
Male,Greater than 45,Hispanic,0,0,0,4.0,-1.0,M,Driving Under The Influence,1,1,Felony Battery w/Prior Convict,4,Medium,1
Male,25 - 45,Caucasian,0,0,0,0.0,-1.0,F,Uttering a Forged Instrument,0,0,,0,Medium,0
Male,25 - 45,Caucasian,0,0,0,13.0,0.0,M,arrest case no charge,1,0,Possess Cannabis/20 Grams Or Less,13,High,1
Female,25 - 45,African-American,0,0,0,0.0,-1.0,M,Uttering a Forged Instrument,1,0,Unlaw Use False Name/Identity,0,Low,1
Male,Less than 25,Asian,0,0,0,2.0,-1.0,M,arrest case no charge,0,0,,2,Low,0
Male,Greater than 45,Other,0,0,1,1.0,-1.0,F,Uttering a Forged Instrument,0,0,,1,Medium,0
Male,25 - 45,Native American,0,0,2,6.0,0.0,F,arrest case no charge,0,0,,6,High,0
Female,Less than 25,Native American,0,0,3,3.0,-1.0,F,Purchase Cannabis,1,1,Battery,3,High,1
Female,Greater than 45,Hispanic,0,0,0,1.0,-1.0,F,Uttering a Forged Instrument,0,0,,1,High,0
Male,Less than 25,African-American,0,0,0,0.0,-1.0,F,Uttering a Forged Instrument,0,0,,0,Low,0
Female,Less than 25,Asian,0,0,0,0.0,-1.0,M,Battery,1,0,Resist/Obstruct W/O Violence,0,Medium,1
Male,25 - 45,Asian,0,0,1,2.0,0.0,M,Driving Under The Influence,1,0,Neglect Child / No Bodily Harm,2,Low,1
Male,25 - 45,Asian,0,0,0,4.0,0.0,F,arrest case no charge,0,0,,4,Medium,0
Female,Less than 25,Hispanic,0,0,0,1.0,-1.0,F,arrest case no charge,0,0,,1,Low,0
Female,25 - 45,African-American,0,0,1,10.0,-1.0,F,arrest case no charge,1,0,Burglary Structure Unoccup,10,Medium,1
Male,25 - 45,Hispanic,0,0,0,3.0,-1.0,F,Uttering a Forged Instrument,1,0,Battery,3,Medium,1
Female,Less than 25,Asian,0,0,0,0.0,0.0,M,Uttering a Forged Instrument,0,0,,0,Low,0
Male,Less than 25,Caucasian,0,0,0,1.0,-1.0,F,Grand Theft in the 3rd Degree,0,0,,1,Low,0
Male,Less than 25,Hispanic,0,0,0,0.0,-1.0,M,Battery,0,0,,0,Low,0
Female,Less than 25,Caucasian,0,0,0,1.0,-1.0,F,Grand Theft in the 3rd Degree,1,1,Battery on a Person Over 65,1,Medium,1
Male,Less than 25,Other,0,0,0,2.0,-1.0,M,Driving Under The Influence,0,0,,2,Low,0
Male,25 - 45,Other,0,0,0,1.0,-3.0,F,arrest case no charge,0,0,,1,Low,0
Female,Less than 25,Hispanic,0,0,0,1.0,-1.0,M,Driving Under The Influence,0,0,,1,Low,0
Male,Less than 25,Other,0,0,0,5.0,-23.0,F,arrest case no charge,1,0,,5,Medium,1
Female,Less than 25,Asian,0,0,0,7.0,0.0,F,arrest case no charge,0,0,,7,High,0
Female,25 - 45,Caucasian,0,1,0,5.0,0.0,M,Battery,0,0,,5,Low,0
Female,25 - 45,Asian,0,0,0,5.0,-2.0,F,Grand Theft in the 3rd Degree,0,0,Aggravated Battery / Pregnant,5,Medium,1
Female,Less than 25,Asian,0,0,0,15.0,-1.0,F,arrest case no charge,1,1,Battery on a Person Over 65,15,Medium,1
Female,Less than 25,Asian,0,0,0,2.0,-1.0,F,Pos Cannabis W/Intent Sel/Del,1,0,Fail Register Vehicle,2,Medium,1
Female,Greater than 45,African-American,0,0,1,2.0,-1.0,M,Uttering a Forged Instrument,0,0,,2,Low,0
Female,Greater than 45,Other,0,0,0,2.0,-14.82681389933912,F,arrest case no charge,0,0,,2,Medium,0
Male,Greater than 45,Caucasian,0,0,1,0.0,0.0,F,Uttering a Forged Instrument,1,0,Resist/Obstruct W/O Violence,0,Low,1
Female,Less than 25,Other,0,0,0,0.0,0.0,M,Battery,1,0,Aggravated Battery / Pregnant,0,Low,1
Female,25 - 45,Other,0,0,0,1.0,-1.0,F,arrest case no charge,0,0,,1,Low,0
Female,Greater than 45,Asian,0,0,0,1.0,-1.0,M,Battery,0,0,,1,Low,0
Male,Less than 25,Hispanic,1,0,0,18.0,0.0,F,arrest case no charge,1,0,Possess Cannabis/20 Grams Or Less,18,Medium,0
Female,25 - 45,Other,0,0,0,2.0,-28.0,F,Uttering a Forged Instrument,1,0,Unlaw Use False Name/Identity,2,Low,1
Female,Greater than 45,Caucasian,0,0,0,4.0,-2.0,F,Possession Of Alprazolam,1,0,Possess Cannabis/20 Grams Or Less,4,Low,1
Male,25 - 45,Other,0,0,0,4.0,0.0,F,Uttering a Forged Instrument,0,0,,4,Medium,0
Male,25 - 45,Other,0,0,0,0.0,-1.0,M,Battery,1,0,Aggravated Battery / Pregnant,0,Low,1
Female,Less than 25,Native American,0,0,0,0.0,0.0,M,Uttering a Forged Instrument,1,0,Viol Pretrial Release Dom Viol,0,Low,1
Female,Greater than 45,Other,0,0,0,1.0,-1.0,M,Battery,1,0,Felony Battery (Dom Strang),1,Low,1
Male,Less than 25,Other,0,0,0,0.0,-1.0,M,Uttering a Forged Instrument,0,0,,0,Low,0
Male,Greater than 45,Other,0,0,0,10.0,-1.0,F,arrest case no charge,0,0,,10,Low,0
Female,25 - 45,Asian,0,0,0,0.0,0.0,M,Driving Under The Influence,0,0,,0,Low,0
Female,Greater than 45,Native American,0,0,0,0.0,-1.0,F,Pos Cannabis W/Intent Sel/Del,0,0,,0,Low,0
Male,Less than 25,Native American,0,4,0,37.00485988035598,-1.0,M,arrest case no charge,1,1,Aggravated Battery / Pregnant,36,Medium,1
Female,Greater than 45,Native American,0,0,0,0.0,-1.0,M,Uttering a Forged Instrument,0,0,,0,Low,0
Male,25 - 45,Hispanic,0,0,0,19.0,-1.0,F,arrest case no charge,1,0,Felony Battery (Dom Strang),19,Medium,1
Female,Greater than 45,Caucasian,0,0,0,2.0,-1.0,F,Pos Cannabis W/Intent Sel/Del,1,0,Resist/Obstruct W/O Violence,2,High,1
Female,Less than 25,Other,0,0,0,0.0,-1.0,F,Uttering a Forged Instrument,0,0,,0,Low,0
Female,Less than 25,African-American,0,0,0,2.0,-1.0,F,Uttering a Forged Instrument,1,0,Petit Theft,2,High,1
Male,Greater than 45,Hispanic,0,1,0,23.0,-1.0,F,Leave Acc/Attend Veh/More $50,1,0,Petit Theft,23,High,1
Female,Less than 25,African-American,0,0,0,2.0,-26.0,F,Pos Cannabis W/Intent Sel/Del,1,0,Unlaw Use False Name/Identity,2,Medium,1
Male,Greater than 45,African-American,0,0,0,2.0,-1.0,F,Uttering a Forged Instrument,0,0,,2,Low,0
Female,Greater than 45,Native American,0,0,0,0.0,-1.0,F,Uttering a Forged Instrument,0,0,,0,Low,0
Male,25 - 45,Caucasian,0,0,0,0.0,-3.0,F,Grand Theft in the 3rd Degree,0,0,,0,Low,0
Female,Less than 25,Other,0,0,1,5.0,-1.0,F,Purchase Cannabis,1,1,Aggravated Battery / Pregnant,4,High,1
Female,Less than 25,Native American,0,0,0,0.0,-1.0,M,Battery,0,0,,0,Low,0
Female,Greater than 45,Other,0,1,0,2.0,-6.0,F,Grand Theft in the 3rd Degree,1,0,Resist/Obstruct W/O Violence,2,Medium,1
Male,25 - 45,Native American,0,0,0,5.0,-19.0,M,arrest case no charge,1,0,Opert With Susp DL 2nd Offens,5,Low,1
Female,25 - 45,Hispanic,0,0,0,2.0,-1.0,M,Uttering a Forged Instrument,1,0,Felony Petit Theft,2,Low,1
Male,25 - 45,Native American,0,0,0,2.0,-1.0,M,Driving Under The Influence,0,0,,2,Low,0
Female,25 - 45,African-American,0,0,0,11.0,-1.0,F,arrest case no charge,1,0,Poss Cocaine/Intent To Del/Sel,11,Medium,1
Female,25 - 45,African-American,0,0,0,12.0,0.0,F,arrest case no charge,0,0,,12,Medium,0
Female,Greater than 45,Other,0,0,0,1.0,-1.0,F,Uttering a Forged Instrument,1,0,Trespass,1,Medium,1
Male,25 - 45,Hispanic,0,0,0,2.0,0.0,F,Uttering a Forged Instrument,0,0,,2,Low,0
Female,Greater than 45,Hispanic,0,0,0,18.16206710434193,-1.0,F,arrest case no charge,1,1,Felony Battery w/Prior Convict,17,High,1
Male,Greater than 45,Other,0,0,0,1.0,-1.0,F,Pos Cannabis W/Intent Sel/Del,1,1,Stalking (Aggravated),1,Low,1
Male,Greater than 45,Asian,0,0,2,14.0,0.0,F,Possession of Cannabis,1,0,Poss Cocaine/Intent To Del/Sel,14,High,0
Male,Less than 25,Caucasian,0,0,0,2.0,-1.0,M,Driving Under The Influence,0,0,,2,Low,0
Male,Less than 25,Other,0,0,0,5.0,-1.0,F,arrest case no charge,1,0,Unlaw LicTag/Sticker Attach,5,Low,1
Male,Less than 25,Caucasian,0,0,0,3.0,0.0,M,Battery,1,1,Felony Battery (Dom Strang),3,Low,1
Male,Less than 25,Hispanic,0,0,0,4.0,-1.0,M,Driving Under The Influence,1,0,Viol Injunct Domestic Violence,4,High,1
Female,25 - 45,African-American,0,0,1,1.0,-1.0,F,arrest case no charge,1,0,Unlaw LicTag/Sticker Attach,1,Medium,1
Female,Greater than 45,Other,0,0,0,3.0,0.0,F,Uttering a Forged Instrument,1,0,Petit Theft,3,Medium,1
Female,25 - 45,Hispanic,0,0,0,1.0,-1.0,F,Uttering a Forged Instrument,1,1,Battery,1,Low,1
Male,25 - 45,Asian,0,0,0,0.0,-1.0,M,Uttering a Forged Instrument,0,0,,0,Low,0
Male,Greater than 45,Native American,0,0,0,12.0,-1.0,F,arrest case no charge,1,1,Viol Injunct Domestic Violence,12,High,1
Female,25 - 45,African-American,0,0,0,5.0,0.0,M,arrest case no charge,0,0,,5,Low,0
Female,25 - 45,Native American,0,0,0,1.0,-1.0,F,arrest case no charge,0,0,,1,Low,0
Male,25 - 45,Asian,0,0,0,2.0,-26.0,M,Battery,0,0,,2,Low,0
Female,Less than 25,Native American,0,0,0,3.0,0.0,F,Uttering a Forged Instrument,1,0,,3,Low,0
Female,Less than 25,African-American,0,0,0,0.0,-1.0,M,Battery,0,0,,0,High,0
Female,Less than 25,Other,0,0,0,0.0,-1.0,F,Uttering a Forged Instrument,0,0,,0,Low,0
Female,Greater than 45,Native American,0,0,0,0.0,0.0,M,Battery,1,0,Petit Theft,0,Low,1
Female,25 - 45,Asian,0,0,0,10.0,-1.0,M,arrest case no charge,1,0,Burglary Structure Unoccup,10,Medium,1
Male,Greater than 45,Hispanic,0,0,0,1.0,-1.0,M,Driving Under The Influence,0,0,,1,Medium,0
Female,Greater than 45,Asian,0,0,2,4.0,-1.0,F,Possession of Cannabis,1,0,Possess Cannabis/20 Grams Or Less,4,High,1
Female,Greater than 45,Native American,0,0,0,5.0,0.0,F,Possession of Cannabis,0,0,,5,High,0
Female,Less than 25,Caucasian,0,0,0,5.0,-1.0,F,arrest case no charge,1,0,Possess Cannabis/20 Grams Or Less,5,Low,1
Female,Less than 25,Other,0,0,0,6.0,-23.0,F,Grand Theft in the 3rd Degree,0,0,,6,Low,0
Male,Less than 25,Hispanic,0,0,0,12.0,0.0,M,Leave Acc/Attend Veh/More $50,0,0,,12,Medium,0
Female,Greater than 45,African-American,0,0,1,2.0,-1.0,F,Pos Cannabis W/Intent Sel/Del,1,0,Poss Cocaine/Intent To Del/Sel,2,High,1
Female,25 - 45,Hispanic,0,0,0,0.0,-1.0,M,Uttering a Forged Instrument,1,0,,0,High,0
Male,Greater than 45,Native American,0,0,0,2.0,-1.0,F,Uttering a Forged Instrument,0,0,,2,Low,0
Male,Greater than 45,Asian,0,0,0,1.0,-1.0,F,Uttering a Forged Instrument,1,0,Possess Cannabis/20 Grams Or Less,1,Medium,1
Male,Greater than 45,Asian,1,0,0,7.0,-1.0,F,Grand Theft in the 3rd Degree,1,1,Battery on a Person Over 65,7,High,1
Female,Less than 25,Other,0,0,1,15.0,-4.0,F,arrest case no charge,1,0,Grand Theft in the 3rd Degree,15,High,1
Male,Greater than 45,Asian,0,0,0,1.0,-2.0,M,Driving Under The Influence,0,0,,1,Low,0
Male,Less than 25,Caucasian,0,0,0,2.0,0.0,F,Uttering a Forged Instrument,1,0,Robbery W/Firearm,2,High,1
Female,Less than 25,Other,0,0,0,0.0,-2.0,M,Battery,0,0,,0,Low,0
Female,Less than 25,African-American,0,0,0,0.0,-1.0,F,Uttering a Forged Instrument,0,0,,0,Low,0
Male,Less than 25,Native American,0,0,0,1.0,-1.0,M,Battery,1,0,,1,Low,0
Male,25 - 45,Native American,0,0,0,0.0,-1.0,F,Uttering a Forged Instrument,0,0,,0,Low,0
Female,25 - 45,Caucasian,0,0,0,1.0,-1.0,M,Driving Under The Influence,0,0,,1,Low,0
Male,Less than 25,Other,0,0,0,4.0,0.0,F,Pos Cannabis W/Intent Sel/Del,1,0,Stalking (Aggravated),4,High,1
Male,Greater than 45,Asian,0,0,0,5.0,0.0,F,arrest case no charge,1,0,Unlaw Use False Name/Identity,5,Medium,1
Male,Less than 25,Native American,0,0,0,2.0,0.0,M,Driving Under The Influence,0,0,,2,Medium,0
Male,25 - 45,Other,0,0,0,5.0,-1.0,F,Possession of Cannabis,0,0,,5,Medium,0
Male,Less than 25,Hispanic,0,0,0,4.0,0.0,M,Battery,0,0,,4,Low,1
Male,25 - 45,Asian,0,0,1,0.0,0.0,M,Uttering a Forged Instrument,1,0,Petit Theft,0,High,1
Male,Greater than 45,Native American,0,0,0,1.0,-1.0,F,arrest case no charge,0,0,,1,Low,0
Male,Less than 25,African-American,0,0,0,0.0,-1.0,F,Uttering a Forged Instrument,1,0,Poss Cocaine/Intent To Del/Sel,0,Medium,0
Female,25 - 45,Hispanic,0,0,0,0.0,-1.0,M,Battery,0,0,,0,Low,0
Male,25 - 45,Caucasian,0,0,0,5.0,-1.0,M,Possess Cannabis/20 Grams Or Less,0,0,,5,Low,1
Female,Less than 25,Native American,0,0,0,3.0,-2.0,M,Battery,0,0,,3,High,0
Female,Greater than 45,Native American,0,0,0,0.0,-1.0,M,Battery,0,0,,0,Medium,0
Male,Greater than 45,Other,0,0,0,28.94759349714166,-1.0,F,arrest case no charge,1,0,Possession of Cocaine,28,High,1
Female,25 - 45,African-American,0,0,0,3.0,-1.0,F,arrest case no charge,1,1,Battery on a Person Over 65,3,Medium,1
Female,Greater than 45,Hispanic,0,0,0,0.0,0.0,M,Battery,1,0,Susp Drivers Lic 1st Offense,0,Low,1
Male,25 - 45,Other,0,0,0,5.0,-1.0,M,arrest case no charge,0,0,,5,High,0
Female,25 - 45,African-American,0,0,0,0.0,0.0,F,Uttering a Forged Instrument,0,0,Burglary Conveyance Unoccup,0,Low,0
Female,25 - 45,Asian,0,0,0,1.0,-1.0,F,arrest case no charge,0,0,,1,Medium,0
Female,25 - 45,Caucasian,0,0,0,0.0,-1.0,F,Uttering a Forged Instrument,0,0,,0,Medium,0
Male,Less than 25,Caucasian,0,0,0,0.0,-1.0,M,Battery,0,0,,0,Low,0
Male,Greater than 45,Native American,0,0,0,0.0,-1.0,F,Uttering a Forged Instrument,1,0,Susp Drivers Lic 1st Offense,0,Low,1
Female,Greater than 45,Caucasian,0,2,1,9.0,0.0,F,arrest case no charge,0,0,,9,High,0
Female,Greater than 45,Asian,0,0,0,10.0,-1.0,F,arrest case no charge,1,0,Felony Petit Theft,10,Medium,1
Female,Less than 25,African-American,0,0,0,0.0,0.0,M,Battery,0,0,,0,Low,0
Male,Less than 25,Caucasian,0,0,0,2.0,-1.0,F,Pos Cannabis W/Intent Sel/Del,0,0,,2,Low,0
Male,25 - 45,Caucasian,0,0,0,4.0,-1.0,M,Battery,0,0,,4,Low,0
Female,25 - 45,Native American,0,0,0,4.0,0.0,M,Uttering a Forged Instrument,0,0,,4,Medium,0
Female,Greater than 45,Hispanic,0,0,0,10.0,-1.0,F,arrest case no charge,1,0,Possession of Cocaine,10,Low,1
Female,Greater than 45,Asian,0,0,0,0.0,0.0,M,Driving Under The Influence,0,0,,0,Low,0
Male,Less than 25,Caucasian,0,0,0,0.0,0.0,M,Battery,0,0,,0,Low,0
Male,Less than 25,Caucasian,0,0,0,0.0,0.0,M,Battery,1,1,Battery,0,Medium,1
Male,Less than 25,Other,0,0,0,0.0,-1.0,M,Uttering a Forged Instrument,0,0,,0,Low,0
Female,25 - 45,Hispanic,0,0,0,1.0,-1.0,F,Pos Cannabis W/Intent Sel/Del,0,0,,1,Low,0
Male,Less than 25,Asian,0,0,0,0.0,-1.0,M,Battery,0,0,,0,Low,0
Male,25 - 45,Native American,0,0,0,1.0,-30.0,F,arrest case no charge,1,1,Retaliate Wit/Vict No Injury,1,High,1
Female,Less than 25,Other,0,0,0,8.0,0.0,M,Battery,1,0,Stalking (Aggravated),8,Medium,1
Female,Less than 25,Asian,0,0,0,0.0,0.0,M,Uttering a Forged Instrument,0,0,,0,Low,0
Male,Less than 25,Other,0,0,0,0.0,-5.0,F,Uttering a Forged Instrument,0,0,,0,Medium,0
Male,25 - 45,Other,0,0,0,1.0,-1.0,F,Uttering a Forged Instrument,1,0,Resist/Obstruct W/O Violence,1,Low,1
Female,Greater than 45,African-American,0,0,0,7.0,-1.0,F,arrest case no charge,0,0,,7,Low,0
Male,Greater than 45,Hispanic,0,0,0,11.0,-1.0,F,arrest case no charge,0,0,,11,High,0
Female,25 - 45,Caucasian,0,0,0,2.0,-1.0,M,Battery,0,0,,2,Low,0
Male,Greater than 45,Caucasian,0,0,0,4.0,-1.0,F,Grand Theft in the 3rd Degree,1,0,Possess Cannabis/20 Grams Or Less,4,Low,1
Female,Greater than 45,African-American,0,0,0,6.0,-1.0,F,arrest case no charge,0,0,,6,Low,0
Female,Greater than 45,Other,0,0,0,0.0,0.0,M,Uttering a Forged Instrument,0,0,,0,Low,0
Male,Greater than 45,Other,0,0,0,1.0,-1.0,F,Pos Cannabis W/Intent Sel/Del,1,0,Fail Register Vehicle,1,Medium,1
Female,25 - 45,Caucasian,0,0,0,7.0,-1.0,F,arrest case no charge,1,0,Neglect Child / No Bodily Harm,7,Medium,1
Male,Less than 25,Asian,0,0,0,3.0,-1.0,F,arrest case no charge,1,1,Battery,3,Low,1
Male,Greater than 45,Caucasian,0,0,0,0.0,-1.0,F,Pos Cannabis W/Intent Sel/Del,0,0,,0,Low,0
Male,25 - 45,Native American,0,0,0,0.0,-1.0,F,Uttering a Forged Instrument,1,0,Tresspass in Struct/Convey Occupy,0,Low,1
Male,25 - 45,Asian,0,0,0,0.0,-1.0,F,Uttering a Forged Instrument,0,0,,0,Low,0
Male,Greater than 45,African-American,0,0,0,2.0,-1.0,F,Pos Cannabis W/Intent Sel/Del,0,0,,2,Medium,0
Male,Greater than 45,Hispanic,0,0,0,2.0,0.0,F,Uttering a Forged Instrument,1,0,Felony Battery (Dom Strang),2,Low,1
Male,25 - 45,Hispanic,0,0,0,1.0,-1.0,F,Uttering a Forged Instrument,1,0,Possess Cannabis/20 Grams Or Less,1,Low,1
Female,Less than 25,Native American,0,0,0,7.0,-1.0,F,arrest case no charge,1,0,Burglary Conveyance Unoccup,7,High,1
Male,25 - 45,Other,0,0,1,3.0,-1.0,F,Possession Of Alprazolam,1,0,Possess Cannabis/20 Grams Or Less,3,Low,1
Female,25 - 45,Native American,0,0,1,2.0,-1.0,F,Uttering a Forged Instrument,1,0,Possess Cannabis/20 Grams Or Less,2,Medium,1
Male,25 - 45,Other,0,0,0,6.0,0.0,M,arrest case no charge,0,0,,6,Low,0
Male,Greater than 45,Hispanic,0,0,0,0.0,0.0,M,Uttering a Forged Instrument,0,0,,0,Low,0
Male,Less than 25,Hispanic,0,0,0,2.0,-1.0,M,Battery,0,0,,2,Low,0
Female,Less than 25,Hispanic,0,0,0,1.0,-1.0,F,Pos Cannabis W/Intent Sel/Del,0,0,,1,High,0
Female,25 - 45,Hispanic,0,0,0,1.0,-1.0,M,Driving Under The Influence,1,0,Viol Injunct Domestic Violence,1,Low,1
Female,25 - 45,Caucasian,0,0,0,2.0,0.0,M,Possess Cannabis/20 Grams Or Less,1,0,Poss Cocaine/Intent To Del/Sel,2,Low,1
Male,Greater than 45,Other,0,0,0,8.0,0.0,F,arrest case no charge,1,0,Disorderly Intoxication,8,Medium,1
Female,Greater than 45,Asian,0,0,0,1.0,-1.0,M,Battery,1,1,Battery,1,Medium,0
Female,25 - 45,Asian,0,0,0,1.0,-26.0,F,Pos Cannabis W/Intent Sel/Del,0,0,,1,Low,0
Male,Greater than 45,Other,0,0,0,0.0,-1.0,F,Uttering a Forged Instrument,1,0,Opert With Susp DL 2nd Offens,0,Low,1
Female,25 - 45,Native American,0,0,0,2.0,-1.0,M,Battery,0,0,,2,Medium,0
Male,25 - 45,Native American,0,0,0,3.0,0.0,F,Uttering a Forged Instrument,1,0,Unlaw Use False Name/Identity,3,Low,1
Female,25 - 45,Native American,0,0,0,3.0,-1.0,F,Uttering a Forged Instrument,1,0,Felony Petit Theft,3,Medium,1
Male,Less than 25,Other,0,0,0,1.0,-15.5169259663836,F,Uttering a Forged Instrument,0,0,,1,Low,0
Female,25 - 45,Hispanic,0,0,0,10.0,-1.0,F,arrest case no charge,1,0,Opert With Susp DL 2nd Offens,10,Medium,1
Female,25 - 45,Hispanic,0,0,0,9.0,-1.0,F,arrest case no charge,1,1,Battery,9,Medium,1
Female,Greater than 45,Caucasian,0,0,0,1.0,-1.0,F,Uttering a Forged Instrument,0,0,,1,Low,0
Female,Less than 25,Native American,0,1,0,1.0,0.0,M,Possess Cannabis/20 Grams Or Less,1,1,Viol Injunct Domestic Violence,1,High,1
Female,Less than 25,Hispanic,0,0,0,2.0,0.0,F,Grand Theft in the 3rd Degree,1,0,Burglary Conveyance Unoccup,2,Low,1
Female,Greater than 45,Asian,0,1,0,7.0,-1.0,F,Robbery / No Weapon,1,1,Stalking (Aggravated),7,High,1
Male,Greater than 45,Other,0,0,0,0.0,-3.0,M,Possess Cannabis/20 Grams Or Less,0,0,,0,Low,0
Male,Less than 25,Caucasian,0,1,0,8.0,-1.0,F,Robbery / No Weapon,1,1,Battery,8,Low,1
Female,Less than 25,Asian,0,0,0,0.0,-1.0,F,Pos Cannabis W/Intent Sel/Del,0,0,,0,Low,0
Male,Less than 25,African-American,0,0,0,1.0,-1.0,M,Battery,0,0,,1,Low,0
Male,Greater than 45,Caucasian,0,0,0,3.0,-1.0,F,Uttering a Forged Instrument,1,0,Opert With Susp DL 2nd Offens,3,Low,1
Male,Less than 25,Native American,0,0,0,0.0,-1.0,F,Uttering a Forged Instrument,0,0,,0,Low,0
Female,25 - 45,Asian,2,1,0,11.0,-1.0,F,Leave Acc/Attend Veh/More $50,0,0,,11,High,0
Female,Less than 25,African-American,0,0,0,5.0,-1.0,M,Driving Under The Influence,1,0,Possession of Cocaine,5,Low,1
Male,25 - 45,African-American,0,0,0,12.0,-1.0,F,arrest case no charge,1,0,Disorderly Intoxication,12,High,1
Female,Less than 25,Native American,0,0,0,2.0,-1.0,F,arrest case no charge,0,0,,2,Low,0
Male,Less than 25,Caucasian,0,0,0,1.0,-1.0,F,Pos Cannabis W/Intent Sel/Del,0,0,,1,High,0
Male,Greater than 45,Asian,0,0,0,9.0,0.0,F,arrest case no charge,1,0,Burglary Structure Unoccup,9,Low,1
Female,Greater than 45,Asian,0,0,0,5.0,-1.0,F,arrest case no charge,1,0,Fail Register Vehicle,5,Low,1
Male,25 - 45,Other,0,0,0,0.0,-1.0,M,Battery,0,0,,0,Low,0
Male,Less than 25,Asian,0,0,0,0.0,0.0,M,Battery,1,0,Susp Drivers Lic 1st Offense,0,Medium,1
Male,Greater than 45,Caucasian,0,0,0,10.0,13.560308117833529,M,arrest case no charge,1,0,Stalking (Aggravated),10,Medium,1
Male,Less than 25,Other,0,0,0,0.0,-1.0,F,Uttering a Forged Instrument,1,0,Burglary Conveyance Unoccup,0,Medium,1
Female,25 - 45,Caucasian,0,0,0,0.0,-1.0,F,Uttering a Forged Instrument,1,0,,0,Medium,0
Female,Less than 25,Native American,0,0,0,2.0,-15.13608938095957,F,arrest case no charge,0,0,,2,Low,0
Female,Less than 25,Asian,0,0,3,10.0,0.0,M,Refuse Submit Blood/Breath Test,1,1,Viol Injunct Domestic Violence,10,High,1
Male,Greater than 45,Asian,0,0,0,8.0,-1.0,M,Battery,1,0,Resist/Obstruct W/O Violence,8,Medium,1
Male,25 - 45,Hispanic,0,0,0,5.0,-1.0,F,arrest case no charge,1,1,Retaliate Wit/Vict No Injury,5,Low,1
Female,Greater than 45,Asian,0,0,2,1.0,-1.0,F,Uttering a Forged Instrument,1,0,Possess Cannabis/20 Grams Or Less,1,Medium,1
Male,25 - 45,Caucasian,0,0,0,1.0,-8.0,F,Uttering a Forged Instrument,0,0,,1,Low,0
Female,Less than 25,Hispanic,0,0,0,7.0,-1.0,F,arrest case no charge,1,0,Fail Register Vehicle,7,High,1
Female,Less than 25,African-American,0,0,0,2.0,0.0,F,Uttering a Forged Instrument,1,0,Viol Injunct Domestic Violence,2,Low,1
Male,25 - 45,African-American,0,0,0,8.0,0.0,F,arrest case no charge,1,0,,8,High,0
Male,Greater than 45,Other,0,0,0,0.0,-1.0,M,Battery,0,0,,0,Low,0
Female,25 - 45,African-American,0,0,0,0.0,-1.0,F,Uttering a Forged Instrument,0,0,,0,Medium,0
Male,Less than 25,Caucasian,0,0,0,2.0,-1.0,F,Uttering a Forged Instrument,1,0,Possess Cannabis/20 Grams Or Less,2,Low,1
Female,Less than 25,Caucasian,0,0,3,2.0,-1.0,F,Grand Theft in the 3rd Degree,1,0,Unlaw Use False Name/Identity,2,Medium,1
Male,Less than 25,African-American,0,0,0,0.0,-1.0,F,Pos Cannabis W/Intent Sel/Del,1,1,Aggravated Battery / Pregnant,0,High,1
Female,Greater than 45,African-American,0,0,0,1.0,0.0,F,Pos Cannabis W/Intent Sel/Del,0,0,,1,Medium,0
Female,Greater than 45,Hispanic,0,0,0,17.0,-1.0,F,arrest case no charge,1,0,Felony Battery (Dom Strang),17,Medium,1
Female,Less than 25,Hispanic,0,0,0,2.0,-26.0,F,Uttering a Forged Instrument,0,0,,2,Low,0
Male,25 - 45,Native American,0,0,0,7.0,22.245795586606263,F,Pos Cannabis W/Intent Sel/Del,1,0,,7,Low,1
Male,Greater than 45,Other,0,0,0,1.0,-1.0,M,Battery,0,0,,1,Low,0
Male,Less than 25,African-American,0,0,0,0.0,-1.0,M,Battery,0,0,,0,Low,0
Female,Greater than 45,Asian,0,0,0,0.0,-1.0,F,Pos Cannabis W/Intent Sel/Del,0,0,,0,Low,0
Male,Greater than 45,Native American,0,0,0,3.0,-1.0,M,Driving Under The Influence,1,0,Resist/Obstruct W/O Violence,3,Medium,1
Female,25 - 45,Asian,0,0,0,1.0,-1.0,F,Grand Theft in the 3rd Degree,1,0,Unlaw Use False Name/Identity,1,Medium,1
Female,25 - 45,Caucasian,0,0,0,1.0,-1.0,M,Driving Under The Influence,1,0,,1,Low,1
Male,Less than 25,Caucasian,0,0,0,9.0,-8.0,F,arrest case no charge,1,0,Aggravated Battery / Pregnant,9,High,1
Female,Greater than 45,Asian,1,0,0,1.0,-1.0,F,Battery,0,0,,1,High,0
Female,25 - 45,African-American,0,0,0,4.0,-11.835831765213026,F,arrest case no charge,0,0,,4,Low,0
Female,Greater than 45,Native American,0,0,0,0.0,-1.0,F,Grand Theft in the 3rd Degree,0,0,,0,Low,0
Male,Less than 25,African-American,0,0,0,0.0,0.0,F,Uttering a Forged Instrument,0,0,,0,Low,0
Male,25 - 45,Hispanic,0,0,0,1.0,-1.0,M,Driving Under The Influence,0,0,Felony Battery (Dom Strang),1,Low,1
Female,Greater than 45,Native American,0,0,0,0.0,-1.0,F,Uttering a Forged Instrument,0,0,,0,Low,0
Male,25 - 45,Asian,0,0,0,1.0,-1.0,F,Grand Theft in the 3rd Degree,0,0,,1,Medium,1
Female,25 - 45,Hispanic,0,0,0,1.0,-1.0,F,Uttering a Forged Instrument,0,0,,1,Medium,0
Female,Greater than 45,African-American,0,0,0,0.0,-1.0,F,Uttering a Forged Instrument,0,0,,0,Low,0
Female,Less than 25,Hispanic,0,0,0,3.0,-1.0,F,arrest case no charge,0,0,Petit Theft,3,Medium,0
Female,Less than 25,Other,0,0,0,5.0,-1.0,F,Uttering a Forged Instrument,1,0,Possess Cannabis/20 Grams Or Less,5,High,1
Male,Less than 25,Asian,0,0,0,0.0,-1.0,F,Uttering a Forged Instrument,0,0,,0,Low,0
Female,Greater than 45,Asian,0,0,0,1.0,0.0,F,Pos Cannabis W/Intent Sel/Del,1,0,Expired DL More Than 6 Months,1,Low,1
Male,Greater than 45,Hispanic,0,1,0,4.0,-1.0,M,Battery,0,0,,4,Medium,0
Female,Less than 25,Caucasian,0,0,0,1.0,-1.0,F,Driving Under The Influence,0,0,,1,Low,0
Male,Less than 25,African-American,0,0,0,3.0,-1.0,M,arrest case no charge,1,0,Expired DL More Than 6 Months,3,Low,1
Female,Greater than 45,Native American,0,0,0,4.0,-1.0,M,Battery,0,0,,4,Low,0
Male,Less than 25,Caucasian,0,0,0,36.03260953617262,-7.0,F,arrest case no charge,1,0,Disorderly Intoxication,36,Medium,1
Male,Less than 25,Hispanic,0,0,0,0.0,-4.0,F,Uttering a Forged Instrument,0,0,,0,Medium,0
Male,Greater than 45,Other,0,0,0,24.91585550558141,-1.0,F,arrest case no charge,1,1,Battery,25,High,1
Male,Less than 25,Caucasian,0,0,0,5.0,-1.0,F,Uttering a Forged Instrument,1,0,Viol Injunct Domestic Violence,5,High,1
Male,Greater than 45,Other,0,0,0,3.0,-1.0,F,Uttering a Forged Instrument,0,0,,3,Medium,0
Female,25 - 45,Asian,0,0,0,0.0,-1.0,F,Uttering a Forged Instrument,0,0,,0,Low,0
Male,Less than 25,Other,0,0,0,1.0,-2.0,F,Pos Cannabis W/Intent Sel/Del,0,0,,1,Low,0
Female,Less than 25,Caucasian,0,0,0,4.0,-1.0,F,Uttering a Forged Instrument,1,0,Unlaw LicTag/Sticker Attach,4,Low,1
Female,25 - 45,Caucasian,0,0,0,0.0,-7.0,M,Pos Cannabis W/Intent Sel/Del,0,0,,0,Low,0
Female,Greater than 45,African-American,0,0,0,1.0,-1.0,F,Grand Theft in the 3rd Degree,0,0,,1,Low,0
Female,Less than 25,Caucasian,0,0,0,5.0,-13.096475799434621,F,arrest case no charge,0,0,,5,Low,0
Female,Greater than 45,Caucasian,0,0,0,14.0,-1.0,F,arrest case no charge,1,1,Battery on a Person Over 65,14,High,1
Female,Less than 25,Hispanic,0,0,0,0.0,-1.0,F,Uttering a Forged Instrument,1,0,Aggravated Battery / Pregnant,0,Low,1
Male,25 - 45,Asian,0,1,0,5.0,-10.0,F,arrest case no charge,0,0,,5,Low,0
Female,Less than 25,Native American,0,0,0,3.0,-1.0,M,Battery,0,0,,3,Low,0
Female,25 - 45,Native American,0,0,0,0.0,-1.0,F,Uttering a Forged Instrument,0,0,,0,Low,0
Female,25 - 45,Hispanic,0,0,0,9.0,-1.0,F,Possession of Cannabis,0,0,,9,Medium,0
Female,Less than 25,Native American,0,0,0,0.0,0.0,F,Uttering a Forged Instrument,0,0,,0,Low,0
Male,25 - 45,Caucasian,0,0,0,2.0,0.0,M,Driving Under The Influence,0,0,,2,Medium,0
Female,Less than 25,Native American,0,0,0,4.0,-1.0,M,Battery,0,0,,4,Medium,0
Male,25 - 45,Asian,0,0,0,0.0,-1.0,M,Battery,1,0,Opert With Susp DL 2nd Offens,0,Low,0
Female,Less than 25,Native American,0,0,0,0.0,-1.0,M,Uttering a Forged Instrument,0,0,,0,Low,0
Female,Greater than 45,Hispanic,0,0,0,16.0,0.0,F,arrest case no charge,1,0,Burglary Structure Unoccup,16,High,1
Female,25 - 45,African-American,0,0,0,6.0,-1.0,F,arrest case no charge,1,1,Felony Battery w/Prior Convict,6,Medium,1
Male,25 - 45,Asian,0,0,0,3.0,-1.0,M,Pos Cannabis W/Intent Sel/Del,0,0,,3,Low,0
Female,25 - 45,African-American,0,0,0,0.0,-1.0,F,Pos Cannabis W/Intent Sel/Del,0,0,,0,Medium,0
Male,Less than 25,Asian,0,0,0,0.0,-2.0,M,Uttering a Forged Instrument,0,0,,0,Medium,0
Female,25 - 45,Other,0,0,0,1.0,-1.0,M,arrest case no charge,0,0,,1,Low,0
Female,Less than 25,Native American,0,1,0,1.0,0.0,F,Uttering a Forged Instrument,1,0,Possess Cannabis/20 Grams Or Less,1,High,1
Male,Less than 25,African-American,0,0,0,0.0,-1.0,M,Battery,0,0,,0,Low,0
Female,Less than 25,African-American,0,0,1,1.0,-1.0,M,Possess Cannabis/20 Grams Or Less,1,0,Petit Theft,1,Low,1
Male,25 - 45,Asian,0,0,0,0.0,-1.0,M,Uttering a Forged Instrument,1,0,Retaliate Wit/Vict No Injury,0,Low,1
Female,Greater than 45,Hispanic,0,0,0,1.0,-1.0,F,Driving Under The Influence,1,1,Stalking (Aggravated),1,Low,1
Male,Greater than 45,Other,0,0,0,4.0,-1.0,F,Possession of Cannabis,1,0,Possession of Cocaine,4,Low,1
Female,25 - 45,Native American,0,0,1,14.0,-1.0,F,arrest case no charge,1,0,Tresspass in Struct/Convey Occupy,14,High,1
Female,Greater than 45,Hispanic,0,0,0,1.0,-1.0,F,arrest case no charge,0,0,,1,Low,0
Female,Less than 25,Asian,0,0,0,1.0,-1.0,F,Uttering a Forged Instrument,1,0,Fail Register Vehicle,1,Low,1
Male,25 - 45,African-American,0,0,0,6.0,-1.0,F,arrest case no charge,0,0,,6,Low,0
Female,Greater than 45,African-American,0,0,0,2.0,-1.0,F,arrest case no charge,0,0,,2,Low,0
Male,Less than 25,Native American,0,0,0,1.0,-3.0,M,Driving Under The Influence,0,0,,1,Low,0
Female,Greater than 45,Other,0,0,0,0.0,-1.0,M,Uttering a Forged Instrument,0,0,,0,Low,0
Male,Less than 25,Asian,1,0,0,6.0,0.0,F,Possession of Cannabis,1,0,Fail Register Vehicle,6,High,1
Female,Greater than 45,Native American,0,0,0,1.0,-1.0,F,Uttering a Forged Instrument,0,0,,1,Low,0
Male,Less than 25,Caucasian,0,0,0,1.0,-1.0,F,arrest case no charge,0,0,,1,Low,0
Male,25 - 45,Native American,0,0,1,0.0,0.0,F,Grand Theft in the 3rd Degree,1,1,Felony Battery w/Prior Convict,0,High,1
Male,Less than 25,Native American,0,0,0,0.0,0.0,F,Uttering a Forged Instrument,0,0,,0,Low,0
Male,Greater than 45,Hispanic,0,0,0,1.0,-1.0,F,arrest case no charge,0,0,,1,High,0
Female,Less than 25,Native American,0,0,0,2.0,-1.0,F,arrest case no charge,1,1,Battery,2,Medium,1
Male,25 - 45,Caucasian,0,0,0,2.0,-1.0,F,arrest case no charge,0,0,,2,Low,0
Female,Less than 25,Native American,2,0,0,4.0,0.0,F,Leave Acc/Attend Veh/More $50,1,0,Fail Register Vehicle,4,Low,0
Female,25 - 45,African-American,0,0,0,0.0,-4.0,F,Uttering a Forged Instrument,0,0,,0,Low,0
Female,25 - 45,Other,0,0,0,0.0,-1.0,F,Uttering a Forged Instrument,1,0,Trespass Struct/Conveyance,0,High,1
Male,Less than 25,Other,0,0,0,4.0,-13.973991321853578,F,arrest case no charge,0,0,,4,Low,0
Female,25 - 45,Other,0,0,0,23.0,-1.0,F,arrest case no charge,1,0,Opert With Susp DL 2nd Offens,23,Low,1
Female,Less than 25,Caucasian,0,0,0,0.0,0.0,M,Battery,0,0,,0,Medium,0
Male,Less than 25,Hispanic,0,0,0,1.0,0.0,F,Uttering a Forged Instrument,1,0,Trespass,1,Low,1
Female,Less than 25,Caucasian,0,0,0,0.0,0.0,F,Uttering a Forged Instrument,0,0,,0,Low,0
Female,Greater than 45,African-American,0,0,0,0.0,-1.0,F,Uttering a Forged Instrument,0,0,,0,Low,0
Male,Less than 25,Native American,0,0,0,5.0,-1.0,M,Battery,0,0,,5,Low,0
Female,Greater than 45,Other,0,0,0,0.0,-1.0,M,Uttering a Forged Instrument,0,0,,0,Low,0
Male,Less than 25,Hispanic,0,1,0,1.0,-1.0,M,Leave Acc/Attend Veh/More $50,1,0,Trespass,1,Low,1
Male,25 - 45,Native American,0,0,3,5.0,-1.0,F,arrest case no charge,1,0,Poss Cocaine/Intent To Del/Sel,5,Medium,1
Male,25 - 45,Hispanic,0,0,0,0.0,0.0,M,Battery,0,0,,0,Low,0
Female,25 - 45,Hispanic,0,0,0,1.0,-1.0,F,Uttering a Forged Instrument,0,0,,1,High,0
Male,25 - 45,African-American,0,0,0,3.0,-1.0,F,Uttering a Forged Instrument,1,0,Robbery W/Firearm,3,Low,1
Female,Greater than 45,Caucasian,0,0,0,0.0,-1.0,M,Battery,0,0,,0,Low,0
Male,25 - 45,Caucasian,0,0,0,1.0,-1.0,F,arrest case no charge,0,0,,1,Low,0
Male,Greater than 45,Native American,0,0,0,0.0,0.0,M,Uttering a Forged Instrument,1,0,Fail Register Vehicle,0,Low,1
Male,25 - 45,Other,1,0,1,7.0,-1.0,M,Possession of Cannabis,1,0,Possession of Cocaine,7,Medium,1
Female,Greater than 45,Other,0,0,0,0.0,-1.0,M,Battery,0,0,,0,Low,0
Male,Less than 25,African-American,0,0,0,1.0,-1.0,M,Driving Under The Influence,1,0,Opert With Susp DL 2nd Offens,1,Low,1
Female,25 - 45,African-American,0,0,0,9.0,0.0,M,Battery,1,0,,9,High,1
Female,Greater than 45,Caucasian,0,0,0,0.0,-1.0,M,Battery,1,0,Trespass Struct/Conveyance,0,Low,1
Male,Less than 25,Native American,0,0,0,2.0,-30.0,M,Driving Under The Influence,0,0,,2,Low,0
Male,Greater than 45,African-American,0,0,0,4.0,-30.0,F,arrest case no charge,0,0,,4,Low,0
Female,Less than 25,African-American,0,0,0,3.0,-1.0,F,Felony Battery (Dom Strang),1,0,Possess Cannabis/20 Grams Or Less,3,Low,1
Male,25 - 45,Asian,0,0,0,0.0,0.0,F,Uttering a Forged Instrument,1,1,Felony Battery (Dom Strang),0,High,1
Female,Greater than 45,African-American,0,0,0,0.0,-1.0,M,Battery,0,0,,0,Low,0
Male,25 - 45,Native American,0,0,0,10.0,0.0,F,arrest case no charge,1,0,Felony Battery (Dom Strang),10,High,1
Female,Less than 25,Native American,0,0,0,0.0,0.0,F,Pos Cannabis W/Intent Sel/Del,0,0,,0,Low,0
Male,25 - 45,Other,0,0,0,13.0,0.0,F,arrest case no charge,1,0,,13,Low,1
Female,25 - 45,Native American,0,0,0,2.0,-1.0,F,Pos Cannabis W/Intent Sel/Del,1,0,Possess Cannabis/20 Grams Or Less,2,High,1
Male,Greater than 45,Caucasian,0,0,0,9.0,0.0,M,arrest case no charge,0,0,,9,Low,0
Female,Less than 25,Hispanic,0,0,0,6.0,-1.0,F,arrest case no charge,0,0,,6,Medium,0
Female,Greater than 45,Caucasian,0,0,0,0.0,-1.0,F,Uttering a Forged Instrument,0,0,,0,Medium,0
Male,Greater than 45,Native American,0,0,0,3.0,-1.0,F,Driving Under The Influence,0,0,,3,Low,0
Male,25 - 45,Caucasian,0,0,0,3.0,0.0,F,arrest case no charge,1,1,Aggravated Battery / Pregnant,3,High,1
Female,Greater than 45,Hispanic,0,0,0,0.0,-1.0,F,Uttering a Forged Instrument,1,0,Possess Cannabis/20 Grams Or Less,0,Low,1
Female,Greater than 45,African-American,0,0,0,1.0,-3.0,F,Pos Cannabis W/Intent Sel/Del,0,0,,1,Medium,0
Male,Less than 25,Asian,0,0,0,2.0,-1.0,F,Uttering a Forged Instrument,0,0,,2,Low,0
Female,Greater than 45,African-American,0,0,0,12.0,-1.0,M,arrest case no charge,1,1,Felony Battery w/Prior Convict,12,High,1
Female,25 - 45,Hispanic,0,0,0,5.0,-1.0,M,Battery,1,0,Trespass,5,Low,1
Male,Greater than 45,Caucasian,0,0,0,0.0,-1.0,M,Battery,1,0,Robbery W/Firearm,0,Low,1
Female,25 - 45,African-American,0,0,0,3.0,-8.0,F,arrest case no charge,1,0,Possess Cannabis/20 Grams Or Less,3,Low,0
Female,Greater than 45,Hispanic,0,0,0,0.0,0.0,M,Battery,0,0,,0,Low,0
Male,25 - 45,Asian,0,0,0,1.0,-1.0,M,Battery,0,0,,1,High,0
Female,25 - 45,Native American,0,0,0,0.0,-1.0,F,Uttering a Forged Instrument,0,0,,0,Medium,0
Male,Greater than 45,Other,0,0,0,0.0,0.0,F,Pos Cannabis W/Intent Sel/Del,1,0,Burglary Conveyance Unoccup,0,Low,1
Female,Greater than 45,Hispanic,0,0,0,0.0,-1.0,F,Pos Cannabis W/Intent Sel/Del,1,0,Trespass Struct/Conveyance,0,High,1
Female,25 - 45,African-American,0,0,0,1.0,-1.0,F,Uttering a Forged Instrument,0,0,,1,Low,1
Female,Greater than 45,Asian,0,0,0,0.0,-1.0,F,Uttering a Forged Instrument,0,0,,0,Low,0
Female,25 - 45,African-American,0,0,0,2.0,0.0,M,Susp Drivers Lic 1st Offense,1,0,Unlaw Use False Name/Identity,2,Low,1
Male,Greater than 45,Native American,0,0,0,0.0,-1.0,M,Susp Drivers Lic 1st Offense,1,0,Opert With Susp DL 2nd Offens,0,Low,1
Male,Less than 25,Other,0,0,0,5.0,0.0,M,Uttering a Forged Instrument,0,0,,5,Medium,0
Male,Greater than 45,Caucasian,0,0,0,2.0,-9.556241241627657,F,Uttering a Forged Instrument,0,0,,2,Low,0
Male,Less than 25,Native American,0,0,0,20.0,-1.0,F,arrest case no charge,1,1,Felony Battery w/Prior Convict,20,High,1
Male,Greater than 45,African-American,0,0,0,0.0,-1.0,F,Uttering a Forged Instrument,0,0,,0,Low,0
Male,Less than 25,Caucasian,1,2,0,14.0,-1.0,F,Leave Acc/Attend Veh/More $50,1,0,Possession of Cocaine,14,High,1
Male,Less than 25,Other,0,0,0,4.0,-1.0,F,arrest case no charge,0,0,,4,Medium,0
Male,25 - 45,Hispanic,0,0,0,0.0,-1.0,F,Uttering a Forged Instrument,0,0,,0,Low,0
Male,Less than 25,African-American,0,0,0,0.0,0.0,F,Uttering a Forged Instrument,1,0,,0,Low,1
Female,Greater than 45,Hispanic,0,0,0,0.0,-1.0,M,Possess Cannabis/20 Grams Or Less,1,1,Stalking (Aggravated),0,High,1
Male,Less than 25,Hispanic,0,0,0,0.0,0.0,M,Battery,0,0,,0,Low,0
Female,Greater than 45,Asian,0,0,0,5.0,-8.250295663453581,F,arrest case no charge,1,0,Possess Cannabis/20 Grams Or Less,5,Low,1
Female,25 - 45,Asian,0,0,0,0.0,0.0,F,Uttering a Forged Instrument,1,0,Fail Register Vehicle,0,Medium,1
Male,Greater than 45,Hispanic,0,0,2,14.0,0.0,M,Possession Of Alprazolam,0,0,,14,High,0
Male,Less than 25,African-American,0,0,0,2.0,-1.0,F,arrest case no charge,1,1,Battery,2,Medium,1
Male,Less than 25,African-American,0,0,2,2.0,-1.0,M,Battery,1,1,Felony Battery (Dom Strang),2,High,1
Female,25 - 45,Other,0,0,0,1.0,-1.0,F,Uttering a Forged Instrument,0,0,,1,Medium,0
Female,25 - 45,Other,0,0,0,3.0,-1.0,F,Uttering a Forged Instrument,1,0,Viol Injunct Domestic Violence,3,Medium,1
Male,25 - 45,Caucasian,0,0,0,0.0,-1.0,F,Uttering a Forged Instrument,0,0,,0,Low,0
Male,Greater than 45,Native American,0,0,0,0.0,-1.0,M,Uttering a Forged Instrument,1,0,Stalking (Aggravated),0,Medium,1
Female,Greater than 45,Hispanic,0,0,0,7.0,-1.0,M,arrest case no charge,1,1,Felony Battery w/Prior Convict,7,Medium,1
Male,Greater than 45,Native American,0,0,1,1.0,-1.0,M,Driving Under The Influence,0,0,,1,High,0
Male,Greater than 45,Hispanic,0,0,0,0.0,-1.0,M,Battery,0,0,,0,Low,0
Female,25 - 45,Hispanic,0,0,0,8.0,0.0,F,arrest case no charge,1,0,Neglect Child / No Bodily Harm,8,High,0
Male,25 - 45,Native American,0,0,0,4.0,-14.0,F,Driving Under The Influence,1,1,Stalking (Aggravated),4,Low,1
Male,Less than 25,Hispanic,0,0,0,1.0,-7.607045845884343,M,Driving Under The Influence,0,0,,1,Low,0
Male,25 - 45,Caucasian,0,0,0,0.0,0.0,F,Uttering a Forged Instrument,0,0,,0,Low,0
Female,Less than 25,Asian,0,0,0,2.0,-1.0,F,Uttering a Forged Instrument,0,0,,2,Low,0
Female,25 - 45,African-American,0,0,0,9.0,-1.0,F,Felony Battery w/Prior Convict,1,1,Battery on a Person Over 65,8,Medium,1
Male,Less than 25,Caucasian,0,0,0,4.0,0.0,F,Uttering a Forged Instrument,1,0,Possess Cannabis/20 Grams Or Less,4,Low,1
Female,Greater than 45,Hispanic,0,0,0,0.0,-1.0,F,Uttering a Forged Instrument,1,0,Possession of Cocaine,0,Low,1
Male,Less than 25,Asian,0,0,0,1.0,-2.0,M,arrest case no charge,0,0,,1,Low,0
Female,Less than 25,Caucasian,0,0,0,0.0,-1.0,F,Grand Theft in the 3rd Degree,0,0,,0,Low,0
Male,Greater than 45,African-American,2,0,0,20.0,0.0,F,Felony Battery w/Prior Convict,1,0,Petit Theft,20,High,1
Female,25 - 45,Asian,0,0,0,0.0,0.0,M,Uttering a Forged Instrument,0,0,,0,Low,0
Female,Greater than 45,Asian,0,0,0,0.0,0.0,M,Uttering a Forged Instrument,0,0,,0,Low,0
Female,Greater than 45,Native American,0,0,0,5.0,-1.0,F,Possession of Cannabis,1,0,Petit Theft,5,Medium,1
Female,Less than 25,Other,0,0,0,1.0,-1.0,F,Uttering a Forged Instrument,1,0,Battery,1,Low,1
Female,Greater than 45,Asian,0,0,0,0.0,-1.0,F,Uttering a Forged Instrument,0,0,,0,Low,0
Female,Less than 25,Caucasian,0,0,0,0.0,0.0,M,Driving Under The Influence,0,0,,0,Low,0
Female,25 - 45,Hispanic,0,0,0,0.0,0.0,M,Battery,1,0,Petit Theft,0,Low,1
Female,Greater than 45,Native American,0,0,0,0.0,0.0,M,Uttering a Forged Instrument,0,0,,0,Low,0
Male,Less than 25,Other,0,0,0,0.0,0.0,M,Battery,0,0,,0,Low,0
Male,Less than 25,Other,0,0,0,0.0,0.0,F,Uttering a Forged Instrument,1,1,Battery,0,Low,1
Female,Greater than 45,Native American,0,0,0,1.0,-1.0,F,Pos Cannabis W/Intent Sel/Del,0,0,,1,Low,0
Male,25 - 45,African-American,0,0,0,0.0,-1.0,M,Battery,0,0,,0,Low,0
Male,Less than 25,Caucasian,0,0,0,0.0,-1.0,M,Uttering a Forged Instrument,0,0,,0,Low,0
Male,25 - 45,Caucasian,0,0,0,1.0,-1.0,F,arrest case no charge,0,0,,1,Medium,0
Male,Less than 25,Native American,0,0,0,1.0,-1.0,M,Driving Under The Influence,0,0,,1,Low,0
Male,Less than 25,Caucasian,0,0,0,0.0,0.0,M,Possess Cannabis/20 Grams Or Less,0,0,,0,Low,0
Female,25 - 45,Caucasian,0,0,0,3.0,-1.0,M,Battery,0,0,,3,Low,0
Female,Less than 25,Hispanic,0,0,0,1.0,0.0,F,arrest case no charge,1,1,Battery,1,High,1
Female,Less than 25,Hispanic,0,0,0,23.0,-1.0,F,arrest case no charge,1,0,Burglary Conveyance Unoccup,23,High,1
Male,Greater than 45,African-American,0,0,0,2.0,-14.0,F,Uttering a Forged Instrument,0,0,,2,Low,0
Female,25 - 45,African-American,0,0,0,2.0,-1.0,M,Driving Under The Influence,1,0,Opert With Susp DL 2nd Offens,2,Low,1
Male,Less than 25,Hispanic,0,0,0,1.0,-8.799962243826172,F,Uttering a Forged Instrument,0,0,,1,Low,0
Female,25 - 45,Hispanic,0,0,0,1.0,-1.0,F,Uttering a Forged Instrument,1,1,Felony Battery (Dom Strang),1,Medium,1
Female,Less than 25,Hispanic,0,0,0,0.0,0.0,F,Uttering a Forged Instrument,0,0,,0,Low,0
Female,25 - 45,Other,0,0,0,0.0,0.0,M,Uttering a Forged Instrument,1,1,Battery,0,Medium,1
Female,Greater than 45,Hispanic,0,0,0,0.0,-1.0,F,Uttering a Forged Instrument,1,0,Disorderly Intoxication,0,Medium,1
Male,Less than 25,Other,0,0,0,0.0,-1.0,F,Uttering a Forged Instrument,0,0,,0,Low,0
Male,25 - 45,Caucasian,0,0,0,0.0,-1.0,F,Uttering a Forged Instrument,1,0,Felony Petit Theft,0,Medium,0
Female,Greater than 45,Hispanic,0,0,0,2.0,-1.0,F,Uttering a Forged Instrument,1,0,Unlaw LicTag/Sticker Attach,2,Medium,0
Male,25 - 45,Native American,0,0,0,0.0,-1.0,F,Grand Theft in the 3rd Degree,0,0,,0,High,0
Male,25 - 45,Hispanic,0,0,0,0.0,-2.0,F,Uttering a Forged Instrument,0,0,,0,Low,0
Female,Less than 25,Hispanic,0,0,0,3.0,-1.0,M,Driving Under The Influence,1,0,Petit Theft,3,Low,1
Male,25 - 45,Caucasian,0,0,0,2.0,-1.0,F,Uttering a Forged Instrument,0,0,,2,Low,0
Male,Less than 25,African-American,0,0,0,15.0,-1.0,F,arrest case no charge,1,0,Possession of Cocaine,15,High,1
Male,25 - 45,Asian,0,0,1,7.0,0.0,M,Battery,1,1,Battery,7,Medium,1
Male,25 - 45,Native American,0,0,0,0.0,-1.0,F,Uttering a Forged Instrument,0,0,,0,Low,0
Male,Greater than 45,Caucasian,0,0,0,0.0,0.0,F,Uttering a Forged Instrument,0,0,,0,Low,0
Female,Less than 25,African-American,0,0,0,0.0,-1.0,F,Grand Theft in the 3rd Degree,0,0,,0,Low,0
Female,Greater than 45,Native American,0,0,0,2.0,16.13705735344054,F,Possess Cannabis/20 Grams Or Less,1,1,Retaliate Wit/Vict No Injury,2,Medium,1
Female,25 - 45,Caucasian,0,0,0,0.0,-1.0,F,Uttering a Forged Instrument,0,0,,0,Medium,0
Male,Greater than 45,Other,2,0,0,6.0,-1.0,F,Felony Battery (Dom Strang),0,0,,6,Medium,0
Male,Greater than 45,African-American,0,0,0,0.0,0.0,F,Pos Cannabis W/Intent Sel/Del,0,0,,0,Low,0
Male,Greater than 45,Other,0,0,0,1.0,-1.0,M,Driving Under The Influence,0,0,,1,Low,0
Female,Greater than 45,Hispanic,0,0,0,1.0,-1.0,F,Pos Cannabis W/Intent Sel/Del,1,0,Retaliate Wit/Vict No Injury,1,Low,0
Female,Greater than 45,Asian,4,1,0,10.0,-1.0,F,Burglary Structure Unoccup,1,1,Battery Upon Detainee,10,High,1
Female,25 - 45,Other,0,0,0,0.0,0.0,M,Driving Under The Influence,1,0,Trespass,0,Low,1
Female,25 - 45,African-American,0,0,0,10.0,-1.0,F,Possession of Cannabis,1,0,Possession of Cocaine,10,High,1
Female,Greater than 45,African-American,0,0,0,4.0,-1.0,F,arrest case no charge,0,0,,4,Low,0
Male,Less than 25,Caucasian,0,0,0,1.0,-1.0,F,Grand Theft (Motor Vehicle),1,0,Resist/Obstruct W/O Violence,1,High,1
Male,Greater than 45,African-American,0,0,0,0.0,0.0,M,Battery,0,0,,0,Low,0
Female,Greater than 45,Hispanic,0,0,0,0.0,-1.0,F,Uttering a Forged Instrument,0,0,,0,Low,0
Female,Less than 25,Native American,2,0,0,23.0,29.999896662311464,M,Tresspass in Structure or Conveyance,1,1,Armed Kidnapping,23,Medium,1
Male,Less than 25,Asian,0,0,0,0.0,0.0,F,Uttering a Forged Instrument,0,0,,0,Low,0
Female,Greater than 45,Asian,0,0,0,8.0,-1.0,F,arrest case no charge,0,0,,8,High,0
Female,25 - 45,African-American,0,0,0,0.0,0.0,F,Uttering a Forged Instrument,0,0,,0,Medium,0
Female,Less than 25,African-American,0,0,0,0.0,0.0,M,Battery,1,0,,0,Low,1
Male,25 - 45,African-American,0,0,0,1.0,-1.0,F,Uttering a Forged Instrument,0,0,,1,Low,0
Female,25 - 45,Asian,0,1,0,1.0,-1.0,F,Grand Theft in the 3rd Degree,0,0,,1,Low,0
Male,25 - 45,Hispanic,0,0,0,10.0,-1.0,M,Battery,1,1,Battery on a Person Over 65,10,Low,1
Male,25 - 45,Native American,0,0,0,0.0,-3.0,F,Grand Theft in the 3rd Degree,0,0,,0,Medium,0
Male,Less than 25,Other,0,0,0,0.0,-1.0,F,Pos Cannabis W/Intent Sel/Del,0,0,,0,Medium,0
Male,Greater than 45,Hispanic,0,0,0,0.0,-1.0,F,Uttering a Forged Instrument,1,1,Felony Battery (Dom Strang),0,Medium,1
Female,25 - 45,Native American,0,0,0,0.0,-1.0,F,Uttering a Forged Instrument,0,0,,0,Medium,0
Male,25 - 45,Asian,1,0,0,1.0,-11.0,F,Burglary Structure Unoccup,1,1,Battery,1,High,1
Male,25 - 45,Other,0,0,0,1.0,-3.0,F,Uttering a Forged Instrument,0,0,,1,Low,0
Male,Less than 25,Native American,0,0,0,4.0,0.0,F,Possession of Cannabis,0,0,,4,Medium,0
Male,Greater than 45,Other,0,0,0,16.0,-1.0,F,arrest case no charge,0,0,,16,Medium,0
Male,Greater than 45,Asian,0,0,0,1.0,-1.0,M,Driving Under The Influence,0,0,,1,Low,0
Male,Greater than 45,Hispanic,0,0,0,2.0,-1.0,F,Pos Cannabis W/Intent Sel/Del,0,0,,2,Medium,0
Male,25 - 45,Caucasian,0,0,0,4.0,-1.0,F,Grand Theft (Motor Vehicle),1,0,Petit Theft,4,High,1
Female,Greater than 45,Native American,0,0,0,0.0,-1.0,F,Uttering a Forged Instrument,0,0,,0,Medium,0
Female,Less than 25,Hispanic,0,0,1,6.0,-1.0,M,Battery,1,1,Felony Battery (Dom Strang),6,Medium,1
Male,Less than 25,African-American,0,0,0,0.0,0.0,F,Uttering a Forged Instrument,0,0,,0,Low,0
Male,25 - 45,Other,0,1,0,6.0,-16.620162657404162,F,arrest case no charge,0,0,,6,Low,0
Female,25 - 45,Native American,0,0,0,1.0,0.0,M,Battery,0,0,,1,Low,0
Male,Less than 25,Other,0,0,0,1.0,-1.0,F,arrest case no charge,0,0,,1,Medium,0
Female,25 - 45,African-American,0,0,0,0.0,0.0,F,Uttering a Forged Instrument,0,0,,0,Medium,0
Female,Less than 25,Other,0,0,0,0.0,-1.0,M,Uttering a Forged Instrument,1,0,Burglary Conveyance Unoccup,0,High,1
Female,25 - 45,Hispanic,0,1,0,10.0,-1.0,F,arrest case no charge,1,0,Unlaw LicTag/Sticker Attach,10,High,1
Female,Less than 25,Caucasian,0,0,1,3.0,-1.0,F,arrest case no charge,1,0,Petit Theft,3,Low,0
Female,Greater than 45,Hispanic,0,0,0,0.0,0.0,M,Uttering a Forged Instrument,0,0,,0,Low,0
Female,Less than 25,Asian,0,0,0,1.0,0.0,F,Uttering a Forged Instrument,1,0,,1,Low,1
Female,25 - 45,Native American,0,0,0,2.0,0.0,F,Possession of Cannabis,1,0,Stalking (Aggravated),2,Medium,0
Male,Greater than 45,Caucasian,0,0,0,2.0,-1.0,M,Battery,1,0,Retaliate Wit/Vict No Injury,2,Low,1
Female,Less than 25,African-American,0,0,2,0.0,-1.0,F,Uttering a Forged Instrument,0,0,,0,Low,0
Female,Greater than 45,Native American,0,0,0,0.0,-1.0,F,Grand Theft in the 3rd Degree,0,0,,0,Low,0
Male,Greater than 45,Native American,0,0,0,2.0,-22.0,M,Possess Cannabis/20 Grams Or Less,0,0,,2,Medium,0
Male,Less than 25,Asian,1,1,0,24.0,-1.0,F,Resist Officer w/Violence,1,1,Battery on a Person Over 65,24,High,1
Male,Greater than 45,Other,0,0,0,5.0,0.0,F,arrest case no charge,1,0,Possess Cannabis/20 Grams Or Less,5,Medium,1
Male,25 - 45,Asian,0,0,0,0.0,-1.0,F,Uttering a Forged Instrument,0,0,,0,Medium,0
Male,Greater than 45,Native American,0,0,0,2.0,-1.0,F,Pos Cannabis W/Intent Sel/Del,1,0,Battery,2,High,1
Male,Less than 25,Caucasian,0,0,0,0.0,-1.0,F,Grand Theft in the 3rd Degree,1,0,Viol Pretrial Release Dom Viol,0,Low,1
Male,Greater than 45,Asian,0,0,0,0.0,0.0,F,Uttering a Forged Instrument,0,0,,0,Medium,0
Female,Less than 25,Hispanic,0,0,0,6.0,-1.0,F,Uttering a Forged Instrument,1,0,Possess Cannabis/20 Grams Or Less,6,Medium,1
Female,25 - 45,Asian,1,1,2,15.0,-1.0,F,Agg Fleeing/Eluding High Speed,1,0,Possess Cannabis/20 Grams Or Less,15,High,1
Male,25 - 45,Asian,0,0,0,2.0,-1.0,F,Uttering a Forged Instrument,0,0,,2,Low,0
Male,Greater than 45,Other,0,0,0,1.0,-1.0,M,Possess Cannabis/20 Grams Or Less,1,0,,1,Medium,1
Female,Greater than 45,African-American,0,0,0,3.0,-1.0,F,Driving Under The Influence,0,0,,3,High,0
Female,Less than 25,African-American,0,0,0,4.0,-1.0,M,Susp Drivers Lic 1st Offense,0,0,Felony Petit Theft,4,Low,0
Male,25 - 45,Asian,0,0,0,0.0,-1.0,F,Pos Cannabis W/Intent Sel/Del,0,0,,0,Medium,0
Female,Less than 25,Hispanic,0,0,0,0.0,-1.0,M,Uttering a Forged Instrument,0,0,,0,Low,0
Female,25 - 45,African-American,0,0,1,1.0,-1.0,M,Battery,0,0,,1,Low,0
Male,Less than 25,African-American,0,0,0,2.0,-1.0,F,arrest case no charge,0,0,,2,Low,1
Male,Greater than 45,African-American,0,0,0,2.0,-1.0,F,Grand Theft in the 3rd Degree,0,0,,2,High,0
Female,Less than 25,Asian,0,0,0,3.0,-1.0,F,Pos Cannabis W/Intent Sel/Del,0,0,,3,Medium,0
Male,Less than 25,Caucasian,0,0,0,6.0,-1.0,F,arrest case no charge,1,0,Petit Theft,6,Low,1
Female,Greater than 45,Other,0,0,0,17.0,-1.0,F,arrest case no charge,1,0,Petit Theft,17,Low,1
Male,Less than 25,Hispanic,0,0,0,0.0,-1.0,F,Uttering a Forged Instrument,0,0,,0,Low,0
Male,Greater than 45,Asian,0,0,0,7.0,-1.0,F,arrest case no charge,1,0,Trespass,7,Low,1
Female,Less than 25,Native American,0,0,0,1.0,-1.0,F,Pos Cannabis W/Intent Sel/Del,0,0,,1,Low,0
Male,Less than 25,Hispanic,0,0,0,0.0,0.0,M,Battery,0,0,,0,Low,0
Male,Greater than 45,Asian,0,0,0,0.0,-1.0,F,Grand Theft in the 3rd Degree,1,0,Felony Battery (Dom Strang),0,Low,1
Male,Less than 25,Asian,0,0,0,3.0,-23.0,F,Possess Cannabis/20 Grams Or Less,1,1,Battery,3,Low,1
Female,25 - 45,Hispanic,1,0,2,15.0,-1.0,F,arrest case no charge,1,0,Grand Theft in the 3rd Degree,15,High,1
Male,25 - 45,Caucasian,0,0,0,0.0,-1.0,F,Uttering a Forged Instrument,0,0,,0,Low,0
Female,25 - 45,Caucasian,0,0,0,0.0,-1.0,M,Battery,0,0,,0,Low,0
Female,25 - 45,Caucasian,0,0,0,0.0,0.0,M,Uttering a Forged Instrument,0,0,,0,Low,0
Male,25 - 45,Asian,0,0,0,7.0,-19.0,F,arrest case no charge,0,0,,7,Medium,0
Female,25 - 45,Hispanic,0,0,0,0.0,0.0,F,Uttering a Forged Instrument,0,0,,0,Medium,0
Male,25 - 45,Caucasian,0,0,0,2.0,-13.0,F,arrest case no charge,1,0,,2,Low,0
Male,Less than 25,Hispanic,0,1,0,9.0,-17.09128918067242,F,arrest case no charge,0,0,,9,Medium,0
Female,25 - 45,African-American,0,0,0,0.0,-1.0,M,Battery,0,0,,0,Low,0
Female,25 - 45,Native American,0,2,1,3.0,-1.0,M,Battery,1,0,Unlaw LicTag/Sticker Attach,3,Low,1
Male,25 - 45,African-American,0,0,0,1.0,-3.0,F,Driving Under The Influence,0,0,,1,Low,1
Female,Greater than 45,Other,0,0,1,6.0,-1.0,M,arrest case no charge,1,0,Trespass,6,Medium,1
Male,25 - 45,Hispanic,0,0,0,11.0,-1.0,F,arrest case no charge,0,0,,11,Low,0
Female,25 - 45,Asian,0,0,0,13.0,-1.0,F,arrest case no charge,1,0,Battery,13,High,1
Male,Greater than 45,African-American,0,0,0,0.0,-1.0,M,Battery,0,0,,0,High,0
Female,25 - 45,Asian,0,0,0,1.0,-1.0,M,Battery,1,1,Battery,1,Low,1
Male,Greater than 45,Other,0,0,0,2.0,-1.0,F,Uttering a Forged Instrument,1,0,Stalking (Aggravated),2,Low,1
Female,25 - 45,Asian,0,0,0,1.0,-1.0,F,Grand Theft in the 3rd Degree,1,0,Unlaw LicTag/Sticker Attach,1,Low,1
Male,25 - 45,Native American,0,0,0,2.0,-1.0,F,Uttering a Forged Instrument,1,0,Robbery W/Firearm,2,Medium,1
Female,25 - 45,Native American,0,0,0,0.0,0.0,F,Uttering a Forged Instrument,1,0,Opert With Susp DL 2nd Offens,0,Medium,0
Male,Greater than 45,Native American,0,0,0,1.0,0.0,F,Possess Cannabis/20 Grams Or Less,1,1,Battery,1,Medium,1
Female,Greater than 45,African-American,0,0,0,0.0,-1.0,M,Possess Cannabis/20 Grams Or Less,1,1,Battery,0,Low,1
Male,25 - 45,African-American,0,0,0,13.0,-1.0,F,arrest case no charge,0,0,,13,Low,0
Female,Greater than 45,Asian,0,0,0,1.0,-1.0,F,Uttering a Forged Instrument,0,0,,1,Medium,0
Female,Greater than 45,Caucasian,0,0,0,1.0,-1.0,F,Grand Theft in the 3rd Degree,1,0,Possess Cannabis/20 Grams Or Less,1,Low,1
Female,Greater than 45,Other,0,0,0,2.0,-2.0,F,Uttering a Forged Instrument,1,0,Trespass Struct/Conveyance,2,Low,1
Female,25 - 45,Hispanic,2,0,1,15.0,-1.0,F,Refuse Submit Blood/Breath Test,1,0,Possession of Cocaine,15,High,1
Male,25 - 45,Hispanic,0,0,0,4.0,0.0,F,Pos Cannabis W/Intent Sel/Del,0,0,,4,Medium,0
Male,25 - 45,Native American,2,0,0,16.0,-1.0,F,arrest case no charge,1,0,Possession of Cocaine,16,High,1
Male,Less than 25,Asian,0,0,0,0.0,-1.0,F,Uttering a Forged Instrument,1,0,,0,Medium,0
Male,Less than 25,Caucasian,0,0,0,2.0,-1.0,F,Uttering a Forged Instrument,1,0,Possess Cannabis/20 Grams Or Less,2,Medium,1
Male,25 - 45,Asian,0,0,0,7.0,-1.0,F,arrest case no charge,1,0,Trespass Struct/Conveyance,7,High,1
Female,25 - 45,African-American,0,0,2,6.0,-1.0,M,arrest case no charge,1,0,Poss Cocaine/Intent To Del/Sel,6,Medium,1
Female,Greater than 45,African-American,0,0,0,0.0,0.0,F,Grand Theft in the 3rd Degree,1,1,Battery,0,High,1
Male,25 - 45,Caucasian,0,0,0,0.0,0.0,M,Uttering a Forged Instrument,0,0,,0,Low,0
Male,Greater than 45,Hispanic,0,0,0,4.0,-1.0,F,Uttering a Forged Instrument,1,0,Unlaw LicTag/Sticker Attach,4,High,1
Male,Less than 25,Other,0,0,0,16.0,-1.0,F,Possession of Cannabis,1,0,Resist/Obstruct W/O Violence,16,High,1
Female,Greater than 45,Native American,0,0,0,0.0,0.0,M,Uttering a Forged Instrument,0,0,,0,Medium,0
Male,Less than 25,Asian,0,0,0,0.0,0.0,M,Uttering a Forged Instrument,0,0,,0,Low,0
Male,25 - 45,Native American,0,0,0,0.0,-1.0,F,Uttering a Forged Instrument,1,0,Unlaw LicTag/Sticker Attach,0,Medium,1
Male,25 - 45,Other,0,0,0,2.0,-25.0,F,arrest case no charge,1,0,Battery,2,Medium,1
Female,Less than 25,Caucasian,0,0,0,0.0,0.0,M,Uttering a Forged Instrument,0,0,,0,Low,0
Female,Greater than 45,Caucasian,0,0,0,22.230826588783742,0.0,F,arrest case no charge,1,0,Resist/Obstruct W/O Violence,22,High,1
Male,Greater than 45,Asian,0,0,0,4.0,-1.0,F,Grand Theft in the 3rd Degree,1,0,Stalking (Aggravated),4,Low,1
Female,25 - 45,Asian,0,0,0,3.0,-1.0,F,Uttering a Forged Instrument,1,0,Resist/Obstruct W/O Violence,3,High,1
Female,Greater than 45,Native American,0,0,0,1.0,-1.0,F,Uttering a Forged Instrument,0,0,,1,Low,0
Female,Less than 25,Hispanic,0,0,0,1.0,-1.0,M,Battery,0,0,,1,Low,0
Male,Less than 25,Native American,0,0,0,11.0,-1.0,F,arrest case no charge,1,0,Tresspass in Struct/Convey Occupy,11,Medium,0
Female,25 - 45,Asian,0,0,0,0.0,0.0,F,Uttering a Forged Instrument,0,0,,0,Low,0
Male,Greater than 45,Asian,0,0,0,2.0,-1.0,F,arrest case no charge,0,0,,2,Medium,0
Male,Greater than 45,African-American,0,0,1,0.0,-1.0,M,Battery,0,0,,0,Low,0
Male,Greater than 45,Native American,0,0,0,0.0,-1.0,F,Uttering a Forged Instrument,0,0,,0,Low,0
Male,Less than 25,Caucasian,0,0,0,2.0,-3.0,F,arrest case no charge,0,0,,2,Low,0
Male,Greater than 45,Other,0,0,0,0.0,-1.0,F,Uttering a Forged Instrument,1,0,,0,Low,1
Male,Less than 25,Other,0,0,0,0.0,-1.0,M,Battery,0,0,,0,Low,0
Male,Greater than 45,African-American,0,0,0,0.0,-2.0,M,Uttering a Forged Instrument,0,0,,0,Low,0
Male,Less than 25,Other,0,0,0,5.0,-1.0,F,Possession Of Alprazolam,0,0,,5,High,0
Male,25 - 45,Asian,0,0,0,1.0,-1.0,M,Driving Under The Influence,0,0,,1,Low,0
Male,Less than 25,African-American,0,0,0,2.0,-1.0,F,Uttering a Forged Instrument,1,1,Felony Battery (Dom Strang),2,High,1
Male,25 - 45,Caucasian,0,0,0,1.0,-2.0,M,Battery,0,0,,1,Low,0
Female,Greater than 45,Asian,0,0,0,0.0,-1.0,M,Uttering a Forged Instrument,1,0,Possess Cannabis/20 Grams Or Less,0,Low,1
Female,25 - 45,Other,0,0,0,0.0,-1.0,F,Uttering a Forged Instrument,1,0,Retaliate Wit/Vict No Injury,0,Medium,1
Female,25 - 45,Asian,0,0,0,4.0,0.0,F,Pos Cannabis W/Intent Sel/Del,0,0,,4,Low,0
Female,25 - 45,Hispanic,0,0,0,3.0,0.0,F,Driving Under The Influence,1,0,Trespass,3,Medium,1
Female,Less than 25,Hispanic,0,0,0,0.0,-1.0,M,Uttering a Forged Instrument,0,0,,0,Low,0
Male,25 - 45,African-American,0,0,0,3.0,-1.0,M,Battery,1,0,Aggravated Battery / Pregnant,3,Medium,1
Female,25 - 45,Other,0,0,0,1.0,0.0,F,Uttering a Forged Instrument,0,0,,1,Low,0
Male,Greater than 45,Other,0,0,0,1.0,6.948211075184659,F,arrest case no charge,0,0,,1,Medium,0
Male,25 - 45,Asian,0,0,0,0.0,-1.0,M,Battery,0,0,,0,Low,0
Male,Greater than 45,Native American,0,0,0,0.0,-1.0,F,Uttering a Forged Instrument,1,0,Felony Petit Theft,0,Medium,1
Male,Greater than 45,African-American,0,0,1,4.0,-1.0,F,Grand Theft in the 3rd Degree,0,0,,4,Medium,0
Female,Less than 25,Caucasian,0,0,0,0.0,-1.0,F,Grand Theft in the 3rd Degree,0,0,,0,Low,0
Male,Less than 25,Native American,0,0,0,2.0,0.0,F,Uttering a Forged Instrument,0,0,,2,Low,0
Male,Greater than 45,Caucasian,0,0,0,1.0,0.0,M,Driving Under The Influence,0,0,,1,Low,0
Male,25 - 45,Hispanic,0,0,0,0.0,0.0,F,Uttering a Forged Instrument,0,0,,0,Low,0
Male,Greater than 45,Other,0,0,0,1.0,-1.0,F,arrest case no charge,0,0,,1,Low,0
Female,Less than 25,African-American,0,0,0,2.0,-1.0,F,Uttering a Forged Instrument,1,0,,2,Low,0
Female,25 - 45,African-American,0,0,0,3.0,-8.206564061679341,M,arrest case no charge,0,0,,3,Medium,0
Male,Less than 25,Native American,0,0,0,0.0,-1.0,M,Battery,0,0,,0,Low,0
Male,Less than 25,Other,0,2,2,20.0,-1.0,F,arrest case no charge,1,0,Fail Register Vehicle,20,High,1
Female,25 - 45,Native American,0,0,0,6.0,0.0,M,Battery,1,0,Possess Cannabis/20 Grams Or Less,6,Low,1
Male,25 - 45,African-American,0,0,0,4.0,-1.0,F,Driving Under The Influence,1,1,Battery on a Person Over 65,4,Low,1
Female,25 - 45,Asian,0,0,0,1.0,-5.0,F,Pos Cannabis W/Intent Sel/Del,0,0,,1,Medium,0
Female,25 - 45,Hispanic,0,0,0,6.0,-1.0,M,Battery,1,0,Disorderly Intoxication,6,Medium,1
Male,Greater than 45,African-American,0,0,0,1.0,-8.434643066755008,F,arrest case no charge,0,0,,1,Medium,0
Male,Greater than 45,Caucasian,0,0,0,0.0,-1.0,M,Battery,1,0,Tresspass in Struct/Convey Occupy,0,Low,1
Female,Less than 25,African-American,0,0,0,0.0,-1.0,M,Uttering a Forged Instrument,0,0,,0,Medium,0
Male,Greater than 45,Hispanic,0,0,0,0.0,-1.0,F,Pos Cannabis W/Intent Sel/Del,0,0,,0,Low,0
Female,25 - 45,Asian,0,0,0,0.0,-2.0,F,Pos Cannabis W/Intent Sel/Del,0,0,,0,High,0
Female,25 - 45,Other,0,0,0,0.0,-1.0,M,Battery,0,0,,0,Low,0
Female,Greater than 45,African-American,0,0,0,2.0,-1.0,F,Uttering a Forged Instrument,0,0,,2,Low,0
Female,25 - 45,Hispanic,0,0,0,11.0,-1.0,F,arrest case no charge,0,0,,11,High,0
Female,Less than 25,Caucasian,0,0,0,0.0,0.0,F,Grand Theft in the 3rd Degree,0,0,,0,Medium,0
Female,Greater than 45,Hispanic,0,0,0,2.0,0.0,M,Battery,1,1,Stalking (Aggravated),2,Low,1
Male,25 - 45,Caucasian,0,0,0,0.0,-1.0,F,Uttering a Forged Instrument,0,0,,0,Low,0
Male,25 - 45,African-American,0,0,0,0.0,-1.0,F,Uttering a Forged Instrument,0,0,,0,Low,0
Male,25 - 45,Other,0,0,0,0.0,-1.0,F,Uttering a Forged Instrument,0,0,,0,Medium,0
Female,Greater than 45,Hispanic,0,0,0,6.0,-1.0,F,arrest case no charge,1,0,Possess Cannabis/20 Grams Or Less,6,Low,1
Female,25 - 45,Native American,0,1,0,6.0,-1.0,F,arrest case no charge,1,0,Resist/Obstruct W/O Violence,6,Low,1
Female,Greater than 45,Native American,0,0,0,1.0,0.0,F,Uttering a Forged Instrument,0,0,,1,Medium,0
Male,Greater than 45,Native American,0,0,0,1.0,-1.0,F,Uttering a Forged Instrument,0,0,,1,Medium,0
Female,Greater than 45,Caucasian,0,0,0,0.0,-1.0,M,Battery,0,0,,0,Low,0
Female,Greater than 45,Hispanic,0,0,0,0.0,0.0,F,Possess Cannabis/20 Grams Or Less,1,1,Battery,0,Low,1
Male,Less than 25,African-American,0,0,0,0.0,-1.0,M,Battery,0,0,,0,Low,0
Male,25 - 45,Hispanic,0,0,0,1.0,0.0,F,Uttering a Forged Instrument,0,0,,1,Low,0
Male,Less than 25,Native American,0,0,0,2.0,-1.0,M,Battery,1,1,Battery,2,Low,1
Male,Greater than 45,Native American,0,0,0,22.0,-1.0,F,arrest case no charge,1,0,Battery,22,Medium,1
Male,25 - 45,Native American,0,0,0,1.0,-1.0,F,Uttering a Forged Instrument,1,1,Felony Battery (Dom Strang),1,High,1
Female,Greater than 45,Hispanic,0,0,0,1.0,0.0,F,Uttering a Forged Instrument,1,0,Stalking (Aggravated),1,Low,1
Male,Greater than 45,Asian,0,0,0,0.0,0.0,F,Uttering a Forged Instrument,0,0,,0,Low,0
Male,Greater than 45,Other,0,0,0,5.0,0.0,M,Susp Drivers Lic 1st Offense,1,0,Burglary Structure Unoccup,5,High,1
Female,Greater than 45,African-American,0,0,1,9.0,-1.0,M,arrest case no charge,1,0,Tresspass in Struct/Convey Occupy,9,High,1
Female,25 - 45,Asian,0,0,0,3.0,-22.0,M,arrest case no charge,0,0,,3,Low,0
Female,Less than 25,Caucasian,0,0,0,4.0,-1.0,M,Driving Under The Influence,0,0,Trespass Struct/Conveyance,4,Low,1
Male,Greater than 45,Native American,0,0,0,0.0,-1.0,M,Battery,1,1,Battery,0,High,1
Female,Less than 25,Hispanic,0,0,0,3.0,-1.0,F,Uttering a Forged Instrument,1,1,Viol Injunct Domestic Violence,3,Medium,1
Male,Greater than 45,African-American,0,0,0,0.0,-1.0,F,Grand Theft in the 3rd Degree,0,0,,0,Low,0
Female,Greater than 45,Other,0,0,0,7.0,0.0,F,arrest case no charge,1,0,Unlaw LicTag/Sticker Attach,7,High,1
Male,Greater than 45,Asian,0,0,0,2.0,-1.0,F,Uttering a Forged Instrument,1,1,Robbery W/Firearm,2,Low,1
Male,Less than 25,Asian,0,0,0,3.0,-22.0,M,Driving Under The Influence,1,0,Disorderly Intoxication,3,Low,1
Male,Greater than 45,Asian,0,0,2,8.0,0.0,F,arrest case no charge,1,0,,8,High,1
Male,25 - 45,Caucasian,0,0,0,1.0,-1.0,M,Uttering a Forged Instrument,0,0,,1,Medium,0
Male,Greater than 45,Native American,0,0,0,3.0,-1.0,F,Grand Theft in the 3rd Degree,0,0,,3,Medium,0
Male,Less than 25,Other,0,0,0,1.0,0.0,M,Battery,1,0,Expired DL More Than 6 Months,1,Low,1
Female,Greater than 45,Caucasian,0,0,0,0.0,-1.0,M,Battery,0,0,Aggravated Battery / Pregnant,0,Low,0
Male,25 - 45,Asian,0,0,0,8.0,0.0,F,arrest case no charge,1,0,Unlaw Use False Name/Identity,8,Medium,1
Female,Greater than 45,Asian,0,0,0,1.0,-1.0,F,Pos Cannabis W/Intent Sel/Del,1,0,Petit Theft,1,High,1
Male,Less than 25,African-American,0,0,0,0.0,0.0,F,Uttering a Forged Instrument,0,0,,0,Low,0
Female,Less than 25,Caucasian,0,0,0,5.0,-1.0,M,Driving Under The Influence,1,0,Viol Injunct Domestic Violence,5,Medium,0
Male,Greater than 45,Other,0,0,0,1.0,-1.0,F,Uttering a Forged Instrument,0,0,,1,Low,0
Male,25 - 45,African-American,0,0,0,4.0,-1.0,F,Uttering a Forged Instrument,1,0,Expired DL More Than 6 Months,4,Medium,1
Female,25 - 45,African-American,0,0,0,0.0,-1.0,M,Susp Drivers Lic 1st Offense,0,0,,0,Low,0
Male,Greater than 45,Asian,1,0,0,4.0,-1.0,F,arrest case no charge,0,0,,4,High,0
Female,25 - 45,Hispanic,0,0,0,7.0,-1.0,F,arrest case no charge,1,1,Battery,7,Low,1
Female,Greater than 45,Caucasian,0,0,0,0.0,0.0,M,Battery,1,0,Possess Cannabis/20 Grams Or Less,0,Medium,1
Male,25 - 45,African-American,0,0,0,0.0,-1.0,M,Driving Under The Influence,0,0,,0,Low,0
Female,Less than 25,Native American,0,0,0,0.0,-2.0,M,Battery,1,1,Viol Injunct Domestic Violence,0,Medium,1
Female,Less than 25,Hispanic,0,0,0,2.0,-1.0,M,Leave Acc/Attend Veh/More $50,0,0,,2,Low,0
Female,Less than 25,Other,0,0,0,2.0,-1.0,F,arrest case no charge,0,0,,2,High,0
Male,25 - 45,Native American,0,0,0,5.0,-1.0,F,arrest case no charge,1,1,Battery on a Person Over 65,5,High,1
Male,Less than 25,Other,0,0,0,6.0,-1.0,F,arrest case no charge,0,0,,6,Low,0
Female,25 - 45,Other,0,0,0,8.0,0.0,F,Possession of Cannabis,0,0,,8,High,0
Male,Greater than 45,African-American,0,0,0,0.0,0.0,F,Uttering a Forged Instrument,0,0,,0,Medium,0
Male,Greater than 45,Other,0,0,0,0.0,0.0,F,Uttering a Forged Instrument,1,0,Fail Register Vehicle,0,Low,1
Female,Less than 25,Native American,0,0,1,13.0,-1.0,F,arrest case no charge,1,0,Disorderly Intoxication,14,High,1
Male,Less than 25,Native American,0,0,1,3.0,16.4852677385596,F,arrest case no charge,1,0,,3,Medium,1
Male,Less than 25,Caucasian,0,0,0,0.0,0.0,F,Uttering a Forged Instrument,1,0,Felony Petit Theft,0,Low,1
Female,Greater than 45,Hispanic,0,2,0,6.0,-1.0,F,arrest case no charge,0,0,,6,High,0
Female,Greater than 45,African-American,0,0,0,0.0,-1.0,F,Grand Theft in the 3rd Degree,0,0,,0,Low,0
Male,Less than 25,Hispanic,0,0,0,25.04639923820623,28.998746877629827,F,arrest case no charge,1,0,Felony Battery (Dom Strang),25,High,1
Female,25 - 45,Other,0,0,0,0.0,-1.0,F,Uttering a Forged Instrument,1,0,Tresspass in Struct/Convey Occupy,0,Low,1
Female,Less than 25,Hispanic,0,0,0,14.0,-1.0,F,arrest case no charge,1,0,Stalking (Aggravated),14,High,1
Female,25 - 45,Other,0,0,0,2.0,-1.0,F,Uttering a Forged Instrument,1,0,Neglect Child / No Bodily Harm,2,Low,1
Female,Less than 25,Native American,0,0,0,0.0,0.0,M,Battery,0,0,,0,Low,1
Female,25 - 45,Asian,0,0,0,1.0,-1.0,F,Susp Drivers Lic 1st Offense,1,1,Battery,1,Medium,1
Female,Greater than 45,African-American,0,0,0,4.0,-10.0,F,arrest case no charge,1,0,Unlaw Use False Name/Identity,4,High,0
Male,25 - 45,African-American,0,0,0,0.0,-1.0,F,Uttering a Forged Instrument,0,0,,0,Low,0
Female,Greater than 45,Other,0,0,0,2.0,0.0,F,Uttering a Forged Instrument,1,0,Possess Cannabis/20 Grams Or Less,2,Low,1
Male,25 - 45,Hispanic,0,0,0,0.0,-1.0,F,Grand Theft in the 3rd Degree,1,0,Burglary Conveyance Unoccup,0,High,1
Male,25 - 45,African-American,0,0,0,2.0,-1.0,F,Pos Cannabis W/Intent Sel/Del,0,0,,2,Medium,0
Male,25 - 45,Hispanic,0,0,0,1.0,0.0,F,Pos Cannabis W/Intent Sel/Del,1,0,Unlaw LicTag/Sticker Attach,1,Medium,1
Female,25 - 45,African-American,0,0,0,0.0,-7.0,M,Driving Under The Influence,1,0,Opert With Susp DL 2nd Offens,0,Low,1
Female,Less than 25,Other,0,0,0,1.0,-1.0,M,Battery,0,0,,1,Low,0
Female,Greater than 45,Other,0,0,0,10.0,-18.136150336660805,F,arrest case no charge,1,0,Expired DL More Than 6 Months,10,Low,1
Female,Less than 25,Hispanic,0,0,0,1.0,-1.0,F,Pos Cannabis W/Intent Sel/Del,0,0,,1,Low,0
Male,Greater than 45,Native American,0,0,0,3.0,0.0,F,Driving Under The Influence,1,0,Expired DL More Than 6 Months,3,Low,1
Male,25 - 45,Hispanic,0,0,0,0.0,0.0,F,Uttering a Forged Instrument,0,0,,0,Low,1
Female,25 - 45,Native American,0,0,0,3.0,0.0,F,Uttering a Forged Instrument,1,0,Unlaw Use False Name/Identity,3,Medium,1
Female,Less than 25,Asian,0,0,0,2.0,-1.0,M,Driving Under The Influence,0,0,,2,Low,0
Female,Less than 25,Caucasian,0,1,0,6.0,-8.0,M,arrest case no charge,0,0,,6,Medium,0
Male,Less than 25,Asian,0,0,0,0.0,-1.0,F,Pos Cannabis W/Intent Sel/Del,0,0,,0,High,0
Male,Less than 25,Asian,0,0,0,0.0,-1.0,M,Battery,1,1,Robbery W/Firearm,0,Low,1
Female,Less than 25,Other,0,1,1,3.0,-1.0,F,Uttering a Forged Instrument,0,0,,3,Low,0
Male,Greater than 45,Hispanic,0,0,0,0.0,-1.0,M,Battery,0,0,,0,Low,0
Male,25 - 45,Native American,0,0,0,1.0,-1.0,F,Pos Cannabis W/Intent Sel/Del,0,0,,1,Low,0
Female,Less than 25,Hispanic,0,0,0,18.0,0.0,F,arrest case no charge,0,0,,18,Low,0
Male,Less than 25,African-American,0,0,0,2.0,0.0,F,Possession of Cannabis,0,0,Unlaw LicTag/Sticker Attach,2,Low,0
Female,Greater than 45,Native American,0,0,0,0.0,0.0,F,Uttering a Forged Instrument,0,0,,0,Medium,0
Female,Greater than 45,Asian,0,1,0,7.0,0.0,F,Leave Acc/Attend Veh/More $50,1,0,Neglect Child / No Bodily Harm,7,Medium,1
Female,Greater than 45,Caucasian,0,0,0,0.0,-3.0,M,Uttering a Forged Instrument,0,0,,0,Low,0
Female,Less than 25,Asian,0,0,0,0.0,0.0,F,Uttering a Forged Instrument,0,0,,0,Low,0
Female,Greater than 45,Other,0,0,0,0.0,-1.0,M,Battery,1,0,Viol Injunct Domestic Violence,0,Medium,1
Male,Greater than 45,Native American,0,0,0,0.0,-1.0,F,Uttering a Forged Instrument,1,0,Petit Theft,0,Low,1
Male,Greater than 45,Other,0,0,0,2.0,0.0,M,Battery,1,0,Viol Injunct Domestic Violence,2,Low,1
Female,25 - 45,Other,0,0,0,2.0,-1.0,F,Grand Theft in the 3rd Degree,0,0,,2,High,0
Male,25 - 45,Caucasian,0,0,0,2.0,-1.0,M,Possess Cannabis/20 Grams Or Less,1,0,Poss Cocaine/Intent To Del/Sel,2,Medium,1
Male,Greater than 45,Native American,0,0,0,2.0,0.0,M,Battery,1,1,Battery,2,Medium,1
Female,Less than 25,Hispanic,0,0,0,3.0,-1.0,F,arrest case no charge,1,0,Possession of Cocaine,3,Low,1
Male,25 - 45,African-American,0,0,0,0.0,-1.0,M,Battery,0,0,,0,Medium,0
Female,Less than 25,African-American,0,0,0,0.0,0.0,M,Battery,0,0,,0,Low,0
Female,25 - 45,Caucasian,0,0,0,0.0,-4.8808385587402725,M,Battery,0,0,,0,Low,0
Female,25 - 45,Native American,0,0,0,3.0,-1.0,F,Uttering a Forged Instrument,1,0,Unlaw Use False Name/Identity,3,High,1
Female,25 - 45,Asian,0,0,0,0.0,-1.0,M,Uttering a Forged Instrument,1,0,Possession of Cocaine,0,Low,1
Female,25 - 45,Other,0,0,0,0.0,-1.0,M,Battery,0,0,,0,Low,0
Male,Greater than 45,Other,0,0,0,28.20709548141015,-1.0,F,arrest case no charge,1,0,Possess Cannabis/20 Grams Or Less,28,High,1
Female,Greater than 45,Asian,0,0,0,0.0,-1.0,M,Possess Cannabis/20 Grams Or Less,1,1,Stalking (Aggravated),0,High,1
Female,Greater than 45,Asian,0,0,0,1.0,-1.0,F,Pos Cannabis W/Intent Sel/Del,0,0,,1,High,0
Female,Less than 25,African-American,0,0,0,0.0,-1.0,M,Battery,0,0,,0,Low,0
Female,Less than 25,Hispanic,0,0,0,0.0,-1.0,F,Battery,0,0,,0,Low,0
Female,25 - 45,Other,0,0,0,0.0,-1.0,M,Uttering a Forged Instrument,0,0,,0,Low,0
Female,Greater than 45,Caucasian,0,0,0,1.0,-1.0,F,Pos Cannabis W/Intent Sel/Del,0,0,,1,High,0
Female,Greater than 45,Hispanic,0,0,0,2.0,-1.0,F,Grand Theft in the 3rd Degree,0,0,,2,Low,0
Male,Greater than 45,Native American,0,0,0,1.0,0.0,F,Uttering a Forged Instrument,1,0,Felony Battery (Dom Strang),1,Low,0
Female,Less than 25,Hispanic,1,0,0,5.0,0.0,F,Felony Battery w/Prior Convict,0,0,,5,Medium,0
Male,25 - 45,Asian,0,0,0,0.0,-1.0,F,Uttering a Forged Instrument,1,0,Trespass,0,Medium,1
Female,25 - 45,Caucasian,0,0,0,0.0,0.0,F,Susp Drivers Lic 1st Offense,1,1,Battery,0,High,1
Female,Greater than 45,African-American,0,0,0,8.0,0.0,F,Grand Theft in the 3rd Degree,1,0,Viol Injunct Domestic Violence,8,High,1
Male,Less than 25,Caucasian,0,0,0,0.0,-1.0,F,Uttering a Forged Instrument,0,0,,0,Low,0
Male,Less than 25,Other,0,0,0,0.0,-1.0,F,Uttering a Forged Instrument,1,0,Resist/Obstruct W/O Violence,0,Medium,1
Male,Less than 25,Native American,0,0,0,3.0,0.0,F,Uttering a Forged Instrument,1,0,,3,Low,0
Male,Less than 25,Hispanic,0,0,0,0.0,-1.0,M,Battery,0,0,,0,Low,0
Male,Less than 25,Hispanic,0,1,2,1.0,-1.0,F,Grand Theft (Motor Vehicle),0,0,,1,High,0
Female,Greater than 45,Other,0,0,0,3.0,0.0,M,Driving Under The Influence,0,0,,3,Low,0
Male,25 - 45,Native American,0,0,0,2.0,0.0,M,Battery,0,0,,2,Medium,0
Female,Greater than 45,Native American,0,0,0,0.0,0.0,F,Uttering a Forged Instrument,0,0,,0,Low,0
Male,Less than 25,Native American,0,0,0,2.0,-1.0,F,arrest case no charge,0,0,,2,Medium,0
Male,Less than 25,Other,0,0,0,2.0,-1.0,F,Pos Cannabis W/Intent Sel/Del,0,0,,2,Low,0
Female,Less than 25,African-American,0,0,0,0.0,-3.0,F,Pos Cannabis W/Intent Sel/Del,0,0,,0,Low,0
Male,Greater than 45,Asian,0,2,0,3.0,-1.0,F,Uttering a Forged Instrument,1,0,Possess Cannabis/20 Grams Or Less,3,Low,1
Male,Less than 25,Asian,0,0,0,1.0,-1.0,F,Uttering a Forged Instrument,0,0,,1,Low,0
Male,Greater than 45,Other,0,0,0,0.0,0.0,M,Uttering a Forged Instrument,1,0,Petit Theft,0,Medium,1
Male,25 - 45,Asian,0,0,0,2.0,-27.0,F,Possession Of Alprazolam,1,0,,2,Medium,0
Male,25 - 45,Asian,0,0,0,4.0,-1.0,F,Possession Of Alprazolam,0,0,,4,High,0
Female,Greater than 45,African-American,0,0,0,0.0,0.0,F,Uttering a Forged Instrument,0,0,,0,Low,0
Female,25 - 45,Other,0,0,0,3.0,-19.23314837830946,F,arrest case no charge,1,0,Aggravated Battery / Pregnant,3,High,1
Female,Less than 25,African-American,0,0,0,2.0,-23.0,F,arrest case no charge,1,0,Disorderly Intoxication,2,Low,1
Male,25 - 45,Other,0,0,0,3.0,-1.0,M,Pos Cannabis W/Intent Sel/Del,1,0,Viol Injunct Domestic Violence,3,Medium,0
Male,Greater than 45,Other,0,0,0,5.0,-1.0,F,arrest case no charge,1,0,Aggravated Battery / Pregnant,5,Medium,1
Male,25 - 45,Hispanic,0,0,0,0.0,-2.0,F,Grand Theft in the 3rd Degree,0,0,,0,Low,0
Male,25 - 45,African-American,0,1,3,4.0,-1.0,M,Battery,1,0,Possess Cannabis/20 Grams Or Less,4,Low,1
Female,Greater than 45,Native American,0,0,0,0.0,0.0,M,Battery,0,0,Fail Register Vehicle,0,Low,0
Male,Less than 25,Native American,0,0,0,6.0,-1.0,F,Possession of Cannabis,0,0,,6,Medium,0
Female,Less than 25,Native American,0,1,0,12.0,-1.0,F,arrest case no charge,1,1,Viol Injunct Domestic Violence,12,High,1
Male,Less than 25,Hispanic,0,0,0,8.0,-1.0,F,arrest case no charge,0,0,,8,Low,0
Female,Greater than 45,Native American,0,0,0,6.0,-1.0,F,Uttering a Forged Instrument,1,0,Trespass,6,High,1
Female,Greater than 45,African-American,0,0,0,0.0,-1.0,F,Uttering a Forged Instrument,1,0,Resist/Obstruct W/O Violence,0,Medium,1
Male,25 - 45,Caucasian,0,0,0,0.0,-1.0,F,Uttering a Forged Instrument,1,0,Petit Theft,0,Low,1
Male,Greater than 45,Asian,0,0,0,1.0,-1.0,F,arrest case no charge,0,0,Fail Register Vehicle,1,High,0
Female,Greater than 45,African-American,0,0,0,1.0,-1.0,M,Driving Under The Influence,0,0,,1,Low,0
Male,25 - 45,Caucasian,0,0,0,1.0,-1.0,M,Battery,1,0,Trespass Struct/Conveyance,1,Medium,1
Male,Greater than 45,Native American,0,0,0,11.0,-1.0,F,arrest case no charge,0,0,,11,High,0
Male,Less than 25,Asian,0,0,1,3.0,0.0,F,Grand Theft (Motor Vehicle),0,0,,3,Low,0
Male,Less than 25,Other,0,0,0,1.0,0.0,F,arrest case no charge,0,0,,1,Low,0
Male,Greater than 45,Asian,0,0,0,22.0,-1.0,F,arrest case no charge,1,0,Possession of Cocaine,22,High,1
Female,Greater than 45,Native American,1,0,0,1.0,-1.0,F,arrest case no charge,0,0,,1,Low,0
Female,Greater than 45,Hispanic,0,0,0,4.0,-27.0,F,arrest case no charge,1,0,Unlaw Use False Name/Identity,4,Low,1
Female,Less than 25,Caucasian,0,0,0,4.0,-1.0,F,Grand Theft (Motor Vehicle),1,0,Resist/Obstruct W/O Violence,4,High,1
Female,Less than 25,Hispanic,0,2,1,19.0,-1.0,F,arrest case no charge,1,0,Petit Theft,19,High,1
Female,Less than 25,Caucasian,0,0,0,0.0,-1.0,F,Pos Cannabis W/Intent Sel/Del,0,0,,0,High,0
Female,Less than 25,Native American,0,0,0,4.0,-1.0,F,Pos Cannabis W/Intent Sel/Del,1,0,Robbery W/Firearm,4,High,1
Male,Greater than 45,Native American,0,0,0,0.0,-4.0,F,Uttering a Forged Instrument,1,0,Susp Drivers Lic 1st Offense,0,Low,1
Female,Less than 25,African-American,0,0,0,3.0,-1.0,F,Grand Theft in the 3rd Degree,0,0,,3,Medium,0
Male,25 - 45,Caucasian,0,0,0,0.0,-3.0,M,Battery,0,0,,0,Low,0
Female,25 - 45,African-American,0,0,0,8.0,-1.0,F,Possession of Cannabis,1,0,Petit Theft,8,Medium,1
Female,25 - 45,African-American,0,0,0,1.0,-1.0,F,Uttering a Forged Instrument,1,0,Viol Injunct Domestic Violence,1,Low,1
Male,Less than 25,Caucasian,0,0,0,3.0,-1.0,F,Uttering a Forged Instrument,1,0,Unlaw LicTag/Sticker Attach,3,Medium,1
Male,Greater than 45,Asian,0,0,0,0.0,0.0,M,Possess Cannabis/20 Grams Or Less,1,0,Possess Cannabis/20 Grams Or Less,0,Low,1
Female,Greater than 45,African-American,0,0,0,6.0,0.0,F,Uttering a Forged Instrument,1,0,Burglary Conveyance Unoccup,6,Medium,1
Female,Greater than 45,African-American,0,0,0,1.0,-2.0,F,Pos Cannabis W/Intent Sel/Del,0,0,,1,Low,0
Male,Less than 25,Asian,0,0,1,3.0,0.0,F,Uttering a Forged Instrument,1,0,Fraudulent Use Credit Card,3,High,1
Female,Greater than 45,Other,0,0,0,1.0,-1.0,F,arrest case no charge,1,1,Battery,1,High,0
Female,Greater than 45,Asian,0,0,0,2.0,-1.0,M,Uttering a Forged Instrument,1,0,Opert With Susp DL 2nd Offens,2,Low,1
Female,Less than 25,African-American,0,0,0,18.0,0.0,M,arrest case no charge,1,0,Fail Register Vehicle,18,High,1
Female,Less than 25,Native American,0,0,0,5.0,-1.0,F,arrest case no charge,1,0,Stalking (Aggravated),5,Low,1
Female,Greater than 45,Native American,0,0,0,0.0,-1.0,F,Pos Cannabis W/Intent Sel/Del,0,0,,0,Low,0
Female,Greater than 45,Native American,0,0,0,4.0,-7.193836853219604,F,arrest case no charge,1,1,Felony Battery w/Prior Convict,4,High,1
Male,Less than 25,Hispanic,0,1,0,6.0,-19.06786616161796,F,Uttering a Forged Instrument,1,0,Resist/Obstruct W/O Violence,6,High,1
Male,Less than 25,Other,0,0,0,0.0,-1.0,F,Uttering a Forged Instrument,0,0,,0,Low,0
Male,Greater than 45,Asian,0,0,0,2.0,0.0,M,Battery,0,0,,2,Low,0
Male,Less than 25,Hispanic,0,0,0,0.0,-1.0,M,Driving Under The Influence,0,0,,0,Low,0
Male,Less than 25,Hispanic,0,0,0,2.0,-1.0,F,Grand Theft in the 3rd Degree,1,0,Trespass,2,Medium,1
Male,25 - 45,Caucasian,0,0,1,1.0,-1.0,F,Grand Theft (Motor Vehicle),1,0,Petit Theft,1,High,1
Male,Greater than 45,Asian,0,0,1,1.0,0.0,M,Uttering a Forged Instrument,1,0,Grand Theft in the 3rd Degree,1,High,1
Female,Greater than 45,Caucasian,0,0,0,0.0,-1.0,F,Uttering a Forged Instrument,0,0,,0,Medium,0
Female,Less than 25,Hispanic,0,0,0,1.0,0.0,F,Uttering a Forged Instrument,1,0,Petit Theft,1,Low,1
Female,Greater than 45,Asian,0,0,0,1.0,-14.87814697339888,F,arrest case no charge,1,0,Possession of Cocaine,1,Medium,1
Male,Less than 25,Caucasian,0,0,0,1.0,0.0,F,Pos Cannabis W/Intent Sel/Del,0,0,,1,Medium,0
Male,Greater than 45,Hispanic,0,0,0,6.0,-1.0,F,Uttering a Forged Instrument,1,0,Possession of Cocaine,6,Low,1
Male,Greater than 45,Asian,0,0,0,3.0,-23.0,M,arrest case no charge,0,0,,3,High,0
Male,25 - 45,Native American,0,0,0,0.0,-1.0,F,Possess Cannabis/20 Grams Or Less,1,1,Robbery W/Firearm,0,Low,1
Female,Less than 25,Asian,0,0,0,0.0,-1.0,F,Uttering a Forged Instrument,0,0,,0,Low,0
Female,Less than 25,Hispanic,0,0,0,1.0,-1.0,F,Uttering a Forged Instrument,0,0,,1,Low,0
Male,25 - 45,Other,1,0,0,2.0,-1.0,F,arrest case no charge,0,0,,2,Low,0
Female,Less than 25,Caucasian,0,0,1,3.0,-1.0,M,Driving Under The Influence,1,0,Expired DL More Than 6 Months,3,Low,1
Female,Less than 25,African-American,0,0,0,3.0,-1.0,F,arrest case no charge,1,0,Petit Theft,3,Medium,1
Male,Greater than 45,Asian,0,0,0,3.0,0.0,F,Uttering a Forged Instrument,0,0,,3,Low,0
Male,25 - 45,Caucasian,0,0,0,0.0,-1.0,F,Uttering a Forged Instrument,0,0,,0,Medium,0
Female,Greater than 45,African-American,0,0,0,0.0,-1.0,M,Battery,1,1,Viol Injunct Domestic Violence,0,Low,1
Male,Greater than 45,Hispanic,0,0,0,1.0,-1.0,M,Battery,1,0,Disorderly Intoxication,1,Low,1
Female,Greater than 45,Hispanic,0,0,0,1.0,-10.0,M,Battery,1,1,Robbery W/Firearm,1,Low,1
Male,Less than 25,African-American,0,0,0,0.0,-1.0,M,Battery,0,0,,0,Low,0
Male,Less than 25,Asian,0,0,0,1.0,-1.0,F,Uttering a Forged Instrument,0,0,Poss Cocaine/Intent To Del/Sel,1,High,1
Female,25 - 45,Native American,0,0,1,0.0,-1.0,F,Uttering a Forged Instrument,0,0,,0,Low,0
Female,Less than 25,Other,0,0,0,0.0,-1.0,F,Uttering a Forged Instrument,0,0,,0,Medium,0
Male,25 - 45,Native American,0,0,0,0.0,-4.0,F,Uttering a Forged Instrument,1,0,Resist/Obstruct W/O Violence,0,Low,0
Male,Greater than 45,Asian,0,0,0,0.0,-4.0,M,Battery,1,0,Fail Register Vehicle,0,Low,1
Female,25 - 45,Native American,0,0,0,1.0,-1.0,F,Pos Cannabis W/Intent Sel/Del,1,0,Resist/Obstruct W/O Violence,1,High,1
Female,25 - 45,Other,0,0,0,11.0,-1.0,F,Leave Acc/Attend Veh/More $50,0,0,,11,Medium,0
Male,Greater than 45,Native American,0,0,0,2.0,-1.0,F,Uttering a Forged Instrument,1,0,Trespass Struct/Conveyance,2,Low,1
Female,Less than 25,Caucasian,0,0,0,0.0,0.0,M,Driving Under The Influence,0,0,Armed Kidnapping,0,Low,0
Male,25 - 45,Native American,0,0,0,0.0,-6.431332168728822,F,Uttering a Forged Instrument,0,0,,0,Low,0
Male,Less than 25,Native American,0,0,0,4.0,-2.0,F,arrest case no charge,1,0,Burglary Conveyance Unoccup,4,Low,1
Male,Less than 25,Hispanic,0,0,0,3.0,-5.544462634002375,F,arrest case no charge,0,0,,3,Low,0
Male,Greater than 45,Asian,0,0,0,0.0,-1.0,F,Uttering a Forged Instrument,1,0,Susp Drivers Lic 1st Offense,0,High,1
Female,Less than 25,African-American,0,0,1,1.0,-4.0,F,arrest case no charge,1,0,Unlaw LicTag/Sticker Attach,1,Medium,1
Male,Less than 25,Native American,1,0,0,2.0,0.0,F,Leave Acc/Attend Veh/More $50,1,0,Resist/Obstruct W/O Violence,2,High,1
Male,Less than 25,Hispanic,0,0,0,4.0,-1.0,M,Battery,1,0,Burglary Structure Unoccup,4,Low,1
Male,Greater than 45,Hispanic,0,0,0,3.0,-3.0,F,Grand Theft in the 3rd Degree,1,0,Unlaw Use False Name/Identity,3,Low,1
Female,25 - 45,African-American,0,1,0,3.0,-1.0,F,Leave Acc/Attend Veh/More $50,1,0,Disorderly Intoxication,3,Medium,1
Male,25 - 45,Native American,0,0,1,5.0,-1.0,F,arrest case no charge,1,1,Retaliate Wit/Vict No Injury,5,High,1
Male,Less than 25,Asian,0,0,0,1.0,-1.0,F,arrest case no charge,0,0,,1,Low,0
Female,25 - 45,Other,0,1,0,1.0,-1.0,F,Uttering a Forged Instrument,0,0,,1,Low,0
Female,25 - 45,Hispanic,0,2,0,15.0,0.0,F,Tresspass in Structure or Conveyance,1,1,Felony Battery (Dom Strang),15,Medium,1
Female,Greater than 45,Other,0,0,0,3.0,0.0,M,Battery,0,0,,3,Low,0
Male,25 - 45,Asian,0,0,0,1.0,-1.0,F,Uttering a Forged Instrument,0,0,,1,Low,0
Female,Greater than 45,African-American,0,0,0,0.0,-1.0,F,Uttering a Forged Instrument,0,0,,0,Medium,0
Male,Greater than 45,Native American,0,0,0,1.0,-1.0,F,Pos Cannabis W/Intent Sel/Del,0,0,,1,Low,0
Female,Less than 25,Native American,0,0,0,2.0,-1.0,M,Battery,1,0,Petit Theft,2,High,1
Female,Greater than 45,Other,0,0,0,2.0,-1.0,F,Uttering a Forged Instrument,1,0,Resist/Obstruct W/O Violence,2,Low,1
Female,25 - 45,Hispanic,0,0,0,7.0,0.0,F,arrest case no charge,0,0,,7,Medium,0
Male,Less than 25,Caucasian,0,0,0,9.0,0.0,M,Driving Under The Influence,1,0,Unlaw LicTag/Sticker Attach,9,Medium,0
Male,25 - 45,Other,0,0,0,4.0,-1.0,F,Uttering a Forged Instrument,1,0,Stalking (Aggravated),4,High,1
Male,Less than 25,Hispanic,0,0,0,0.0,-1.0,F,Uttering a Forged Instrument,1,0,Felony Battery (Dom Strang),0,Medium,1
Male,Greater than 45,Other,0,0,0,0.0,0.0,F,Uttering a Forged Instrument,0,0,,0,Medium,0
Male,Less than 25,Asian,0,0,0,0.0,-1.0,F,Uttering a Forged Instrument,0,0,,0,High,0
Female,Less than 25,Caucasian,0,0,0,5.0,-1.0,F,arrest case no charge,1,0,Unlaw LicTag/Sticker Attach,5,Low,1
Male,Greater than 45,Caucasian,0,0,0,1.0,-8.0,F,Uttering a Forged Instrument,0,0,,1,Low,0
Male,25 - 45,Asian,0,0,0,9.0,-1.0,F,arrest case no charge,0,0,,9,Medium,0
Male,Greater than 45,Other,0,0,0,0.0,-1.0,F,Uttering a Forged Instrument,0,0,,0,Low,0
Male,Less than 25,African-American,0,1,0,4.0,-1.0,F,Leave Acc/Attend Veh/More $50,0,0,,4,Medium,0
Female,Less than 25,Caucasian,0,0,0,0.0,0.0,F,Grand Theft in the 3rd Degree,0,0,,0,Low,0
Male,Less than 25,African-American,0,0,0,3.0,-1.0,F,arrest case no charge,0,0,,3,Low,0
Female,25 - 45,Native American,0,0,0,0.0,-1.0,M,Uttering a Forged Instrument,1,0,Possess Cannabis/20 Grams Or Less,0,Low,0
Male,25 - 45,African-American,0,0,2,5.0,-2.0,F,Purchase Cannabis,1,1,Felony Battery (Dom Strang),5,High,0
Male,25 - 45,Caucasian,0,0,0,2.0,-1.0,M,arrest case no charge,0,0,,2,Low,0
Male,Greater than 45,Asian,0,0,0,0.0,-1.0,M,Pos Cannabis W/Intent Sel/Del,0,0,,0,Low,0
Male,Less than 25,Native American,0,0,1,3.0,-1.0,F,arrest case no charge,1,0,Petit Theft,3,Low,1
Male,25 - 45,Asian,0,0,0,1.0,-1.0,F,arrest case no charge,0,0,,1,Low,0
Female,Greater than 45,Native American,0,0,0,1.0,-1.0,M,Driving Under The Influence,0,0,,1,Low,0
Female,25 - 45,African-American,0,0,0,0.0,0.0,M,Battery,1,0,Viol Injunct Domestic Violence,0,Low,1
Male,Greater than 45,Hispanic,0,0,0,0.0,0.0,F,Uttering a Forged Instrument,0,0,,0,Medium,0
Female,Less than 25,Native American,0,0,0,5.0,-1.0,F,Uttering a Forged Instrument,0,0,,5,Medium,0
Female,25 - 45,Caucasian,0,0,0,2.0,-1.0,M,Driving Under The Influence,0,0,,2,Low,0
Female,Greater than 45,Native American,0,0,0,5.0,-1.0,M,Possess Cannabis/20 Grams Or Less,1,0,Robbery W/Firearm,5,Low,1
Female,25 - 45,Hispanic,0,0,0,1.0,-1.0,M,Leave Acc/Attend Veh/More $50,0,0,,1,High,0
Male,Less than 25,African-American,1,0,0,23.0,-1.0,F,arrest case no charge,1,1,Felony Battery (Dom Strang),23,High,1
Female,25 - 45,Caucasian,0,0,0,0.0,-1.0,M,Battery,1,1,Battery,0,Low,1
Male,25 - 45,Native American,0,0,0,6.0,0.0,M,Susp Drivers Lic 1st Offense,0,0,,6,High,0
Male,Greater than 45,Hispanic,0,0,0,3.0,-21.100997628719966,F,arrest case no charge,0,0,,3,Low,0
Male,Less than 25,Native American,0,0,0,9.0,0.0,F,arrest case no charge,1,0,Viol Injunct Domestic Violence,9,High,1
Male,25 - 45,Native American,0,0,0,16.0,-1.0,F,arrest case no charge,1,0,Trespass,16,Medium,1
Female,Less than 25,Hispanic,0,0,0,2.0,-1.0,F,Uttering a Forged Instrument,1,0,Resist/Obstruct W/O Violence,2,Low,1
Male,25 - 45,African-American,0,0,0,2.0,-1.0,F,Uttering a Forged Instrument,1,0,Retaliate Wit/Vict No Injury,2,Low,1
Female,25 - 45,Hispanic,0,0,0,0.0,-1.0,M,Uttering a Forged Instrument,1,0,Fail Register Vehicle,0,Low,0
Male,Less than 25,Other,0,0,0,1.0,-1.0,F,Uttering a Forged Instrument,1,0,Possess Cannabis/20 Grams Or Less,1,Low,1
Male,Greater than 45,Asian,0,0,0,0.0,-1.0,F,Uttering a Forged Instrument,0,0,,0,Medium,0
Female,Greater than 45,African-American,0,0,0,0.0,-1.0,F,Uttering a Forged Instrument,0,0,,0,Low,0
Male,25 - 45,African-American,0,0,0,2.0,-1.0,F,arrest case no charge,1,0,Viol Injunct Domestic Violence,2,Low,1
Male,Less than 25,Caucasian,0,0,0,0.0,-1.0,M,Battery,0,0,,0,Low,0
Female,Greater than 45,Caucasian,0,0,0,0.0,-2.0,F,Grand Theft in the 3rd Degree,0,0,,0,Low,0
Male,Greater than 45,African-American,0,0,0,0.0,-1.0,M,Battery,0,0,,0,Low,0
Female,Less than 25,African-American,0,0,0,0.0,-1.0,F,Uttering a Forged Instrument,0,0,,0,Low,0
Female,Greater than 45,Other,0,0,0,0.0,-1.0,M,Uttering a Forged Instrument,0,0,,0,Low,0
Female,Less than 25,Hispanic,0,0,0,1.0,0.0,F,Pos Cannabis W/Intent Sel/Del,0,0,,1,Low,0
Male,Less than 25,Hispanic,0,0,0,1.0,-1.0,F,arrest case no charge,1,0,Felony Petit Theft,1,High,1
Female,Greater than 45,Hispanic,0,1,2,14.0,-1.0,F,Possession of Cannabis,0,0,,14,Medium,0
Male,25 - 45,Caucasian,0,0,0,4.0,0.0,F,Pos Cannabis W/Intent Sel/Del,1,0,Felony Battery (Dom Strang),4,Low,1
Female,25 - 45,Caucasian,0,0,0,0.0,-1.0,F,Uttering a Forged Instrument,0,0,,0,Low,0
Male,Greater than 45,Other,0,0,0,6.0,-1.0,F,arrest case no charge,1,0,Tresspass in Struct/Convey Occupy,6,High,1
Female,Less than 25,Caucasian,0,0,0,12.0,-2.0,F,Possession Of Alprazolam,1,0,Retaliate Wit/Vict No Injury,12,Medium,1
Male,Less than 25,African-American,0,0,1,1.0,-1.0,F,arrest case no charge,0,0,,1,High,0
Male,25 - 45,African-American,0,0,0,0.0,-3.0,F,Uttering a Forged Instrument,0,0,,0,Low,0
Male,25 - 45,Asian,0,0,0,2.0,-8.0,F,arrest case no charge,0,0,,2,Low,0
Female,25 - 45,Native American,0,1,1,9.0,-1.0,F,arrest case no charge,1,0,Resist/Obstruct W/O Violence,9,High,1
Male,Greater than 45,Caucasian,0,0,0,1.0,-15.02241173200636,F,Uttering a Forged Instrument,1,0,Petit Theft,1,Low,1
Female,Greater than 45,Asian,0,0,0,5.0,0.0,M,Battery,0,0,,5,Medium,0
Female,Greater than 45,Asian,0,0,0,1.0,-1.0,F,Pos Cannabis W/Intent Sel/Del,0,0,,1,Low,0
Female,Greater than 45,Hispanic,0,0,0,1.0,0.0,M,Driving Under The Influence,0,0,,1,Medium,1
Female,25 - 45,Caucasian,0,0,0,0.0,-1.0,M,Battery,0,0,,0,High,0
Male,Less than 25,Hispanic,0,0,0,0.0,0.0,M,Battery,0,0,,0,Low,0
Male,Less than 25,Asian,0,0,0,4.0,0.0,F,Uttering a Forged Instrument,0,0,,4,High,0
Female,Less than 25,Asian,0,0,0,5.0,-2.0,F,Grand Theft in the 3rd Degree,0,0,,5,Low,0
Male,Greater than 45,Other,0,0,0,13.0,-1.0,F,arrest case no charge,1,1,Aggravated Battery / Pregnant,13,High,1
Male,Less than 25,African-American,0,0,0,0.0,0.0,M,Uttering a Forged Instrument,0,0,,0,Low,0
Male,Less than 25,Hispanic,0,0,0,0.0,0.0,M,Battery,0,0,,0,Low,1
Female,Less than 25,Asian,0,0,0,2.0,-1.0,F,arrest case no charge,0,0,,2,Low,0
Female,Greater than 45,Caucasian,0,0,1,0.0,-1.0,F,Grand Theft in the 3rd Degree,1,0,Fail Register Vehicle,0,Low,1
Male,Less than 25,Other,0,0,0,0.0,-1.0,M,Uttering a Forged Instrument,1,0,Resist/Obstruct W/O Violence,0,Low,1
Female,Greater than 45,Caucasian,0,0,0,0.0,-1.0,M,Battery,0,0,,0,Low,0
Male,Less than 25,Native American,0,0,0,1.0,-3.0,M,Driving Under The Influence,0,0,,1,Low,0
Male,25 - 45,Hispanic,0,0,0,1.0,0.0,M,Battery,0,0,,1,Low,0
Male,Greater than 45,Other,0,1,1,7.0,-1.0,M,Battery,1,0,Grand Theft in the 3rd Degree,7,High,1
Male,Less than 25,African-American,0,0,0,2.0,0.0,F,Uttering a Forged Instrument,1,0,Trespass,2,Medium,1
Male,Less than 25,Caucasian,0,0,0,4.0,-14.56073079889615,F,Grand Theft in the 3rd Degree,0,0,,4,Low,0
Male,Greater than 45,African-American,0,0,0,0.0,-1.0,M,Uttering a Forged Instrument,0,0,,0,Low,0
Male,Greater than 45,Other,0,0,0,0.0,-1.0,F,Uttering a Forged Instrument,0,0,,0,Low,0
Male,Greater than 45,Caucasian,0,0,0,7.0,-1.0,M,arrest case no charge,0,0,,7,Medium,0
Male,25 - 45,Native American,0,0,0,15.0,0.0,F,arrest case no charge,0,0,,15,High,0
Female,Less than 25,African-American,0,0,0,0.0,0.0,M,Battery,0,0,,0,Low,0
Male,25 - 45,Native American,0,1,1,21.000000000000004,-1.0,M,arrest case no charge,1,0,Possess Cannabis/20 Grams Or Less,21,High,1
Male,Less than 25,Other,0,0,0,2.0,-1.0,F,Uttering a Forged Instrument,1,0,Burglary Structure Unoccup,2,Low,1
Male,25 - 45,African-American,0,0,0,0.0,-3.0,M,Uttering a Forged Instrument,0,0,,0,Low,0
Male,Less than 25,Native American,0,0,0,2.0,-1.0,F,Uttering a Forged Instrument,1,0,Viol Injunct Domestic Violence,2,Low,1
Female,Greater than 45,Hispanic,0,0,0,0.0,-4.0,F,Uttering a Forged Instrument,0,0,,0,Low,0
Female,Greater than 45,Hispanic,0,0,0,5.0,-1.0,F,arrest case no charge,0,0,,5,High,0
Male,25 - 45,Other,0,1,0,2.0,-1.0,F,Pos Cannabis W/Intent Sel/Del,0,0,,2,Low,0
Female,Less than 25,Native American,0,0,0,7.0,-1.0,F,Grand Theft in the 3rd Degree,1,0,Battery,7,Low,1
Female,Less than 25,Asian,0,0,0,2.0,0.0,F,arrest case no charge,1,0,Trespass Struct/Conveyance,2,Low,1
Male,Greater than 45,Other,0,0,0,2.0,0.0,F,Uttering a Forged Instrument,0,0,,2,Low,0
Male,25 - 45,Hispanic,2,0,0,13.0,-1.0,F,Possession of Cannabis,0,0,,13,High,0
Male,25 - 45,Other,0,0,0,0.0,-1.0,F,Uttering a Forged Instrument,0,0,,0,Low,0
Female,Less than 25,Hispanic,0,0,0,0.0,0.0,F,Uttering a Forged Instrument,1,0,Resist/Obstruct W/O Violence,0,Medium,1
Male,25 - 45,Native American,0,0,0,2.0,-1.0,F,Uttering a Forged Instrument,0,0,,2,Medium,0
Male,Greater than 45,Hispanic,0,0,0,1.0,-1.0,F,Pos Cannabis W/Intent Sel/Del,1,0,Resist/Obstruct W/O Violence,1,Low,1
Male,25 - 45,Other,0,1,0,9.0,-1.0,F,Robbery / No Weapon,1,1,Battery,9,High,1
Female,Greater than 45,Other,0,0,1,13.0,-1.0,F,Pos Cannabis W/Intent Sel/Del,0,0,Trespass Struct/Conveyance,13,High,1
Male,25 - 45,Hispanic,0,0,0,0.0,-1.0,F,Uttering a Forged Instrument,0,0,,0,Low,0
Female,25 - 45,Other,0,0,0,0.0,0.0,F,Uttering a Forged Instrument,0,0,,0,Low,0
Male,Less than 25,Caucasian,0,0,0,2.0,-1.0,M,Driving Under The Influence,0,0,,2,Low,0
Female,Less than 25,Asian,0,0,0,1.0,-1.0,M,Battery,0,0,,1,Low,0
Male,25 - 45,Asian,0,0,0,4.0,0.0,F,Possession of Cannabis,0,0,,4,Low,0
Female,Greater than 45,Asian,0,0,0,6.0,-13.024047815048569,F,arrest case no charge,0,0,,6,Low,0
Female,25 - 45,African-American,0,0,0,0.0,0.0,M,Susp Drivers Lic 1st Offense,1,0,Possess Cannabis/20 Grams Or Less,0,Low,0
Female,25 - 45,Other,0,0,0,3.0,-1.0,F,Pos Cannabis W/Intent Sel/Del,1,0,Burglary Structure Unoccup,3,High,1
Male,25 - 45,Asian,0,0,0,1.0,-3.0,M,Battery,0,0,,1,Low,0
Male,Less than 25,Caucasian,0,0,2,0.0,-1.0,F,Uttering a Forged Instrument,0,0,,0,Medium,0
Male,Less than 25,Asian,0,0,0,5.0,-1.0,F,Driving Under The Influence,0,0,,5,Low,0
Female,Less than 25,Other,0,0,0,1.0,0.0,F,arrest case no charge,0,0,,1,Medium,0
Male,25 - 45,Caucasian,0,0,0,0.0,0.0,F,Uttering a Forged Instrument,0,0,,0,Medium,0
Male,25 - 45,Caucasian,0,0,0,3.0,0.0,F,Uttering a Forged Instrument,1,0,Viol Injunct Domestic Violence,3,Medium,1
Female,25 - 45,Hispanic,0,0,0,0.0,-2.0,M,Uttering a Forged Instrument,1,0,,0,Low,0
Female,25 - 45,Other,0,3,1,8.0,-1.0,M,Battery,1,0,Trespass/Property/Other Structure,8,High,1
Male,Greater than 45,Asian,0,0,0,3.0,-1.0,F,arrest case no charge,0,0,,3,Low,0
Male,Less than 25,Caucasian,0,0,0,3.0,-1.0,F,Grand Theft in the 3rd Degree,1,0,Possess Cannabis/20 Grams Or Less,3,High,1
Male,25 - 45,African-American,0,0,0,7.0,-19.01788723569876,F,arrest case no charge,1,0,Viol Injunct Domestic Violence,7,Low,1
Female,Greater than 45,Native American,0,0,0,5.0,-1.0,M,Battery,1,0,Felony Battery (Dom Strang),5,High,1
Female,Less than 25,African-American,0,0,0,2.0,-1.0,M,Driving Under The Influence,1,0,Neglect Child / No Bodily Harm,2,Low,1
Female,25 - 45,Hispanic,0,1,1,7.0,-1.0,M,Pos Cannabis W/Intent Sel/Del,1,0,Fail Register Vehicle,7,Low,1
Female,25 - 45,Hispanic,0,0,0,9.0,-1.0,F,arrest case no charge,1,1,Battery,9,High,1
Male,Greater than 45,Other,0,0,0,2.0,-1.0,M,Uttering a Forged Instrument,1,0,Robbery W/Firearm,2,Medium,1
Male,25 - 45,Asian,0,0,0,13.0,-1.0,F,arrest case no charge,1,0,Unlaw Use False Name/Identity,13,Medium,1
Female,Less than 25,Other,0,0,0,5.0,0.0,F,Uttering a Forged Instrument,1,0,Resist/Obstruct W/O Violence,5,Low,1
Male,Greater than 45,Native American,0,0,0,3.0,0.0,F,Uttering a Forged Instrument,0,0,,3,Low,0
Female,Greater than 45,Other,0,0,0,1.0,-3.0,F,Uttering a Forged Instrument,0,0,Possession of Cocaine,1,Low,1
Female,Greater than 45,Native American,0,0,0,0.0,-1.0,F,Uttering a Forged Instrument,0,0,,0,Low,0
Male,25 - 45,Other,0,0,0,1.0,-1.0,F,Pos Cannabis W/Intent Sel/Del,0,0,,1,High,0
Female,Greater than 45,Native American,0,0,0,0.0,-1.0,F,Uttering a Forged Instrument,0,0,,0,High,0
Female,Less than 25,African-American,0,0,0,4.0,-1.0,F,arrest case no charge,0,0,,4,Low,0
Female,Greater than 45,Other,0,0,0,1.0,-1.0,F,Uttering a Forged Instrument,1,0,Tresspass in Struct/Convey Occupy,1,Medium,1
Male,Less than 25,Caucasian,0,0,0,1.0,-1.0,F,Uttering a Forged Instrument,0,0,,1,Low,0
Female,Less than 25,Asian,0,0,0,6.0,-1.0,F,Uttering a Forged Instrument,0,0,,6,Medium,0
Female,Greater than 45,Caucasian,0,0,3,1.0,-24.0,F,Grand Theft in the 3rd Degree,1,0,Burglary Structure Unoccup,1,Low,1
Male,25 - 45,African-American,0,0,0,4.0,0.0,F,arrest case no charge,1,0,Burglary Conveyance Unoccup,4,Medium,1
Male,25 - 45,Native American,0,0,0,5.0,-1.0,F,arrest case no charge,1,0,Opert With Susp DL 2nd Offens,5,High,1
Male,Less than 25,African-American,0,0,0,5.0,0.0,F,arrest case no charge,0,0,,5,Low,0
Female,Less than 25,Hispanic,0,0,0,0.0,-1.0,M,Battery,0,0,,0,Low,0
Male,Less than 25,Native American,0,0,0,4.0,-1.0,M,Battery,0,0,,4,Low,0
Female,Greater than 45,Native American,0,0,0,7.0,-1.0,F,Pos Cannabis W/Intent Sel/Del,1,0,Resist/Obstruct W/O Violence,7,Medium,1
Female,Less than 25,Native American,0,0,0,0.0,-1.0,F,Grand Theft in the 3rd Degree,1,0,Unlaw Use False Name/Identity,0,Low,1
Female,Less than 25,Asian,0,0,0,2.0,-1.0,F,Uttering a Forged Instrument,0,0,,2,Low,0
Female,25 - 45,Asian,0,0,0,0.0,-3.0,M,Battery,0,0,,0,Low,0
Male,Less than 25,Asian,0,0,0,0.0,-2.0,M,Battery,0,0,,0,Low,0
Female,Less than 25,Other,0,0,1,1.0,0.0,F,Grand Theft (Motor Vehicle),1,0,Unlaw LicTag/Sticker Attach,1,High,1
Female,25 - 45,Asian,0,0,0,1.0,0.0,M,Driving Under The Influence,0,0,,1,Medium,0
Female,25 - 45,Caucasian,0,0,0,1.0,-1.0,F,Pos Cannabis W/Intent Sel/Del,1,0,Stalking (Aggravated),1,Low,1
Male,Less than 25,Caucasian,0,0,0,1.0,0.0,F,Grand Theft (Motor Vehicle),1,0,Trespass Struct/Conveyance,1,Low,1
Male,25 - 45,Caucasian,0,0,0,0.0,-2.0,M,Battery,0,0,,0,Low,0
Male,Less than 25,Hispanic,0,0,0,5.0,-1.0,F,Possession of Cannabis,1,0,Possess Cannabis/20 Grams Or Less,5,Medium,1
Female,Less than 25,African-American,0,0,0,0.0,0.0,F,Grand Theft (Motor Vehicle),0,0,,0,Medium,0
Male,Greater than 45,African-American,0,0,0,4.0,-8.0,F,arrest case no charge,0,0,,4,Low,0
Male,Less than 25,Caucasian,0,0,0,2.0,-1.0,F,Uttering a Forged Instrument,1,0,Petit Theft,2,Medium,1
Female,25 - 45,Native American,0,0,0,0.0,-1.0,M,Uttering a Forged Instrument,0,0,,0,Low,0
Female,Less than 25,Hispanic,0,0,0,9.0,0.0,M,arrest case no charge,1,0,Trespass Struct/Conveyance,9,Low,1
Male,Less than 25,Asian,0,0,0,1.0,-1.0,M,Possess Cannabis/20 Grams Or Less,1,1,Battery,1,Medium,0
Male,Greater than 45,Other,0,0,0,2.0,-1.0,F,Pos Cannabis W/Intent Sel/Del,1,0,Felony Battery (Dom Strang),2,Low,1
Male,Greater than 45,African-American,2,0,0,2.0,-1.0,F,Grand Theft in the 3rd Degree,1,0,Trespass Struct/Conveyance,2,High,1
Female,25 - 45,Caucasian,0,0,0,15.0,-1.0,F,arrest case no charge,1,0,Possession of Cocaine,15,Medium,1
Male,Greater than 45,Native American,0,0,0,1.0,-1.0,M,Battery,1,0,Possess Cannabis/20 Grams Or Less,1,Low,1
Male,25 - 45,Other,0,0,0,0.0,0.0,M,Battery,0,0,,0,Low,0
Male,25 - 45,Caucasian,0,0,0,3.0,-1.0,M,Driving Under The Influence,0,0,,3,Medium,0
Male,Greater than 45,Other,0,0,0,1.0,-1.0,F,Pos Cannabis W/Intent Sel/Del,1,0,Petit Theft,1,High,1
Male,Greater than 45,Other,0,0,0,8.0,-1.0,F,Possession of Cannabis,1,0,Robbery W/Firearm,8,Medium,1
Male,Less than 25,Other,0,0,0,4.0,-1.0,M,Battery,0,0,,4,Medium,0
Male,25 - 45,Asian,1,0,0,5.0,-1.0,F,arrest case no charge,1,1,Viol Injunct Domestic Violence,5,Medium,1
Female,25 - 45,Caucasian,0,0,0,0.0,-1.0,M,Uttering a Forged Instrument,1,0,Burglary Structure Unoccup,0,Low,1
Female,Greater than 45,Other,0,0,2,0.0,0.0,F,Uttering a Forged Instrument,0,0,,0,Medium,0
Male,Greater than 45,Native American,0,0,0,1.0,-1.0,F,arrest case no charge,0,0,,1,Low,0
Female,Less than 25,Native American,0,0,0,0.0,-1.0,M,Uttering a Forged Instrument,0,0,,0,Low,0
Female,25 - 45,Asian,0,0,0,0.0,0.0,M,Uttering a Forged Instrument,1,0,Susp Drivers Lic 1st Offense,0,High,1
Male,Less than 25,Native American,0,0,0,3.0,-1.0,M,Battery,0,0,,3,Medium,0
Male,Less than 25,Hispanic,0,0,0,0.0,-2.0,M,Uttering a Forged Instrument,1,0,Felony Battery (Dom Strang),0,Low,1
Female,25 - 45,Caucasian,0,0,0,1.0,-2.0,F,Uttering a Forged Instrument,1,0,Petit Theft,1,Low,0
Female,25 - 45,African-American,1,0,0,1.0,-1.0,M,Leave Acc/Attend Veh/More $50,0,0,,1,Low,0
Female,Less than 25,Hispanic,0,0,0,1.0,-1.0,F,Pos Cannabis W/Intent Sel/Del,1,0,,1,Low,1
Male,Less than 25,African-American,0,0,0,2.0,-1.0,F,arrest case no charge,0,0,,2,Low,0
Male,Less than 25,Hispanic,0,0,0,0.0,0.0,F,Grand Theft in the 3rd Degree,0,0,,0,Medium,0
Male,25 - 45,Native American,0,0,0,2.0,-22.0,F,Pos Cannabis W/Intent Sel/Del,0,0,,2,Low,0
Male,Greater than 45,Caucasian,0,0,0,1.0,-1.0,F,Felony Battery (Dom Strang),1,1,Viol Injunct Domestic Violence,1,Low,1
Female,Greater than 45,Hispanic,0,0,0,2.0,-1.0,M,Battery,0,0,,2,Low,0
Female,Greater than 45,Asian,0,0,0,24.0,21.672345804632734,F,arrest case no charge,0,0,,24,High,0
Male,Less than 25,Caucasian,0,0,0,4.0,0.0,F,Uttering a Forged Instrument,1,0,Stalking (Aggravated),4,Low,1
Female,25 - 45,Native American,0,0,1,9.0,0.0,F,arrest case no charge,0,0,,9,Medium,0
Female,Less than 25,Hispanic,0,0,0,2.0,-13.0,F,Uttering a Forged Instrument,0,0,,2,Low,0
Male,Less than 25,Other,0,0,0,5.0,-1.0,M,Driving Under The Influence,0,0,,5,Medium,0
Male,Less than 25,Caucasian,0,0,0,3.0,-1.0,F,arrest case no charge,0,0,,3,Low,0
Male,Greater than 45,Hispanic,0,0,0,20.0,-1.0,F,arrest case no charge,0,0,,20,Medium,0
Female,25 - 45,Hispanic,0,0,0,0.0,-1.0,F,Uttering a Forged Instrument,0,0,,0,Low,0
Male,Greater than 45,Other,0,0,0,0.0,-1.0,M,Battery,1,1,Felony Battery (Dom Strang),0,Low,1
Female,Less than 25,African-American,0,0,0,3.0,-1.0,F,Grand Theft in the 3rd Degree,1,0,Burglary Structure Unoccup,3,Medium,1
Female,25 - 45,Other,0,0,0,0.0,-1.0,F,Uttering a Forged Instrument,1,0,Possession of Cocaine,0,Low,1
Male,Less than 25,Native American,0,0,0,6.0,-1.0,F,Possession Of Alprazolam,1,0,Unlaw LicTag/Sticker Attach,6,High,1
Male,Greater than 45,Caucasian,0,0,0,4.0,0.0,F,Uttering a Forged Instrument,1,0,Felony Petit Theft,4,High,1
Male,Greater than 45,Hispanic,0,0,0,1.0,-1.0,M,Battery,0,0,,1,Low,0
Female,Greater than 45,Native American,0,0,0,2.0,-1.0,M,Driving Under The Influence,1,0,Burglary Conveyance Unoccup,2,High,1
Male,Less than 25,Hispanic,0,0,0,9.0,-11.902209125336359,M,arrest case no charge,1,1,Robbery W/Firearm,9,High,1
Female,25 - 45,Native American,0,0,0,6.0,-1.0,F,Possession of Cannabis,1,0,Expired DL More Than 6 Months,6,Low,1
Female,25 - 45,Native American,0,0,0,2.0,0.0,M,Driving Under The Influence,0,0,,2,Low,0
Male,25 - 45,African-American,0,0,0,3.0,-1.0,M,Susp Drivers Lic 1st Offense,0,0,,3,Low,1
Male,Less than 25,African-American,0,0,0,8.0,-4.0,F,arrest case no charge,1,0,Neglect Child / No Bodily Harm,8,High,1
Male,25 - 45,African-American,0,0,0,5.0,-1.0,M,Uttering a Forged Instrument,0,0,,5,Medium,0
Male,Less than 25,Asian,0,0,0,0.0,-7.212100868702688,F,Uttering a Forged Instrument,0,0,,0,Low,0
Female,25 - 45,Hispanic,0,0,0,1.0,-1.0,F,Uttering a Forged Instrument,1,0,Disorderly Intoxication,1,Low,1
Male,Less than 25,African-American,0,0,0,1.0,-1.0,M,Battery,0,0,,1,Low,0
Male,25 - 45,Other,0,0,0,2.0,-1.0,F,Uttering a Forged Instrument,1,1,Retaliate Wit/Vict No Injury,2,Low,1
Female,Less than 25,Asian,2,0,0,13.0,-1.0,F,Possession of Cannabis,0,0,,13,Low,0
Female,25 - 45,Hispanic,0,0,0,2.0,-1.0,F,Uttering a Forged Instrument,1,0,Trespass,2,Low,1
Male,Greater than 45,Other,0,0,0,2.0,-1.0,M,Battery,0,0,,2,Medium,0
Female,Less than 25,Asian,2,0,0,4.0,-1.0,M,Battery,1,1,Stalking (Aggravated),4,Medium,0
Male,Greater than 45,Hispanic,0,0,0,0.0,-3.0,M,Driving Under The Influence,1,1,Battery,0,Low,1
Male,Greater than 45,Native American,0,0,0,1.0,0.0,F,Uttering a Forged Instrument,0,0,,1,Low,0
Male,Greater than 45,Native American,0,0,0,16.0,0.0,F,arrest case no charge,1,0,Felony Petit Theft,16,High,1
Female,Greater than 45,Asian,0,0,0,1.0,-1.0,M,Battery,0,0,,1,Low,0
Female,Less than 25,Asian,0,0,0,4.0,-1.0,M,Driving Under The Influence,0,0,Disorderly Intoxication,4,Medium,0
Male,Less than 25,Caucasian,0,0,0,1.0,0.0,F,Uttering a Forged Instrument,0,0,,1,Medium,0
Female,Greater than 45,Native American,0,0,0,3.0,0.0,F,Uttering a Forged Instrument,1,0,,3,Medium,1
Female,Greater than 45,Asian,0,0,0,4.0,0.0,F,arrest case no charge,0,0,,4,Medium,0
Male,Greater than 45,African-American,0,0,0,4.0,-1.0,M,Battery,1,0,Possession of Cocaine,4,Low,1
Female,Less than 25,Caucasian,0,0,0,20.0,0.0,F,arrest case no charge,1,0,Resist/Obstruct W/O Violence,20,High,1
Female,25 - 45,Hispanic,0,0,0,2.0,0.0,M,Uttering a Forged Instrument,1,0,Resist/Obstruct W/O Violence,2,Low,1
Female,Greater than 45,Asian,0,0,0,0.0,0.0,F,Uttering a Forged Instrument,0,0,,0,Low,0
Female,Less than 25,Caucasian,0,0,0,0.0,-1.0,F,Uttering a Forged Instrument,0,0,,0,Medium,0
Male,25 - 45,African-American,0,0,0,0.0,-1.0,M,Battery,0,0,,0,Low,0
Female,Less than 25,Asian,0,0,0,0.0,-1.0,F,Grand Theft in the 3rd Degree,0,0,,0,Low,0
Female,25 - 45,Caucasian,0,0,0,12.0,-1.0,F,arrest case no charge,1,0,Felony Battery (Dom Strang),12,High,1
Female,25 - 45,Asian,0,0,0,10.0,-1.0,F,Possession of Cannabis,1,0,Stalking (Aggravated),10,Medium,1
Male,Greater than 45,Other,0,0,0,5.0,0.0,F,arrest case no charge,0,0,,5,Medium,0
Male,25 - 45,Other,0,0,0,3.0,-1.0,F,arrest case no charge,1,0,,3,Low,1
Female,Greater than 45,African-American,0,0,0,1.0,-1.0,F,Pos Cannabis W/Intent Sel/Del,1,0,Possess Cannabis/20 Grams Or Less,1,Medium,1
Male,25 - 45,Asian,0,0,0,2.0,-1.0,M,Battery,1,0,Unlaw Use False Name/Identity,2,Low,1
Male,Less than 25,African-American,0,0,1,7.0,-1.0,M,arrest case no charge,1,0,Unlaw LicTag/Sticker Attach,7,High,1
Male,Greater than 45,Caucasian,0,0,0,0.0,-1.0,F,Uttering a Forged Instrument,0,0,,0,Low,0
Male,Greater than 45,Native American,0,0,0,9.0,0.0,M,arrest case no charge,1,0,Petit Theft,9,Medium,1
Male,Greater than 45,Hispanic,0,0,1,11.0,0.0,F,Grand Theft (Motor Vehicle),1,0,Burglary Conveyance Unoccup,11,Medium,1
Male,Greater than 45,Hispanic,0,0,0,0.0,-1.0,F,Uttering a Forged Instrument,1,0,Viol Injunct Domestic Violence,0,Low,0
Female,Greater than 45,African-American,0,1,0,18.0,0.0,F,Leave Acc/Attend Veh/More $50,1,0,Unlaw LicTag/Sticker Attach,18,High,1
Female,Greater than 45,Caucasian,0,0,0,6.0,0.0,F,arrest case no charge,1,1,Retaliate Wit/Vict No Injury,6,Medium,1
Male,25 - 45,Caucasian,0,0,0,14.0,-1.0,F,arrest case no charge,0,0,,14,High,0
Male,Less than 25,Asian,0,0,0,1.0,-25.180494475357378,M,Battery,0,0,,1,Low,0
Male,Greater than 45,Asian,0,0,0,1.0,2.298633579749051,F,Grand Theft in the 3rd Degree,1,0,Unlaw LicTag/Sticker Attach,1,Low,1
Male,25 - 45,Native American,0,1,0,2.0,-1.0,F,Misuse Of 911 Or E911 System,1,1,Battery,2,Medium,1
Male,Less than 25,African-American,0,0,0,29.02349976482361,-1.0,F,arrest case no charge,1,0,Unlaw LicTag/Sticker Attach,28,Medium,1
Male,25 - 45,Other,0,0,0,0.0,-1.0,F,Uttering a Forged Instrument,1,0,Susp Drivers Lic 1st Offense,0,Medium,1
Female,Greater than 45,Other,0,0,0,0.0,-1.0,F,Grand Theft in the 3rd Degree,0,0,,0,Low,0
Female,Less than 25,Native American,2,0,0,6.0,-1.0,M,Burglary Structure Unoccup,1,1,Robbery W/Firearm,5,High,0
Male,Greater than 45,Native American,0,0,0,0.0,-1.0,F,Uttering a Forged Instrument,0,0,,0,Low,0
Female,Greater than 45,African-American,0,0,0,0.0,0.0,F,Uttering a Forged Instrument,0,0,,0,Low,0
Male,25 - 45,Caucasian,0,0,0,1.0,-1.0,M,Battery,0,0,,1,Low,0
Female,Less than 25,African-American,0,0,0,0.0,-1.0,M,Uttering a Forged Instrument,0,0,,0,Low,0
Female,Greater than 45,African-American,0,0,0,1.0,0.0,M,Battery,0,0,,1,Low,0
Female,Less than 25,Other,0,0,3,1.0,-25.090599118204704,F,Pos Cannabis W/Intent Sel/Del,0,0,,1,Low,0
Male,Greater than 45,Caucasian,0,0,0,2.0,-27.0,F,Pos Cannabis W/Intent Sel/Del,1,1,Robbery W/Firearm,2,Low,1
Male,25 - 45,Asian,0,0,0,7.0,-1.0,F,arrest case no charge,1,0,Possess Cannabis/20 Grams Or Less,7,Medium,1
Female,Greater than 45,African-American,0,0,0,2.0,-1.0,F,Pos Cannabis W/Intent Sel/Del,0,0,,2,Low,0
Female,Greater than 45,African-American,0,0,0,1.0,-1.0,M,Battery,0,0,,1,Low,0
Female,25 - 45,Hispanic,0,0,0,4.0,0.0,F,Uttering a Forged Instrument,0,0,,4,Low,0
Female,Less than 25,Other,0,0,0,2.0,0.0,F,Uttering a Forged Instrument,0,0,,2,Low,0
Male,Greater than 45,Other,0,0,0,5.0,-1.0,F,arrest case no charge,1,0,Trespass Struct/Conveyance,5,Medium,1
Male,Greater than 45,Native American,0,0,0,7.0,-1.0,F,Possession of Cannabis,0,0,,7,Medium,0
Male,Greater than 45,African-American,0,0,0,4.0,0.0,F,arrest case no charge,0,0,,4,Low,0
Male,Greater than 45,Asian,0,0,0,1.0,-4.0,F,Uttering a Forged Instrument,0,0,,1,Low,0
Female,Greater than 45,Native American,0,0,0,3.0,-1.0,M,Battery,1,1,Battery on a Person Over 65,3,Low,1
Male,25 - 45,African-American,0,0,2,1.0,-8.0,F,arrest case no charge,0,0,,1,High,0
Male,Greater than 45,Other,0,0,0,0.0,-1.0,F,Grand Theft in the 3rd Degree,0,0,,0,Low,0
Male,Less than 25,Asian,0,0,0,0.0,-1.0,F,Uttering a Forged Instrument,1,0,Petit Theft,0,Low,1
Female,25 - 45,Other,0,0,0,3.0,-1.0,F,Grand Theft in the 3rd Degree,0,0,,3,High,0
Female,25 - 45,Asian,0,0,0,0.0,0.0,F,Uttering a Forged Instrument,1,0,Stalking (Aggravated),0,Low,0
Male,Greater than 45,African-American,0,0,0,14.0,-1.0,M,arrest case no charge,0,0,,14,Medium,0
Female,Less than 25,Native American,0,0,0,1.0,-1.0,M,Possess Cannabis/20 Grams Or Less,0,0,,1,Medium,0
Female,Greater than 45,Native American,0,0,0,6.0,-29.0,M,arrest case no charge,1,0,,6,Medium,0
Male,Less than 25,Asian,0,0,0,5.0,-1.0,F,arrest case no charge,0,0,,5,Low,0
Female,25 - 45,Hispanic,0,0,0,3.0,-1.0,F,Uttering a Forged Instrument,0,0,,3,Low,0
Female,Greater than 45,Other,0,0,0,1.0,-4.0,M,Uttering a Forged Instrument,1,0,Unlaw Use False Name/Identity,1,High,1
Male,Less than 25,Hispanic,0,0,0,0.0,-1.0,F,Grand Theft in the 3rd Degree,0,0,,0,Low,0
Female,25 - 45,Hispanic,0,0,0,5.0,-1.0,F,Leave Acc/Attend Veh/More $50,0,0,,5,High,0
Male,Greater than 45,Native American,0,0,0,4.0,-1.0,M,Battery,1,1,Robbery W/Firearm,4,Low,1
Male,25 - 45,African-American,0,0,0,8.0,-29.0,F,Possession of Cannabis,1,0,Disorderly Intoxication,8,Medium,1
Male,Greater than 45,Native American,0,0,0,4.0,0.0,F,Uttering a Forged Instrument,1,1,Viol Injunct Domestic Violence,4,Medium,1
Female,Greater than 45,Asian,0,0,0,6.0,-18.0,M,Possession of Cannabis,0,0,,6,Medium,0
Female,Greater than 45,Asian,0,3,3,15.0,-1.0,F,Oper Motorcycle W/O Valid DL,1,0,Trespass,15,Medium,1
Male,Greater than 45,Asian,0,0,0,0.0,-1.0,F,Grand Theft in the 3rd Degree,0,0,,0,Low,0
Male,Greater than 45,Asian,0,0,0,1.0,-1.0,M,Battery,0,0,,1,Low,0
Female,Less than 25,Other,0,0,0,1.0,-20.168207159146423,F,arrest case no charge,1,0,Felony Battery (Dom Strang),1,High,1
Male,25 - 45,Other,0,0,0,1.0,-1.0,M,arrest case no charge,0,0,,1,Low,0
Female,25 - 45,Native American,0,0,0,0.0,-1.0,F,Uttering a Forged Instrument,1,0,Stalking (Aggravated),0,Low,1
Female,25 - 45,Native American,0,0,0,1.0,-1.0,M,Driving Under The Influence,0,0,,1,Low,0
Female,25 - 45,Native American,0,0,1,0.0,-1.0,M,Battery,1,1,Viol Pretrial Release Dom Viol,0,Medium,1
Male,Less than 25,Other,0,0,0,0.0,-1.0,M,Uttering a Forged Instrument,1,0,Aggravated Battery / Pregnant,0,Low,1
Female,Less than 25,African-American,0,0,0,0.0,-1.0,M,Uttering a Forged Instrument,0,0,,0,Low,0
Female,25 - 45,Hispanic,0,0,0,0.0,-1.0,M,Uttering a Forged Instrument,0,0,,0,Low,0
Female,25 - 45,Caucasian,0,0,0,3.0,-1.0,F,arrest case no charge,1,0,Opert With Susp DL 2nd Offens,3,Medium,1
Male,Less than 25,Asian,0,0,0,1.0,-21.0,M,Driving Under The Influence,0,0,,1,Low,0
Female,Less than 25,African-American,0,0,1,5.0,-1.0,F,Grand Theft (Motor Vehicle),1,0,Poss Cocaine/Intent To Del/Sel,5,Medium,1
Male,Less than 25,Hispanic,0,0,0,7.0,-1.0,F,arrest case no charge,0,0,,7,Low,0
Male,Less than 25,Other,0,0,0,1.0,-1.0,F,arrest case no charge,1,0,,1,Medium,1
Male,Greater than 45,Asian,0,0,0,1.0,-1.0,F,Pos Cannabis W/Intent Sel/Del,1,0,Possession of Cocaine,1,Low,1
Female,Greater than 45,Asian,0,0,0,0.0,-1.0,M,Uttering a Forged Instrument,0,0,,0,Low,0
Female,Greater than 45,Native American,0,0,0,2.0,-1.0,M,Leave Acc/Attend Veh/More $50,1,0,Unlaw Use False Name/Identity,2,High,1
Male,Less than 25,Asian,0,0,0,0.0,-1.0,F,Uttering a Forged Instrument,0,0,,0,Low,0
Male,25 - 45,Caucasian,0,0,0,9.0,-1.0,F,arrest case no charge,1,1,Felony Battery w/Prior Convict,9,Medium,1
Female,25 - 45,Native American,0,0,0,2.0,-1.0,F,Pos Cannabis W/Intent Sel/Del,1,0,Poss Cocaine/Intent To Del/Sel,2,Medium,1
Female,Greater than 45,African-American,0,1,0,1.0,0.0,M,Battery,0,0,,1,Medium,0
Male,25 - 45,Hispanic,0,0,0,0.0,-1.0,M,Uttering a Forged Instrument,0,0,,0,Low,0
Female,25 - 45,Native American,1,0,0,6.0,-1.0,F,arrest case no charge,1,0,Unlaw Use False Name/Identity,6,High,1
Male,Less than 25,Native American,0,0,0,2.0,-1.0,F,Uttering a Forged Instrument,1,0,Possession of Cocaine,2,Low,1
Male,25 - 45,African-American,0,0,0,6.0,-1.0,F,arrest case no charge,1,1,Aggravated Battery / Pregnant,6,Medium,1
Female,Greater than 45,Native American,0,0,0,22.0,-1.0,M,arrest case no charge,0,0,,22,Medium,0
Male,Less than 25,Other,0,0,0,4.0,-1.0,M,Battery,1,0,Petit Theft,4,Medium,1
Male,Greater than 45,Other,0,0,0,3.0,-23.0,M,Pos Cannabis W/Intent Sel/Del,0,0,,3,Medium,0
Female,Greater than 45,African-American,0,0,0,8.0,-1.0,M,arrest case no charge,1,0,Burglary Structure Unoccup,8,Medium,1
Male,25 - 45,African-American,0,0,2,0.0,-1.0,F,Uttering a Forged Instrument,1,0,Tampering With Physical Evidence,0,Medium,1
Male,Greater than 45,African-American,0,0,0,4.0,0.0,M,Possess Cannabis/20 Grams Or Less,1,1,Retaliate Wit/Vict No Injury,4,Medium,1
Male,Less than 25,Native American,0,0,0,0.0,-1.0,M,Battery,1,0,Neglect Child / No Bodily Harm,0,Low,1
Female,Less than 25,Asian,0,0,0,12.0,0.0,M,arrest case no charge,1,1,Viol Injunct Domestic Violence,12,Medium,1
Female,25 - 45,Other,0,0,0,13.0,-1.0,M,arrest case no charge,1,0,Robbery W/Firearm,13,High,1
Female,25 - 45,Asian,1,0,0,3.0,-1.0,M,Burglary Structure Unoccup,1,1,Battery,3,High,1
Female,Greater than 45,Caucasian,0,0,0,1.0,-1.0,M,Battery,1,1,Retaliate Wit/Vict No Injury,1,Low,1
Male,Greater than 45,Asian,0,0,0,2.0,-1.0,F,Battery,0,0,,2,Low,1
Male,Less than 25,Other,0,0,0,3.0,-16.06231103280868,F,Uttering a Forged Instrument,0,0,,3,Medium,0
Female,Less than 25,African-American,0,0,0,1.0,-1.0,M,Uttering a Forged Instrument,1,0,Opert With Susp DL 2nd Offens,1,Medium,1
Female,Greater than 45,African-American,0,0,0,5.0,-1.0,F,arrest case no charge,0,0,,5,Low,0
Female,Greater than 45,Other,0,0,0,4.0,-1.0,F,arrest case no charge,1,1,Battery,4,Medium,1
Male,Greater than 45,Other,0,0,0,1.0,0.0,F,Uttering a Forged Instrument,0,0,,1,Medium,0
Male,Greater than 45,Hispanic,0,0,0,2.0,-1.0,F,Uttering a Forged Instrument,1,0,Trespass,2,Medium,1
Male,25 - 45,Native American,0,0,0,8.0,0.0,F,arrest case no charge,0,0,,8,Medium,0
Female,Less than 25,Caucasian,0,0,0,2.0,-1.0,M,Driving Under The Influence,1,0,Fail Register Vehicle,2,Low,1
Male,25 - 45,Native American,0,0,0,3.0,-1.0,F,Uttering a Forged Instrument,0,0,,3,Medium,0
Male,Greater than 45,African-American,0,0,0,6.0,-1.0,M,Battery,0,0,,6,Medium,0
Female,Greater than 45,African-American,0,0,0,0.0,-1.0,F,Uttering a Forged Instrument,0,0,,0,Low,0
Male,25 - 45,Native American,0,0,0,0.0,-1.0,M,Uttering a Forged Instrument,0,0,,0,Low,0
Male,Less than 25,Hispanic,0,0,0,0.0,-1.0,F,Grand Theft in the 3rd Degree,1,0,Possession of Cocaine,0,Medium,1
Male,25 - 45,Asian,0,0,2,1.0,-1.0,M,Battery,0,0,,1,Medium,0
Female,25 - 45,Other,0,0,0,12.0,-1.0,F,arrest case no charge,0,0,,12,Low,0
Male,Less than 25,African-American,0,0,0,0.0,-1.0,F,Uttering a Forged Instrument,0,0,,0,Low,0
Male,Less than 25,Asian,0,0,0,2.0,-12.810015056344326,M,Driving Under The Influence,1,0,Petit Theft,2,Medium,1
Female,25 - 45,Asian,0,0,0,0.0,-1.0,M,Battery,1,0,,0,Low,0
Female,25 - 45,Hispanic,0,0,0,3.0,-1.0,F,arrest case no charge,0,0,,3,Low,0
Male,Less than 25,Hispanic,0,0,0,0.0,-1.0,F,Uttering a Forged Instrument,0,0,,0,Low,0
Female,Greater than 45,Other,4,0,0,10.0,-1.0,F,arrest case no charge,1,0,Burglary Conveyance Unoccup,10,High,1
Female,25 - 45,African-American,0,0,0,2.0,0.0,F,Uttering a Forged Instrument,1,1,Felony Battery w/Prior Convict,2,High,1
Female,25 - 45,African-American,0,0,0,1.0,-4.0,F,Driving Under The Influence,1,0,Stalking (Aggravated),1,Low,1
Female,Greater than 45,Asian,0,0,0,4.0,-1.0,F,Possession of Cannabis,1,0,Neglect Child / No Bodily Harm,4,Medium,1
Male,Greater than 45,African-American,0,0,0,2.0,-1.0,F,Pos Cannabis W/Intent Sel/Del,0,0,,2,Low,0
Female,Greater than 45,Hispanic,0,0,0,1.0,0.0,M,Driving Under The Influence,1,0,Unlaw Use False Name/Identity,1,Low,1
Male,Less than 25,Asian,0,1,3,6.0,-1.0,F,Felony Battery (Dom Strang),1,0,Grand Theft in the 3rd Degree,6,Low,0
Female,Less than 25,Hispanic,0,0,0,0.0,-1.0,F,Uttering a Forged Instrument,1,0,,0,Medium,0
Female,Less than 25,Native American,0,0,0,5.0,-9.0,F,Driving Under The Influence,1,1,Battery,5,High,1
Male,25 - 45,Hispanic,0,0,0,8.0,0.0,F,arrest case no charge,1,0,Possession of Cocaine,8,Low,1
Female,Greater than 45,Hispanic,0,0,1,3.0,0.0,F,Grand Theft in the 3rd Degree,1,0,Felony Petit Theft,3,Medium,1
Female,Less than 25,Hispanic,6,0,2,4.0,9.241953269145966,F,Alcoholic Beverage Violation-FL,1,1,Armed Kidnapping,4,Medium,1
Female,Less than 25,Asian,0,0,0,0.0,-3.0,F,Uttering a Forged Instrument,1,0,Felony Battery (Dom Strang),0,Low,1
Male,25 - 45,Other,0,0,0,0.0,-3.0,F,Grand Theft in the 3rd Degree,0,0,,0,Low,0
Male,Greater than 45,Hispanic,0,0,0,3.0,-1.0,F,arrest case no charge,1,0,Trespass Struct/Conveyance,3,High,1
Male,25 - 45,Other,0,0,0,2.0,-1.0,M,Driving Under The Influence,1,0,Viol Injunct Domestic Violence,2,Low,1
Female,Greater than 45,African-American,0,0,0,1.0,-1.0,F,Uttering a Forged Instrument,1,0,Possess Cannabis/20 Grams Or Less,1,Medium,1
Male,Greater than 45,Other,0,0,0,3.0,-1.0,M,Battery,0,0,,3,Low,0
Male,Less than 25,Asian,0,0,0,4.0,-1.0,F,arrest case no charge,1,1,Felony Battery w/Prior Convict,6,Medium,1
Male,Less than 25,Other,0,0,0,3.0,-1.0,F,Pos Cannabis W/Intent Sel/Del,0,0,,3,Low,0
Female,Less than 25,Other,0,0,0,1.0,-5.0,M,Possess Cannabis/20 Grams Or Less,0,0,,1,Low,0
Female,Less than 25,Native American,0,0,0,0.0,-1.0,F,Grand Theft in the 3rd Degree,1,0,Unlaw LicTag/Sticker Attach,0,High,1
Female,Greater than 45,Other,0,0,0,12.0,0.0,F,arrest case no charge,1,0,Expired DL More Than 6 Months,12,Low,1
Female,25 - 45,Other,0,0,0,0.0,0.0,F,Uttering a Forged Instrument,1,0,Fail Register Vehicle,0,Low,1
Female,Less than 25,Native American,0,0,0,0.0,-1.0,F,Uttering a Forged Instrument,0,0,,0,Low,0
Male,25 - 45,Asian,0,0,0,2.0,-1.0,F,Possess Cannabis/20 Grams Or Less,1,1,Battery,2,Medium,1
Female,25 - 45,Hispanic,0,0,0,0.0,-1.0,F,Grand Theft in the 3rd Degree,0,0,,0,Low,0
Male,25 - 45,Other,0,0,0,0.0,-1.0,M,Battery,1,0,Possession of Cocaine,0,High,1
Male,Less than 25,Other,2,0,0,18.13171395310179,-1.0,M,Possession of Cannabis,1,0,Unlaw Use False Name/Identity,18,High,1
Male,Less than 25,Caucasian,0,0,0,1.0,-23.0,F,Uttering a Forged Instrument,0,0,,1,Low,0
Female,25 - 45,Other,0,0,0,1.0,-1.0,F,Uttering a Forged Instrument,1,0,Stalking (Aggravated),1,High,1
Female,Greater than 45,Hispanic,0,0,0,6.0,0.0,F,arrest case no charge,0,0,,6,Low,0
Male,Less than 25,Native American,0,0,0,1.0,-1.0,F,Grand Theft in the 3rd Degree,1,0,Possession of Cocaine,1,Medium,1
Male,25 - 45,Asian,0,0,0,2.0,0.0,F,Uttering a Forged Instrument,1,1,Battery,2,Medium,1
Female,25 - 45,Other,0,0,0,0.0,-1.0,F,Uttering a Forged Instrument,0,0,,0,Low,0
Male,Greater than 45,Other,0,0,0,0.0,-1.0,F,Grand Theft in the 3rd Degree,0,0,,0,Low,0
Female,Greater than 45,African-American,0,0,0,0.0,0.0,F,Uttering a Forged Instrument,0,0,,0,Low,0
Female,25 - 45,Hispanic,0,0,0,0.0,0.0,M,Battery,0,0,,0,Low,0
Male,25 - 45,Hispanic,0,1,1,3.0,-1.0,F,Resist Officer w/Violence,1,1,Battery on a Person Over 65,3,High,1
Female,Greater than 45,Asian,0,0,0,0.0,-1.0,F,Battery,1,0,,0,Medium,0
Male,25 - 45,Caucasian,0,0,0,26.93487853535689,-10.0,M,arrest case no charge,0,0,,26,High,0
Female,Greater than 45,Native American,0,0,0,4.0,0.0,M,Driving Under The Influence,0,0,,4,Low,0
Female,Less than 25,Other,0,0,0,2.0,-1.0,F,Pos Cannabis W/Intent Sel/Del,0,0,,2,Medium,0
Male,Less than 25,Other,0,0,0,4.0,-1.0,F,Uttering a Forged Instrument,0,0,,4,Medium,0
Male,Less than 25,Hispanic,0,0,0,4.0,0.0,F,Uttering a Forged Instrument,0,0,,4,Low,0
Male,Greater than 45,Native American,0,0,0,0.0,-1.0,F,Uttering a Forged Instrument,0,0,,0,High,0
Male,25 - 45,African-American,0,0,0,6.0,0.0,F,arrest case no charge,1,1,Stalking (Aggravated),6,High,1
Female,Less than 25,Caucasian,0,0,0,2.0,-1.0,F,Uttering a Forged Instrument,1,0,,2,Low,0
Female,25 - 45,Asian,0,0,0,0.0,-2.0,F,Uttering a Forged Instrument,0,0,,0,Low,0
Male,Less than 25,African-American,0,0,0,1.0,-1.0,F,arrest case no charge,0,0,,1,Low,0
Female,Less than 25,Other,0,0,0,3.0,-1.0,M,arrest case no charge,0,0,,3,Low,0
Female,Less than 25,Asian,1,0,0,1.0,-1.0,F,Felony Battery (Dom Strang),1,1,Battery on a Person Over 65,1,High,1
Female,Greater than 45,Caucasian,0,0,2,3.0,-1.0,F,Grand Theft (Motor Vehicle),1,1,Robbery W/Firearm,3,High,1
Male,Less than 25,Other,0,0,0,0.0,-1.0,F,Uttering a Forged Instrument,0,0,,0,Low,0
Male,Greater than 45,Other,0,0,0,6.0,-1.0,M,Driving Under The Influence,1,0,,6,High,1
Male,Less than 25,Caucasian,0,0,0,1.0,0.0,M,Driving Under The Influence,0,0,,1,Medium,0
Female,Greater than 45,Native American,0,0,0,0.0,-1.0,F,Pos Cannabis W/Intent Sel/Del,1,0,Susp Drivers Lic 1st Offense,0,Low,1
Male,Less than 25,Asian,0,0,0,11.0,-1.0,F,arrest case no charge,1,0,Poss Cocaine/Intent To Del/Sel,11,Medium,1
Male,Less than 25,Asian,0,1,0,23.3481282438105,-1.0,F,Possession of Cannabis,0,0,,23,Medium,0
Female,Less than 25,Hispanic,0,0,0,0.0,0.0,F,Uttering a Forged Instrument,0,0,Poss Cocaine/Intent To Del/Sel,0,Medium,0
Male,Greater than 45,Hispanic,0,0,0,1.0,-1.0,F,arrest case no charge,0,0,,1,Low,0
Male,Less than 25,African-American,0,0,0,0.0,-1.0,F,Uttering a Forged Instrument,0,0,,0,Low,0
Male,25 - 45,Asian,0,0,0,1.0,-1.0,M,Battery,1,1,Battery,1,Low,1
Female,25 - 45,Hispanic,0,0,0,0.0,-1.0,F,Uttering a Forged Instrument,1,1,Felony Battery (Dom Strang),0,Low,0
Female,25 - 45,Asian,0,0,0,0.0,-1.0,M,Battery,0,0,,0,Low,0
Female,Less than 25,Other,0,0,0,2.0,-1.0,M,arrest case no charge,0,0,,2,Medium,0
Male,Less than 25,Asian,1,0,0,1.0,-1.0,F,arrest case no charge,1,0,Unlaw LicTag/Sticker Attach,1,Medium,1
Male,Greater than 45,Asian,0,0,0,13.020817202098499,-1.0,F,arrest case no charge,1,1,Felony Battery w/Prior Convict,13,High,1
Female,Greater than 45,Hispanic,0,0,0,2.0,-1.0,M,arrest case no charge,0,0,,2,Low,0
Male,Greater than 45,Caucasian,0,0,0,0.0,-1.0,F,Uttering a Forged Instrument,0,0,,0,Low,0
Female,25 - 45,Hispanic,0,0,0,1.0,0.0,F,Uttering a Forged Instrument,0,0,,1,Low,0
Male,25 - 45,Asian,0,0,0,0.0,-1.0,F,Uttering a Forged Instrument,1,0,Battery,0,Medium,1
Male,25 - 45,Asian,0,0,0,0.0,-1.0,F,Uttering a Forged Instrument,1,0,Possess Cannabis/20 Grams Or Less,0,Low,1
Female,25 - 45,Native American,1,0,0,7.0,-1.0,F,arrest case no charge,1,0,Burglary Conveyance Unoccup,7,Medium,0
Female,Less than 25,Native American,0,0,0,0.0,0.0,M,Uttering a Forged Instrument,1,0,Fail Register Vehicle,0,Low,1
Female,Greater than 45,African-American,0,0,0,1.0,-1.0,F,Uttering a Forged Instrument,0,0,,1,Low,0
Female,Less than 25,Asian,0,0,0,0.0,0.0,M,Uttering a Forged Instrument,0,0,,0,Low,0
Male,Greater than 45,Caucasian,0,0,0,7.0,0.0,F,arrest case no charge,1,0,Resist/Obstruct W/O Violence,7,High,1
Female,Greater than 45,Asian,0,0,0,0.0,-1.0,F,Pos Cannabis W/Intent Sel/Del,0,0,,0,Low,1
Female,Less than 25,Native American,0,0,0,0.0,-2.0,F,Uttering a Forged Instrument,0,0,,0,Low,0
Male,Less than 25,African-American,0,0,0,3.0,-1.0,M,Battery,0,0,,3,Medium,0
Male,25 - 45,Native American,0,0,0,3.0,-1.0,F,Grand Theft (Motor Vehicle),1,1,Aggravated Battery / Pregnant,3,High,1
Female,25 - 45,Asian,0,0,0,0.0,-1.0,M,Battery,0,0,,0,Low,0
Female,Greater than 45,African-American,1,2,0,3.0,-1.0,M,Leave Acc/Attend Veh/More $50,0,0,,3,Low,0
Female,25 - 45,Hispanic,0,0,0,1.0,-1.0,F,Pos Cannabis W/Intent Sel/Del,0,0,,1,Low,0
Male,Greater than 45,African-American,0,0,0,5.0,-1.0,M,Battery,1,0,Disorderly Intoxication,5,Medium,1
Male,Less than 25,Hispanic,0,0,0,0.0,-1.0,F,Uttering a Forged Instrument,0,0,,0,Medium,0
Female,Greater than 45,Native American,0,0,0,13.0,-1.0,F,arrest case no charge,1,0,Petit Theft,13,High,1
Female,25 - 45,Hispanic,0,0,0,0.0,0.0,F,Grand Theft in the 3rd Degree,0,0,,0,Medium,0
Male,Less than 25,African-American,0,0,0,10.0,-1.0,F,arrest case no charge,1,0,Unlaw Use False Name/Identity,10,High,1
Male,Greater than 45,Asian,1,0,0,10.0,-1.0,F,arrest case no charge,1,0,Resist/Obstruct W/O Violence,10,Medium,1
Male,Greater than 45,Asian,0,0,0,0.0,-1.0,M,Battery,0,0,,0,Low,0
Male,Greater than 45,Native American,0,0,0,0.0,0.0,M,Driving Under The Influence,0,0,,0,Low,0
Male,Greater than 45,Caucasian,0,0,0,0.0,-1.0,M,Battery,0,0,,0,High,1
Male,25 - 45,Asian,0,0,0,0.0,-1.0,F,Uttering a Forged Instrument,0,0,,0,Low,1
Male,Greater than 45,Caucasian,0,0,0,0.0,-3.0,F,Pos Cannabis W/Intent Sel/Del,0,0,,0,Low,0
Male,Greater than 45,Asian,0,0,0,0.0,-2.0,M,Battery,1,1,Battery,0,Low,1
Female,Greater than 45,Caucasian,0,0,0,8.0,-1.0,F,Grand Theft in the 3rd Degree,1,0,Robbery W/Firearm,8,High,1
Female,Greater than 45,African-American,0,0,0,6.0,-1.0,F,arrest case no charge,1,0,Stalking (Aggravated),6,Low,1
Male,Less than 25,African-American,0,0,0,1.0,-8.0,F,arrest case no charge,0,0,,1,Medium,0
Female,Greater than 45,Hispanic,0,1,1,2.0,-1.0,F,Uttering a Forged Instrument,1,0,Opert With Susp DL 2nd Offens,2,High,1
Male,25 - 45,Hispanic,0,0,0,0.0,0.0,M,Battery,1,1,Battery,0,Low,1
Female,Less than 25,Asian,0,0,0,4.0,-1.0,M,Battery,1,1,Felony Battery (Dom Strang),4,Medium,1
Female,25 - 45,Hispanic,0,0,0,13.0,-1.0,F,arrest case no charge,1,0,Possession of Cocaine,13,High,1
Male,25 - 45,African-American,0,0,0,2.0,-1.0,F,Uttering a Forged Instrument,1,0,Viol Injunct Domestic Violence,2,Low,1
Male,25 - 45,Other,0,0,0,3.0,0.0,F,Pos Cannabis W/Intent Sel/Del,0,0,,3,Low,0
Female,25 - 45,Caucasian,0,0,0,0.0,0.0,F,Uttering a Forged Instrument,1,0,Trespass Struct/Conveyance,0,Low,1
Female,Greater than 45,Asian,0,0,0,1.0,0.0,F,Possession of Cannabis,0,0,,1,Low,0
Male,25 - 45,Native American,0,0,0,0.0,-1.0,M,Uttering a Forged Instrument,1,0,Possess Cannabis/20 Grams Or Less,0,Low,1
Male,25 - 45,Asian,0,0,0,3.0,-1.0,F,Uttering a Forged Instrument,0,0,,3,Low,0
Male,25 - 45,Hispanic,0,0,0,0.0,-1.0,F,Uttering a Forged Instrument,0,0,Possession of Cocaine,0,Medium,0
Male,Greater than 45,Asian,0,0,1,0.0,-1.0,M,Battery,1,0,Resist/Obstruct W/O Violence,0,High,1
Male,25 - 45,Caucasian,0,0,0,4.0,-1.0,F,arrest case no charge,1,0,Unlaw LicTag/Sticker Attach,4,Low,1
Male,Greater than 45,African-American,0,0,0,3.0,-27.0,F,arrest case no charge,1,0,Neglect Child / No Bodily Harm,3,Medium,1
Female,Less than 25,Hispanic,0,0,0,7.0,-1.0,F,arrest case no charge,1,0,Unlaw LicTag/Sticker Attach,7,Low,1
Male,Less than 25,Hispanic,0,0,0,3.0,20.470813210600433,M,Battery,1,0,Opert With Susp DL 2nd Offens,3,Low,1
Female,Less than 25,African-American,0,0,0,0.0,-1.0,F,Uttering a Forged Instrument,0,0,,0,Low,0
Female,Less than 25,Caucasian,0,0,0,2.0,-1.0,F,arrest case no charge,1,0,Neglect Child / No Bodily Harm,2,Low,1
Female,Greater than 45,Native American,0,0,0,0.0,0.0,F,Uttering a Forged Instrument,0,0,,0,Medium,0
Female,Less than 25,Asian,0,0,0,0.0,0.0,F,Uttering a Forged Instrument,0,0,,0,Low,0
Male,25 - 45,Native American,0,0,0,0.0,-1.0,M,Battery,0,0,,0,Low,0
Male,25 - 45,Native American,0,0,0,1.0,-4.0,F,arrest case no charge,0,0,,1,Low,0
Male,Greater than 45,Caucasian,0,0,0,11.0,-1.0,M,arrest case no charge,1,0,Opert With Susp DL 2nd Offens,11,High,1
Male,25 - 45,Other,0,0,0,3.0,-1.0,F,Uttering a Forged Instrument,0,0,,3,Low,0
Female,Greater than 45,Caucasian,0,0,0,9.0,0.0,F,arrest case no charge,0,0,,9,Low,0
Female,25 - 45,Caucasian,0,0,0,1.0,-1.0,M,Battery,1,1,Battery,1,Low,1
Female,Greater than 45,Hispanic,0,0,0,0.0,-1.0,F,Uttering a Forged Instrument,0,0,,0,High,0
Male,Less than 25,Asian,0,0,0,1.0,0.0,F,Uttering a Forged Instrument,0,0,,1,Low,0
Male,Greater than 45,Hispanic,0,0,0,0.0,-1.0,F,Grand Theft in the 3rd Degree,0,0,,0,Medium,0
Male,Less than 25,Native American,2,0,1,8.0,-1.0,F,arrest case no charge,1,0,Possession of Cocaine,8,Medium,1
Female,25 - 45,African-American,0,0,0,0.0,-1.0,F,Uttering a Forged Instrument,0,0,,0,Low,0
Female,25 - 45,Hispanic,0,0,0,5.0,-1.0,F,Uttering a Forged Instrument,1,0,Possess Cannabis/20 Grams Or Less,5,High,1
Female,25 - 45,African-American,0,0,0,0.0,-1.0,F,Possess Cannabis/20 Grams Or Less,1,1,Aggravated Battery / Pregnant,0,Medium,1
Female,25 - 45,Native American,0,0,0,0.0,-2.0,M,Battery,1,0,Viol Injunct Domestic Violence,0,High,1
Female,Less than 25,Asian,0,0,0,2.0,-1.0,F,Battery,0,0,,2,Low,0
Female,Greater than 45,Native American,0,0,0,0.0,-1.0,F,Uttering a Forged Instrument,1,0,Burglary Structure Unoccup,0,Low,1
Female,Greater than 45,Other,0,0,0,13.0,-1.0,F,arrest case no charge,1,0,Petit Theft,13,High,1
Female,Greater than 45,African-American,0,0,0,4.0,-1.0,M,Driving Under The Influence,0,0,,4,Low,0
Male,Less than 25,Caucasian,1,3,0,24.0,-1.0,F,Burglary Structure Unoccup,1,1,Battery Upon Detainee,24,Medium,1
Male,Greater than 45,Caucasian,0,0,1,4.0,-1.0,F,arrest case no charge,0,0,,4,Low,0
Female,Greater than 45,African-American,0,0,0,10.0,-1.0,F,arrest case no charge,0,0,,10,High,0
Male,Less than 25,Asian,0,0,0,2.0,-7.0,M,arrest case no charge,0,0,,2,Low,0
Male,25 - 45,Caucasian,0,0,0,2.0,0.0,F,Susp Drivers Lic 1st Offense,1,1,Battery,2,Medium,1
Male,25 - 45,Caucasian,0,0,0,2.0,-1.0,F,Grand Theft in the 3rd Degree,1,0,Unlaw Use False Name/Identity,2,Medium,1
Female,Less than 25,Hispanic,0,0,0,1.0,-1.0,F,Uttering a Forged Instrument,0,0,,1,Low,0
Male,Less than 25,Caucasian,0,0,0,9.0,-1.0,M,Battery,1,1,Viol Injunct Domestic Violence,9,High,1
Female,Greater than 45,Asian,0,0,0,0.0,-3.0,F,Uttering a Forged Instrument,0,0,,0,Medium,0
Male,25 - 45,African-American,0,0,0,1.0,-1.0,M,Battery,0,0,,1,Medium,0
Male,Greater than 45,Hispanic,0,0,0,0.0,-1.0,M,Uttering a Forged Instrument,1,0,Possession of Cocaine,0,Low,1
Female,Greater than 45,Asian,0,0,0,3.0,-16.80669136242293,M,Battery,1,1,Felony Battery w/Prior Convict,3,Low,1
Female,25 - 45,Asian,0,0,0,13.0,-1.0,F,arrest case no charge,0,0,,13,Medium,0
Male,25 - 45,Other,0,0,0,1.0,-22.0,F,Uttering a Forged Instrument,0,0,,1,Low,0
Male,Less than 25,African-American,0,0,0,2.0,-1.0,F,arrest case no charge,0,0,,2,Low,0
Female,Greater than 45,African-American,0,0,0,0.0,-1.0,M,Uttering a Forged Instrument,0,0,Trespass Struct/Conveyance,0,Low,0
Female,25 - 45,Hispanic,0,0,0,1.0,-1.0,F,Pos Cannabis W/Intent Sel/Del,1,0,Resist/Obstruct W/O Violence,1,High,1
Male,25 - 45,Other,0,0,0,8.0,-1.0,M,Possess Cannabis/20 Grams Or Less,1,1,Felony Battery (Dom Strang),8,Medium,1
Female,25 - 45,Asian,0,0,0,5.0,-1.0,M,Driving Under The Influence,0,0,,5,Low,0
Female,25 - 45,Caucasian,0,0,0,1.0,0.0,F,Battery,1,1,Battery,1,Low,1
Female,Greater than 45,Other,0,0,0,5.0,-1.0,F,arrest case no charge,1,0,Fail Register Vehicle,5,Medium,1
Female,Greater than 45,Native American,0,0,0,13.0,-1.0,F,Possession Of Alprazolam,1,0,Unlaw LicTag/Sticker Attach,13,Low,1
Male,25 - 45,Asian,0,0,0,4.0,-1.0,F,arrest case no charge,0,0,,4,Low,0
Male,Less than 25,Caucasian,0,0,0,2.0,-1.0,F,Pos Cannabis W/Intent Sel/Del,1,1,Felony Battery w/Prior Convict,2,High,1
Female,Greater than 45,Caucasian,0,0,0,0.0,-1.0,F,Uttering a Forged Instrument,1,0,Susp Drivers Lic 1st Offense,0,Low,1
Male,Greater than 45,Hispanic,0,0,0,0.0,-1.0,F,Uttering a Forged Instrument,0,0,,0,Low,0
Male,Less than 25,Hispanic,0,0,0,2.0,-1.0,M,Battery,1,0,Opert With Susp DL 2nd Offens,2,Low,0
Female,Greater than 45,Native American,0,0,0,0.0,-1.0,M,Uttering a Forged Instrument,0,0,,0,Low,0
Female,Greater than 45,Other,0,0,0,0.0,-1.0,M,Uttering a Forged Instrument,0,0,,0,Low,0
Male,25 - 45,Other,0,0,0,1.0,-1.0,F,Uttering a Forged Instrument,0,0,,1,Low,0
Male,25 - 45,Hispanic,0,0,0,0.0,-2.0,F,Uttering a Forged Instrument,0,0,,0,Low,0
Male,Less than 25,Other,0,0,1,5.0,-1.0,M,arrest case no charge,0,0,,5,Medium,0
Male,Less than 25,Other,0,0,0,0.0,-1.0,F,Uttering a Forged Instrument,0,0,,0,Low,0
Female,Less than 25,Asian,0,0,0,4.0,-5.0,M,Uttering a Forged Instrument,0,0,,4,Low,0
Female,Greater than 45,Native American,0,0,3,9.0,-1.0,F,Purchase Cannabis,0,0,,9,High,0
Male,Greater than 45,African-American,0,0,0,5.0,-1.0,M,arrest case no charge,1,1,Felony Battery w/Prior Convict,5,Medium,0
Female,25 - 45,Native American,0,0,0,0.0,-1.0,M,Battery,0,0,,0,Low,0
Female,Greater than 45,Caucasian,0,0,0,5.0,-3.0,F,Possession Of Alprazolam,0,0,,5,Medium,0
Male,Less than 25,Other,0,0,0,0.0,-1.0,F,Uttering a Forged Instrument,0,0,,0,Low,0
Male,Less than 25,Other,0,0,0,31.203905814923584,-22.0,F,arrest case no charge,1,0,Fail Register Vehicle,30,Medium,1
Male,Greater than 45,Hispanic,0,0,0,1.0,-1.0,F,Uttering a Forged Instrument,0,0,,1,Low,0
Male,Less than 25,Asian,1,0,1,9.0,-1.0,F,Refuse Submit Blood/Breath Test,1,0,Resist/Obstruct W/O Violence,9,High,1
Male,Less than 25,African-American,0,0,0,9.0,-1.0,F,Pos Cannabis W/Intent Sel/Del,1,1,Battery,9,High,1
Female,Greater than 45,Hispanic,0,0,0,0.0,0.0,M,Uttering a Forged Instrument,0,0,,0,Low,0
Male,25 - 45,Native American,0,0,0,3.0,-1.0,F,Uttering a Forged Instrument,0,0,,3,Medium,1
Female,Less than 25,African-American,0,0,0,0.0,-1.0,F,Grand Theft in the 3rd Degree,1,0,Trespass,0,Low,1
Male,Less than 25,Native American,0,0,0,0.0,0.0,M,Battery,0,0,,0,Low,0
Male,Less than 25,Hispanic,0,0,0,8.0,-1.0,F,arrest case no charge,1,0,Trespass Struct/Conveyance,8,Medium,1
Male,25 - 45,Asian,0,0,0,0.0,0.0,F,Uttering a Forged Instrument,0,0,,0,Low,0
Male,Less than 25,Hispanic,0,0,0,4.0,-1.0,F,arrest case no charge,0,0,,4,High,0
Male,Greater than 45,Native American,0,0,0,8.0,-1.0,F,Possession of Cannabis,1,0,Petit Theft,8,High,1
Female,25 - 45,Asian,0,0,0,0.0,-1.0,F,Grand Theft in the 3rd Degree,0,0,,0,High,0
Female,25 - 45,Native American,0,0,0,0.0,-1.0,F,Uttering a Forged Instrument,1,0,Fail Register Vehicle,0,Low,1
Male,25 - 45,Caucasian,0,0,0,0.0,0.0,M,Battery,1,0,,0,Low,0
Male,Greater than 45,Hispanic,0,0,0,1.0,-9.0,M,Driving Under The Influence,0,0,,1,Low,0
Male,Less than 25,Native American,0,0,0,1.0,-1.0,F,Uttering a Forged Instrument,0,0,,1,Low,0
Male,25 - 45,African-American,0,0,0,11.0,-1.0,M,Battery,1,1,Felony Battery (Dom Strang),11,Medium,1
Male,Greater than 45,Native American,0,0,0,1.0,-1.0,F,Pos Cannabis W/Intent Sel/Del,0,0,,1,Low,0
Female,Greater than 45,Asian,0,0,0,0.0,-1.0,M,Susp Drivers Lic 1st Offense,1,0,Aggravated Battery / Pregnant,0,Low,0
Male,Greater than 45,Native American,0,0,0,10.0,-1.0,F,arrest case no charge,1,0,Possess Cannabis/20 Grams Or Less,10,Medium,1
Male,25 - 45,Asian,0,0,0,0.0,-1.0,M,Battery,1,0,Stalking (Aggravated),0,Medium,0
Male,25 - 45,Caucasian,0,0,0,0.0,-1.0,F,Uttering a Forged Instrument,0,0,Felony Petit Theft,0,High,0
Female,25 - 45,Caucasian,0,0,0,7.0,-1.0,F,arrest case no charge,1,0,,7,Medium,1
Male,25 - 45,African-American,0,0,0,7.0,-1.0,F,arrest case no charge,1,1,Felony Battery w/Prior Convict,7,Medium,1
Male,Greater than 45,Hispanic,0,0,0,11.0,-1.0,M,arrest case no charge,1,0,Trespass Struct/Conveyance,11,Low,1
Female,Greater than 45,Hispanic,0,0,0,4.0,-1.0,M,Driving Under The Influence,0,0,Trespass,4,Low,1
Female,Greater than 45,Native American,0,0,0,2.0,-1.0,M,Driving Under The Influence,1,0,Possess Cannabis/20 Grams Or Less,2,Medium,1
Male,25 - 45,Hispanic,0,0,0,4.0,-1.0,M,Battery,1,1,Aggravated Battery / Pregnant,4,Low,1
Male,25 - 45,Other,0,0,0,2.0,0.0,F,Pos Cannabis W/Intent Sel/Del,0,0,,2,High,0
Male,Less than 25,Asian,0,0,0,0.0,-1.0,F,Uttering a Forged Instrument,0,0,,0,Medium,0
Female,25 - 45,African-American,0,0,0,2.0,-1.0,F,arrest case no charge,1,0,Possess Cannabis/20 Grams Or Less,2,Low,1
Female,Greater than 45,African-American,0,1,2,1.0,0.0,M,Oper Motorcycle W/O Valid DL,1,0,Petit Theft,1,Medium,1
Female,25 - 45,Hispanic,0,0,0,7.0,-1.0,F,arrest case no charge,1,0,Possess Cannabis/20 Grams Or Less,7,High,1
Male,Less than 25,Native American,0,0,0,8.0,-1.0,F,arrest case no charge,1,0,Possession of Cocaine,8,Low,0
Male,Greater than 45,Other,0,0,0,0.0,-1.0,M,Battery,1,1,Battery on a Person Over 65,0,Medium,1
Male,25 - 45,African-American,0,0,0,0.0,-1.0,F,Uttering a Forged Instrument,1,0,Neglect Child / No Bodily Harm,0,Medium,1
Female,25 - 45,African-American,0,0,1,5.0,-22.0,F,arrest case no charge,1,1,Battery,5,Medium,1
Female,Greater than 45,Other,0,0,0,1.0,-3.0,F,Pos Cannabis W/Intent Sel/Del,0,0,,1,Low,0
Female,Greater than 45,Other,0,0,0,2.0,-1.0,F,Uttering a Forged Instrument,0,0,,2,Low,0
Female,25 - 45,African-American,1,0,0,1.0,-19.649860731543534,F,arrest case no charge,0,0,,1,Medium,0
Female,Less than 25,Other,0,0,0,11.0,0.0,M,arrest case no charge,0,0,,11,Low,0
Male,Greater than 45,Caucasian,0,0,0,5.0,-1.0,F,Grand Theft in the 3rd Degree,1,0,Possess Cannabis/20 Grams Or Less,5,Medium,0
Male,Less than 25,African-American,0,1,0,27.021852641515828,-1.0,M,Possession of Cannabis,0,0,,26,Medium,0
Male,Greater than 45,Caucasian,0,0,0,6.0,-1.0,F,Possession of Cannabis,1,0,Possession of Cocaine,6,High,1
Female,Greater than 45,Native American,0,0,0,2.0,16.00136116207392,F,Uttering a Forged Instrument,1,1,Battery on a Person Over 65,2,High,1
Male,25 - 45,Native American,0,0,0,7.0,-1.0,F,Felony Battery (Dom Strang),1,1,Felony Battery w/Prior Convict,7,Medium,1
Female,Less than 25,Hispanic,0,0,0,4.0,-1.0,F,Uttering a Forged Instrument,1,0,Possession of Cocaine,4,High,1
Female,Greater than 45,African-American,0,0,2,0.0,-1.0,F,Uttering a Forged Instrument,0,0,,0,Medium,0
Male,Less than 25,Other,0,0,0,6.0,0.0,F,arrest case no charge,0,0,Disorderly Intoxication,6,Low,1
Male,Greater than 45,African-American,0,0,0,1.0,-1.0,F,arrest case no charge,0,0,,1,Low,0
Male,Greater than 45,African-American,0,3,0,19.0,-1.0,F,Poss Cocaine/Intent To Del/Sel,1,0,Petit Theft,19,High,1
Female,Less than 25,African-American,0,0,0,2.0,-3.0,F,arrest case no charge,0,0,,2,Low,0
Female,Less than 25,Hispanic,0,0,0,1.0,-1.0,F,Uttering a Forged Instrument,1,1,Felony Battery (Dom Strang),1,Medium,1
Female,Less than 25,Asian,0,0,0,3.0,-1.0,F,arrest case no charge,1,0,Retaliate Wit/Vict No Injury,3,Low,1
Female,Less than 25,African-American,0,0,0,0.0,0.0,F,Uttering a Forged Instrument,0,0,,0,Low,0
Male,Less than 25,Other,0,0,0,5.0,0.0,F,Leave Acc/Attend Veh/More $50,0,0,,5,Low,0
Male,25 - 45,Native American,0,0,0,1.0,-1.0,M,Battery,0,0,,1,Low,0
Male,Less than 25,Caucasian,0,0,0,1.0,-1.0,F,Pos Cannabis W/Intent Sel/Del,0,0,,1,Low,0
Male,Less than 25,Native American,0,0,0,8.0,-1.0,F,arrest case no charge,1,0,Possession of Cocaine,8,Low,1
Male,Greater than 45,Native American,0,0,0,1.0,-1.0,F,Grand Theft (Motor Vehicle),1,0,Poss Cocaine/Intent To Del/Sel,1,High,1
Male,Less than 25,Caucasian,0,3,0,7.0,-1.0,F,arrest case no charge,1,0,Petit Theft,7,Low,0
Female,25 - 45,Hispanic,0,0,0,3.0,0.0,F,Battery,1,1,Felony Battery w/Prior Convict,3,Medium,1
Female,Greater than 45,Other,0,0,0,0.0,-1.0,M,Battery,0,0,,0,Medium,0
Female,Less than 25,Other,0,0,0,0.0,-1.0,F,Uttering a Forged Instrument,0,0,,0,Low,0
Female,25 - 45,Caucasian,0,0,0,0.0,-1.0,M,Uttering a Forged Instrument,0,0,,0,Low,0
Female,Less than 25,Native American,0,0,0,3.0,-1.0,F,Grand Theft in the 3rd Degree,0,0,,3,Low,0
Male,Greater than 45,Other,0,0,0,0.0,0.0,M,Battery,0,0,,0,Low,0
Female,Less than 25,Native American,0,0,0,7.0,-1.0,F,arrest case no charge,0,1,Aggravated Battery / Pregnant,7,High,1
Male,25 - 45,Hispanic,0,0,0,2.0,1.2953913862962878,F,Driving Under The Influence,1,1,Stalking (Aggravated),2,Low,1
Male,25 - 45,Asian,0,0,1,2.0,-1.0,F,Uttering a Forged Instrument,1,0,,2,Medium,1
Male,25 - 45,Native American,0,0,0,0.0,-1.0,M,Battery,0,0,,0,Low,0
Male,Less than 25,Hispanic,0,0,0,0.0,0.0,F,Uttering a Forged Instrument,0,0,,0,Low,0
Female,Less than 25,Hispanic,0,0,0,0.0,-1.0,M,Battery,1,1,Battery,0,High,1
Male,Less than 25,African-American,0,0,1,12.0,-1.0,M,arrest case no charge,1,0,Disorderly Intoxication,12,High,1
Male,Greater than 45,Caucasian,0,0,0,2.0,0.0,M,Driving Under The Influence,0,0,,2,Low,0
Male,Greater than 45,Asian,0,0,0,1.0,-1.0,F,arrest case no charge,0,0,,1,Medium,0
Male,Greater than 45,Asian,0,0,0,3.0,-1.0,F,arrest case no charge,1,1,Battery,3,Low,1
Male,25 - 45,Caucasian,0,0,0,0.0,0.0,F,Uttering a Forged Instrument,0,0,,0,Medium,0
Male,Less than 25,Other,0,0,0,0.0,-1.0,F,Uttering a Forged Instrument,0,0,,0,Low,0
Male,25 - 45,Asian,0,0,0,1.0,-1.0,M,Battery,1,1,Battery,1,Low,1
Male,Greater than 45,Other,0,0,0,11.0,-1.0,F,arrest case no charge,0,0,,11,Low,0
Male,Less than 25,Asian,0,1,0,2.0,-1.0,F,Leave Acc/Attend Veh/More $50,0,0,,2,High,0
Male,Less than 25,Asian,0,0,0,7.0,-1.0,F,arrest case no charge,0,0,,7,Low,0
Female,Less than 25,Native American,0,0,0,0.0,-1.0,F,Uttering a Forged Instrument,1,0,Battery,0,Medium,1
Female,Less than 25,Hispanic,0,0,0,1.0,-1.0,M,Battery,1,0,Viol Injunct Domestic Violence,1,Low,1
Female,Less than 25,Native American,0,1,2,3.0,0.0,M,Oper Motorcycle W/O Valid DL,0,0,,3,Medium,0
Male,Less than 25,Asian,0,0,0,1.0,-12.0,F,arrest case no charge,0,0,,1,Low,0
Female,25 - 45,Native American,0,0,0,1.0,-1.0,F,Uttering a Forged Instrument,0,0,,1,Low,0
Male,Less than 25,Other,0,0,0,0.0,0.0,M,Battery,0,0,,0,Low,0
Male,Greater than 45,Hispanic,0,0,0,2.0,-2.0,M,Driving Under The Influence,0,0,,2,Low,0
Female,Less than 25,Other,0,0,0,0.0,0.0,F,Pos Cannabis W/Intent Sel/Del,1,1,Viol Injunct Domestic Violence,0,Low,1
Male,Less than 25,Native American,0,0,0,8.0,-1.0,F,arrest case no charge,1,1,Viol Injunct Domestic Violence,8,High,1
Female,25 - 45,Hispanic,0,0,0,22.0,0.0,F,arrest case no charge,1,1,Aggravated Battery / Pregnant,22,High,1
Female,Less than 25,Hispanic,0,0,0,4.0,-1.0,M,Battery,0,0,,4,Medium,0
Female,25 - 45,Native American,0,0,0,3.0,0.0,M,Driving Under The Influence,0,0,,3,Low,0
Male,Greater than 45,Other,0,0,0,2.0,-1.0,F,Possession of Cannabis,0,0,,2,Low,0
Female,25 - 45,Caucasian,0,0,0,0.0,-1.0,F,Uttering a Forged Instrument,1,0,Possession of Cocaine,0,Medium,0
Female,Less than 25,Asian,0,0,0,8.0,-23.0,F,arrest case no charge,1,0,Resist/Obstruct W/O Violence,8,Medium,0
Female,Less than 25,Other,0,0,0,0.0,0.0,M,Pos Cannabis W/Intent Sel/Del,0,0,,0,Low,0
Male,Greater than 45,African-American,0,0,0,1.0,-1.0,F,Uttering a Forged Instrument,0,0,,1,High,0
Male,Greater than 45,African-American,0,0,0,9.0,-1.0,F,arrest case no charge,1,0,Stalking (Aggravated),9,High,1
Male,25 - 45,Hispanic,0,0,0,0.0,-1.0,M,Uttering a Forged Instrument,0,0,,0,Low,0
Male,Greater than 45,African-American,0,0,0,6.0,10.811353421052594,M,Leave Acc/Attend Veh/More $50,1,0,Opert With Susp DL 2nd Offens,6,Low,1
Female,Greater than 45,Other,0,0,0,1.0,-1.0,F,Uttering a Forged Instrument,1,0,Petit Theft,1,Low,1
Male,25 - 45,Asian,0,0,0,0.0,-1.0,F,Uttering a Forged Instrument,0,0,,0,Low,0
Male,Greater than 45,Hispanic,0,0,0,5.0,15.876258485402488,F,arrest case no charge,1,0,Aggravated Battery / Pregnant,5,Medium,1
Female,25 - 45,Caucasian,1,0,0,15.0,-1.0,F,arrest case no charge,0,0,,15,High,0
Male,Greater than 45,Asian,0,0,0,11.0,-1.0,F,arrest case no charge,1,0,Trespass Struct/Conveyance,11,Medium,1
Male,Less than 25,Caucasian,0,0,0,1.0,-1.0,F,Grand Theft in the 3rd Degree,0,0,,1,Medium,0
Male,Less than 25,Native American,0,0,1,0.0,-1.0,M,Battery,1,0,Susp Drivers Lic 1st Offense,0,Low,1
Male,25 - 45,Hispanic,0,0,0,7.0,-1.0,F,arrest case no charge,0,0,,7,Low,0
Female,Less than 25,African-American,0,0,0,13.0,-1.0,F,Possession of Cannabis,1,0,,13,Low,1
Male,Greater than 45,Asian,0,0,0,0.0,-1.0,F,Uttering a Forged Instrument,0,0,,0,Low,0
Female,25 - 45,Hispanic,0,1,0,4.0,-1.0,M,Battery,1,1,Aggravated Battery / Pregnant,4,Medium,1
Male,Less than 25,Caucasian,0,0,1,1.0,-1.0,F,Pos Cannabis W/Intent Sel/Del,1,0,Possess Cannabis/20 Grams Or Less,1,Low,1
Female,25 - 45,Native American,0,0,0,4.0,0.0,F,Possession of Cannabis,0,0,,4,Low,0
Male,25 - 45,Other,0,0,0,0.0,-1.0,M,Uttering a Forged Instrument,0,0,,0,Medium,0
Female,25 - 45,Caucasian,0,0,0,0.0,-1.0,M,Battery,1,1,Battery,0,Low,1
Male,25 - 45,Other,0,0,0,0.0,-1.0,M,Battery,0,0,,0,Medium,0
Male,Greater than 45,Caucasian,0,0,0,0.0,-1.0,M,Uttering a Forged Instrument,0,0,,0,High,0
Male,Greater than 45,Native American,0,0,0,1.0,-1.0,F,Uttering a Forged Instrument,1,0,Trespass Struct/Conveyance,1,Medium,1
Female,25 - 45,Hispanic,0,0,0,0.0,-2.0,M,Uttering a Forged Instrument,0,0,,0,Low,0
Male,25 - 45,African-American,0,0,0,3.0,-1.0,M,Battery,1,1,Felony Battery (Dom Strang),3,Medium,1
Female,25 - 45,Native American,0,0,0,0.0,-1.0,F,Grand Theft in the 3rd Degree,0,0,,0,Medium,0
Male,Greater than 45,Caucasian,0,0,0,1.0,-1.0,F,Pos Cannabis W/Intent Sel/Del,0,0,,1,Low,0
Male,Greater than 45,Native American,0,0,0,0.0,-1.0,M,Battery,0,0,,0,Low,0
Male,25 - 45,Caucasian,0,0,0,1.0,0.0,F,Uttering a Forged Instrument,0,0,,1,Medium,0
Male,25 - 45,Other,0,0,0,0.0,-1.0,F,Uttering a Forged Instrument,1,0,Susp Drivers Lic 1st Offense,0,Medium,1
Male,Greater than 45,Asian,0,0,0,2.0,-1.0,F,Uttering a Forged Instrument,1,0,Petit Theft,2,Medium,1
Female,Less than 25,African-American,0,0,0,5.0,-1.0,F,Uttering a Forged Instrument,1,0,Petit Theft,5,Medium,1
Male,Greater than 45,Hispanic,0,0,0,1.0,-1.0,M,Battery,0,0,,1,Medium,0
Female,25 - 45,African-American,0,0,0,25.078485808376588,-1.0,F,arrest case no charge,0,0,,24,Medium,0
Female,25 - 45,Native American,0,0,0,8.0,0.0,F,arrest case no charge,1,0,Robbery W/Firearm,8,Low,1
Male,Less than 25,African-American,0,0,0,1.0,-1.0,F,arrest case no charge,0,0,,1,Low,0
Male,Greater than 45,Native American,0,0,0,0.0,-1.0,F,Uttering a Forged Instrument,1,0,Unlaw LicTag/Sticker Attach,0,Low,1
Male,Greater than 45,Hispanic,0,0,0,7.0,-1.0,F,arrest case no charge,0,0,,7,High,0
Female,Less than 25,Hispanic,0,2,0,10.0,-3.0,F,Uttering a Forged Instrument,0,0,,10,High,0
Female,Greater than 45,Native American,0,0,1,1.0,-1.0,F,Uttering a Forged Instrument,0,0,,1,Low,0
Male,25 - 45,Hispanic,0,0,0,0.0,0.0,F,Uttering a Forged Instrument,0,0,,0,Low,0
Female,Greater than 45,Hispanic,0,0,0,0.0,0.0,M,Uttering a Forged Instrument,0,0,,0,Low,0
Male,Greater than 45,Hispanic,0,0,0,0.0,-1.0,F,Grand Theft in the 3rd Degree,1,0,Petit Theft,0,Medium,1
Female,Greater than 45,African-American,0,0,0,19.0,-1.0,F,arrest case no charge,1,0,Possession of Cocaine,19,High,1
Male,Less than 25,African-American,0,0,0,7.0,-1.0,F,arrest case no charge,1,1,Battery,7,Medium,1
Female,25 - 45,Caucasian,0,0,0,1.0,-1.0,F,Grand Theft in the 3rd Degree,0,0,,1,Low,0
Female,25 - 45,Caucasian,0,0,0,0.0,-1.0,M,Battery,0,0,,0,Medium,0
Female,25 - 45,Native American,0,1,0,10.0,0.0,F,arrest case no charge,0,0,,10,High,0
Male,Less than 25,African-American,0,0,0,0.0,0.0,F,Uttering a Forged Instrument,0,0,,0,Medium,0
Male,Less than 25,Other,0,0,0,3.0,-3.0,M,Battery,0,0,,3,Low,0
Female,25 - 45,Other,0,0,0,1.0,0.0,F,Uttering a Forged Instrument,0,0,,1,Medium,0
Female,Less than 25,Asian,0,0,0,0.0,-1.0,M,Uttering a Forged Instrument,0,0,,0,Low,0
Male,Greater than 45,Hispanic,0,0,1,0.0,-1.0,M,Possess Cannabis/20 Grams Or Less,0,0,,0,Medium,0
Male,25 - 45,African-American,0,0,0,3.0,-1.0,F,Possess Cannabis/20 Grams Or Less,1,1,Viol Injunct Domestic Violence,3,Low,1
Male,Greater than 45,Other,0,5,0,26.149842916537953,-1.0,M,Felony Batt(Great Bodily Harm),1,1,Battery Upon Detainee,28,High,1
Female,Greater than 45,Hispanic,0,0,0,1.0,-1.0,M,arrest case no charge,0,0,,1,Low,0
Male,25 - 45,Native American,0,0,0,0.0,-1.0,M,Battery,0,0,,0,Low,0
Male,Less than 25,Asian,0,3,2,10.0,0.0,F,Oper Motorcycle W/O Valid DL,1,0,Possess Cannabis/20 Grams Or Less,10,High,1
Male,25 - 45,Native American,0,0,0,16.0,-4.0,F,arrest case no charge,1,0,,16,High,1
Male,Less than 25,Asian,0,0,0,28.291496825015148,0.0,M,arrest case no charge,1,1,Robbery W/Firearm,28,High,1
Female,Greater than 45,African-American,0,0,0,1.0,-1.0,M,Battery,0,0,,1,Low,0
Female,Less than 25,Caucasian,0,0,0,1.0,-16.785191474992992,F,Pos Cannabis W/Intent Sel/Del,0,0,,1,Low,0
Male,Greater than 45,Asian,0,0,0,0.0,-1.0,F,Uttering a Forged Instrument,0,0,Susp Drivers Lic 1st Offense,0,Medium,0
Female,Less than 25,Asian,0,0,0,1.0,-1.0,F,Uttering a Forged Instrument,0,0,,1,Low,0
Female,Less than 25,Asian,0,0,0,3.0,-1.0,F,Grand Theft in the 3rd Degree,0,0,Resist/Obstruct W/O Violence,3,Low,0
Female,Greater than 45,Hispanic,0,0,0,0.0,-1.0,M,Uttering a Forged Instrument,0,0,,0,Low,0
Male,Greater than 45,Hispanic,0,0,0,1.0,-1.0,F,arrest case no charge,0,0,,1,Low,0
Male,Less than 25,Other,0,0,0,0.0,-1.0,M,Driving Under The Influence,0,0,,0,Low,0
Female,Greater than 45,Other,0,0,1,0.0,-1.0,M,Battery,1,1,Battery,0,Low,1
Male,Less than 25,Caucasian,0,0,0,0.0,0.0,M,Uttering a Forged Instrument,0,0,Possession of Cocaine,0,Low,0
Female,Less than 25,Native American,0,0,0,9.0,-1.0,F,Possession of Cannabis,1,0,Poss Cocaine/Intent To Del/Sel,9,Medium,1
Female,25 - 45,Native American,0,0,1,2.0,0.0,F,Uttering a Forged Instrument,1,0,Resist/Obstruct W/O Violence,2,Medium,0
Female,Greater than 45,Asian,0,0,0,0.0,0.0,M,Battery,0,0,,0,Low,0
Male,25 - 45,Hispanic,0,0,0,2.0,-19.89479005578164,F,Pos Cannabis W/Intent Sel/Del,0,0,,2,Medium,0
Female,Greater than 45,Caucasian,0,0,0,0.0,-1.0,F,Grand Theft in the 3rd Degree,0,0,,0,Low,0
Female,Less than 25,Native American,0,0,0,0.0,-2.0,F,Grand Theft in the 3rd Degree,1,0,Opert With Susp DL 2nd Offens,0,Medium,1
Male,Greater than 45,African-American,0,0,0,3.0,0.0,M,Driving Under The Influence,0,0,,3,Low,0
Male,25 - 45,Native American,0,0,0,11.0,-1.0,M,arrest case no charge,1,0,Possession of Cocaine,11,High,1
Female,Less than 25,Caucasian,0,0,0,3.0,-1.0,F,Grand Theft in the 3rd Degree,1,0,Resist/Obstruct W/O Violence,3,Medium,1
Male,25 - 45,Caucasian,0,0,0,0.0,-1.0,F,Uttering a Forged Instrument,0,0,,0,Medium,0
Male,Less than 25,Asian,0,0,0,3.0,-23.0,F,arrest case no charge,1,0,Unlaw LicTag/Sticker Attach,3,Low,1
Female,25 - 45,Caucasian,0,0,0,4.0,0.0,M,arrest case no charge,1,1,Felony Battery (Dom Strang),4,Medium,1
Male,25 - 45,Caucasian,0,0,0,0.0,0.0,M,Uttering a Forged Instrument,0,0,,0,Low,0
Female,Greater than 45,Hispanic,0,0,0,1.0,0.0,F,arrest case no charge,1,0,Unlaw LicTag/Sticker Attach,1,Low,1
Female,Greater than 45,Hispanic,0,0,0,0.0,0.0,M,Battery,0,0,,0,Low,0
Male,Less than 25,Hispanic,0,0,0,1.0,-2.0,F,Uttering a Forged Instrument,1,0,Battery,1,Low,1
Male,Greater than 45,Caucasian,0,0,0,6.0,-1.0,F,arrest case no charge,1,0,Robbery W/Firearm,6,Medium,0
Female,Greater than 45,Other,0,0,0,0.0,0.0,F,Uttering a Forged Instrument,0,0,,0,Low,0
Female,25 - 45,Hispanic,0,0,0,2.0,0.0,F,arrest case no charge,0,0,,2,Low,0
Male,Less than 25,Asian,0,0,0,5.0,0.0,F,Uttering a Forged Instrument,0,0,,5,Low,0
Female,Less than 25,Native American,0,0,0,0.0,0.0,F,Pos Cannabis W/Intent Sel/Del,0,0,,0,Medium,0
Male,Greater than 45,Asian,0,0,0,21.000000000000004,0.0,F,arrest case no charge,1,0,Stalking (Aggravated),21,Medium,1
Male,Greater than 45,African-American,0,0,1,7.0,0.0,M,Battery,0,0,,7,Low,0
Male,25 - 45,African-American,0,0,0,8.0,-1.0,M,Driving Under The Influence,0,0,,8,Low,0
Male,25 - 45,Hispanic,0,0,0,2.0,-1.0,M,Battery,0,0,,2,Low,0
Female,25 - 45,Hispanic,0,0,0,0.0,0.0,F,Uttering a Forged Instrument,0,0,,0,Medium,0
Female,Less than 25,African-American,0,0,0,0.0,-1.0,M,Driving Under The Influence,1,0,,0,Low,0
Female,Greater than 45,Other,0,0,0,2.0,0.0,F,Uttering a Forged Instrument,0,0,,2,Low,0
Male,Greater than 45,Other,0,0,0,0.0,-1.0,F,Uttering a Forged Instrument,1,0,Unlaw LicTag/Sticker Attach,0,Low,1
Male,Greater than 45,Asian,0,0,0,1.0,-1.0,F,arrest case no charge,0,0,,1,Low,0
Male,Greater than 45,Native American,0,0,0,2.0,-1.0,M,Battery,1,0,Unlaw Use False Name/Identity,2,Low,1
Male,Less than 25,Other,0,0,0,3.0,-27.0,M,Battery,1,0,Poss Cocaine/Intent To Del/Sel,3,Low,1
Male,Less than 25,African-American,0,0,0,0.0,-2.0,F,Uttering a Forged Instrument,0,0,,0,Low,0
Female,Less than 25,Native American,0,0,2,1.0,-1.0,F,Uttering a Forged Instrument,1,0,Fail Register Vehicle,1,Low,1
Male,25 - 45,Hispanic,0,0,0,11.0,-1.0,F,arrest case no charge,1,1,Stalking (Aggravated),11,Medium,1
Female,Less than 25,African-American,0,0,0,1.0,-1.0,F,Uttering a Forged Instrument,1,1,Battery on a Person Over 65,1,Low,1
Male,Less than 25,Asian,0,0,0,1.0,-1.0,F,Battery,1,1,Battery,1,Low,1
Male,25 - 45,Caucasian,0,0,0,1.0,0.0,F,Uttering a Forged Instrument,0,0,,1,Medium,0
Male,Greater than 45,Caucasian,0,0,0,3.0,-17.860604694805946,M,arrest case no charge,0,0,,3,Low,0
Female,Greater than 45,Native American,0,0,0,0.0,0.0,F,Pos Cannabis W/Intent Sel/Del,1,0,,0,Low,0
Female,Greater than 45,Native American,0,1,0,6.0,0.0,F,Leave Acc/Attend Veh/More $50,0,0,,6,Medium,0
Male,Greater than 45,Caucasian,0,0,0,0.0,-1.0,M,Battery,0,0,Fail Register Vehicle,0,Low,0
Female,Greater than 45,Caucasian,0,0,0,0.0,-1.0,M,Battery,0,0,,0,Low,0
Male,Greater than 45,Asian,0,0,0,2.0,-1.0,F,Pos Cannabis W/Intent Sel/Del,0,0,,2,Low,0
Male,Greater than 45,Other,0,0,0,4.0,-1.0,F,arrest case no charge,0,0,,4,Low,0
Female,Greater than 45,Native American,0,0,0,3.0,-1.0,F,Uttering a Forged Instrument,0,0,,3,Medium,0
Female,25 - 45,Caucasian,0,0,0,0.0,-1.0,F,Grand Theft in the 3rd Degree,1,0,Neglect Child / No Bodily Harm,0,Low,1
