sex,age_cat,race,juv_fel_count,juv_misd_count,juv_other_count,priors_count1,days_b_screening_arrest,c_charge_degree,c_charge_desc,is_recid,is_violent_recid,r_charge_desc,priors_count2,score_text,two_year_recid
Female,Greater than 45,Other,0,0,0,0.0,-1.0,F,Neglect Child / No Bodily Harm,0,0,,0,Medium,0
Female,Greater than 45,Asian,0,0,0,0.0,-1.0,F,Aggravated Battery / Pregnant,1,0,,0,Low,0
Female,25 - 45,African-American,0,0,0,6.0,-1.0,F,Possession of Cocaine,1,0,Possess Cannabis/20 Grams Or Less,6,Low,1
Male,Less than 25,African-American,0,0,0,3.0,-1.0,F,Neglect Child / No Bodily Harm,1,0,Possess Cannabis/20 Grams Or Less,3,Medium,1
Female,25 - 45,Other,0,0,0,0.0,-1.0,M,Burglary Conveyance Unoccup,0,0,,0,Low,0
Male,25 - 45,Asian,0,0,0,1.0,-1.0,M,Felony Battery w/Prior Convict,1,0,Possess Cannabis/20 Grams Or Less,1,Medium,1
Male,25 - 45,Caucasian,0,0,0,0.0,0.0,M,Battery,0,0,,0,Low,0
Male,Less than 25,Other,0,0,0,1.0,-1.0,M,Driving License Suspended,0,0,,1,Low,0
Female,Less than 25,Native American,0,0,1,12.0,-1.0,M,Battery,1,0,Open Carrying Of Weapon,12,High,1
Male,25 - 45,Native American,0,0,0,1.0,-1.0,M,Reckless Driving,1,1,Battery,1,Low,1
Male,Greater than 45,African-American,0,0,0,1.0,-1.0,F,arrest case no charge,0,0,,1,Low,0
Male,Less than 25,Hispanic,0,0,0,0.0,-1.0,M,Battery,0,0,,0,Low,0
Male,25 - 45,Other,0,0,0,0.0,-1.0,F,Felony DUI (level 3),0,0,,0,Low,0
Male,25 - 45,Other,0,0,0,5.0,0.0,M,Battery,0,0,,5,High,0
Female,25 - 45,Native American,0,0,0,0.0,-1.0,M,Battery,0,0,,0,Low,0
Female,Less than 25,Asian,0,0,0,1.0,-22.0,F,Possession of Cocaine,0,0,,1,Medium,0
Male,25 - 45,African-American,0,0,0,0.0,-1.0,F,Possession of Cannabis,0,0,,0,Medium,0
Female,Greater than 45,Caucasian,0,0,0,2.0,-1.0,F,Aggrav Child Abuse-Causes Harm,0,0,,2,Low,0
Male,25 - 45,Hispanic,0,1,0,10.0,-1.0,F,Attempted Robbery  Weapon,1,0,,10,Low,1
Male,25 - 45,Caucasian,0,0,0,1.0,-1.0,F,arrest case no charge,0,0,,1,Low,0
Male,Less than 25,Other,0,0,0,4.0,-1.0,F,Possession of Cannabis,1,0,Deliver Cocaine,4,Medium,1
Male,Greater than 45,Caucasian,0,0,0,3.0,-1.0,F,Cruelty to Animals,0,0,,3,Low,0
Female,Less than 25,African-American,0,0,0,0.0,0.0,F,"Poss3,4 Methylenedioxymethcath",1,0,Susp Drivers Lic 1st Offense,0,Medium,1
Male,25 - 45,Native American,0,0,0,0.0,-2.0,M,Viol Injunction Protect Dom Vi,0,0,,0,Low,0
Female,Less than 25,Asian,0,0,0,0.0,-1.0,F,Poss Similitude of Drivers Lic,0,0,,0,Low,0
Male,Greater than 45,Native American,0,0,0,4.0,-1.0,F,Possession of Cocaine,1,0,Grand Theft (Motor Vehicle),4,High,1
Female,Less than 25,African-American,1,0,0,7.0,-1.0,M,Battery,1,1,Unlaw Malic Strike K9/Horses,9,High,1
Male,25 - 45,Asian,0,0,0,2.0,-1.0,M,Neglect Child / No Bodily Harm,1,0,Traffick Oxycodone    14g><28g,2,Low,1
Male,Less than 25,African-American,0,0,0,0.0,-1.0,M,Petit Theft,1,0,Fail Obey Driv Lic Restrictions,0,High,1
Male,Less than 25,Caucasian,0,0,0,5.0,-10.0,F,Battery,1,0,Burglary Conveyance Unoccup,5,Low,1
Male,Less than 25,African-American,0,0,0,0.0,-1.0,F,Attempted Robbery  Weapon,0,0,Mandatory Susp Possess Alcohol,0,Low,0
Male,Less than 25,Caucasian,0,0,0,0.0,-1.0,M,Battery,0,0,,0,Low,0
Female,25 - 45,Hispanic,0,0,0,3.0,0.0,M,Petit Theft,0,0,,3,Low,0
Male,25 - 45,African-American,0,0,0,0.0,0.0,F,Deliver Cocaine 1000FT Park,1,0,,0,Low,0
Male,Greater than 45,African-American,0,0,0,0.0,0.0,M,Assault,0,0,,0,Low,0
Male,Less than 25,African-American,1,0,0,12.624527088192204,0.0,F,Possession of Cocaine,0,0,Trespass Other Struct/Convey,12,High,1
Female,Greater than 45,Caucasian,0,0,0,0.0,-1.0,F,Possession Of Methamphetamine,1,0,Trespass,0,Low,1
Male,Greater than 45,Native American,0,1,1,3.0,-1.0,M,Battery,0,0,,3,Low,0
Male,Less than 25,Hispanic,0,0,0,2.0,-24.0,F,Possession of Cocaine,1,0,Tampering With Physical Evidence,2,Medium,0
Female,Greater than 45,Caucasian,0,1,3,7.0,-1.0,F,Possession of Benzylpiperazine,1,1,Aggravated Assault W/Dead Weap,7,High,1
Male,25 - 45,African-American,0,0,0,0.0,-1.0,M,Possession of Cannabis,0,0,,0,Low,0
Female,Less than 25,Hispanic,0,0,0,1.0,0.0,M,Battery,0,0,,1,Low,0
Male,Less than 25,Caucasian,0,0,0,0.0,0.0,F,Refuse Submit Blood/Breath Test,1,0,Aggravated Battery / Pregnant,0,Medium,1
Male,25 - 45,African-American,0,0,0,1.0,-1.0,F,Refuse Submit Blood/Breath Test,1,0,Mandatory Susp Possess Alcohol,1,Low,1
Female,Less than 25,Hispanic,0,0,0,0.0,-1.0,F,Felony Battery,1,1,Battery,0,Low,1
Female,Greater than 45,Hispanic,0,0,0,0.0,-1.0,F,Burglary Conveyance Unoccup,1,0,Burglary Conveyance Unoccup,0,Low,1
Female,Less than 25,Hispanic,0,0,1,1.0,-4.0,F,arrest case no charge,1,0,Resist/Obstruct W/O Violence,1,Medium,1
Male,Greater than 45,African-American,0,0,0,0.0,0.0,F,Felony Battery,0,0,,0,High,0
Female,Less than 25,Other,0,0,0,0.0,0.0,M,Battery,0,0,,0,Low,0
Male,Less than 25,African-American,0,0,0,0.0,-1.0,F,Driving While License Revoked,0,0,,0,Medium,0
Male,Greater than 45,Caucasian,0,0,0,0.0,0.0,M,Crimin Mischief Damage $1000+,0,0,,0,Low,0
Male,25 - 45,Other,0,0,0,0.0,0.0,M,Possession Of Methamphetamine,0,0,,0,Low,0
Male,25 - 45,African-American,0,0,0,8.0,-1.0,M,Battery,1,0,Felony Battery w/Prior Convict,8,Medium,0
Male,Less than 25,African-American,0,0,0,7.0,-1.0,M,Battery,0,0,,7,Low,0
Male,25 - 45,African-American,0,0,0,15.0,0.0,M,Aggravated Battery / Pregnant,1,0,Operating W/O Valid License,14,Low,1
Male,25 - 45,Asian,1,3,0,24.235976874169825,-1.0,M,Possess Tobacco Product Under 18,1,1,Felony Battery (Dom Strang),23,Medium,1
Female,25 - 45,African-American,0,0,0,14.0,-1.0,F,Poss Oxycodone W/Int/Sell/Del,0,0,,14,Medium,0
Male,Less than 25,Other,0,0,0,2.0,-1.0,F,Poss/Sell/Del/Man Amobarbital,0,0,,2,Low,0
Female,Less than 25,African-American,0,0,0,3.0,-1.0,F,Uttering a Forged Instrument,1,0,Possession of Cocaine,3,Medium,1
Male,Greater than 45,Other,0,0,0,8.0,-1.0,F,arrest case no charge,0,0,,8,High,0
Male,Greater than 45,Caucasian,0,0,0,2.0,-1.0,M,Sale/Del Cannabis At/Near Scho,0,0,,2,Medium,1
Male,Greater than 45,Other,0,0,0,1.0,-1.0,M,Battery,0,0,,1,Low,0
Female,Less than 25,Hispanic,0,0,0,0.0,0.0,M,Battery,1,1,Viol Injunct Domestic Violence,0,High,1
Male,25 - 45,Asian,0,0,0,1.0,0.0,M,Battery,0,0,,1,Low,0
Female,25 - 45,Native American,0,0,0,0.0,-1.0,F,Felony Driving While Lic Suspd,0,0,,0,Low,0
Male,Greater than 45,Caucasian,0,0,0,0.0,-1.0,M,Battery,0,0,,0,Medium,0
Female,25 - 45,Caucasian,0,0,0,1.0,-1.0,M,Battery,0,0,Operating W/O Valid License,1,Medium,1
Male,Less than 25,African-American,0,0,0,0.0,0.0,F,Kidnapping / Domestic Violence,0,0,,0,Low,0
Male,Less than 25,African-American,0,0,1,0.0,0.0,M,Poss Oxycodone W/Int/Sell/Del,1,0,Resist Officer w/Violence,0,High,1
Male,Less than 25,Native American,0,0,0,0.0,0.0,F,Possession of Cocaine,0,0,DWLS Canceled Disqul 1st Off,0,Low,0
Male,25 - 45,Hispanic,0,0,0,1.0,-1.0,M,Battery,0,0,,1,Low,0
Female,Greater than 45,African-American,0,0,0,8.0,0.0,F,Fraudulent Use of Credit Card,1,0,Attempted Burg/struct/unocc,8,High,1
Female,25 - 45,Native American,0,0,0,2.0,-1.0,F,Aggrav Battery w/Deadly Weapon,0,0,,2,Low,0
Male,25 - 45,African-American,0,0,0,0.0,-1.0,F,Poss Cocaine/Intent To Del/Sel,0,0,,0,Low,0
Female,Greater than 45,African-American,0,0,0,0.0,-1.0,F,Crimin Mischief Damage $1000+,0,0,,0,Low,0
Female,Greater than 45,African-American,0,0,0,4.0,-1.0,F,arrest case no charge,0,0,,4,Medium,0
Female,25 - 45,Native American,0,0,0,3.0,-1.0,F,Misuse Of 911 Or E911 System,1,0,Susp Drivers Lic 1st Offense,3,Low,1
Male,Greater than 45,African-American,0,0,0,1.0,-1.0,F,Aggravated Assault,1,0,Possess Cannabis 1000FTSch,1,Low,1
Male,25 - 45,African-American,0,0,0,0.0,-1.0,M,Battery,0,0,,0,Low,0
Female,Greater than 45,African-American,0,0,0,0.0,-1.0,M,arrest case no charge,1,0,DWLS Canceled Disqul 1st Off,0,Low,1
Male,Greater than 45,Caucasian,0,0,0,0.0,0.0,F,Burglary Conveyance Unoccup,1,0,Viol Injunct Domestic Violence,0,High,1
Female,Greater than 45,Caucasian,0,0,0,0.0,0.0,M,Battery,0,0,,0,Low,0
Female,Greater than 45,African-American,0,0,0,2.0,-1.0,M,Deliver Cocaine 1000FT Park,1,1,Battery,2,Low,0
Male,25 - 45,Other,0,0,0,15.0,0.0,F,Felony Driving While Lic Suspd,0,0,,14,Medium,0
Male,Less than 25,Hispanic,0,0,0,19.0,-1.0,F,Driving While License Revoked,1,0,Operating W/O Valid License,18,High,1
Male,25 - 45,African-American,0,1,0,1.0,-1.0,F,Uttering a Forged Instrument,0,0,,1,High,0
Male,25 - 45,African-American,0,0,1,2.0,-1.0,F,Grand Theft of the 2nd Degree,1,0,Tampering With Physical Evidence,2,Low,1
Male,Greater than 45,African-American,0,0,0,5.0,-28.94970859502041,F,Possession of Cocaine,0,0,,5,Medium,0
Male,Greater than 45,Hispanic,0,0,0,1.0,8.468434858899109,F,arrest case no charge,0,0,Reckless Display Of Weapon,1,Medium,0
Male,Less than 25,Native American,0,0,2,1.0,-8.0,F,arrest case no charge,0,0,Tampering With Physical Evidence,1,High,0
Male,25 - 45,Hispanic,0,2,0,21.000000000000004,-1.0,F,Driving While License Revoked,1,1,Driving License Suspended,21,High,0
Male,25 - 45,Caucasian,0,0,0,3.0,-1.0,F,Felony Driving While Lic Suspd,1,0,Felony Battery w/Prior Convict,3,Low,1
Male,Less than 25,Asian,0,0,0,0.0,-1.0,F,Possession of Oxycodone,0,0,,0,Low,0
Female,Less than 25,Caucasian,0,0,0,2.0,-1.0,F,Refuse Submit Blood/Breath Test,1,0,Unlaw Use False Name/Identity,2,High,1
Female,Less than 25,Caucasian,0,0,0,0.0,-1.0,M,Battery,0,0,,0,Low,0
Male,Less than 25,African-American,0,0,0,0.0,-1.0,M,Aggrav Battery w/Deadly Weapon,1,1,Murder in the First Degree,0,Low,0
Female,Greater than 45,Hispanic,0,0,0,0.0,-1.0,M,Grand Theft (Motor Vehicle),0,0,,0,Medium,0
Female,Greater than 45,African-American,0,0,0,0.0,0.0,F,Viol Injunction Protect Dom Vi,0,0,,0,Low,1
Female,Less than 25,African-American,0,0,0,0.0,-1.0,F,Armed Trafficking in Cannabis,1,1,Fail Register Vehicle,0,Low,1
Female,Less than 25,Asian,0,0,0,9.0,-2.0,F,Possession of Cannabis,0,0,,9,Medium,0
Male,25 - 45,African-American,0,0,0,4.0,-1.0,F,Viol Injunction Protect Dom Vi,0,0,,4,Medium,0
Male,25 - 45,Other,0,0,0,4.0,-1.0,F,Purchase Cannabis,0,0,,4,Low,0
Male,25 - 45,Asian,0,0,0,3.0,0.0,F,Possession of Cannabis,1,0,Possession of Cocaine,3,Low,1
Male,25 - 45,Native American,0,0,0,10.0,-1.0,F,arrest case no charge,1,0,Credit Card Theft,10,Low,1
Female,25 - 45,Other,0,0,0,5.0,-1.0,F,Deliver Cocaine 1000FT Park,0,0,,5,Low,0
Female,25 - 45,Native American,0,0,0,0.0,-2.0,M,Battery,1,0,,0,Low,0
Female,Greater than 45,Other,0,0,0,0.0,-1.0,M,Battery,0,0,,0,Low,0
Female,25 - 45,Asian,0,0,1,2.0,-1.0,F,Possession of Cocaine,1,0,Possess Cannabis/20 Grams Or Less,2,Medium,1
Female,Less than 25,Caucasian,0,0,1,0.0,-1.0,F,Uttering a Forged Instrument,0,0,,0,Low,0
Female,Greater than 45,Hispanic,0,0,1,4.0,-1.0,F,Assault,1,0,Possess Cannabis/20 Grams Or Less,4,Medium,1
Male,Greater than 45,Native American,0,0,0,2.0,-1.0,M,Battery,0,0,,2,Low,0
Male,25 - 45,Asian,0,0,0,1.0,-1.0,F,Att Burgl Unoccupied Dwel,1,0,Burglary Unoccupied Dwelling,1,Low,1
Female,Less than 25,African-American,0,0,0,1.0,0.0,F,arrest case no charge,1,0,Attempted Burg/struct/unocc,1,High,1
Female,Less than 25,African-American,0,0,0,1.0,0.0,M,Battery,1,0,Resist/Obstruct W/O Violence,1,Low,1
Female,25 - 45,Native American,0,0,0,0.0,-1.0,F,Possession Of Alprazolam,1,0,Grand Theft (Motor Vehicle),0,Medium,1
Female,Greater than 45,Asian,0,0,0,2.0,0.0,F,Posses/Disply Susp/Revk/Frd DL,1,0,Trespass,2,Low,1
Male,Less than 25,Asian,0,0,0,1.0,-20.95229873242387,F,Poss Cocaine/Intent To Del/Sel,1,0,Resist/Obstruct W/O Violence,1,Medium,1
Male,25 - 45,Hispanic,0,0,0,0.0,-1.0,F,Driving While License Revoked,0,0,,0,Low,0
Female,Greater than 45,Hispanic,0,0,0,0.0,-3.0,M,Poss Alprazolam W/int Sell/Del,0,0,,0,Medium,0
Female,Less than 25,Hispanic,0,0,0,2.0,-1.0,M,Aggrav Child Abuse-Causes Harm,1,0,Possess Cannabis/20 Grams Or Less,2,Medium,1
Female,Greater than 45,Native American,0,0,0,0.0,-1.0,M,Assault,1,1,Battery,0,Low,0
Male,Greater than 45,African-American,0,0,0,0.0,0.0,F,Felony Driving While Lic Suspd,0,0,,0,Low,0
Male,Less than 25,Other,0,0,0,0.0,-1.0,F,Aggrav Battery w/Deadly Weapon,0,0,,0,Low,0
Male,25 - 45,Native American,0,0,0,2.0,-1.0,F,arrest case no charge,1,0,Resist/Obstruct W/O Violence,2,Low,1
Female,25 - 45,African-American,0,0,1,2.0,0.0,M,Battery,1,1,Burglary Dwelling Armed,2,Low,1
Male,Greater than 45,African-American,0,0,0,1.0,-1.0,F,Aggravated Battery / Pregnant,0,0,,1,Low,0
Female,Greater than 45,Caucasian,0,0,0,0.0,-1.0,F,Possession of Cannabis,1,0,Trespass Other Struct/Convey,0,Low,1
Female,Less than 25,African-American,0,0,0,0.0,-1.0,F,Possession of Cocaine,1,1,Deliver Cocaine,0,Medium,1
Female,25 - 45,Other,0,0,0,3.0,-1.0,F,arrest case no charge,0,0,,3,Low,0
Male,25 - 45,Caucasian,0,0,0,4.0,0.0,F,Aggrav Battery w/Deadly Weapon,0,0,,4,High,0
Male,25 - 45,African-American,0,0,0,0.0,0.0,M,Petit Theft $100- $300,0,0,,0,Low,0
Male,Greater than 45,Caucasian,0,0,0,9.0,-1.0,M,Driving License Suspended,1,1,Possess Cannabis/20 Grams Or Less,9,Medium,1
Female,Greater than 45,Native American,0,0,0,0.0,-1.0,F,Possession Of Methamphetamine,0,0,,0,Medium,0
Male,Greater than 45,African-American,0,0,0,8.0,0.0,M,Possession of Cannabis,1,0,Tampering With Physical Evidence,8,Medium,1
Female,Less than 25,African-American,0,0,0,5.0,0.0,M,Driving License Suspended,0,0,,5,Medium,0
Male,25 - 45,Hispanic,0,0,0,0.0,-1.0,F,Grand Theft (Motor Vehicle),0,0,,0,Low,1
Male,Greater than 45,Asian,0,0,0,1.0,0.0,M,Felony Battery w/Prior Convict,0,0,,1,Low,0
Female,Greater than 45,Caucasian,0,0,0,0.0,-1.0,M,Battery,0,0,,0,Low,0
Female,Greater than 45,Asian,0,0,0,7.0,0.0,F,Felony DUI (level 3),0,0,,7,High,0
Male,Greater than 45,Native American,0,0,0,2.0,-1.0,F,Grand Theft Dwell Property,0,0,,2,Low,0
Female,25 - 45,Asian,0,0,0,6.0,-1.0,F,Deliver Cocaine 1000FT Park,0,0,,6,Low,0
Male,Less than 25,Native American,0,0,0,0.0,-3.0,F,Neglect Child / No Bodily Harm,0,0,,0,Low,0
Male,25 - 45,Other,0,2,1,30.946099183850873,-1.0,M,Battery,1,0,Aggrav Child Abuse-Agg Battery,28,High,1
Female,25 - 45,Other,0,0,0,0.0,-1.0,F,"Poss3,4 Methylenedioxymethcath",0,0,,0,Low,1
Male,Less than 25,African-American,0,1,0,2.0,-5.88718723435062,F,arrest case no charge,1,0,Possess Cannabis 1000FTSch,2,Medium,1
Male,25 - 45,African-American,0,0,0,2.0,-7.0,M,arrest case no charge,0,0,,2,Low,0
Female,25 - 45,African-American,1,0,0,5.0,-1.0,F,arrest case no charge,1,1,Traffick Oxycodone    14g><28g,5,Medium,1
Female,Less than 25,Hispanic,0,0,0,0.0,-1.0,M,Aggravated Battery / Pregnant,0,0,,0,Low,0
Male,25 - 45,African-American,0,0,0,3.0,-1.0,M,Battery,0,0,,3,Low,0
Female,Less than 25,Caucasian,0,0,0,0.0,-1.0,F,Possession of Cocaine,0,0,,0,Low,0
Male,Greater than 45,Hispanic,0,0,0,1.0,-1.0,F,Possession of Cocaine,1,1,Battery,1,Low,1
Male,25 - 45,Native American,0,1,0,7.0,-1.0,F,Burglary Conveyance Unoccup,1,0,Resist Officer w/Violence,6,High,1
Male,Less than 25,African-American,0,0,0,12.0,0.0,F,Refuse Submit Blood/Breath Test,1,0,Unnatural/Lascivious Act,12,Medium,1
Male,Greater than 45,Other,0,0,0,0.0,-1.0,F,Viol Injunction Protect Dom Vi,1,0,,0,Low,1
Male,25 - 45,Asian,0,0,0,1.0,0.0,F,arrest case no charge,0,0,Burglary Unoccupied Dwelling,1,Low,1
Male,Greater than 45,Hispanic,0,0,0,1.0,-23.609456376471815,M,arrest case no charge,0,0,,1,Medium,0
Male,Less than 25,African-American,0,0,0,1.0,0.0,M,Driving Under The Influence,0,0,,1,Low,0
Female,25 - 45,Hispanic,0,0,0,1.0,-1.0,F,Possession of Cannabis,0,0,,1,Medium,0
Female,Less than 25,Hispanic,0,0,0,5.0,-18.0,M,Deliver Cocaine 1000FT Park,1,0,Child Abuse,5,Medium,1
Male,Greater than 45,Caucasian,0,0,0,11.0,-1.0,F,arrest case no charge,1,0,Intoxicating Beverages,11,Medium,1
Male,25 - 45,African-American,0,0,0,0.0,0.0,F,Poss Similitude of Drivers Lic,0,0,,0,Low,0
Female,Greater than 45,Asian,0,0,0,1.0,0.0,M,Possession of LSD,1,0,Child Abuse,1,Low,1
Male,Greater than 45,Caucasian,0,0,0,3.0,-3.0,F,Possession of Cocaine,1,0,Unlaw Use False Name/Identity,3,Low,1
Male,Less than 25,Native American,0,0,0,1.0,0.0,M,Susp Drivers Lic 1st Offense,0,0,,1,Low,0
Male,Greater than 45,Other,0,0,0,0.0,-6.0,F,arrest case no charge,0,0,,0,Low,0
Male,25 - 45,Caucasian,0,0,0,2.0,-12.0,F,Felony Driving While Lic Suspd,1,0,,2,Low,0
Female,25 - 45,Asian,0,0,0,2.0,-1.0,F,Possession Of Methamphetamine,0,0,,2,Medium,0
Male,25 - 45,African-American,0,0,0,1.0,-1.0,F,arrest case no charge,0,0,,1,Low,0
Female,Less than 25,African-American,0,0,0,0.0,-1.0,F,Possession Of Alprazolam,0,0,,0,Medium,0
Female,Greater than 45,African-American,0,0,0,2.0,-14.8795269192753,F,arrest case no charge,0,0,,2,Low,0
Female,Greater than 45,Hispanic,0,1,0,10.0,0.0,F,arrest case no charge,0,0,,10,High,0
Female,Less than 25,African-American,0,0,0,0.0,0.0,M,Misuse Of 911 Or E911 System,0,0,,0,Low,0
Female,Less than 25,Native American,0,0,0,3.0,-1.0,M,Battery,0,0,,3,Medium,0
Female,25 - 45,Caucasian,0,0,0,8.0,-26.0,F,Aggravated Battery / Pregnant,1,0,Poss Handcuff Key While IC,8,Low,1
Male,Less than 25,African-American,0,0,0,2.0,-1.0,M,arrest case no charge,0,0,,2,Low,0
Male,25 - 45,Caucasian,0,0,0,0.0,0.0,M,Battery,1,0,,0,Low,1
Female,25 - 45,Caucasian,0,0,0,0.0,-3.0,M,Petit Theft $100- $300,0,0,,0,Medium,0
Male,25 - 45,Native American,0,0,0,18.0,0.0,F,Grand Theft (Motor Vehicle),1,0,Possession of Cocaine,18,High,1
Male,Greater than 45,Other,0,0,0,2.0,-10.0,F,Misuse Of 911 Or E911 System,1,0,Possess Drug Paraphernalia,2,High,1
Male,25 - 45,Native American,0,0,0,1.0,-1.0,F,arrest case no charge,0,0,,1,Low,0
Male,25 - 45,African-American,0,0,0,2.0,0.0,M,Driving Under The Influence,1,1,Home Invasion Robbery,2,Low,1
Female,25 - 45,African-American,0,1,1,4.0,-1.0,F,Grand Theft of the 2nd Degree,1,0,Possession of Cannabis,4,Low,1
Male,25 - 45,Asian,0,0,0,1.0,0.0,F,Neglect Child / No Bodily Harm,1,1,Strong Armed  Robbery,1,Low,1
Male,Greater than 45,Caucasian,0,1,0,13.0,-1.0,F,Possession of Cocaine,1,0,Open Carrying Of Weapon,13,High,1
Male,25 - 45,African-American,0,0,0,0.0,-1.0,F,Driving License Suspended,1,0,Resist/Obstruct W/O Violence,0,Low,1
Male,Less than 25,Caucasian,0,0,0,0.0,-1.0,M,Battery,0,0,,0,Low,0
Male,25 - 45,African-American,0,1,0,3.0,-1.0,F,"Poss3,4 Methylenedioxymethcath",1,0,Driving License Suspended,3,High,1
Male,25 - 45,African-American,0,0,0,3.0,20.131802447256092,F,arrest case no charge,1,1,Sale/Del Cocaine Child Care Fac,3,Medium,1
Female,Greater than 45,Hispanic,0,0,0,0.0,0.0,M,Susp Drivers Lic 1st Offense,1,0,Use Lost Or Stolen Credit Card,0,Low,1
Female,25 - 45,African-American,0,0,0,2.0,-1.0,F,Neglect Child / No Bodily Harm,1,0,Tampering With Physical Evidence,2,Low,1
Male,25 - 45,Other,0,0,1,1.0,-1.0,M,Grand Theft Dwell Property,0,0,No Wholesale/ Retail Dealer Lic,1,Low,0
Male,Less than 25,African-American,0,0,0,0.0,0.0,M,Susp Drivers Lic 1st Offense,0,0,,0,Low,0
Female,25 - 45,African-American,0,0,0,0.0,0.0,F,Driving Under The Influence,0,0,,0,Low,0
Female,Less than 25,Caucasian,0,0,0,1.0,-1.0,F,Possession of Cocaine,1,0,Unnatural/Lascivious Act,1,High,1
Male,Greater than 45,Native American,0,0,0,1.0,-1.0,M,Battery,0,0,,1,Low,0
Male,Less than 25,Other,0,0,0,0.0,-1.0,F,Possession of Cocaine,0,0,,0,Low,0
Male,Greater than 45,Asian,0,0,0,1.0,0.0,F,arrest case no charge,1,0,Trespass/Property/Other Structure,1,High,1
Male,25 - 45,Asian,0,0,0,1.0,-1.0,F,Burglary Conveyance Unoccup,0,0,,1,Low,0
Male,Greater than 45,Caucasian,0,0,0,7.0,-1.0,F,arrest case no charge,1,1,Possess Cannabis/20 Grams Or Less,7,Medium,1
Male,25 - 45,Caucasian,0,0,0,0.0,-3.0,F,arrest case no charge,0,0,,0,Medium,0
Male,Less than 25,Caucasian,1,0,0,1.0,11.135137542429149,F,arrest case no charge,1,0,,1,Medium,1
Male,25 - 45,Hispanic,0,0,0,7.0,0.0,F,arrest case no charge,0,0,,7,Low,0
Male,25 - 45,African-American,0,0,0,8.0,-1.0,F,Aggrav Battery w/Deadly Weapon,0,0,,8,Medium,0
Male,Greater than 45,Other,0,0,1,3.0,-1.0,F,arrest case no charge,1,1,Trespass,3,Low,1
Male,25 - 45,Caucasian,0,0,0,0.0,0.0,M,Battery,0,0,,0,High,0
Female,25 - 45,Caucasian,0,0,0,1.0,0.0,F,Felony Driving While Lic Suspd,0,0,,1,Medium,0
Male,Less than 25,Caucasian,0,0,0,3.0,-1.0,M,Battery,1,0,Fail Register Vehicle,3,Low,1
Female,25 - 45,Asian,0,1,0,2.0,-1.0,F,Del of JWH-250 2-Methox 1-Pentyl,0,0,,2,Low,0
Male,25 - 45,African-American,0,0,0,0.0,-1.0,F,Possession of Cannabis,1,1,Resist/Obstruct W/O Violence,0,Low,1
Female,25 - 45,Asian,0,0,0,1.0,-1.0,F,Crimin Mischief Damage $1000+,0,0,,1,Low,0
Female,Less than 25,Other,1,1,0,9.0,-1.0,F,Possession of Cocaine,1,0,Resist/Obstruct W/O Violence,9,High,1
Female,25 - 45,Asian,0,0,0,0.0,0.0,F,Felony Battery w/Prior Convict,0,0,,0,Low,0
Male,Less than 25,Native American,0,0,0,2.0,-1.0,M,Battery,1,0,Fail Register Vehicle,2,Medium,1
Female,25 - 45,Hispanic,0,2,0,2.0,-1.0,M,Burglary With Assault/battery,1,1,Battery,1,Medium,1
Male,25 - 45,African-American,0,0,0,6.0,-1.0,M,Battery,0,0,,6,Low,0
Male,25 - 45,Hispanic,0,0,0,1.0,0.0,M,arrest case no charge,0,0,,1,High,0
Female,25 - 45,Hispanic,2,0,0,15.0,-1.0,F,Driving While License Revoked,1,0,Grand Theft of the 2nd Degree,15,High,1
Female,Less than 25,African-American,0,0,0,1.0,-1.0,F,Uttering a Forged Instrument,0,0,,1,High,0
Male,Greater than 45,Other,0,0,0,0.0,-3.0,F,Refuse Submit Blood/Breath Test,0,0,,0,Medium,0
Male,Less than 25,Caucasian,0,0,0,0.0,0.0,M,Possession of LSD,0,0,,0,Low,0
Female,Greater than 45,Caucasian,0,0,0,1.0,-1.0,M,Battery,0,0,,1,Medium,0
Male,Greater than 45,Caucasian,0,0,0,5.0,-2.0,F,Refuse Submit Blood/Breath Test,1,0,Burglary Unoccupied Dwelling,5,Medium,1
Male,Greater than 45,Other,0,0,0,1.0,-1.0,F,Armed Trafficking in Cannabis,1,1,Possess Cannabis/20 Grams Or Less,1,Low,1
Female,Greater than 45,Asian,0,0,0,21.000000000000004,-1.0,F,Purchase Cannabis,0,0,,20,Medium,0
Female,25 - 45,African-American,0,0,0,19.77709378196438,-1.0,F,Driving While License Revoked,0,0,,20,Medium,0
Female,Greater than 45,Asian,0,0,0,0.0,-1.0,F,arrest case no charge,0,0,,0,Low,0
Male,Greater than 45,Caucasian,0,0,0,0.0,0.0,M,Petit Theft $100- $300,0,0,,0,Medium,0
Male,25 - 45,Native American,0,0,0,0.0,-1.0,F,Posses/Disply Susp/Revk/Frd DL,0,0,,0,Low,0
Male,25 - 45,Native American,0,0,0,0.0,-1.0,F,Possession of Oxycodone,0,0,,0,Low,0
Male,Less than 25,African-American,0,0,0,10.0,0.0,F,Driving While License Revoked,0,0,,10,Low,0
Male,Less than 25,Hispanic,0,0,0,7.0,-1.0,F,arrest case no charge,1,0,,7,Medium,1
Male,25 - 45,African-American,0,0,0,1.0,-1.0,F,Possession of Cocaine,1,0,,1,Low,1
Male,25 - 45,Native American,0,0,0,4.0,0.0,F,Possession of Cocaine,1,1,Possess Cannabis/20 Grams Or Less,4,Low,1
Female,Greater than 45,Hispanic,0,0,0,0.0,0.0,M,Battery,0,0,,0,Low,0
Female,25 - 45,Other,0,0,0,0.0,0.0,F,Fraudulent Use of Credit Card,0,0,,0,Low,0
Female,Greater than 45,African-American,0,0,0,0.0,-2.0,M,Oper Motorcycle W/O Valid DL,0,0,,0,Medium,0
Female,Greater than 45,Native American,0,0,0,1.0,-30.0,F,arrest case no charge,0,0,,1,Low,0
Male,Greater than 45,Hispanic,0,0,0,0.0,-1.0,F,Possession of Cocaine,0,0,,0,Medium,0
Female,Greater than 45,Other,0,0,0,1.0,-1.0,F,Aggravated Assault,0,0,,1,Low,0
Female,25 - 45,Other,0,0,0,2.0,-1.0,M,Battery,0,0,,2,Low,0
Male,25 - 45,African-American,0,0,0,7.0,-23.0,F,Oper Motorcycle W/O Valid DL,0,0,,7,Low,0
Male,Greater than 45,Native American,0,0,0,0.0,-1.0,M,Battery,0,0,,0,Low,0
Female,25 - 45,Native American,0,0,0,10.0,-1.0,F,Burglary Conveyance Unoccup,0,0,,9,Medium,1
Female,25 - 45,Asian,0,2,1,10.0,-1.0,F,Uttering a Forged Instrument,1,0,Sexual Battery Victim 12 Yrs +,10,High,1
Male,Less than 25,Caucasian,0,0,0,0.0,-1.0,F,Aggrav Child Abuse-Causes Harm,0,0,,0,Low,0
Female,25 - 45,Hispanic,0,0,0,2.0,-1.0,F,Poss Contr Subst W/o Prescript,1,0,Possess Cannabis/20 Grams Or Less,2,High,0
Female,Greater than 45,Other,0,0,0,0.0,-4.0,F,Possession of Cocaine,0,0,,0,Medium,0
Female,Less than 25,Caucasian,0,0,0,1.0,0.0,M,Driving Under The Influence,1,0,,1,Low,0
Female,Greater than 45,Other,0,0,0,2.0,-1.0,F,arrest case no charge,0,0,,2,Low,0
Female,Less than 25,Asian,0,0,1,5.0,-1.0,F,Grand Theft (Motor Vehicle),1,0,Tampering With Physical Evidence,5,Medium,1
Female,25 - 45,Asian,0,0,0,20.0,0.0,F,Neglect Child / No Bodily Harm,1,0,Tampering With Physical Evidence,20,High,1
Male,25 - 45,African-American,0,0,0,0.0,-1.0,F,Poss Contr Subst W/o Prescript,0,0,,0,Medium,0
Male,Less than 25,African-American,0,0,1,0.0,-1.0,M,Battery,0,0,,0,Low,0
Male,Greater than 45,Caucasian,0,0,0,1.0,-2.0,F,Possession of Cocaine,0,0,Tampering With Physical Evidence,1,Medium,0
Female,25 - 45,Native American,0,0,0,3.0,-1.0,M,Battery,1,0,Possess Cannabis/20 Grams Or Less,3,Low,1
Male,25 - 45,Asian,0,0,0,1.0,-1.0,F,Poss Contr Subst W/o Prescript,0,0,,1,Low,0
Female,25 - 45,Caucasian,0,0,0,2.0,-1.0,F,Refuse Submit Blood/Breath Test,0,0,,2,Low,0
Male,Less than 25,Caucasian,0,0,0,0.0,-1.0,M,Battery,1,0,Resist Officer w/Violence,0,Low,1
Female,Greater than 45,African-American,0,0,0,1.0,-19.0,M,Grand Theft (Motor Vehicle),0,0,,1,Low,0
Male,Greater than 45,Hispanic,0,0,0,0.0,0.0,M,Aggrav Child Abuse-Causes Harm,0,0,,0,Low,0
Male,25 - 45,Hispanic,0,1,0,6.0,-1.0,F,arrest case no charge,1,0,Aggrav Child Abuse-Agg Battery,6,Low,1
Male,Greater than 45,African-American,0,0,0,1.0,-1.0,M,Battery,1,1,Battery,1,Low,1
Male,25 - 45,African-American,0,1,0,9.0,-1.0,F,Possession of Cocaine,1,0,Possession of Cocaine,9,High,1
Female,Greater than 45,African-American,0,0,0,2.0,-1.0,M,Armed Trafficking in Cannabis,0,0,,2,Medium,0
Female,25 - 45,Other,0,0,0,22.75404656265861,-1.0,F,Agg Assault W/int Com Fel Dome,1,0,Mandatory Susp Possess Alcohol,22,High,1
Male,25 - 45,Caucasian,0,0,0,1.0,-1.0,M,Sale/Del Cannabis At/Near Scho,1,0,Use Lost Or Stolen Credit Card,1,Low,1
Male,25 - 45,African-American,0,0,0,0.0,-1.0,F,Poss Unlaw Issue Driver Licenc,0,0,,0,Low,0
Male,Greater than 45,Native American,0,0,0,0.0,-1.0,F,Armed Trafficking in Cannabis,1,1,Open Carrying Of Weapon,0,Low,1
Male,Greater than 45,Caucasian,0,0,0,0.0,0.0,M,Possession of Oxycodone,1,0,,0,Low,0
Male,25 - 45,Asian,0,0,0,3.0,-1.0,M,Battery,0,0,,3,Low,0
Male,Less than 25,Hispanic,0,0,0,1.0,-1.0,F,Possession of Oxycodone,1,0,Possession of Cocaine,1,Low,1
Female,Greater than 45,Native American,0,0,0,4.0,-5.0,F,Possession of Cocaine,1,0,Susp Drivers Lic 1st Offense,4,Low,1
Male,25 - 45,Hispanic,0,0,0,0.0,-1.0,F,Burglary Conveyance Unoccup,1,0,Burglary Conveyance Unoccup,0,Medium,1
Female,25 - 45,Other,0,0,0,0.0,-1.0,F,Driving License Suspended,1,0,Possess Drug Paraphernalia,0,Low,1
Male,Less than 25,Hispanic,0,0,0,0.0,-1.0,F,Possession of Cocaine,0,0,,0,Low,0
Male,Less than 25,Other,0,0,0,0.0,0.0,M,Poss Similitude of Drivers Lic,0,0,,0,Low,0
Male,25 - 45,Hispanic,0,0,1,5.0,-1.0,F,Possession of Cocaine,1,1,Burglary Dwelling Armed,5,High,1
Male,Less than 25,Other,0,0,0,0.0,-1.0,F,Att Burgl Unoccupied Dwel,0,0,,0,Low,0
Male,Greater than 45,Native American,0,0,0,9.0,-1.0,M,Susp Drivers Lic 1st Offense,1,0,Susp Drivers Lic 1st Offense,9,Medium,1
Male,Less than 25,Caucasian,0,5,1,19.0,-1.0,M,Poss Tetrahydrocannabinols,0,0,,19,High,0
Female,Less than 25,African-American,0,0,0,0.0,-1.0,F,Aggravated Battery / Pregnant,0,0,,0,Low,0
Male,Greater than 45,Native American,0,0,0,8.0,28.89163225996871,F,arrest case no charge,1,0,Unlaw Use False Name/Identity,8,High,1
Female,Less than 25,African-American,0,0,0,0.0,-3.0,F,Possession of Cocaine,0,0,,0,Low,0
Female,Less than 25,African-American,0,0,0,5.0,0.0,M,Battery,0,0,,5,Medium,1
Female,25 - 45,Caucasian,0,0,0,2.0,-1.0,M,Burglary Conveyance Armed,1,0,Possess Cannabis 1000FTSch,2,Low,1
Male,Greater than 45,Caucasian,0,0,0,0.0,0.0,M,False Ownership Info/Pawn Item,0,0,,0,Low,0
Male,Less than 25,African-American,0,0,0,0.0,0.0,M,Battery,1,0,Resist/Obstruct W/O Violence,0,Low,1
Female,Less than 25,African-American,0,0,0,0.0,0.0,M,Battery,0,0,,0,Low,1
Male,25 - 45,Native American,0,0,0,9.0,-1.0,F,arrest case no charge,1,0,Leaving the Scene of Accident,9,High,1
Female,Less than 25,Hispanic,1,2,0,3.0,-1.0,M,Battery,0,0,,3,Low,0
Male,Less than 25,Other,0,0,0,1.0,-1.0,F,arrest case no charge,0,0,,1,Low,0
Male,25 - 45,Asian,0,0,0,2.0,-1.0,M,Battery,0,0,,2,Low,0
Female,25 - 45,Other,0,0,0,0.0,-1.0,F,Burglary Conveyance Unoccup,0,0,,0,Low,0
Male,Less than 25,Asian,0,1,0,16.0,-1.0,F,Dealing in Stolen Property,1,1,Felony Battery w/Prior Convict,16,High,1
Female,Less than 25,African-American,0,0,0,0.0,-1.0,M,Battery,1,0,,0,Low,0
Female,Less than 25,Caucasian,0,0,0,0.0,0.0,M,Fel Drive License Perm Revoke,0,0,,0,Low,0
Female,25 - 45,Caucasian,0,0,0,0.0,0.0,M,Battery,1,0,Operating W/O Valid License,0,Low,1
Male,Greater than 45,Caucasian,0,0,0,0.0,-1.0,F,Aggrav Battery w/Deadly Weapon,0,0,,0,Low,0
Male,25 - 45,Other,0,1,0,8.0,-1.0,M,Battery,1,0,Susp Drivers Lic 1st Offense,8,High,1
Male,25 - 45,Caucasian,0,0,0,1.0,-1.0,F,Reckless Driving,1,1,Disorderly Conduct,1,Medium,1
Male,25 - 45,Asian,0,2,0,3.0,-1.0,F,Agg Assault W/int Com Fel Dome,1,0,Possess Cannabis/20 Grams Or Less,3,Low,1
Male,Less than 25,Other,0,0,0,0.0,-5.0,F,Poss Similitude of Drivers Lic,0,0,,0,High,0
Male,25 - 45,Native American,0,0,0,1.0,-1.0,F,Deliver Cocaine 1000FT Park,0,0,,1,Low,0
Male,Greater than 45,African-American,0,0,0,0.0,-1.0,M,Battery,1,0,Traffick Oxycodone    14g><28g,0,Low,1
Female,Greater than 45,Asian,0,0,1,2.0,-1.0,F,Grand Theft of the 2nd Degree,1,0,Susp Drivers Lic 1st Offense,2,High,1
Male,Less than 25,Caucasian,0,0,0,2.0,-3.0,F,Possession of Cocaine,1,0,Resist/Obstruct W/O Violence,2,Medium,1
Male,Less than 25,African-American,0,0,0,0.0,0.0,M,Deliver Cocaine 1000FT Park,1,0,Unlaw Malic Strike K9/Horses,0,High,1
Male,Less than 25,Caucasian,0,0,0,1.0,-1.0,F,Felony Battery,1,0,Use Lost Or Stolen Credit Card,1,High,1
Male,25 - 45,Asian,0,0,0,0.0,-1.0,M,Battery,0,0,,0,Low,0
Male,25 - 45,Asian,0,0,0,0.0,0.0,M,Battery,0,0,,0,Low,0
Female,25 - 45,Caucasian,0,0,0,2.0,-1.0,M,Refuse Submit Blood/Breath Test,0,0,,2,Low,0
Male,Less than 25,Other,0,0,0,19.674250019723267,-1.0,F,Poss Contr Subst W/o Prescript,1,0,Introduce Contraband Into Jail,20,Low,1
Male,25 - 45,Other,0,0,0,0.0,-1.0,M,Battery,0,0,,0,Low,0
Male,Less than 25,Asian,0,0,0,0.0,-1.0,M,False Ownership Info/Pawn Item,0,0,,0,High,0
Male,Less than 25,Native American,0,0,0,0.0,-1.0,M,Poss Contr Subst W/o Prescript,0,0,,0,Low,0
Male,25 - 45,Hispanic,0,0,0,9.0,-1.0,F,Aggravated Battery / Pregnant,1,1,Retaliate Wit/Vict No Injury,9,High,1
Male,Greater than 45,Caucasian,0,0,0,4.0,0.0,F,arrest case no charge,1,0,Burglary Dwelling Armed,4,Low,1
Male,Less than 25,Hispanic,0,0,0,0.0,-1.0,M,Battery,0,0,,0,Low,0
Male,25 - 45,African-American,0,0,0,19.0,-1.0,F,arrest case no charge,1,0,Deliver Cocaine,19,High,1
Female,25 - 45,African-American,0,0,0,2.0,-4.0,F,Leave Acc/Attend Veh/More $50,0,0,,2,Low,0
Male,Greater than 45,Native American,0,0,0,0.0,-1.0,F,Driving License Suspended,0,0,,0,High,0
Female,Less than 25,African-American,0,0,0,3.0,-18.0,F,arrest case no charge,1,0,Fraud Use/Persnl ID Info/Deceased,3,High,1
Female,Greater than 45,Hispanic,0,0,0,0.0,-1.0,M,Petit Theft,1,0,Possess Drug Paraphernalia,0,Low,1
Male,25 - 45,Native American,0,0,0,3.0,-20.582704143368282,F,arrest case no charge,0,0,,3,Low,0
Male,Less than 25,African-American,0,0,0,0.0,-1.0,F,Aggrav Battery w/Deadly Weapon,0,0,,0,Low,0
Female,25 - 45,African-American,0,0,0,7.0,-1.0,F,Felony Battery w/Prior Convict,1,0,Possess Cannabis/20 Grams Or Less,7,Medium,1
Female,Less than 25,Caucasian,0,0,0,0.0,-6.0,F,Poss Unlaw Issue Driver Licenc,0,0,,0,Low,0
Male,25 - 45,Hispanic,0,0,0,0.0,0.0,M,Battery,0,0,,0,Low,0
Male,Greater than 45,Native American,0,0,0,4.0,-1.0,F,arrest case no charge,0,0,,4,Low,0
Male,25 - 45,Native American,0,0,0,0.0,-1.0,F,Aggravated Battery / Pregnant,0,0,,0,Low,0
Male,Greater than 45,Caucasian,0,0,0,9.0,-1.0,F,"Poss3,4 Methylenedioxymethcath",1,0,Viol Injunct Domestic Violence,9,Medium,1
Male,25 - 45,Asian,0,0,0,3.0,-1.0,F,Felony Driving While Lic Suspd,0,0,,3,Low,0
Male,25 - 45,Caucasian,0,0,0,3.0,-1.0,M,Refuse Submit Blood/Breath Test,0,0,,3,Low,0
Female,25 - 45,African-American,0,0,0,4.0,-1.0,M,Battery,0,0,Resist Officer w/Violence,4,Low,0
Female,Greater than 45,African-American,0,0,0,0.0,0.0,M,Battery,0,0,,0,Low,0
Male,Greater than 45,Native American,0,0,0,3.0,-4.0,M,Possession of Cocaine,0,0,,3,Low,0
Female,Less than 25,Hispanic,0,1,0,12.0,-1.0,F,arrest case no charge,1,1,Retaliate Wit/Vict No Injury,12,High,0
Male,Less than 25,Native American,0,0,0,1.0,-1.0,F,Possession of LSD,0,0,,1,Low,0
Male,Less than 25,Caucasian,0,0,1,2.0,-1.0,F,Poss Oxycodone W/Int/Sell/Del,1,0,Unlawful Assembly,2,High,1
Female,Less than 25,Caucasian,0,0,0,0.0,0.0,M,Battery,0,0,,0,Low,0
Female,Less than 25,Caucasian,0,0,2,2.0,-1.0,F,arrest case no charge,1,0,Possess Drug Paraphernalia,2,Medium,1
Male,25 - 45,Native American,0,0,0,0.0,-1.0,M,Driving License Suspended,0,0,,0,Low,0
Male,Less than 25,Asian,0,2,1,2.0,-1.0,F,Burglary Conveyance Unoccup,1,0,Introduce Contraband Into Jail,2,High,1
Female,25 - 45,Other,0,0,0,4.0,-13.0,F,arrest case no charge,0,0,,4,Low,0
Male,25 - 45,Caucasian,0,0,0,16.0,0.0,M,Grand Theft of the 2nd Degree,1,1,Possess Cannabis/20 Grams Or Less,16,High,1
Female,25 - 45,Other,0,0,0,5.0,-1.0,F,Possession of Cocaine,0,0,,5,Low,0
Female,Less than 25,Native American,0,0,0,0.0,0.0,F,Neglect Child / No Bodily Harm,0,0,,0,Low,0
Male,25 - 45,Caucasian,0,0,0,0.0,-1.0,M,Assault,1,1,Deliver Cocaine,0,Low,0
Female,25 - 45,Other,0,0,0,6.0,-1.0,F,Possession of Cocaine,1,0,Possession of Cocaine,6,Medium,0
Female,Less than 25,Other,0,0,0,0.0,0.0,M,Felony Battery w/Prior Convict,0,0,,0,Low,0
Male,25 - 45,Caucasian,0,0,0,3.0,-1.0,F,Uttering a Forged Instrument,0,0,,3,Medium,0
Male,Less than 25,Other,0,0,0,0.0,-1.0,F,Armed Trafficking in Cannabis,0,0,,0,Low,0
Female,Less than 25,Hispanic,0,0,0,0.0,-1.0,F,Possession of Cocaine,1,0,Operating W/O Valid License,0,Low,1
Male,Greater than 45,African-American,0,0,0,21.000000000000004,-6.0,M,Deliver Cocaine 1000FT Park,1,0,Operating W/O Valid License,20,Medium,1
Male,Less than 25,Caucasian,0,0,0,1.0,-10.175008805637923,M,,0,0,,1,Low,0
Male,Greater than 45,African-American,0,0,0,2.0,-1.0,F,,0,0,,2,Low,0
Female,Less than 25,Other,0,0,0,1.0,-5.0,M,Battery,0,0,,1,Low,0
Male,25 - 45,Native American,0,0,0,3.0,-1.0,F,Aggrav Battery w/Deadly Weapon,0,0,,3,Medium,0
Male,Less than 25,Hispanic,0,0,0,0.0,-1.0,M,Possession of Cannabis,0,0,,0,Low,0
Male,25 - 45,Caucasian,2,1,0,13.0,-1.0,F,arrest case no charge,1,0,,13,Medium,1
Female,Less than 25,Native American,0,0,0,4.0,0.0,F,arrest case no charge,0,0,,4,High,0
Male,Greater than 45,Asian,0,0,0,0.0,-1.0,F,Possession of Cannabis,0,0,,0,Low,0
Female,Greater than 45,Hispanic,0,0,0,9.0,0.0,M,Armed Trafficking in Cannabis,1,0,Unnatural/Lascivious Act,9,Medium,0
Female,Less than 25,Caucasian,0,0,0,0.0,-6.0,F,Grand Theft (Motor Vehicle),0,0,,0,Low,0
Female,25 - 45,Caucasian,0,0,0,7.0,-1.0,F,Possession of Cannabis,0,0,,7,Medium,0
Male,Greater than 45,Native American,0,0,0,2.0,-11.0,M,Driving Under The Influence,0,0,,2,Low,0
Female,Less than 25,Other,0,0,0,2.0,-1.0,F,Driving License Suspended,0,0,,2,Low,0
Female,Less than 25,African-American,0,0,0,0.0,-1.0,F,Aggrav Battery w/Deadly Weapon,1,0,Deliver Cocaine,0,Medium,0
Female,Greater than 45,African-American,0,0,0,1.0,-26.949506482797933,F,arrest case no charge,0,0,,1,Low,0
Male,25 - 45,Asian,1,0,0,1.0,-1.0,F,arrest case no charge,0,0,,1,Low,0
Male,25 - 45,Native American,0,0,0,1.0,-20.649825709647367,F,Viol Injunction Protect Dom Vi,0,0,,1,Medium,0
Male,Less than 25,African-American,0,0,0,1.0,-1.0,F,Agg Assault W/int Com Fel Dome,1,0,Burglary Unoccupied Dwelling,1,Low,1
Male,Greater than 45,Hispanic,0,0,0,1.0,-18.0,F,arrest case no charge,0,0,,1,Low,0
Female,Greater than 45,African-American,0,0,0,0.0,-1.0,M,Felony Battery w/Prior Convict,1,0,Operating W/O Valid License,0,Low,1
Female,25 - 45,Caucasian,0,0,0,6.0,-1.0,M,Petit Theft,1,0,Leaving the Scene of Accident,6,High,1
Male,25 - 45,Caucasian,0,0,0,0.0,-1.0,M,Carjacking w/o Deadly Weapon,0,0,,0,Low,0
Male,Less than 25,African-American,2,0,0,13.0,-1.0,F,Possession of Cocaine,0,0,,13,High,1
Male,Less than 25,Other,0,0,0,2.0,0.0,M,Attempted Robbery  Weapon,0,0,,2,Low,0
Female,25 - 45,Native American,0,0,0,0.0,-1.0,M,Battery,0,0,,0,Low,0
Male,25 - 45,Asian,0,0,0,1.0,-1.0,F,Aggravated Assault,1,0,Crim Use of Personal ID Info,1,Low,1
Male,25 - 45,Asian,0,0,0,9.0,-1.0,F,Possession of Cocaine,0,0,,9,High,0
Male,Less than 25,African-American,0,0,0,0.0,-5.316943754953364,M,Petit Theft,1,0,Possess Cannabis/20 Grams Or Less,0,Medium,1
Male,Less than 25,African-American,0,0,0,0.0,0.0,F,Misuse Of 911 Or E911 System,0,0,,0,Low,0
Female,Less than 25,Other,0,0,0,1.0,0.0,M,Battery,1,0,,1,Low,0
Male,25 - 45,Other,0,0,0,3.0,-1.0,F,arrest case no charge,0,0,,3,Low,0
Male,25 - 45,Asian,1,2,2,3.0,-1.0,F,Uttering Forged Bills,1,0,Possession of Cannabis,3,High,1
Female,Greater than 45,Caucasian,0,0,0,1.0,-1.0,M,Battery,0,0,,1,Low,0
Male,Less than 25,African-American,0,0,0,1.0,-1.0,M,Battery,0,0,,1,Low,0
Male,25 - 45,Hispanic,0,0,0,0.0,-1.0,M,Purchase Cannabis,0,0,,0,Low,0
Male,25 - 45,Native American,0,0,0,2.0,-1.0,F,Possession Of Alprazolam,0,0,,2,Low,0
Male,Less than 25,Asian,0,0,0,2.0,-1.0,F,Grand Theft Dwell Property,0,0,,2,Low,0
Male,Less than 25,Asian,0,0,0,0.0,-1.0,F,Fel Drive License Perm Revoke,0,0,,0,Low,0
Male,Less than 25,Hispanic,0,0,0,1.0,-5.2638972673808695,F,Aggrav Child Abuse-Causes Harm,0,0,,1,High,0
Male,25 - 45,Native American,0,0,0,1.0,-1.0,F,Refuse Submit Blood/Breath Test,1,0,Possess Cannabis/20 Grams Or Less,1,Low,1
Male,25 - 45,African-American,0,0,0,10.0,-6.0,M,Driving Under The Influence,1,0,Possession of Cocaine,10,Low,1
Male,25 - 45,Hispanic,0,0,0,0.0,-1.0,M,Grand Theft Dwell Property,0,0,,0,Low,0
Female,Less than 25,Native American,0,0,0,0.0,-5.575521082640833,M,Aggrav Battery w/Deadly Weapon,0,0,,0,Low,0
Male,Less than 25,Asian,0,2,0,10.0,-3.0,F,Uttering a Forged Instrument,0,0,,10,High,0
Male,Greater than 45,Hispanic,0,0,0,3.0,-1.0,M,Battery,0,0,,3,Low,0
Female,25 - 45,Native American,0,0,0,0.0,0.0,M,Battery,0,0,,0,Low,0
Male,25 - 45,African-American,1,1,0,10.0,-1.0,F,Poss/Sell/Del Cocaine 1000FT Sch,1,1,Felony Battery (Dom Strang),10,High,1
Female,Greater than 45,Caucasian,0,0,0,0.0,-2.0,F,Poss Cocaine/Intent To Del/Sel,0,0,,0,Low,0
Female,25 - 45,Other,0,0,0,1.0,-1.0,M,Deliver Cocaine 1000FT Park,0,0,,1,Medium,0
Female,25 - 45,Caucasian,0,0,0,10.0,-1.0,M,Driving License Suspended,1,1,Battery,10,Medium,1
Female,Greater than 45,Native American,0,0,0,0.0,0.0,M,Aggrav Child Abuse-Causes Harm,0,0,,0,Low,0
Male,Less than 25,Caucasian,0,1,8,2.0,-1.0,F,Possession of Cocaine,1,0,Possess Cannabis/20 Grams Or Less,2,High,1
Female,Greater than 45,Native American,0,0,0,0.0,0.0,F,Felony Battery w/Prior Convict,0,0,,0,Low,0
Male,Less than 25,African-American,0,0,0,12.0,-1.0,F,Driving While License Revoked,1,0,Resist/Obstruct W/O Violence,12,High,1
Female,Greater than 45,Caucasian,0,0,0,0.0,-1.0,M,Petit Theft,1,1,Retaliate Wit/Vict No Injury,0,High,1
Male,Greater than 45,Asian,0,0,0,0.0,0.0,F,Aggrav Battery w/Deadly Weapon,0,0,,0,Low,0
Female,25 - 45,Native American,0,0,0,12.0,-1.0,F,"Poss3,4 Methylenedioxymethcath",1,0,Burglary Dwelling Assault/Batt,12,High,1
Male,Less than 25,Other,0,0,0,0.0,0.0,F,arrest case no charge,1,0,Possession of Cocaine,0,Medium,1
Female,Less than 25,Other,0,0,0,0.0,-1.0,M,Battery,0,0,,0,Low,0
Male,Less than 25,Caucasian,0,0,0,0.0,-1.0,M,Battery,1,0,Operating W/O Valid License,0,Low,1
Female,Less than 25,Caucasian,0,0,0,0.0,-3.0,M,Poss Unlaw Issue Driver Licenc,0,0,,0,Low,0
Male,Greater than 45,African-American,0,0,0,1.0,0.0,F,Battery,0,0,,1,Low,0
Female,Less than 25,African-American,0,0,0,0.0,-1.0,F,Purchase Cannabis,1,1,Burglary Dwelling Assault/Batt,0,Medium,1
Male,25 - 45,Hispanic,0,0,0,0.0,-1.0,M,Battery,0,0,,0,Low,0
Female,25 - 45,Caucasian,0,0,0,0.0,-1.0,F,Neglect Child / No Bodily Harm,0,0,,0,Low,0
Male,Greater than 45,African-American,0,0,0,3.0,-1.0,F,Driving While License Revoked,1,0,Susp Drivers Lic 1st Offense,3,Medium,1
Male,Less than 25,Other,0,2,0,7.0,-1.0,M,Battery,0,0,,7,Medium,0
Male,Less than 25,African-American,0,0,0,6.0,0.0,F,Possession of Cocaine,1,1,Resist/Obstruct W/O Violence,6,Medium,1
Male,Less than 25,Asian,0,0,0,2.0,-1.0,F,Reckless Driving,0,0,,2,Medium,0
Male,25 - 45,African-American,1,0,0,10.0,-1.0,F,Tampering With Physical Evidence,1,0,Burglary Conveyance Unoccup,10,High,1
Male,25 - 45,African-American,2,1,0,9.0,-1.0,M,Possession of LSD,1,0,Resist/Obstruct W/O Violence,9,Medium,1
Female,Greater than 45,African-American,0,0,0,0.0,0.0,M,Battery,1,0,Resist Merchant W Or W/O Viol,0,Low,1
Male,25 - 45,Caucasian,0,0,0,2.0,-1.0,F,"Poss3,4 Methylenedioxymethcath",1,0,Resist/Obstruct W/O Violence,2,High,1
Male,Less than 25,Caucasian,0,0,0,1.0,-1.0,F,Grand Theft Dwell Property,1,0,Aggravated Battery / Pregnant,1,Medium,1
Male,25 - 45,Hispanic,0,0,0,0.0,-1.0,F,Possession of Cocaine,0,0,,0,Medium,0
Female,Less than 25,Native American,0,0,0,0.0,-1.0,M,Susp Drivers Lic 1st Offense,1,0,Leaving the Scene of Accident,0,Low,0
Male,Less than 25,Other,0,0,0,3.0,-1.0,M,Battery,1,0,Fail Obey Driv Lic Restrictions,3,Low,1
Male,25 - 45,African-American,0,0,0,0.0,-2.0,M,Driving Under The Influence,0,0,,0,Low,0
Male,Less than 25,Other,0,0,0,13.0,0.0,F,Grand Theft of the 2nd Degree,1,0,,13,Low,1
Male,Greater than 45,African-American,0,0,0,1.0,-1.0,F,Purchase Cannabis,0,0,,1,Low,0
Male,25 - 45,Caucasian,0,0,0,2.0,-1.0,M,Battery,1,1,Tampering With Physical Evidence,2,Low,1
Female,25 - 45,Caucasian,0,0,0,16.10381217944506,-1.0,F,Possession of Cocaine,1,0,Tampering With Physical Evidence,17,High,1
Female,Greater than 45,Caucasian,0,0,0,0.0,0.0,F,Grand Theft (Motor Vehicle),0,0,,0,Low,0
Male,Less than 25,African-American,0,0,0,0.0,0.0,F,Possession of Cocaine,1,1,Operating W/O Valid License,0,Low,1
Female,Less than 25,Native American,0,0,0,0.0,-1.0,F,Posses/Disply Susp/Revk/Frd DL,0,0,,0,Medium,0
Male,25 - 45,African-American,1,0,0,9.0,-1.0,F,Felony Driving While Lic Suspd,1,0,No Wholesale/ Retail Dealer Lic,8,Medium,1
Male,Greater than 45,Hispanic,0,0,0,3.0,-1.0,F,arrest case no charge,0,0,,3,High,0
Male,Less than 25,Other,0,0,0,6.0,-1.0,F,arrest case no charge,0,0,,6,Low,0
Male,Less than 25,African-American,0,0,0,2.0,-1.0,M,Refuse Submit Blood/Breath Test,0,0,,2,Low,0
Female,25 - 45,African-American,0,0,0,8.0,0.0,F,arrest case no charge,1,0,Unlaw Use False Name/Identity,8,High,1
Male,Greater than 45,African-American,0,0,0,1.0,-23.0,F,Felony Battery w/Prior Convict,1,0,Possess Cannabis/20 Grams Or Less,1,Low,1
Male,25 - 45,Native American,0,0,0,0.0,-1.0,M,Battery,1,0,,0,Low,0
Male,25 - 45,African-American,0,0,0,0.0,-1.0,F,Possession of Cannabis,1,1,Harass Witness/Victm/Informnt,0,Low,1
Male,25 - 45,Caucasian,0,0,0,0.0,-1.0,F,Grand Theft (Motor Vehicle),0,0,,0,Low,0
Female,25 - 45,Caucasian,3,0,1,14.24852939725403,-1.0,F,Sale/Del Counterfeit Cont Subs,1,0,,14,High,1
Female,25 - 45,Native American,0,0,0,1.0,-1.0,F,Refuse Submit Blood/Breath Test,1,0,Disobey Officer/Fireman,1,Low,1
Male,25 - 45,Asian,0,0,0,0.0,-1.0,M,Driving License Suspended,0,0,,0,Low,0
Male,25 - 45,Hispanic,0,0,0,0.0,-1.0,F,Misuse Of 911 Or E911 System,1,1,Fraud Use/Persnl ID Info/Deceased,0,High,1
Male,25 - 45,Caucasian,0,0,0,1.0,-1.0,F,Armed Trafficking in Cannabis,1,1,Mandatory Susp Possess Alcohol,1,Low,1
Male,Less than 25,Other,0,0,0,8.0,-1.0,F,Susp Drivers Lic 1st Offense,1,0,Possess Cannabis/20 Grams Or Less,8,Low,1
Female,25 - 45,African-American,0,0,0,2.0,-1.0,F,Poss Contr Subst W/o Prescript,0,0,Felony Battery w/Prior Convict,2,Medium,1
Male,25 - 45,Native American,0,0,0,11.0,-1.0,F,arrest case no charge,0,0,,11,Medium,0
Male,25 - 45,Caucasian,0,0,0,0.0,-1.0,M,Misuse Of 911 Or E911 System,0,0,,0,Low,0
Female,Greater than 45,Asian,0,0,0,8.0,0.0,F,Att Burgl Unoccupied Dwel,1,0,Prowling/Loitering,8,High,1
Male,Greater than 45,Hispanic,0,0,0,0.0,0.0,F,Burglary Conveyance Unoccup,0,0,,0,Medium,0
Male,25 - 45,Other,0,0,0,9.0,-12.0,M,arrest case no charge,1,1,Operating W/O Valid License,9,High,1
Female,25 - 45,African-American,0,1,0,18.0,0.0,F,Possession of Cocaine,1,0,,18,High,1
Female,25 - 45,Asian,0,0,0,5.0,0.0,F,Purchase Cannabis,1,0,,5,Medium,0
Male,25 - 45,Caucasian,0,0,0,1.0,-1.0,M,arrest case no charge,1,0,Tampering With Physical Evidence,1,Low,1
Female,Greater than 45,Native American,0,0,0,4.0,-1.0,F,Felony Driving While Lic Suspd,0,0,,4,Medium,0
Female,25 - 45,African-American,0,0,0,0.0,-1.0,F,Lewd/Lasc Exhib Presence <16yr,0,0,,0,Medium,0
Male,25 - 45,Hispanic,0,0,0,1.0,0.0,F,Possession of Cocaine,0,0,,1,Low,0
Female,25 - 45,Hispanic,0,0,0,0.0,-2.0,F,Possession of Cocaine,1,0,Shoot/Throw Into Vehicle,0,Low,1
Male,Less than 25,Hispanic,0,0,0,2.0,-1.0,M,arrest case no charge,1,1,False Ownership Info/Pawn Item,2,Low,1
Male,Less than 25,Other,0,0,0,1.0,-2.0,F,Oper Motorcycle W/O Valid DL,0,0,,1,Low,0
Male,25 - 45,Native American,0,0,0,0.0,-1.0,F,Felony Battery w/Prior Convict,0,0,Unnatural/Lascivious Act,0,Low,1
Male,Less than 25,Native American,0,0,0,4.0,-1.0,F,arrest case no charge,0,0,,4,Low,0
Male,25 - 45,Caucasian,0,0,0,1.0,-1.0,F,arrest case no charge,0,0,,1,Low,0
Male,Greater than 45,African-American,0,0,0,15.0,-1.0,M,Poss Oxycodone W/Int/Sell/Del,1,1,Burglary Dwelling Assault/Batt,14,High,1
Female,25 - 45,Caucasian,0,0,0,1.0,-1.0,M,Battery,1,0,,1,Low,0
Male,Greater than 45,Caucasian,0,0,0,5.0,-1.0,F,Possession of Cocaine,0,0,,5,Low,0
Male,25 - 45,Other,0,0,0,2.0,-1.0,M,Kidnapping / Domestic Violence,1,0,Grand Theft (Motor Vehicle),2,Low,1
Female,25 - 45,Other,0,0,0,3.0,-1.0,F,,1,0,Aggrav Child Abuse-Agg Battery,3,Medium,1
Male,25 - 45,Hispanic,0,0,0,0.0,-1.0,F,Driving While License Revoked,0,0,,0,Medium,0
Male,Greater than 45,Other,0,0,0,1.0,-4.0,F,Possession of Oxycodone,0,0,,1,Low,0
Female,Greater than 45,Native American,0,1,1,11.0,-1.0,F,Poss Contr Subst W/o Prescript,1,0,Attempted Burg/struct/unocc,11,Medium,1
Male,Less than 25,African-American,0,0,0,1.0,-1.0,F,arrest case no charge,1,0,,1,Low,1
Male,Less than 25,Hispanic,0,0,0,5.0,-1.0,F,Driving While License Revoked,0,0,,5,Low,0
Male,Less than 25,African-American,0,0,0,0.0,-1.0,M,arrest case no charge,0,0,,0,Low,0
Male,25 - 45,Asian,0,0,0,0.0,-1.0,M,Assault,0,0,,0,Low,0
Female,Greater than 45,Other,0,1,0,2.0,-1.0,F,arrest case no charge,1,0,Possess Cannabis/20 Grams Or Less,2,Medium,1
Male,Greater than 45,Native American,0,2,0,21.000000000000004,-1.0,F,arrest case no charge,1,0,,21,Medium,1
Male,Greater than 45,African-American,0,0,0,1.0,0.0,F,Driving While License Revoked,1,0,,1,Low,0
Female,Less than 25,Asian,0,0,0,0.0,-3.0,M,Battery,0,0,,0,Low,0
Male,25 - 45,Native American,0,0,0,0.0,-1.0,M,Driving Under The Influence,0,0,,0,Low,0
Male,Less than 25,Asian,0,0,0,8.0,-24.0,F,Uttering a Forged Instrument,0,0,,8,Low,0
Male,Less than 25,Caucasian,0,0,0,5.0,-11.0,F,,1,1,Possess Drug Paraphernalia,5,High,1
Male,Less than 25,Native American,0,0,0,0.0,0.0,F,Felony Battery,0,0,,0,Low,0
Male,Less than 25,Other,0,0,0,1.0,-1.0,M,Battery,0,0,,1,Low,0
Female,Greater than 45,Hispanic,0,0,0,2.0,-1.0,F,Possession of Cocaine,0,0,,2,Low,0
Male,Less than 25,Asian,0,0,0,2.0,-1.0,F,Driving While License Revoked,1,0,Deliver Cocaine,2,Low,1
Male,25 - 45,Other,0,0,0,8.0,-1.0,F,Possession of Cocaine,1,0,Tampering With Physical Evidence,8,Medium,1
Female,Less than 25,Caucasian,0,0,0,1.0,0.0,F,Possession of Cocaine,1,0,Possess Drug Paraphernalia,1,Low,1
Male,25 - 45,Other,0,0,0,10.0,0.0,F,Possession of Cannabis,0,0,,10,High,0
Male,25 - 45,African-American,0,0,0,0.0,0.0,M,Battery,0,0,,0,Low,1
Female,Greater than 45,Native American,0,0,0,8.0,-4.0,F,Grand Theft Dwell Property,0,0,Disobey Officer/Fireman,8,High,1
Male,25 - 45,Caucasian,0,0,0,11.0,-1.0,F,Driving While License Revoked,1,0,Susp Drivers Lic 1st Offense,11,Low,1
Female,Less than 25,African-American,0,0,0,16.64145063105219,-1.0,M,arrest case no charge,1,0,Possess Drug Paraphernalia,16,Medium,1
Female,Greater than 45,African-American,0,0,0,7.0,-1.0,F,Felony Battery w/Prior Convict,1,0,Unnatural/Lascivious Act,7,High,1
Male,25 - 45,Asian,0,1,0,12.0,-1.0,F,Driving While License Revoked,0,0,,12,High,0
Female,Less than 25,Hispanic,0,0,0,1.0,0.0,F,Possession of Cocaine,1,0,Disorderly Conduct,1,Low,1
Female,Less than 25,Other,0,0,0,3.0,0.0,M,Grand Theft (Motor Vehicle),0,0,,3,Low,0
Female,25 - 45,Hispanic,0,0,0,0.0,-1.0,F,Felony Battery,0,0,,0,Low,0
Male,Greater than 45,Caucasian,0,0,0,6.0,-1.0,F,arrest case no charge,1,0,Unlawful Assembly,6,Medium,1
Male,25 - 45,Other,0,0,0,0.0,-1.0,F,Possession Of Methamphetamine,0,0,,0,High,0
Female,Less than 25,Caucasian,0,0,0,0.0,0.0,F,Grand Theft (Motor Vehicle),1,0,Unlaw Use False Name/Identity,0,Medium,1
Male,25 - 45,Asian,0,0,0,2.0,0.0,F,Tresspass in Structure or Conveyance,0,0,,2,Low,0
Male,Greater than 45,Native American,0,0,0,0.0,0.0,M,Uttering a Forged Instrument,1,0,Tampering With Physical Evidence,0,Low,1
Male,25 - 45,Hispanic,0,0,0,0.0,0.0,F,arrest case no charge,0,0,,0,Low,0
Male,Less than 25,African-American,0,0,0,8.0,-1.0,F,Driving While License Revoked,1,0,Grand Theft (Motor Vehicle),8,Low,1
Female,Greater than 45,Hispanic,0,0,0,0.0,-2.0,M,Grand Theft (Motor Vehicle),0,0,,0,Low,0
Male,Greater than 45,African-American,0,0,0,0.0,-1.0,M,Battery,0,0,,0,Low,0
Female,25 - 45,African-American,0,0,0,0.0,-1.0,F,Possession of Cocaine,1,0,Possession of Cocaine,0,High,1
Male,25 - 45,Other,0,0,0,1.0,0.0,F,arrest case no charge,0,0,,1,Low,0
Male,Greater than 45,Caucasian,0,1,0,6.0,-17.0,F,arrest case no charge,0,0,,6,Low,0
Male,25 - 45,Asian,0,0,0,2.0,-1.0,F,arrest case no charge,0,0,,2,Medium,0
Male,25 - 45,African-American,0,0,0,0.0,-1.0,F,Carjacking w/o Deadly Weapon,1,0,Tampering With Physical Evidence,0,Low,1
Male,25 - 45,African-American,0,0,0,0.0,0.0,M,Reckless Driving,1,0,Susp Drivers Lic 1st Offense,0,Low,1
Female,Greater than 45,Asian,0,3,0,3.0,0.0,F,Possession of Benzylpiperazine,0,0,,3,High,0
Male,25 - 45,Asian,0,0,0,1.0,-1.0,M,Battery,1,0,Susp Drivers Lic 1st Offense,1,High,1
Female,25 - 45,Caucasian,0,0,0,1.0,-1.0,M,Driving Under The Influence,0,0,,1,Low,0
Male,25 - 45,Native American,2,0,1,8.0,-1.0,F,Possession of Cocaine,1,0,Possession of Cocaine,8,Medium,1
Male,25 - 45,Caucasian,0,0,0,1.0,0.0,F,Felony Battery w/Prior Convict,1,0,Aggravated Battery / Pregnant,1,Low,1
Male,Greater than 45,Native American,0,1,0,13.0,0.0,F,Felony Driving While Lic Suspd,1,1,Battery,13,High,1
Female,Less than 25,African-American,0,0,0,0.0,-1.0,M,Battery,0,0,,0,Low,0
Male,Greater than 45,African-American,0,0,0,1.0,-1.0,M,arrest case no charge,0,0,,1,Low,0
Female,25 - 45,African-American,0,1,0,6.0,0.0,F,Aggravated Battery / Pregnant,1,0,Possession of Cocaine,6,Medium,1
Female,Less than 25,Native American,0,0,0,0.0,-1.0,M,Battery,0,0,,0,Low,0
Male,Less than 25,Hispanic,0,0,0,1.0,-18.0,F,arrest case no charge,1,0,Possess Cannabis/20 Grams Or Less,1,Low,1
Female,Greater than 45,Caucasian,0,0,0,3.0,-1.0,F,Grand Theft of the 2nd Degree,1,0,Possess Cannabis/20 Grams Or Less,3,Medium,1
Male,Less than 25,Native American,0,0,0,3.0,-1.0,F,Driving License Suspended,1,0,Unlawful Assembly,3,High,1
Male,25 - 45,Asian,0,0,0,1.0,-1.0,M,Battery,0,0,,1,Low,0
Female,25 - 45,Asian,0,0,0,1.0,-1.0,M,Battery,0,0,,1,Low,0
Male,Greater than 45,African-American,0,0,0,4.0,-1.0,F,Driving While License Revoked,0,0,,4,Low,0
Male,Greater than 45,Caucasian,0,0,0,0.0,0.0,F,Neglect Child / No Bodily Harm,1,0,Fail Register Vehicle,0,Medium,1
Female,25 - 45,Asian,0,0,0,15.0,-1.0,M,Battery,0,0,,15,High,0
Male,Greater than 45,African-American,0,0,0,0.0,0.0,F,Aggrav Battery w/Deadly Weapon,0,0,,0,High,0
Male,Greater than 45,Hispanic,0,0,0,7.0,-1.0,F,Felony Battery,0,0,Grand Theft of the 2nd Degree,7,High,0
Male,25 - 45,Caucasian,0,0,0,0.0,0.0,F,"Poss3,4 Methylenedioxymethcath",0,0,,0,Medium,0
Male,25 - 45,African-American,0,0,0,6.0,0.0,M,arrest case no charge,1,0,Disorderly Conduct,6,Medium,1
Male,Less than 25,African-American,0,0,0,0.0,0.0,F,Driving While License Revoked,0,0,,0,High,0
Male,Less than 25,African-American,0,0,0,0.0,0.0,F,Neglect Child / No Bodily Harm,0,0,,0,High,0
Male,Greater than 45,Other,0,0,0,1.0,-1.0,F,Possession of Cocaine,1,0,Resist/Obstruct W/O Violence,1,High,1
Female,25 - 45,African-American,0,12,1,21.000000000000004,0.0,F,Possession of Benzylpiperazine,1,0,Att Burgl Unoccupied Dwel,21,High,1
Male,Less than 25,Native American,0,0,0,1.0,-1.0,M,Battery,0,0,,1,Medium,0
Male,25 - 45,Native American,0,0,0,13.0,0.0,F,Possession of LSD,1,0,Traffick Oxycodone    14g><28g,13,Medium,1
Male,25 - 45,Caucasian,0,0,0,0.0,-7.0,F,Possession of Cocaine,0,0,,0,Medium,0
Male,Less than 25,African-American,0,0,0,0.0,-1.0,F,Aggrav Child Abuse-Causes Harm,1,1,Child Abuse,0,High,1
Male,25 - 45,Caucasian,0,0,0,7.0,-1.0,F,Poss Similitude of Drivers Lic,1,1,Battery,7,High,1
Male,25 - 45,African-American,0,0,0,8.0,-1.0,F,Deliver Cocaine 1000FT Park,1,0,Possession of Cocaine,9,Low,1
Female,Less than 25,African-American,0,1,0,5.0,-1.0,F,Posses/Disply Susp/Revk/Frd DL,0,0,,5,Medium,0
Male,Greater than 45,African-American,0,5,4,17.022590309738316,-1.0,F,arrest case no charge,1,0,Driving While License Revoked,17,High,1
Female,Less than 25,African-American,0,0,0,0.0,0.0,F,Possession of Cocaine,1,1,Battery,0,Low,1
Male,Less than 25,Hispanic,0,0,0,12.0,-1.0,M,Sale/Del Cannabis At/Near Scho,1,0,Tampering With Physical Evidence,12,Medium,1
Female,25 - 45,Caucasian,0,0,0,1.0,0.0,M,Battery,0,0,,1,Low,0
Male,25 - 45,Caucasian,0,0,0,7.0,-1.0,F,Poss Cocaine/Intent To Del/Sel,1,0,No Wholesale/ Retail Dealer Lic,7,High,1
Female,25 - 45,Asian,0,0,0,1.0,-1.0,F,Refuse Submit Blood/Breath Test,1,0,Disorderly Conduct,1,Medium,1
Male,Less than 25,Native American,0,0,0,0.0,0.0,M,Refuse Submit Blood/Breath Test,0,0,,0,Low,0
Male,25 - 45,African-American,0,0,0,0.0,-3.0,F,Petit Theft $100- $300,0,0,,0,Low,0
Male,Less than 25,African-American,0,0,0,0.0,-1.0,F,Leave Acc/Attend Veh/More $50,0,0,,0,Medium,0
Female,Greater than 45,Caucasian,0,0,0,0.0,-1.0,M,arrest case no charge,0,0,Operating W/O Valid License,0,High,1
Female,Less than 25,Caucasian,1,0,0,16.0,-1.0,F,Possession of Cocaine,0,0,,15,Medium,0
Male,Greater than 45,Hispanic,0,0,0,0.0,-1.0,M,Battery,0,0,,0,Low,0
Female,25 - 45,Caucasian,0,0,0,0.0,-1.0,F,,1,0,Possess Cannabis/20 Grams Or Less,0,Low,1
Female,25 - 45,Caucasian,0,0,0,0.0,-1.0,F,Possession of Cocaine,1,0,Possess Drug Paraphernalia,0,Low,1
Male,25 - 45,Caucasian,0,0,0,7.0,0.0,F,arrest case no charge,0,0,,7,High,1
Male,Greater than 45,Asian,0,0,0,0.0,0.0,M,Driving Under The Influence,0,0,,0,Low,0
Male,Less than 25,Asian,0,0,0,1.0,-1.0,F,Poss Alprazolam W/int Sell/Del,0,0,,1,Medium,0
Male,25 - 45,Other,0,0,0,0.0,-1.0,F,Poss Oxycodone W/Int/Sell/Del,0,0,,0,High,0
Male,Greater than 45,African-American,0,0,0,2.0,-1.0,M,False Motor Veh Insurance Card,0,0,,2,Low,0
Female,Less than 25,Native American,0,0,0,0.0,0.0,F,Att Burgl Unoccupied Dwel,1,0,Grand Theft (Motor Vehicle),0,Low,1
Female,25 - 45,Caucasian,0,0,0,1.0,-1.0,F,Possession of Cocaine,0,0,,1,Low,0
Male,Greater than 45,Native American,0,0,0,0.0,0.0,M,Deliver Cocaine 1000FT Park,0,0,,0,Low,0
Female,25 - 45,Hispanic,0,0,0,0.0,-1.0,F,Aggravated Battery / Pregnant,0,0,,0,Low,0
Male,Greater than 45,Caucasian,0,0,0,13.0,-1.0,F,Felony Driving While Lic Suspd,0,0,,13,Medium,0
Male,25 - 45,Other,0,0,0,0.0,-1.0,M,Battery,0,0,,0,Low,0
Male,Greater than 45,Asian,0,0,0,1.0,-1.0,F,False Ownership Info/Pawn Item,1,0,Possess Cannabis/20 Grams Or Less,1,Low,1
Male,Less than 25,Hispanic,0,0,0,2.0,-1.0,M,Battery,0,0,,2,Low,0
Male,25 - 45,Hispanic,0,0,0,9.0,-1.0,F,Felony Battery,0,0,Operating W/O Valid License,9,High,1
Male,Less than 25,African-American,0,0,2,4.0,-10.0,M,Poss Cocaine/Intent To Del/Sel,0,0,,4,High,0
Male,25 - 45,African-American,0,0,0,0.0,-1.0,F,Poss Contr Subst W/o Prescript,0,0,,0,Low,0
Female,Less than 25,Caucasian,0,0,0,0.0,-1.0,F,Felony Driving While Lic Suspd,0,0,,0,Low,0
Male,25 - 45,Caucasian,0,0,0,4.0,-1.0,F,Uttering a Forged Instrument,0,0,,4,Medium,0
Male,25 - 45,Caucasian,0,0,0,1.0,-4.0,M,Driving Under The Influence,0,0,,1,Low,0
Male,Greater than 45,African-American,0,0,0,2.0,-1.0,M,Possession Of Methamphetamine,1,0,Attempted Burg/struct/unocc,2,Low,1
Male,Greater than 45,Asian,0,0,0,28.65830681167964,-1.0,F,Poss Contr Subst W/o Prescript,1,0,Possession of Cocaine,28,High,1
Male,Less than 25,Caucasian,0,0,0,3.0,-1.0,F,,0,0,,3,Low,0
Male,Less than 25,Other,0,0,0,6.0,-1.0,M,Battery,1,1,Shoot/Throw Into Vehicle,6,Medium,1
Male,25 - 45,Caucasian,0,0,0,0.0,0.0,M,Battery,0,0,,0,Medium,0
Male,Less than 25,Hispanic,0,0,0,0.0,0.0,F,"Poss3,4 Methylenedioxymethcath",1,0,Poss Handcuff Key While IC,0,Low,1
Female,Less than 25,Hispanic,0,0,0,0.0,-3.0,M,Battery,0,0,,0,Low,0
Female,Less than 25,African-American,0,0,0,1.0,-1.0,F,arrest case no charge,0,0,,1,Medium,0
Female,Greater than 45,Caucasian,0,0,1,3.0,-4.0,M,Petit Theft $100- $300,1,0,Possession of XLR11,3,Low,1
Female,Less than 25,African-American,0,0,0,3.0,0.0,F,Felony Battery,1,1,Strong Armed  Robbery,3,High,1
Male,25 - 45,African-American,0,0,0,0.0,-1.0,F,Uttering a Forged Instrument,0,0,,0,Medium,0
Male,25 - 45,African-American,0,0,0,4.0,-1.0,M,Battery,0,0,,4,Low,0
Male,Greater than 45,Caucasian,0,0,0,9.0,-28.0,F,Felony Battery w/Prior Convict,0,0,,9,High,0
Female,Less than 25,African-American,0,0,0,4.0,-1.0,M,Battery,1,0,Possess Drug Paraphernalia,4,Low,1
Male,Greater than 45,Caucasian,0,0,0,8.0,0.0,F,arrest case no charge,1,0,Operating W/O Valid License,8,High,1
Female,Greater than 45,Caucasian,0,0,0,0.0,-1.0,F,Aggravated Battery / Pregnant,0,0,,0,Low,0
Female,25 - 45,Hispanic,0,0,0,0.0,-1.0,F,Grand Theft (Motor Vehicle),0,0,,0,Low,0
Male,Less than 25,Other,0,0,0,2.0,-1.0,F,arrest case no charge,0,0,,2,Low,0
Male,25 - 45,African-American,0,0,0,5.0,-1.0,F,Grand Theft (Motor Vehicle),1,1,Resist Officer w/Violence,5,Low,1
Female,Less than 25,Asian,0,0,0,3.0,0.0,M,Battery,1,0,Home Invasion Robbery,3,Medium,1
Male,Less than 25,Other,0,0,1,0.0,-1.0,F,Driving While License Revoked,0,0,,0,Low,0
Male,25 - 45,Other,0,0,0,0.0,0.0,M,Neglect Child / No Bodily Harm,0,0,,0,Low,0
Male,25 - 45,Caucasian,0,0,0,1.0,0.0,M,Battery,0,0,,1,Medium,0
Male,25 - 45,Caucasian,0,0,0,0.0,-1.0,F,Cruelty to Animals,0,0,Introduce Contraband Into Jail,0,Low,1
Male,Greater than 45,Hispanic,0,0,0,0.0,0.0,M,Battery,0,0,,0,Low,0
Female,Less than 25,Native American,0,0,0,0.0,-1.0,F,Petit Theft,1,0,Burglary Conveyance Unoccup,0,Medium,1
Female,25 - 45,African-American,0,0,0,6.0,-1.0,F,Poss Similitude of Drivers Lic,1,0,Unnatural/Lascivious Act,6,Medium,1
Male,Less than 25,African-American,0,0,0,0.0,-1.0,F,Grand Theft (Motor Vehicle),0,0,,0,Low,0
Male,Less than 25,African-American,1,0,1,20.362778657407624,-1.0,M,arrest case no charge,1,0,Trespass,20,Medium,0
Male,Less than 25,Caucasian,0,0,0,0.0,-1.0,M,Battery,0,0,,0,Low,0
Female,25 - 45,Hispanic,0,0,0,0.0,-1.0,M,Battery,1,0,,0,Low,0
Female,Greater than 45,African-American,0,0,0,0.0,-1.0,M,Battery,0,0,,0,Low,0
Female,Less than 25,African-American,0,0,0,0.0,-1.0,F,Kidnapping / Domestic Violence,0,0,,0,Low,0
Female,Less than 25,African-American,0,0,1,15.0,-4.0,F,Traff In Cocaine <400g>150 Kil,1,0,No Wholesale/ Retail Dealer Lic,15,High,1
Male,25 - 45,Asian,0,0,1,5.0,-1.0,M,arrest case no charge,0,0,,5,Medium,0
Female,25 - 45,Other,0,0,0,4.0,0.0,F,Aggravated Assault,1,0,Possess Cannabis/20 Grams Or Less,4,Low,1
Male,25 - 45,Asian,0,0,0,0.0,17.715413289311293,F,Petit Theft,1,1,Home Invasion Robbery,0,Low,1
Female,Greater than 45,African-American,0,0,0,1.0,-1.0,F,arrest case no charge,0,0,,1,Low,0
Male,Greater than 45,African-American,1,0,0,9.0,-1.0,F,arrest case no charge,0,0,,9,High,0
Male,Less than 25,Hispanic,0,0,0,0.0,-1.0,F,Felony Battery,1,0,Use Lost Or Stolen Credit Card,0,Low,1
Male,Greater than 45,Hispanic,0,0,0,1.0,-27.0,M,arrest case no charge,1,0,Trespass/Property/Other Structure,1,Low,1
Female,Greater than 45,Other,0,0,0,2.0,-11.0,F,arrest case no charge,0,0,,2,Low,0
Male,Greater than 45,Asian,0,0,0,6.0,-1.0,F,arrest case no charge,0,0,,6,Medium,0
Male,Less than 25,Native American,0,0,0,5.0,0.0,F,Driving While License Revoked,0,0,Attempted Burg/struct/unocc,5,Medium,1
Male,25 - 45,Native American,0,0,0,5.0,-1.0,F,Armed Trafficking in Cannabis,1,0,Susp Drivers Lic 1st Offense,5,Low,1
Male,25 - 45,Caucasian,0,0,0,2.0,-1.0,F,Possession Of Alprazolam,1,0,Fail Register Vehicle,2,Medium,1
Female,Less than 25,Asian,0,0,0,0.0,0.0,F,False Motor Veh Insurance Card,0,0,,0,Low,0
Female,Greater than 45,Asian,0,0,0,2.0,0.0,M,Aggravated Assault,0,0,,2,Medium,0
Male,25 - 45,African-American,0,0,0,1.0,-1.0,M,Battery,1,0,Possess Cannabis/20 Grams Or Less,1,Low,1
Male,Greater than 45,Caucasian,0,0,0,0.0,-1.0,F,Uttering a Forged Instrument,1,0,Resist/Obstruct W/O Violence,0,Medium,1
Male,Less than 25,African-American,0,0,0,3.0,-1.0,F,Neglect Child / No Bodily Harm,1,0,Battery on a Person Over 65,3,Medium,1
Male,25 - 45,Caucasian,0,0,0,3.0,-1.0,F,"Poss3,4 Methylenedioxymethcath",0,0,,3,Low,0
Male,Less than 25,Other,0,2,0,3.0,0.0,F,arrest case no charge,1,1,Reckless Driving,3,Medium,1
Male,Greater than 45,Native American,0,0,0,1.0,-7.0,F,Fel Drive License Perm Revoke,1,0,Fail Register Vehicle,1,Low,0
Male,25 - 45,Hispanic,0,0,0,1.0,-1.0,M,Battery,0,0,,1,Low,0
Male,25 - 45,Caucasian,0,0,0,0.0,-1.0,F,Poss Of Controlled Substance,0,0,,0,Low,0
Female,Greater than 45,Native American,0,0,0,1.0,-1.0,M,Battery,1,1,Battery,1,Low,1
Female,25 - 45,African-American,0,0,0,1.0,-1.0,M,Battery,1,1,False Ownership Info/Pawn Item,1,Medium,0
Male,Less than 25,Other,0,1,0,4.0,-1.0,F,Poss Similitude of Drivers Lic,1,0,Resist/Obstruct W/O Violence,4,High,1
Female,Less than 25,African-American,0,0,0,0.0,0.0,F,Grand Theft (Motor Vehicle),1,0,Susp Drivers Lic 1st Offense,0,Low,1
Male,25 - 45,Asian,0,0,0,1.0,-1.0,F,arrest case no charge,0,0,,1,Medium,0
Female,Greater than 45,African-American,0,0,0,4.0,-1.0,F,Crimin Mischief Damage $1000+,0,0,,4,Medium,0
Female,Less than 25,Caucasian,0,0,0,0.0,-1.0,F,Grand Theft (Motor Vehicle),0,0,,0,Low,0
Female,25 - 45,African-American,0,0,0,5.0,-1.0,F,Possession of Cocaine,0,0,,5,Low,0
Male,Less than 25,African-American,0,0,0,1.0,-1.0,F,arrest case no charge,0,0,Child Abuse,1,Low,0
Female,Less than 25,Native American,0,0,0,2.0,-1.0,F,Felony Driving While Lic Suspd,1,1,Possess Drug Paraphernalia,2,Medium,1
Female,Greater than 45,Native American,0,0,0,6.0,0.0,F,Possession Of Alprazolam,0,0,,6,Low,0
Male,Greater than 45,Native American,0,0,0,1.0,-13.498837245305545,F,Aggravated Assault,0,0,,1,Low,0
Female,25 - 45,Caucasian,0,0,0,1.0,-22.0,M,Susp Drivers Lic 1st Offense,0,0,,1,Low,0
Male,Greater than 45,African-American,0,0,0,5.0,0.0,F,Agg Assault W/int Com Fel Dome,1,0,Possess Cannabis/20 Grams Or Less,5,Medium,1
Male,25 - 45,Native American,0,0,0,0.0,0.0,F,Reckless Driving,0,0,,0,Low,0
Male,Less than 25,African-American,0,0,0,1.0,-22.0,F,Possession of Cocaine,0,0,,1,Low,0
Male,25 - 45,Caucasian,1,2,2,6.0,-1.0,F,Poss/Sell/Del Cocaine 1000FT Sch,1,1,DUI - Enhanced,6,Medium,0
Female,Greater than 45,Hispanic,0,0,0,2.0,-9.860267300435023,F,Armed Trafficking in Cannabis,0,0,,2,Low,0
Male,25 - 45,African-American,0,0,0,0.0,-1.0,M,Battery,0,0,,0,Low,0
Male,25 - 45,Native American,0,0,0,19.0,0.0,F,Possession of Cocaine,1,0,Possession of Cocaine,19,High,1
Female,Less than 25,Other,0,0,0,1.0,0.0,M,Driving Under The Influence,0,0,,1,Low,0
Female,Greater than 45,Hispanic,1,0,0,1.0,-1.0,F,Possession of Hydrocodone,1,1,Possess Cannabis/20 Grams Or Less,1,High,1
Male,Greater than 45,Other,0,0,0,2.0,-1.0,F,False Motor Veh Insurance Card,1,0,Burglary Conveyance Unoccup,2,Medium,1
Female,Less than 25,Caucasian,0,0,2,2.0,-1.0,F,Possession of Cannabis,0,0,,2,Medium,0
Female,25 - 45,Native American,0,0,0,0.0,-1.0,F,Misuse Of 911 Or E911 System,0,0,,0,Low,0
Female,Greater than 45,Caucasian,0,0,0,0.0,-1.0,M,Assault,0,0,,0,Low,0
Male,25 - 45,Other,0,0,0,0.0,-1.0,F,Poss Contr Subst W/o Prescript,1,0,Possess Cannabis/20 Grams Or Less,0,Low,1
Male,Greater than 45,Native American,0,0,0,6.0,0.0,M,Battery,1,0,Possess Cannabis/20 Grams Or Less,6,Low,1
Female,Less than 25,Native American,0,0,0,3.0,0.0,F,Susp Drivers Lic 1st Offense,0,0,,3,Low,0
Female,25 - 45,African-American,0,0,0,1.0,-1.0,F,arrest case no charge,1,0,Use Lost Or Stolen Credit Card,1,Medium,1
Male,Less than 25,African-American,0,0,0,0.0,-1.0,F,Felony Battery,0,0,,0,Low,1
Female,Less than 25,African-American,0,0,0,1.0,-1.0,M,Battery,0,0,,1,Low,0
Female,Less than 25,African-American,0,0,0,2.0,-1.0,F,False Motor Veh Insurance Card,1,0,Susp Drivers Lic 1st Offense,2,Low,1
Female,25 - 45,Asian,0,0,0,4.0,-1.0,F,Leave Acc/Attend Veh/More $50,1,0,Resist/Obstruct W/O Violence,4,Medium,1
Male,Less than 25,Native American,0,1,0,9.0,-17.0,F,arrest case no charge,0,0,,9,Medium,0
Male,Less than 25,Caucasian,0,0,0,24.448077220407473,-1.0,F,Refuse Submit Blood/Breath Test,0,0,,24,Medium,0
Male,25 - 45,Native American,0,0,0,0.0,0.0,F,Possession Of Alprazolam,0,0,,0,Medium,0
Male,25 - 45,Asian,0,0,0,3.0,-1.0,F,Felony Driving While Lic Suspd,0,0,,3,Low,0
Male,25 - 45,Caucasian,0,0,0,9.0,-1.0,M,Possession of Cocaine,1,0,Trespass Other Struct/Convey,9,Medium,1
Male,Less than 25,African-American,0,0,0,0.0,-1.0,F,"Poss3,4 Methylenedioxymethcath",1,0,Open Carrying Of Weapon,0,Medium,1
Male,25 - 45,African-American,0,0,0,6.0,-1.0,F,Possession of Cocaine,0,0,,6,Low,0
Male,Greater than 45,African-American,0,0,0,6.0,-1.0,F,Fraudulent Use of Credit Card,1,1,Burglary Dwelling Armed,6,Medium,1
Female,25 - 45,Hispanic,0,0,0,10.0,-5.0,M,arrest case no charge,1,0,Tampering With Physical Evidence,10,Medium,1
Male,Less than 25,Caucasian,0,0,0,3.0,0.0,F,Poss Oxycodone W/Int/Sell/Del,1,0,Possess Cannabis 1000FTSch,3,Medium,1
Male,Less than 25,Native American,0,0,0,9.0,-1.0,F,Poss Unlaw Issue Driver Licenc,1,0,No Wholesale/ Retail Dealer Lic,9,High,0
Male,Less than 25,Caucasian,0,0,3,0.0,-1.0,M,Attempted Robbery  Weapon,0,0,,0,Medium,0
Female,Greater than 45,Hispanic,0,0,0,0.0,-1.0,F,Poss Similitude of Drivers Lic,1,0,Battery on a Person Over 65,0,Medium,1
Male,Less than 25,African-American,0,0,0,2.0,-1.0,M,Battery,1,0,Battery on a Person Over 65,2,Low,1
Male,25 - 45,African-American,0,0,0,0.0,0.0,F,Uttering a Forged Instrument,1,0,,0,Medium,1
Male,25 - 45,African-American,0,0,0,8.0,-1.0,F,Poss Oxycodone W/Int/Sell/Del,1,0,Trespass,8,High,1
Male,25 - 45,African-American,0,0,0,0.0,0.0,F,Poss Unlaw Issue Driver Licenc,0,0,,0,Low,0
Male,25 - 45,Asian,0,0,0,0.0,0.0,M,Battery,0,0,,0,Low,0
Male,Greater than 45,Native American,0,0,0,0.0,-1.0,F,Fel Drive License Perm Revoke,0,0,,0,Low,0
Male,25 - 45,Asian,0,0,0,0.0,-1.0,F,Possession Of Methamphetamine,0,0,,0,High,0
Female,Greater than 45,Asian,0,0,0,0.0,-1.0,M,Petit Theft $100- $300,0,0,,0,Low,0
Male,25 - 45,Other,1,1,0,9.0,-1.0,F,"Poss3,4 Methylenedioxymethcath",0,0,,9,High,0
Male,25 - 45,Caucasian,0,0,0,4.0,-1.0,M,Battery,0,0,,4,Low,0
Male,25 - 45,Caucasian,0,0,0,0.0,0.0,F,Poss Cocaine/Intent To Del/Sel,0,0,,0,Low,0
Female,Less than 25,Native American,0,0,0,0.0,-1.0,M,Battery,0,0,,0,Low,0
Female,Greater than 45,African-American,0,0,0,0.0,0.0,F,Felony Driving While Lic Suspd,1,0,Possession of Cocaine,0,Medium,1
Male,Greater than 45,African-American,0,0,0,0.0,-5.0,M,Battery,1,0,Possession of Cocaine,0,Low,1
Female,Less than 25,Caucasian,0,0,0,1.0,-1.0,M,arrest case no charge,0,0,,1,Medium,0
Male,Greater than 45,African-American,0,0,0,0.0,-1.0,M,Neglect Child / No Bodily Harm,1,0,Aggravated Battery / Pregnant,0,Low,1
Male,25 - 45,Hispanic,0,0,0,10.0,0.0,F,Driving While License Revoked,1,0,Grand Theft (Motor Vehicle),10,Medium,1
Male,25 - 45,Caucasian,0,0,0,2.0,-1.0,F,arrest case no charge,1,0,Harass Witness/Victm/Informnt,2,Medium,1
Female,Less than 25,Hispanic,0,0,0,0.0,-1.0,M,Battery,0,0,,0,Low,0
Female,25 - 45,Caucasian,0,0,0,0.0,-1.0,F,Poss Cocaine/Intent To Del/Sel,1,0,Viol Injunct Domestic Violence,0,Low,1
Female,Greater than 45,Caucasian,0,0,0,1.0,-5.0,F,arrest case no charge,0,0,,1,Low,0
Male,Less than 25,Asian,0,0,0,1.0,-1.0,M,Viol Injunction Protect Dom Vi,1,0,Tampering With Physical Evidence,1,Low,1
Male,Less than 25,Other,0,1,0,25.715137232832912,-1.0,F,Driving While License Revoked,1,0,Grand Theft (Motor Vehicle),25,High,1
Male,Greater than 45,African-American,0,0,0,0.0,-1.0,F,arrest case no charge,1,1,Burglary Conveyance Occupied,0,Low,1
Male,Less than 25,Hispanic,0,0,0,0.0,-1.0,F,Uttering a Forged Instrument,1,0,Grand Theft (Motor Vehicle),0,Medium,1
Female,Less than 25,Asian,0,0,1,1.0,-2.0,M,Aggravated Assault,1,0,Possess Cannabis/20 Grams Or Less,1,Medium,1
Female,Less than 25,Hispanic,0,0,0,3.0,-27.0,F,arrest case no charge,1,0,Operating W/O Valid License,3,Medium,1
Female,Greater than 45,Other,0,1,0,6.0,0.0,F,Grand Theft of the 2nd Degree,0,0,,6,Medium,0
Male,Greater than 45,Caucasian,0,0,0,5.0,-1.0,M,Assault,1,0,Susp Drivers Lic 1st Offense,5,Medium,0
Male,25 - 45,Native American,0,0,0,1.0,0.0,M,Battery,1,1,Resist/Obstruct W/O Violence,1,Low,1
Male,25 - 45,African-American,0,1,1,7.0,-1.0,M,Battery,1,0,Burglary Conveyance Occupied,7,High,1
Female,Less than 25,Other,0,0,0,0.0,-1.0,F,Possession Of Alprazolam,0,0,,0,Medium,0
Male,25 - 45,African-American,0,0,0,10.0,-1.0,F,Driving While License Revoked,0,0,,10,Medium,0
Male,Greater than 45,Native American,0,0,0,0.0,0.0,F,Possession of Cocaine,0,0,,0,Low,0
Female,Less than 25,Hispanic,0,0,0,4.0,0.0,M,Neglect Child / No Bodily Harm,0,0,,4,Medium,0
Male,Greater than 45,Asian,0,0,0,4.0,0.0,F,Manage Busn W/O City Occup Lic,1,1,Grand Theft (Motor Vehicle),4,High,1
Male,25 - 45,Asian,0,0,0,0.0,0.0,M,Driving Under The Influence,0,0,,0,Low,0
Male,Less than 25,Hispanic,0,0,0,5.0,-1.0,F,Possession of Cocaine,1,1,Battery,5,High,1
Male,Less than 25,Caucasian,0,0,1,2.0,0.0,F,False Ownership Info/Pawn Item,1,0,Harass Witness/Victm/Informnt,2,Medium,0
Male,25 - 45,African-American,0,0,0,7.0,-1.0,F,Aggravated Battery / Pregnant,1,0,Unnatural/Lascivious Act,7,High,1
Female,Greater than 45,Other,0,0,0,3.0,-1.0,M,Battery,1,1,Poss of Cocaine W/I/D/S 1000FT Park,3,Low,1
Male,25 - 45,African-American,0,0,0,2.0,0.0,F,arrest case no charge,0,0,,2,Low,0
Female,Less than 25,Other,0,1,0,1.0,0.0,F,Grand Theft (Motor Vehicle),1,1,Possession of Cocaine,1,High,1
Male,Less than 25,Hispanic,0,0,0,0.0,-1.0,F,Possession of Cocaine,0,0,,0,Low,0
Female,Greater than 45,Caucasian,0,0,0,0.0,0.0,F,,0,0,,0,Low,0
Male,25 - 45,Caucasian,0,0,0,0.0,0.0,F,Poss Oxycodone W/Int/Sell/Del,1,0,Battery on a Person Over 65,0,Low,1
Male,25 - 45,Native American,0,0,0,15.0,-1.0,F,Aggrav Battery w/Deadly Weapon,1,0,Unlaw Use False Name/Identity,16,High,1
Male,Greater than 45,African-American,0,0,0,9.0,-1.0,F,Poss Cocaine/Intent To Del/Sel,1,0,Possess Cannabis/20 Grams Or Less,9,Medium,1
Female,Less than 25,African-American,0,0,0,1.0,-1.0,F,arrest case no charge,0,0,,1,Medium,0
Female,25 - 45,Other,0,0,0,0.0,-2.0,F,Felony Battery,0,0,,0,Low,0
Male,Greater than 45,African-American,0,3,1,19.453462785101046,-1.0,F,"Poss3,4 Methylenedioxymethcath",1,1,Aggravated Assault W/Dead Weap,11,High,1
Male,Less than 25,Caucasian,0,0,0,0.0,-1.0,F,Grand Theft of the 2nd Degree,1,1,Prowling/Loitering,0,Low,0
Male,Less than 25,African-American,1,0,0,5.0,-1.0,F,Deliver Cocaine 1000FT Park,1,1,Resist/Obstruct W/O Violence,5,High,1
Male,Less than 25,Asian,0,0,0,7.0,0.0,F,Grand Theft (Motor Vehicle),1,0,Resist/Obstruct W/O Violence,7,High,1
Female,Greater than 45,African-American,0,0,0,1.0,-30.0,F,Battery,0,0,Tampering With Physical Evidence,1,Low,0
Female,Greater than 45,Caucasian,0,3,0,10.0,-1.0,F,Possession of Cocaine,1,0,Reckless Display Of Weapon,10,Medium,1
Male,Less than 25,Native American,0,0,0,17.45403509293796,-1.0,M,Burglary Conveyance Armed,1,0,Unlaw Use False Name/Identity,18,Medium,1
Male,Less than 25,Native American,0,1,0,4.0,-1.0,M,Assault,1,1,Battery,4,High,1
Male,25 - 45,Hispanic,0,0,0,2.0,0.0,M,Burglary Conveyance Unoccup,0,0,,2,Low,0
Male,25 - 45,Caucasian,0,0,0,0.0,-1.0,F,Possession of Cocaine,0,0,,0,Low,0
Female,Less than 25,Native American,0,0,0,1.0,-1.0,F,Possession of Cannabis,0,0,,1,Low,0
Male,Greater than 45,Other,0,0,0,0.0,0.0,F,Aggravated Battery / Pregnant,0,0,,0,Low,0
Male,Greater than 45,Caucasian,0,0,0,1.0,-22.0,M,Poss/Sell/Del/Man Amobarbital,0,0,,1,Low,0
Male,Less than 25,Native American,0,0,0,7.0,0.0,F,Leave Acc/Attend Veh/More $50,0,1,Shoot/Throw Into Vehicle,7,High,0
Male,25 - 45,Hispanic,0,0,0,1.0,0.0,F,Crimin Mischief Damage $1000+,0,0,,1,Medium,0
Male,Greater than 45,Hispanic,0,0,0,0.0,0.0,F,Possession of Cannabis,1,0,Possess Drug Paraphernalia,0,Low,1
Male,25 - 45,Caucasian,0,0,0,1.0,-1.0,F,arrest case no charge,0,0,,1,Low,0
Male,25 - 45,Caucasian,0,0,0,11.0,-1.0,F,Possession of Cocaine,1,0,Resist/Obstruct W/O Violence,11,High,1
Male,25 - 45,Native American,0,1,0,14.0,-1.0,M,Battery,1,0,Burglary Conveyance Unoccup,14,High,1
Male,25 - 45,Other,0,0,0,6.0,-10.0,F,Battery on a Person Over 65,1,1,Susp Drivers Lic 1st Offense,6,Medium,1
Female,25 - 45,Native American,0,0,0,0.0,-1.0,M,Battery,1,0,Use Lost Or Stolen Credit Card,0,Medium,1
Female,Less than 25,Hispanic,0,1,1,7.0,-1.0,M,Battery,0,0,,7,High,0
Male,Less than 25,Hispanic,0,0,0,2.0,-1.0,F,Felony Battery,0,0,,2,Low,0
Female,25 - 45,African-American,0,0,0,4.0,-1.0,F,Possession of Cocaine,0,0,,4,High,0
Male,Less than 25,Asian,0,0,0,4.0,-1.0,F,Possession of Cocaine,1,0,Possess Cannabis/20 Grams Or Less,4,Medium,1
Male,25 - 45,African-American,0,0,0,0.0,-1.0,F,,0,0,,0,High,0
Male,25 - 45,Caucasian,0,0,0,0.0,0.0,F,Aggravated Assault,0,0,,0,Low,0
Male,Greater than 45,Hispanic,0,0,0,2.0,-1.0,F,Burglary Conveyance Armed,1,0,Fail Register Vehicle,2,Medium,1
Male,Less than 25,Hispanic,0,0,0,4.0,-26.0,M,Susp Drivers Lic 1st Offense,1,0,Home Invasion Robbery,4,Low,0
Male,25 - 45,Caucasian,0,0,0,1.0,-1.0,M,Possession of LSD,0,0,,1,Low,0
Female,Less than 25,African-American,0,0,0,7.0,-18.0,M,arrest case no charge,0,0,,7,Medium,0
Male,Less than 25,African-American,0,0,0,3.0,0.0,F,Oper Motorcycle W/O Valid DL,1,0,Resist Merchant W Or W/O Viol,3,Medium,1
Male,25 - 45,Hispanic,0,0,0,2.0,-1.0,F,arrest case no charge,0,0,,2,Low,0
Male,25 - 45,Native American,1,0,0,12.0,-1.0,F,Felony Driving While Lic Suspd,0,0,,12,Medium,0
Female,Less than 25,African-American,0,0,0,0.0,-1.0,F,"Poss3,4 Methylenedioxymethcath",1,0,Fraud Use/Persnl ID Info/Deceased,0,Medium,1
Male,Greater than 45,Caucasian,0,0,0,0.0,-1.0,M,Battery,0,0,,0,Low,0
Male,Less than 25,Other,0,0,0,5.0,-1.0,F,Driving While License Revoked,1,0,Tampering With Physical Evidence,5,Low,1
Female,Less than 25,Caucasian,0,0,0,1.0,-1.0,F,arrest case no charge,0,0,,1,Medium,0
Male,Greater than 45,African-American,0,0,0,9.0,-1.0,F,Possession of Cocaine,1,0,Tampering With Physical Evidence,9,Medium,1
Male,25 - 45,Asian,0,0,0,0.0,-1.0,M,Battery,0,0,,0,Low,0
Male,25 - 45,Asian,0,0,0,15.0,-1.0,F,arrest case no charge,0,0,,15,Medium,0
Male,Greater than 45,African-American,1,0,0,2.0,-1.0,M,Fel Drive License Perm Revoke,1,0,No Wholesale/ Retail Dealer Lic,2,High,1
Male,25 - 45,Native American,0,0,0,3.0,-24.597499055936026,M,Driving Under The Influence,0,0,,3,Low,0
Male,Greater than 45,Caucasian,0,0,0,2.0,-1.0,F,Possession of Cocaine,1,0,Operating W/O Valid License,2,Low,1
Female,25 - 45,Asian,0,0,0,1.0,-1.0,M,arrest case no charge,0,0,,1,Low,0
Female,Less than 25,African-American,0,0,0,0.0,-1.0,F,Possession of Oxycodone,1,0,Resist Officer w/Violence,0,Low,1
Male,25 - 45,Native American,0,0,0,6.0,0.0,F,Possession of Cocaine,1,0,Possession of Cocaine,6,Low,1
Male,25 - 45,African-American,0,0,0,0.0,-1.0,M,Felony Battery w/Prior Convict,1,0,,0,Low,0
Male,Less than 25,Asian,0,0,0,2.0,0.0,F,Possession of Cocaine,0,0,,2,Low,0
Male,25 - 45,Caucasian,0,0,0,2.0,-15.739702130355763,M,Driving Under The Influence,0,0,,2,Low,0
Male,Less than 25,Asian,0,0,0,0.0,-1.0,M,Battery,1,0,Susp Drivers Lic 1st Offense,0,Medium,1
Male,25 - 45,African-American,0,0,0,1.0,-1.0,M,Battery,0,0,Possess Cannabis/20 Grams Or Less,1,Low,0
Male,25 - 45,Caucasian,0,0,0,1.0,-3.0,M,Agg Assault W/int Com Fel Dome,0,0,,1,Low,0
Male,Greater than 45,Native American,0,0,0,3.0,-1.0,F,Possession Of Alprazolam,0,0,,3,High,0
Male,25 - 45,Asian,0,0,0,0.0,-1.0,F,Possession of LSD,1,0,Shoot/Throw Into Vehicle,0,Medium,1
Female,Greater than 45,African-American,0,0,2,0.0,0.0,M,Cruelty to Animals,0,0,,0,Low,0
Female,Greater than 45,Caucasian,0,0,2,1.0,-1.0,M,Armed Trafficking in Cannabis,0,0,,1,Medium,0
Female,Greater than 45,African-American,0,0,0,0.0,-1.0,F,Neglect Child / No Bodily Harm,0,0,,0,Medium,0
Female,Greater than 45,Other,0,0,0,1.0,-1.0,F,arrest case no charge,0,0,,1,High,0
Female,Less than 25,Caucasian,0,0,0,0.0,0.0,F,"Poss3,4 Methylenedioxymethcath",0,0,,0,Low,0
Male,Less than 25,Hispanic,0,0,0,0.0,-1.0,F,Uttering a Forged Instrument,0,0,,0,Medium,0
Female,Greater than 45,Asian,0,0,0,4.0,0.0,F,Felony Driving While Lic Suspd,1,0,Open Carrying Of Weapon,4,Medium,1
Male,Less than 25,Caucasian,0,0,1,8.0,-1.0,F,Possession of Cocaine,1,0,Use Lost Or Stolen Credit Card,8,High,1
Male,25 - 45,African-American,0,0,0,3.0,-1.0,F,Felony Battery w/Prior Convict,0,0,,3,Low,0
Female,Greater than 45,Other,0,0,0,30.224092130146705,-1.0,M,arrest case no charge,1,0,Trespass Other Struct/Convey,29,Medium,1
Male,Less than 25,Hispanic,0,1,0,11.0,-1.0,F,Possession of Cocaine,1,0,Grand Theft of the 2nd Degree,11,High,1
Female,25 - 45,Asian,0,0,0,0.0,-1.0,M,Fel Drive License Perm Revoke,1,0,Poss of Cocaine W/I/D/S 1000FT Park,0,High,0
Female,Greater than 45,Caucasian,0,0,0,2.0,-1.0,M,Driving Under The Influence,0,0,,2,Low,0
Male,Greater than 45,African-American,0,0,0,11.0,0.0,F,Misuse Of 911 Or E911 System,0,0,,11,High,0
Female,25 - 45,Other,0,0,0,0.0,-1.0,F,Aggrav Battery w/Deadly Weapon,0,0,,0,Low,0
Female,25 - 45,African-American,0,0,1,0.0,-1.0,F,Poss/Sell/Del/Man Amobarbital,1,0,Fail Register Vehicle,0,Low,1
Female,Greater than 45,Caucasian,0,0,0,0.0,-1.0,M,Del of JWH-250 2-Methox 1-Pentyl,0,0,,0,Low,0
Male,Less than 25,Hispanic,0,0,0,1.0,0.0,F,Reckless Driving,0,0,,1,Low,0
Male,Less than 25,Hispanic,0,0,0,4.0,-1.0,F,Driving While License Revoked,0,0,,4,Low,1
Female,Greater than 45,Caucasian,0,0,0,0.0,0.0,F,Misuse Of 911 Or E911 System,0,0,,0,Low,0
Male,Less than 25,Asian,0,3,2,10.0,0.0,F,Possession of Cocaine,1,0,Possession of Cannabis,10,High,1
Male,25 - 45,African-American,0,0,0,4.0,-1.0,F,Poss Similitude of Drivers Lic,1,0,Intoxicating Beverages,4,Medium,1
Female,25 - 45,Hispanic,0,0,0,3.0,-1.0,F,False Motor Veh Insurance Card,1,0,,3,Low,0
Male,25 - 45,Hispanic,0,0,0,1.0,-2.0,M,Battery,0,0,,1,Medium,0
Male,25 - 45,Hispanic,0,0,0,2.0,-1.0,F,Fel Drive License Perm Revoke,1,0,Resist Merchant W Or W/O Viol,2,Low,1
Male,Greater than 45,Asian,0,0,0,1.0,0.0,M,Battery,0,0,,1,Low,0
Female,Greater than 45,African-American,0,0,0,7.0,-1.0,F,arrest case no charge,1,0,Unlaw Use False Name/Identity,7,Medium,1
Male,25 - 45,Asian,0,0,4,2.0,-1.0,F,Posses/Disply Susp/Revk/Frd DL,1,0,Petit Theft,2,Medium,1
Male,25 - 45,African-American,0,1,1,24.415580678558175,-1.0,M,Battery,1,0,Deliver Cocaine,24,High,1
Male,25 - 45,African-American,0,0,0,1.0,-1.0,F,Petit Theft,1,0,Traffick Oxycodone    14g><28g,1,Low,1
Male,Greater than 45,Other,0,0,0,8.0,-1.0,F,Felony Driving While Lic Suspd,1,1,Harass Witness/Victm/Informnt,8,Medium,1
Female,Greater than 45,Other,0,0,0,0.0,-1.0,M,arrest case no charge,0,0,,0,Low,0
Female,25 - 45,Other,0,0,0,4.0,0.0,M,Battery,0,0,,4,Low,0
Male,Less than 25,Hispanic,0,0,0,18.0,0.0,F,arrest case no charge,0,0,,17,Low,0
Male,Greater than 45,Native American,0,0,0,0.0,-1.0,M,Del of JWH-250 2-Methox 1-Pentyl,1,1,Battery,0,Low,1
Male,Greater than 45,African-American,0,0,0,0.0,0.0,M,Battery,0,0,,0,Low,0
Male,Greater than 45,Other,0,0,0,0.0,-1.0,F,Grand Theft (Motor Vehicle),0,0,,0,Low,0
Male,25 - 45,Hispanic,0,0,0,0.0,-1.0,F,Poss Contr Subst W/o Prescript,1,0,Fail Register Vehicle,0,Low,1
Female,Less than 25,Caucasian,0,0,1,1.0,-1.0,F,Purchase Cannabis,0,0,,1,High,0
Male,Greater than 45,African-American,0,0,0,0.0,0.0,F,Felony Battery,0,0,,0,Low,0
Male,Greater than 45,Caucasian,0,0,0,1.0,-1.0,F,arrest case no charge,0,0,Poss of Cocaine W/I/D/S 1000FT Park,1,Low,0
Female,Greater than 45,Other,0,0,0,5.0,-1.0,M,Battery,1,0,Intoxicating Beverages,5,High,1
Female,Greater than 45,African-American,0,0,0,10.0,-1.0,F,Aggrav Battery w/Deadly Weapon,1,0,Tampering With Physical Evidence,10,Low,1
Male,Less than 25,Hispanic,0,0,0,0.0,-1.0,F,Possession of Cocaine,1,0,,0,Low,0
Male,25 - 45,Caucasian,0,0,0,0.0,-1.0,M,Neglect Child / No Bodily Harm,1,0,Grand Theft of the 2nd Degree,0,Low,0
Male,25 - 45,Caucasian,0,0,0,2.0,-1.0,F,arrest case no charge,1,0,Possess Cannabis/20 Grams Or Less,2,Medium,0
Female,Greater than 45,Asian,0,0,0,3.0,-1.0,M,Battery,0,0,,3,Low,0
Male,Less than 25,African-American,0,0,0,0.0,0.0,M,Battery,0,0,,0,Low,0
Male,Greater than 45,African-American,0,0,0,15.0,-1.0,F,Burglary Conveyance Unoccup,1,0,No Wholesale/ Retail Dealer Lic,15,Low,1
Male,25 - 45,Other,0,0,0,0.0,-1.0,F,Possession of Cannabis,1,0,Intoxicating Beverages,0,Medium,1
Male,25 - 45,Native American,0,0,0,2.0,-1.0,M,Battery,0,0,,2,Low,0
Female,Less than 25,African-American,0,0,0,10.0,-1.0,F,Possession of Cocaine,1,0,Introduce Contraband Into Jail,10,Medium,1
Male,Greater than 45,Native American,0,0,0,1.0,-27.0,F,Possession Of Methamphetamine,1,0,Operating W/O Valid License,1,Low,1
Male,Greater than 45,African-American,0,0,0,0.0,-1.0,M,Viol Injunction Protect Dom Vi,0,0,,0,Low,0
Female,25 - 45,Caucasian,0,0,0,2.0,0.0,M,Battery,0,0,,2,High,0
Female,Greater than 45,Hispanic,0,0,0,20.0,0.0,F,Possession of Cocaine,1,0,Possess Cannabis/20 Grams Or Less,20,High,1
Male,25 - 45,Hispanic,0,0,0,1.0,-2.0,F,"Poss3,4 Methylenedioxymethcath",0,0,,1,Low,1
Male,Less than 25,Hispanic,0,0,0,0.0,-1.0,F,Driving While License Revoked,1,0,,0,Low,1
Female,25 - 45,Other,0,0,0,0.0,-1.0,M,Battery,1,0,Possess Cannabis/20 Grams Or Less,0,Medium,1
Female,25 - 45,African-American,0,0,0,2.0,-1.0,M,Viol Injunction Protect Dom Vi,1,0,Operating W/O Valid License,2,Low,1
Male,25 - 45,Other,1,1,2,15.0,-1.0,F,Grand Theft of a Fire Extinquisher,1,0,Att Burgl Unoccupied Dwel,15,High,1
Male,Less than 25,Other,0,0,0,3.0,-1.0,F,Attempted Robbery  Weapon,1,0,Sale/Del Cocaine Child Care Fac,3,High,1
Female,Less than 25,Hispanic,0,0,0,0.0,-1.0,M,Attempted Robbery  Weapon,1,0,Trespass,0,High,1
Female,Greater than 45,Caucasian,0,0,0,2.0,-19.312155513324967,F,Felony Battery,0,0,,2,Medium,0
Male,25 - 45,Native American,0,0,0,2.0,-1.0,F,Petit Theft $100- $300,1,1,Home Invasion Robbery,2,High,1
Female,Less than 25,Hispanic,0,0,0,0.0,0.0,M,Battery,1,0,Fail Register Vehicle,0,Low,1
Male,25 - 45,Hispanic,0,0,0,0.0,0.0,M,Fel Drive License Perm Revoke,0,0,,0,Medium,0
Male,Less than 25,Asian,0,0,0,3.0,-1.0,F,Felony Driving While Lic Suspd,1,0,Traffick Oxycodone    14g><28g,3,Low,1
Female,25 - 45,Asian,1,0,0,5.0,28.808184720832323,F,Possession of Cocaine,0,0,,5,Low,0
Male,25 - 45,African-American,0,0,0,0.0,0.0,F,Possession of Cocaine,0,0,,0,Low,0
Female,Less than 25,Native American,0,0,0,2.0,-1.0,F,Aggravated Battery / Pregnant,1,0,Burglary Conveyance Unoccup,2,Medium,1
Female,25 - 45,African-American,0,0,0,2.0,-1.0,M,Assault,1,0,Fail Register Vehicle,2,Medium,1
Female,Greater than 45,Caucasian,0,0,0,0.0,-1.0,F,Purchase Cannabis,0,0,,0,Low,0
Male,Less than 25,Hispanic,0,0,0,0.0,-1.0,M,Battery,0,0,Viol Injunct Domestic Violence,0,Low,0
Male,Less than 25,African-American,0,1,0,10.0,0.0,F,Possession of Cocaine,1,0,Resist/Obstruct W/O Violence,10,High,1
Female,25 - 45,Native American,0,0,0,1.0,-1.0,F,Poss Cocaine/Intent To Del/Sel,1,1,Resist/Obstruct W/O Violence,1,Low,1
Female,25 - 45,Caucasian,0,0,0,6.0,-4.0,F,Poss Oxycodone W/Int/Sell/Del,0,0,,6,Low,0
Female,Greater than 45,Other,0,0,0,0.0,-1.0,M,Battery,0,0,,0,Low,0
Male,25 - 45,Native American,0,0,0,3.0,-1.0,M,Battery,0,0,,3,Low,0
Male,Greater than 45,Hispanic,0,0,0,19.0,-1.0,F,Possession of Cocaine,1,0,Possession of Cocaine,19,High,1
Male,Greater than 45,Other,0,0,0,2.0,0.0,F,Possession of Cocaine,1,1,Battery,2,High,1
Male,Less than 25,Other,0,0,0,0.0,-1.0,M,Battery,0,0,,0,Low,0
Male,Greater than 45,Asian,0,0,0,7.0,-1.0,F,arrest case no charge,0,0,,7,High,0
Female,Less than 25,Caucasian,0,0,0,0.0,-1.0,M,Poss Alprazolam W/int Sell/Del,0,0,,0,Medium,0
Male,Less than 25,African-American,0,0,0,13.0,-1.0,F,Deliver Cocaine 1000FT Park,1,0,Deliver Cocaine,13,High,0
Male,25 - 45,Asian,0,0,0,6.0,0.0,F,Possession of Cannabis,1,0,Resist/Obstruct W/O Violence,6,High,1
Male,25 - 45,Asian,0,0,0,0.0,-1.0,M,Petit Theft,1,0,Poss Handcuff Key While IC,0,Medium,1
Male,Greater than 45,Native American,0,0,0,6.0,-1.0,F,Armed Trafficking in Cannabis,1,1,Battery,6,High,1
Female,Greater than 45,African-American,0,0,0,15.0,-1.0,F,Felony Battery w/Prior Convict,1,0,Possession of Cocaine,15,High,1
Male,Greater than 45,Asian,0,0,0,0.0,-2.0,F,Aggravated Battery / Pregnant,0,0,,0,Low,0
Female,25 - 45,Native American,0,0,0,2.0,-1.0,M,Burglary Conveyance Armed,0,0,,2,High,0
Male,Greater than 45,Hispanic,0,0,0,0.0,-1.0,F,Deliver Cocaine 1000FT Park,0,0,,0,Low,0
Male,Less than 25,Caucasian,0,0,0,0.0,0.0,M,Battery,0,0,,0,Low,0
Female,Less than 25,Asian,0,0,0,1.0,-10.0,M,Battery,1,1,Tampering With Physical Evidence,1,Low,1
Female,Less than 25,Native American,0,0,0,3.0,-1.0,M,Agg Assault W/int Com Fel Dome,1,0,Fail Register Vehicle,3,Low,0
Male,Greater than 45,Native American,0,0,0,10.0,-1.0,M,Tresspass in Structure or Conveyance,1,1,Unlaw Use False Name/Identity,10,Low,1
Male,Greater than 45,Asian,0,0,0,1.0,-1.0,M,Reckless Driving,1,0,,1,High,0
Female,Greater than 45,Asian,0,1,0,13.0,-1.0,F,Driving While License Revoked,1,0,Driving License Suspended,14,Medium,0
Female,25 - 45,African-American,3,1,0,11.0,0.0,F,Poss F/Arm Delinq,0,0,,11,High,0
Male,Less than 25,Asian,0,0,0,5.0,-1.0,F,Possession of Cocaine,1,1,Burglary Dwelling Assault/Batt,5,Low,1
Female,25 - 45,Other,0,0,0,3.0,-1.0,M,Battery,1,0,Disobey Officer/Fireman,3,Low,1
Male,Greater than 45,African-American,0,0,0,1.0,-1.0,F,arrest case no charge,0,0,,1,Low,0
Male,Less than 25,Hispanic,0,0,0,0.0,0.0,M,Battery,0,0,,0,Low,0
Female,Greater than 45,Hispanic,0,0,0,1.0,-1.0,F,Felony DUI (level 3),1,0,Crim Use of Personal ID Info,1,Low,0
Female,Greater than 45,African-American,0,1,0,0.0,-1.0,M,Driving Under The Influence,1,0,Sell Cannabis 1000FTSch,0,Medium,1
Male,Greater than 45,Asian,0,0,0,7.0,-1.0,F,Burglary With Assault/battery,1,1,False Ownership Info/Pawn Item,7,High,1
Male,Greater than 45,Asian,0,0,0,0.0,-1.0,F,Grand Theft (Motor Vehicle),1,1,Open Carrying Of Weapon,0,High,1
Female,Greater than 45,Caucasian,0,0,0,1.0,-1.0,M,Assault,1,0,Susp Drivers Lic 1st Offense,1,Low,1
Male,25 - 45,Hispanic,0,0,0,1.0,-1.0,M,Driving Under The Influence,0,0,,1,Low,0
Male,Greater than 45,Caucasian,0,0,0,5.0,-1.0,F,Kidnapping / Domestic Violence,0,0,,5,Low,0
Male,Greater than 45,Hispanic,0,0,0,2.0,0.0,F,arrest case no charge,0,0,,2,Low,0
Male,Greater than 45,Caucasian,0,0,0,2.0,-1.0,F,arrest case no charge,0,0,,2,Low,0
Female,Less than 25,Other,0,0,0,6.0,0.0,F,Attempted Robbery  Weapon,1,0,Possession of Cocaine,6,High,1
Female,Less than 25,Hispanic,0,0,0,2.0,-1.0,F,Grand Theft (Motor Vehicle),0,0,,2,Medium,0
Female,Greater than 45,African-American,0,0,1,0.0,-2.0,F,Poss Alprazolam W/int Sell/Del,1,0,Disorderly Conduct,0,Low,1
Female,25 - 45,Other,0,0,0,0.0,-1.0,M,Aggravated Battery / Pregnant,1,0,Operating W/O Valid License,0,Low,1
Male,Less than 25,Caucasian,0,0,0,4.0,-1.0,M,Battery,0,0,,4,Low,0
Male,25 - 45,African-American,0,0,0,3.0,-1.0,F,Posses/Disply Susp/Revk/Frd DL,1,1,Stalking (Aggravated),3,Medium,0
Male,25 - 45,African-American,0,0,2,3.0,-1.0,F,Grand Theft (Motor Vehicle),1,1,Poss Handcuff Key While IC,3,High,1
Female,Greater than 45,Caucasian,0,0,0,5.0,-1.0,F,Aggrav Battery w/Deadly Weapon,1,0,Use Lost Or Stolen Credit Card,5,Medium,1
Male,25 - 45,Hispanic,0,0,0,0.0,-1.0,F,Felony Driving While Lic Suspd,0,0,,0,Low,0
Male,25 - 45,Hispanic,0,0,0,5.0,-1.0,F,Leave Acc/Attend Veh/More $50,1,0,Fraud Use/Persnl ID Info/Deceased,5,Medium,1
Female,Greater than 45,Caucasian,0,0,0,0.0,-1.0,F,Fraudulent Use of Credit Card,1,0,Operating W/O Valid License,0,High,1
Female,Less than 25,African-American,0,0,0,3.0,-1.0,F,arrest case no charge,1,1,Operating W/O Valid License,3,Medium,1
Male,Less than 25,African-American,0,0,0,3.0,-1.0,M,Battery,0,0,,3,Low,0
Male,Less than 25,Native American,0,0,0,8.0,-1.0,M,Battery,0,0,,8,Medium,0
Male,25 - 45,African-American,0,0,0,0.0,0.0,F,Fel Drive License Perm Revoke,1,1,Tampering With Physical Evidence,0,High,1
Male,Less than 25,Asian,0,0,0,0.0,0.0,M,Poss Of Controlled Substance,0,0,,0,Low,0
Female,Greater than 45,Caucasian,0,0,0,1.0,-1.0,F,"Poss3,4 Methylenedioxymethcath",0,0,,1,High,0
Male,Greater than 45,Caucasian,0,0,0,3.0,0.0,M,Battery,1,1,Shoot/Throw Into Vehicle,3,Low,1
Male,Greater than 45,Caucasian,0,0,0,6.0,-1.0,F,Uttering a Forged Instrument,0,0,Felony Battery w/Prior Convict,6,Low,0
Female,25 - 45,Caucasian,0,0,0,0.0,-1.0,M,Driving Under The Influence,0,0,,0,Low,0
Female,Less than 25,African-American,0,0,0,2.0,0.0,M,Battery,1,0,Trespass/Property/Other Structure,2,Low,1
Female,Greater than 45,African-American,0,0,0,0.0,0.0,M,Battery,0,0,,0,Medium,0
Female,Less than 25,African-American,0,0,0,0.0,-1.0,M,Battery,1,0,,0,Low,0
Male,25 - 45,African-American,0,0,0,0.0,-1.0,F,Possession Of Methamphetamine,0,0,,0,Low,0
Female,Greater than 45,Other,0,0,0,7.0,-8.034769012247196,M,Aggravated Battery / Pregnant,1,0,Unnatural/Lascivious Act,7,Low,1
Male,Less than 25,Caucasian,0,0,0,0.0,0.0,M,Misuse Of 911 Or E911 System,1,0,Drinking Alch Beverage In Open,0,High,1
Female,Greater than 45,Native American,0,0,0,1.0,-2.0,F,Possession of Cocaine,0,0,,1,Low,0
Male,Less than 25,Caucasian,0,0,0,0.0,-1.0,M,Driving Under The Influence,0,0,,0,Low,0
Female,25 - 45,African-American,0,0,0,0.0,-1.0,M,Battery,0,0,,0,Low,0
Male,25 - 45,Asian,0,0,0,4.0,-1.0,M,Battery,1,0,Leaving the Scene of Accident,4,Low,1
Female,Less than 25,Native American,0,0,0,0.0,-1.0,M,Battery,1,1,Possess Cannabis/20 Grams Or Less,0,Low,0
Male,Less than 25,Hispanic,0,0,0,0.0,-2.0,F,Possession of Cocaine,0,0,,0,Low,0
Male,Greater than 45,African-American,0,0,0,2.0,-1.0,F,Felony Driving While Lic Suspd,0,0,,2,Low,0
Female,25 - 45,African-American,0,0,1,7.0,-1.0,M,Assault,1,1,Reckless Display Of Weapon,7,Medium,1
Male,Less than 25,African-American,0,1,0,10.0,-1.0,F,arrest case no charge,1,0,Reckless Display Of Weapon,10,Medium,1
Female,Less than 25,African-American,0,0,0,0.0,-1.0,M,Carjacking w/o Deadly Weapon,1,0,Susp Drivers Lic 1st Offense,0,Low,0
Male,Greater than 45,African-American,0,0,0,14.0,-1.0,M,Battery,1,1,Resist/Obstruct W/O Violence,14,Low,1
Female,25 - 45,Hispanic,0,0,0,2.0,0.0,F,Felony Driving While Lic Suspd,1,0,Possession of Cocaine,2,Low,1
Female,Less than 25,Caucasian,0,0,0,5.0,-1.0,M,Felony Battery w/Prior Convict,1,0,Possession of Cocaine,5,Low,1
Male,Less than 25,African-American,0,2,2,20.0,-1.0,F,Grand Theft (Motor Vehicle),1,0,Fail Register Vehicle,20,High,0
Female,25 - 45,African-American,0,0,0,5.0,-1.0,M,Battery,0,0,,5,Low,0
Female,Less than 25,Hispanic,0,0,0,11.0,-1.0,F,Neglect Child / No Bodily Harm,1,1,Resist Officer w/Violence,11,Medium,1
Male,25 - 45,Caucasian,0,0,0,20.0,0.0,F,Driving While License Revoked,1,0,Tampering With Physical Evidence,20,High,1
Female,Less than 25,African-American,0,0,0,0.0,-1.0,M,Battery,0,0,,0,Low,0
Female,Less than 25,Caucasian,0,0,0,0.0,-1.0,F,Possession of Cocaine,1,0,Burglary Unoccupied Dwelling,0,Medium,1
Male,25 - 45,African-American,0,0,0,0.0,-1.0,F,Petit Theft,0,0,,0,High,0
Male,Greater than 45,Native American,0,0,0,0.0,-1.0,F,Misuse Of 911 Or E911 System,0,0,,0,Low,0
Male,Less than 25,Caucasian,0,0,0,13.0,-1.0,F,arrest case no charge,1,1,Burglary Unoccupied Dwelling,12,High,1
Female,Less than 25,Asian,0,0,0,1.0,-4.0,F,arrest case no charge,0,0,,1,Low,0
Male,25 - 45,African-American,0,0,0,21.000000000000004,-1.0,F,arrest case no charge,1,0,,20,High,1
Male,25 - 45,Asian,0,0,0,3.0,-1.0,F,arrest case no charge,1,0,Possess Drug Paraphernalia,3,Medium,1
Male,25 - 45,African-American,0,0,0,2.0,-1.0,F,Poss Oxycodone W/Int/Sell/Del,1,1,Operating W/O Valid License,2,High,0
Female,Greater than 45,Native American,0,0,2,23.790916590952776,0.0,M,Possession of Morphine,1,1,Trespass Structure/Conveyance,25,High,1
Female,Greater than 45,Other,0,0,0,0.0,0.0,M,Battery,0,0,,0,Low,0
Male,Greater than 45,Hispanic,0,0,0,0.0,0.0,F,Poss/Sell/Del/Man Amobarbital,0,0,,0,Medium,0
Male,25 - 45,Native American,0,0,0,1.0,-1.0,F,Poss Similitude of Drivers Lic,0,0,,1,Low,0
Male,25 - 45,Asian,0,0,0,2.0,-7.186007360532269,F,Possession of Cocaine,0,0,,2,Low,0
Male,Greater than 45,African-American,0,0,0,3.0,-1.0,F,Possession of Cocaine,1,0,Tampering With Physical Evidence,3,High,1
Male,25 - 45,Native American,0,0,1,3.0,-1.0,F,Attempted Robbery  Weapon,0,0,,3,Medium,1
Male,Greater than 45,Native American,0,0,0,5.0,-1.0,M,arrest case no charge,0,0,,5,High,0
Male,Less than 25,Caucasian,0,0,0,3.0,-1.0,F,Aggrav Battery w/Deadly Weapon,0,0,,3,Low,0
Female,25 - 45,Other,0,0,0,0.0,-1.0,M,Battery,0,0,,0,Low,1
Male,25 - 45,African-American,0,0,0,0.0,0.0,F,Assault,0,0,,0,High,0
Male,25 - 45,African-American,0,0,0,1.0,4.661946189850582,F,Felony Driving While Lic Suspd,1,0,Fail Obey Driv Lic Restrictions,1,Low,1
Female,Less than 25,Native American,1,1,1,4.0,-1.0,M,Traffick Oxycodone     4g><14g,1,0,Possession of Cannabis,4,Medium,1
Male,Less than 25,Caucasian,0,0,1,2.0,-1.0,F,Burglary Conveyance Unoccup,1,0,Home Invasion Robbery,2,Low,1
Male,Greater than 45,Caucasian,0,0,0,0.0,-2.0,M,Battery,0,0,,0,Low,0
Female,25 - 45,Hispanic,0,0,0,3.0,-1.0,F,arrest case no charge,1,0,Burglary Unoccupied Dwelling,3,Low,1
Male,25 - 45,Hispanic,0,0,0,0.0,0.0,M,Battery,0,0,,0,Low,0
Female,25 - 45,Hispanic,0,1,0,7.0,-1.0,F,Aggravated Battery / Pregnant,1,1,Trespass Structure/Conveyance,7,High,1
Male,25 - 45,African-American,0,0,0,0.0,-1.0,F,Burglary With Assault/battery,1,1,Resist/Obstruct W/O Violence,0,Low,1
Female,Less than 25,Caucasian,0,0,0,0.0,-1.0,M,Battery,1,1,Battery,0,Low,1
Female,Greater than 45,Native American,0,0,0,26.798537730749295,-1.0,M,Battery,0,0,,26,Medium,0
Male,25 - 45,Other,0,0,0,4.0,-1.0,F,arrest case no charge,0,0,,4,Low,0
Male,Less than 25,Asian,0,0,0,0.0,-1.0,F,Poss Contr Subst W/o Prescript,0,0,,0,High,0
Female,Greater than 45,Caucasian,0,0,0,0.0,-1.0,F,Posses/Disply Susp/Revk/Frd DL,0,0,,0,Low,0
Male,Greater than 45,Native American,0,0,0,0.0,-1.0,F,"Poss3,4 Methylenedioxymethcath",0,0,,0,Low,0
Female,Less than 25,Caucasian,0,0,0,2.0,-1.0,F,Possession of Cannabis,1,0,,2,Low,1
Female,Less than 25,African-American,0,0,0,1.0,0.0,F,arrest case no charge,0,0,,1,Low,0
Male,Less than 25,Asian,0,0,0,0.0,-1.0,M,Battery,0,0,,0,Medium,0
Male,Greater than 45,Asian,0,0,0,8.0,-1.0,M,Battery,1,0,Operating W/O Valid License,8,Medium,1
Male,Less than 25,African-American,0,0,0,0.0,-1.0,M,Driving License Suspended,1,0,Operating W/O Valid License,0,Low,1
Male,Less than 25,Hispanic,0,0,0,0.0,-1.0,F,Refuse Submit Blood/Breath Test,0,0,,0,Low,0
Female,Less than 25,African-American,0,0,1,2.0,-1.0,F,Susp Drivers Lic 1st Offense,0,0,,2,High,0
Female,25 - 45,Caucasian,0,0,0,4.0,0.0,F,"Poss3,4 Methylenedioxymethcath",1,0,Possess Drug Paraphernalia,4,Medium,1
Male,25 - 45,Caucasian,0,0,1,0.0,-1.0,M,Battery,0,0,,0,Low,0
Male,25 - 45,Hispanic,0,0,0,2.0,-1.0,M,Poss Alprazolam W/int Sell/Del,1,0,Susp Drivers Lic 1st Offense,2,Medium,1
Male,Less than 25,Caucasian,0,0,0,0.0,-1.0,F,Battery,0,0,,0,Low,0
Male,Greater than 45,Caucasian,0,0,4,4.0,0.0,F,,1,1,Harass Witness/Victm/Informnt,4,Medium,1
Male,25 - 45,Hispanic,0,0,0,1.0,-3.0,M,Driving Under The Influence,0,0,,1,Low,0
Female,Less than 25,Native American,0,0,0,7.0,-1.0,F,Possession of Cocaine,0,0,,7,Low,0
Male,Less than 25,Caucasian,0,0,0,2.0,-2.0,F,Poss Contr Subst W/o Prescript,1,0,,2,Low,1
Female,Less than 25,Caucasian,0,0,0,8.0,-1.0,F,Driving While License Revoked,1,0,No Wholesale/ Retail Dealer Lic,8,Low,1
Male,Less than 25,Asian,0,1,1,1.0,-1.0,M,arrest case no charge,1,0,Grand Theft in the 3rd Degree,1,Low,0
Female,Greater than 45,Hispanic,0,0,0,5.0,-1.0,M,Agg Assault W/int Com Fel Dome,0,0,,5,Medium,0
Male,Less than 25,Other,0,0,0,12.0,-1.0,F,Possession of Cocaine,1,0,,12,High,0
Female,Greater than 45,Other,0,0,0,12.0,0.0,F,Driving While License Revoked,1,0,Unlaw Malic Strike K9/Horses,12,High,1
Male,Less than 25,Caucasian,0,0,0,1.0,-1.0,F,arrest case no charge,0,0,,1,Medium,0
Male,25 - 45,African-American,0,0,0,0.0,-1.0,F,Driving License Suspended,0,0,,0,Low,0
Female,25 - 45,Caucasian,0,0,0,0.0,-1.0,M,Battery,0,0,,0,Low,0
Male,Less than 25,Asian,0,0,0,0.0,-1.0,F,Deliver Cocaine 1000FT Park,0,0,,0,Low,0
Male,25 - 45,Caucasian,0,0,0,0.0,0.0,F,Attempted Robbery  Weapon,1,0,Poss of Cocaine W/I/D/S 1000FT Park,0,High,1
Female,25 - 45,African-American,0,0,0,1.0,-1.0,M,Battery,1,0,Resist Officer w/Violence,1,Low,1
Female,25 - 45,Caucasian,0,0,0,1.0,-4.0,F,Felony DUI (level 3),0,0,,1,Low,0
Female,25 - 45,African-American,0,0,0,1.0,-1.0,F,arrest case no charge,0,0,,1,Low,0
Female,25 - 45,Native American,0,0,0,0.0,0.0,F,Possession of Cannabis,0,0,,0,Low,0
Male,Greater than 45,African-American,0,0,0,10.0,-1.0,F,Grand Theft (Motor Vehicle),1,0,Susp Drivers Lic 1st Offense,10,High,1
Female,25 - 45,Native American,0,0,0,1.0,-1.0,F,Felony Battery w/Prior Convict,0,0,,1,Low,0
Male,Less than 25,African-American,0,0,0,4.0,-26.0,F,Possession of Cocaine,0,0,,4,Low,0
Male,Less than 25,African-American,0,0,0,0.0,-1.0,F,Aggravated Battery / Pregnant,0,0,,0,Low,0
Male,25 - 45,Caucasian,1,0,3,2.0,0.0,M,Battery,1,0,Credit Card Theft,2,High,0
Male,Less than 25,African-American,0,0,0,0.0,-1.0,F,arrest case no charge,0,0,,0,Medium,0
Male,25 - 45,African-American,0,0,0,0.0,-1.0,F,Uttering a Forged Instrument,0,0,,0,Low,0
Male,Greater than 45,African-American,0,0,0,0.0,-1.0,M,Battery,1,0,Use of Anti-Shoplifting Device,0,Low,1
Male,25 - 45,Native American,0,0,0,11.0,-1.0,F,Possession of Cocaine,1,0,Tampering With Physical Evidence,10,Medium,1
Male,Less than 25,Native American,0,0,0,0.0,-4.0,M,Battery,0,0,,0,Medium,0
Female,Greater than 45,Caucasian,0,0,0,4.0,-1.0,M,Battery,1,0,Susp Drivers Lic 1st Offense,4,Low,1
Male,Greater than 45,Caucasian,0,0,0,2.0,-1.0,F,Fraudulent Use of Credit Card,0,0,,2,Medium,0
Female,25 - 45,Hispanic,0,0,0,4.0,-1.0,F,Possession of Cannabis,1,0,Resist Merchant W Or W/O Viol,4,Medium,1
Male,25 - 45,Hispanic,0,0,0,0.0,-1.0,M,Driving Under The Influence,0,0,,0,Low,0
Male,Less than 25,Hispanic,0,0,0,0.0,-1.0,F,Possession Of Methamphetamine,0,0,,0,Low,0
Male,Less than 25,Other,0,0,0,3.0,-1.0,F,Burglary Conveyance Unoccup,1,0,Resist/Obstruct W/O Violence,3,Medium,1
Female,25 - 45,Native American,0,0,0,0.0,0.0,M,Neglect Child / No Bodily Harm,0,0,,0,Low,0
Female,25 - 45,Caucasian,0,0,0,0.0,-1.0,M,Battery,1,0,,0,High,0
Male,25 - 45,Caucasian,1,0,0,23.0,-1.0,F,arrest case no charge,1,1,Battery,23,High,1
Female,Greater than 45,Hispanic,0,0,0,1.0,-1.0,F,Felony Driving While Lic Suspd,1,1,Battery,1,Low,1
Male,25 - 45,Hispanic,0,3,0,7.0,-11.0,F,arrest case no charge,1,0,Resist/Obstruct W/O Violence,7,High,1
Male,25 - 45,Asian,0,0,0,4.0,-1.0,F,Poss Similitude of Drivers Lic,1,0,Unlaw Use False Name/Identity,4,Low,1
Male,Greater than 45,African-American,0,0,0,14.0,-1.0,F,Felony Driving While Lic Suspd,1,0,Home Invasion Robbery,14,High,1
Male,Less than 25,Asian,0,0,0,1.0,-1.0,M,Battery,1,0,,1,Low,0
Male,Greater than 45,Asian,0,0,0,1.0,-2.0,F,Burglary Conveyance Unoccup,1,0,Resist/Obstruct W/O Violence,1,Medium,1
Male,25 - 45,Caucasian,0,0,0,2.0,0.0,F,arrest case no charge,0,0,,2,Medium,0
Female,Greater than 45,Caucasian,0,3,0,10.0,-1.0,M,arrest case no charge,0,0,,10,High,0
Female,25 - 45,Caucasian,0,0,0,1.0,0.0,F,Possession of Cocaine,0,0,,1,High,0
Male,Less than 25,Caucasian,0,0,2,1.0,-1.0,F,Possession Of Alprazolam,0,0,,1,Low,1
Male,Less than 25,Hispanic,0,0,0,2.0,1.0732090536662469,F,Possession of Oxycodone,1,1,Battery,2,Low,1
Male,25 - 45,African-American,0,0,0,0.0,-1.0,M,Armed Trafficking in Cannabis,1,0,Home Invasion Robbery,0,Low,1
Female,Less than 25,Caucasian,0,0,0,3.0,0.0,M,Refuse Submit Blood/Breath Test,1,0,Susp Drivers Lic 1st Offense,3,Medium,1
Male,Less than 25,Other,0,0,0,1.0,-1.0,F,arrest case no charge,0,0,,1,Low,0
Male,25 - 45,Native American,0,0,0,8.0,-1.0,F,Possession of Cocaine,1,1,Battery,8,Medium,1
Male,25 - 45,African-American,0,0,0,0.0,-1.0,M,Viol Injunction Protect Dom Vi,0,0,,0,Low,0
Male,Greater than 45,Hispanic,0,0,0,0.0,-1.0,F,Felony Driving While Lic Suspd,0,0,,0,Low,0
Male,Less than 25,Caucasian,0,0,1,2.0,-1.0,M,Battery,1,0,Operating W/O Valid License,2,Medium,1
Male,Greater than 45,Caucasian,0,0,0,0.0,0.0,F,Possession of Cannabis,0,0,,0,Low,0
Female,Greater than 45,Asian,0,0,0,6.0,-1.0,F,Armed Trafficking in Cannabis,1,1,Aggravated Battery / Pregnant,6,Medium,1
Male,Less than 25,African-American,0,0,0,19.0,-1.0,F,Felony Driving While Lic Suspd,0,0,,19,Low,0
Male,25 - 45,Other,0,0,0,4.0,-1.0,M,Battery,0,0,,4,High,0
Female,Less than 25,Hispanic,0,0,0,0.0,-1.0,F,Uttering a Forged Instrument,0,0,,0,Low,0
Female,Greater than 45,Caucasian,0,0,0,14.0,-1.0,F,Driving While License Revoked,1,0,No Wholesale/ Retail Dealer Lic,13,Low,1
Male,Greater than 45,Caucasian,0,0,0,1.0,0.0,M,Battery,1,0,,1,Medium,1
Male,Greater than 45,Asian,0,0,0,0.0,-1.0,F,Poss Contr Subst W/o Prescript,0,0,,0,Low,0
Male,Less than 25,Hispanic,0,0,0,5.0,0.0,F,Poss Alprazolam W/int Sell/Del,1,0,Possession of Cocaine,5,High,1
Male,Less than 25,Native American,0,0,0,2.0,-1.0,F,Poss Of Controlled Substance,0,0,,2,Medium,0
Female,25 - 45,Other,0,0,0,6.0,-1.0,M,Leave Acc/Attend Veh/More $50,1,1,Fail Register Vehicle,6,Medium,1
Female,25 - 45,Other,0,0,0,4.0,-1.0,M,Poss Cocaine/Intent To Del/Sel,1,0,Trespass/Property/Other Structure,4,Medium,1
Female,25 - 45,Caucasian,0,0,0,0.0,0.0,F,Poss Cocaine/Intent To Del/Sel,0,0,,0,Low,0
Male,Less than 25,African-American,0,0,0,5.0,0.0,F,Possession of Morphine,1,0,Possess Cannabis/20 Grams Or Less,5,Medium,1
Male,Less than 25,Native American,0,0,1,1.0,-1.0,M,Battery,1,0,Child Abuse,1,Medium,1
Male,25 - 45,Asian,0,1,0,2.0,-1.0,M,Battery,0,0,,2,Low,0
Male,Greater than 45,Asian,0,0,1,2.0,-1.0,M,Petit Theft $100- $300,0,0,,2,Medium,0
Male,Less than 25,Native American,0,0,0,2.0,0.0,F,Felony Battery,1,1,Burglary Dwelling Armed,2,High,1
Male,Greater than 45,Hispanic,0,0,0,1.0,-1.0,F,Aggravated Battery / Pregnant,1,1,Introduce Contraband Into Jail,1,Medium,1
Male,25 - 45,Caucasian,0,0,0,0.0,0.0,F,Fraudulent Use of Credit Card,0,0,,0,Medium,0
Female,Less than 25,Asian,0,0,0,0.0,-1.0,F,Driving While License Revoked,1,0,Crim Use of Personal ID Info,0,Medium,1
Male,25 - 45,African-American,0,0,0,5.0,0.0,F,Burglary Conveyance Armed,1,0,Possess Drug Paraphernalia,5,Medium,1
Female,Less than 25,Native American,0,0,1,0.0,-1.0,F,Possession Of Alprazolam,1,0,Poss of Cocaine W/I/D/S 1000FT Park,0,Medium,1
Female,25 - 45,Caucasian,0,0,0,3.0,-23.0,M,arrest case no charge,0,0,,3,High,0
Male,25 - 45,Native American,0,0,0,1.0,-2.0,F,Armed Trafficking in Cannabis,1,0,Resist/Obstruct W/O Violence,1,Medium,1
Female,25 - 45,Asian,0,0,1,0.0,-1.0,F,Att Burgl Unoccupied Dwel,1,0,Resist/Obstruct W/O Violence,0,High,1
Female,Less than 25,Hispanic,1,1,0,2.0,-1.0,F,Operating W/O Valid License,1,0,Possession of Cocaine,2,Medium,1
Male,25 - 45,Asian,0,0,0,1.0,-1.0,M,Battery,0,0,,1,Low,0
Male,25 - 45,Hispanic,0,0,0,4.0,-1.0,F,Possession of Morphine,0,1,Fail Register Vehicle,4,High,1
Female,Less than 25,African-American,1,0,0,1.0,-1.0,M,,0,0,,1,Low,0
Male,Greater than 45,Asian,0,0,0,8.0,-1.0,F,Felony Driving While Lic Suspd,1,0,Tampering With Physical Evidence,8,Medium,1
Male,Less than 25,African-American,0,0,0,3.0,-4.0,F,arrest case no charge,0,0,,3,Low,0
Female,Greater than 45,African-American,0,0,0,0.0,-1.0,F,Possession of Cocaine,0,0,,0,Low,0
Male,25 - 45,Asian,0,0,0,6.0,0.0,F,Possession Of Alprazolam,1,1,Resist Officer w/Violence,6,High,1
Male,Greater than 45,Other,0,0,0,0.0,-1.0,M,Poss/Sell/Del/Man Amobarbital,0,0,Grand Theft of the 2nd Degree,0,Medium,0
Male,Less than 25,African-American,0,0,0,2.0,0.0,M,Battery,1,1,Battery,2,Medium,1
Female,Greater than 45,Asian,0,0,0,0.0,-1.0,F,Possession Of Methamphetamine,0,0,,0,High,0
Female,25 - 45,Native American,0,0,0,0.0,-1.0,M,Misuse Of 911 Or E911 System,0,0,DWLS Canceled Disqul 1st Off,0,Low,0
Male,Less than 25,Native American,0,0,0,1.0,-1.0,F,Neglect Child / No Bodily Harm,0,0,,1,Low,0
Male,Greater than 45,Asian,0,0,0,4.0,0.0,M,Battery,0,0,,4,Low,0
Male,Greater than 45,Asian,0,0,0,2.0,-1.0,M,Battery,1,0,Possess Cannabis/20 Grams Or Less,2,Low,1
Male,Greater than 45,African-American,0,0,0,2.0,-1.0,F,Oper Motorcycle W/O Valid DL,0,0,,2,Medium,0
Female,Greater than 45,Caucasian,0,0,0,0.0,-1.0,F,Misuse Of 911 Or E911 System,0,0,,0,Low,0
Male,25 - 45,African-American,0,0,0,0.0,-1.0,F,"Poss3,4 Methylenedioxymethcath",1,0,Introduce Contraband Into Jail,0,High,1
Female,Greater than 45,Native American,0,0,0,1.0,-1.0,M,Burglary Conveyance Unoccup,1,0,Possession of Cocaine,1,Low,1
Female,Less than 25,African-American,0,0,0,4.0,0.0,M,Driving Under The Influence,0,0,,4,Low,0
Male,25 - 45,African-American,0,0,0,1.0,-1.0,F,arrest case no charge,0,0,,1,Low,0
Female,Less than 25,African-American,0,0,0,8.0,0.0,M,Reckless Driving,1,0,Attempted Burg/struct/unocc,8,Low,1
Male,Greater than 45,African-American,0,0,0,3.0,-1.0,F,arrest case no charge,1,0,Traffick Oxycodone    14g><28g,3,Low,1
Female,25 - 45,African-American,0,0,0,1.0,-1.0,M,Battery,1,0,,1,Medium,1
Female,25 - 45,Caucasian,0,0,0,0.0,-6.152996303365462,M,Driving Under The Influence,1,0,,0,Low,1
Male,25 - 45,African-American,0,0,0,0.0,-1.0,M,Battery,0,0,,0,Low,0
Male,25 - 45,African-American,0,0,0,2.0,0.0,M,Battery,0,0,,2,Low,0
Female,25 - 45,Hispanic,0,0,0,2.0,-1.0,F,Poss Oxycodone W/Int/Sell/Del,1,0,Sale/Del Cocaine Child Care Fac,2,Medium,1
Male,Less than 25,Hispanic,0,0,0,0.0,-1.0,F,Grand Theft Dwell Property,0,0,,0,Low,0
Female,25 - 45,Caucasian,0,0,0,1.0,-1.0,F,Grand Theft (Motor Vehicle),1,0,Operating W/O Valid License,1,High,1
Male,Greater than 45,Other,0,0,0,3.0,0.0,F,Possession of Cocaine,0,0,,3,Low,0
Male,Less than 25,Asian,0,0,0,0.0,0.0,M,Battery,0,0,,0,Low,0
Female,25 - 45,African-American,0,1,0,5.0,-1.0,M,Battery,1,1,Battery,5,High,1
Male,25 - 45,Native American,0,0,0,4.0,-2.0,F,Poss Alprazolam W/int Sell/Del,1,0,Tampering With Physical Evidence,4,Low,1
Male,25 - 45,Hispanic,0,0,0,3.0,-1.0,F,arrest case no charge,1,1,Traffick Oxycodone    14g><28g,3,High,1
Male,Less than 25,Native American,0,0,0,1.0,-1.0,M,Battery,0,0,,1,Low,0
Female,25 - 45,Caucasian,0,0,1,0.0,-1.0,F,Battery,1,0,Possess Cannabis 1000FTSch,0,Low,1
Female,Less than 25,Caucasian,0,0,0,3.0,-1.0,M,Aggrav Battery w/Deadly Weapon,1,0,Disorderly Conduct,3,Low,1
Male,Less than 25,Native American,1,0,0,1.0,27.889754020358048,F,arrest case no charge,1,0,,1,High,1
Male,Less than 25,African-American,0,0,0,30.915092811375565,0.0,F,Driving While License Revoked,0,0,Leaving the Scene of Accident,30,High,1
Male,25 - 45,Caucasian,0,0,0,0.0,-1.0,M,Possession of Cocaine,1,1,Battery,0,Medium,1
Male,25 - 45,African-American,0,0,0,10.0,-1.0,F,Petit Theft,1,0,Home Invasion Robbery,10,Low,1
Male,Greater than 45,Asian,0,0,0,16.0,-1.0,F,arrest case no charge,1,0,Poss Handcuff Key While IC,15,Medium,1
Male,Greater than 45,Hispanic,0,0,0,2.0,-1.0,F,Possession of Cocaine,0,0,,2,Low,0
Male,Greater than 45,African-American,0,0,0,0.0,-1.0,F,Battery,0,0,,0,Low,0
Female,Greater than 45,Caucasian,1,1,0,6.0,-1.0,F,arrest case no charge,1,1,Battery,6,High,1
Female,25 - 45,African-American,0,0,0,0.0,-1.0,F,Att Burgl Unoccupied Dwel,1,0,,0,Low,0
Female,Greater than 45,African-American,0,1,1,4.0,0.0,F,arrest case no charge,1,1,Trespass Structure/Conveyance,4,High,1
Female,25 - 45,Caucasian,0,0,0,0.0,0.0,M,Attempted Robbery  Weapon,0,0,,0,Low,0
Female,Greater than 45,African-American,0,0,0,0.0,-1.0,F,False Ownership Info/Pawn Item,0,0,,0,Low,0
Male,Less than 25,African-American,0,0,0,22.0,-1.0,F,arrest case no charge,1,0,Operating W/O Valid License,22,High,1
Female,Less than 25,Asian,0,0,0,2.0,-1.0,F,Felony Driving While Lic Suspd,0,0,,2,Low,0
Male,Greater than 45,Asian,0,0,0,0.0,0.0,M,Armed Trafficking in Cannabis,0,0,,0,Low,0
Male,Greater than 45,Native American,0,0,0,0.0,0.0,F,Uttering a Forged Instrument,1,0,Intoxicating Beverages,0,High,1
Male,25 - 45,Caucasian,0,0,0,4.0,-26.97692450026253,M,arrest case no charge,0,0,,4,Low,0
Female,Less than 25,Caucasian,0,0,0,2.0,-1.0,F,Fel Drive License Perm Revoke,1,0,Susp Drivers Lic 1st Offense,2,Low,1
Male,25 - 45,Asian,0,0,0,1.0,-1.0,M,Battery,1,0,Child Abuse,1,Low,1
Female,25 - 45,Asian,0,0,0,1.0,-13.0,F,Sale/Del Cannabis At/Near Scho,0,0,,1,Medium,0
Male,Greater than 45,Asian,0,0,0,1.0,-1.0,F,Possession Of Methamphetamine,1,0,Introduce Contraband Into Jail,1,Low,0
Male,Less than 25,Native American,0,0,0,0.0,-1.0,M,False Ownership Info/Pawn Item,0,0,,0,Low,0
Male,Greater than 45,Hispanic,0,0,0,1.0,-1.0,F,Agg Assault W/int Com Fel Dome,0,0,,1,Low,0
Male,25 - 45,Hispanic,0,0,1,6.0,-1.0,M,Battery,1,1,Trespass,6,Medium,1
Male,25 - 45,Caucasian,0,0,0,4.0,-1.0,F,False Ownership Info/Pawn Item,1,0,Leaving the Scene of Accident,4,Medium,1
Female,Greater than 45,Asian,0,0,0,1.0,-1.0,F,Possession of Cocaine,0,0,,1,High,0
Male,Greater than 45,African-American,0,0,0,7.0,-1.0,F,Driving While License Revoked,1,0,Operating W/O Valid License,7,Low,1
Male,Less than 25,Other,0,0,0,2.0,-1.0,F,Purchase Cannabis,1,0,Home Invasion Robbery,2,Medium,1
Female,25 - 45,Caucasian,0,0,0,0.0,-1.0,F,Poss Cocaine/Intent To Del/Sel,1,0,Fail Obey Driv Lic Restrictions,0,High,1
Female,Less than 25,Caucasian,0,0,4,5.0,-1.0,F,arrest case no charge,1,0,Possess Drug Paraphernalia,5,Medium,1
Female,25 - 45,Other,0,0,0,4.0,-1.0,M,arrest case no charge,0,0,,4,Low,0
Female,Less than 25,Other,0,0,0,0.0,0.0,M,Battery,0,0,,0,Low,0
Male,25 - 45,Caucasian,0,0,0,8.0,-8.0,F,Possession of Morphine,1,0,Burglary Unoccupied Dwelling,8,Low,1
Female,Greater than 45,Native American,0,0,0,2.0,-1.0,M,Driving Under The Influence,1,0,Susp Drivers Lic 1st Offense,2,Low,1
Female,Greater than 45,Asian,0,0,0,0.0,-1.0,F,Oper Motorcycle W/O Valid DL,0,0,,0,Low,0
Female,Less than 25,Caucasian,0,0,0,0.0,-1.0,F,Posses/Disply Susp/Revk/Frd DL,0,0,,0,Low,0
Male,Less than 25,Caucasian,0,0,0,1.0,13.567892148362475,F,Possession of Cannabis,0,0,,1,Medium,0
Male,25 - 45,Caucasian,0,0,0,3.0,-1.0,M,Battery,1,0,Burglary Dwelling Armed,3,Medium,1
Male,Greater than 45,Asian,0,0,1,1.0,0.0,F,Possession of Cocaine,1,0,Grand Theft of the 2nd Degree,1,High,1
Male,Less than 25,Other,0,0,0,0.0,-1.0,M,Purchase Cannabis,1,0,Prowling/Loitering,0,Low,1
Male,Greater than 45,Other,0,0,0,2.0,-1.0,F,arrest case no charge,1,0,Possess Cannabis/20 Grams Or Less,2,Low,1
Female,25 - 45,African-American,0,0,0,4.0,-3.0,M,Assault,0,0,,4,High,0
Male,25 - 45,Native American,0,0,0,12.0,-26.0,F,arrest case no charge,0,0,,11,Low,0
Male,25 - 45,Other,1,1,1,16.0,-1.0,F,Grand Theft of a Fire Extinquisher,1,0,Possession of Cannabis,16,High,0
Male,25 - 45,African-American,0,0,0,0.0,0.0,M,Petit Theft,0,0,,0,Medium,0
Male,Greater than 45,African-American,0,0,0,2.0,-1.0,F,arrest case no charge,0,0,,2,Medium,0
Male,Less than 25,Asian,0,0,0,0.0,-1.0,F,Driving While License Revoked,0,0,,0,Low,0
Male,25 - 45,Asian,0,0,1,4.0,0.0,F,"Poss3,4 Methylenedioxymethcath",0,0,,4,Low,0
Female,25 - 45,Caucasian,0,0,0,0.0,-1.0,F,Oper Motorcycle W/O Valid DL,0,0,,0,Low,0
Female,25 - 45,Caucasian,0,0,0,0.0,-1.0,F,Kidnapping / Domestic Violence,1,0,Unlawful Assembly,0,Medium,1
Male,Greater than 45,African-American,0,0,0,1.0,-1.0,F,arrest case no charge,1,0,Possess Cannabis/20 Grams Or Less,1,Low,1
Male,25 - 45,Asian,0,0,0,2.0,0.0,M,Poss Alprazolam W/int Sell/Del,0,0,,2,Medium,0
Male,25 - 45,Other,0,0,0,2.0,-1.0,F,Felony Driving While Lic Suspd,0,0,,2,Low,0
Male,25 - 45,Caucasian,0,0,0,5.0,-21.0,F,,0,0,,5,Low,0
Male,Less than 25,African-American,0,0,0,2.0,-1.0,F,arrest case no charge,0,0,,2,Low,0
Female,25 - 45,Asian,0,0,0,10.0,0.0,M,Battery,0,0,,10,Low,0
Female,Greater than 45,Other,0,0,0,0.0,-1.0,M,Leave Acc/Attend Veh/More $50,1,0,Trespass,0,Low,1
Female,Greater than 45,Hispanic,0,0,0,0.0,-1.0,F,Felony Driving While Lic Suspd,0,0,,0,Low,0
Male,25 - 45,Native American,0,0,0,0.0,-1.0,F,Aggravated Assault,0,0,,0,Low,0
Male,25 - 45,Hispanic,0,0,0,1.0,-30.0,F,arrest case no charge,1,1,Burglary Dwelling Armed,1,High,1
Male,Greater than 45,Other,0,0,0,0.0,-1.0,M,Battery,0,0,,0,Low,0
Male,Less than 25,Other,0,0,0,0.0,-1.0,F,Grand Theft Dwell Property,0,0,,0,Medium,0
Male,Less than 25,Other,0,0,0,0.0,0.0,M,Battery,1,1,Harass Witness/Victm/Informnt,0,Low,1
Male,25 - 45,Native American,0,0,0,13.0,-1.0,F,Possession of Cocaine,1,0,Possession of Cocaine,13,High,1
Female,Greater than 45,Native American,0,0,0,8.0,-1.0,M,Grand Theft Dwell Property,1,1,Possess Cannabis/20 Grams Or Less,8,High,1
Male,25 - 45,African-American,0,0,0,0.0,0.0,M,Battery,0,0,,0,Low,0
Male,Greater than 45,African-American,0,0,0,0.0,-3.0,F,Battery,0,0,,0,Low,0
Female,25 - 45,Hispanic,0,0,0,2.0,-27.0,F,Possession Of Alprazolam,0,0,,2,Medium,0
Male,Greater than 45,Asian,0,0,0,0.0,0.0,M,Battery,0,0,,0,Low,0
Male,25 - 45,African-American,0,0,0,2.0,-1.0,F,arrest case no charge,0,0,,2,Low,1
Male,Greater than 45,Native American,0,0,0,0.0,-1.0,F,Petit Theft,0,0,,0,Low,0
Male,Greater than 45,African-American,0,0,0,5.0,-1.0,F,Poss Contr Subst W/o Prescript,1,0,Possess Cannabis/20 Grams Or Less,5,Medium,1
Male,Greater than 45,Other,0,0,0,5.0,-1.0,F,arrest case no charge,0,0,,5,Low,0
Male,Greater than 45,African-American,0,0,0,10.0,-1.0,F,arrest case no charge,1,0,Burglary Dwelling Assault/Batt,10,Medium,1
Male,25 - 45,African-American,0,0,0,3.0,-1.0,F,Purchase Cannabis,1,0,Possess Cannabis/20 Grams Or Less,3,High,0
Male,Greater than 45,Caucasian,0,0,0,0.0,-1.0,F,Possession of Cocaine,1,1,Resist/Obstruct W/O Violence,0,Low,1
Male,Less than 25,Caucasian,0,0,0,0.0,-1.0,F,Possession of Cocaine,0,0,,0,Low,0
Male,25 - 45,African-American,0,0,0,7.0,-2.0,M,arrest case no charge,1,0,Susp Drivers Lic 1st Offense,7,Low,0
Female,Greater than 45,Native American,0,1,1,3.0,0.0,M,Battery,1,0,,3,Low,1
Female,25 - 45,Asian,0,0,0,1.0,-4.0,F,Driving While License Revoked,0,0,,1,Low,0
Male,Greater than 45,Hispanic,0,0,0,0.0,0.0,M,Burglary Conveyance Unoccup,0,0,,0,Low,0
Female,Greater than 45,Hispanic,0,1,0,8.0,-1.0,F,Dealing in Stolen Property,1,1,Retaliate Wit/Vict No Injury,8,Low,1
Female,Greater than 45,Other,0,0,0,0.0,0.0,F,Possession of LSD,0,0,,0,Low,0
Male,Greater than 45,African-American,0,0,0,1.0,-1.0,F,arrest case no charge,0,0,,1,Low,0
Male,Greater than 45,Asian,0,1,0,4.0,-1.0,M,Battery,1,1,Armed Carjacking,4,High,1
Male,25 - 45,Native American,0,0,0,0.0,0.0,M,arrest case no charge,1,0,Traffick Oxycodone    14g><28g,0,Low,1
Female,25 - 45,Other,0,0,1,3.0,0.0,F,Poss Unlaw Issue Driver Licenc,1,0,,3,Medium,1
Male,25 - 45,African-American,0,0,0,8.0,0.0,F,arrest case no charge,1,0,Possession of Cocaine,8,High,1
Male,Less than 25,Native American,0,0,0,8.0,-1.0,F,False Ownership Info/Pawn Item,0,0,,8,Low,1
Male,25 - 45,Caucasian,0,0,1,11.0,-1.0,M,Petit Theft,1,0,Susp Drivers Lic 1st Offense,11,High,1
Female,Greater than 45,Other,0,0,0,1.0,-1.0,F,Possession Of Methamphetamine,0,0,,1,Low,0
Female,25 - 45,African-American,0,0,0,1.0,-4.0,F,Possession Of Methamphetamine,0,0,,1,Medium,0
Female,25 - 45,Asian,0,0,0,1.0,-28.0,F,False Ownership Info/Pawn Item,0,0,,1,Medium,0
Male,Greater than 45,Caucasian,0,0,0,9.0,-1.0,F,Armed Trafficking in Cannabis,1,1,Sale/Del Cocaine Child Care Fac,9,Medium,1
Male,Less than 25,Native American,0,0,1,2.0,-1.0,M,Agg Assault W/int Com Fel Dome,0,0,,2,Low,0
Male,Greater than 45,Caucasian,0,0,0,0.0,0.0,F,Misuse Of 911 Or E911 System,0,0,,0,Medium,0
Male,25 - 45,Caucasian,0,0,0,1.0,-1.0,F,Poss Contr Subst W/o Prescript,1,0,Possess Cannabis/20 Grams Or Less,1,Low,1
Female,Greater than 45,Other,0,0,0,9.0,-1.0,F,Driving While License Revoked,1,1,Battery,9,Medium,1
Male,25 - 45,Asian,0,0,0,0.0,0.0,M,Battery,0,0,,0,Low,0
Male,Less than 25,Hispanic,0,0,0,4.0,0.0,F,Possession of Cocaine,1,0,Operating W/O Valid License,4,High,1
Male,Less than 25,Caucasian,0,0,0,2.0,-1.0,F,Refuse Submit Blood/Breath Test,1,1,Felony Battery w/Prior Convict,2,High,1
Female,25 - 45,Native American,0,0,0,0.0,0.0,M,Assault,0,0,Leaving the Scene of Accident,0,Low,0
Male,25 - 45,Other,0,0,0,3.0,-19.308045722580125,M,arrest case no charge,1,0,Resist/Obstruct W/O Violence,3,High,1
Female,Less than 25,Caucasian,0,0,0,0.0,0.0,F,False Ownership Info/Pawn Item,0,0,,0,Medium,0
Male,25 - 45,Hispanic,0,0,0,8.0,0.0,M,Battery,1,0,Shoot/Throw Into Vehicle,8,Medium,1
Female,25 - 45,Caucasian,0,1,0,1.0,-1.0,F,False Ownership Info/Pawn Item,1,0,Opert With Susp DL 2nd Offens,1,High,1
Male,25 - 45,Other,0,0,0,0.0,0.0,M,Burglary With Assault/battery,1,1,Aggravated Battery / Pregnant,0,Low,1
Male,Greater than 45,Hispanic,0,0,0,0.0,0.0,M,Grand Theft of the 2nd Degree,0,0,,0,Low,0
Female,25 - 45,Hispanic,0,0,0,2.0,-1.0,F,Fel Drive License Perm Revoke,0,0,,2,Low,0
Female,Greater than 45,Asian,0,0,0,5.0,-1.0,M,Battery,1,0,Tampering With Physical Evidence,5,Medium,0
Male,Greater than 45,African-American,0,0,0,1.0,-9.78795055841536,F,Del of JWH-250 2-Methox 1-Pentyl,0,0,,1,Medium,0
Female,Greater than 45,African-American,0,0,0,0.0,-1.0,F,Battery,1,0,Operating W/O Valid License,0,High,1
Male,Greater than 45,African-American,0,0,0,1.0,-2.0,M,Viol Injunction Protect Dom Vi,0,0,,1,Low,0
Male,Greater than 45,Asian,1,0,0,1.0,-1.0,M,Battery,0,0,,1,Medium,0
Male,25 - 45,African-American,0,0,0,0.0,-1.0,F,Viol Injunction Protect Dom Vi,0,0,,0,Low,0
Female,25 - 45,Native American,0,0,0,6.0,-2.0,F,False Ownership Info/Pawn Item,0,0,,6,Low,0
Male,25 - 45,Hispanic,0,0,0,0.0,0.0,F,Possession of Cocaine,0,0,,0,Low,0
Male,Greater than 45,Native American,0,0,0,1.0,-3.0,F,arrest case no charge,0,0,Tampering With Physical Evidence,1,Low,0
Female,Greater than 45,Other,0,0,0,9.0,0.0,M,Battery,0,0,,9,Medium,0
Female,Less than 25,Caucasian,0,0,0,5.0,0.0,F,Cruelty to Animals,0,0,,5,Low,0
Male,Greater than 45,African-American,0,0,1,12.0,-1.0,M,Battery,1,0,Tampering With Physical Evidence,12,High,1
Female,25 - 45,Other,0,0,0,0.0,-1.0,M,Battery,0,0,,0,Low,0
Male,25 - 45,African-American,0,0,0,4.0,-1.0,F,Grand Theft (Motor Vehicle),1,0,Harass Witness/Victm/Informnt,4,High,1
Male,25 - 45,African-American,0,0,0,5.0,-1.0,F,Grand Theft (Motor Vehicle),1,0,Tampering With Physical Evidence,5,High,1
Male,25 - 45,Caucasian,0,0,0,1.0,-1.0,M,Poss Alprazolam W/int Sell/Del,0,0,,1,Low,0
Female,Less than 25,Native American,0,0,0,1.0,-3.0,F,Possession Of Methamphetamine,0,0,,1,Low,0
Male,25 - 45,Caucasian,0,0,0,1.0,0.0,M,Driving Under The Influence,1,0,Attempted Burg/struct/unocc,1,Low,1
Male,Greater than 45,African-American,0,1,0,3.0,-1.0,F,Felony Battery w/Prior Convict,0,0,,3,Medium,0
Male,25 - 45,Asian,0,0,0,10.964858696623763,-1.0,M,Battery,0,0,,10,Medium,0
Female,25 - 45,Other,3,0,4,12.0,-1.0,F,Tamper With Witness/Victim/CI,1,1,DWLS Habitual Offender 2nd,16,High,1
Female,25 - 45,Asian,0,0,0,2.0,-1.0,F,Grand Theft (Motor Vehicle),0,0,,2,Medium,0
Female,Less than 25,Native American,0,0,0,1.0,-1.0,M,Battery,1,1,Battery,1,Medium,1
Male,25 - 45,Other,0,0,0,11.0,-1.0,F,Felony Driving While Lic Suspd,1,0,Possess Drug Paraphernalia,10,High,1
Female,Greater than 45,Caucasian,0,0,0,7.0,-1.0,F,Aggrav Battery w/Deadly Weapon,0,0,,7,Low,0
Male,Greater than 45,African-American,0,0,0,1.0,0.0,M,Battery,1,0,Leaving the Scene of Accident,1,Low,1
Male,Less than 25,African-American,0,0,0,1.0,-1.0,F,arrest case no charge,0,0,,1,Medium,0
Male,25 - 45,African-American,0,0,0,0.0,-1.0,M,Battery,0,0,Introduce Contraband Into Jail,0,High,0
Female,25 - 45,Other,0,0,0,1.0,-1.0,M,Battery,0,0,,1,Low,0
Female,25 - 45,African-American,0,0,0,0.0,0.0,M,Battery,0,0,,0,Low,0
Male,Less than 25,Caucasian,0,0,0,1.0,0.0,M,Misuse Of 911 Or E911 System,1,0,Operating W/O Valid License,1,Low,0
Male,Greater than 45,Caucasian,0,0,0,0.0,-1.0,F,Possession of Cocaine,0,0,,0,Low,0
Male,Less than 25,African-American,0,0,0,1.0,-1.0,M,Battery,1,0,Tampering With Physical Evidence,1,Medium,1
Male,Less than 25,Asian,0,0,0,3.0,0.0,F,Possession Of Methamphetamine,0,0,,3,Low,1
Female,25 - 45,African-American,0,0,0,5.0,-1.0,F,Petit Theft $100- $300,0,0,,5,High,0
Male,25 - 45,African-American,2,0,0,2.0,-2.0,F,arrest case no charge,1,0,Burglary Unoccupied Dwelling,2,High,1
Female,Less than 25,Other,0,0,0,1.0,-17.1837833645068,F,Deliver Cocaine 1000FT Park,0,0,,1,Low,0
Male,Less than 25,Caucasian,0,0,0,2.0,-1.0,F,arrest case no charge,1,1,Operating W/O Valid License,2,Medium,1
Male,Greater than 45,Asian,0,4,1,27.187855510117068,0.0,M,Poss F/Arm Delinq,1,1,Aggravated Assault W/Dead Weap,26,High,1
Male,Greater than 45,Caucasian,0,0,0,4.0,-10.0,F,Felony DUI (level 3),0,0,,4,Low,0
Female,Greater than 45,Native American,0,0,2,3.0,0.0,F,Possession of Cocaine,0,0,,3,Low,0
Female,25 - 45,Native American,0,0,0,0.0,-1.0,F,Oper Motorcycle W/O Valid DL,0,0,,0,Low,0
Female,Less than 25,Caucasian,0,0,0,1.0,-1.0,F,Misuse Of 911 Or E911 System,0,0,,1,Low,0
Female,Less than 25,Asian,0,0,0,1.0,-1.0,F,"Poss3,4 Methylenedioxymethcath",0,0,,1,Medium,0
Female,25 - 45,Other,0,0,0,5.0,-1.0,F,Uttering a Forged Instrument,1,0,Possess Cannabis/20 Grams Or Less,5,Medium,0
Male,Less than 25,Hispanic,0,0,0,0.0,-1.0,F,Possession of Cocaine,0,0,,0,Medium,0
Female,25 - 45,African-American,0,0,0,3.0,-1.0,M,Deliver Cocaine 1000FT Park,1,0,Trespass,3,Low,1
Female,25 - 45,Native American,0,0,0,0.0,-6.429615554233948,M,Driving Under The Influence,0,0,,0,Low,0
Female,Less than 25,Hispanic,0,0,0,0.0,-1.0,M,Grand Theft (Motor Vehicle),1,0,Operating W/O Valid License,0,Medium,0
Male,Greater than 45,Asian,0,0,0,0.0,0.0,F,False Ownership Info/Pawn Item,0,0,,0,Low,0
Female,25 - 45,African-American,0,0,0,1.0,-1.0,F,Fraudulent Use of Credit Card,0,0,,1,Low,0
Male,Less than 25,Other,0,0,0,0.0,-1.0,M,Battery,1,1,Possess Cannabis/20 Grams Or Less,0,Low,0
Male,Less than 25,Other,0,0,0,14.0,-1.0,F,Grand Theft Dwell Property,0,0,,14,High,0
Female,Greater than 45,African-American,0,0,0,1.0,-1.0,F,Poss Of Controlled Substance,0,0,,1,Medium,0
Female,25 - 45,Native American,0,0,0,3.0,-8.0,F,arrest case no charge,1,0,Possess Cannabis/20 Grams Or Less,3,Low,0
Female,Less than 25,Caucasian,0,0,0,0.0,0.0,F,Viol Injunction Protect Dom Vi,1,0,Use of Anti-Shoplifting Device,0,Low,1
Male,Less than 25,Caucasian,0,1,0,5.0,-1.0,M,Battery,1,0,Leaving the Scene of Accident,5,Low,1
Male,25 - 45,African-American,0,0,0,1.0,-12.909430494392659,F,arrest case no charge,1,0,No Wholesale/ Retail Dealer Lic,1,Low,1
Male,25 - 45,African-American,0,0,0,0.0,0.0,F,Possession of Oxycodone,0,0,,0,Low,0
Male,25 - 45,Caucasian,0,0,0,4.0,0.0,F,Poss Oxycodone W/Int/Sell/Del,1,1,Possess Cannabis/20 Grams Or Less,4,Low,1
Male,25 - 45,Caucasian,0,0,0,4.0,-1.0,M,Battery,1,1,Felony Battery w/Prior Convict,4,Low,1
Male,25 - 45,Caucasian,0,0,0,0.0,-1.0,M,Battery,0,0,,0,Medium,0
Male,Less than 25,Native American,0,0,0,5.0,-1.0,F,Possession of Cocaine,1,0,Poss of Cocaine W/I/D/S 1000FT Park,5,Low,1
Female,Less than 25,African-American,0,0,0,0.0,-1.0,F,Possession Of Methamphetamine,1,0,Viol Injunct Domestic Violence,0,Low,1
Female,25 - 45,Asian,0,0,0,6.0,-1.0,F,Grand Theft (Motor Vehicle),0,0,,6,High,0
Female,25 - 45,Asian,0,0,0,2.0,-1.0,M,Battery,1,0,Poss Handcuff Key While IC,2,Low,1
Female,Greater than 45,Caucasian,0,0,0,1.0,-1.0,F,arrest case no charge,1,0,Shoot/Throw Into Vehicle,1,High,0
Female,25 - 45,Native American,0,0,0,3.0,-1.0,F,Fel Drive License Perm Revoke,1,0,Battery on a Person Over 65,3,High,1
Male,25 - 45,Native American,0,0,0,1.0,-20.506313564658143,F,Fel Drive License Perm Revoke,0,0,,1,Low,0
Female,25 - 45,African-American,0,0,0,0.0,0.0,M,Battery,0,0,,0,Low,0
Male,Less than 25,African-American,0,0,0,3.0,-1.0,F,arrest case no charge,1,0,Sale/Del Cocaine Child Care Fac,3,Medium,1
Male,25 - 45,Hispanic,0,0,0,1.0,-2.0,F,arrest case no charge,0,0,,1,High,0
Female,25 - 45,Caucasian,0,0,0,0.0,-1.0,F,Poss Similitude of Drivers Lic,0,0,,0,Low,0
Male,25 - 45,African-American,0,0,1,1.0,-1.0,F,Possession of Cocaine,0,0,,1,Medium,0
Male,25 - 45,Native American,0,0,0,0.0,-1.0,M,Battery,0,0,,0,Low,0
Male,25 - 45,Hispanic,0,0,0,0.0,-1.0,M,Grand Theft (Motor Vehicle),0,0,,0,Medium,0
Female,Less than 25,Caucasian,0,0,0,1.0,-1.0,M,Susp Drivers Lic 1st Offense,0,0,,1,Low,0
Female,25 - 45,African-American,0,0,0,7.0,-1.0,M,Felony Driving While Lic Suspd,0,0,,7,Medium,0
Male,Less than 25,African-American,0,0,0,0.0,-1.0,F,Uttering a Forged Instrument,0,0,,0,Medium,0
Female,Less than 25,Caucasian,0,0,0,0.0,-1.0,F,Battery,0,0,,0,Low,0
Male,Greater than 45,African-American,0,0,0,5.0,-1.0,F,Driving While License Revoked,0,0,,5,Low,0
Female,25 - 45,African-American,0,0,1,1.0,-1.0,F,Burglary Conveyance Unoccup,1,0,Grand Theft of the 2nd Degree,1,Low,1
Male,25 - 45,African-American,0,0,0,0.0,-1.0,M,Grand Theft Dwell Property,0,0,,0,Low,0
Female,25 - 45,Native American,0,0,0,11.0,-1.0,F,arrest case no charge,1,0,Unlaw Use False Name/Identity,11,High,1
Male,25 - 45,Hispanic,0,0,0,0.0,-1.0,F,Burglary Conveyance Unoccup,0,0,,0,Low,0
Female,Less than 25,Caucasian,0,0,0,5.0,-1.0,F,Possession Of Alprazolam,0,0,,5,Low,0
Male,Greater than 45,African-American,0,0,0,3.0,-22.0,M,Felony DUI (level 3),1,0,Operating W/O Valid License,3,Low,1
Male,Greater than 45,Hispanic,0,0,0,2.0,-1.0,M,arrest case no charge,0,0,,2,Low,0
Female,Greater than 45,Caucasian,0,0,0,0.0,-2.0,M,Susp Drivers Lic 1st Offense,1,0,Unlaw Malic Strike K9/Horses,0,Medium,1
Male,25 - 45,Caucasian,0,0,0,5.0,0.0,F,arrest case no charge,1,0,Operating W/O Valid License,5,High,0
Female,25 - 45,African-American,0,0,0,4.0,-1.0,M,Battery,1,1,Susp Drivers Lic 1st Offense,4,Medium,1
Female,Greater than 45,Hispanic,0,0,0,1.0,-1.0,F,arrest case no charge,1,0,Operating W/O Valid License,1,Low,1
Female,Less than 25,Hispanic,0,0,0,0.0,-3.0,F,Poss Oxycodone W/Int/Sell/Del,1,0,Crim Use of Personal ID Info,0,Medium,1
Male,Greater than 45,Hispanic,0,0,0,0.0,-1.0,F,Possession Of Methamphetamine,1,0,Possess Drug Paraphernalia,0,Low,1
Male,Greater than 45,Other,0,0,0,0.0,-1.0,F,Poss Similitude of Drivers Lic,1,0,,0,Low,1
Male,25 - 45,Caucasian,0,0,0,2.0,-1.0,F,Attempted Robbery  Weapon,0,0,,2,Low,0
Female,Greater than 45,Hispanic,0,0,0,3.0,-3.948386558266158,M,Posses/Disply Susp/Revk/Frd DL,0,0,,3,High,0
Female,Greater than 45,African-American,0,0,0,0.0,-1.0,F,Grand Theft (Motor Vehicle),0,0,,0,High,0
Female,25 - 45,Caucasian,0,0,0,4.0,-1.0,F,Driving While License Revoked,0,0,,4,Low,0
Male,Greater than 45,Caucasian,0,0,0,1.0,-1.0,M,Battery,0,0,Resist/Obstruct W/O Violence,1,Low,0
Female,25 - 45,African-American,0,1,0,23.0,-1.0,F,Driving License Suspended,0,0,,23,Medium,0
Male,Greater than 45,Native American,0,0,0,6.0,-1.0,F,Possession of Cannabis,1,0,Trespass/Property/Other Structure,6,High,1
Male,25 - 45,Hispanic,0,0,0,0.0,-1.0,F,Susp Drivers Lic 1st Offense,0,0,,0,Low,0
Male,Greater than 45,African-American,0,0,0,1.0,-1.0,F,arrest case no charge,1,0,Grand Theft (Motor Vehicle),1,Low,1
Male,Greater than 45,Other,0,0,0,2.0,-1.0,F,False Motor Veh Insurance Card,0,0,Resist/Obstruct W/O Violence,2,Low,1
Male,25 - 45,Native American,0,0,0,0.0,0.0,F,Neglect Child / No Bodily Harm,0,0,,0,Medium,0
Female,Less than 25,Caucasian,0,0,0,0.0,-1.0,F,Felony Battery w/Prior Convict,0,0,,0,Low,0
Male,Greater than 45,Asian,0,0,0,0.0,-1.0,M,Battery,1,1,Possess Cannabis/20 Grams Or Less,0,High,1
Male,25 - 45,Hispanic,0,0,0,0.0,-6.0,M,Battery,0,0,,0,Low,0
Female,25 - 45,Caucasian,0,0,0,0.0,0.0,M,Battery,0,0,,0,Low,0
Male,25 - 45,Caucasian,0,0,1,5.0,-1.0,F,False Ownership Info/Pawn Item,1,0,Possession of Cocaine,5,High,1
Female,Less than 25,Asian,0,0,0,1.0,-3.0,F,Petit Theft $100- $300,0,0,,1,Medium,0
Female,Less than 25,Caucasian,0,0,0,3.0,-1.0,F,Possession of Cocaine,1,0,Possess Drug Paraphernalia,3,Medium,1
Male,Greater than 45,African-American,0,0,0,2.0,-1.0,F,Aggravated Battery / Pregnant,1,0,Possess Drug Paraphernalia,2,High,1
Female,25 - 45,Caucasian,0,0,0,5.0,-1.0,F,Felony Driving While Lic Suspd,1,1,Trespass Other Struct/Convey,5,Low,1
Male,Less than 25,Native American,0,0,0,1.0,0.0,F,Aggrav Child Abuse-Causes Harm,0,0,,1,Low,0
Male,Greater than 45,Asian,0,0,0,4.0,-1.0,M,Fel Drive License Perm Revoke,1,0,Possession of Cocaine,4,Medium,1
Male,25 - 45,Asian,0,0,0,7.0,-5.0,M,Battery,0,0,,7,Medium,0
Male,Greater than 45,Native American,0,0,0,0.0,-1.0,F,arrest case no charge,0,0,,0,High,0
Male,25 - 45,Caucasian,0,0,0,8.0,0.0,F,arrest case no charge,1,0,Credit Card Theft,8,High,0
Male,Greater than 45,Native American,1,0,0,4.0,-1.0,F,arrest case no charge,0,0,,4,High,0
Male,Greater than 45,Other,0,0,0,0.0,-1.0,F,Battery,0,0,,0,Low,0
Male,25 - 45,Caucasian,0,0,0,3.0,-23.0,F,Agg Assault W/int Com Fel Dome,1,0,Disorderly Conduct,3,Low,1
Male,25 - 45,Other,0,0,0,1.0,-2.0,F,Possession Of Alprazolam,1,1,Sale/Del Cocaine Child Care Fac,1,Low,1
Male,Greater than 45,Asian,0,0,0,0.0,0.0,F,Agg Assault W/int Com Fel Dome,0,0,,0,Low,0
Male,25 - 45,African-American,0,0,0,2.0,-1.0,M,Driving License Suspended,0,0,,2,Low,0
Male,25 - 45,Asian,0,2,1,13.0,0.0,F,arrest case no charge,1,0,Reckless Driving,13,Medium,1
Male,25 - 45,Native American,0,0,0,11.0,-1.0,F,Grand Theft (Motor Vehicle),1,0,Unnatural/Lascivious Act,11,Medium,1
Female,Less than 25,African-American,0,0,0,4.0,-1.0,F,Possession Of Methamphetamine,0,0,,4,Medium,0
Male,Less than 25,African-American,0,0,1,1.0,0.0,M,Deliver Cocaine 1000FT Park,1,0,Child Abuse,1,High,1
Male,25 - 45,Caucasian,0,0,0,2.0,-18.0,M,Battery,0,0,,2,Low,0
Female,Greater than 45,African-American,0,0,0,3.0,0.0,F,arrest case no charge,1,0,,3,Low,0
Male,25 - 45,Native American,0,0,0,0.0,0.0,M,Poss Alprazolam W/int Sell/Del,1,0,Susp Drivers Lic 1st Offense,0,Low,1
Female,Greater than 45,African-American,0,0,0,1.0,0.0,F,Possession of Cocaine,0,0,,1,Medium,0
Male,Greater than 45,Hispanic,0,0,3,0.0,-2.0,M,Battery,0,0,,0,Low,0
Female,25 - 45,Other,0,0,0,1.0,-1.0,M,Battery,0,0,,1,Low,0
Male,Greater than 45,Native American,0,0,0,3.0,-1.0,F,arrest case no charge,1,0,Resist/Obstruct W/O Violence,3,High,1
Male,25 - 45,Caucasian,0,0,0,3.0,0.0,M,Att Burgl Unoccupied Dwel,0,0,,3,Low,0
Male,25 - 45,African-American,0,0,0,0.0,-1.0,F,Possession Of Methamphetamine,0,0,,0,Low,0
Female,25 - 45,Caucasian,0,0,0,1.0,-1.0,F,,0,0,,1,Medium,0
Male,Greater than 45,Caucasian,0,0,0,2.0,-22.0,F,Possession of Cocaine,0,0,,2,Low,0
Male,Less than 25,Hispanic,0,0,0,5.0,-1.0,M,arrest case no charge,0,0,,5,Medium,0
Female,25 - 45,Native American,0,0,0,6.0,-1.0,F,arrest case no charge,1,1,Resist Officer w/Violence,6,Medium,1
Male,Less than 25,Asian,0,0,0,2.0,-1.0,F,Battery,1,1,Leaving the Scene of Accident,2,Medium,1
Male,25 - 45,Hispanic,0,0,0,1.0,-1.0,F,False Ownership Info/Pawn Item,1,0,Open Carrying Of Weapon,1,Low,1
Female,25 - 45,Other,0,0,0,0.0,0.0,F,Felony Battery,1,0,Operating W/O Valid License,0,High,1
Female,25 - 45,Other,0,0,0,0.0,0.0,M,Battery,0,0,,0,Low,0
Male,Greater than 45,Hispanic,0,0,0,0.0,-1.0,F,Possession Of Methamphetamine,1,0,Possess Cannabis/20 Grams Or Less,0,Low,1
Male,Greater than 45,Native American,0,0,0,0.0,-1.0,M,Leave Acc/Attend Veh/More $50,0,0,,0,Low,0
Male,25 - 45,Hispanic,0,0,0,1.0,0.0,F,Possession of Cannabis,0,0,,1,Low,0
Male,25 - 45,African-American,0,0,0,5.0,-1.0,F,Agg Assault W/int Com Fel Dome,1,0,Resist Merchant W Or W/O Viol,5,High,1
Male,Greater than 45,African-American,0,0,0,2.0,-1.0,F,arrest case no charge,1,0,Burglary Conveyance Unoccup,2,High,1
Male,Less than 25,African-American,0,0,0,0.0,-1.0,M,False Ownership Info/Pawn Item,1,0,Operating W/O Valid License,0,Low,0
Female,25 - 45,Hispanic,0,0,0,0.0,-3.0,F,Poss Alprazolam W/int Sell/Del,0,0,,0,Low,0
Male,Greater than 45,Caucasian,0,0,0,5.0,-1.0,M,Battery,1,0,,5,Medium,1
Female,Greater than 45,African-American,0,0,0,19.0,-4.0,F,arrest case no charge,1,1,Possession of Cocaine,19,High,1
Male,25 - 45,African-American,0,0,0,4.0,0.0,F,Misuse Of 911 Or E911 System,1,0,Grand Theft of the 2nd Degree,4,High,1
Female,Greater than 45,Caucasian,0,0,0,2.0,-1.0,M,Agg Assault W/int Com Fel Dome,0,0,,2,Low,0
Male,Less than 25,Caucasian,0,0,2,0.0,-1.0,F,Burglary Conveyance Unoccup,1,0,,0,Low,1
Female,25 - 45,Hispanic,0,0,0,1.0,-1.0,M,Aggrav Battery w/Deadly Weapon,0,0,,1,Low,0
Female,25 - 45,Asian,0,0,0,23.0,0.0,M,Battery,1,0,Operating W/O Valid License,23,High,1
Female,Greater than 45,Asian,0,3,0,12.0,-1.0,M,Battery,0,0,,12,High,0
Female,Greater than 45,Other,0,0,0,0.0,-1.0,M,Battery,0,0,,0,Low,0
Male,Greater than 45,Other,1,0,0,11.0,-1.0,F,arrest case no charge,1,0,,11,High,1
Female,Greater than 45,Hispanic,0,0,0,0.0,-3.0,F,Possession of Cannabis,0,0,Tampering With Physical Evidence,0,Medium,0
Female,25 - 45,Other,0,0,0,0.0,0.0,F,Driving While License Revoked,0,0,,0,Low,1
Male,Less than 25,African-American,0,0,0,0.0,-1.0,F,Reckless Driving,0,0,,0,Low,0
Female,25 - 45,African-American,0,0,0,18.0,-1.0,F,arrest case no charge,1,0,Susp Drivers Lic 1st Offense,18,Low,1
Female,Greater than 45,Hispanic,0,1,0,2.0,-1.0,F,Aggrav Battery w/Deadly Weapon,0,0,,2,High,0
Female,25 - 45,African-American,0,0,0,0.0,-1.0,M,Battery,0,0,,0,High,0
Male,Greater than 45,Native American,0,0,0,0.0,-1.0,F,Del of JWH-250 2-Methox 1-Pentyl,1,0,Operating W/O Valid License,0,Low,1
Female,25 - 45,Hispanic,0,0,0,3.0,-1.0,F,Felony Driving While Lic Suspd,1,1,Susp Drivers Lic 1st Offense,3,Low,1
Male,25 - 45,Native American,0,0,0,1.0,-1.0,M,Driving License Suspended,1,0,Possession of Cocaine,1,Low,1
Female,Greater than 45,Native American,0,0,0,13.0,-1.0,F,Fraudulent Use of Credit Card,1,1,Felony Battery w/Prior Convict,13,Medium,1
Male,Greater than 45,Caucasian,0,0,0,0.0,-2.0,F,Possession of Cocaine,1,0,Resist/Obstruct W/O Violence,0,Medium,1
Female,25 - 45,Hispanic,0,1,0,1.0,-1.0,M,Crimin Mischief Damage $1000+,1,0,Possess Cannabis/20 Grams Or Less,1,Low,1
Male,25 - 45,Caucasian,0,0,0,5.0,0.0,F,Neglect Child / No Bodily Harm,0,0,,5,Low,0
Male,Greater than 45,Hispanic,0,0,0,2.0,0.0,F,Fel Drive License Perm Revoke,0,0,,2,Medium,0
Male,Less than 25,Asian,0,0,0,1.0,-1.0,F,Burglary Conveyance Unoccup,1,0,Shoot/Throw Into Vehicle,1,Medium,1
Male,25 - 45,Hispanic,0,0,0,2.0,-26.0,M,Driving Under The Influence,0,0,,2,Low,0
Male,25 - 45,Caucasian,0,0,0,0.0,0.0,M,Battery,1,0,Prowling/Loitering,0,Medium,1
Male,Less than 25,Asian,0,0,0,11.0,-1.0,F,Grand Theft (Motor Vehicle),0,0,,11,High,0
Female,25 - 45,Hispanic,0,0,0,0.0,-1.0,M,Battery,1,1,Battery,0,High,1
Male,25 - 45,Caucasian,0,0,2,1.0,-1.0,M,Battery,0,0,,1,Medium,0
Female,25 - 45,Native American,0,0,0,23.0,-1.0,F,False Ownership Info/Pawn Item,1,0,Battery on a Person Over 65,23,Medium,1
Male,Greater than 45,Asian,0,0,0,25.489601525603145,28.98868190085024,F,arrest case no charge,1,0,Attempted Burg/struct/unocc,25,High,1
Female,Greater than 45,African-American,0,0,0,2.0,-1.0,M,Battery,1,1,Resist Officer w/Violence,2,High,1
Male,25 - 45,Caucasian,0,0,0,4.0,-1.0,F,Fel Drive License Perm Revoke,1,0,Susp Drivers Lic 1st Offense,4,High,1
Female,Greater than 45,African-American,0,0,0,2.0,0.0,F,Purchase Cannabis,1,0,Burglary Conveyance Unoccup,2,High,1
Male,25 - 45,Other,0,0,0,1.0,-1.0,M,Reckless Driving,0,0,,1,Low,0
Female,25 - 45,Caucasian,0,0,0,3.0,-1.0,M,Petit Theft,1,0,Sale/Del Cocaine Child Care Fac,3,High,1
Male,Greater than 45,Asian,0,0,0,4.0,-4.364873187141516,M,Battery,0,0,,4,Low,0
Female,Greater than 45,African-American,0,0,0,0.0,-1.0,M,Battery,0,0,,0,Low,0
Female,Greater than 45,African-American,0,0,0,0.0,-1.0,F,Felony Driving While Lic Suspd,1,0,Tampering With Physical Evidence,0,Low,1
Male,Greater than 45,Asian,0,0,0,0.0,0.0,M,Battery,0,0,,0,Low,0
Male,Greater than 45,Asian,0,0,0,22.0,-1.0,F,Driving While License Revoked,1,0,Tampering With Physical Evidence,22,Medium,1
Female,Greater than 45,Other,0,0,0,3.0,-2.0,F,Neglect Child / No Bodily Harm,1,0,Introduce Contraband Into Jail,3,Low,1
Female,Less than 25,Caucasian,0,0,0,3.0,-1.0,F,Possession of Cocaine,1,1,Battery,3,Medium,1
Male,25 - 45,Hispanic,0,0,0,1.0,-1.0,M,Battery,1,0,Trespass Other Struct/Convey,1,Low,1
Female,25 - 45,Other,0,0,0,30.52323992974026,-21.53724590104606,F,Possession of Cocaine,1,0,Prowling/Loitering,30,Medium,1
Female,Less than 25,African-American,0,0,0,4.0,-1.0,F,Aggrav Battery w/Deadly Weapon,0,0,,4,Low,0
Male,Less than 25,Hispanic,0,0,0,3.0,0.0,F,Felony DUI (level 3),1,0,Grand Theft of the 2nd Degree,3,Medium,1
Male,Less than 25,African-American,0,0,0,2.0,-1.0,F,arrest case no charge,1,1,Resist/Obstruct W/O Violence,2,Low,1
Male,25 - 45,Native American,0,0,0,1.0,-1.0,M,Battery,1,0,Credit Card Theft,1,Medium,1
Male,25 - 45,Native American,0,0,0,2.0,-1.0,M,Battery,1,0,Burglary Unoccupied Dwelling,2,Low,0
Male,Greater than 45,African-American,0,0,0,2.0,-1.0,F,Possession of Cocaine,1,0,Operating W/O Valid License,2,Medium,1
Male,25 - 45,Asian,0,0,0,1.0,-1.0,M,Battery,0,0,,1,Low,0
Male,25 - 45,Caucasian,0,0,0,1.0,-1.0,F,Poss Of Controlled Substance,0,0,,1,Low,0
Female,Greater than 45,Caucasian,1,0,0,17.0,0.0,F,Neglect Child / No Bodily Harm,1,0,Operating W/O Valid License,16,High,1
Male,25 - 45,Caucasian,0,1,0,5.0,0.0,M,Battery,0,0,,5,Low,0
Male,Greater than 45,Hispanic,0,0,0,0.0,-1.0,M,Fraudulent Use of Credit Card,0,0,,0,Low,0
Male,Less than 25,Asian,0,0,0,1.0,-1.0,M,Battery,1,0,Possession of Cocaine,1,Low,0
Male,25 - 45,Caucasian,0,0,0,1.0,-1.0,F,Possession of Cocaine,0,0,,1,High,0
Female,25 - 45,Caucasian,0,0,0,0.0,-3.0,M,Refuse Submit Blood/Breath Test,0,0,,0,Low,0
Male,Greater than 45,Caucasian,0,0,0,5.0,-1.0,M,Driving License Suspended,0,0,,5,Low,0
Male,Greater than 45,Caucasian,0,0,0,0.0,-1.0,M,Battery,1,0,,0,Low,0
Male,Greater than 45,Caucasian,0,0,0,0.0,0.0,M,Driving Under The Influence,0,0,,0,Low,0
Male,25 - 45,Hispanic,0,0,1,0.0,-1.0,F,Grand Theft of the 2nd Degree,0,0,,0,Low,0
Male,25 - 45,Other,0,0,0,0.0,-1.0,M,Battery,0,0,,0,Low,1
Male,25 - 45,Hispanic,0,0,0,3.0,0.0,F,Felony Driving While Lic Suspd,1,1,Battery,3,Medium,1
Male,Less than 25,Hispanic,0,0,0,1.0,-7.0,F,Aggravated Assault,0,0,,1,Low,0
Male,25 - 45,Other,0,0,0,1.0,0.0,M,Battery,0,0,,1,Low,0
Male,Less than 25,Native American,0,0,0,1.0,-1.0,M,Assault,1,0,,1,Medium,1
Male,Less than 25,Native American,0,0,0,0.0,-1.0,F,Battery,0,0,,0,Medium,0
Female,Less than 25,African-American,0,0,0,1.0,-1.0,F,Kidnapping / Domestic Violence,0,0,,1,Low,0
Male,Greater than 45,Other,0,0,0,2.0,0.0,M,Driving Under The Influence,0,0,,2,Low,0
Male,25 - 45,Caucasian,0,0,0,6.0,0.0,F,Felony Driving While Lic Suspd,1,0,Resist Merchant W Or W/O Viol,6,Low,1
Female,Greater than 45,Caucasian,0,0,0,3.0,-1.0,F,arrest case no charge,0,0,,3,Low,0
Male,Greater than 45,Caucasian,0,0,0,0.0,0.0,M,Misuse Of 911 Or E911 System,0,0,,0,Low,0
Male,Less than 25,African-American,0,0,0,0.0,-1.0,F,Uttering a Forged Instrument,1,0,Possess Cannabis/20 Grams Or Less,0,Low,1
Male,Less than 25,Asian,0,0,0,0.0,0.0,M,Battery,0,0,,0,Low,0
Female,Less than 25,Hispanic,0,0,0,0.0,-1.0,M,Grand Theft (Motor Vehicle),0,0,,0,Low,0
Male,25 - 45,African-American,0,0,0,1.0,-2.0,M,Felony Battery,0,0,,1,Low,0
Female,Greater than 45,African-American,0,0,0,3.0,-1.0,M,Poss Alprazolam W/int Sell/Del,1,0,Unlaw Use False Name/Identity,3,Medium,1
Female,25 - 45,Caucasian,0,0,0,1.0,-1.0,F,False Ownership Info/Pawn Item,0,0,,1,Low,0
Male,Less than 25,Native American,0,0,1,13.0,-1.0,F,arrest case no charge,1,1,Viol Injunct Domestic Violence,11,Medium,1
Male,Greater than 45,Caucasian,0,0,0,0.0,0.0,F,arrest case no charge,1,0,,0,Medium,1
Male,Greater than 45,Hispanic,0,0,0,3.0,-2.0,F,Driving While License Revoked,0,0,,3,Low,0
Female,Greater than 45,Caucasian,0,0,0,0.0,-1.0,M,Battery,0,0,,0,Low,0
Female,25 - 45,Other,0,0,0,1.0,-3.0,M,Fel Drive License Perm Revoke,0,0,,1,Low,0
Male,25 - 45,African-American,0,0,0,14.0,-1.0,F,Possession of Cocaine,1,1,Burglary Dwelling Assault/Batt,15,High,1
Male,25 - 45,Caucasian,0,0,0,0.0,-1.0,F,Possession of Cannabis,0,0,,0,Low,0
Male,Less than 25,Native American,0,0,0,0.0,-1.0,F,Grand Theft (Motor Vehicle),0,0,,0,Low,0
Female,25 - 45,Asian,0,0,0,0.0,0.0,M,Battery,0,0,,0,Low,0
Male,Greater than 45,Native American,0,0,0,0.0,-2.0,F,Possession of Cocaine,0,0,,0,Low,0
Female,Less than 25,Hispanic,0,1,0,5.0,-1.0,M,arrest case no charge,0,0,,5,Medium,0
Male,Greater than 45,African-American,0,0,0,1.0,-1.0,F,Possession of Cocaine,0,0,,1,Low,0
Male,25 - 45,African-American,0,0,0,1.0,0.0,F,Grand Theft (Motor Vehicle),0,0,,1,High,0
Male,Less than 25,African-American,0,0,1,1.0,-1.0,F,Possession of Cannabis,1,0,Grand Theft (Motor Vehicle),1,High,1
Male,Greater than 45,African-American,0,0,0,4.0,-1.0,F,Poss Unlaw Issue Driver Licenc,1,0,Operating W/O Valid License,4,Low,1
Female,25 - 45,Other,0,0,0,2.0,0.0,M,Poss Unlaw Issue Driver Licenc,1,0,Unlaw Malic Strike K9/Horses,2,Medium,1
Male,Less than 25,African-American,0,0,0,2.0,0.0,M,Battery,1,0,Viol Injunct Domestic Violence,2,Low,1
Female,Greater than 45,African-American,0,0,0,1.0,-1.0,F,Felony Driving While Lic Suspd,0,0,,1,Low,0
Male,Less than 25,Native American,0,1,2,2.0,0.0,F,arrest case no charge,1,1,Cash Item w/Intent to Defraud,5,High,1
Male,Less than 25,Hispanic,0,0,1,0.0,0.0,F,Possession of Cannabis,0,0,,0,Low,0
Male,25 - 45,Other,0,0,0,4.0,-1.0,M,Reckless Driving,1,1,Home Invasion Robbery,4,High,1
Female,Greater than 45,Native American,0,0,1,0.0,-1.0,F,Battery,0,0,,0,Low,0
Female,Greater than 45,Caucasian,0,0,0,0.0,-2.0,F,Refuse Submit Blood/Breath Test,0,0,,0,High,0
Male,25 - 45,Hispanic,0,0,0,3.0,22.89914026455851,F,arrest case no charge,1,0,Reckless Display Of Weapon,3,Low,1
Male,Less than 25,Caucasian,0,0,0,0.0,-1.0,M,Battery,1,0,Child Abuse,0,Low,1
Male,Less than 25,Asian,0,0,0,1.0,-8.285777945278337,M,Battery,0,0,,1,Low,0
Female,Greater than 45,Other,0,0,0,0.0,-1.0,M,Poss Cocaine/Intent To Del/Sel,0,0,,0,High,0
Female,Less than 25,Other,0,1,0,13.0,-1.0,M,Driving License Suspended,1,0,Driving License Suspended,13,High,1
Female,Greater than 45,African-American,0,0,0,2.0,-1.0,M,Battery,1,0,Possess Drug Paraphernalia,2,Low,1
Female,25 - 45,Asian,0,0,0,19.0,-1.0,F,Possession of Cocaine,0,0,,19,Medium,0
Male,Greater than 45,African-American,0,0,0,1.0,-1.0,F,Burglary Conveyance Armed,0,0,,1,Medium,0
Male,25 - 45,Asian,0,0,0,4.0,-1.0,F,Felony Driving While Lic Suspd,1,0,Burglary Dwelling Armed,4,Low,1
Female,25 - 45,Other,0,0,0,5.0,-1.0,F,Sale/Del Cannabis At/Near Scho,1,1,Harass Witness/Victm/Informnt,5,High,1
Female,Less than 25,Caucasian,0,0,0,1.0,-1.0,F,Cruelty to Animals,1,0,Fail Register Vehicle,1,Low,1
Male,25 - 45,Asian,0,0,0,2.0,-1.0,F,Possession of Cocaine,0,0,,2,Low,0
Female,Greater than 45,Caucasian,0,0,0,1.0,-1.0,F,arrest case no charge,0,0,Aggravated Battery / Pregnant,1,Low,0
Female,25 - 45,Native American,0,0,0,2.0,0.0,F,arrest case no charge,0,0,,2,Low,0
Male,25 - 45,Caucasian,0,0,0,7.0,-1.0,F,arrest case no charge,1,0,Intoxicating Beverages,7,High,1
Male,Less than 25,Native American,0,0,0,4.0,-1.0,M,Battery,0,0,,4,Medium,0
Female,Greater than 45,Native American,0,1,0,2.0,-1.0,M,Battery,1,0,Possess Cannabis/20 Grams Or Less,2,High,1
Male,25 - 45,African-American,0,0,0,0.0,-1.0,F,Grand Theft (Motor Vehicle),1,1,Possess Cannabis/20 Grams Or Less,0,Low,1
Male,25 - 45,Other,0,0,0,0.0,0.0,M,Battery,0,0,,0,Medium,0
Male,Less than 25,Other,0,0,0,9.0,-1.0,M,Possession of Cannabis,1,1,Burglary Dwelling Armed,9,Medium,1
Male,25 - 45,Asian,0,0,0,0.0,-1.0,M,Battery,0,0,,0,Low,0
Female,Greater than 45,Caucasian,0,0,0,0.0,-1.0,M,Battery,0,0,,0,Medium,0
Female,Less than 25,Hispanic,0,0,0,2.0,-1.0,F,arrest case no charge,0,0,,2,High,0
Male,Greater than 45,Hispanic,0,0,0,0.0,-1.0,M,Battery,0,0,,0,Low,0
Female,Less than 25,Hispanic,1,1,0,6.0,-1.0,F,Agg Assault W/int Com Fel Dome,1,0,Driving License Suspended,6,High,1
Male,25 - 45,African-American,0,0,0,3.0,-1.0,F,Possession of Cocaine,1,1,Possession of Cocaine,3,Medium,1
Female,Less than 25,Asian,0,0,0,1.0,-1.0,F,Battery,0,0,,1,Low,0
Male,25 - 45,African-American,0,0,1,0.0,-1.0,F,Posses/Disply Susp/Revk/Frd DL,0,0,,0,Low,0
Female,Greater than 45,Hispanic,0,0,0,0.0,-1.0,F,Poss Unlaw Issue Driver Licenc,1,1,Shoot/Throw Into Vehicle,0,Medium,1
Male,Less than 25,Native American,0,0,2,0.0,-3.0,F,False Ownership Info/Pawn Item,0,0,,0,Medium,0
Male,Less than 25,Caucasian,0,0,0,3.0,-1.0,M,arrest case no charge,1,0,Resist/Obstruct W/O Violence,3,Low,1
Female,Less than 25,Native American,0,0,0,0.0,-1.0,F,Refuse Submit Blood/Breath Test,1,1,Battery,0,Medium,1
Female,25 - 45,Other,0,0,0,3.0,-22.440873434456783,M,Driving While License Revoked,0,0,,3,Medium,0
Female,25 - 45,Caucasian,0,0,0,10.0,-18.0,F,Driving While License Revoked,1,0,Resist/Obstruct W/O Violence,10,Low,1
Female,Less than 25,Other,0,0,0,5.0,-1.0,M,Battery,1,1,Battery,5,Medium,1
Male,Greater than 45,Native American,0,0,0,0.0,-1.0,F,Aggrav Child Abuse-Causes Harm,0,0,,0,Low,0
Male,Less than 25,Other,0,0,1,0.0,-1.0,F,Oper Motorcycle W/O Valid DL,1,0,Possess Cannabis/20 Grams Or Less,0,High,1
Female,25 - 45,African-American,0,0,0,0.0,0.0,M,Misuse Of 911 Or E911 System,0,0,,0,Low,0
Female,25 - 45,African-American,0,0,0,0.0,0.0,M,Possession of LSD,0,0,,0,Low,0
Male,Less than 25,African-American,0,0,0,3.0,0.0,F,Burglary Conveyance Unoccup,1,0,Viol Injunct Domestic Violence,3,Low,1
Male,Greater than 45,Hispanic,0,0,0,0.0,-1.0,F,Poss Similitude of Drivers Lic,0,0,,0,Low,0
Male,Less than 25,African-American,0,0,0,1.0,-1.0,F,Driving While License Revoked,0,0,,1,Low,0
Male,Less than 25,Asian,0,1,1,3.0,-1.0,M,Battery,0,0,Resist/Obstruct W/O Violence,3,High,1
Male,Greater than 45,Hispanic,0,0,0,4.0,-1.0,F,False Ownership Info/Pawn Item,1,0,Tampering With Physical Evidence,4,Medium,1
Female,25 - 45,Hispanic,0,0,0,2.0,0.0,M,Battery,0,0,,2,Low,0
Male,Greater than 45,Other,0,0,0,2.0,-1.0,M,arrest case no charge,1,0,Possess Cannabis/20 Grams Or Less,2,Medium,1
Female,25 - 45,Asian,0,0,0,0.0,0.0,F,Grand Theft (Motor Vehicle),0,0,,0,Medium,0
Male,Less than 25,African-American,0,0,0,2.0,-8.571768416255878,F,Burglary Conveyance Unoccup,1,0,Use Lost Or Stolen Credit Card,2,High,1
Female,Greater than 45,Hispanic,0,0,0,0.0,-2.0,M,Susp Drivers Lic 1st Offense,0,0,,0,Low,0
Female,25 - 45,African-American,2,1,1,3.0,21.53444330427324,F,Grand Theft of a Fire Extinquisher,1,0,Obstruct Officer By Disguise,3,High,0
Male,25 - 45,African-American,0,0,0,0.0,-1.0,F,Driving While License Revoked,0,0,,0,High,1
Male,25 - 45,Hispanic,0,0,0,15.0,-1.0,F,Uttering a Forged Instrument,1,0,Burglary Unoccupied Dwelling,15,High,1
Female,25 - 45,African-American,0,1,0,6.0,0.0,F,arrest case no charge,1,1,Battery,6,High,1
Male,Greater than 45,African-American,0,0,0,19.0,-1.0,F,Possession of Cocaine,1,1,Intoxicating Beverages,19,High,1
Male,Less than 25,Asian,0,0,0,0.0,-1.0,M,Viol Injunction Protect Dom Vi,0,0,,0,Low,0
Male,25 - 45,African-American,0,0,0,0.0,-1.0,F,Felony Driving While Lic Suspd,0,0,Leaving the Scene of Accident,0,Low,0
Male,Less than 25,Native American,0,0,0,7.0,-1.0,F,Assault,1,0,Possess Cannabis/20 Grams Or Less,7,High,0
Male,Less than 25,Native American,0,0,0,1.0,-1.0,F,Driving While License Revoked,1,0,Tampering With Physical Evidence,1,Medium,1
Male,Greater than 45,Caucasian,0,0,0,0.0,-1.0,M,Viol Injunction Protect Dom Vi,1,0,Operating W/O Valid License,0,Low,1
Female,25 - 45,African-American,0,0,0,0.0,-1.0,M,Kidnapping / Domestic Violence,1,0,Operating W/O Valid License,0,Low,1
Male,Less than 25,Asian,0,0,0,0.0,-1.0,M,Battery,1,1,Battery,0,Low,0
Male,25 - 45,African-American,0,0,0,2.0,-1.0,F,False Ownership Info/Pawn Item,1,0,Possess Drug Paraphernalia,2,Low,1
Male,Greater than 45,Asian,1,2,0,14.0,-1.0,F,Possession of Cocaine,1,0,Possession of Cocaine,14,High,1
Male,Greater than 45,African-American,0,0,0,5.0,-1.0,F,arrest case no charge,0,0,,5,Low,0
Male,Less than 25,African-American,0,0,0,9.0,-1.0,F,arrest case no charge,1,0,Possess Cannabis/20 Grams Or Less,9,Medium,1
Female,25 - 45,Caucasian,0,0,0,2.0,-1.0,M,Assault,0,0,,2,Medium,0
Female,Greater than 45,Asian,0,0,0,0.0,0.0,M,Battery,0,0,,0,Low,0
Female,25 - 45,Asian,0,0,0,0.0,-1.0,F,Poss Similitude of Drivers Lic,0,0,,0,Low,0
Female,25 - 45,African-American,0,0,0,0.0,-1.0,F,Crimin Mischief Damage $1000+,0,0,,0,Low,0
Female,25 - 45,African-American,0,0,0,5.0,-1.0,F,Aggravated Battery / Pregnant,1,0,Intoxicating Beverages,5,Medium,1
Male,25 - 45,Asian,0,0,0,0.0,0.0,M,Battery,1,1,Operating W/O Valid License,0,Low,1
Female,Greater than 45,African-American,0,0,0,0.0,-1.0,F,Del of JWH-250 2-Methox 1-Pentyl,1,1,Unlaw Malic Strike K9/Horses,0,High,1
Male,25 - 45,Asian,0,0,0,0.0,-1.0,M,Assault,1,1,Battery,0,Medium,1
Female,Greater than 45,Other,0,0,0,0.0,0.0,M,Driving Under The Influence,1,0,Possess Cannabis 1000FTSch,0,Low,1
Male,Less than 25,Caucasian,0,0,0,1.0,-24.774551453080772,F,Battery,0,0,,1,Low,0
Male,25 - 45,Asian,0,0,0,1.0,-1.0,F,Petit Theft,1,0,Disobey Officer/Fireman,1,Medium,1
Female,25 - 45,Other,0,0,0,9.0,0.0,M,Reckless Driving,1,0,Poss Handcuff Key While IC,9,Medium,1
Male,25 - 45,Caucasian,0,0,0,0.0,0.0,M,Battery,0,0,,0,Medium,0
Female,Greater than 45,Hispanic,0,0,2,8.0,0.0,F,Felony Driving While Lic Suspd,1,0,Prowling/Loitering,8,High,1
Male,25 - 45,Asian,0,0,0,3.0,-1.0,F,arrest case no charge,0,0,,3,Low,0
Male,Less than 25,Asian,0,0,0,3.0,-5.0,F,arrest case no charge,0,0,,3,Low,0
Male,Greater than 45,Native American,0,0,0,1.0,-1.0,F,arrest case no charge,1,0,Introduce Contraband Into Jail,1,Medium,1
Female,Greater than 45,Hispanic,0,0,0,3.0,-2.0,F,Refuse Submit Blood/Breath Test,1,1,Shoot/Throw Into Vehicle,3,Medium,1
Male,Greater than 45,Native American,0,0,0,3.0,-1.0,F,arrest case no charge,1,0,Fraud Use/Persnl ID Info/Deceased,3,High,1
Female,Less than 25,Hispanic,0,0,0,1.0,-1.0,M,Leave Acc/Attend Veh/More $50,1,1,Battery,1,Medium,1
Male,25 - 45,Other,0,0,0,0.0,-1.0,F,arrest case no charge,0,0,,0,Low,0
Female,25 - 45,African-American,0,0,0,1.0,-1.0,F,arrest case no charge,0,0,,1,Low,0
Female,Less than 25,African-American,0,0,0,1.0,0.0,F,arrest case no charge,1,1,Unlaw Use False Name/Identity,1,High,1
Female,Greater than 45,Other,0,0,0,0.0,0.0,F,Poss Oxycodone W/Int/Sell/Del,0,0,,0,Low,0
Female,Less than 25,Other,1,1,0,20.0,0.0,F,arrest case no charge,0,0,,20,High,0
Male,Less than 25,Other,0,0,0,5.0,-1.0,F,Felony Battery w/Prior Convict,0,0,,5,Medium,1
Male,Less than 25,Asian,0,0,0,0.0,-1.0,F,Crimin Mischief Damage $1000+,1,0,Use Lost Or Stolen Credit Card,0,Medium,1
Female,Less than 25,Asian,1,0,0,2.0,0.0,F,Aggravated Assault,1,0,Resist/Obstruct W/O Violence,2,High,1
Male,Greater than 45,Native American,0,1,2,1.0,-1.0,M,Driving License Suspended,1,0,Possess Cannabis/20 Grams Or Less,1,Low,1
Female,25 - 45,Asian,0,0,0,1.0,-8.0,F,arrest case no charge,0,0,,1,Medium,0
Male,25 - 45,Caucasian,0,0,0,0.0,0.0,F,Grand Theft Dwell Property,0,0,,0,Low,0
Male,25 - 45,Other,0,0,0,0.0,0.0,F,Neglect Child / No Bodily Harm,0,0,,0,Medium,0
Male,Greater than 45,African-American,0,0,0,5.0,-22.0,F,Fel Drive License Perm Revoke,1,0,Possess Drug Paraphernalia,5,Medium,1
Female,Greater than 45,Caucasian,0,0,0,0.0,-1.0,F,Poss/Sell/Del/Man Amobarbital,1,0,,0,Low,1
Male,25 - 45,Hispanic,0,0,0,0.0,-1.0,F,Possession of Cannabis,0,0,,0,Low,0
Female,Less than 25,Caucasian,0,1,1,1.0,-1.0,F,Poss/Sell/Del Cocaine 1000FT Sch,1,1,Battery,1,Medium,1
Male,Less than 25,Native American,0,0,0,0.0,-1.0,F,Burglary Conveyance Unoccup,1,0,Poss Handcuff Key While IC,0,Medium,1
Male,Less than 25,Caucasian,0,0,0,1.0,0.0,M,Battery,0,0,,1,Medium,0
Male,Greater than 45,Caucasian,0,0,0,1.0,-26.0,F,Aggrav Battery w/Deadly Weapon,0,0,,1,Low,0
Male,Less than 25,Hispanic,0,0,0,2.0,-1.0,M,Poss Cocaine/Intent To Del/Sel,1,0,Harass Witness/Victm/Informnt,2,High,1
Male,Less than 25,Caucasian,0,0,0,0.0,-1.0,M,Susp Drivers Lic 1st Offense,0,0,,0,Low,0
Male,25 - 45,Native American,0,0,0,0.0,-1.0,F,Poss Similitude of Drivers Lic,0,0,,0,Low,0
Female,Greater than 45,Hispanic,0,0,0,0.0,-1.0,F,Felony DUI (level 3),0,0,,0,Low,1
Male,Greater than 45,Caucasian,0,0,0,3.0,-1.0,F,Driving While License Revoked,0,0,,3,Low,0
Female,Greater than 45,Native American,0,0,0,0.0,0.0,M,Driving License Suspended,1,0,Operating W/O Valid License,0,Low,1
Male,Less than 25,African-American,0,7,1,8.0,-1.0,F,Driving While License Revoked,1,1,Trespass Structure/Conveyance,8,High,1
Male,Greater than 45,Native American,0,0,0,0.0,-1.0,F,Posses/Disply Susp/Revk/Frd DL,0,0,,0,Low,0
Male,Less than 25,African-American,0,0,0,0.0,-1.0,M,Battery,1,0,Possess Drug Paraphernalia,0,Medium,1
Male,25 - 45,African-American,0,0,0,1.0,-1.0,M,Battery,0,0,,1,Low,0
Male,25 - 45,Hispanic,0,0,0,3.0,-27.0,F,Misuse Of 911 Or E911 System,0,0,,3,Medium,0
Female,Greater than 45,Other,0,0,0,0.0,0.0,F,Driving While License Revoked,0,0,,0,Low,0
Female,Less than 25,Native American,0,0,2,0.0,-1.0,F,arrest case no charge,1,0,Deliver Cocaine,0,High,1
Female,Less than 25,African-American,0,0,0,3.0,-1.0,M,Reckless Driving,0,0,,3,Medium,0
Male,25 - 45,Native American,0,0,0,13.0,-1.0,F,Burglary Conveyance Unoccup,1,1,Reckless Display Of Weapon,13,High,1
Male,Less than 25,Native American,0,0,0,1.0,-1.0,M,Sale/Del Cannabis At/Near Scho,1,0,Unlaw Use False Name/Identity,1,Medium,1
Male,25 - 45,Hispanic,0,0,0,0.0,-1.0,M,Petit Theft,1,0,Possession of Cocaine,0,Medium,1
Male,25 - 45,African-American,0,0,0,0.0,-1.0,F,Misuse Of 911 Or E911 System,1,0,Possess Drug Paraphernalia,0,Low,1
Female,25 - 45,Native American,0,0,0,8.0,-1.0,F,arrest case no charge,1,0,Grand Theft (Motor Vehicle),8,High,1
Female,25 - 45,African-American,0,0,0,1.0,-1.0,F,Felony Driving While Lic Suspd,1,0,Fail Register Vehicle,1,Low,1
Female,Greater than 45,African-American,2,0,0,14.0,0.0,F,Possession of Cocaine,1,0,Unnatural/Lascivious Act,15,High,1
Female,Greater than 45,African-American,0,0,0,1.0,-1.0,F,Possession of Cannabis,0,0,,1,Low,0
Female,25 - 45,Hispanic,0,2,0,7.0,0.0,F,Sale/Del Cannabis At/Near Scho,1,1,Resist/Obstruct W/O Violence,7,Medium,1
Male,25 - 45,Caucasian,0,0,0,1.0,-1.0,F,Possession of Cocaine,1,0,Susp Drivers Lic 1st Offense,1,Low,1
Male,Less than 25,Asian,0,0,0,2.0,-3.0,F,Felony Battery w/Prior Convict,0,0,,2,Low,0
Male,Greater than 45,Asian,0,0,0,3.0,-3.0,M,Battery,0,0,,3,Low,0
Female,Greater than 45,Caucasian,0,0,0,1.0,-1.0,F,Petit Theft,1,0,Possession of Cocaine,1,Low,1
Male,25 - 45,Asian,0,0,0,1.0,-1.0,F,Felony Driving While Lic Suspd,1,1,Battery,1,Low,1
Female,Greater than 45,Native American,4,1,0,17.0,-1.0,F,Possession of Cocaine,1,0,Fail Register Vehicle,17,Medium,1
Female,25 - 45,Hispanic,0,0,0,0.0,0.0,M,Grand Theft of the 2nd Degree,0,0,,0,Low,0
Female,Greater than 45,African-American,0,0,0,2.0,-1.0,F,arrest case no charge,0,0,,2,Low,0
Male,Less than 25,Caucasian,0,0,3,9.0,-1.0,F,Possession of Morphine,1,0,Trespass Other Struct/Convey,9,Medium,1
Female,25 - 45,Hispanic,0,0,0,0.0,-1.0,F,Misuse Of 911 Or E911 System,0,0,,0,Low,0
Female,25 - 45,Other,0,0,0,0.0,0.0,M,Driving Under The Influence,0,0,,0,Low,0
Male,Greater than 45,Caucasian,0,0,0,0.0,-1.0,F,Crimin Mischief Damage $1000+,0,0,,0,Low,0
Male,Greater than 45,Native American,0,0,0,15.0,-1.0,M,arrest case no charge,1,0,Possession of Cocaine,15,Medium,1
Male,Less than 25,African-American,0,0,0,6.0,-1.0,F,arrest case no charge,0,0,,6,Medium,0
Female,25 - 45,African-American,0,0,0,1.0,-1.0,M,Susp Drivers Lic 1st Offense,0,0,,1,Medium,0
Male,Less than 25,African-American,0,0,0,0.0,-1.0,M,Battery,1,0,Trespass/Property/Other Structure,0,Low,1
Male,25 - 45,Hispanic,0,0,0,1.0,-1.0,F,Aggravated Assault,1,0,Possess Cannabis/20 Grams Or Less,1,Low,1
Male,25 - 45,Asian,0,0,0,1.0,-1.0,F,arrest case no charge,1,0,Possess Cannabis 1000FTSch,1,High,1
Male,25 - 45,African-American,0,0,0,1.0,-1.0,F,Possession of Oxycodone,0,0,,1,Medium,0
Female,Less than 25,Hispanic,0,0,0,0.0,-1.0,M,,1,0,Resist/Obstruct W/O Violence,0,Low,1
Male,25 - 45,Hispanic,0,0,0,1.0,-2.0,F,Attempted Robbery  Weapon,0,0,,1,Low,0
Female,Greater than 45,African-American,0,0,0,10.0,0.0,F,Felony Driving While Lic Suspd,0,0,,10,Low,1
Male,Less than 25,Native American,0,0,0,1.0,-2.0,F,Poss Cocaine/Intent To Del/Sel,1,0,Poss of Cocaine W/I/D/S 1000FT Park,1,Low,1
Female,Less than 25,African-American,0,1,3,14.0,0.0,F,arrest case no charge,1,0,Possess Drug Paraphernalia,14,High,1
Male,25 - 45,Other,0,0,0,0.0,-3.0,F,Possession of Cocaine,0,0,,0,Low,0
Female,25 - 45,Other,0,0,0,3.0,0.0,M,Battery,1,0,Mandatory Susp Possess Alcohol,3,Medium,1
Male,25 - 45,African-American,0,0,0,1.0,-13.0,M,Battery,0,0,,1,Low,0
Female,Greater than 45,Asian,0,0,0,0.0,0.0,M,Battery,1,0,Possess Cannabis/20 Grams Or Less,0,Medium,1
Female,Less than 25,Hispanic,0,0,0,5.0,-1.0,F,Poss Contr Subst W/o Prescript,1,0,Possession of Cocaine,5,Low,1
Female,25 - 45,African-American,0,0,0,0.0,0.0,M,Battery,0,0,,0,Low,0
Female,Greater than 45,Caucasian,0,0,0,0.0,0.0,F,"Poss3,4 Methylenedioxymethcath",1,1,Harass Witness/Victm/Informnt,0,Medium,1
Female,Less than 25,Hispanic,0,1,2,8.0,-1.0,F,False Ownership Info/Pawn Item,1,0,No Wholesale/ Retail Dealer Lic,8,Medium,1
Male,25 - 45,Caucasian,0,0,0,1.0,0.0,M,Viol Injunction Protect Dom Vi,1,0,Operating W/O Valid License,1,Low,1
Male,25 - 45,Hispanic,0,0,0,2.0,-1.0,F,Possession of Cocaine,1,0,Fail Register Vehicle,2,Low,1
Male,25 - 45,Native American,0,0,0,0.0,-1.0,F,Driving While License Revoked,0,0,,0,Medium,0
Male,25 - 45,Asian,0,0,0,8.0,-1.0,M,Driving Under The Influence,1,0,Disorderly Conduct,8,Medium,1
Female,Less than 25,Other,0,0,0,0.0,0.0,M,Driving Under The Influence,0,0,,0,Low,0
Male,Less than 25,Asian,0,0,0,0.0,-1.0,M,Felony Battery,0,0,,0,Low,0
Male,Less than 25,Native American,0,0,0,1.0,0.0,F,arrest case no charge,0,0,,1,Low,0
Male,Less than 25,Hispanic,0,0,0,3.0,0.0,M,Battery,0,0,,3,Medium,0
Female,Less than 25,Hispanic,0,0,0,8.0,-1.0,F,Felony DUI (level 3),0,0,Burglary Conveyance Unoccup,8,Low,1
Female,Greater than 45,Asian,0,0,0,3.0,-1.0,F,Burglary Conveyance Unoccup,1,0,Possess Cannabis/20 Grams Or Less,3,Low,1
Male,25 - 45,African-American,0,0,0,0.0,-1.0,F,Attempted Robbery  Weapon,0,0,,0,Medium,0
Female,25 - 45,Caucasian,0,0,0,7.0,-19.0,F,arrest case no charge,1,0,Operating W/O Valid License,7,Low,1
Male,25 - 45,Hispanic,0,0,0,1.0,-1.0,F,arrest case no charge,0,0,,1,Low,0
Male,Greater than 45,Hispanic,0,0,0,7.0,-1.0,F,Possession of Cocaine,1,0,,7,Medium,1
Male,Greater than 45,Native American,0,0,0,5.0,-1.0,M,Misuse Of 911 Or E911 System,1,0,Possess Drug Paraphernalia,5,Low,1
Female,25 - 45,African-American,0,0,0,4.0,-8.0,F,arrest case no charge,0,0,,4,Low,0
Male,Less than 25,African-American,0,0,0,3.0,-2.0,M,Battery,1,0,Leaving the Scene of Accident,3,Low,1
Male,Less than 25,Asian,0,0,0,0.0,-1.0,F,Possession of LSD,1,0,Susp Drivers Lic 1st Offense,0,Low,1
Male,Greater than 45,Asian,0,0,0,1.0,-1.0,M,Battery,0,0,,1,Medium,0
Male,25 - 45,Other,0,0,0,8.0,-1.0,F,Driving While License Revoked,1,0,Possession of Cocaine,8,Low,1
Female,Less than 25,Caucasian,0,0,0,0.0,-1.0,F,Possession of Cannabis,0,0,,0,Low,0
Female,25 - 45,Other,0,0,0,13.0,-1.0,M,Agg Assault W/int Com Fel Dome,1,0,Susp Drivers Lic 1st Offense,13,High,1
Female,25 - 45,African-American,0,0,0,3.0,-1.0,F,Burglary Conveyance Unoccup,1,0,Unnatural/Lascivious Act,3,Medium,1
Male,Greater than 45,Native American,0,0,0,10.0,-1.0,F,Attempted Robbery  Weapon,1,0,Poss Handcuff Key While IC,10,Medium,1
Male,Greater than 45,African-American,0,0,0,22.0,-1.0,F,Possession of Cocaine,1,0,Trespass/Property/Other Structure,22,High,1
Female,Greater than 45,Caucasian,0,0,0,0.0,-1.0,M,Battery,0,0,,0,Low,0
Male,25 - 45,African-American,0,0,0,1.0,-1.0,M,Battery,0,0,,1,Medium,0
Male,25 - 45,African-American,0,0,0,5.0,-19.0,F,Possession of Cocaine,0,0,,5,Low,0
Male,25 - 45,Hispanic,0,0,0,4.0,-1.0,F,Felony Driving While Lic Suspd,1,0,Crim Use of Personal ID Info,4,Medium,1
Female,Less than 25,Hispanic,0,0,0,0.0,-1.0,M,Battery,1,0,Operating W/O Valid License,0,Low,1
Male,Less than 25,African-American,0,0,0,0.0,-1.0,M,Battery,0,0,,0,Low,0
Male,Greater than 45,Caucasian,0,0,1,0.0,-1.0,M,Battery,1,0,Use Lost Or Stolen Credit Card,0,Medium,1
Female,Greater than 45,Native American,0,0,0,0.0,-2.0,M,Driving Under The Influence,0,0,,0,Low,0
Male,Greater than 45,African-American,0,0,0,2.0,0.0,F,Poss Oxycodone W/Int/Sell/Del,1,0,Susp Drivers Lic 1st Offense,2,Medium,0
Male,25 - 45,African-American,0,1,0,14.0,-1.0,F,Grand Theft (Motor Vehicle),1,0,Operating W/O Valid License,14,High,1
Male,Less than 25,Asian,0,0,0,0.0,-1.0,M,Posses/Disply Susp/Revk/Frd DL,0,0,,0,Low,0
Male,25 - 45,Hispanic,0,0,0,1.0,-8.0,M,Petit Theft $100- $300,1,0,Tampering With Physical Evidence,1,High,1
Male,Less than 25,Caucasian,0,0,0,0.0,-1.0,M,Battery,0,0,,0,Low,0
Male,25 - 45,African-American,0,0,0,0.0,0.0,M,Battery,0,0,,0,Low,0
Male,25 - 45,Caucasian,0,0,0,1.0,-1.0,M,Battery,0,0,,1,Medium,0
Female,Greater than 45,Caucasian,0,0,0,0.0,-1.0,M,Battery,1,0,Intoxicating Beverages,0,Low,1
Female,Less than 25,Other,0,0,0,0.0,-1.0,M,Possession of Cocaine,0,0,,0,Low,0
Male,25 - 45,Caucasian,0,0,0,0.0,-1.0,F,Possession of Oxycodone,0,0,,0,Low,0
Female,Less than 25,Caucasian,0,0,0,0.0,-1.0,F,Aggravated Battery / Pregnant,0,0,,0,Low,0
Female,25 - 45,African-American,0,0,0,1.0,0.0,F,Neglect Child / No Bodily Harm,1,0,Prowling/Loitering,1,High,1
Female,25 - 45,Hispanic,0,0,0,2.0,-1.0,M,False Ownership Info/Pawn Item,1,0,Prowling/Loitering,2,Medium,1
Male,Less than 25,Hispanic,0,0,0,11.0,-1.0,M,arrest case no charge,1,0,Poss of Cocaine W/I/D/S 1000FT Park,10,High,1
Male,Less than 25,African-American,0,0,0,18.0,0.0,M,Battery,1,0,Operating W/O Valid License,17,High,0
Male,25 - 45,Asian,0,0,0,0.0,-1.0,M,Battery,1,1,Battery,0,Low,1
Female,25 - 45,Native American,0,0,0,0.0,0.0,F,Aggrav Battery w/Deadly Weapon,0,0,,0,Low,0
Male,Greater than 45,Native American,3,0,0,12.0,-1.0,F,Possession Of Methamphetamine,1,0,Possession of Cocaine,12,High,1
Female,Greater than 45,Caucasian,0,0,0,6.0,0.0,F,arrest case no charge,1,0,Battery on a Person Over 65,6,Low,1
Male,Greater than 45,Asian,0,0,0,3.0,-1.0,F,arrest case no charge,1,0,Resist Merchant W Or W/O Viol,3,Medium,1
Male,25 - 45,African-American,0,0,0,0.0,-1.0,F,Aggrav Battery w/Deadly Weapon,0,0,,0,Medium,0
Male,Greater than 45,Asian,0,0,0,0.0,-1.0,F,Possession of Cannabis,1,0,Operating W/O Valid License,0,High,1
Male,Greater than 45,African-American,0,0,0,5.0,-1.0,F,Aggrav Battery w/Deadly Weapon,1,0,Susp Drivers Lic 1st Offense,5,High,1
Female,25 - 45,Caucasian,0,0,1,3.0,-1.0,F,"Poss3,4 Methylenedioxymethcath",0,0,,3,Medium,0
Female,Less than 25,Hispanic,0,0,0,7.0,-1.0,F,Felony Battery w/Prior Convict,1,0,Child Abuse,7,Low,1
Male,25 - 45,Hispanic,0,0,0,3.0,-1.0,F,Aggravated Battery / Pregnant,1,1,Intoxicating Beverages,3,Medium,1
Female,Less than 25,Caucasian,0,0,0,0.0,-1.0,F,Burglary Conveyance Unoccup,0,0,,0,High,0
Male,25 - 45,Hispanic,0,0,0,2.0,-1.0,M,Battery,0,0,,2,Low,0
Female,25 - 45,African-American,0,0,0,8.0,-1.0,F,Driving While License Revoked,0,0,,8,Low,0
Male,Greater than 45,African-American,0,0,0,0.0,-1.0,F,arrest case no charge,0,0,,0,Low,0
Female,Less than 25,African-American,0,0,1,1.0,0.0,F,Burglary Conveyance Unoccup,0,0,,1,Medium,0
Male,Less than 25,Other,0,0,0,9.0,0.0,F,Kidnapping / Domestic Violence,1,0,Possess Cannabis/20 Grams Or Less,9,Medium,1
Male,Less than 25,Caucasian,0,0,0,0.0,-1.0,F,Burglary Conveyance Unoccup,1,0,Possess Cannabis/20 Grams Or Less,0,Low,1
Male,Greater than 45,African-American,0,0,0,6.0,-23.0,F,Grand Theft (Motor Vehicle),0,0,,6,Low,0
Female,Less than 25,African-American,0,0,0,5.0,-1.0,F,,1,0,Operating W/O Valid License,5,High,1
Male,25 - 45,Hispanic,0,0,0,0.0,-1.0,F,Refuse Submit Blood/Breath Test,0,0,,0,High,0
Male,Less than 25,Caucasian,0,0,0,0.0,-2.0,F,arrest case no charge,0,0,,0,Low,0
Female,Less than 25,Native American,0,0,0,11.0,-1.0,M,Poss/Sell/Del/Man Amobarbital,0,0,,11,High,0
Female,Greater than 45,Hispanic,0,0,0,1.0,0.0,M,Driving Under The Influence,0,0,,1,Low,0
Male,25 - 45,Other,0,0,0,0.0,-2.0,M,Battery,0,0,,0,Low,0
Female,Greater than 45,Other,0,0,0,1.0,0.0,F,Possession of Cocaine,0,0,,1,High,0
Female,25 - 45,Hispanic,0,0,0,0.0,-1.0,F,False Ownership Info/Pawn Item,0,0,,0,Low,0
Male,Greater than 45,Caucasian,0,0,0,2.0,-1.0,F,Reckless Driving,0,0,,2,Low,0
Male,Greater than 45,Asian,0,0,0,0.0,-1.0,F,Possession of Cocaine,1,0,Deliver Cocaine,0,Medium,0
Female,Less than 25,Asian,0,0,0,2.0,-1.0,F,arrest case no charge,0,0,,2,Medium,0
Male,25 - 45,Caucasian,0,0,0,4.0,-1.0,F,Felony Driving While Lic Suspd,1,0,Grand Theft of the 2nd Degree,4,Low,1
Male,Less than 25,African-American,0,0,0,1.0,-11.0,F,False Ownership Info/Pawn Item,0,0,Open Carrying Of Weapon,1,Low,1
Female,25 - 45,African-American,0,0,1,9.0,-1.0,F,arrest case no charge,1,0,Susp Drivers Lic 1st Offense,10,High,0
Male,Less than 25,Caucasian,0,0,1,0.0,-1.0,F,Use Scanning Device to Defraud,0,0,,0,Low,0
Male,Greater than 45,Asian,0,1,0,6.0,-1.0,M,arrest case no charge,0,0,,6,Low,0
Male,25 - 45,Hispanic,1,0,0,5.0,-1.0,F,Oper Motorcycle W/O Valid DL,1,0,Unnatural/Lascivious Act,6,Medium,1
Male,25 - 45,African-American,0,0,0,4.0,-1.0,F,arrest case no charge,0,0,,4,Medium,0
Female,Greater than 45,Caucasian,0,0,0,0.0,0.0,M,Battery,0,0,,0,Low,0
Male,Less than 25,African-American,0,0,0,0.0,-1.0,M,Battery,0,0,,0,Low,0
Male,Less than 25,Native American,0,2,1,19.0,-1.0,F,False Ownership Info/Pawn Item,1,0,,19,High,1
Male,Less than 25,Hispanic,0,0,0,1.0,-1.0,F,False Ownership Info/Pawn Item,1,1,Sale/Del Cocaine Child Care Fac,1,Medium,1
Male,25 - 45,African-American,0,0,0,5.0,-1.0,F,arrest case no charge,1,0,,5,Low,0
Female,Greater than 45,Asian,0,0,0,2.0,-1.0,M,arrest case no charge,0,0,,2,Medium,0
Female,Greater than 45,African-American,0,0,0,1.0,-1.0,F,arrest case no charge,0,0,,1,Low,0
Female,Less than 25,Native American,0,0,0,0.0,-4.408812652334035,M,Driving Under The Influence,1,0,Unlaw Use False Name/Identity,0,Low,1
Female,25 - 45,African-American,0,0,0,1.0,-1.0,F,arrest case no charge,0,0,,1,Low,0
Male,Less than 25,Caucasian,0,0,1,13.0,-1.0,F,"Poss3,4 Methylenedioxymethcath",1,0,Operating W/O Valid License,13,Medium,0
Male,25 - 45,Native American,0,0,0,7.0,-1.0,F,Grand Theft (Motor Vehicle),1,0,Disobey Officer/Fireman,7,Medium,1
Female,25 - 45,African-American,0,0,0,0.0,-1.0,F,Purchase Cannabis,0,0,,0,Medium,1
Female,Less than 25,Native American,0,0,1,0.0,-2.0,F,Possession of Cocaine,1,0,Susp Drivers Lic 1st Offense,0,Low,1
Female,25 - 45,Asian,0,0,0,4.0,-1.0,F,Driving While License Revoked,1,1,Tampering With Physical Evidence,4,Medium,1
Male,25 - 45,African-American,0,0,0,0.0,0.0,M,Susp Drivers Lic 1st Offense,1,0,Possess Cannabis/20 Grams Or Less,0,Low,1
Male,25 - 45,African-American,0,0,0,0.0,-1.0,F,Burglary Conveyance Unoccup,0,0,,0,Low,0
Male,25 - 45,Asian,0,0,0,16.0,0.0,F,Driving While License Revoked,1,0,Unlaw Malic Strike K9/Horses,16,High,1
Male,25 - 45,African-American,0,0,0,9.0,0.0,F,arrest case no charge,1,1,Felony Battery w/Prior Convict,9,Medium,1
Female,25 - 45,Asian,0,0,0,1.0,-1.0,M,Aggrav Battery w/Deadly Weapon,0,0,,1,Low,0
Male,25 - 45,African-American,0,0,1,16.0,-1.0,M,Battery,1,0,Operating W/O Valid License,16,High,1
Male,Less than 25,Asian,0,0,0,3.0,9.155300972602298,M,Grand Theft of the 2nd Degree,1,1,Viol Injunct Domestic Violence,3,Low,1
Male,Greater than 45,Hispanic,0,0,0,12.0,0.0,M,Battery,1,1,Possess Cannabis/20 Grams Or Less,12,Medium,1
Male,Greater than 45,African-American,0,1,1,10.0,-4.0,F,Possession of Alcohol Under 21,1,0,Petit Theft,10,High,1
Female,Less than 25,African-American,0,0,0,2.0,-1.0,M,Driving License Suspended,0,0,,2,Low,0
Female,25 - 45,African-American,0,1,0,1.0,-6.0,F,arrest case no charge,1,1,Resist/Obstruct W/O Violence,1,High,1
Male,Less than 25,African-American,0,0,0,2.0,-1.0,F,Agg Assault W/int Com Fel Dome,0,0,,2,Low,0
Female,Greater than 45,Caucasian,0,0,0,12.0,-1.0,F,Sale/Del Cannabis At/Near Scho,0,0,,12,Medium,0
Male,25 - 45,Hispanic,0,0,0,0.0,-1.0,F,Grand Theft of the 2nd Degree,1,1,Burglary Conveyance Occupied,0,Medium,1
Male,25 - 45,African-American,0,0,0,3.0,-1.0,M,Petit Theft,1,0,Child Abuse,3,Low,1
Male,25 - 45,African-American,0,0,0,0.0,0.0,F,Attempted Robbery  Weapon,0,0,,0,High,0
Male,Greater than 45,Asian,0,0,0,0.0,-1.0,F,Poss Contr Subst W/o Prescript,0,0,,0,Low,0
Male,Greater than 45,African-American,1,0,0,10.0,-1.0,M,Felony Driving While Lic Suspd,1,0,Fail Obey Driv Lic Restrictions,10,Medium,1
Male,Greater than 45,Asian,0,0,0,0.0,0.0,M,Battery,1,0,Use Lost Or Stolen Credit Card,0,Low,1
Female,Less than 25,Hispanic,0,0,3,2.0,0.0,F,Carrying Concealed Firearm,1,0,Intoxicating Beverages,2,Low,1
Male,Less than 25,Caucasian,0,0,0,2.0,0.0,F,Aggravated Battery / Pregnant,1,0,Unlawful Assembly,2,Low,1
Female,Less than 25,Caucasian,0,0,0,0.0,-1.0,F,Felony DUI (level 3),1,0,Crim Use of Personal ID Info,0,High,1
Female,Less than 25,Native American,0,0,0,1.0,-27.0,F,Possession of Cocaine,0,0,,1,Low,0
Female,Less than 25,Native American,0,0,0,6.0,-1.0,F,Felony Driving While Lic Suspd,1,0,Susp Drivers Lic 1st Offense,6,Low,1
Male,25 - 45,Native American,0,0,0,0.0,0.0,F,Possession of Cocaine,1,1,Resist Officer w/Violence,0,Medium,0
Female,25 - 45,Hispanic,3,0,0,11.0,0.0,F,Possession of Cocaine,1,0,Possess Cannabis 1000FTSch,11,High,1
Male,Greater than 45,Asian,0,0,0,3.0,-1.0,F,Felony Driving While Lic Suspd,0,0,,3,High,0
Male,25 - 45,African-American,0,0,0,3.0,-22.0,M,Oper Motorcycle W/O Valid DL,0,0,,3,Low,0
Male,Less than 25,African-American,0,0,0,0.0,-1.0,F,Burglary Conveyance Unoccup,0,0,,0,Medium,0
Male,Less than 25,Caucasian,0,0,0,0.0,-1.0,F,Armed Trafficking in Cannabis,1,1,Battery,0,Low,1
Male,25 - 45,Native American,0,0,0,0.0,-1.0,F,Aggrav Child Abuse-Causes Harm,0,0,,0,Low,0
Male,25 - 45,Hispanic,0,0,0,11.0,-1.0,M,Possession of Morphine,1,1,Susp Drivers Lic 1st Offense,11,Low,1
Male,Less than 25,Caucasian,0,0,0,1.0,-1.0,M,Battery,0,0,,1,High,0
Male,25 - 45,Caucasian,0,0,0,0.0,-1.0,F,Neglect Child / No Bodily Harm,0,0,,0,Low,0
Male,25 - 45,African-American,0,0,0,1.0,-1.0,F,arrest case no charge,1,0,No Wholesale/ Retail Dealer Lic,1,Low,1
Male,Less than 25,Asian,0,0,0,0.0,-1.0,M,Battery,0,0,,0,Low,0
Male,Greater than 45,Native American,0,0,0,0.0,-1.0,F,Possession Of Alprazolam,0,0,,0,Medium,0
Female,25 - 45,Other,1,1,0,5.0,-1.0,F,arrest case no charge,0,0,,5,High,0
Male,Greater than 45,Caucasian,0,0,0,0.0,-1.0,M,Petit Theft $100- $300,0,0,,0,Low,0
Female,25 - 45,Native American,0,0,0,0.0,0.0,M,Battery,0,0,,0,Low,0
Male,25 - 45,Other,0,0,0,1.0,-1.0,M,Battery,1,0,Fraud Use/Persnl ID Info/Deceased,1,Low,1
Female,Less than 25,African-American,0,0,0,2.0,-1.0,F,Sale/Del Cannabis At/Near Scho,1,0,Tampering With Physical Evidence,2,Medium,1
Male,25 - 45,Other,0,0,0,2.0,0.0,F,Possession of Cannabis,1,0,Resist Officer w/Violence,2,High,1
Female,25 - 45,African-American,0,1,2,14.0,-1.0,F,Cruelty Toward Child,0,0,,14,Medium,0
Female,25 - 45,Native American,0,0,0,0.0,-2.0,F,Possession of Oxycodone,0,0,,0,Low,0
Male,Greater than 45,African-American,0,0,0,0.0,-1.0,F,Possession Of Methamphetamine,0,0,,0,Low,0
Male,Less than 25,African-American,0,0,0,0.0,-1.0,M,Battery,1,1,Drinking Alch Beverage In Open,0,Medium,1
Male,Greater than 45,Hispanic,0,0,0,9.0,-1.0,F,Poss Similitude of Drivers Lic,1,1,Battery,9,High,1
Female,25 - 45,Native American,0,0,0,1.0,-21.0,M,Battery,0,0,,1,Low,0
Male,Greater than 45,Other,0,0,0,0.0,-1.0,M,Battery,1,0,Possess Cannabis/20 Grams Or Less,0,Medium,1
Male,Greater than 45,Caucasian,0,0,0,1.0,-2.0,M,Battery,0,0,,1,Low,0
Male,Less than 25,Caucasian,0,0,0,0.0,-5.083015230416287,F,Felony Driving While Lic Suspd,1,0,Operating W/O Valid License,0,Low,1
Male,Greater than 45,African-American,0,0,0,4.0,0.0,M,Uttering a Forged Instrument,0,0,,4,Medium,0
Female,25 - 45,African-American,0,0,0,2.0,-1.0,M,Felony Battery,0,0,,2,Medium,0
Male,Greater than 45,Other,1,2,0,6.0,0.0,F,Deliver Cannabis 1000FTSch,1,0,Possession of Cocaine,6,Medium,1
Male,25 - 45,African-American,0,0,0,6.0,-1.0,F,Possession of Cocaine,1,0,Susp Drivers Lic 1st Offense,6,Low,1
Male,Greater than 45,African-American,0,1,0,10.0,-1.0,F,arrest case no charge,1,0,Driving License Suspended,10,High,1
Male,25 - 45,African-American,0,0,0,11.0,0.0,M,Battery,1,0,Unlaw Use False Name/Identity,11,Medium,1
Male,25 - 45,Other,0,0,0,3.0,-17.958965678369346,F,Poss Alprazolam W/int Sell/Del,0,0,,3,Low,0
Female,25 - 45,Other,0,0,0,4.0,-11.074153118755063,F,arrest case no charge,1,0,Fraud Use/Persnl ID Info/Deceased,4,Low,1
Male,Less than 25,Caucasian,0,0,2,0.0,-1.0,F,Del of JWH-250 2-Methox 1-Pentyl,0,0,,0,Low,0
Male,Less than 25,Asian,0,0,0,0.0,-1.0,M,Driving Under The Influence,0,0,,0,Low,0
Male,25 - 45,Native American,0,0,0,0.0,0.0,F,Att Burgl Unoccupied Dwel,0,0,,0,Medium,0
Female,Less than 25,Asian,0,0,0,17.0,0.0,M,Att Burgl Unoccupied Dwel,0,0,,16,Low,0
Female,25 - 45,Caucasian,0,0,0,10.0,-1.0,F,Fraudulent Use of Credit Card,0,0,,10,Low,0
Female,Less than 25,African-American,0,0,0,0.0,-1.0,M,Battery,1,1,Battery,0,Low,1
Female,Greater than 45,African-American,0,0,0,6.0,-1.0,F,Burglary Conveyance Armed,0,0,,6,Low,0
Female,25 - 45,African-American,0,0,0,1.0,-1.0,F,Refuse Submit Blood/Breath Test,1,1,Resist/Obstruct W/O Violence,1,Low,1
Male,25 - 45,African-American,0,0,0,14.0,-1.0,F,Grand Theft (Motor Vehicle),1,1,Possess Cannabis/20 Grams Or Less,14,High,1
Male,Less than 25,Asian,0,0,1,2.0,-1.0,F,False Ownership Info/Pawn Item,1,1,Unlaw Use False Name/Identity,2,Medium,1
Male,Less than 25,African-American,0,0,0,8.0,-28.855724167990903,F,Possession of Cocaine,1,0,Use Lost Or Stolen Credit Card,8,Medium,0
Female,25 - 45,Hispanic,0,0,0,0.0,-1.0,M,Battery,0,0,,0,Low,0
Male,Greater than 45,Asian,0,0,0,13.0,-1.0,F,Deliver Cocaine 1000FT Park,1,0,Traffick Oxycodone    14g><28g,13,High,1
Female,Greater than 45,Caucasian,0,0,0,2.0,-29.00100521676329,F,Poss Contr Subst W/o Prescript,0,0,,2,Low,0
Female,Less than 25,Other,0,0,0,23.75782671874756,0.0,F,Possession of Cocaine,1,0,Felony Battery w/Prior Convict,23,Medium,1
Female,Less than 25,Other,0,0,0,0.0,0.0,M,Battery,0,0,,0,Low,0
Male,25 - 45,Asian,0,0,0,0.0,-1.0,M,Battery,0,0,,0,Low,0
Male,25 - 45,Caucasian,0,0,0,18.825337509686626,0.0,M,arrest case no charge,1,0,Possess Cannabis 1000FTSch,19,High,1
Female,25 - 45,Caucasian,0,0,0,16.863772809039897,-1.0,F,Possession of Cocaine,1,0,Susp Drivers Lic 1st Offense,16,High,1
Female,Greater than 45,African-American,0,0,0,0.0,0.0,M,Battery,0,0,,0,Low,0
Female,Greater than 45,Caucasian,0,0,0,0.0,-1.0,F,Aggravated Battery / Pregnant,1,0,Grand Theft (Motor Vehicle),0,High,1
Female,25 - 45,Other,0,0,0,0.0,-1.0,M,Petit Theft $100- $300,0,0,,0,Low,0
Male,Less than 25,African-American,1,0,0,3.0,-1.0,M,Battery,1,1,Battery,3,Low,1
Female,25 - 45,Hispanic,0,0,0,1.0,-12.474225088184859,F,Possession of Cocaine,0,0,,1,Medium,0
Male,Less than 25,Caucasian,0,0,0,0.0,-1.0,F,Possession of Cocaine,1,0,Possession of Cocaine,0,Medium,1
Male,25 - 45,Native American,0,2,1,6.0,0.0,F,Poss Oxycodone W/Int/Sell/Del,1,0,Att Burgl Unoccupied Dwel,6,High,1
Male,25 - 45,Native American,0,0,0,0.0,-1.0,M,Battery,0,0,Sell Cannabis 1000FTSch,0,Medium,0
Male,25 - 45,Other,0,0,0,3.0,-4.0,F,Sale/Del Cannabis At/Near Scho,0,0,,3,Medium,1
Female,Greater than 45,Native American,0,0,0,1.0,-1.0,M,Purchase Cannabis,1,0,Credit Card Theft,1,Low,0
Male,25 - 45,Asian,0,1,0,14.0,-1.0,F,Aggravated Battery / Pregnant,0,0,,14,High,0
Female,Greater than 45,Native American,0,0,0,0.0,-1.0,F,Driving While License Revoked,1,0,Grand Theft of the 2nd Degree,0,Medium,1
Male,Greater than 45,Native American,0,0,0,8.0,0.0,M,Possession of Morphine,1,1,Possession of Cocaine,8,Low,1
Female,Less than 25,African-American,0,0,0,5.0,0.0,M,Susp Drivers Lic 1st Offense,1,0,Susp Drivers Lic 1st Offense,5,High,1
Female,Less than 25,Hispanic,0,0,0,0.0,0.0,M,Battery,1,0,Burglary Unoccupied Dwelling,0,Low,1
Male,25 - 45,African-American,0,0,0,0.0,0.0,F,Possession of Cannabis,0,0,,0,High,0
Female,Greater than 45,Hispanic,0,1,1,18.0,-1.0,F,Burglary Conveyance Unoccup,1,0,,17,High,1
Male,25 - 45,Native American,0,0,0,3.0,-1.0,M,arrest case no charge,0,0,,3,Medium,0
Female,25 - 45,African-American,0,0,0,1.0,-1.0,M,Poss Unlaw Issue Driver Licenc,0,0,,1,Low,0
Male,25 - 45,Hispanic,0,0,0,0.0,-1.0,F,Possession of Cocaine,1,0,Resist/Obstruct W/O Violence,0,Low,1
Male,Greater than 45,Hispanic,0,0,0,3.0,0.0,M,Possession Of Methamphetamine,0,0,,3,Medium,0
Female,25 - 45,Caucasian,0,0,0,1.0,-1.0,M,Battery,0,0,Grand Theft (Motor Vehicle),1,Low,0
Male,Less than 25,Caucasian,0,0,0,0.0,0.0,F,Cruelty to Animals,0,0,,0,High,0
Male,Less than 25,Caucasian,0,0,0,0.0,0.0,M,Petit Theft,1,0,Possess Cannabis/20 Grams Or Less,0,Low,0
Female,Greater than 45,Caucasian,0,0,0,6.0,-1.0,F,Uttering a Forged Instrument,1,0,,6,High,1
Male,25 - 45,Hispanic,0,0,0,1.0,-1.0,F,"Poss3,4 Methylenedioxymethcath",1,0,Child Abuse,1,Medium,1
Male,Greater than 45,Native American,0,0,0,6.0,-1.0,F,Grand Theft of the 2nd Degree,1,0,Grand Theft (Motor Vehicle),6,High,1
Female,Greater than 45,Caucasian,0,0,0,1.0,-1.0,F,Possession of Cannabis,1,0,Resist/Obstruct W/O Violence,1,High,1
Female,25 - 45,Native American,0,0,0,1.0,-1.0,M,Possession of LSD,1,0,Fail Register Vehicle,1,Low,1
Female,Greater than 45,Asian,0,0,0,6.0,-1.0,M,Felony Driving While Lic Suspd,1,0,Susp Drivers Lic 1st Offense,6,Medium,1
Male,25 - 45,African-American,0,0,0,5.0,0.0,F,arrest case no charge,0,0,,5,Low,0
Male,Greater than 45,Hispanic,0,3,4,15.420307181440606,-1.0,F,Poss Tetrahydrocannabinols,1,0,Grand Theft of the 2nd Degree,15,Medium,1
Female,Less than 25,Asian,0,0,1,0.0,0.0,M,Use Scanning Device to Defraud,1,0,Harass Witness/Victm/Informnt,0,Low,0
Male,Greater than 45,Caucasian,0,0,0,0.0,-1.0,F,Possession of Cannabis,0,0,,0,Low,0
Female,25 - 45,Asian,0,0,0,0.0,-1.0,M,Battery,1,1,Burglary Conveyance Occupied,0,Low,1
Male,25 - 45,Hispanic,0,0,0,0.0,0.0,M,Battery,0,0,,0,Low,0
Male,Greater than 45,Asian,0,0,0,2.0,-2.0,M,False Ownership Info/Pawn Item,0,0,,2,Medium,0
Male,Greater than 45,Hispanic,0,0,0,0.0,-2.0,M,Driving Under The Influence,0,0,,0,Medium,0
Male,Less than 25,Hispanic,0,0,0,3.0,-1.0,F,Burglary Conveyance Unoccup,1,0,Fail Obey Driv Lic Restrictions,3,Medium,1
Female,Greater than 45,Hispanic,0,0,0,8.0,-1.0,F,arrest case no charge,1,0,Mandatory Susp Possess Alcohol,8,Medium,0
Female,Greater than 45,African-American,0,0,0,15.0,-1.0,F,arrest case no charge,1,1,Grand Theft (Motor Vehicle),16,High,1
Male,Less than 25,Native American,0,0,0,1.0,-1.0,F,arrest case no charge,1,0,,1,Low,0
Male,25 - 45,Other,0,0,0,1.0,-1.0,F,Petit Theft $100- $300,0,0,,1,Low,0
Male,Greater than 45,Caucasian,0,0,0,5.0,-1.0,F,Kidnapping / Domestic Violence,1,0,Burglary Conveyance Unoccup,5,Low,1
Male,Greater than 45,Caucasian,0,0,0,3.0,-1.0,F,Leave Acc/Attend Veh/More $50,0,0,,3,Medium,0
Male,Greater than 45,Asian,0,0,0,0.0,-1.0,M,Battery,1,1,Resist/Obstruct W/O Violence,0,Low,1
Female,Greater than 45,Native American,0,0,0,16.0,0.0,F,Possession of Cocaine,1,0,Tampering With Physical Evidence,16,Medium,1
Female,25 - 45,African-American,0,0,0,3.0,0.0,M,Battery,1,1,Aggravated Battery / Pregnant,3,High,1
Male,Less than 25,African-American,0,0,0,1.0,0.0,F,arrest case no charge,0,0,Tampering With Physical Evidence,1,Low,0
Male,Less than 25,Native American,0,0,0,0.0,-1.0,M,Felony Driving While Lic Suspd,1,0,Operating W/O Valid License,0,Low,1
Female,Greater than 45,Caucasian,0,0,0,2.0,-1.0,F,Grand Theft of the 2nd Degree,0,0,,2,Low,0
Male,Less than 25,Asian,0,0,0,0.0,-1.0,M,Battery,0,0,,0,Low,0
Male,Greater than 45,Asian,0,0,0,0.0,-1.0,F,Uttering a Forged Instrument,1,0,Disobey Officer/Fireman,0,Low,1
Male,25 - 45,Hispanic,0,0,0,7.0,0.0,F,Driving While License Revoked,0,0,Susp Drivers Lic 1st Offense,7,Low,0
Male,25 - 45,Hispanic,0,0,0,0.0,-1.0,M,Fel Drive License Perm Revoke,1,1,Burglary Unoccupied Dwelling,0,High,1
Male,25 - 45,African-American,0,0,0,13.0,-1.0,F,Fel Drive License Perm Revoke,0,0,,13,Medium,0
Female,25 - 45,Other,0,0,0,0.0,0.0,F,Felony DUI (level 3),1,0,Home Invasion Robbery,0,Low,1
Male,25 - 45,Other,0,0,0,2.0,0.0,F,Poss Cocaine/Intent To Del/Sel,1,0,Possess Cannabis/20 Grams Or Less,2,Medium,1
Female,Greater than 45,Hispanic,2,0,0,13.0,-1.0,F,Driving While License Revoked,0,0,,13,Low,0
Female,Less than 25,Native American,0,0,0,0.0,-1.0,F,Neglect Child / No Bodily Harm,0,0,,0,Low,0
Female,Less than 25,Asian,0,0,0,1.0,0.0,M,Driving Under The Influence,0,0,,1,Low,0
Male,Greater than 45,Caucasian,0,0,0,2.0,-1.0,M,"Poss3,4 Methylenedioxymethcath",0,0,,2,Low,0
Male,Less than 25,Native American,0,0,0,21.000000000000004,-1.0,F,Possession of Cocaine,0,0,Unlaw Use False Name/Identity,21,Medium,0
Male,Less than 25,Caucasian,0,0,0,9.0,0.0,F,arrest case no charge,1,1,Battery,9,Medium,1
Male,Greater than 45,Caucasian,0,0,0,1.0,-1.0,F,Aggrav Child Abuse-Causes Harm,0,0,,1,Low,0
Male,25 - 45,African-American,0,0,1,2.0,-1.0,M,Grand Theft of the 2nd Degree,1,0,Possess Cannabis 1000FTSch,2,High,0
Male,Greater than 45,African-American,0,0,0,4.0,0.0,F,Possession Of Methamphetamine,1,1,Resist/Obstruct W/O Violence,4,High,1
Male,25 - 45,Other,0,0,0,3.0,-13.0,F,Possession of Cocaine,0,0,,3,Low,0
Female,25 - 45,African-American,0,0,0,1.0,0.0,M,Battery,0,0,,1,Low,0
Male,25 - 45,African-American,0,0,0,3.0,-5.0,F,Driving While License Revoked,0,0,,4,Low,0
Female,Less than 25,Hispanic,1,0,0,1.0,-13.0,F,arrest case no charge,1,1,Battery,1,High,0
Male,25 - 45,Caucasian,0,0,0,0.0,-1.0,M,Battery,0,0,,0,Low,0
Male,Greater than 45,Caucasian,0,0,2,0.0,-1.0,F,Grand Theft (Motor Vehicle),1,1,Battery,0,Medium,1
Male,Greater than 45,Other,0,0,0,1.0,-1.0,M,Battery,1,1,Use Lost Or Stolen Credit Card,1,Low,1
Male,Greater than 45,Other,0,0,0,0.0,-1.0,M,Battery,0,0,,0,Low,0
Female,25 - 45,African-American,0,0,0,4.0,-1.0,F,Possession of Cocaine,0,0,,4,High,0
Male,25 - 45,Caucasian,0,0,0,1.0,-30.0,F,Possession of Cocaine,0,0,,1,Low,0
Male,Greater than 45,Caucasian,0,0,0,4.0,-1.0,F,arrest case no charge,0,0,,4,Low,0
Male,Less than 25,Asian,0,0,0,1.0,18.47521460750402,F,arrest case no charge,1,0,Operating W/O Valid License,1,Low,1
Female,Greater than 45,Caucasian,0,0,0,1.0,0.0,F,Neglect Child / No Bodily Harm,1,0,Use Lost Or Stolen Credit Card,1,Low,1
Male,Greater than 45,Caucasian,0,0,0,2.0,-4.0,F,arrest case no charge,1,0,Susp Drivers Lic 1st Offense,2,Low,0
Male,25 - 45,African-American,0,0,0,0.0,0.0,F,Driving Under The Influence,0,0,,0,Low,0
Female,25 - 45,Caucasian,0,0,0,2.0,-1.0,F,Grand Theft (Motor Vehicle),1,0,Tampering With Physical Evidence,2,High,1
Male,25 - 45,Native American,0,0,0,0.0,-1.0,F,Burglary Conveyance Unoccup,0,0,,0,Low,0
Male,Greater than 45,Hispanic,0,0,0,5.0,-1.0,M,arrest case no charge,0,0,,5,Low,0
Male,Greater than 45,African-American,0,0,0,7.0,-1.0,F,arrest case no charge,1,0,Open Carrying Of Weapon,7,Medium,1
Male,Greater than 45,Other,0,0,0,4.0,0.0,M,Battery,1,1,Resist Officer w/Violence,4,Medium,1
Female,Less than 25,Asian,0,2,0,3.0,-1.0,F,Poss Similitude of Drivers Lic,1,0,Grand Theft of the 2nd Degree,3,Low,1
Female,25 - 45,African-American,0,0,0,10.95281464735015,-1.0,M,Battery,1,1,Battery,11,Medium,1
Male,25 - 45,African-American,0,0,0,9.0,-1.0,F,arrest case no charge,1,0,Resist/Obstruct W/O Violence,9,High,1
Male,Greater than 45,Native American,0,0,0,0.0,0.0,F,Sale/Del Cannabis At/Near Scho,0,0,,0,Medium,0
Male,Greater than 45,African-American,0,0,0,1.0,-1.0,F,Uttering a Forged Instrument,1,0,Resist/Obstruct W/O Violence,1,Low,1
Female,Less than 25,Asian,0,0,0,4.0,-1.0,F,Posses/Disply Susp/Revk/Frd DL,1,1,Operating W/O Valid License,4,High,1
Male,Greater than 45,Caucasian,0,0,0,22.0,-1.0,F,arrest case no charge,1,0,Possession of Cocaine,22,High,1
Male,Greater than 45,Hispanic,0,0,0,8.0,-1.0,M,Battery,0,0,,8,Low,0
Male,25 - 45,African-American,0,0,0,5.0,0.0,M,False Motor Veh Insurance Card,0,0,,5,Medium,0
Male,25 - 45,Asian,0,0,0,1.0,-1.0,F,Possession of Oxycodone,0,0,,1,High,0
Male,Greater than 45,Hispanic,0,0,0,8.0,-21.530879755125717,F,Possession of Cocaine,1,0,Possession of Cocaine,8,Low,1
Male,Less than 25,Native American,0,1,0,3.0,-1.0,F,Grand Theft (Motor Vehicle),1,0,Fail Register Vehicle,3,Medium,1
Male,25 - 45,Asian,0,0,0,4.0,-1.0,F,Kidnapping / Domestic Violence,0,0,,4,Medium,0
Female,25 - 45,Asian,0,0,0,0.0,-1.0,M,False Motor Veh Insurance Card,0,0,,0,Low,0
Female,Greater than 45,African-American,0,0,0,4.0,0.0,F,Misuse Of 911 Or E911 System,0,0,,4,Medium,0
Female,25 - 45,Native American,2,0,0,6.0,-1.0,F,Felony Battery w/Prior Convict,1,1,Battery,6,Low,1
Female,Greater than 45,Native American,0,0,0,0.0,-1.0,F,Burglary Conveyance Unoccup,0,0,,0,Low,0
Female,Greater than 45,African-American,0,0,0,9.0,-1.0,F,Burglary Conveyance Unoccup,0,0,,9,Medium,0
Male,Greater than 45,Caucasian,1,4,0,8.0,0.0,M,Battery,0,0,,8,Medium,0
Male,Greater than 45,Native American,0,0,1,4.0,-1.0,F,arrest case no charge,1,1,Harass Witness/Victm/Informnt,4,High,1
Female,25 - 45,Other,0,0,0,3.0,-1.0,M,Petit Theft,1,1,Possess Cannabis/20 Grams Or Less,3,Low,1
Male,Greater than 45,Caucasian,0,0,0,1.0,-1.0,F,Posses/Disply Susp/Revk/Frd DL,1,0,Poss of Cocaine W/I/D/S 1000FT Park,1,Low,1
Female,25 - 45,Asian,0,0,0,3.0,-1.0,F,Poss Oxycodone W/Int/Sell/Del,1,0,Felony Battery w/Prior Convict,3,Low,1
Male,Less than 25,Caucasian,0,0,0,8.0,-13.43244603044393,F,arrest case no charge,0,0,,8,Low,0
Male,Greater than 45,Other,0,0,0,2.0,-1.0,F,arrest case no charge,1,0,Poss of Cocaine W/I/D/S 1000FT Park,2,Low,1
Male,25 - 45,Other,0,0,0,0.0,-1.0,M,Battery,0,0,,0,Low,0
Female,25 - 45,Caucasian,0,0,0,1.0,-22.0,F,Possession of Cocaine,1,0,Use Lost Or Stolen Credit Card,1,Low,1
Female,Greater than 45,Other,0,0,0,0.0,-1.0,M,Crimin Mischief Damage $1000+,0,0,,0,Low,0
Male,Greater than 45,Hispanic,0,0,0,0.0,0.0,M,Battery,0,0,,0,Low,0
Male,Greater than 45,Asian,0,0,0,0.0,-1.0,F,Refuse Submit Blood/Breath Test,1,0,Burglary Unoccupied Dwelling,0,High,0
Male,25 - 45,Hispanic,0,0,0,0.0,0.0,M,Battery,0,0,,0,Low,0
Male,25 - 45,Caucasian,0,0,0,4.0,-1.0,M,Possession Of Alprazolam,0,0,,4,Medium,0
Female,Greater than 45,African-American,0,0,0,0.0,0.0,M,Battery,1,0,Trespass Other Struct/Convey,0,Low,1
Male,25 - 45,Hispanic,2,0,0,2.0,-21.0,F,arrest case no charge,1,0,Susp Drivers Lic 1st Offense,2,High,1
Male,Less than 25,Hispanic,0,0,0,2.0,-1.0,M,Battery,1,0,Leaving the Scene of Accident,2,Low,1
Male,Less than 25,Hispanic,0,0,2,10.0,-1.0,F,Dealing in Stolen Property,1,1,Resist/Obstruct W/O Violence,10,Low,1
Male,25 - 45,Other,0,0,0,0.0,-2.0,F,Dealing in Stolen Property,1,1,Viol Injunct Domestic Violence,0,Low,1
Male,25 - 45,African-American,0,0,1,8.0,-1.0,F,Uttering a Forged Instrument,0,0,,8,High,0
Male,Less than 25,Other,0,0,0,7.0,-1.0,F,Fel Drive License Perm Revoke,0,0,,7,Low,0
Female,Greater than 45,Hispanic,0,0,0,2.0,0.0,M,Battery,1,1,Viol Injunct Domestic Violence,2,Low,1
Female,Greater than 45,Caucasian,0,0,0,2.0,-1.0,F,arrest case no charge,1,0,Unlawful Assembly,2,Low,1
Female,Greater than 45,Caucasian,0,0,0,0.0,-1.0,F,Petit Theft,0,0,,0,Low,0
Female,25 - 45,Native American,0,0,0,4.0,-1.0,F,False Ownership Info/Pawn Item,0,1,Burglary Unoccupied Dwelling,4,Low,1
Male,Greater than 45,African-American,0,0,0,0.0,0.0,F,Possession Of Alprazolam,1,0,Possess Cannabis/20 Grams Or Less,0,Low,1
Male,Less than 25,Asian,0,0,0,2.0,0.0,M,Driving License Suspended,0,0,,2,Low,0
Female,25 - 45,Other,0,0,0,0.0,-1.0,M,Battery,0,0,Tampering With Physical Evidence,0,Low,0
Male,Greater than 45,Caucasian,0,0,1,11.0,-1.0,F,Possession of Cocaine,1,0,Prowling/Loitering,11,High,1
Male,25 - 45,Native American,0,0,0,0.0,-2.0,F,Fel Drive License Perm Revoke,0,0,,0,Low,0
Male,25 - 45,Caucasian,0,0,0,3.0,-1.0,F,Driving While License Revoked,0,0,,3,Low,0
Female,25 - 45,African-American,0,0,0,5.0,-1.0,M,Assault,0,0,,5,Medium,0
Male,25 - 45,Other,0,0,0,1.0,0.0,F,False Motor Veh Insurance Card,1,0,Operating W/O Valid License,1,Medium,1
Male,25 - 45,Caucasian,0,0,0,0.0,-3.0,F,Uttering a Forged Instrument,0,0,,0,Low,0
Female,25 - 45,Native American,0,1,1,8.0,-1.0,F,Deliver Cocaine 1000FT Park,1,0,,7,Medium,1
Male,Greater than 45,African-American,0,0,0,3.0,-1.0,F,arrest case no charge,1,1,Battery,3,Low,1
Female,25 - 45,Caucasian,0,0,0,4.0,-1.0,F,Attempted Robbery  Weapon,1,0,Burglary Unoccupied Dwelling,4,Low,1
Female,25 - 45,Caucasian,0,0,0,3.0,-1.0,F,Aggravated Battery / Pregnant,1,0,Attempted Burg/struct/unocc,3,Low,1
Male,Greater than 45,Hispanic,0,0,0,0.0,0.0,F,arrest case no charge,0,0,,0,Low,0
Male,25 - 45,Other,0,0,0,16.0,-1.0,F,Cruelty to Animals,0,0,,17,High,0
Female,Less than 25,Caucasian,0,0,0,5.0,0.0,F,Driving While License Revoked,1,0,Mandatory Susp Possess Alcohol,5,Medium,1
Male,25 - 45,Hispanic,0,0,0,6.0,-10.0,M,Battery,1,0,Unlaw Malic Strike K9/Horses,6,Low,1
Male,Less than 25,African-American,0,1,0,4.0,-27.0,F,Possession of Cocaine,1,0,Possession of Cocaine,4,High,1
Male,25 - 45,Caucasian,0,0,0,0.0,-1.0,F,False Ownership Info/Pawn Item,1,1,Battery,0,Medium,1
Female,25 - 45,Caucasian,0,0,0,0.0,0.0,M,Misuse Of 911 Or E911 System,0,0,,0,Low,0
Female,Greater than 45,Native American,0,0,0,0.0,0.0,F,"Poss3,4 Methylenedioxymethcath",1,0,Resist Officer w/Violence,0,High,1
Female,25 - 45,Asian,0,0,0,0.0,0.0,M,Battery,0,0,,0,Low,0
Female,Less than 25,African-American,0,0,0,11.0,-1.0,M,Battery,1,0,Possess Cannabis/20 Grams Or Less,11,High,1
Male,Less than 25,Native American,0,0,0,0.0,-1.0,M,Felony Battery,1,0,Susp Drivers Lic 1st Offense,0,Medium,1
Female,25 - 45,African-American,0,0,0,0.0,-2.0,M,Battery,0,0,,0,Low,0
Female,Less than 25,Native American,0,0,0,2.0,-1.0,M,Battery,0,0,,2,Medium,0
Female,Greater than 45,Caucasian,0,0,0,0.0,-1.0,M,Del of JWH-250 2-Methox 1-Pentyl,0,0,,0,Low,0
Male,Less than 25,Asian,0,0,0,5.0,0.0,M,arrest case no charge,0,0,,5,Low,0
Male,25 - 45,African-American,0,0,0,8.0,-1.0,F,arrest case no charge,0,0,,8,Low,0
Male,Less than 25,Native American,0,0,0,0.0,0.0,F,Misuse Of 911 Or E911 System,0,0,,0,Low,0
Male,25 - 45,Other,0,0,0,4.0,-1.0,F,arrest case no charge,1,0,,4,Low,0
Female,Greater than 45,Native American,0,0,0,13.0,-1.0,F,arrest case no charge,1,0,Possess Cannabis/20 Grams Or Less,13,High,1
Male,Greater than 45,Caucasian,0,0,0,0.0,-1.0,M,Petit Theft,0,0,,0,Low,0
Female,Greater than 45,Hispanic,0,0,0,0.0,-1.0,F,Possession of Cocaine,0,0,,0,Low,0
Male,Less than 25,African-American,0,0,0,1.0,-1.0,F,Possession of Oxycodone,1,0,Operating W/O Valid License,1,Low,1
Male,Greater than 45,African-American,0,0,0,6.0,0.0,M,Susp Drivers Lic 1st Offense,1,0,Possess Drug Paraphernalia,6,High,1
Male,Less than 25,Hispanic,0,0,0,0.0,-1.0,M,Felony Battery,0,0,,0,Medium,0
Female,Greater than 45,Caucasian,0,0,0,3.0,-18.0,F,Driving Under The Influence,1,0,Poss Handcuff Key While IC,3,Low,0
Female,25 - 45,Other,0,0,0,6.0,0.0,F,Aggravated Battery / Pregnant,0,0,,6,Low,0
Male,25 - 45,Caucasian,0,0,0,6.0,-1.0,F,Armed Trafficking in Cannabis,1,0,Grand Theft (Motor Vehicle),6,Medium,1
Male,25 - 45,Caucasian,0,0,0,0.0,-1.0,M,Driving Under The Influence,1,1,Battery,0,Low,1
Male,Less than 25,Native American,1,0,0,10.0,0.0,M,Possession of Morphine,1,1,Credit Card Theft,10,Low,1
Female,Less than 25,Caucasian,0,0,0,0.0,-1.0,F,Deliver Cocaine 1000FT Park,1,0,Susp Drivers Lic 1st Offense,0,Low,1
Male,25 - 45,Asian,0,0,0,0.0,-1.0,F,Possession Of Alprazolam,0,0,,0,Medium,0
Female,Greater than 45,Asian,0,1,0,9.0,-1.0,F,arrest case no charge,1,0,Operating W/O Valid License,9,High,1
Female,Greater than 45,Asian,0,0,0,0.0,-1.0,M,Battery,0,0,,0,Low,0
Female,Greater than 45,Caucasian,0,0,0,8.0,-1.0,M,arrest case no charge,0,0,,8,Low,0
Male,Greater than 45,African-American,0,0,0,9.0,-1.0,F,Attempted Robbery  Weapon,1,0,Resist/Obstruct W/O Violence,9,Low,1
Male,25 - 45,Asian,0,0,0,0.0,-1.0,F,Armed Trafficking in Cannabis,0,0,,0,Low,0
Male,25 - 45,Native American,0,0,0,26.20849323503745,-1.0,F,Leave Acc/Attend Veh/More $50,1,0,Credit Card Theft,25,Medium,1
Female,25 - 45,African-American,0,0,0,1.0,-1.0,F,Crimin Mischief Damage $1000+,0,0,,1,High,0
Female,Less than 25,Native American,0,0,0,0.0,0.0,M,Battery,0,0,,0,Medium,0
Male,Less than 25,African-American,0,0,0,0.0,-1.0,F,Possession Of Methamphetamine,0,0,,0,Low,0
Male,Less than 25,Native American,0,0,0,0.0,-1.0,F,Felony Battery w/Prior Convict,1,0,Introduce Contraband Into Jail,0,High,1
Male,Less than 25,African-American,0,0,0,1.0,6.263070028195564,F,arrest case no charge,0,0,,1,Medium,0
Female,25 - 45,African-American,1,0,0,12.0,-1.0,F,arrest case no charge,1,1,Retaliate Wit/Vict No Injury,11,High,1
Female,Less than 25,Caucasian,0,0,0,0.0,-1.0,F,Misuse Of 911 Or E911 System,0,0,,0,Low,0
Male,25 - 45,African-American,0,0,0,10.0,0.0,F,arrest case no charge,1,0,Operating W/O Valid License,10,High,1
Male,Greater than 45,African-American,0,0,0,2.0,0.0,M,Agg Assault W/int Com Fel Dome,0,0,,2,Low,0
Female,Greater than 45,Native American,0,0,0,1.0,-1.0,M,Battery,0,0,,1,Low,0
Male,Less than 25,African-American,0,0,0,2.0,0.0,F,Misuse Of 911 Or E911 System,0,0,,2,High,0
Female,25 - 45,Hispanic,0,0,0,9.0,0.0,F,arrest case no charge,1,1,Murder in the First Degree,9,High,1
Male,Less than 25,Native American,0,0,1,0.0,0.0,F,Grand Theft Dwell Property,1,0,Resist/Obstruct W/O Violence,0,High,1
Male,Less than 25,Hispanic,0,0,0,1.0,-1.0,F,Sale/Del Cannabis At/Near Scho,0,0,,1,Low,0
Male,25 - 45,African-American,0,0,0,1.0,-1.0,F,arrest case no charge,0,0,,1,High,0
Male,25 - 45,Asian,0,0,0,0.0,-1.0,M,Battery,0,0,,0,Low,0
Male,25 - 45,Native American,1,0,0,1.0,0.0,F,arrest case no charge,0,0,,1,High,0
Male,Greater than 45,Asian,0,0,0,0.0,-1.0,F,Petit Theft,1,0,Aggravated Battery / Pregnant,0,Medium,1
Female,Less than 25,African-American,0,0,0,1.0,-1.0,F,False Ownership Info/Pawn Item,1,1,Battery,1,Low,1
Female,25 - 45,Caucasian,0,0,0,12.0,-1.0,F,False Ownership Info/Pawn Item,0,0,,12,Medium,1
Female,Greater than 45,Asian,0,0,1,5.0,-22.0,F,arrest case no charge,1,1,Battery,5,Medium,1
Male,Less than 25,Hispanic,0,0,0,7.0,-1.0,F,Driving While License Revoked,0,0,,7,Low,0
Female,25 - 45,Native American,0,0,0,3.0,-1.0,F,arrest case no charge,0,0,,3,Low,0
Female,Greater than 45,African-American,0,0,0,4.0,-4.0,M,Possession of Cocaine,0,0,,4,Medium,0
Male,Greater than 45,African-American,0,0,0,14.0,-1.0,F,Driving While License Revoked,0,0,,14,High,0
Female,25 - 45,Other,0,0,0,9.0,-1.0,F,Felony Driving While Lic Suspd,1,0,Aggravated Battery / Pregnant,9,Low,1
Female,Greater than 45,Caucasian,0,0,0,2.0,0.0,M,Burglary Conveyance Unoccup,0,0,,2,Low,0
Male,Less than 25,Other,0,0,0,0.0,-1.0,M,Battery,0,0,,0,Low,0
Male,Greater than 45,African-American,0,0,0,5.0,-1.0,F,Possession of Oxycodone,1,0,Possess Cannabis/20 Grams Or Less,5,Low,1
Female,Greater than 45,Asian,0,0,0,0.0,0.0,M,Battery,0,0,,0,Low,0
Male,Less than 25,Hispanic,0,0,1,0.0,-1.0,M,Petit Theft $100- $300,0,0,,0,Low,0
Male,Less than 25,Asian,0,0,0,6.0,0.0,F,Aggrav Child Abuse-Causes Harm,1,0,Open Carrying Of Weapon,6,Medium,1
Male,Greater than 45,Caucasian,0,0,0,2.0,-1.0,M,Battery,1,0,Susp Drivers Lic 1st Offense,2,Low,1
Female,Less than 25,Other,0,0,0,4.0,-27.0,F,Possession Of Alprazolam,0,0,,4,High,0
Male,Less than 25,African-American,0,0,0,2.0,-2.0,F,False Motor Veh Insurance Card,1,0,Operating W/O Valid License,2,Low,1
Female,Greater than 45,Native American,0,0,0,0.0,-1.0,M,arrest case no charge,0,0,,0,Medium,0
Male,Less than 25,Caucasian,0,0,0,0.0,0.0,F,Possession Of Methamphetamine,0,0,,0,Medium,0
Female,Greater than 45,Native American,0,0,0,8.0,-1.0,F,Possession of Oxycodone,0,0,Susp Drivers Lic 1st Offense,8,Medium,0
Male,Greater than 45,Asian,0,0,0,2.0,-1.0,F,Grand Theft of the 2nd Degree,0,0,,2,Low,0
Female,25 - 45,African-American,0,0,0,3.0,-1.0,M,Susp Drivers Lic 1st Offense,0,0,,3,Medium,0
Male,25 - 45,African-American,0,0,0,1.0,-1.0,F,Kidnapping / Domestic Violence,1,0,Aggravated Battery / Pregnant,1,Low,1
Male,25 - 45,Asian,0,0,0,4.0,-1.0,F,arrest case no charge,1,0,Possess Cannabis 1000FTSch,4,High,1
Male,Less than 25,Hispanic,0,0,0,1.0,-28.0,F,Uttering a Forged Instrument,0,0,,1,Low,0
Male,Greater than 45,African-American,0,0,0,0.0,-3.0,M,Driving License Suspended,1,0,Possess Drug Paraphernalia,0,Low,1
Male,25 - 45,Hispanic,2,0,0,17.081607770432623,-8.0,F,Possession of Cocaine,0,0,Aggravated Battery / Pregnant,17,High,1
Female,Less than 25,Asian,0,0,1,0.0,-1.0,F,Uttering a Forged Instrument,1,0,Operating W/O Valid License,0,High,1
Male,Less than 25,Asian,0,0,0,1.0,0.0,F,Deliver Cocaine 1000FT Park,1,0,Possess Cannabis/20 Grams Or Less,1,Low,1
Female,Greater than 45,Asian,0,0,0,1.0,-1.0,M,Battery,1,1,Reckless Display Of Weapon,1,Low,1
Male,Less than 25,Caucasian,0,0,0,2.0,-1.0,F,Possession of Cocaine,0,0,,2,High,0
Female,25 - 45,African-American,0,0,0,0.0,-1.0,F,Aggrav Battery w/Deadly Weapon,1,1,Poss Handcuff Key While IC,0,Low,1
Male,Greater than 45,African-American,0,0,0,11.0,-1.0,F,Possession of Cocaine,0,0,,10,Medium,0
Male,Less than 25,Caucasian,0,0,0,1.0,0.0,F,Driving License Suspended,0,0,Aggravated Battery / Pregnant,1,Low,0
Male,25 - 45,Caucasian,0,0,0,0.0,0.0,F,"Poss3,4 Methylenedioxymethcath",0,0,,0,Medium,0
Female,25 - 45,Asian,0,0,0,0.0,-5.0,M,Agg Assault W/int Com Fel Dome,1,0,Attempted Burg/struct/unocc,0,Low,1
Male,25 - 45,Native American,0,0,0,0.0,-1.0,F,Driving While License Revoked,0,0,,0,Low,0
Female,Greater than 45,African-American,0,0,0,0.0,0.0,F,Att Burgl Unoccupied Dwel,1,0,Resist/Obstruct W/O Violence,0,Low,1
Male,25 - 45,African-American,0,0,0,1.0,0.0,M,Aggravated Battery / Pregnant,1,1,Sale/Del Cocaine Child Care Fac,1,Medium,1
Male,Less than 25,Native American,0,0,0,2.0,-2.0,F,arrest case no charge,1,1,Battery,2,Medium,1
Male,Less than 25,Caucasian,0,0,0,3.0,0.0,F,arrest case no charge,1,0,Possess Cannabis/20 Grams Or Less,3,Low,1
Male,25 - 45,Other,0,0,0,0.0,0.0,M,Battery,0,0,,0,Low,0
Male,Less than 25,Other,0,0,0,2.0,-1.0,F,Uttering a Forged Instrument,0,0,,2,Low,0
Female,25 - 45,Asian,0,0,0,5.0,-1.0,M,arrest case no charge,1,0,Attempted Burg/struct/unocc,5,Medium,1
Male,Less than 25,Other,0,0,0,1.0,-1.0,F,arrest case no charge,1,0,,1,Low,0
Female,Greater than 45,Asian,0,0,0,5.0,-1.0,F,Possession of Cannabis,0,0,,5,Medium,0
Male,Less than 25,African-American,0,0,0,1.0,-1.0,F,Possession of Cocaine,0,0,,1,Low,1
Male,Less than 25,Other,0,0,0,1.0,-1.0,F,Attempted Robbery  Weapon,1,0,,1,Low,1
Female,Less than 25,Native American,0,0,0,1.0,-1.0,M,Battery,1,1,Tampering With Physical Evidence,1,Low,1
Male,25 - 45,Caucasian,0,0,0,7.0,-1.0,F,Armed Trafficking in Cannabis,0,0,Resist Officer w/Violence,7,Medium,1
Male,25 - 45,Asian,0,0,1,0.0,-1.0,F,Possession of Cannabis,0,0,,0,Low,0
Female,Less than 25,African-American,0,0,1,3.0,0.0,F,Carrying Concealed Firearm,1,0,Grand Theft of the 2nd Degree,3,High,1
Female,Less than 25,Other,0,0,0,0.0,-2.0,M,Battery,0,0,,0,Low,0
Male,Greater than 45,Native American,3,0,0,2.0,-18.0,F,arrest case no charge,1,0,Resist/Obstruct W/O Violence,2,High,1
Male,Less than 25,Asian,0,0,0,6.0,-1.0,M,Battery,1,0,Operating W/O Valid License,6,Medium,1
Male,25 - 45,Caucasian,0,0,0,3.0,0.0,F,Possession of Cocaine,0,0,,3,Medium,0
Male,Less than 25,Asian,0,0,0,1.0,-1.0,F,arrest case no charge,0,0,,1,Low,0
Female,Less than 25,African-American,0,1,0,16.0,0.0,F,Driving While License Revoked,1,1,Strong Armed  Robbery,20,Medium,1
Male,Greater than 45,Native American,0,0,0,1.0,-2.0,M,Battery,0,0,,1,Low,0
Female,25 - 45,Hispanic,0,0,0,5.0,-3.0,F,Possession Of Alprazolam,0,0,,5,Medium,0
Male,Less than 25,Hispanic,0,0,0,1.0,-1.0,F,arrest case no charge,0,0,,1,Medium,0
Male,25 - 45,Hispanic,0,0,0,0.0,-1.0,F,Armed Trafficking in Cannabis,1,1,Battery,0,Medium,1
Male,Greater than 45,Caucasian,0,0,0,0.0,-1.0,F,arrest case no charge,1,1,Harass Witness/Victm/Informnt,0,High,1
Male,Greater than 45,Caucasian,0,0,0,1.0,-1.0,F,Oper Motorcycle W/O Valid DL,1,0,Introduce Contraband Into Jail,1,Medium,1
Female,Less than 25,Caucasian,0,0,0,0.0,0.0,F,Driving While License Revoked,0,0,,0,Medium,0
Male,Greater than 45,African-American,0,0,0,2.0,-1.0,F,Agg Assault W/int Com Fel Dome,1,0,Possess Cannabis/20 Grams Or Less,2,Medium,0
Female,25 - 45,Asian,0,0,0,0.0,-1.0,F,Felony Battery,0,1,Burglary Conveyance Unoccup,0,High,1
Male,Greater than 45,Asian,3,0,0,22.0,0.0,F,Possession of Cocaine,1,0,Operating W/O Valid License,22,High,1
Male,25 - 45,Asian,0,0,0,1.0,-1.0,F,arrest case no charge,1,0,Burglary Conveyance Unoccup,1,Medium,1
Male,Less than 25,African-American,0,0,0,0.0,-1.0,F,Sale/Del Cannabis At/Near Scho,1,0,Burglary Dwelling Assault/Batt,0,Medium,1
Male,Greater than 45,Asian,0,0,0,0.0,-1.0,M,Susp Drivers Lic 1st Offense,0,0,,0,Low,0
Male,Less than 25,African-American,0,0,0,8.0,-4.0,M,Battery,1,1,Burglary Unoccupied Dwelling,8,Low,1
Male,Greater than 45,African-American,0,0,0,1.0,-1.0,F,Felony Driving While Lic Suspd,0,0,,1,High,0
Female,25 - 45,Asian,0,0,0,1.0,-1.0,F,Felony Driving While Lic Suspd,0,0,,1,Low,0
Female,25 - 45,Hispanic,0,0,0,2.0,-1.0,M,Susp Drivers Lic 1st Offense,0,0,,2,Medium,0
Male,25 - 45,Other,0,0,0,2.0,-5.0,M,Driving License Suspended,0,0,,2,Low,0
Male,Less than 25,Asian,0,0,0,0.0,-1.0,F,False Motor Veh Insurance Card,0,0,,0,Low,0
Male,Greater than 45,Native American,0,0,0,9.0,-1.0,F,Possession of Cocaine,1,0,Burglary Conveyance Unoccup,9,High,1
Female,Less than 25,Asian,0,0,0,1.0,0.0,F,Grand Theft of the 2nd Degree,1,0,Burglary Unoccupied Dwelling,1,Medium,1
Male,25 - 45,Asian,0,0,0,0.0,-1.0,F,Armed Trafficking in Cannabis,0,0,Tampering With Physical Evidence,0,Medium,0
Female,25 - 45,Asian,0,0,1,0.0,0.0,M,Driving While License Revoked,1,0,Possess Cannabis/20 Grams Or Less,0,Medium,1
Male,25 - 45,Caucasian,0,0,0,2.0,-1.0,F,Poss Similitude of Drivers Lic,0,0,,2,Low,0
Male,Less than 25,Other,0,0,0,0.0,-1.0,M,Battery,1,0,Operating W/O Valid License,0,Low,1
Female,Greater than 45,Other,0,0,0,0.0,-1.0,F,Felony Battery,0,0,,0,Low,0
Male,25 - 45,Caucasian,0,0,4,8.0,-1.0,F,Grand Theft (Motor Vehicle),1,0,Possess Cannabis 1000FTSch,8,High,1
Male,Greater than 45,African-American,0,0,0,0.0,0.0,F,arrest case no charge,0,0,,0,Medium,0
Female,25 - 45,Caucasian,0,0,0,2.0,0.0,M,Carjacking w/o Deadly Weapon,0,0,,2,Low,0
Male,Greater than 45,African-American,0,0,0,7.0,-1.0,F,Possession of Cocaine,0,0,Poss of Cocaine W/I/D/S 1000FT Park,7,Medium,1
Male,Greater than 45,Native American,0,0,0,3.0,-1.0,F,arrest case no charge,0,0,,3,Low,0
Male,25 - 45,Other,0,0,0,7.0,-1.0,F,Oper Motorcycle W/O Valid DL,1,0,Possess Cannabis/20 Grams Or Less,7,Low,1
Female,25 - 45,Asian,0,0,0,9.0,-1.0,F,Poss Contr Subst W/o Prescript,1,0,Possession of Cocaine,9,Medium,1
Male,Less than 25,Asian,0,0,0,0.0,-3.0,M,Felony Battery,0,0,,0,High,0
Male,Less than 25,Caucasian,0,0,0,2.0,-1.0,M,Battery,1,0,Possession of Cocaine,2,High,1
Female,Less than 25,African-American,0,0,3,4.0,-1.0,F,Driving While License Revoked,1,0,Resist/Obstruct W/O Violence,4,Medium,1
Male,Greater than 45,Caucasian,0,0,0,8.0,-1.0,M,Poss Alprazolam W/int Sell/Del,1,0,Operating W/O Valid License,8,Medium,1
Male,Less than 25,Hispanic,0,0,0,1.0,0.0,M,Battery,0,0,,1,Low,0
Female,25 - 45,Caucasian,0,0,0,0.0,-1.0,M,Possession of Oxycodone,0,0,,0,Low,0
Female,Greater than 45,Caucasian,0,0,0,1.0,0.0,F,Poss Cocaine/Intent To Del/Sel,0,0,,1,Low,0
Female,25 - 45,African-American,0,0,0,0.0,-1.0,F,Driving While License Revoked,0,0,,0,Low,0
Male,Less than 25,Hispanic,0,2,0,6.0,-1.0,F,arrest case no charge,0,0,,6,High,0
Female,Less than 25,Native American,0,0,0,17.0,-24.29047864632541,F,arrest case no charge,1,0,Burglary Unoccupied Dwelling,16,Medium,1
Male,25 - 45,Caucasian,0,0,0,0.0,-1.0,M,Battery,1,0,Crim Use of Personal ID Info,0,Low,1
Male,25 - 45,African-American,0,0,0,5.0,-1.0,F,Felony DUI (level 3),1,0,Susp Drivers Lic 1st Offense,5,Medium,1
Female,25 - 45,African-American,0,0,0,3.0,-16.11400162488818,F,Poss Cocaine/Intent To Del/Sel,0,0,,3,Medium,0
Female,Less than 25,Caucasian,0,0,0,0.0,0.0,M,Battery,1,0,DWLS Canceled Disqul 1st Off,0,Low,1
Male,25 - 45,Hispanic,0,0,0,17.0,0.0,F,Possession of Cocaine,1,0,Use Lost Or Stolen Credit Card,17,Low,1
Male,25 - 45,Hispanic,0,0,0,10.0,-1.0,F,Burglary Conveyance Unoccup,1,0,Possession of Cocaine,10,High,0
Male,Less than 25,African-American,0,0,0,2.0,-1.0,F,Possession of Cannabis,0,0,,2,Medium,0
Female,25 - 45,African-American,0,0,1,1.0,0.0,M,Grand Theft (Motor Vehicle),1,0,Traffick Oxycodone    14g><28g,1,Medium,1
Male,25 - 45,Other,0,0,0,0.0,-1.0,F,Driving While License Revoked,0,0,,0,Low,0
Male,Less than 25,Hispanic,0,0,0,0.0,-1.0,M,Battery,0,0,,0,Low,0
Male,25 - 45,Asian,0,0,0,0.0,-1.0,F,Aggravated Assault,0,0,,0,Medium,0
Female,Less than 25,Hispanic,0,0,0,0.0,-5.0,F,Purchase Cannabis,0,0,Leaving the Scene of Accident,0,Low,0
Male,Less than 25,Native American,0,0,0,6.0,-1.0,M,Battery,1,0,Grand Theft (Motor Vehicle),6,Medium,1
Female,Less than 25,Hispanic,0,0,0,0.0,0.0,F,arrest case no charge,1,0,,0,Low,1
Male,Greater than 45,African-American,0,0,0,0.0,-1.0,M,Battery,0,0,,0,Medium,0
Male,25 - 45,Native American,0,0,0,2.0,-1.0,F,Felony Driving While Lic Suspd,1,0,Operating W/O Valid License,2,Medium,0
Male,25 - 45,Asian,0,0,0,0.0,-3.0,F,Felony Driving While Lic Suspd,1,0,Unlaw Use False Name/Identity,0,Medium,1
Male,25 - 45,Hispanic,0,0,0,0.0,0.0,F,arrest case no charge,0,0,,0,Low,0
Male,Less than 25,Other,0,0,0,7.0,-1.0,F,Leave Acc/Attend Veh/More $50,1,0,Susp Drivers Lic 1st Offense,7,Low,1
Female,Greater than 45,African-American,0,0,0,13.0,-1.0,M,Obstruct Officer W/Violence,1,1,Battery,13,High,1
Male,25 - 45,African-American,0,0,1,5.0,-1.0,F,Possession of Morphine,1,1,Battery,5,Medium,1
Female,Less than 25,African-American,0,0,2,1.0,-1.0,M,Battery,0,0,,1,Low,0
Female,Greater than 45,Caucasian,0,0,0,1.0,-1.0,F,arrest case no charge,0,0,,1,Medium,0
Male,Greater than 45,Caucasian,0,0,0,0.0,-1.0,M,Viol Injunction Protect Dom Vi,0,0,,0,Low,0
Male,25 - 45,Other,0,0,0,6.0,-1.0,F,arrest case no charge,1,1,Unlawful Assembly,7,Low,1
Female,Less than 25,African-American,1,2,0,11.645802166638891,-1.0,F,"Deliver 3,4 Methylenediox",0,0,,11,High,0
Female,Less than 25,Other,0,0,0,0.0,0.0,M,Battery,0,0,,0,Low,0
Male,25 - 45,African-American,0,0,0,2.0,0.0,M,arrest case no charge,0,0,,2,Low,0
Male,Greater than 45,Hispanic,0,0,0,10.0,0.0,F,Poss Oxycodone W/Int/Sell/Del,1,1,Reckless Display Of Weapon,10,Low,1
Female,25 - 45,African-American,0,0,0,2.0,-26.0,M,Battery,0,0,,2,Low,0
Female,Greater than 45,African-American,0,0,0,2.0,-1.0,F,Refuse Submit Blood/Breath Test,1,0,Possess Cannabis/20 Grams Or Less,2,Medium,1
Male,Greater than 45,Asian,0,0,0,1.0,-1.0,M,Driving License Suspended,1,1,Introduce Contraband Into Jail,1,Low,1
Female,25 - 45,Hispanic,7,2,0,11.0,-1.0,F,False Imprisonment,1,0,Prowling/Loitering,11,High,1
Male,Less than 25,Native American,0,0,0,0.0,-1.0,M,Poss Unlaw Issue Driver Licenc,0,0,,0,Low,0
Male,25 - 45,African-American,0,0,0,0.0,-1.0,F,Possession of Oxycodone,1,1,Battery,0,Low,1
Male,25 - 45,Other,0,0,0,1.0,-1.0,F,Aggravated Battery / Pregnant,1,1,Viol Injunct Domestic Violence,1,Low,1
Male,Less than 25,Caucasian,0,0,2,5.0,-2.0,F,Possession Of Alprazolam,1,1,Possession of Cocaine,5,High,1
Male,25 - 45,Caucasian,0,0,0,2.0,-27.24061587062797,F,Refuse Submit Blood/Breath Test,1,1,Child Abuse,2,Low,1
Male,Less than 25,Other,0,0,0,1.0,-26.0,F,arrest case no charge,0,0,,1,Low,0
Male,25 - 45,Caucasian,0,1,0,9.0,-1.0,M,Assault,1,0,Resist/Obstruct W/O Violence,9,High,0
Male,25 - 45,Asian,0,0,0,0.0,-1.0,F,Del of JWH-250 2-Methox 1-Pentyl,0,0,,0,Low,0
Female,Greater than 45,Hispanic,0,0,0,0.0,0.0,M,Driving License Suspended,0,0,,0,Low,0
Male,25 - 45,Asian,0,0,0,4.0,-1.0,F,arrest case no charge,0,0,,4,Low,0
Female,Greater than 45,Asian,0,0,0,14.0,-1.0,M,Battery,1,0,Unlaw Use False Name/Identity,13,Medium,1
Female,25 - 45,Native American,0,0,0,1.0,-13.0,M,Petit Theft $100- $300,0,0,,1,High,0
Male,25 - 45,Hispanic,0,0,0,0.0,-1.0,M,Battery,1,0,Fail Obey Driv Lic Restrictions,0,Low,1
Male,25 - 45,African-American,0,0,0,9.94878683103819,0.0,M,Soliciting For Prostitution,1,1,Burglary Dwelling Armed,8,Low,1
Male,Less than 25,Caucasian,0,0,1,2.0,0.0,M,Battery,1,1,Trespass Structure/Conveyance,2,High,1
Male,Less than 25,Other,0,0,0,1.0,-23.0,F,Possession Of Alprazolam,0,0,,1,Medium,0
Male,25 - 45,Caucasian,0,0,0,0.0,-1.0,M,Battery,0,0,,0,Low,0
Female,25 - 45,Caucasian,0,0,0,6.0,-1.0,F,False Ownership Info/Pawn Item,1,0,Tampering With Physical Evidence,6,Low,1
Male,Greater than 45,Hispanic,0,0,0,2.0,-1.0,M,Petit Theft,0,0,,2,Low,0
Female,Greater than 45,Hispanic,0,1,1,8.0,-1.0,F,Possession Of Alprazolam,1,0,Attempted Burg/struct/unocc,8,Medium,1
Female,25 - 45,Native American,0,0,0,1.0,-16.1532686965756,M,Battery,0,0,,1,Low,0
Female,Less than 25,Caucasian,0,0,0,1.0,-5.0,F,Grand Theft Dwell Property,0,0,,1,Medium,0
Female,25 - 45,Other,0,0,0,2.0,0.0,F,arrest case no charge,1,0,Possess Cannabis 1000FTSch,2,Medium,1
Male,25 - 45,African-American,0,0,0,5.0,-1.0,F,Burglary Conveyance Armed,1,0,Operating W/O Valid License,5,Medium,1
Female,Less than 25,African-American,0,0,0,6.0,-1.0,F,Driving While License Revoked,1,0,Shoot/Throw Into Vehicle,6,Low,1
Male,25 - 45,African-American,0,0,0,7.0,-1.0,F,arrest case no charge,1,0,Unlaw Use False Name/Identity,7,High,1
Female,25 - 45,African-American,0,0,0,0.0,-1.0,F,Driving While License Revoked,1,0,Possess Cannabis/20 Grams Or Less,0,Medium,1
Male,Less than 25,Other,0,0,0,0.0,-1.0,M,Possession Of Methamphetamine,1,0,Operating W/O Valid License,0,Low,1
Male,25 - 45,Hispanic,0,0,1,0.0,-1.0,M,Battery,1,0,Resist/Obstruct W/O Violence,0,High,0
Male,Less than 25,Hispanic,0,0,0,0.0,-1.0,F,Misuse Of 911 Or E911 System,1,0,Possess Cannabis/20 Grams Or Less,0,Medium,1
Male,Less than 25,African-American,0,0,0,5.0,-1.0,M,Battery,1,0,Susp Drivers Lic 1st Offense,5,Medium,1
Male,Less than 25,African-American,0,0,0,5.0,-1.0,F,Driving While License Revoked,1,0,Poss Handcuff Key While IC,5,Medium,1
Male,Greater than 45,Caucasian,0,0,0,0.0,-1.0,F,Fraudulent Use of Credit Card,0,0,,0,Low,0
Male,25 - 45,Caucasian,0,0,0,2.0,-1.0,F,Possession of Oxycodone,1,0,Fail Obey Driv Lic Restrictions,2,High,1
Female,Greater than 45,Hispanic,0,0,0,0.0,-1.0,F,Refuse Submit Blood/Breath Test,0,0,,0,Low,0
Female,25 - 45,Caucasian,0,0,0,0.0,-1.0,M,Battery,0,0,,0,Low,0
Male,Greater than 45,Hispanic,0,0,0,1.0,-1.0,F,Burglary Conveyance Unoccup,0,0,,1,High,0
Male,25 - 45,Caucasian,0,0,0,0.0,-2.0,M,Battery,1,1,False Ownership Info/Pawn Item,0,Low,1
Female,25 - 45,Hispanic,0,0,2,1.0,0.0,M,Susp Drivers Lic 1st Offense,1,1,Trespass Structure/Conveyance,1,Low,1
Male,Greater than 45,African-American,3,1,0,9.0,-1.0,F,Poss/Sell/Del Cocaine 1000FT Sch,1,1,Felony Battery (Dom Strang),10,High,1
Female,Greater than 45,Asian,0,0,0,4.0,0.0,F,arrest case no charge,1,0,Resist Merchant W Or W/O Viol,4,Medium,1
Male,Less than 25,Other,0,0,0,0.0,-1.0,F,Armed Trafficking in Cannabis,0,0,,0,High,0
Female,Greater than 45,Asian,0,0,0,4.0,0.0,F,Cruelty to Animals,1,1,Battery,4,Medium,1
Male,Greater than 45,Caucasian,0,0,0,0.0,-1.0,M,Battery,1,0,Poss Handcuff Key While IC,0,Medium,1
Female,25 - 45,Hispanic,0,0,0,0.0,0.0,F,Aggrav Child Abuse-Causes Harm,0,0,,0,Low,0
Male,25 - 45,African-American,1,5,1,14.333751164434803,-1.0,F,Poss/Sell/Del Cocaine 1000FT Sch,1,1,Aggravated Assault W/Dead Weap,14,High,1
Male,25 - 45,Caucasian,0,0,0,1.0,-1.0,F,Felony Driving While Lic Suspd,1,1,Credit Card Theft,1,Low,1
Male,Greater than 45,Caucasian,0,0,0,0.0,0.0,M,Susp Drivers Lic 1st Offense,0,0,,0,Low,0
Female,25 - 45,Caucasian,0,0,0,0.0,0.0,M,Battery,0,0,,0,Low,0
Male,25 - 45,Caucasian,0,0,0,4.0,0.0,M,Petit Theft,1,0,Viol Injunct Domestic Violence,4,Medium,1
Female,25 - 45,Hispanic,0,0,0,1.0,-1.0,F,Possession of Cocaine,1,0,Possession of Cocaine,1,Low,1
Female,Less than 25,African-American,0,0,0,0.0,-1.0,F,Felony Battery,0,0,,0,Low,0
Female,Less than 25,Caucasian,0,0,1,4.0,-1.0,F,arrest case no charge,0,0,,4,Low,0
Male,25 - 45,African-American,0,0,0,20.0,0.0,F,Driving While License Revoked,1,0,Introduce Contraband Into Jail,19,High,1
Male,Greater than 45,African-American,0,0,0,6.0,-2.0,F,Possession of Cocaine,1,0,Aggravated Battery / Pregnant,6,Medium,1
Female,Less than 25,African-American,0,0,0,5.0,0.0,F,Possession of Cocaine,0,0,,5,Low,0
Female,Less than 25,Asian,0,0,0,5.0,0.0,F,Aggrav Battery w/Deadly Weapon,0,0,,5,Low,0
Female,Greater than 45,African-American,0,0,0,4.0,0.0,F,Grand Theft (Motor Vehicle),1,0,Credit Card Theft,4,Low,1
Female,25 - 45,Asian,0,0,0,3.0,0.0,F,"Poss3,4 Methylenedioxymethcath",1,0,Tampering With Physical Evidence,3,Medium,1
Female,25 - 45,Asian,0,0,0,1.0,-1.0,M,Poss Alprazolam W/int Sell/Del,1,0,Operating W/O Valid License,1,Medium,1
Female,25 - 45,Caucasian,0,0,2,3.0,0.0,M,Petit Theft $100- $300,0,0,,3,Medium,0
Male,25 - 45,Caucasian,0,0,0,2.0,-1.0,F,Purchase Cannabis,1,1,Home Invasion Robbery,2,Medium,1
Male,25 - 45,African-American,0,0,0,0.0,-1.0,F,Cruelty to Animals,1,0,Possess Cannabis/20 Grams Or Less,0,Low,1
Male,25 - 45,African-American,0,0,0,1.0,-1.0,F,Possession of Cannabis,0,0,,1,Medium,0
Male,25 - 45,African-American,0,0,0,9.0,0.0,M,arrest case no charge,1,0,Prowling/Loitering,9,Medium,1
Male,Less than 25,Asian,0,0,0,0.0,-1.0,F,Poss Contr Subst W/o Prescript,0,0,,0,Low,0
Female,25 - 45,Native American,0,0,1,4.0,-1.0,F,Possession of Cannabis,0,0,,4,Low,0
Female,Greater than 45,African-American,0,0,0,1.0,-1.0,F,Possession of Cannabis,1,0,Resist/Obstruct W/O Violence,1,Low,1
Female,25 - 45,Caucasian,1,2,0,5.0,-1.0,F,Throw In Occupied Dwell,1,0,Battery on a Person Over 65,5,High,1
Female,25 - 45,Other,0,1,0,1.0,0.0,F,arrest case no charge,1,0,Possess Cannabis/20 Grams Or Less,1,High,1
Female,Less than 25,African-American,0,0,0,0.0,0.0,M,Battery,0,0,,0,Low,0
Male,Greater than 45,Hispanic,0,1,0,2.0,-1.0,F,Felony Battery,0,0,,2,Medium,0
Female,25 - 45,Other,0,0,0,0.0,-1.0,M,Battery,0,0,,0,Low,0
Male,Less than 25,Native American,0,0,0,0.0,0.0,F,Driving While License Revoked,0,0,,0,High,0
Male,25 - 45,Hispanic,0,0,0,12.0,-1.0,M,Driving Under The Influence,1,0,Prowling/Loitering,10,High,0
Female,Greater than 45,Hispanic,0,0,0,5.0,-1.0,F,Fraudulent Use of Credit Card,0,0,,5,Medium,0
Male,25 - 45,Asian,0,0,0,7.0,-1.0,F,Possession of Cannabis,0,0,,7,Medium,0
Female,25 - 45,Asian,0,0,0,20.0,9.658682586601948,F,Driving While License Revoked,1,0,Prowling/Loitering,20,High,1
Male,25 - 45,Hispanic,0,0,0,0.0,-1.0,F,Poss Similitude of Drivers Lic,0,0,,0,Low,0
Male,Less than 25,African-American,0,0,0,0.0,-1.0,F,Burglary Conveyance Armed,1,0,Operating W/O Valid License,0,High,1
Female,Greater than 45,Hispanic,0,0,0,2.0,0.0,F,Driving While License Revoked,1,1,Battery,2,Medium,1
Female,Less than 25,African-American,0,0,0,5.0,-1.0,M,arrest case no charge,0,0,,5,Medium,0
Male,Less than 25,Asian,0,0,0,2.0,-1.0,F,Possession of Oxycodone,0,0,,2,Low,0
Female,Less than 25,African-American,0,0,0,0.0,0.0,F,"Poss3,4 Methylenedioxymethcath",0,0,,0,Low,0
Female,Greater than 45,African-American,0,0,1,15.0,-1.0,F,Driving While License Revoked,1,0,Unlaw Use False Name/Identity,15,Medium,1
Male,25 - 45,Caucasian,0,0,0,0.0,-3.0,F,Poss Oxycodone W/Int/Sell/Del,0,0,,0,Low,0
Male,Less than 25,Hispanic,0,0,0,2.0,-1.0,M,Aggravated Battery / Pregnant,1,0,,2,Low,0
Male,Less than 25,African-American,0,0,0,6.0,-12.375594465068321,F,arrest case no charge,0,0,,6,Low,0
Male,Greater than 45,Hispanic,0,0,0,4.0,-1.0,M,arrest case no charge,0,0,,4,Low,0
Male,Greater than 45,African-American,0,0,0,6.0,-1.0,F,Felony Driving While Lic Suspd,1,0,Open Carrying Of Weapon,6,Low,1
Female,25 - 45,African-American,0,0,0,0.0,-3.0,F,Battery,0,0,DWLS Canceled Disqul 1st Off,0,Medium,0
Male,Less than 25,Other,0,0,0,0.0,-1.0,M,Battery,0,0,,0,Low,0
Male,Less than 25,African-American,0,0,0,0.0,-1.0,F,Att Burgl Unoccupied Dwel,1,0,Resist Officer w/Violence,0,Low,1
Male,25 - 45,Caucasian,0,0,0,0.0,-2.0,F,,1,1,Sale/Del Cocaine Child Care Fac,0,High,1
Female,25 - 45,Native American,0,0,0,1.0,-1.0,M,Battery,1,1,Battery,1,Medium,1
Male,Less than 25,Native American,0,0,0,0.0,-1.0,F,Possession of Cocaine,1,1,Felony Battery w/Prior Convict,0,High,1
Male,25 - 45,Native American,0,0,0,0.0,0.0,M,Battery,0,0,,0,Low,0
Male,Greater than 45,Native American,0,0,0,0.0,-1.0,F,Grand Theft (Motor Vehicle),1,0,Shoot/Throw Into Vehicle,0,Low,1
Male,Greater than 45,Caucasian,0,0,0,2.0,-1.0,F,arrest case no charge,1,1,Operating W/O Valid License,2,Low,1
Male,25 - 45,Hispanic,0,0,0,0.0,-1.0,F,Burglary Conveyance Unoccup,0,0,,0,Low,1
Male,Greater than 45,Asian,0,0,0,3.0,-5.0,M,Driving Under The Influence,0,0,,3,Low,0
Male,Less than 25,Caucasian,0,0,0,4.0,-1.0,M,Leave Acc/Attend Veh/More $50,0,0,,4,Low,0
Female,Less than 25,African-American,0,0,0,7.0,-1.0,F,Possession of Cocaine,1,0,Possession of Cocaine,7,High,1
Male,Greater than 45,Caucasian,0,0,0,0.0,-1.0,F,Purchase Cannabis,0,0,,0,Medium,0
Male,Greater than 45,Asian,0,0,0,20.721920931504947,-1.0,F,arrest case no charge,1,0,Resist/Obstruct W/O Violence,21,Medium,1
Female,Greater than 45,African-American,0,0,0,6.0,-1.0,F,Possession of Cocaine,0,0,,6,Medium,0
Male,25 - 45,African-American,0,0,0,3.0,-1.0,M,arrest case no charge,0,0,,3,Low,0
Male,Less than 25,African-American,0,0,0,1.0,-5.853666001002249,F,arrest case no charge,0,0,,1,Low,0
Male,Less than 25,Other,0,0,0,0.0,-1.0,F,Purchase Cannabis,0,0,,0,Medium,0
Male,Greater than 45,Asian,0,0,0,1.0,-1.0,F,Driving While License Revoked,0,0,,1,Low,0
Female,25 - 45,African-American,0,0,0,17.0,-1.0,F,Kidnapping / Domestic Violence,1,0,Possess Drug Paraphernalia,17,Low,1
Male,Less than 25,Asian,0,0,0,1.0,-1.0,F,Misuse Of 911 Or E911 System,1,0,Possess Cannabis/20 Grams Or Less,1,Low,1
Male,Greater than 45,Caucasian,0,0,0,0.0,-1.0,F,False Ownership Info/Pawn Item,1,0,Drinking Alch Beverage In Open,0,High,1
Male,25 - 45,Caucasian,0,0,0,5.0,-1.0,F,Fel Drive License Perm Revoke,1,0,Unlawful Assembly,5,Low,1
Female,25 - 45,African-American,0,0,0,0.0,-1.0,M,Aggravated Battery / Pregnant,0,0,,0,Low,0
Male,25 - 45,Caucasian,0,0,0,1.0,-1.0,M,Battery,0,0,,1,Low,0
Male,Greater than 45,Caucasian,0,0,0,0.0,0.0,M,Poss/Sell/Del/Man Amobarbital,1,0,Resist/Obstruct W/O Violence,0,Low,1
Female,Less than 25,Native American,0,3,0,12.0,-1.0,F,Grand Theft (Motor Vehicle),1,1,Trafficking In Cocaine 28><200,13,High,1
Male,25 - 45,Other,0,0,0,3.0,0.0,F,Driving While License Revoked,1,0,Resist Merchant W Or W/O Viol,3,Low,1
Female,25 - 45,Hispanic,0,0,0,2.0,-9.12202534880322,F,arrest case no charge,0,0,,2,Low,0
Male,Less than 25,Caucasian,0,0,0,0.0,-1.0,M,Battery,0,0,,0,Low,0
Male,25 - 45,Hispanic,0,0,0,1.0,-1.0,F,Aggrav Battery w/Deadly Weapon,0,0,,1,Medium,0
Female,25 - 45,Native American,0,0,0,0.0,-1.0,M,Battery,1,1,Battery,0,Low,1
Female,Greater than 45,Other,0,0,0,0.0,0.0,M,Attempted Robbery  Weapon,0,0,Possess Drug Paraphernalia,0,Low,0
Male,Greater than 45,Asian,0,0,0,2.0,0.0,M,Aggrav Battery w/Deadly Weapon,0,0,,2,Low,0
Female,25 - 45,African-American,0,0,0,4.0,-3.0,F,Aggravated Assault,1,0,Reckless Display Of Weapon,4,Low,1
Female,25 - 45,African-American,0,0,0,0.0,-1.0,F,Poss Contr Subst W/o Prescript,0,0,,0,Low,0
Male,25 - 45,Other,0,0,0,1.0,-24.3582818523824,M,Battery,0,0,,1,Low,0
Female,Less than 25,Caucasian,0,0,0,1.0,-1.0,F,Possession Of Methamphetamine,0,0,,1,Low,0
Male,25 - 45,Hispanic,0,0,0,0.0,-1.0,M,Battery,0,0,,0,Low,0
Male,Greater than 45,Caucasian,0,0,0,0.0,-1.0,M,Battery,1,0,DWLS Canceled Disqul 1st Off,0,Low,1
Male,25 - 45,Caucasian,0,0,0,12.0,-1.0,F,Possession of Oxycodone,1,0,Felony Battery w/Prior Convict,12,High,1
Male,Greater than 45,Other,0,0,0,10.0,0.0,M,Tresspass in Structure or Conveyance,1,1,Tampering With Physical Evidence,10,High,1
Female,Less than 25,Caucasian,0,0,0,5.0,6.654557813305196,F,Felony Driving While Lic Suspd,1,0,Introduce Contraband Into Jail,5,Low,1
Male,Greater than 45,Caucasian,0,0,0,1.0,-1.0,M,Battery,1,1,Battery,1,High,1
Male,25 - 45,Other,0,0,0,4.0,-5.0,F,Reckless Driving,0,0,,4,Low,0
Male,25 - 45,African-American,0,0,0,0.0,-1.0,M,Poss Alprazolam W/int Sell/Del,1,0,DWLS Canceled Disqul 1st Off,0,Low,1
Female,Greater than 45,Asian,0,0,0,1.0,-1.0,F,arrest case no charge,0,0,,1,Low,0
Male,25 - 45,Hispanic,0,0,0,0.0,0.0,M,Cruelty to Animals,0,0,Unlaw Use False Name/Identity,0,Low,0
Male,25 - 45,African-American,0,0,1,0.0,0.0,F,Possession of Cannabis,0,0,,0,Low,0
Male,Greater than 45,Hispanic,0,0,0,3.0,-1.0,F,Refuse Submit Blood/Breath Test,0,0,,3,Low,1
Male,Greater than 45,Caucasian,0,0,0,0.0,-1.0,M,Battery,0,0,,0,Low,0
Male,Less than 25,Hispanic,0,0,0,1.0,-24.0,M,Refuse Submit Blood/Breath Test,1,0,Prowling/Loitering,1,Low,1
Female,Greater than 45,Other,0,0,0,0.0,-1.0,F,Fraudulent Use of Credit Card,0,0,,0,Low,0
Female,25 - 45,African-American,0,0,0,4.0,-1.0,M,Battery,0,0,,4,Medium,0
Male,25 - 45,Hispanic,0,0,0,8.0,-28.0,F,Possession of Oxycodone,1,0,Crim Use of Personal ID Info,8,High,1
Male,Greater than 45,Caucasian,0,0,0,8.0,-1.0,M,Battery,1,0,Operating W/O Valid License,8,Low,1
Male,Greater than 45,Caucasian,0,0,0,10.0,-1.0,M,Assault,1,0,Resist/Obstruct W/O Violence,10,High,1
Male,Greater than 45,Asian,0,0,0,4.0,-26.0,M,Battery,0,0,,4,Low,0
Female,Less than 25,Asian,0,0,0,2.0,0.0,M,Attempted Robbery  Weapon,0,0,,2,Low,0
Female,25 - 45,African-American,0,0,0,7.0,-1.0,F,Felony Driving While Lic Suspd,1,0,Resist/Obstruct W/O Violence,7,Low,1
Male,25 - 45,Other,0,0,0,0.0,-1.0,M,Battery,1,1,Battery,0,Low,0
Male,Greater than 45,Hispanic,0,0,0,13.0,0.0,M,Battery,1,0,Possess Cannabis/20 Grams Or Less,13,High,1
Female,Less than 25,Other,0,0,0,0.0,0.0,M,Burglary Conveyance Armed,1,0,,0,Low,0
Female,25 - 45,African-American,0,0,0,6.0,-1.0,F,Possession of Cocaine,1,0,Shoot/Throw Into Vehicle,6,High,1
Female,25 - 45,Hispanic,0,0,0,1.0,-3.0,F,Felony DUI (level 3),0,0,Resist/Obstruct W/O Violence,1,Low,0
Male,25 - 45,Caucasian,0,0,0,0.0,0.0,M,Battery,0,0,,0,Low,0
Female,Greater than 45,Hispanic,0,0,0,7.0,-1.0,M,arrest case no charge,1,1,Felony Battery w/Prior Convict,7,Medium,1
Female,25 - 45,Native American,0,0,0,10.0,18.36532588206512,F,arrest case no charge,1,0,Aggravated Battery / Pregnant,10,Medium,1
Male,25 - 45,Native American,0,0,0,1.0,-1.0,M,Battery,0,0,,1,Low,0
Male,Less than 25,Other,0,0,0,6.0,0.0,F,Driving While License Revoked,1,0,Possess Cannabis/20 Grams Or Less,6,Medium,1
Female,Less than 25,Asian,0,0,0,10.0,-1.0,F,Felony Driving While Lic Suspd,1,0,Tampering With Physical Evidence,10,Medium,1
Female,Less than 25,Native American,0,0,0,0.0,-1.0,F,False Ownership Info/Pawn Item,0,0,,0,High,0
Female,25 - 45,African-American,0,0,0,0.0,-1.0,M,False Ownership Info/Pawn Item,0,0,,0,Low,0
Female,Greater than 45,Caucasian,0,3,1,3.0,-1.0,M,Battery,1,1,Battery,3,Medium,1
Female,25 - 45,African-American,0,0,1,26.06568594919761,-1.0,F,Possession of Morphine,1,0,Tampering With Physical Evidence,25,High,0
Female,Less than 25,African-American,0,0,0,2.0,-19.0,M,Poss Contr Subst W/o Prescript,1,0,Possess Cannabis/20 Grams Or Less,2,Medium,1
Male,25 - 45,Asian,0,0,0,0.0,-1.0,F,Petit Theft,1,0,Poss of Cocaine W/I/D/S 1000FT Park,0,Low,1
Male,25 - 45,Other,0,0,0,0.0,-1.0,M,Battery,1,1,Mandatory Susp Possess Alcohol,0,Low,1
Male,25 - 45,Hispanic,0,0,0,2.0,-3.0,F,Felony Driving While Lic Suspd,1,0,Attempted Burg/struct/unocc,2,Low,1
Male,Greater than 45,Caucasian,0,3,2,14.0,0.0,F,Poss/Sell/Del Cocaine 1000FT Sch,1,1,Resist/Obstruct W/O Violence,14,High,1
Male,25 - 45,African-American,0,0,0,1.0,-2.0,M,arrest case no charge,0,0,,1,Low,0
Male,Less than 25,Asian,0,0,0,0.0,-1.0,F,Possession of Cocaine,0,0,,0,Low,0
Male,Less than 25,Native American,3,0,0,13.0,-8.0,F,arrest case no charge,1,0,Resist/Obstruct W/O Violence,13,High,1
Female,25 - 45,Caucasian,0,0,0,8.0,0.0,F,Driving While License Revoked,1,0,Fraud Use/Persnl ID Info/Deceased,8,Low,1
Male,25 - 45,African-American,0,0,0,2.0,-1.0,F,Oper Motorcycle W/O Valid DL,0,0,,2,Low,0
Male,Greater than 45,Other,0,0,0,2.0,-1.0,M,arrest case no charge,0,0,,2,Low,0
Female,Greater than 45,Caucasian,0,0,0,2.0,-1.0,F,Possession of Cocaine,1,0,Leaving the Scene of Accident,2,Medium,1
Male,Greater than 45,African-American,0,0,0,2.0,-1.0,F,Petit Theft $100- $300,1,0,Harass Witness/Victm/Informnt,2,High,1
Male,25 - 45,Hispanic,0,0,0,0.0,0.0,F,False Ownership Info/Pawn Item,1,1,Viol Injunct Domestic Violence,0,Medium,1
Male,Greater than 45,Hispanic,0,0,0,6.0,0.0,M,Battery,1,0,Possession of Cocaine,6,Low,1
Female,Less than 25,African-American,0,0,1,0.0,-1.0,M,Battery,1,0,Fail Register Vehicle,0,Medium,1
Male,Less than 25,Native American,0,0,0,0.0,-1.0,M,Aggravated Battery / Pregnant,0,0,,0,Low,0
Male,25 - 45,Caucasian,0,0,0,0.0,0.0,M,Grand Theft (Motor Vehicle),1,0,Fail Register Vehicle,0,Medium,1
Male,Greater than 45,Caucasian,0,0,0,1.0,0.0,F,arrest case no charge,1,1,Credit Card Theft,1,Low,1
Female,Greater than 45,Caucasian,0,2,1,9.0,0.0,F,arrest case no charge,0,0,,9,High,0
Female,25 - 45,Native American,0,0,0,2.0,-22.6780217975993,M,Fel Drive License Perm Revoke,0,0,,2,Low,0
Male,Less than 25,Asian,0,0,0,1.0,-1.0,F,Aggravated Assault,0,0,,1,Low,0
Male,Greater than 45,Hispanic,0,0,0,0.0,-4.0,M,Battery,0,0,,0,Medium,0
Female,Less than 25,Hispanic,0,0,0,0.0,0.0,F,Crimin Mischief Damage $1000+,0,0,,0,Low,0
Female,25 - 45,Hispanic,1,0,1,9.0,-1.0,F,Possession of Cocaine,1,0,Mandatory Susp Possess Alcohol,10,High,1
Male,Less than 25,African-American,0,0,0,0.0,-1.0,M,Agg Assault W/int Com Fel Dome,0,0,,0,Medium,0
Female,Greater than 45,African-American,0,0,0,5.0,0.0,F,Poss Unlaw Issue Driver Licenc,1,0,Unlaw Use False Name/Identity,5,High,1
Female,25 - 45,African-American,0,0,0,7.0,0.0,F,arrest case no charge,0,0,,7,Low,0
Male,25 - 45,Asian,0,0,0,0.0,-2.0,M,Battery,0,0,,0,Low,0
Female,25 - 45,Other,0,0,0,4.0,0.0,M,Battery,1,1,Operating W/O Valid License,4,Low,1
Male,25 - 45,Hispanic,0,0,0,2.0,0.0,F,Aggrav Child Abuse-Causes Harm,0,0,,2,High,0
Female,25 - 45,Asian,0,0,0,0.0,0.0,M,Driving Under The Influence,0,0,,0,Low,0
Male,Less than 25,Hispanic,0,0,0,1.0,-2.0,M,Assault,1,0,Tampering With Physical Evidence,1,Low,0
Male,Less than 25,Hispanic,0,0,1,0.0,-1.0,M,Assault,1,0,Operating W/O Valid License,0,Medium,1
Female,Greater than 45,Asian,0,0,0,4.0,-1.0,M,Battery,0,0,,4,Medium,0
Male,25 - 45,Asian,0,0,0,2.0,0.0,F,Burglary Conveyance Unoccup,1,1,Battery,2,Low,1
Male,25 - 45,Caucasian,0,0,0,3.0,-1.0,F,Felony Battery w/Prior Convict,0,0,,3,Low,0
Male,25 - 45,Hispanic,0,0,0,5.0,-1.0,F,Felony Driving While Lic Suspd,1,0,Tampering With Physical Evidence,5,High,1
Male,25 - 45,Native American,0,0,0,0.0,-1.0,F,Possession Of Methamphetamine,0,0,,0,Low,0
Female,Greater than 45,Native American,0,0,0,1.0,0.0,F,Aggrav Battery w/Deadly Weapon,1,1,Aggravated Battery / Pregnant,1,Low,0
Female,25 - 45,Other,0,0,0,3.0,-1.0,M,arrest case no charge,0,0,,3,Medium,0
Male,25 - 45,Asian,0,0,0,2.0,-1.0,F,arrest case no charge,1,0,Operating W/O Valid License,2,Low,1
Female,25 - 45,Asian,0,0,0,0.0,-1.0,M,Battery,0,0,,0,Low,0
Female,25 - 45,Native American,0,0,0,7.0,-1.0,F,Poss Of Controlled Substance,1,0,Grand Theft of the 2nd Degree,7,High,1
Male,25 - 45,Caucasian,0,0,0,7.0,-1.0,F,Agg Assault W/int Com Fel Dome,1,0,Fail Register Vehicle,7,High,1
Male,Less than 25,Asian,0,0,0,0.0,-1.0,F,Poss Cocaine/Intent To Del/Sel,0,0,,0,Low,0
Male,Greater than 45,Caucasian,0,0,0,0.0,0.0,M,Leave Acc/Attend Veh/More $50,0,0,,0,Low,0
Male,Less than 25,Other,0,0,0,0.0,-1.0,M,Battery,0,0,,0,Low,0
Female,Greater than 45,Caucasian,0,2,0,12.0,0.0,F,Fel Drive License Perm Revoke,1,0,Driving License Suspended,12,High,1
Male,Less than 25,Other,0,0,0,0.0,-1.0,F,Possession of Cannabis,1,0,Grand Theft (Motor Vehicle),0,Medium,1
Male,Greater than 45,Asian,0,0,0,0.0,0.0,F,Driving Under The Influence,0,0,,0,Low,0
Male,25 - 45,African-American,0,0,0,7.0,-1.0,M,Battery,1,1,Unlaw Malic Strike K9/Horses,8,High,1
Male,Less than 25,Caucasian,0,0,0,4.0,-1.0,M,Battery,0,0,,4,Low,0
Male,25 - 45,African-American,0,0,0,0.0,-1.0,F,Driving While License Revoked,0,0,,0,High,0
Male,25 - 45,Caucasian,0,0,0,0.0,-1.0,F,Possession of Cocaine,0,0,,0,Low,0
Male,Greater than 45,Other,0,0,0,2.0,0.0,F,Possession Of Alprazolam,1,0,Operating W/O Valid License,2,Medium,1
Female,Greater than 45,Caucasian,0,0,0,0.0,-1.0,M,Battery,0,0,,0,Low,0
Female,Less than 25,Caucasian,0,0,0,0.0,-1.0,F,Possession of Cocaine,1,0,Resist/Obstruct W/O Violence,0,Low,1
Female,Greater than 45,Native American,0,0,0,0.0,-1.0,M,Battery,1,0,Resist/Obstruct W/O Violence,0,Medium,1
Male,25 - 45,Native American,0,0,0,2.0,-1.0,M,Poss Unlaw Issue Driver Licenc,0,0,,2,Medium,0
Male,Less than 25,Caucasian,0,0,0,0.0,0.0,F,Possession of LSD,0,0,,0,Low,0
Female,Greater than 45,Asian,0,0,0,2.0,-1.0,M,Driving License Suspended,0,0,,2,Low,0
Male,Greater than 45,African-American,0,0,0,3.0,-1.0,F,"Poss3,4 Methylenedioxymethcath",0,0,,3,Medium,0
Female,Less than 25,Asian,0,1,0,1.0,-1.0,F,Felony Driving While Lic Suspd,0,0,,1,Low,0
Male,25 - 45,Other,0,0,0,2.0,11.967658012254851,F,Neglect Child / No Bodily Harm,1,1,Felony Battery w/Prior Convict,2,High,1
Male,Greater than 45,Hispanic,0,0,0,0.0,-2.0,M,,0,0,,0,Low,0
Male,Less than 25,Asian,0,0,2,1.0,-1.0,F,Grand Theft of the 2nd Degree,1,0,Possess Cannabis/20 Grams Or Less,1,Medium,1
Male,25 - 45,Asian,0,0,0,0.0,-1.0,F,"Poss3,4 Methylenedioxymethcath",0,0,,0,Low,0
Male,Greater than 45,Caucasian,1,2,0,5.0,-1.0,M,Aggrav Battery w/Deadly Weapon,1,0,Possess Cannabis/20 Grams Or Less,5,Medium,1
Female,25 - 45,Caucasian,0,0,0,1.0,0.0,F,Neglect Child / No Bodily Harm,0,0,,1,Low,0
Male,Greater than 45,Other,0,0,0,5.0,-1.0,F,arrest case no charge,1,1,Battery,5,Medium,1
Male,25 - 45,Asian,0,0,0,1.0,0.0,F,arrest case no charge,1,0,Burglary Dwelling Assault/Batt,1,Low,1
Male,25 - 45,Hispanic,0,0,0,0.0,-3.0,M,,1,0,Possess Cannabis/20 Grams Or Less,0,Low,1
Male,25 - 45,Caucasian,0,0,0,1.0,-1.0,F,Possession of Cocaine,1,0,,1,Low,0
Male,Less than 25,Native American,0,0,1,4.0,-1.0,F,Purchase Cannabis,1,0,Tampering With Physical Evidence,4,Low,1
Female,25 - 45,Hispanic,0,0,0,0.0,-1.0,M,Petit Theft $100- $300,0,0,,0,Low,0
Female,25 - 45,Caucasian,0,0,0,2.0,-1.0,M,False Ownership Info/Pawn Item,1,0,Operating W/O Valid License,2,Low,1
Male,Less than 25,African-American,0,0,0,5.0,-1.0,M,Uttering a Forged Instrument,1,0,No Wholesale/ Retail Dealer Lic,5,Low,1
Male,Less than 25,Caucasian,0,0,0,0.0,0.0,F,Poss Oxycodone W/Int/Sell/Del,0,0,,0,Low,0
Female,Less than 25,Hispanic,0,0,0,3.0,-1.0,F,Att Burgl Unoccupied Dwel,1,0,Fraud Use/Persnl ID Info/Deceased,3,High,1
Female,Less than 25,Asian,0,0,0,2.0,-1.0,F,arrest case no charge,0,0,,2,Medium,0
Female,Less than 25,African-American,1,0,0,3.0,-1.0,F,Felony Battery w/Prior Convict,1,1,Possess Cannabis/20 Grams Or Less,3,High,1
Female,Less than 25,Other,0,0,0,2.0,-1.0,F,arrest case no charge,1,1,Resist/Obstruct W/O Violence,2,Medium,1
Female,25 - 45,Native American,0,0,0,1.0,0.0,F,Poss Unlaw Issue Driver Licenc,1,0,Unlaw Malic Strike K9/Horses,1,Low,1
Male,Greater than 45,African-American,0,0,0,9.0,-1.0,F,Poss Alprazolam W/int Sell/Del,1,1,Resist Officer w/Violence,8,High,1
Female,Less than 25,Other,0,0,0,0.0,0.0,F,Driving While License Revoked,0,0,,0,Low,0
Male,Less than 25,Asian,0,0,0,1.0,-1.0,F,Assault,1,0,,1,Medium,0
Male,25 - 45,Asian,0,0,1,3.0,-1.0,F,Possession of Cocaine,1,0,Petit Theft,3,Medium,1
Male,Greater than 45,Other,0,0,0,0.0,0.0,M,Driving Under The Influence,1,0,Resist/Obstruct W/O Violence,0,Low,1
Male,Less than 25,Caucasian,0,0,0,0.0,0.0,M,Driving Under The Influence,0,0,,0,Low,0
Male,25 - 45,African-American,0,0,0,1.0,-10.78064834390847,M,Posses/Disply Susp/Revk/Frd DL,0,0,,1,Low,0
Male,Less than 25,Hispanic,0,0,2,0.0,-1.0,F,Armed Trafficking in Cannabis,1,1,Possess Cannabis/20 Grams Or Less,0,Medium,0
Male,Less than 25,African-American,0,0,0,5.0,0.0,F,Felony DUI (level 3),1,1,Battery,5,Medium,1
Female,25 - 45,Asian,0,0,0,5.0,-1.0,F,Uttering a Forged Instrument,1,0,Fail Register Vehicle,5,Medium,1
Female,Less than 25,Hispanic,0,0,0,5.0,-1.0,M,arrest case no charge,1,0,Unnatural/Lascivious Act,5,Medium,1
Male,Greater than 45,Other,0,0,0,14.0,-28.0,F,arrest case no charge,1,0,Possession of Cocaine,14,Low,1
Female,25 - 45,Native American,0,0,0,0.0,-1.0,F,Refuse Submit Blood/Breath Test,0,0,,0,Low,0
Male,25 - 45,African-American,0,0,0,0.0,-1.0,F,Burglary Conveyance Unoccup,0,0,,0,Low,0
Male,Greater than 45,Native American,0,0,0,1.0,-1.0,F,Possession of Cocaine,1,0,Resist/Obstruct W/O Violence,1,Low,1
Male,Less than 25,Caucasian,0,0,0,6.0,-1.0,F,arrest case no charge,1,0,Prowling/Loitering,6,Low,1
Female,Greater than 45,African-American,0,0,0,1.0,0.0,M,Driving License Suspended,1,0,Unnatural/Lascivious Act,1,Low,1
Female,25 - 45,Native American,0,0,0,2.0,-1.0,F,Poss Alprazolam W/int Sell/Del,0,0,,2,High,0
Male,Less than 25,Other,0,0,0,2.0,-1.0,F,Poss Similitude of Drivers Lic,0,0,,2,Low,0
Male,Less than 25,Hispanic,0,0,0,11.0,-1.0,F,Uttering a Forged Instrument,1,0,Child Abuse,11,High,1
Male,Greater than 45,Other,0,0,0,0.0,-1.0,F,Grand Theft (Motor Vehicle),0,0,,0,Low,0
Male,Greater than 45,African-American,0,0,0,8.0,-1.0,F,Poss Alprazolam W/int Sell/Del,1,1,Possess Cannabis/20 Grams Or Less,8,High,1
Male,25 - 45,Caucasian,0,0,0,1.0,-1.0,F,False Ownership Info/Pawn Item,1,0,Operating W/O Valid License,1,Medium,1
Female,25 - 45,Asian,0,0,0,6.0,0.0,F,Crimin Mischief Damage $1000+,0,0,Operating W/O Valid License,6,Medium,0
Female,Less than 25,Other,0,0,1,0.0,-1.0,M,Petit Theft,1,0,Resist/Obstruct W/O Violence,0,Low,1
Male,Less than 25,Other,0,0,0,0.0,-1.0,F,Att Burgl Unoccupied Dwel,0,0,,0,Low,0
Female,Greater than 45,Asian,0,0,0,0.0,-1.0,F,arrest case no charge,0,0,,0,Medium,0
Male,25 - 45,Caucasian,0,0,0,0.0,-1.0,M,Poss Cocaine/Intent To Del/Sel,0,0,,0,Low,0
Male,Greater than 45,Caucasian,0,0,0,5.0,0.0,M,"Poss3,4 Methylenedioxymethcath",1,0,Prowling/Loitering,5,Medium,1
Male,25 - 45,Caucasian,0,0,0,0.0,-1.0,M,Battery,0,0,,0,Low,0
Male,25 - 45,Native American,0,0,0,0.0,-2.0,M,Misuse Of 911 Or E911 System,1,0,Possess Drug Paraphernalia,0,Low,1
Male,Less than 25,Hispanic,0,0,0,1.0,-1.0,F,arrest case no charge,1,0,Possess Drug Paraphernalia,1,Medium,1
Male,Greater than 45,Caucasian,0,0,0,1.0,-11.703941024203932,F,arrest case no charge,0,0,,1,Low,0
Male,Less than 25,African-American,1,0,0,4.0,-1.0,F,"Poss3,4 Methylenedioxymethcath",1,0,Fail Obey Driv Lic Restrictions,4,Medium,1
Male,Greater than 45,Asian,0,0,0,0.0,-2.0,M,Battery,0,0,,0,Low,0
Male,25 - 45,Other,0,0,0,2.0,-1.0,M,Battery,0,0,,2,Low,0
Female,Less than 25,Native American,0,0,0,0.0,0.0,M,Driving Under The Influence,0,0,,0,Low,0
Female,Less than 25,Caucasian,0,0,0,1.0,-8.0,M,arrest case no charge,0,0,,1,Low,0
Male,25 - 45,Caucasian,0,0,0,1.0,0.0,M,Battery,0,0,,1,Low,0
Female,25 - 45,Caucasian,0,0,0,12.0,0.0,M,Possession of Morphine,1,0,Home Invasion Robbery,11,Medium,1
Female,Less than 25,African-American,0,0,0,0.0,-1.0,M,Battery,0,0,,0,Medium,0
Male,Greater than 45,African-American,0,0,0,1.0,-1.0,F,Misuse Of 911 Or E911 System,1,0,Possess Cannabis/20 Grams Or Less,1,Medium,1
Female,25 - 45,Caucasian,1,0,0,1.0,0.0,F,Oper Motorcycle W/O Valid DL,1,0,,1,Medium,1
Male,25 - 45,African-American,0,0,0,4.0,-1.0,M,Battery,1,0,Prowling/Loitering,4,Medium,1
Male,25 - 45,African-American,0,0,0,1.0,-13.0,M,Battery,0,0,,1,Low,0
Male,Greater than 45,African-American,0,0,0,17.0,-1.0,F,Poss Similitude of Drivers Lic,1,0,Harass Witness/Victm/Informnt,17,High,1
Male,25 - 45,Native American,0,0,0,0.0,-1.0,F,arrest case no charge,0,0,,0,Low,0
Male,25 - 45,Native American,0,0,0,4.0,-1.0,F,Purchase Cannabis,1,1,Battery,4,Low,0
Male,Less than 25,Asian,0,0,0,1.0,-1.0,F,Reckless Driving,1,0,Possess Cannabis/20 Grams Or Less,1,Low,1
Female,Greater than 45,African-American,0,0,0,9.0,-1.0,F,Driving While License Revoked,0,0,,9,Low,0
Male,Less than 25,Other,0,0,0,4.0,-1.0,M,Neglect Child / No Bodily Harm,1,0,Operating W/O Valid License,4,Low,1
Male,25 - 45,Hispanic,0,0,0,7.0,-1.0,F,Driving While License Revoked,0,0,,7,Medium,0
Female,25 - 45,Hispanic,0,0,0,0.0,0.0,M,Battery,0,0,,0,Low,0
Male,Less than 25,Caucasian,0,0,0,1.0,-27.0,M,Petit Theft $100- $300,0,0,,1,Low,0
Female,25 - 45,African-American,0,0,1,6.0,0.0,M,Battery,1,0,Burglary Dwelling Armed,6,High,1
Male,25 - 45,Native American,0,0,0,0.0,-1.0,F,Possession of Cocaine,1,0,Possess Drug Paraphernalia,0,High,1
Male,25 - 45,Caucasian,0,0,0,0.0,-1.0,M,Battery,0,0,,0,Medium,0
Female,25 - 45,Native American,0,0,0,1.0,-1.0,F,arrest case no charge,1,0,Possession of Cocaine,1,Medium,1
Male,25 - 45,Caucasian,0,0,0,4.0,0.0,F,Burglary Conveyance Armed,0,0,,4,Medium,0
Male,Less than 25,Hispanic,0,0,0,13.0,-13.0,F,arrest case no charge,0,0,,13,Low,0
Male,Less than 25,African-American,0,0,0,1.0,-1.0,F,Poss Oxycodone W/Int/Sell/Del,0,0,,1,Low,0
Male,Less than 25,Hispanic,0,0,0,0.0,-1.0,F,Misuse Of 911 Or E911 System,0,0,,0,Low,0
Male,Greater than 45,Other,2,0,0,12.0,-1.0,M,arrest case no charge,0,0,,12,High,0
Male,25 - 45,Other,0,0,0,7.0,0.0,F,Grand Theft Dwell Property,1,0,Tampering With Physical Evidence,7,Medium,1
Female,Greater than 45,Hispanic,0,0,0,0.0,-1.0,M,Battery,0,0,Poss of Cocaine W/I/D/S 1000FT Park,0,Low,1
Female,Greater than 45,Native American,0,1,1,13.0,0.0,F,Driving While License Revoked,1,0,Resist/Obstruct W/O Violence,13,High,1
Female,Less than 25,African-American,0,0,0,4.0,-1.0,M,Battery,0,0,,4,Low,0
Female,25 - 45,Asian,0,0,0,0.0,-1.0,M,Battery,0,0,,0,Low,0
Female,Less than 25,African-American,0,0,0,0.0,-1.0,M,Battery,0,0,,0,Low,0
Female,Greater than 45,Caucasian,0,0,0,0.0,0.0,M,Battery,0,0,,0,Low,0
Female,Less than 25,Other,0,0,2,0.0,-3.0,F,Possession Of Alprazolam,0,0,,0,Medium,0
Female,Greater than 45,Caucasian,0,0,0,0.0,-3.0,F,Felony Battery w/Prior Convict,0,0,,0,Low,0
Male,Less than 25,African-American,0,0,0,0.0,0.0,M,Refuse Submit Blood/Breath Test,0,0,,0,Low,0
Male,25 - 45,Other,0,0,0,0.0,-2.0,F,Driving While License Revoked,0,0,,0,Medium,0
Male,25 - 45,African-American,0,0,0,1.0,-1.0,F,Poss Oxycodone W/Int/Sell/Del,1,1,Burglary Dwelling Armed,1,Medium,1
Male,25 - 45,Native American,0,0,0,1.0,-1.0,F,Battery,0,0,,1,Medium,0
Female,Greater than 45,Asian,0,0,0,2.0,-3.0,F,arrest case no charge,0,0,,2,Low,0
Male,25 - 45,African-American,0,0,0,1.0,-8.0,M,Battery,0,0,,1,Low,0
Female,Less than 25,Asian,0,0,0,0.0,-1.0,F,Del of JWH-250 2-Methox 1-Pentyl,0,0,,0,Low,0
Male,25 - 45,Caucasian,0,0,0,1.0,-1.0,F,Felony DUI (level 3),1,0,Trespass,1,Low,1
Male,Less than 25,Caucasian,0,0,0,1.0,-1.0,M,Battery,0,0,,1,Low,0
Male,25 - 45,Native American,0,0,0,2.0,-1.0,M,Battery,0,0,,2,Low,0
Male,25 - 45,Caucasian,0,0,0,0.0,-1.0,M,Sale/Del Cannabis At/Near Scho,0,0,,0,Low,0
Male,25 - 45,African-American,1,0,1,11.347254627416904,0.0,F,Possession of Cocaine,1,0,Resist/Obstruct W/O Violence,11,High,1
Female,Less than 25,African-American,0,0,0,0.0,0.0,M,Battery,0,0,,0,Low,0
Male,25 - 45,Caucasian,0,0,0,1.0,-1.0,F,Possession Of Alprazolam,1,1,Battery,1,Low,1
Male,Less than 25,Caucasian,2,1,0,9.0,-1.0,M,Poss Of Controlled Substance,1,0,,9,High,0
Male,25 - 45,African-American,0,0,0,2.0,-1.0,F,Fel Drive License Perm Revoke,1,0,Credit Card Theft,2,Medium,1
Female,Less than 25,Native American,0,0,1,1.0,-1.0,F,arrest case no charge,1,0,Attempted Burg/struct/unocc,1,High,0
Female,25 - 45,Other,0,0,0,14.0,-1.0,F,Agg Assault W/int Com Fel Dome,1,1,Resist/Obstruct W/O Violence,14,Medium,1
Male,Greater than 45,African-American,0,0,1,3.0,-1.0,M,Grand Theft (Motor Vehicle),1,0,Tampering With Physical Evidence,3,Medium,1
Male,25 - 45,African-American,0,0,0,7.0,-1.0,M,Battery,0,0,,7,Low,0
Male,Less than 25,Other,0,0,0,0.0,0.0,M,Battery,0,0,,0,Medium,0
Male,25 - 45,Native American,0,2,1,3.0,-1.0,M,Battery,1,0,Driving License Suspended,3,Low,1
Female,25 - 45,Caucasian,0,0,0,0.0,-1.0,F,arrest case no charge,0,0,,0,Low,0
Female,25 - 45,Caucasian,0,0,0,9.0,0.0,F,Poss Similitude of Drivers Lic,0,0,,9,Low,0
Male,25 - 45,African-American,0,0,0,1.0,0.0,M,Viol Injunction Protect Dom Vi,0,0,,1,Low,0
Male,25 - 45,Native American,0,0,0,0.0,-1.0,F,False Ownership Info/Pawn Item,1,0,Possess Cannabis 1000FTSch,0,Low,1
Male,Less than 25,Caucasian,0,0,0,0.0,0.0,F,Poss Cocaine/Intent To Del/Sel,0,0,,0,Low,0
Male,25 - 45,Native American,0,0,0,4.0,-1.0,F,Possession of Cocaine,0,0,,4,High,0
Female,25 - 45,Caucasian,0,0,0,5.0,-11.422225553491092,M,Driving License Suspended,0,0,,5,Low,0
Male,Less than 25,Native American,0,0,0,0.0,0.0,F,,1,0,Resist Merchant W Or W/O Viol,0,Medium,1
Male,Less than 25,Native American,0,0,0,2.0,0.0,F,Felony Battery w/Prior Convict,1,0,Child Abuse,2,Medium,1
Female,Less than 25,Hispanic,0,0,0,0.0,0.0,F,"Poss3,4 Methylenedioxymethcath",0,0,Possess Drug Paraphernalia,0,Low,0
Male,Greater than 45,African-American,0,0,0,0.0,-1.0,F,Driving While License Revoked,0,0,,0,Low,0
Male,25 - 45,Other,0,0,0,2.0,-4.0,F,Aggravated Battery / Pregnant,0,0,,2,Low,1
Male,Greater than 45,Native American,0,0,0,2.0,-16.03766290148795,M,Tresspass in Structure or Conveyance,1,1,Felony Battery w/Prior Convict,2,Low,1
Female,25 - 45,Asian,0,0,0,1.0,0.0,F,arrest case no charge,0,0,,1,Medium,0
Male,Less than 25,Asian,0,0,0,2.0,-1.0,F,Poss Oxycodone W/Int/Sell/Del,1,1,Unlawful Assembly,2,Low,1
Male,Greater than 45,African-American,0,0,0,8.0,0.0,F,Burglary Conveyance Unoccup,1,0,Shoot/Throw Into Vehicle,8,Low,1
Male,Greater than 45,Other,0,0,0,4.0,-1.0,F,arrest case no charge,1,0,Resist/Obstruct W/O Violence,4,Low,1
Female,Greater than 45,Hispanic,0,0,0,1.0,0.0,M,Battery,0,0,,1,Low,0
Female,Greater than 45,Hispanic,0,1,3,2.0,-1.0,F,Driving While License Revoked,0,0,,2,Medium,0
Male,Greater than 45,Caucasian,0,0,0,0.0,0.0,F,Possession of Cocaine,1,0,Resist/Obstruct W/O Violence,0,Medium,1
Female,25 - 45,African-American,0,0,0,0.0,-2.0,M,Petit Theft,0,0,,0,Medium,0
Male,Less than 25,African-American,0,0,0,0.0,0.0,F,False Ownership Info/Pawn Item,0,0,,0,Medium,0
Male,Less than 25,Asian,0,0,0,16.0,-1.0,F,Possession of Cocaine,0,0,,16,Medium,0
Female,Greater than 45,African-American,0,0,1,7.0,-1.0,F,Carrying Concealed Firearm,1,0,Home Invasion Robbery,7,Medium,1
Male,25 - 45,African-American,0,0,0,0.0,-1.0,M,Battery,0,0,,0,Low,0
Male,Greater than 45,Other,0,0,1,1.0,-21.0,M,Aggrav Child Abuse-Causes Harm,0,0,,1,Medium,0
Male,25 - 45,Other,0,0,0,0.0,0.0,M,Battery,0,0,,0,Low,0
Female,Greater than 45,African-American,0,0,0,18.419020575549265,-1.0,F,Felony Battery w/Prior Convict,0,0,,18,Medium,0
Male,25 - 45,Caucasian,0,0,0,2.0,0.0,F,Agg Assault W/int Com Fel Dome,1,0,Open Carrying Of Weapon,2,Medium,1
Female,Less than 25,Hispanic,0,0,0,0.0,-1.0,M,Driving Under The Influence,0,0,,0,Low,0
Male,25 - 45,Caucasian,0,0,0,1.0,-1.0,F,Sale/Del Cannabis At/Near Scho,0,0,,1,Low,0
Male,Less than 25,Native American,0,0,0,5.0,-1.0,F,arrest case no charge,1,0,Possession of Cocaine,5,High,1
Male,25 - 45,Caucasian,0,0,0,0.0,-2.0,F,Poss Cocaine/Intent To Del/Sel,0,0,,0,Low,0
Female,25 - 45,Other,0,0,0,0.0,-1.0,F,Grand Theft (Motor Vehicle),0,0,,0,Low,0
Male,Greater than 45,African-American,0,0,0,3.0,-1.0,F,Neglect Child / No Bodily Harm,0,0,,3,High,0
Male,Greater than 45,Other,0,0,0,2.0,-1.0,F,Possession Of Alprazolam,0,0,,2,Low,0
Male,25 - 45,Hispanic,0,0,0,0.0,-1.0,M,Battery,0,0,,0,Low,0
Male,25 - 45,Caucasian,0,0,0,0.0,-1.0,M,Battery,0,0,,0,Low,0
Male,25 - 45,Caucasian,0,0,0,0.0,0.0,F,Felony Battery,1,1,Battery,0,Low,1
Male,Greater than 45,African-American,0,0,0,12.0,0.0,F,Driving While License Revoked,1,0,Mandatory Susp Possess Alcohol,12,Low,1
Female,Greater than 45,Other,0,0,0,12.0,-1.0,F,Felony Battery w/Prior Convict,0,0,,11,Low,0
Male,25 - 45,Hispanic,0,0,0,0.0,-2.0,M,Battery,0,0,,0,Low,0
Female,25 - 45,Native American,0,0,0,9.0,-1.0,M,Battery,1,1,Possession of Cocaine,9,High,1
Female,Greater than 45,Other,0,0,0,5.0,-1.0,M,Assault,0,0,,5,Low,0
Female,Greater than 45,Other,0,0,0,15.0,-1.0,F,Purchase Cannabis,0,0,,15,Medium,0
Male,Less than 25,African-American,0,0,0,3.0,-1.0,F,Possession of Cocaine,0,0,,3,Medium,0
Male,Greater than 45,Hispanic,0,0,0,4.0,-8.0,F,arrest case no charge,1,1,Fail Obey Driv Lic Restrictions,4,High,1
Female,Greater than 45,African-American,0,0,0,0.0,-1.0,F,Grand Theft (Motor Vehicle),1,0,Possess Cannabis/20 Grams Or Less,0,Low,1
Male,Less than 25,Caucasian,0,0,0,3.0,-1.0,F,Petit Theft,1,0,Unlaw Malic Strike K9/Horses,3,Medium,1
Male,Less than 25,Caucasian,0,0,0,7.0,-1.0,F,arrest case no charge,0,0,,7,Low,0
Male,25 - 45,African-American,0,0,0,1.0,-1.0,M,Battery,1,1,Battery,1,Medium,1
Male,25 - 45,African-American,0,0,0,0.0,-1.0,F,Poss Similitude of Drivers Lic,0,0,,0,Medium,0
Male,Less than 25,Native American,0,0,0,0.0,-2.0,F,Neglect Child / No Bodily Harm,0,0,,0,Low,0
Female,Less than 25,Hispanic,0,0,0,1.0,-1.0,M,Poss Unlaw Issue Driver Licenc,1,0,Possess Cannabis/20 Grams Or Less,1,Low,1
Female,Less than 25,Native American,0,0,0,2.0,-1.0,M,Battery,0,0,,2,Low,0
Female,25 - 45,African-American,0,0,0,2.0,-28.90654499084611,M,Battery,0,0,,2,Low,0
Male,Less than 25,African-American,0,0,1,12.0,0.0,M,Battery,1,0,Harass Witness/Victm/Informnt,12,Medium,1
Male,25 - 45,African-American,1,0,0,3.0,0.0,M,"Poss3,4 Methylenedioxymethcath",1,0,Operating W/O Valid License,3,High,1
Female,25 - 45,Asian,0,0,0,1.0,-30.0,M,Battery,0,0,,1,Medium,0
Male,Greater than 45,African-American,0,0,2,11.0,-1.0,M,Battery,1,1,Tampering With Physical Evidence,11,High,1
Male,25 - 45,Hispanic,0,0,0,2.0,-1.0,F,Felony Driving While Lic Suspd,1,0,Fail Register Vehicle,2,Low,1
Male,Less than 25,Asian,0,0,0,0.0,-1.0,M,Battery,1,0,Susp Drivers Lic 1st Offense,0,High,1
Male,Greater than 45,Caucasian,0,0,2,0.0,-1.0,F,Uttering a Forged Instrument,1,0,Use Lost Or Stolen Credit Card,0,Medium,1
Male,Less than 25,Asian,0,0,0,2.0,0.0,M,Battery,1,1,Retaliate Wit/Vict No Injury,2,Low,1
Female,Less than 25,Hispanic,0,0,0,3.0,-1.0,F,Burglary Conveyance Unoccup,1,0,Burglary Unoccupied Dwelling,3,Medium,1
Female,25 - 45,Asian,0,0,0,1.0,0.0,F,arrest case no charge,0,0,,1,Low,0
Female,25 - 45,Hispanic,0,0,1,9.0,-1.0,M,Agg Assault W/int Com Fel Dome,0,0,,9,High,1
Male,Greater than 45,Native American,0,0,1,1.0,0.0,M,Assault,1,0,,1,Medium,1
Male,Less than 25,Caucasian,0,1,1,1.0,-1.0,F,Grand Theft (Motor Vehicle),1,1,Aggravated Assault W/Dead Weap,2,High,1
Male,25 - 45,Native American,0,0,0,1.0,-1.0,F,Felony Driving While Lic Suspd,1,0,Attempted Burg/struct/unocc,1,Low,1
Female,Greater than 45,Hispanic,0,0,0,0.0,0.0,M,Grand Theft of the 2nd Degree,0,0,,0,Low,0
Female,25 - 45,Native American,0,0,0,1.0,-1.0,F,"Poss3,4 Methylenedioxymethcath",1,1,Resist/Obstruct W/O Violence,1,Low,1
Female,Less than 25,Hispanic,0,0,0,0.0,-1.0,M,Uttering a Forged Instrument,1,0,Fail Register Vehicle,0,Low,1
Female,25 - 45,African-American,0,0,0,2.0,-4.0,M,Poss Unlaw Issue Driver Licenc,0,0,,2,Low,0
Female,25 - 45,Asian,0,0,0,0.0,-1.0,M,Uttering a Forged Instrument,0,0,,0,Low,0
Male,Greater than 45,African-American,0,0,0,6.0,-1.0,F,Misuse Of 911 Or E911 System,0,0,,6,Low,0
Male,Greater than 45,Caucasian,0,0,0,0.0,-1.0,F,Aggravated Battery / Pregnant,0,0,,0,Low,0
Male,Greater than 45,Hispanic,1,0,0,8.0,-2.0,F,arrest case no charge,1,0,Credit Card Theft,8,Low,0
Male,Greater than 45,Native American,0,0,0,0.0,-1.0,F,Felony Battery,0,0,,0,Medium,0
Male,25 - 45,Hispanic,0,0,0,2.0,-1.0,F,Possession of Cocaine,1,0,Prowling/Loitering,2,High,1
Male,Less than 25,Other,0,0,0,0.0,-1.0,F,Aggrav Child Abuse-Causes Harm,1,0,Susp Drivers Lic 1st Offense,0,Low,1
Female,Greater than 45,African-American,0,0,0,2.0,-1.0,F,arrest case no charge,1,0,Burglary Unoccupied Dwelling,2,Medium,1
Female,25 - 45,Native American,0,0,0,4.0,-6.0,F,arrest case no charge,1,0,,4,Low,0
Female,25 - 45,Hispanic,0,0,0,1.0,-2.0,M,Driving Under The Influence,1,0,Introduce Contraband Into Jail,1,Low,1
Male,Less than 25,Other,0,2,0,3.0,-1.0,F,Del of JWH-250 2-Methox 1-Pentyl,1,0,Operating W/O Valid License,3,Low,1
Male,25 - 45,Caucasian,0,0,0,0.0,-1.0,M,Driving Under The Influence,0,0,,0,Low,0
Male,25 - 45,Caucasian,0,0,0,0.0,-2.0,F,Burglary Conveyance Unoccup,0,0,,0,Medium,0
Male,Less than 25,Other,0,0,0,3.0,-1.0,F,Grand Theft of the 2nd Degree,0,0,,3,Medium,0
Male,Less than 25,Hispanic,0,0,0,0.0,-1.0,M,Aggrav Battery w/Deadly Weapon,1,1,Harass Witness/Victm/Informnt,0,High,1
Male,25 - 45,Hispanic,0,0,0,0.0,-1.0,F,Contribute Delinquency Of A Minor,0,0,,0,Low,0
Male,Less than 25,Native American,0,0,0,4.0,-1.0,F,arrest case no charge,1,0,Susp Drivers Lic 1st Offense,4,Low,1
Male,Less than 25,Caucasian,0,0,0,27.992724764146626,-1.0,F,Burglary Conveyance Unoccup,1,0,Disorderly Conduct,27,High,1
Female,Less than 25,Hispanic,0,0,0,9.0,-1.0,F,arrest case no charge,1,1,Resist/Obstruct W/O Violence,9,High,1
Male,Less than 25,Asian,0,0,0,0.0,-1.0,F,Aggrav Battery w/Deadly Weapon,0,0,,0,Low,0
Male,Less than 25,Native American,0,0,1,1.0,-1.0,F,Poss Contr Subst W/o Prescript,0,0,Sale/Del Cocaine Child Care Fac,1,Medium,0
Male,Greater than 45,Hispanic,0,0,0,0.0,-1.0,M,Battery,1,1,Battery,0,Low,1
Male,Less than 25,Asian,0,0,0,0.0,-2.0,F,Misuse Of 911 Or E911 System,0,0,,0,Low,0
Female,Less than 25,African-American,0,0,0,1.0,0.0,F,arrest case no charge,1,1,False Ownership Info/Pawn Item,1,Low,1
Male,25 - 45,Hispanic,0,0,0,3.0,-2.0,M,Battery,0,0,,3,High,0
Female,25 - 45,Other,0,0,0,2.0,-1.0,F,Felony Battery w/Prior Convict,1,0,Trespass Other Struct/Convey,2,High,1
Male,25 - 45,African-American,0,0,0,1.0,-1.0,M,Battery,0,0,,1,Low,0
Male,Greater than 45,Caucasian,0,0,0,1.0,-1.0,F,Possession of Cocaine,0,0,,1,Medium,0
Female,Less than 25,African-American,0,0,0,0.0,-1.0,M,Battery,0,0,,0,Low,0
Male,Less than 25,African-American,0,0,0,9.0,3.162176775118944,M,Petit Theft,1,0,Viol Injunct Domestic Violence,9,Low,1
Female,25 - 45,African-American,0,0,0,1.0,-1.0,F,arrest case no charge,0,0,,1,Low,0
Female,25 - 45,Caucasian,0,1,0,4.0,-1.0,F,arrest case no charge,0,0,,4,Low,0
Female,Less than 25,Other,0,0,0,0.0,-1.0,F,Purchase Cannabis,0,0,,0,Medium,0
Male,Less than 25,African-American,0,0,0,0.0,-1.0,F,Poss Unlaw Issue Driver Licenc,0,0,,0,High,0
Male,25 - 45,Native American,0,0,3,3.0,-1.0,M,Battery,1,1,Battery,3,Medium,1
Male,25 - 45,Hispanic,0,0,0,3.0,-23.0,F,arrest case no charge,1,1,Battery,3,Low,1
Female,Less than 25,Hispanic,0,0,0,2.0,-1.0,F,Aggrav Battery w/Deadly Weapon,0,0,,2,Low,0
Male,Greater than 45,Caucasian,0,0,0,6.0,-1.0,F,Uttering a Forged Instrument,1,1,Possession of Cocaine,6,High,1
Male,25 - 45,Caucasian,0,0,0,0.0,-1.0,F,Poss Alprazolam W/int Sell/Del,0,0,,0,Low,0
Female,Greater than 45,Asian,0,0,0,0.0,-1.0,M,Battery,1,0,Use Lost Or Stolen Credit Card,0,Medium,1
Female,Less than 25,African-American,0,1,1,2.0,-1.0,F,Grand Theft (Motor Vehicle),1,0,Possess Cannabis/20 Grams Or Less,2,High,1
Female,Greater than 45,African-American,0,1,0,11.0,-1.0,F,arrest case no charge,1,0,Fail Register Vehicle,11,High,1
Male,Greater than 45,Caucasian,0,0,0,0.0,0.0,F,"Poss3,4 Methylenedioxymethcath",0,0,,0,Low,0
Male,Greater than 45,Caucasian,0,0,0,0.0,0.0,M,Driving Under The Influence,0,0,,0,Low,1
Male,Less than 25,African-American,0,0,0,2.0,-1.0,F,Poss Contr Subst W/o Prescript,0,0,,2,Low,0
Male,Less than 25,African-American,0,0,0,0.0,-1.0,M,Armed Trafficking in Cannabis,1,0,Trespass Other Struct/Convey,0,Low,1
Male,25 - 45,Hispanic,0,0,0,2.0,0.0,F,Grand Theft (Motor Vehicle),0,0,Home Invasion Robbery,2,Low,0
Male,Less than 25,Hispanic,0,0,0,1.0,-1.0,F,Leave Acc/Attend Veh/More $50,0,0,,1,Low,0
Male,Greater than 45,Other,0,0,0,0.0,-3.0,F,Possession of Cocaine,1,0,Possession of Cocaine,0,Low,1
Male,Less than 25,Caucasian,0,0,0,0.0,-1.0,F,"Poss3,4 Methylenedioxymethcath",0,0,,0,Low,0
Male,Less than 25,Caucasian,0,0,0,1.0,-1.0,F,Aggravated Battery / Pregnant,1,0,Tampering With Physical Evidence,1,High,1
Male,Greater than 45,African-American,0,0,1,7.0,0.0,M,Battery,0,0,,7,Low,0
Female,Less than 25,Hispanic,0,0,0,1.0,25.82795941314135,F,Felony Battery,1,1,Battery,1,Medium,1
Female,25 - 45,Caucasian,0,0,0,1.0,0.0,F,Posses/Disply Susp/Revk/Frd DL,0,0,,1,Medium,0
Female,25 - 45,Caucasian,0,0,0,0.0,0.0,M,Battery,1,1,Trespass,0,High,1
Male,Greater than 45,Other,0,0,0,1.0,-1.0,M,Battery,0,0,,1,Medium,0
Female,25 - 45,Native American,0,0,1,7.0,0.0,M,Battery,1,1,Battery,7,Medium,1
Male,25 - 45,African-American,0,0,0,0.0,0.0,F,False Ownership Info/Pawn Item,1,0,,0,Low,0
Male,Less than 25,African-American,0,0,0,1.0,-1.0,F,Grand Theft (Motor Vehicle),1,0,Resist/Obstruct W/O Violence,1,High,1
Male,Less than 25,African-American,0,1,1,9.0,-1.0,F,Del of JWH-250 2-Methox 1-Pentyl,1,0,Resist/Obstruct W/O Violence,9,High,1
Female,Less than 25,Native American,0,0,0,0.0,0.0,F,Possession of Cocaine,0,0,,0,Low,0
Female,Less than 25,Caucasian,0,0,0,8.0,-1.0,F,Petit Theft $100- $300,1,0,Deliver Cocaine,8,Low,1
Male,25 - 45,African-American,0,0,0,0.0,-1.0,M,Driving Under The Influence,0,0,,0,Low,0
Female,25 - 45,Hispanic,0,0,0,1.0,-1.0,M,Battery,0,0,,1,Low,0
Female,25 - 45,Native American,0,0,0,0.0,-1.0,M,Battery,1,1,Resist Officer w/Violence,0,Low,1
Male,Greater than 45,Other,0,0,0,2.0,-2.0,F,"Poss3,4 Methylenedioxymethcath",1,0,,2,Low,0
Male,25 - 45,Asian,0,0,0,3.0,-1.0,F,arrest case no charge,0,0,,3,Low,0
Male,25 - 45,African-American,0,0,0,16.0,0.0,F,"Poss3,4 Methylenedioxymethcath",1,0,Unlaw Malic Strike K9/Horses,16,High,1
Female,25 - 45,Other,0,0,0,1.0,-5.0,F,arrest case no charge,0,0,,1,Medium,0
Male,Greater than 45,African-American,0,0,0,0.0,-1.0,F,Grand Theft (Motor Vehicle),0,0,,0,Low,0
Male,25 - 45,African-American,0,0,0,11.0,-1.0,F,Reckless Driving,0,0,,11,Medium,1
Male,25 - 45,African-American,0,0,0,4.0,0.0,F,Possession of Cannabis,0,0,,4,Medium,0
Female,Greater than 45,Caucasian,0,0,0,0.0,-1.0,M,Battery,0,0,,0,Low,0
Female,Greater than 45,Caucasian,0,0,0,0.0,0.0,M,Battery,0,0,,0,Low,0
Male,25 - 45,Caucasian,0,1,1,7.0,-1.0,M,arrest case no charge,1,0,Operating W/O Valid License,7,Medium,1
Male,Less than 25,African-American,0,0,0,0.0,-1.0,M,Battery,0,0,,0,Low,0
Male,Less than 25,Asian,0,0,0,0.0,-1.0,M,Poss Similitude of Drivers Lic,1,0,Grand Theft (Motor Vehicle),0,Low,1
Female,25 - 45,Other,0,0,0,0.0,0.0,M,Battery,0,0,,0,Low,0
Male,25 - 45,Asian,0,0,0,4.0,-26.0,M,Battery,0,0,,4,Low,1
Male,Greater than 45,Hispanic,0,0,0,3.0,-1.0,M,Misuse Of 911 Or E911 System,1,0,Possess Cannabis/20 Grams Or Less,3,Medium,1
Male,25 - 45,Hispanic,0,0,0,0.0,-6.0,M,Felony Battery,0,0,,0,Low,0
Female,25 - 45,African-American,1,2,0,4.0,-1.0,F,Possession of Cocaine,1,0,Extradition/Defendants,4,High,1
Male,Greater than 45,African-American,0,0,0,4.0,-1.0,M,arrest case no charge,1,1,Battery,4,Medium,1
Male,25 - 45,Native American,0,0,0,2.0,0.0,M,arrest case no charge,0,0,,2,High,0
Male,Less than 25,Hispanic,0,0,0,2.0,-1.0,M,Susp Drivers Lic 1st Offense,1,0,Use Lost Or Stolen Credit Card,2,Low,1
Male,25 - 45,Native American,0,0,0,0.0,-1.0,M,Poss Oxycodone W/Int/Sell/Del,0,0,,0,Medium,0
Male,Less than 25,Caucasian,0,2,1,3.0,-1.0,M,Battery,1,1,Trespass Structure/Conveyance,3,Medium,1
Female,25 - 45,Other,0,0,0,8.0,-1.0,F,Possession Of Methamphetamine,1,1,Possess Cannabis/20 Grams Or Less,8,High,1
Male,Greater than 45,Caucasian,0,0,0,0.0,-1.0,F,Refuse Submit Blood/Breath Test,0,0,,0,Medium,0
Female,Less than 25,Caucasian,0,0,0,2.0,-1.0,F,Possession of Cannabis,1,0,Grand Theft (Motor Vehicle),2,Low,1
Female,Less than 25,Caucasian,0,0,0,0.0,-1.0,M,Battery,1,0,Poss of Cocaine W/I/D/S 1000FT Park,0,Low,1
Female,Less than 25,African-American,0,0,0,5.0,-1.0,F,Crimin Mischief Damage $1000+,1,0,Poss Handcuff Key While IC,5,High,1
Male,25 - 45,Hispanic,0,2,0,22.0,-1.0,F,arrest case no charge,1,1,Resist/Obstruct W/O Violence,22,High,1
Male,Less than 25,Native American,0,0,0,5.0,-1.0,F,Felony Driving While Lic Suspd,0,0,,5,Low,0
Male,Greater than 45,Hispanic,1,0,1,19.0,-1.0,F,Escape,0,0,,19,High,0
Male,25 - 45,African-American,1,0,0,1.0,-1.0,F,Burglary Conveyance Unoccup,1,1,Tampering With Physical Evidence,1,High,1
Male,Less than 25,Hispanic,0,0,0,6.0,-1.0,F,Aggrav Battery w/Deadly Weapon,1,0,Possess Cannabis/20 Grams Or Less,6,Medium,1
Male,Greater than 45,Native American,0,0,0,2.0,-1.0,F,Poss Oxycodone W/Int/Sell/Del,1,0,Operating W/O Valid License,2,Low,1
Female,25 - 45,Asian,0,0,0,3.0,-1.0,F,,0,0,,3,Low,0
Female,Greater than 45,African-American,0,0,0,4.0,0.0,F,Felony Battery w/Prior Convict,1,0,Susp Drivers Lic 1st Offense,4,Low,1
Female,Greater than 45,Caucasian,0,0,0,2.0,0.0,F,Crimin Mischief Damage $1000+,1,0,Battery on a Person Over 65,2,Low,1
Male,Greater than 45,Native American,0,0,0,0.0,-1.0,M,Battery,0,0,,0,Low,0
Male,Less than 25,African-American,0,0,0,0.0,-1.0,F,Aggrav Battery w/Deadly Weapon,0,0,,0,Low,0
Male,25 - 45,African-American,0,0,0,0.0,-1.0,M,Poss Oxycodone W/Int/Sell/Del,0,0,,0,Low,0
Female,25 - 45,Asian,0,0,0,2.0,-1.0,M,Battery,0,0,,2,Low,0
Female,Greater than 45,Asian,0,4,0,12.0,0.0,M,arrest case no charge,1,1,Deliver Cocaine,12,High,1
Female,Less than 25,African-American,1,0,0,2.0,-1.0,F,Kidnapping / Domestic Violence,0,0,,2,Medium,0
Male,25 - 45,Caucasian,0,0,0,5.0,-1.0,F,Felony Driving While Lic Suspd,1,0,Unlaw Malic Strike K9/Horses,5,Low,1
Female,Greater than 45,Caucasian,0,0,0,0.0,-1.0,F,Cruelty to Animals,0,0,,0,Low,0
Female,25 - 45,African-American,0,0,0,1.0,-1.0,F,arrest case no charge,1,1,Felony Battery w/Prior Convict,1,Low,1
Male,25 - 45,Other,0,0,0,0.0,-1.0,M,Battery,0,0,,0,Low,0
Male,Greater than 45,African-American,1,0,0,2.0,-1.0,F,Uttering a Forged Instrument,1,0,Possess Cannabis/20 Grams Or Less,2,Medium,1
Male,Greater than 45,Native American,0,0,3,2.0,-1.0,M,Assault,1,1,Sale/Del Cocaine Child Care Fac,2,High,1
Female,Less than 25,Hispanic,0,0,0,1.0,-5.0,M,Battery,0,0,,1,Low,0
Female,Less than 25,Native American,0,0,0,0.0,-1.0,F,Assault,1,0,Grand Theft (Motor Vehicle),0,Low,1
Female,25 - 45,Hispanic,0,0,0,0.0,-1.0,F,arrest case no charge,1,1,Viol Injunct Domestic Violence,0,Low,1
Male,Less than 25,Caucasian,0,0,0,6.0,-1.0,M,Assault,1,1,Battery,6,Low,0
Female,Greater than 45,Asian,0,0,0,1.0,-2.0,F,Burglary Conveyance Armed,0,0,,1,Medium,0
Female,25 - 45,Other,0,0,0,0.0,-5.0,M,Battery,0,0,,0,Low,0
Male,Greater than 45,Other,0,3,0,7.0,-1.0,F,arrest case no charge,1,0,Driving License Suspended,7,Low,0
Female,Greater than 45,Other,0,0,0,1.0,-11.157083884989202,F,arrest case no charge,0,0,,1,Low,0
Male,25 - 45,Caucasian,0,0,0,2.0,-1.0,M,Grand Theft of the 2nd Degree,0,0,,2,Low,0
Male,Less than 25,African-American,0,0,0,0.0,-1.0,M,Battery,0,0,,0,Low,0
Male,Less than 25,African-American,0,0,0,4.0,-1.0,M,Agg Assault W/int Com Fel Dome,1,0,Child Abuse,4,High,1
Female,25 - 45,Native American,0,0,1,4.0,-11.0,M,Grand Theft Dwell Property,1,0,Possess Cannabis/20 Grams Or Less,4,High,1
Male,25 - 45,African-American,0,0,0,1.0,-1.0,M,Battery,0,0,,1,Low,0
Male,Greater than 45,Other,0,0,0,0.0,-1.0,M,Poss Of Controlled Substance,0,0,,0,Low,0
Female,Less than 25,African-American,1,0,0,1.0,-21.0,F,arrest case no charge,0,0,,1,Low,0
Female,Less than 25,Other,0,0,0,1.0,0.0,M,Driving While License Revoked,0,0,,1,Low,0
Female,Less than 25,African-American,0,0,0,0.0,-1.0,F,Misuse Of 911 Or E911 System,0,0,,0,Low,0
Male,Greater than 45,Asian,0,0,2,1.0,-1.0,F,Grand Theft of the 2nd Degree,1,0,Fail Register Vehicle,1,Low,1
Male,Greater than 45,African-American,0,0,0,16.0,-1.0,F,Leave Acc/Attend Veh/More $50,1,0,,15,Medium,1
Female,Less than 25,African-American,0,0,0,0.0,-1.0,F,Possession Of Methamphetamine,0,0,,0,Low,0
Female,25 - 45,African-American,0,0,0,1.0,0.0,M,Battery,0,0,,1,Low,0
Male,Less than 25,Caucasian,0,0,0,3.0,-1.0,F,Aggravated Battery / Pregnant,1,0,Disorderly Conduct,3,Medium,1
Female,25 - 45,African-American,0,0,0,0.0,-1.0,F,"Poss3,4 Methylenedioxymethcath",0,0,,0,Low,0
Male,25 - 45,Asian,0,0,0,3.0,-13.672727086826868,F,Grand Theft of the 2nd Degree,1,0,Unlawful Assembly,3,Low,1
Male,25 - 45,Asian,0,0,0,0.0,-1.0,M,Battery,1,0,,0,Low,1
Female,Less than 25,Asian,0,0,0,2.0,0.0,M,Battery,1,1,Drinking Alch Beverage In Open,2,Low,1
Male,Greater than 45,African-American,0,0,0,0.0,0.0,M,Battery,1,0,,0,Low,0
Female,25 - 45,Native American,0,0,0,2.0,-1.0,F,arrest case no charge,0,0,Fail Register Vehicle,2,Low,0
Male,25 - 45,Hispanic,0,0,0,0.0,-1.0,F,Viol Injunction Protect Dom Vi,0,0,,0,Low,0
Male,Greater than 45,African-American,0,0,0,8.0,-23.0,F,arrest case no charge,1,0,Unlawful Assembly,8,High,1
Male,25 - 45,African-American,0,0,0,5.0,-1.0,F,Burglary Conveyance Unoccup,0,0,Resist/Obstruct W/O Violence,5,Medium,0
Male,Less than 25,Caucasian,0,0,1,0.0,-1.0,F,Poss Similitude of Drivers Lic,1,0,Attempted Burg/struct/unocc,0,High,1
Female,Less than 25,Caucasian,0,0,2,0.0,0.0,F,Possession of Cocaine,1,0,Tamper With Victim,0,Medium,1
Female,Greater than 45,African-American,0,0,0,2.0,0.0,M,Grand Theft of the 2nd Degree,1,1,Battery,2,Medium,0
Male,Greater than 45,Caucasian,0,0,0,0.0,-1.0,M,Battery,1,0,Aggravated Battery / Pregnant,0,Low,1
Male,Less than 25,Asian,0,0,0,0.0,-1.0,F,Felony Battery w/Prior Convict,1,1,Possess Cannabis/20 Grams Or Less,0,Low,1
Male,Greater than 45,Native American,0,0,0,8.0,-1.0,F,Felony Battery w/Prior Convict,1,1,Shoot/Throw Into Vehicle,8,Medium,1
Female,25 - 45,Asian,0,0,0,0.0,-1.0,F,Deliver Cocaine 1000FT Park,1,1,Resist/Obstruct W/O Violence,0,Low,1
Male,Greater than 45,Caucasian,0,0,0,4.0,0.0,M,Sale/Del Cannabis At/Near Scho,0,0,,4,Low,0
Female,25 - 45,Other,0,0,0,3.0,0.0,M,Battery,0,0,,3,Low,0
Female,25 - 45,Asian,0,0,0,0.0,0.0,M,Assault,0,0,,0,Low,0
Female,25 - 45,Hispanic,0,0,0,0.0,0.0,M,False Ownership Info/Pawn Item,1,0,Susp Drivers Lic 1st Offense,0,Low,1
Female,25 - 45,Caucasian,0,0,0,0.0,-1.0,M,Reckless Driving,0,0,,0,Low,0
Male,Greater than 45,Caucasian,0,0,0,4.0,-2.0,F,Possession of Cocaine,1,0,Possession of Cocaine,4,High,1
Male,Greater than 45,Caucasian,0,0,0,0.0,-1.0,M,Battery,1,0,Grand Theft of the 2nd Degree,0,Low,1
Male,25 - 45,Native American,0,0,0,1.0,-9.962193481379575,F,arrest case no charge,0,0,,1,Low,0
Male,25 - 45,Asian,0,0,0,3.0,-1.0,M,Battery,0,0,,3,Low,0
Male,25 - 45,Hispanic,0,0,0,1.0,-1.0,F,arrest case no charge,0,0,,1,Low,0
Female,Less than 25,Other,0,0,0,0.0,-1.0,F,arrest case no charge,1,0,Susp Drivers Lic 1st Offense,0,Low,1
Female,25 - 45,Other,0,0,0,0.0,-1.0,F,Burglary Conveyance Unoccup,0,0,,0,Medium,0
Male,Less than 25,Native American,0,0,0,0.0,-1.0,F,Possession Of Alprazolam,1,1,Battery,0,Low,0
Female,25 - 45,African-American,0,0,0,7.0,-1.0,F,Driving While License Revoked,0,0,,7,Low,0
Male,25 - 45,Asian,0,0,2,1.0,-1.0,F,arrest case no charge,1,0,Resist/Obstruct W/O Violence,1,High,1
Female,25 - 45,African-American,0,0,1,1.0,0.0,F,Possession of Cannabis,0,0,,1,Low,0
Female,Less than 25,Caucasian,0,0,0,0.0,-1.0,F,Grand Theft Dwell Property,1,0,Possess Drug Paraphernalia,0,Medium,1
Male,25 - 45,African-American,2,0,0,6.0,-26.0,F,arrest case no charge,0,0,,6,Low,0
Male,25 - 45,Other,0,0,0,0.0,0.0,F,Possession of Cocaine,0,0,,0,Low,0
Male,25 - 45,African-American,0,0,1,1.0,-1.0,F,Aggrav Battery w/Deadly Weapon,1,0,No Wholesale/ Retail Dealer Lic,1,Medium,1
Female,25 - 45,Caucasian,0,0,0,3.0,-1.0,F,Possession of Cocaine,1,1,Possession of Cocaine,3,Low,1
Male,Less than 25,Asian,0,0,0,0.0,-1.0,F,Possession Of Methamphetamine,1,0,Possession of Cocaine,0,Low,1
Female,Greater than 45,African-American,0,0,0,1.0,-1.0,M,Poss Similitude of Drivers Lic,0,0,,1,Medium,0
Male,Less than 25,Caucasian,0,0,0,1.0,-1.0,M,Battery,1,1,Battery,1,Low,1
Male,Greater than 45,Native American,0,0,0,0.0,-1.0,F,Poss Similitude of Drivers Lic,0,0,,0,Low,0
Male,25 - 45,Caucasian,1,1,1,2.0,-1.0,F,arrest case no charge,1,0,Possession of Cannabis,2,High,1
Male,25 - 45,Asian,0,0,0,1.0,-1.0,F,arrest case no charge,0,0,,1,Low,0
Male,Greater than 45,African-American,0,0,0,0.0,0.0,F,Battery,0,0,,0,Medium,0
Male,Less than 25,Other,0,0,0,0.0,0.0,M,Battery,0,0,,0,Low,0
Male,25 - 45,African-American,0,0,0,10.0,0.0,M,Battery,1,1,Possess Cannabis/20 Grams Or Less,10,Low,1
Female,Less than 25,Caucasian,0,0,0,0.0,0.0,F,Possession of Cocaine,1,0,,0,Low,0
Male,Less than 25,Caucasian,0,0,0,0.0,0.0,M,Battery,0,0,,0,Low,0
Male,Less than 25,Hispanic,0,0,0,0.0,-1.0,M,Battery,0,0,,0,Low,0
Male,25 - 45,Caucasian,0,0,0,2.0,0.0,F,Felony Driving While Lic Suspd,0,0,,2,Low,0
Female,Greater than 45,Other,0,0,0,6.0,-1.0,F,Burglary Conveyance Unoccup,0,0,,6,Low,0
Female,25 - 45,African-American,0,0,0,1.0,-1.0,M,Battery,1,1,Resist/Obstruct W/O Violence,1,Low,1
Female,Less than 25,Other,0,0,0,0.0,0.0,M,Battery,0,0,,0,Low,0
Male,Greater than 45,African-American,0,0,0,1.0,-1.0,M,Driving Under The Influence,0,0,,1,Low,0
Female,25 - 45,African-American,0,0,0,6.0,0.0,F,Possession of Cocaine,0,0,,6,High,0
Male,25 - 45,Asian,0,0,0,2.0,-1.0,M,Battery,0,0,,2,Low,0
Female,Less than 25,Caucasian,0,0,0,3.0,0.0,F,Possession of Cocaine,1,0,,3,Low,0
Male,Less than 25,Other,0,0,0,0.0,0.0,F,Felony Driving While Lic Suspd,1,0,Prowling/Loitering,0,Medium,1
Male,Less than 25,Hispanic,0,0,1,3.0,-1.0,F,arrest case no charge,1,0,Harass Witness/Victm/Informnt,3,Low,1
Female,Less than 25,Caucasian,0,0,0,0.0,-2.0,M,Battery,0,0,,0,Low,0
Male,Greater than 45,Asian,1,1,0,3.0,0.0,M,Battery,1,0,Operating W/O Valid License,3,Medium,1
Male,Greater than 45,Asian,0,0,0,0.0,-1.0,F,Possession of Cocaine,1,0,Burglary Unoccupied Dwelling,0,High,1
Female,25 - 45,Caucasian,0,0,0,0.0,0.0,M,Battery,0,0,,0,Low,0
Female,Less than 25,Native American,0,0,0,0.0,0.0,M,Driving Under The Influence,0,0,,0,Low,0
Female,Greater than 45,Caucasian,0,0,0,4.0,-1.0,F,Petit Theft $100- $300,0,0,Operating W/O Valid License,4,Low,0
Male,Less than 25,Other,0,0,0,0.0,-1.0,F,Possession of Cocaine,1,0,Deliver Cocaine,0,Medium,1
Male,Greater than 45,Caucasian,0,0,0,0.0,-1.0,F,Viol Injunction Protect Dom Vi,0,0,,0,Low,0
Male,Less than 25,African-American,0,0,0,2.0,0.0,F,Possession of Cocaine,1,0,Possession of Cocaine,2,Medium,1
Male,Less than 25,Caucasian,2,0,0,6.0,-1.0,F,Battery on a Person Over 65,1,1,Retaliate Wit/Vict No Injury,6,High,1
Female,Greater than 45,Other,0,0,0,0.0,-1.0,F,Felony Battery,1,1,Battery,0,Low,1
Female,25 - 45,Caucasian,0,0,0,5.0,-1.0,M,Battery,0,0,,5,Low,0
Male,25 - 45,Other,0,0,0,2.0,-1.0,M,Battery,1,1,Battery,2,Low,1
Male,25 - 45,African-American,0,0,1,9.0,0.0,F,Driving While License Revoked,0,0,,9,Medium,1
Female,25 - 45,Hispanic,0,0,0,0.0,0.0,M,Battery,0,0,,0,Low,0
Female,Greater than 45,Caucasian,0,0,0,0.0,-1.0,M,False Ownership Info/Pawn Item,0,0,,0,Medium,0
Male,Less than 25,Other,0,0,0,1.0,-1.0,M,Driving Under The Influence,0,0,,1,Low,0
Male,Greater than 45,African-American,0,1,0,4.0,-1.0,M,Battery,0,0,,4,Medium,0
Male,Greater than 45,Hispanic,0,0,0,0.0,-1.0,M,Battery,0,0,,0,Low,0
Female,Less than 25,Other,0,0,0,0.0,-1.0,F,Neglect Child / No Bodily Harm,1,0,Possess Cannabis/20 Grams Or Less,0,Medium,1
Female,Greater than 45,Asian,0,0,0,1.0,-1.0,F,arrest case no charge,0,0,,1,High,0
Female,Greater than 45,African-American,0,0,0,14.0,-1.0,F,Misuse Of 911 Or E911 System,0,0,,14,High,0
Male,25 - 45,Hispanic,0,0,0,0.0,-1.0,M,Petit Theft $100- $300,1,0,Unlaw Use False Name/Identity,0,High,0
Male,Greater than 45,African-American,0,0,0,9.0,0.0,F,Possession of Cocaine,1,0,Grand Theft of the 2nd Degree,9,High,1
Female,Less than 25,Hispanic,0,0,0,0.0,-1.0,F,Felony DUI (level 3),1,0,Possess Cannabis 1000FTSch,0,Medium,1
Female,25 - 45,African-American,0,0,0,2.0,0.0,F,Cruelty to Animals,0,0,,2,Low,0
Male,25 - 45,Hispanic,0,0,0,1.0,0.0,F,Possession of Cocaine,1,0,Possess Drug Paraphernalia,1,Medium,1
Male,Less than 25,African-American,0,1,1,4.0,-1.0,F,Poss/Sell/Del Cocaine 1000FT Sch,1,1,Trespass Structure/Conveyance,5,Medium,1
Male,25 - 45,Asian,0,0,0,1.0,-1.0,M,Battery,0,0,,1,Low,0
Female,Less than 25,Asian,0,0,0,3.0,0.0,F,Misuse Of 911 Or E911 System,1,0,Possess Drug Paraphernalia,3,High,1
Female,Less than 25,African-American,0,0,0,13.0,-1.0,F,arrest case no charge,1,1,Burglary Dwelling Assault/Batt,13,Medium,1
Male,Less than 25,Asian,0,0,0,1.0,-17.468378287937508,F,Possession of Cocaine,1,0,Possession of Cocaine,1,Low,1
Male,Less than 25,Caucasian,0,0,0,15.0,-6.0,F,arrest case no charge,0,0,Tampering With Physical Evidence,14,Medium,0
Male,25 - 45,Other,0,0,0,1.0,0.0,M,Possession of Cannabis,0,0,,1,High,0
Female,Less than 25,Asian,0,0,0,0.0,-2.0,F,False Ownership Info/Pawn Item,1,0,Grand Theft of the 2nd Degree,0,Medium,1
Female,25 - 45,Caucasian,0,0,0,1.0,-1.0,M,Poss Alprazolam W/int Sell/Del,1,0,Viol Injunct Domestic Violence,1,Low,1
Male,25 - 45,Caucasian,0,0,0,1.0,0.0,M,Battery,1,0,Poss Handcuff Key While IC,1,Low,1
Male,25 - 45,Other,1,0,0,20.0,0.0,F,Agg Assault W/int Com Fel Dome,0,0,,20,High,0
Male,25 - 45,Other,0,0,0,2.0,0.0,F,Possession of Cocaine,0,0,,2,Low,0
Female,25 - 45,Caucasian,0,0,0,0.0,-2.0,F,Armed Trafficking in Cannabis,0,0,,0,Low,0
Male,Greater than 45,Native American,0,0,0,2.0,-1.0,F,arrest case no charge,0,0,,2,Medium,0
Female,25 - 45,Hispanic,0,0,0,1.0,0.0,F,Felony Driving While Lic Suspd,0,0,,1,Low,0
Female,25 - 45,Hispanic,0,0,0,1.0,-1.0,M,Battery,1,0,Burglary Unoccupied Dwelling,1,Low,1
Male,Less than 25,Caucasian,0,0,0,1.0,-1.0,M,arrest case no charge,1,0,Resist/Obstruct W/O Violence,1,Low,1
Male,25 - 45,Native American,0,0,0,2.0,0.0,F,Poss Oxycodone W/Int/Sell/Del,1,0,Susp Drivers Lic 1st Offense,2,Medium,1
Male,Less than 25,Asian,0,0,0,0.0,-1.0,M,Battery,1,0,Burglary Dwelling Armed,0,Low,1
Male,25 - 45,Asian,0,0,0,5.0,0.0,F,Possession of Cocaine,1,0,,5,Medium,1
Male,Less than 25,Native American,0,0,0,3.0,0.0,F,"Poss3,4 Methylenedioxymethcath",1,0,Trespass Other Struct/Convey,3,Low,0
Male,Greater than 45,Asian,0,0,0,0.0,-1.0,M,Driving Under The Influence,0,0,,0,Low,0
Male,Less than 25,Caucasian,0,0,0,0.0,-1.0,F,Felony Battery,1,0,Unlaw Use False Name/Identity,0,Medium,1
Female,Less than 25,Asian,0,0,0,1.0,-3.0,F,Battery,0,0,,1,Low,0
Male,Greater than 45,African-American,0,0,0,0.0,-1.0,M,Petit Theft $100- $300,0,0,,0,Low,0
Male,25 - 45,Asian,0,0,0,0.0,-1.0,M,Battery,1,0,Prowling/Loitering,0,High,1
Female,Less than 25,African-American,1,0,0,6.0,-1.0,F,Refuse Submit Blood/Breath Test,0,0,,6,Medium,0
Female,Greater than 45,Other,0,0,0,0.0,0.0,M,Driving Under The Influence,0,0,,0,Low,0
Male,Greater than 45,Caucasian,0,0,0,0.0,0.0,M,Battery,1,0,Burglary Dwelling Assault/Batt,0,Low,1
Male,Greater than 45,Other,0,0,0,3.0,-1.0,M,arrest case no charge,0,0,,3,Medium,0
Male,Less than 25,Native American,0,0,0,1.0,-1.0,M,Battery,0,0,,1,Low,0
Male,Less than 25,Native American,0,0,0,1.0,-1.0,M,Poss/Sell/Del/Man Amobarbital,1,0,Resist/Obstruct W/O Violence,1,High,1
Male,Greater than 45,African-American,0,0,0,0.0,0.0,F,Armed Trafficking in Cannabis,0,0,,0,Low,0
Male,Less than 25,Asian,0,0,0,1.0,-3.0,F,Aggrav Battery w/Deadly Weapon,0,0,,1,Medium,0
Female,25 - 45,Other,0,2,1,3.0,-1.0,F,Poss Oxycodone W/Int/Sell/Del,0,0,Possess Drug Paraphernalia,3,High,1
Male,Less than 25,Asian,0,0,0,3.0,-1.0,M,Misuse Of 911 Or E911 System,1,0,Resist Merchant W Or W/O Viol,3,High,1
Female,Less than 25,Caucasian,0,0,0,0.0,-1.0,M,Driving License Suspended,0,0,,0,Low,1
Male,Greater than 45,Asian,0,0,0,0.0,-1.0,F,Grand Theft (Motor Vehicle),1,0,Possess Cannabis/20 Grams Or Less,0,Low,1
Female,Less than 25,Asian,0,0,0,1.0,-1.0,F,arrest case no charge,0,0,,1,Low,0
Female,Greater than 45,Native American,0,0,0,4.0,0.0,F,arrest case no charge,0,0,,4,Medium,0
Male,Less than 25,Hispanic,0,0,0,0.0,-1.0,F,Felony Driving While Lic Suspd,1,0,,0,Low,0
Male,Greater than 45,African-American,0,0,0,1.0,-13.879474787540428,F,Armed Trafficking in Cannabis,0,0,,1,Low,0
Male,25 - 45,Other,0,0,0,0.0,-1.0,F,Attempted Robbery  Weapon,0,0,,0,Low,0
Male,Less than 25,Caucasian,0,0,0,0.0,-1.0,F,False Ownership Info/Pawn Item,1,0,Poss Handcuff Key While IC,0,Medium,1
Female,25 - 45,Caucasian,0,0,0,1.0,-21.0,M,arrest case no charge,0,0,,1,Low,0
Female,Greater than 45,Caucasian,1,0,0,2.0,-1.0,F,Possession of Cannabis,1,0,Grand Theft of the 2nd Degree,2,Medium,1
Female,Greater than 45,Caucasian,0,0,0,3.0,-1.0,F,False Ownership Info/Pawn Item,1,0,Possess Cannabis/20 Grams Or Less,3,Low,1
Female,Less than 25,Caucasian,0,0,0,3.0,-1.0,M,Driving Under The Influence,0,0,,3,Low,0
Male,Less than 25,Asian,0,0,0,5.0,-1.0,M,Refuse Submit Blood/Breath Test,0,0,,5,Low,0
Female,25 - 45,Asian,0,1,0,11.0,-1.0,F,Petit Theft $100- $300,1,1,Battery,11,High,1
Male,25 - 45,Caucasian,0,0,0,0.0,-1.0,M,Battery,0,0,,0,Low,0
Female,Greater than 45,Hispanic,0,0,0,2.0,-14.0,F,arrest case no charge,0,0,,2,Low,0
Male,Less than 25,Hispanic,0,0,0,1.0,-1.0,F,arrest case no charge,1,0,,1,Low,1
Male,Less than 25,African-American,0,1,0,2.0,-1.0,F,Fel Drive License Perm Revoke,1,1,Battery,2,Medium,1
Female,25 - 45,Hispanic,0,0,0,0.0,0.0,M,Driving Under The Influence,1,0,Susp Drivers Lic 1st Offense,0,Low,1
Male,Greater than 45,African-American,0,2,0,2.0,-1.0,F,Driving While License Revoked,1,0,Unlaw Use False Name/Identity,2,High,1
Female,25 - 45,Caucasian,0,0,0,1.0,-1.0,M,Battery,1,1,Strong Armed  Robbery,1,Low,1
Female,Greater than 45,Caucasian,0,0,0,0.0,-1.0,F,arrest case no charge,1,0,Resist/Obstruct W/O Violence,0,Low,1
Male,Less than 25,Caucasian,0,0,0,0.0,-1.0,F,Felony Battery,0,0,,0,Low,0
Male,Greater than 45,African-American,1,0,0,1.0,0.0,F,arrest case no charge,0,0,,1,Medium,0
Male,Less than 25,Native American,0,0,1,10.0,-1.0,F,Possession of Cocaine,1,0,Crim Use of Personal ID Info,10,Medium,1
Male,25 - 45,African-American,0,0,0,2.0,-16.50338195219437,M,Battery,0,0,,2,Medium,0
Male,Greater than 45,Native American,0,0,0,1.0,-3.0,M,Attempted Robbery  Weapon,0,0,,1,High,0
Female,Greater than 45,African-American,0,0,0,0.0,0.0,F,Driving While License Revoked,0,0,,0,High,0
Female,Greater than 45,Caucasian,0,0,4,11.357838539179802,0.0,F,Cruelty to Animals,1,1,Strong Armed  Robbery,11,High,1
Male,25 - 45,Asian,0,0,0,3.0,-1.0,M,Petit Theft $100- $300,1,1,Battery,3,High,1
Male,Less than 25,African-American,0,0,0,2.0,-4.0,F,"Poss3,4 Methylenedioxymethcath",0,0,,2,Low,0
Female,25 - 45,Hispanic,0,0,0,2.0,0.0,M,Battery,1,0,,2,Medium,0
Female,Greater than 45,Hispanic,0,0,1,9.0,-1.0,F,arrest case no charge,1,1,Fraud Use/Persnl ID Info/Deceased,10,High,1
Female,Less than 25,Caucasian,0,0,0,2.0,-1.0,F,Possession of Cannabis,1,0,Resist/Obstruct W/O Violence,2,Medium,1
Male,Less than 25,Native American,0,0,0,1.0,0.0,F,Reckless Driving,0,0,,1,Medium,0
Male,25 - 45,Caucasian,0,0,0,0.0,0.0,M,Battery,0,0,,0,Low,0
Male,Greater than 45,Other,0,4,0,37.11383405037417,-1.0,M,arrest case no charge,1,1,Battery,36,Medium,1
Male,25 - 45,African-American,0,0,0,7.0,-1.0,F,arrest case no charge,0,0,,7,Medium,0
Male,Less than 25,African-American,0,0,0,5.0,-1.0,F,Fraudulent Use of Credit Card,1,0,Possess Cannabis/20 Grams Or Less,5,Low,1
Female,Greater than 45,African-American,0,0,0,1.0,0.0,M,Possession of Cocaine,1,0,Disorderly Conduct,1,Low,1
Male,25 - 45,African-American,0,0,0,1.0,-1.0,M,arrest case no charge,0,0,,1,Low,0
Male,Greater than 45,Native American,0,0,0,4.0,0.0,F,Possession of Cocaine,1,0,Trespass Other Struct/Convey,4,Low,1
Female,25 - 45,Other,0,0,0,3.0,0.0,F,Aggravated Battery / Pregnant,1,0,Unlaw Use False Name/Identity,3,Medium,1
Male,Less than 25,Other,0,0,0,0.0,-1.0,M,Battery,0,0,,0,Low,0
Female,Greater than 45,Hispanic,0,0,0,0.0,-1.0,F,Driving While License Revoked,1,0,Open Carrying Of Weapon,0,Low,0
Female,Less than 25,Hispanic,0,0,0,1.0,-1.0,F,Possession of Oxycodone,1,0,Tampering With Physical Evidence,1,High,1
Male,Less than 25,Caucasian,0,1,1,1.0,-1.0,F,Armed Trafficking in Cannabis,1,0,Reckless Display Of Weapon,1,High,1
Male,Less than 25,Asian,0,0,1,1.0,-1.0,F,arrest case no charge,0,0,,1,High,0
Female,25 - 45,Asian,0,0,0,0.0,-1.0,M,Driving License Suspended,0,0,,0,Medium,0
Male,Less than 25,African-American,0,1,0,23.0,-1.0,F,Operating W/O Valid License,1,0,Grand Theft (Motor Vehicle),23,High,1
Female,25 - 45,Hispanic,0,0,0,1.0,-1.0,M,Battery,0,0,,1,Low,0
Female,Greater than 45,Hispanic,0,0,0,0.0,-1.0,F,arrest case no charge,1,0,Unlawful Assembly,0,Low,1
Male,25 - 45,Asian,0,0,0,0.0,-1.0,M,Battery,1,0,Grand Theft of the 2nd Degree,0,Low,1
Male,Less than 25,Asian,0,0,0,0.0,-1.0,M,Battery,0,0,DWLS Canceled Disqul 1st Off,0,Low,0
Male,25 - 45,African-American,0,0,0,21.615450710819374,0.0,F,Poss/Sell/Del/Man Amobarbital,1,0,Aggravated Battery / Pregnant,21,Medium,1
Male,Less than 25,Caucasian,0,0,0,0.0,-1.0,F,False Ownership Info/Pawn Item,1,0,Trespass Other Struct/Convey,0,Low,1
Male,25 - 45,African-American,0,0,0,2.0,-1.0,M,Battery,1,0,,2,Low,1
Male,Less than 25,African-American,0,0,0,0.0,-1.0,M,Battery,0,0,,0,Medium,0
Female,Less than 25,African-American,0,0,0,3.0,-8.0,M,arrest case no charge,0,0,,3,Medium,0
Male,Less than 25,African-American,0,0,0,1.0,-1.0,F,Possession of Cocaine,1,0,Possess Cannabis/20 Grams Or Less,1,Medium,1
Male,25 - 45,Hispanic,0,0,0,4.0,-28.0,F,arrest case no charge,0,0,,4,Low,0
Male,25 - 45,Other,0,0,0,0.0,0.0,M,Battery,0,0,,0,Low,0
Female,25 - 45,Native American,0,0,0,0.0,0.0,M,Driving Under The Influence,1,0,Grand Theft of the 2nd Degree,0,Low,1
Female,Less than 25,Hispanic,0,0,0,0.0,0.0,M,Battery,0,0,,0,Low,0
Male,Less than 25,Hispanic,0,0,0,5.0,-1.0,F,Possession of Cannabis,0,0,,5,Low,0
Male,25 - 45,African-American,0,0,0,0.0,-1.0,M,Felony Driving While Lic Suspd,0,0,,0,Low,0
Female,Less than 25,African-American,0,0,0,1.0,-1.0,F,Aggrav Battery w/Deadly Weapon,0,0,,1,Low,0
Male,25 - 45,Asian,0,0,0,3.0,-1.0,F,Possession of Cocaine,0,0,,3,Low,0
Female,25 - 45,African-American,0,0,0,2.0,-1.0,M,Felony DUI (level 3),1,0,Viol Injunct Domestic Violence,2,Low,1
Male,25 - 45,Hispanic,0,0,0,5.0,-1.0,F,arrest case no charge,0,0,,5,Low,0
Male,Greater than 45,Other,0,0,0,3.0,-1.0,M,Battery,1,0,Battery on a Person Over 65,3,Low,1
Female,25 - 45,African-American,0,0,0,1.0,-1.0,F,Possession Of Methamphetamine,0,0,,1,Low,0
Female,Greater than 45,Hispanic,0,0,0,1.0,-1.0,M,Battery,0,0,Aggravated Battery / Pregnant,1,Low,0
Female,Greater than 45,African-American,0,0,0,0.0,-2.0,F,Petit Theft $100- $300,0,0,,0,Low,0
Male,Greater than 45,Native American,0,0,0,0.0,-1.0,F,Grand Theft (Motor Vehicle),0,0,,0,Low,0
Female,25 - 45,African-American,0,0,0,1.0,-1.0,M,Battery,0,0,,1,Low,0
Male,25 - 45,Caucasian,0,0,0,1.0,-1.0,F,Possession of LSD,1,0,Resist/Obstruct W/O Violence,1,Low,1
Male,25 - 45,Caucasian,0,0,0,2.0,0.0,M,Battery,1,0,,2,Low,0
Female,Greater than 45,Caucasian,0,0,0,0.0,0.0,F,arrest case no charge,1,0,Possess Drug Paraphernalia,0,Medium,1
Male,Less than 25,Other,0,0,0,8.0,-12.259947617687217,F,arrest case no charge,0,0,,7,Medium,0
Male,Greater than 45,Native American,0,3,0,8.0,-1.0,F,Dealing in Stolen Property,1,1,Resist Officer w/Violence,8,High,1
Male,25 - 45,African-American,0,0,0,0.0,0.0,F,Felony Battery,0,0,,0,High,0
Female,Greater than 45,Hispanic,0,0,0,0.0,-1.0,M,Battery,0,0,,0,Low,0
Male,25 - 45,Asian,0,0,0,3.0,0.0,F,Driving While License Revoked,0,0,,3,Low,0
Male,Less than 25,Native American,0,0,0,3.0,-1.0,F,Possession of Cannabis,1,0,Resist/Obstruct W/O Violence,3,Medium,1
Male,25 - 45,Asian,0,0,0,1.0,0.0,M,Battery,1,0,Use Lost Or Stolen Credit Card,1,Low,1
Male,25 - 45,Caucasian,0,0,0,4.0,-1.0,M,Susp Drivers Lic 1st Offense,1,0,Susp Drivers Lic 1st Offense,4,Low,0
Male,25 - 45,Native American,0,0,0,1.0,-1.0,F,Possession of LSD,0,0,,1,Low,0
Male,Greater than 45,Caucasian,0,0,0,2.0,-4.0,M,Agg Assault W/int Com Fel Dome,1,0,Operating W/O Valid License,2,Low,1
Female,Greater than 45,African-American,0,0,0,1.0,-22.0,F,arrest case no charge,0,0,,1,Low,0
Female,25 - 45,Other,0,0,0,0.0,-3.0,M,Battery,0,0,,0,Low,0
Male,Less than 25,Hispanic,2,1,3,21.02079136485107,0.0,F,Lease For Purpose Trafficking,1,0,Possession of Cannabis,21,High,1
Male,Less than 25,Asian,0,0,0,1.0,0.0,F,Viol Injunction Protect Dom Vi,1,0,Possess Cannabis/20 Grams Or Less,1,Low,0
Male,25 - 45,African-American,0,0,0,5.0,-1.0,F,Deliver Cocaine 1000FT Park,1,1,Possession of Cocaine,5,Low,1
Female,25 - 45,Caucasian,0,0,0,3.0,-1.0,F,arrest case no charge,1,0,Possess Drug Paraphernalia,3,Low,1
Female,Less than 25,Asian,0,0,0,2.0,-3.0,M,Driving Under The Influence,0,0,,2,Low,0
Male,Greater than 45,Hispanic,0,0,0,1.0,-1.0,F,Armed Trafficking in Cannabis,1,1,Unlawful Assembly,1,Low,1
Male,25 - 45,Hispanic,0,0,0,0.0,-1.0,F,arrest case no charge,0,0,,0,Low,0
Female,Greater than 45,Caucasian,0,0,0,0.0,0.0,F,arrest case no charge,1,0,Unlaw Use False Name/Identity,0,Medium,1
Female,Less than 25,Asian,0,0,0,11.0,0.0,F,Poss Alprazolam W/int Sell/Del,1,0,Resist/Obstruct W/O Violence,11,Medium,1
Female,25 - 45,Other,0,0,0,0.0,0.0,M,Battery,0,0,,0,Low,0
Female,Less than 25,Hispanic,0,0,0,7.0,-1.0,F,Aggravated Battery / Pregnant,1,0,Viol Injunct Domestic Violence,7,High,1
Male,Greater than 45,Hispanic,0,0,0,8.0,0.0,F,Possession of Cocaine,0,0,,8,Low,0
Male,25 - 45,Caucasian,0,0,0,0.0,0.0,F,"Poss3,4 Methylenedioxymethcath",0,0,,0,Medium,0
Male,Less than 25,Native American,0,0,0,1.0,-1.0,F,arrest case no charge,0,0,,1,Low,0
Female,25 - 45,Caucasian,0,0,1,0.0,-1.0,M,Assault,0,0,,0,Medium,0
Female,Greater than 45,African-American,0,0,0,3.0,-1.0,F,Possession of Cocaine,1,0,Resist/Obstruct W/O Violence,3,High,1
Male,25 - 45,African-American,0,0,0,2.0,-1.0,M,Possession Of Alprazolam,0,0,,2,Medium,0
Female,Less than 25,Other,0,0,0,6.0,-1.0,F,Burglary Conveyance Armed,1,0,Battery on a Person Over 65,6,Low,1
Female,25 - 45,African-American,0,0,0,2.0,-1.0,F,Poss Oxycodone W/Int/Sell/Del,1,0,Possess Cannabis/20 Grams Or Less,2,Low,1
Male,25 - 45,Caucasian,0,0,0,3.0,-1.0,M,Battery,1,0,Unlaw Use False Name/Identity,3,Low,1
Female,25 - 45,Hispanic,0,0,0,11.0,0.0,F,Driving While License Revoked,0,0,,10,Medium,0
Female,25 - 45,Caucasian,0,0,0,1.0,-1.0,F,"Poss3,4 Methylenedioxymethcath",0,0,,1,Medium,0
Male,Less than 25,Hispanic,0,0,0,1.0,0.0,F,arrest case no charge,0,0,,1,Medium,0
Male,Less than 25,Other,0,0,1,7.0,-1.0,M,Possession Of Methamphetamine,1,0,Viol Injunct Domestic Violence,7,High,1
Male,25 - 45,Other,1,1,2,4.0,-1.0,F,Lease For Purpose Trafficking,0,0,Fraudulent Use Credit Card,4,High,0
Male,Greater than 45,Other,0,0,0,0.0,-1.0,F,Neglect Child / No Bodily Harm,1,1,Battery,0,Low,1
Male,25 - 45,Hispanic,0,0,0,2.0,0.0,M,Poss Alprazolam W/int Sell/Del,1,0,No Wholesale/ Retail Dealer Lic,2,Low,1
Male,Greater than 45,African-American,0,0,0,0.0,-1.0,M,Battery,0,0,Unlaw Use False Name/Identity,0,Medium,0
Female,25 - 45,Hispanic,0,0,0,0.0,-1.0,F,Aggravated Battery / Pregnant,1,0,Viol Injunct Domestic Violence,0,Low,1
Male,25 - 45,Asian,0,0,0,9.0,-1.0,F,Aggrav Battery w/Deadly Weapon,1,0,Resist Merchant W Or W/O Viol,9,High,1
Female,25 - 45,Caucasian,0,0,0,1.0,-1.0,F,Oper Motorcycle W/O Valid DL,1,0,Fail Register Vehicle,1,Low,1
Female,Greater than 45,Hispanic,0,0,0,8.0,-1.0,M,Battery,1,0,Resist/Obstruct W/O Violence,8,High,1
Male,25 - 45,Asian,9,0,0,14.0,-1.0,F,Burglary Conveyance Unoccup,1,0,Possess Cannabis/20 Grams Or Less,14,High,1
Female,Greater than 45,Hispanic,0,0,0,2.0,-1.0,M,Battery,1,0,,2,Low,0
Male,25 - 45,Caucasian,0,0,0,0.0,0.0,F,Felony Battery,0,0,,0,Medium,0
Male,Greater than 45,Hispanic,0,0,0,2.0,0.0,F,Assault,0,0,,2,Low,1
Female,25 - 45,Native American,0,0,0,0.0,-1.0,M,Tresspass in Structure or Conveyance,0,0,,0,Low,0
Female,Less than 25,Native American,0,0,0,0.0,-1.0,F,Poss Oxycodone W/Int/Sell/Del,0,1,Burglary Conveyance Unoccup,0,Low,1
Female,Greater than 45,Native American,0,0,0,1.0,-10.0,F,Fraudulent Use of Credit Card,0,0,,1,Low,0
Male,Less than 25,Asian,0,0,0,2.0,-1.0,F,"Poss3,4 Methylenedioxymethcath",1,0,,2,Low,0
Female,25 - 45,Caucasian,0,0,0,13.0,-1.0,F,arrest case no charge,1,0,Tampering With Physical Evidence,13,High,1
Male,Greater than 45,Asian,0,0,0,3.0,0.0,F,Possession of Cocaine,0,0,,3,Low,0
Female,Greater than 45,Other,0,0,0,9.0,0.0,F,arrest case no charge,1,0,Possession of Cocaine,9,Medium,1
Male,25 - 45,African-American,0,0,0,3.0,0.0,F,Aggrav Child Abuse-Causes Harm,1,0,Possess Cannabis/20 Grams Or Less,3,Low,1
Male,Less than 25,African-American,0,0,0,1.0,-1.0,F,Del of JWH-250 2-Methox 1-Pentyl,0,0,,1,Low,0
Male,Less than 25,African-American,0,0,0,0.0,-1.0,F,Possession of Cocaine,1,1,Resist/Obstruct W/O Violence,0,Low,1
Male,25 - 45,Hispanic,0,0,0,4.0,-1.0,F,arrest case no charge,1,0,Tampering With Physical Evidence,4,High,1
Male,25 - 45,African-American,0,0,0,2.0,-23.0,F,arrest case no charge,0,0,,2,Low,0
Female,25 - 45,African-American,0,0,0,2.0,-1.0,F,arrest case no charge,0,0,,2,Medium,0
Male,25 - 45,African-American,0,0,0,1.0,-1.0,M,Battery,0,0,,1,Medium,0
Male,Less than 25,Hispanic,0,0,0,1.0,-3.0,M,Driving Under The Influence,0,0,,1,Low,0
Male,Less than 25,Native American,0,0,0,6.0,-1.0,F,Felony Driving While Lic Suspd,1,1,Unlaw Use False Name/Identity,6,Medium,1
Female,Greater than 45,Caucasian,0,0,0,7.0,-1.0,F,arrest case no charge,1,0,Fail Register Vehicle,7,Low,0
Male,25 - 45,Hispanic,0,0,0,3.0,-1.0,F,Possession Of Alprazolam,1,0,Possess Cannabis/20 Grams Or Less,3,Medium,1
Male,25 - 45,Other,0,0,0,1.0,-1.0,F,Driving While License Revoked,1,0,Susp Drivers Lic 1st Offense,1,Low,1
Male,Greater than 45,Other,0,0,0,2.0,-1.0,F,Grand Theft (Motor Vehicle),0,0,,2,Low,0
Female,25 - 45,African-American,0,0,0,6.0,-1.0,F,arrest case no charge,0,0,,6,High,0
Male,Greater than 45,Native American,0,0,0,4.0,-1.0,M,Battery,0,0,,4,Medium,0
Female,25 - 45,Other,0,0,0,3.0,0.0,F,arrest case no charge,0,0,Burglary Dwelling Assault/Batt,3,Medium,0
Male,Less than 25,African-American,0,0,0,4.0,-3.0,F,Poss Similitude of Drivers Lic,1,0,Possess Cannabis/20 Grams Or Less,4,Low,1
Female,Less than 25,Native American,0,0,0,7.0,-1.0,M,Battery,0,0,,7,High,0
Female,25 - 45,Caucasian,0,0,0,0.0,-1.0,F,Posses/Disply Susp/Revk/Frd DL,1,0,Tampering With Physical Evidence,0,Medium,1
Male,25 - 45,African-American,0,0,0,8.0,-1.0,F,Driving While License Revoked,1,0,Possess Cannabis/20 Grams Or Less,8,High,1
Female,25 - 45,African-American,1,0,0,5.0,-1.0,M,arrest case no charge,0,0,,5,High,0
Female,25 - 45,African-American,0,0,0,6.0,0.0,M,arrest case no charge,1,0,Possess Cannabis/20 Grams Or Less,6,Low,1
Male,25 - 45,Other,1,0,0,18.0,0.0,F,arrest case no charge,1,0,Possess Cannabis/20 Grams Or Less,18,Medium,1
Male,Less than 25,Native American,0,1,0,2.0,-1.0,M,"Poss3,4 Methylenedioxymethcath",0,0,,2,Low,0
Female,25 - 45,Native American,0,0,0,1.0,-1.0,F,Assault,0,0,,1,Low,0
Male,25 - 45,Native American,0,0,1,15.946164597910105,-1.0,F,Possession Of Alprazolam,1,0,Grand Theft (Motor Vehicle),16,High,1
Male,Greater than 45,African-American,0,0,0,0.0,0.0,F,Aggrav Battery w/Deadly Weapon,0,0,,0,Low,0
Female,Less than 25,Native American,0,0,0,3.0,0.0,M,Battery,0,0,,3,Low,0
Male,Less than 25,Native American,0,0,0,15.0,-1.0,M,Felony Driving While Lic Suspd,1,0,Poss Handcuff Key While IC,15,Medium,1
Female,Less than 25,Caucasian,0,0,1,8.0,-8.0,M,Sale/Del Cannabis At/Near Scho,1,1,Tampering With Physical Evidence,8,Medium,1
Male,Greater than 45,Hispanic,0,0,0,0.0,-1.0,M,Battery,0,0,,0,Low,0
Male,Less than 25,African-American,0,0,0,1.0,-1.0,F,Aggrav Child Abuse-Causes Harm,1,0,Unnatural/Lascivious Act,1,High,1
Male,Less than 25,African-American,0,0,0,2.0,-1.0,F,Felony Driving While Lic Suspd,0,0,,2,Low,0
Male,Greater than 45,African-American,0,0,0,1.0,-1.0,M,arrest case no charge,0,0,,1,Low,0
Male,Less than 25,African-American,0,0,0,19.0,-1.0,M,Battery,1,0,Felony Battery w/Prior Convict,18,Medium,1
Male,25 - 45,Other,0,0,0,7.0,-1.0,F,arrest case no charge,0,0,,7,High,0
Male,25 - 45,Caucasian,0,0,0,0.0,-1.0,F,Fraudulent Use of Credit Card,1,1,Possess Cannabis/20 Grams Or Less,0,Medium,1
Male,Greater than 45,Other,0,0,0,0.0,0.0,F,Felony Driving While Lic Suspd,1,0,Poss of Cocaine W/I/D/S 1000FT Park,0,Low,1
Female,25 - 45,Native American,0,0,0,4.0,-1.0,M,Battery,1,0,Viol Injunct Domestic Violence,4,Low,1
Female,Less than 25,African-American,0,1,3,4.0,-1.0,M,arrest case no charge,1,1,Trespass Structure/Conveyance,4,Medium,1
Female,25 - 45,Caucasian,0,0,0,0.0,0.0,M,Kidnapping / Domestic Violence,0,0,,0,Low,0
Male,25 - 45,Hispanic,0,0,0,0.0,-1.0,F,Burglary Conveyance Unoccup,1,0,Aggravated Battery / Pregnant,0,Low,1
Male,Greater than 45,African-American,0,0,0,1.0,-1.0,F,Burglary Conveyance Unoccup,1,0,Possess Drug Paraphernalia,1,Low,1
Female,Greater than 45,Hispanic,0,0,0,0.0,-2.0,M,Battery,1,1,Resist/Obstruct W/O Violence,0,Medium,1
Male,25 - 45,Caucasian,0,0,0,0.0,0.0,M,Battery,0,0,,0,Low,0
Male,Less than 25,Native American,0,0,0,0.0,-1.0,M,Battery,0,0,,0,Low,0
Male,25 - 45,Asian,0,0,0,0.0,0.0,F,Possession Of Methamphetamine,1,0,Possess Drug Paraphernalia,0,Low,1
Female,25 - 45,Native American,2,0,0,9.0,-1.0,F,arrest case no charge,0,0,,9,High,0
Male,Greater than 45,Hispanic,0,0,0,0.0,0.0,F,Possession of Cocaine,0,0,,0,Low,0
Male,25 - 45,Hispanic,0,0,0,0.0,-1.0,M,Possession of Cocaine,0,0,,0,High,0
Male,25 - 45,Native American,0,0,0,5.0,-1.0,F,"Poss3,4 Methylenedioxymethcath",1,0,Child Abuse,5,High,1
Male,Greater than 45,Caucasian,0,0,0,0.0,0.0,M,Viol Injunction Protect Dom Vi,0,0,,0,Low,0
Male,Less than 25,Asian,0,0,0,3.0,-1.0,F,Deliver Cocaine 1000FT Park,0,0,Credit Card Theft,3,Medium,1
Female,25 - 45,Other,0,0,0,0.0,-1.0,M,Driving License Suspended,1,0,Possess Drug Paraphernalia,0,Medium,1
Male,25 - 45,African-American,0,0,0,0.0,-3.0,F,Possession of Cocaine,0,0,,0,Low,0
Male,25 - 45,Caucasian,0,0,0,0.0,-1.0,F,Grand Theft (Motor Vehicle),0,0,,0,Low,0
Male,25 - 45,Hispanic,0,0,0,1.0,-1.0,F,Burglary Conveyance Armed,1,0,Prowling/Loitering,1,Medium,1
Male,Greater than 45,Native American,0,0,0,5.0,-1.0,F,Felony Driving While Lic Suspd,1,1,Battery,5,Low,1
Female,Less than 25,Caucasian,0,0,0,2.0,-1.0,F,Burglary Conveyance Unoccup,0,0,,2,Medium,0
Male,25 - 45,Hispanic,0,0,0,1.0,0.0,F,Poss Cocaine/Intent To Del/Sel,1,0,Unlawful Assembly,1,Low,0
Male,Less than 25,Other,0,0,0,1.0,-15.107001862653844,F,Refuse Submit Blood/Breath Test,0,0,,1,Low,0
Female,25 - 45,Caucasian,0,0,0,1.0,-1.0,M,Oper Motorcycle W/O Valid DL,0,0,,1,Low,0
Female,Less than 25,Caucasian,0,0,0,1.0,-1.0,M,Battery,1,0,Fail Obey Driv Lic Restrictions,1,Low,1
Female,Less than 25,Caucasian,0,0,0,0.0,-1.0,M,Battery,0,0,,0,Low,0
Male,Greater than 45,Native American,0,0,0,7.0,-1.0,F,Burglary Conveyance Unoccup,1,1,Trespass,7,Low,1
Female,25 - 45,Hispanic,0,0,0,2.0,-26.0,M,Battery,0,0,,2,Low,0
Male,Greater than 45,African-American,0,0,0,0.0,-1.0,M,Aggrav Battery w/Deadly Weapon,0,0,,0,Low,0
Male,25 - 45,Native American,0,0,0,5.0,-1.0,F,Grand Theft Dwell Property,1,0,,5,Medium,0
Female,25 - 45,Asian,0,0,0,5.0,-1.0,M,Possession of LSD,0,0,,5,Low,0
Female,25 - 45,Hispanic,0,0,0,5.0,-1.0,F,Misuse Of 911 Or E911 System,1,0,Susp Drivers Lic 1st Offense,5,Medium,1
Male,Less than 25,Caucasian,0,0,0,4.0,-1.0,F,arrest case no charge,1,1,Battery,4,Medium,1
Male,Greater than 45,Hispanic,0,0,0,2.0,-1.0,M,Battery,0,0,Resist Merchant W Or W/O Viol,2,Low,0
Male,25 - 45,African-American,0,0,0,0.0,-1.0,F,Viol Injunction Protect Dom Vi,0,0,,0,Low,0
Male,Less than 25,Asian,0,0,0,0.0,0.0,M,Neglect Child / No Bodily Harm,0,0,,0,Low,0
Male,Greater than 45,African-American,0,0,0,0.0,-1.0,F,Assault,0,0,,0,Low,0
Female,Less than 25,Asian,0,0,0,0.0,0.0,M,Battery,1,0,,0,Low,0
Female,Greater than 45,Hispanic,0,0,0,0.0,-1.0,F,arrest case no charge,0,0,,0,Low,0
Male,Less than 25,Other,0,0,0,5.0,0.0,F,Driving Under The Influence,1,0,Possession of Cocaine,5,Medium,1
Female,Greater than 45,African-American,0,0,0,0.0,0.0,F,Possession Of Alprazolam,1,0,,0,Low,0
Female,25 - 45,Hispanic,0,0,0,0.0,-1.0,M,Battery,0,0,,0,Medium,0
Female,Less than 25,Caucasian,0,0,0,0.0,-1.0,F,Possession of LSD,0,0,,0,Low,0
Male,25 - 45,African-American,0,0,1,4.0,-1.0,F,Possession of Morphine,0,0,,4,Medium,0
Female,25 - 45,Caucasian,0,0,0,0.0,0.0,F,Aggrav Child Abuse-Causes Harm,1,0,Fail Register Vehicle,0,Low,1
Male,Greater than 45,African-American,0,0,3,1.0,-24.0,F,False Motor Veh Insurance Card,1,0,Resist Officer w/Violence,1,Low,1
Female,25 - 45,African-American,0,0,0,1.0,-1.0,F,arrest case no charge,0,0,,1,Low,1
Male,Greater than 45,Other,0,1,0,1.0,-1.0,M,Assault,1,0,Possession of Cocaine,1,Low,1
Male,25 - 45,Asian,0,1,0,23.0,-1.0,F,Crimin Mischief Damage $1000+,1,0,No Wholesale/ Retail Dealer Lic,23,High,1
Male,Greater than 45,Native American,0,0,0,2.0,-1.0,F,arrest case no charge,0,0,,2,Low,0
Female,Less than 25,African-American,0,0,0,3.0,-1.0,F,False Motor Veh Insurance Card,0,0,,3,Low,0
Male,Less than 25,Native American,3,0,0,4.0,-1.0,M,Possession of Morphine,1,1,Tresspass in Structure or Conveyance,4,Medium,0
Female,Greater than 45,African-American,0,0,0,0.0,-1.0,F,,0,0,,0,Low,0
Male,Less than 25,African-American,0,0,0,2.0,0.0,F,Possession of LSD,1,0,Intoxicating Beverages,2,High,1
Female,Greater than 45,African-American,0,0,0,5.0,-12.885677125066557,M,Battery,0,0,,5,Low,0
Female,25 - 45,Native American,0,0,1,5.0,-1.0,F,Possession of Cocaine,1,1,Retaliate Wit/Vict No Injury,5,Medium,1
Male,Less than 25,Other,0,0,0,2.0,-1.0,F,Possession of Cannabis,0,0,,2,Low,0
Female,25 - 45,African-American,0,0,0,0.0,-1.0,F,Felony Battery,0,0,,0,Low,0
Female,Less than 25,African-American,0,0,0,0.0,-1.0,F,Poss Unlaw Issue Driver Licenc,1,0,Burglary Conveyance Unoccup,0,Low,1
Male,25 - 45,African-American,0,0,0,4.0,-1.0,F,Grand Theft (Motor Vehicle),1,0,Unlaw Malic Strike K9/Horses,4,Low,1
Female,Less than 25,Caucasian,0,0,0,2.0,-1.0,F,Grand Theft of the 2nd Degree,1,0,Use of Anti-Shoplifting Device,2,High,1
Male,25 - 45,Native American,0,0,0,0.0,-2.0,F,Misuse Of 911 Or E911 System,0,0,,0,Low,0
Male,Less than 25,African-American,0,0,0,0.0,-1.0,M,Poss/Sell/Del/Man Amobarbital,0,0,,0,Low,0
Female,Less than 25,African-American,0,0,0,0.0,0.0,M,Battery,0,0,,0,Low,0
Male,Greater than 45,Hispanic,0,0,0,1.0,-1.0,F,Felony Battery,0,0,,1,High,0
Male,Less than 25,African-American,0,0,0,0.0,-1.0,F,Grand Theft (Motor Vehicle),0,0,,0,Medium,0
Male,Greater than 45,Caucasian,0,0,0,0.0,-2.0,M,Battery,1,0,Possession of Cocaine,0,High,1
Female,25 - 45,Native American,0,0,0,0.0,-1.0,M,Felony DUI (level 3),0,0,,0,Low,0
Male,Greater than 45,African-American,0,0,0,2.0,-1.0,F,Possession of Cannabis,0,0,,2,Low,0
Male,Less than 25,Native American,0,0,0,1.0,-1.0,F,Burglary Conveyance Unoccup,1,0,Burglary Conveyance Unoccup,1,Low,1
Female,25 - 45,Caucasian,0,0,0,1.0,-1.0,M,Battery,1,0,Disorderly Conduct,1,Medium,1
Male,25 - 45,Asian,0,0,0,20.0,-1.0,F,Susp Drivers Lic 1st Offense,1,1,Possession of Cocaine,20,High,1
Female,Greater than 45,Hispanic,1,0,0,3.0,-1.0,F,Att Burgl Unoccupied Dwel,1,0,No Wholesale/ Retail Dealer Lic,3,High,1
Female,Greater than 45,Other,0,0,0,0.0,-3.0,F,Possession Of Alprazolam,1,0,Possess Cannabis/20 Grams Or Less,0,Medium,1
Male,25 - 45,African-American,1,3,0,10.0,-1.0,F,Driving While License Revoked,1,0,Possession of Cannabis,10,High,1
Female,Greater than 45,Caucasian,0,0,0,6.0,-1.0,F,Possession of Cocaine,0,0,,6,Medium,0
Male,Less than 25,African-American,0,0,0,0.0,0.0,M,Battery,0,0,,0,High,0
Male,25 - 45,Hispanic,0,0,0,0.0,-1.0,F,arrest case no charge,1,1,Felony Battery w/Prior Convict,0,Medium,1
Male,Less than 25,Hispanic,0,0,0,0.0,-1.0,F,Felony DUI (level 3),0,0,,0,Low,0
Male,Greater than 45,Caucasian,0,0,0,1.0,-1.0,F,Burglary Conveyance Unoccup,0,0,,1,Low,0
Male,25 - 45,Caucasian,0,0,0,9.0,0.0,F,arrest case no charge,1,0,Resist Officer w/Violence,9,Low,1
Female,25 - 45,Asian,0,0,0,4.0,-1.0,F,False Ownership Info/Pawn Item,0,0,,4,High,0
Male,Greater than 45,Hispanic,0,0,0,1.0,-1.0,F,Burglary Conveyance Unoccup,1,0,Use Lost Or Stolen Credit Card,1,Medium,1
Female,Greater than 45,Other,0,0,0,7.0,-1.0,F,Grand Theft of the 2nd Degree,1,1,Possess Drug Paraphernalia,7,Medium,1
Female,25 - 45,Other,0,0,0,0.0,-1.0,M,Battery,0,0,,0,Low,0
Male,25 - 45,Native American,0,0,0,7.0,0.0,M,Assault,1,0,Susp Drivers Lic 1st Offense,7,High,1
Female,Greater than 45,Hispanic,0,0,0,0.0,-3.0,M,Attempted Robbery  Weapon,0,0,,0,Low,0
Female,Less than 25,African-American,0,0,0,1.0,-1.0,M,Driving License Suspended,0,0,,1,Low,0
Male,Greater than 45,Caucasian,0,0,0,0.0,0.0,F,Driving License Suspended,0,0,,0,Low,0
Female,Less than 25,African-American,0,0,0,1.0,0.0,F,arrest case no charge,0,0,,1,Low,0
Male,Less than 25,Caucasian,0,0,0,1.0,-3.0,M,Driving License Suspended,1,0,Unlaw Use False Name/Identity,1,Medium,1
Female,Greater than 45,Asian,0,0,0,0.0,-1.0,F,Poss Contr Subst W/o Prescript,0,0,,0,High,0
Female,Less than 25,Caucasian,0,0,0,3.0,-1.0,M,Battery,1,1,Battery,3,Low,1
Male,Less than 25,Other,0,0,0,0.0,-1.0,F,Grand Theft (Motor Vehicle),0,0,,0,Low,0
Male,Greater than 45,Other,0,0,0,4.0,0.0,F,Possession of Cannabis,0,0,,4,Low,0
Female,Greater than 45,Native American,0,3,1,8.0,-1.0,M,Battery,1,0,Driving License Suspended,8,High,1
Male,25 - 45,Native American,0,0,0,3.0,-1.0,F,Possession of Cocaine,1,0,Disobey Officer/Fireman,3,Low,1
Male,25 - 45,Other,0,0,0,13.0,-2.0,F,Driving License Suspended,1,0,Unlaw Use False Name/Identity,13,High,1
Female,25 - 45,Other,0,0,0,0.0,-1.0,F,Uttering a Forged Instrument,0,0,,0,Medium,0
Male,Less than 25,African-American,0,0,0,13.0,-1.0,F,Purchase Cannabis,1,0,Shoot/Throw Into Vehicle,13,Medium,1
Male,Less than 25,Native American,0,0,0,0.0,0.0,M,Driving Under The Influence,1,0,Unlaw Use False Name/Identity,0,Low,1
Male,Greater than 45,Native American,0,0,0,0.0,-1.0,M,Battery,0,0,,0,Medium,0
Female,25 - 45,Hispanic,0,0,0,0.0,0.0,M,Battery,1,0,Attempted Burg/struct/unocc,0,Low,1
Male,25 - 45,Native American,0,0,0,0.0,-1.0,F,Aggrav Battery w/Deadly Weapon,0,0,,0,Low,0
Male,Greater than 45,Other,0,0,0,0.0,0.0,F,"Poss3,4 Methylenedioxymethcath",1,0,Operating W/O Valid License,0,Medium,1
Male,25 - 45,Other,0,1,0,1.0,-1.0,F,Deliver Cocaine 1000FT Park,1,0,Resist/Obstruct W/O Violence,1,High,1
Male,Less than 25,African-American,0,1,0,1.0,-1.0,F,Possession of LSD,0,0,,1,Low,0
Female,Greater than 45,African-American,0,0,0,3.0,-1.0,M,arrest case no charge,0,0,,3,Low,0
Male,25 - 45,Other,0,0,0,1.0,0.0,M,Battery,0,0,,1,Low,0
Male,25 - 45,African-American,0,0,0,2.0,-1.0,F,arrest case no charge,0,0,,2,Low,0
Male,Greater than 45,Other,0,1,0,4.0,-1.0,M,Battery,1,1,Reckless Display Of Weapon,4,Medium,1
Male,25 - 45,African-American,0,0,0,1.0,-24.0,F,Possession of Cocaine,1,0,Susp Drivers Lic 1st Offense,1,Low,1
Male,Less than 25,Caucasian,0,0,0,1.0,0.0,M,Driving Under The Influence,1,0,Resist/Obstruct W/O Violence,1,Low,1
Female,Less than 25,Other,0,0,0,1.0,-1.0,M,Battery,1,1,Battery,1,Low,1
Male,25 - 45,Other,0,0,0,3.0,-1.0,F,arrest case no charge,0,0,Susp Drivers Lic 1st Offense,3,Medium,1
Female,Greater than 45,Native American,0,0,0,0.0,0.0,F,Driving While License Revoked,0,0,,0,Medium,0
Male,25 - 45,African-American,0,0,0,1.0,0.0,M,False Ownership Info/Pawn Item,0,0,,1,Medium,0
Male,Less than 25,Caucasian,0,0,0,9.0,0.0,F,"Poss3,4 Methylenedioxymethcath",0,0,,9,Medium,0
Female,25 - 45,African-American,0,0,0,0.0,0.0,M,Petit Theft $100- $300,0,0,,0,Low,0
Female,Greater than 45,African-American,0,0,0,0.0,-1.0,M,Assault,0,0,,0,Medium,0
Female,25 - 45,Hispanic,0,0,0,4.0,-1.0,F,Assault,1,0,Poss of Cocaine W/I/D/S 1000FT Park,4,High,1
Male,25 - 45,African-American,0,0,0,3.0,-3.0,F,False Ownership Info/Pawn Item,0,0,,3,Medium,0
Male,Greater than 45,Native American,0,0,0,8.0,0.0,F,arrest case no charge,0,0,,8,Low,0
Male,25 - 45,African-American,0,0,0,2.0,-1.0,M,Leave Acc/Attend Veh/More $50,1,0,Possession of Cocaine,2,Low,1
Male,Less than 25,Native American,0,0,0,14.0,-1.0,M,Poss Of Controlled Substance,1,0,Possession of Cocaine,14,Low,1
Male,Greater than 45,Caucasian,0,0,0,1.0,-11.241331658946812,M,arrest case no charge,0,0,,1,Medium,0
Female,25 - 45,Asian,1,1,0,18.0,-1.0,M,Refuse Submit Blood/Breath Test,1,0,Fail Obey Driv Lic Restrictions,18,High,1
Male,Greater than 45,Native American,0,0,0,1.0,-1.0,F,Possession of Cocaine,0,0,,1,Low,0
Male,25 - 45,Hispanic,0,0,0,0.0,-1.0,M,Battery,1,0,Use Lost Or Stolen Credit Card,0,Medium,0
Female,Less than 25,African-American,0,0,0,0.0,-1.0,M,Battery,1,0,Susp Drivers Lic 1st Offense,0,Low,1
Female,25 - 45,Asian,0,0,0,0.0,0.0,M,Battery,0,0,,0,Low,0
Male,Greater than 45,Native American,0,0,0,12.0,-1.0,F,Possession of Cocaine,0,0,,12,High,0
Male,Greater than 45,Native American,0,0,0,3.0,-1.0,M,Battery,1,1,Susp Drivers Lic 1st Offense,3,Low,0
Male,25 - 45,Caucasian,0,0,0,10.0,-1.0,F,arrest case no charge,0,0,,10,Medium,0
Male,Greater than 45,Native American,0,0,0,2.0,-1.0,F,arrest case no charge,0,0,,2,Low,0
Female,25 - 45,African-American,0,0,2,2.0,-1.0,F,Battery,1,1,Fraud Use/Persnl ID Info/Deceased,2,High,1
Female,Less than 25,Other,0,0,0,0.0,-1.0,M,Battery,1,0,Poss Handcuff Key While IC,0,Low,1
Male,25 - 45,Native American,0,0,0,2.0,-1.0,F,arrest case no charge,0,0,,2,Medium,0
Male,Less than 25,Hispanic,0,0,0,8.0,-1.0,F,Poss Alprazolam W/int Sell/Del,0,0,,8,Low,0
Male,25 - 45,Asian,0,1,1,8.0,-1.0,F,"Poss3,4 Methylenedioxymethcath",1,0,Susp Drivers Lic 1st Offense,8,High,1
Female,Greater than 45,Caucasian,0,1,0,7.0,-1.0,F,arrest case no charge,0,0,,7,Low,0
Female,Greater than 45,Asian,0,0,0,13.0,0.0,M,Battery,1,1,Battery,13,Low,1
Female,25 - 45,African-American,0,0,0,1.0,0.0,F,Possession of Cocaine,0,0,,1,Medium,0
Male,25 - 45,Asian,0,0,0,3.0,0.0,F,False Ownership Info/Pawn Item,0,0,,3,Low,0
Female,Less than 25,African-American,0,0,0,0.0,-1.0,F,Poss Unlaw Issue Driver Licenc,1,1,Battery,0,Low,1
Female,Greater than 45,African-American,0,0,0,16.0,0.0,M,Battery,1,0,Possess Cannabis/20 Grams Or Less,16,Medium,1
Female,25 - 45,Asian,0,0,0,6.0,-1.0,M,arrest case no charge,0,0,,6,Medium,0
Female,Greater than 45,African-American,0,0,0,0.0,-1.0,F,Neglect Child / No Bodily Harm,0,0,,0,Low,0
Male,Greater than 45,Caucasian,0,0,0,1.0,-6.0,M,Driving Under The Influence,0,0,,1,Medium,0
Female,Greater than 45,Native American,0,0,0,13.0,0.0,F,Crimin Mischief Damage $1000+,1,0,Disorderly Conduct,13,High,1
Female,25 - 45,Hispanic,0,1,0,6.0,-1.0,F,Crimin Mischief Damage $1000+,1,1,Grand Theft (Motor Vehicle),6,High,1
Female,Greater than 45,Native American,0,0,0,0.0,-1.0,F,Sale/Del Cannabis At/Near Scho,0,0,,0,Low,0
Male,Greater than 45,African-American,0,0,0,2.0,0.0,F,arrest case no charge,0,0,,2,Low,0
Male,25 - 45,Caucasian,0,0,0,2.0,-1.0,F,Driving While License Revoked,0,0,,2,Medium,0
Male,25 - 45,African-American,0,0,0,4.0,-1.0,M,Battery,1,0,Possess Cannabis/20 Grams Or Less,4,Medium,1
Female,25 - 45,Caucasian,0,0,0,0.0,-1.0,M,Battery,0,0,,0,Low,0
Female,Greater than 45,African-American,0,0,0,4.0,0.0,F,Aggrav Child Abuse-Causes Harm,1,1,Resist/Obstruct W/O Violence,4,Medium,1
Female,Greater than 45,African-American,0,0,0,7.0,-1.0,F,arrest case no charge,1,0,Resist/Obstruct W/O Violence,7,Medium,1
Male,25 - 45,Hispanic,0,0,0,5.0,-1.0,M,Battery,1,1,Battery,5,Medium,1
Male,Greater than 45,African-American,0,0,0,2.0,-3.0,F,Grand Theft (Motor Vehicle),0,0,,2,Low,0
Female,Greater than 45,Hispanic,0,0,0,0.0,-1.0,M,Viol Injunction Protect Dom Vi,1,0,Sale/Del Cocaine Child Care Fac,0,Low,1
Female,Greater than 45,Caucasian,0,0,0,1.0,-1.0,F,Driving Under The Influence,0,0,,1,Low,0
Male,Less than 25,Hispanic,0,0,0,1.0,-23.0,F,Aggravated Assault,0,0,,1,Low,0
Male,Greater than 45,African-American,0,0,0,0.0,-1.0,M,Battery,0,0,,0,Low,0
Male,Greater than 45,Caucasian,0,0,0,33.0707730314126,-1.0,F,Felony Driving While Lic Suspd,1,0,Viol Injunct Domestic Violence,32,High,1
Female,25 - 45,African-American,0,0,0,3.0,-1.0,F,Felony DUI (level 3),0,0,,3,Low,0
Male,Less than 25,Other,0,0,0,0.0,0.0,F,Aggrav Battery w/Deadly Weapon,0,0,,0,Low,0
Male,Less than 25,African-American,0,0,0,14.0,-1.0,F,arrest case no charge,1,0,Unlaw Use False Name/Identity,14,High,1
Male,Less than 25,Caucasian,0,0,0,1.0,-3.0,F,arrest case no charge,0,0,,1,Low,0
Male,Less than 25,Native American,0,0,0,1.0,-1.0,M,Leave Acc/Attend Veh/More $50,0,0,,1,Medium,0
Male,25 - 45,African-American,0,1,2,3.0,0.0,M,Grand Theft of the 2nd Degree,0,0,,3,Medium,0
Male,Less than 25,Other,0,0,0,3.0,-1.0,M,Battery,1,1,Susp Drivers Lic 1st Offense,3,Medium,1
Female,25 - 45,Asian,0,0,0,2.0,-1.0,M,Driving Under The Influence,0,0,,2,Low,0
Male,Greater than 45,Hispanic,0,0,0,0.0,0.0,M,Purchase Cannabis,0,0,,0,Low,0
Male,Greater than 45,Native American,0,0,0,2.0,0.0,F,Driving While License Revoked,1,0,Attempted Burg/struct/unocc,2,Low,1
Male,25 - 45,African-American,0,0,0,7.0,-1.0,F,Deliver Cocaine 1000FT Park,1,0,Resist/Obstruct W/O Violence,7,Medium,1
Female,25 - 45,Hispanic,0,0,0,3.0,0.0,F,Poss Alprazolam W/int Sell/Del,1,0,Traffick Oxycodone    14g><28g,3,Medium,1
Male,25 - 45,African-American,0,0,0,0.0,-1.0,M,Battery,0,0,,0,Low,0
Female,25 - 45,Asian,0,0,0,0.0,-1.0,M,Fraudulent Use of Credit Card,1,1,Stalking (Aggravated),0,Medium,1
Male,Less than 25,Native American,0,0,0,1.0,-4.0,F,Possession Of Methamphetamine,0,0,,1,Low,0
Female,Less than 25,Hispanic,0,0,0,0.0,0.0,F,Deliver Cocaine 1000FT Park,0,0,,0,Low,0
Male,Greater than 45,African-American,0,0,0,1.0,0.0,M,Fel Drive License Perm Revoke,0,0,,1,Low,0
Male,Greater than 45,Other,0,0,0,0.0,0.0,M,Possession Of Alprazolam,1,0,Poss of Cocaine W/I/D/S 1000FT Park,0,Low,0
Female,25 - 45,African-American,0,0,0,4.0,-1.0,M,Battery,1,0,Unlaw Use False Name/Identity,4,High,1
Female,Greater than 45,Caucasian,0,0,0,18.0,-25.896223602984616,M,Driving Under The Influence,1,0,Fail Obey Driv Lic Restrictions,18,Low,1
Male,25 - 45,Caucasian,0,0,0,2.0,-1.0,F,Armed Trafficking in Cannabis,1,0,,2,Low,0
Female,Less than 25,Hispanic,0,0,0,6.0,0.0,F,Possession of Cocaine,1,0,Fail Register Vehicle,6,Low,1
Male,Less than 25,Asian,0,0,0,1.0,-1.0,M,Battery,0,0,,1,High,0
Female,Less than 25,Other,0,0,0,12.0,0.0,F,Att Burgl Unoccupied Dwel,0,0,Burglary Conveyance Unoccup,11,Medium,0
Male,25 - 45,Caucasian,0,0,0,0.0,0.0,M,Battery,0,0,,0,Low,0
Female,Less than 25,Native American,0,0,0,0.0,-2.0,F,Assault,0,0,,0,Low,0
Female,Less than 25,Caucasian,0,0,0,0.0,-3.0,M,Driving Under The Influence,0,0,,0,Low,0
Female,25 - 45,Hispanic,0,0,0,0.0,-1.0,M,Aggrav Child Abuse-Causes Harm,0,0,,0,Low,0
Female,Greater than 45,Hispanic,0,0,0,1.0,-1.0,F,False Ownership Info/Pawn Item,0,0,,1,Low,0
Male,25 - 45,African-American,0,0,0,6.0,-1.0,F,Driving While License Revoked,1,1,Poss Handcuff Key While IC,6,Medium,1
Female,Less than 25,Asian,0,0,0,1.0,-1.0,M,Battery,0,0,,1,Low,0
Female,25 - 45,Hispanic,0,0,0,12.0,-24.0,M,Battery,0,0,,11,Medium,0
Male,25 - 45,Asian,0,0,0,0.0,-1.0,M,Battery,1,0,Viol Injunct Domestic Violence,0,Low,1
Female,25 - 45,Caucasian,1,0,0,7.0,0.0,F,Possession of Cocaine,1,0,Aggravated Battery / Pregnant,7,High,1
Male,Less than 25,Hispanic,0,0,0,1.0,-10.0,M,Poss Alprazolam W/int Sell/Del,0,0,,1,Low,0
Male,25 - 45,Asian,0,0,0,24.819059707576862,-1.0,F,Possession of Cocaine,1,1,Battery,24,High,1
Male,25 - 45,Native American,0,0,0,0.0,-1.0,F,Grand Theft of the 2nd Degree,1,0,Resist/Obstruct W/O Violence,0,Low,1
Male,Greater than 45,Caucasian,0,0,0,1.0,-1.0,M,Susp Drivers Lic 1st Offense,1,0,Susp Drivers Lic 1st Offense,1,Medium,1
Male,Less than 25,Asian,0,0,0,0.0,0.0,M,Battery,1,1,Battery,0,Low,1
Male,Greater than 45,Native American,0,0,0,1.0,-1.0,F,Att Burgl Unoccupied Dwel,0,0,,1,High,0
Female,25 - 45,Other,0,0,0,1.0,-12.403635873864719,M,Armed Trafficking in Cannabis,0,0,,1,Low,0
Male,Less than 25,Asian,0,0,0,0.0,-1.0,F,Possession of Cannabis,0,0,,0,Low,0
Female,25 - 45,African-American,0,0,0,1.0,-1.0,F,arrest case no charge,0,0,,1,High,0
Male,Less than 25,Caucasian,0,0,0,3.0,-1.0,F,,1,0,Reckless Display Of Weapon,3,Medium,1
Female,25 - 45,African-American,0,0,0,13.0,-1.0,F,Crimin Mischief Damage $1000+,1,0,Operating W/O Valid License,13,High,1
Male,25 - 45,Hispanic,0,0,0,1.0,-18.0,F,arrest case no charge,0,0,,1,Low,0
Female,Less than 25,African-American,0,0,0,0.0,-1.0,F,arrest case no charge,0,0,,0,Low,0
Female,Greater than 45,Other,0,0,0,4.0,0.0,F,Felony Driving While Lic Suspd,0,0,,4,Medium,0
Female,25 - 45,Hispanic,0,0,0,6.0,-1.0,F,arrest case no charge,1,1,Aggravated Battery / Pregnant,6,Medium,1
Male,25 - 45,Caucasian,0,0,0,2.0,26.217534975218875,F,Poss Alprazolam W/int Sell/Del,0,0,,2,Low,0
Male,Less than 25,Hispanic,0,0,0,1.0,-1.0,F,Poss/Sell/Del/Man Amobarbital,1,0,Possession of Cocaine,1,Medium,1
Male,25 - 45,African-American,0,0,0,2.0,0.0,F,Possession Of Alprazolam,0,0,,2,Medium,0
Male,25 - 45,African-American,0,0,0,13.0,-1.0,F,arrest case no charge,0,0,,13,High,0
Female,25 - 45,Other,0,0,0,0.0,0.0,F,Att Burgl Unoccupied Dwel,0,0,,0,Low,0
Female,Greater than 45,Caucasian,0,0,0,3.0,-1.0,F,Driving While License Revoked,0,0,,3,Low,0
Male,25 - 45,Native American,0,0,0,7.0,-1.0,F,Felony Battery,1,0,Grand Theft (Motor Vehicle),7,High,1
Male,Less than 25,African-American,0,0,0,1.0,-1.0,F,Aggravated Assault,0,0,,1,Medium,0
Male,Greater than 45,Asian,0,0,0,1.0,-1.0,F,arrest case no charge,1,0,,1,Low,1
Male,25 - 45,Other,0,0,0,0.0,-1.0,F,Possession of Cocaine,1,1,Sale/Del Cocaine Child Care Fac,0,High,1
Female,Less than 25,African-American,0,0,0,0.0,0.0,M,Battery,0,0,,0,High,0
Male,Greater than 45,Caucasian,0,0,0,1.0,0.0,F,Refuse Submit Blood/Breath Test,0,0,,1,Medium,0
Female,Less than 25,African-American,0,0,0,5.0,-1.0,M,Armed Trafficking in Cannabis,1,1,Battery,5,High,1
Female,Greater than 45,Native American,0,0,0,14.0,-1.0,F,Possession of Cocaine,1,0,Possession of Cocaine,14,High,1
Male,25 - 45,Asian,0,0,0,0.0,-1.0,F,Possession of Cannabis,0,0,,0,Medium,0
Female,25 - 45,Hispanic,0,1,0,7.0,0.0,F,Deliver Cocaine 1000FT Park,1,0,,7,Medium,1
Male,Less than 25,Hispanic,0,0,0,0.0,-2.0,M,Battery,0,0,,0,Low,0
Female,Greater than 45,Caucasian,0,0,0,0.0,0.0,F,Burglary Conveyance Unoccup,1,0,Mandatory Susp Possess Alcohol,0,Low,1
Male,25 - 45,Native American,0,0,0,10.940050359533371,-1.0,F,Felony Battery w/Prior Convict,0,0,,11,Low,0
Male,Less than 25,Hispanic,0,1,0,20.0,-1.0,F,Possession of Cocaine,1,0,Operating W/O Valid License,20,High,1
Male,Greater than 45,African-American,0,0,0,15.0,-1.0,F,arrest case no charge,0,0,,15,Low,0
Male,Greater than 45,African-American,0,0,0,15.0,-1.0,F,Driving While License Revoked,1,0,Operating W/O Valid License,15,Low,1
Male,25 - 45,Native American,0,0,0,0.0,-1.0,F,Possession of Oxycodone,1,0,Possess Cannabis/20 Grams Or Less,0,Medium,1
Male,25 - 45,Hispanic,0,0,0,2.0,-22.0,F,Possession Of Alprazolam,1,0,Operating W/O Valid License,2,Low,1
Male,Less than 25,Native American,0,1,2,2.0,-2.0,F,Burglary Conveyance Armed,1,0,Resist Officer w/Violence,2,Medium,1
Male,Less than 25,Native American,0,0,0,0.0,-1.0,F,Burglary Conveyance Unoccup,1,0,Possess Cannabis/20 Grams Or Less,0,Low,1
Male,25 - 45,African-American,0,0,3,9.0,-1.0,M,Aggrav Child Abuse-Causes Harm,1,0,Tampering With Physical Evidence,9,High,1
Male,25 - 45,Native American,0,0,0,0.0,0.0,M,Felony Driving While Lic Suspd,1,0,Use Lost Or Stolen Credit Card,0,Low,1
Male,Less than 25,African-American,0,1,1,3.0,0.0,M,Carrying Concealed Firearm,0,0,Susp Drivers Lic 1st Offense,3,High,1
Female,25 - 45,Asian,0,0,0,0.0,-1.0,M,Battery,0,0,,0,Low,0
Male,Greater than 45,Native American,0,0,0,0.0,-1.0,M,Susp Drivers Lic 1st Offense,1,1,Harass Witness/Victm/Informnt,0,Low,1
Female,25 - 45,African-American,0,0,0,3.0,-1.0,F,Possession of Cocaine,1,0,Possession of Cocaine,3,Medium,1
Male,Less than 25,Asian,0,0,0,2.0,-1.0,F,Misuse Of 911 Or E911 System,0,0,,2,Medium,0
Male,25 - 45,African-American,0,0,0,0.0,-1.0,F,,0,0,,0,Medium,1
Male,Less than 25,Hispanic,0,0,0,1.0,-14.0,M,Battery,0,0,,1,Low,0
Male,Less than 25,African-American,0,0,0,18.0,-1.0,F,Poss Cocaine/Intent To Del/Sel,1,0,Tampering With Physical Evidence,17,High,1
Male,25 - 45,Asian,0,0,0,4.0,-1.0,M,Reckless Driving,1,0,Disobey Officer/Fireman,4,Low,0
Male,Less than 25,African-American,0,0,2,0.0,-1.0,F,Burglary Conveyance Armed,0,0,,0,Low,0
Male,Greater than 45,Hispanic,0,0,0,2.0,-1.0,M,Battery,1,1,Battery,2,Low,1
Male,25 - 45,Other,0,0,1,2.0,0.0,M,,0,0,,2,Medium,0
Male,25 - 45,African-American,0,0,1,2.0,-1.0,F,Uttering a Forged Instrument,1,0,Possess Cannabis/20 Grams Or Less,2,Medium,1
Female,25 - 45,Hispanic,0,0,0,1.0,-1.0,F,Poss Oxycodone W/Int/Sell/Del,0,0,,1,Low,0
Female,Less than 25,Asian,0,0,0,1.0,-1.0,M,Battery,1,1,Battery,1,Low,1
Female,Less than 25,Asian,0,0,0,1.0,-1.0,F,Possession Of Methamphetamine,1,0,Attempted Burg/struct/unocc,1,High,1
Female,Greater than 45,Caucasian,0,0,0,2.0,0.0,M,Driving License Suspended,1,0,,2,Low,1
Male,Less than 25,Caucasian,0,0,0,0.0,-1.0,F,Poss Cocaine/Intent To Del/Sel,1,0,Possess Cannabis/20 Grams Or Less,0,High,1
Female,Less than 25,Other,0,0,0,1.0,0.0,M,Battery,0,0,,1,Low,0
Male,Less than 25,Asian,0,0,0,8.0,-1.0,M,Possession of Cocaine,1,0,Fail Obey Driv Lic Restrictions,8,Medium,1
Male,Less than 25,African-American,0,0,1,10.0,0.0,F,Posses/Disply Susp/Revk/Frd DL,1,0,Fail Register Vehicle,10,Low,1
Male,Less than 25,African-American,0,0,0,13.0,-1.0,F,Felony DUI (level 3),0,0,,13,Low,0
Male,Greater than 45,Asian,0,0,0,0.0,-1.0,M,Battery,1,1,Battery,0,Low,1
Male,25 - 45,Hispanic,0,0,0,0.0,-2.0,M,Battery,0,0,,0,Low,0
Male,25 - 45,African-American,0,0,0,1.0,-1.0,F,Deliver Cocaine 1000FT Park,0,0,,1,Medium,0
Male,Less than 25,Native American,0,0,0,13.0,-1.0,F,Poss Of Controlled Substance,1,0,Battery on a Person Over 65,13,Low,1
Female,Less than 25,Hispanic,0,0,0,6.0,-1.0,F,Felony Battery w/Prior Convict,1,0,Possession of Cocaine,6,High,1
Male,Greater than 45,African-American,0,0,0,1.0,-1.0,F,Possession of Cocaine,0,0,,1,Low,0
Male,Greater than 45,African-American,0,0,0,3.0,-1.0,F,Possession of Cocaine,1,0,Tampering With Physical Evidence,3,Medium,1
Female,25 - 45,Other,0,0,0,2.0,0.0,M,Aggrav Battery w/Deadly Weapon,1,0,Traffick Oxycodone    14g><28g,2,High,1
Female,25 - 45,Caucasian,0,0,0,2.0,-1.0,M,Battery,0,0,,2,High,0
Male,25 - 45,African-American,0,0,0,3.0,-1.0,M,Battery,0,0,,3,Medium,0
Female,Greater than 45,African-American,0,0,1,0.0,0.0,F,Petit Theft,1,0,Resist/Obstruct W/O Violence,0,High,1
Male,Less than 25,Other,0,0,0,0.0,-1.0,M,Battery,0,0,,0,Low,0
Female,25 - 45,African-American,0,0,0,4.0,-8.0,F,Crimin Mischief Damage $1000+,0,0,,4,Low,0
Male,25 - 45,African-American,0,0,0,7.0,-7.0,F,arrest case no charge,1,0,Traffick Oxycodone    14g><28g,7,Low,1
Male,25 - 45,African-American,0,0,0,0.0,-3.0,M,Deliver Cocaine 1000FT Park,0,0,,0,Low,0
Female,Less than 25,Native American,0,0,0,3.0,0.0,F,Misuse Of 911 Or E911 System,1,0,Unnatural/Lascivious Act,3,Medium,1
Male,25 - 45,Caucasian,0,0,0,8.0,-1.0,F,Agg Assault W/int Com Fel Dome,0,0,,8,Low,0
Male,Less than 25,Caucasian,0,0,0,1.0,-1.0,M,Battery,1,0,No Wholesale/ Retail Dealer Lic,1,Low,1
Male,Greater than 45,Other,0,3,0,3.0,0.0,F,Possession of Cocaine,1,0,,3,High,1
Male,25 - 45,Caucasian,0,0,0,2.0,-1.0,F,Possession of Cannabis,1,0,Unlawful Assembly,2,Low,1
Male,Less than 25,Hispanic,0,0,0,2.0,0.0,F,arrest case no charge,1,0,Possession of Cocaine,2,Medium,1
Female,25 - 45,Native American,0,0,0,0.0,-1.0,M,Viol Injunction Protect Dom Vi,0,0,,0,Low,0
Male,Greater than 45,Hispanic,0,0,0,14.0,-1.0,M,Battery,0,0,,14,Medium,0
Male,Less than 25,Hispanic,0,0,0,0.0,-1.0,M,Petit Theft,0,0,,0,Low,0
Female,Less than 25,Asian,0,0,0,1.0,-23.924449982700782,F,"Poss3,4 Methylenedioxymethcath",0,0,,1,Low,0
Male,Greater than 45,Caucasian,0,0,0,1.0,-1.0,F,Agg Assault W/int Com Fel Dome,0,0,,1,Low,0
Female,Greater than 45,Caucasian,0,0,0,13.0,0.0,F,Driving While License Revoked,1,0,Resist Merchant W Or W/O Viol,13,Low,0
Female,25 - 45,Other,0,0,0,6.0,-1.0,F,Possession Of Alprazolam,0,0,,6,Medium,0
Male,25 - 45,Native American,0,1,0,6.0,26.544373915650333,M,Battery,1,1,Armed Kidnapping,6,Medium,1
Male,Greater than 45,Other,0,0,0,1.0,-24.0,F,arrest case no charge,1,0,Fail Register Vehicle,1,Low,1
Male,Greater than 45,Native American,0,0,0,2.0,-1.0,F,Battery,1,1,Reckless Display Of Weapon,2,Medium,1
Female,Greater than 45,Other,0,0,0,0.0,0.0,M,Battery,0,0,,0,Low,0
Female,Less than 25,Native American,0,0,0,3.0,-1.0,M,Susp Drivers Lic 1st Offense,1,0,Introduce Contraband Into Jail,3,Low,1
Male,Greater than 45,Native American,0,0,0,0.0,-4.0,M,Neglect Child / No Bodily Harm,0,0,,0,Medium,0
Male,Greater than 45,Native American,0,0,0,1.0,-1.0,F,arrest case no charge,0,0,,1,Low,0
Male,25 - 45,African-American,0,0,0,2.0,0.0,M,Driving Under The Influence,0,0,,2,Medium,0
Male,25 - 45,Asian,0,0,0,1.0,-1.0,M,arrest case no charge,0,0,,1,Low,0
Male,Less than 25,Caucasian,0,0,0,1.0,-22.0,M,Battery,1,0,Leaving the Scene of Accident,1,Low,0
Female,25 - 45,Native American,0,4,4,11.0,-1.0,M,Resist/Obstruct W/O Violence,1,0,Driving License Suspended,8,Medium,1
Female,Greater than 45,Caucasian,0,0,0,0.0,0.0,M,Battery,0,0,,0,Low,0
Female,Greater than 45,Native American,0,0,0,0.0,-3.0,M,Aggravated Assault,0,0,,0,Low,0
Male,Greater than 45,African-American,0,0,0,3.0,-1.0,F,Battery,1,0,Credit Card Theft,3,Low,1
Female,25 - 45,African-American,0,0,0,0.0,0.0,M,Battery,0,0,,0,Low,0
Male,25 - 45,Other,0,0,0,1.0,0.0,M,Battery,0,0,,1,Low,0
Female,25 - 45,Other,0,0,0,0.0,0.0,F,Grand Theft Dwell Property,0,0,,0,Low,0
Female,25 - 45,Hispanic,0,0,0,8.0,-1.0,F,Driving Under The Influence,1,1,Resist/Obstruct W/O Violence,8,Medium,1
Female,25 - 45,Caucasian,0,0,0,0.0,0.0,M,Driving Under The Influence,0,0,,0,Low,0
Male,Greater than 45,Caucasian,0,0,0,4.0,-30.0,F,Felony Battery w/Prior Convict,0,0,,4,Low,0
Male,Greater than 45,Caucasian,0,0,0,0.0,-3.0,M,Attempted Robbery  Weapon,0,0,,0,Low,0
Female,Greater than 45,Other,0,0,0,0.0,-1.0,M,Uttering a Forged Instrument,0,0,,0,Medium,0
Male,Less than 25,Caucasian,1,0,0,7.0,-1.0,F,Fraudulent Use of Credit Card,1,0,Poss of Cocaine W/I/D/S 1000FT Park,7,High,1
Male,Less than 25,Caucasian,0,0,0,4.0,-30.0,F,Possession Of Alprazolam,0,0,,4,High,0
Male,Less than 25,Caucasian,0,0,0,1.0,-1.0,F,arrest case no charge,1,0,Resist/Obstruct W/O Violence,1,High,1
Male,Less than 25,Caucasian,0,0,0,7.0,-1.0,F,Armed Trafficking in Cannabis,1,0,Possess Cannabis/20 Grams Or Less,7,High,1
Male,Less than 25,Caucasian,0,0,0,0.0,-1.0,F,Felony Battery,0,0,,0,High,0
Female,25 - 45,African-American,0,0,0,0.0,-1.0,F,Driving Under The Influence,1,0,Burglary Dwelling Assault/Batt,0,Low,1
Male,Less than 25,Native American,0,0,0,7.0,-1.0,F,Oper Motorcycle W/O Valid DL,1,0,Operating W/O Valid License,7,High,1
Male,25 - 45,African-American,0,0,2,1.0,-1.0,F,arrest case no charge,0,0,,1,Low,0
Male,25 - 45,Caucasian,0,0,0,0.0,-1.0,F,Poss Unlaw Issue Driver Licenc,0,0,,0,Low,0
Male,25 - 45,African-American,0,0,0,7.0,-1.0,F,Felony Driving While Lic Suspd,1,0,Unnatural/Lascivious Act,7,Low,1
Male,Less than 25,Asian,0,1,1,3.0,0.0,F,"Poss3,4 Methylenedioxymethcath",1,0,Operating W/O Valid License,3,High,1
Male,Greater than 45,Other,0,0,0,1.0,-1.0,F,arrest case no charge,0,0,,1,Low,0
Male,Greater than 45,African-American,0,0,0,2.0,-1.0,F,Possession of Cocaine,0,0,,2,Low,0
Female,25 - 45,Native American,0,0,0,3.0,-4.0,M,arrest case no charge,0,0,,3,Low,0
Male,Greater than 45,Hispanic,0,0,0,19.0,-1.0,F,Driving While License Revoked,1,1,Battery,20,High,1
Male,Less than 25,Native American,0,0,0,0.0,0.0,F,Possession of Cocaine,0,0,,0,Low,0
Male,Less than 25,Other,0,0,0,0.0,-1.0,M,Battery,0,0,,0,Medium,0
Male,Greater than 45,Hispanic,0,0,0,0.0,-1.0,F,Refuse Submit Blood/Breath Test,1,0,Poss Handcuff Key While IC,0,Medium,1
Male,25 - 45,African-American,0,0,0,0.0,-1.0,M,Petit Theft,1,0,Trespass Other Struct/Convey,0,Medium,1
Male,Greater than 45,African-American,0,0,0,1.0,-1.0,F,Deliver Cocaine 1000FT Park,0,0,,1,Medium,0
Male,Greater than 45,Hispanic,0,0,0,21.000000000000004,-1.0,F,Possession of Oxycodone,1,0,Tampering With Physical Evidence,21,High,1
Male,Greater than 45,Asian,0,0,0,0.0,0.0,M,Driving Under The Influence,0,0,,0,Low,0
Female,Greater than 45,Other,0,0,0,3.0,-1.0,M,Grand Theft of the 2nd Degree,1,0,Fail Register Vehicle,3,Medium,1
Male,Less than 25,Hispanic,0,0,0,0.0,-1.0,F,Aggrav Child Abuse-Causes Harm,1,1,Retaliate Wit/Vict No Injury,0,High,1
Male,Less than 25,Hispanic,0,1,0,16.297458654478554,-1.0,F,Driving While License Revoked,1,0,Driving License Suspended,18,High,1
Male,Less than 25,African-American,0,1,0,1.0,0.0,M,Battery,0,0,,1,Medium,0
Female,25 - 45,Native American,0,0,0,5.0,-1.0,F,Possession of Cocaine,0,0,,5,Medium,0
Male,Less than 25,Hispanic,0,0,0,1.0,-1.0,F,Aggravated Assault,0,0,,1,Low,0
Female,Less than 25,Other,0,0,0,0.0,-1.0,F,Uttering a Forged Instrument,1,0,Possess Drug Paraphernalia,0,Low,1
Male,Less than 25,Asian,0,0,1,1.0,-1.0,F,Burglary Conveyance Unoccup,1,0,Resist Merchant W Or W/O Viol,1,Medium,1
Male,Greater than 45,African-American,0,0,0,0.0,-1.0,F,Susp Drivers Lic 1st Offense,0,0,,0,Medium,0
Male,25 - 45,Asian,0,0,0,4.0,0.0,M,Battery,1,0,Crim Use of Personal ID Info,4,Low,1
Male,Less than 25,African-American,0,0,0,14.0,-1.0,F,Driving License Suspended,1,0,Possess Cannabis/20 Grams Or Less,14,Medium,1
Male,25 - 45,African-American,0,0,0,22.0,-1.0,F,Felony Driving While Lic Suspd,1,0,Deliver Cocaine,22,Medium,1
Male,25 - 45,Other,0,0,0,1.0,-1.0,F,Kidnapping / Domestic Violence,0,0,,1,Medium,0
Male,Less than 25,Hispanic,0,0,0,1.0,0.0,F,arrest case no charge,0,0,,1,Low,0
Male,25 - 45,Asian,0,0,0,0.0,-1.0,F,Grand Theft (Motor Vehicle),0,0,,0,Low,0
Female,25 - 45,Native American,0,0,0,0.0,-1.0,F,Petit Theft,1,0,,0,Low,1
Female,Less than 25,Asian,0,0,0,1.0,-1.0,F,Crimin Mischief Damage $1000+,1,1,Resist Officer w/Violence,1,Low,1
Male,Less than 25,African-American,0,0,0,0.0,-1.0,M,Driving Under The Influence,0,0,,0,Low,0
Male,25 - 45,African-American,0,3,1,6.0,-1.0,M,Trespass Property w/Dang Weap,0,0,,6,Medium,0
Male,Less than 25,Caucasian,0,0,0,2.0,-1.0,F,arrest case no charge,1,0,Unnatural/Lascivious Act,2,Low,1
Male,Less than 25,Caucasian,0,0,0,0.0,-1.0,M,Armed Trafficking in Cannabis,1,0,Susp Drivers Lic 1st Offense,0,Low,1
Male,25 - 45,African-American,0,0,0,0.0,0.0,F,Attempted Robbery  Weapon,0,0,,0,Medium,0
Male,25 - 45,Other,0,0,0,1.0,0.0,M,Tresspass in Structure or Conveyance,0,0,,1,Medium,0
Male,25 - 45,Caucasian,0,0,0,0.0,-1.0,F,Driving Under The Influence,0,0,,0,Low,0
Male,25 - 45,Caucasian,0,0,0,3.0,-1.0,F,arrest case no charge,0,0,,3,Low,0
Female,Greater than 45,Other,0,0,0,8.0,0.0,M,Susp Drivers Lic 1st Offense,1,0,Viol Injunct Domestic Violence,8,Low,1
Male,Less than 25,Caucasian,0,0,0,0.0,-1.0,M,Battery,0,0,,0,Low,0
Female,Greater than 45,Caucasian,0,0,0,0.0,-1.0,F,Deliver Cocaine 1000FT Park,0,0,,0,Low,0
Female,Less than 25,Native American,0,0,0,0.0,-1.0,M,Driving License Suspended,1,0,Burglary Dwelling Armed,0,Low,1
Male,Less than 25,African-American,0,0,0,1.0,-11.0,F,Grand Theft (Motor Vehicle),0,0,,1,High,0
Female,25 - 45,Hispanic,0,0,0,4.0,0.0,F,Burglary Conveyance Unoccup,0,0,,4,Low,0
Male,Greater than 45,Other,0,0,0,0.0,-1.0,F,Burglary Conveyance Unoccup,0,0,,0,Low,0
Male,Greater than 45,Caucasian,0,0,0,7.0,-1.0,M,Battery,0,0,,7,Low,0
Male,Greater than 45,Asian,0,0,0,7.0,-1.0,M,arrest case no charge,1,1,Susp Drivers Lic 1st Offense,7,High,1
Female,25 - 45,Asian,0,0,0,5.0,-1.0,F,Driving While License Revoked,1,0,Tampering With Physical Evidence,5,Low,1
Male,25 - 45,Hispanic,0,0,0,6.0,-26.0,F,Fel Drive License Perm Revoke,0,0,,6,Low,0
Male,Greater than 45,Hispanic,0,0,0,0.0,0.0,M,Aggravated Assault,0,0,,0,Low,0
Male,Greater than 45,Native American,0,0,3,3.0,-1.0,F,Possession of Morphine,1,1,Battery,3,High,1
Male,Greater than 45,African-American,0,0,1,1.0,0.0,F,Possession of Cocaine,1,0,,1,Medium,1
Male,25 - 45,Caucasian,0,0,0,3.0,-1.0,F,Kidnapping / Domestic Violence,0,0,,3,Low,0
Female,Less than 25,Asian,0,0,0,6.0,-1.0,F,arrest case no charge,1,1,Battery,6,Medium,1
Male,Greater than 45,Hispanic,0,0,0,3.0,-1.0,F,,1,0,Intoxicating Beverages,3,High,1
Male,Less than 25,Other,0,0,0,0.0,-1.0,F,Driving While License Revoked,0,0,,0,Low,0
Male,Greater than 45,Hispanic,0,0,0,1.0,29.999863410524846,F,Felony Driving While Lic Suspd,1,1,Armed Kidnapping,1,Low,1
Male,25 - 45,Caucasian,0,0,0,1.0,-8.0,F,arrest case no charge,0,0,,1,High,0
Male,Less than 25,Asian,0,0,0,0.0,-1.0,M,Battery,1,0,Battery on a Person Over 65,0,Low,1
Male,Less than 25,Caucasian,0,0,0,2.0,-1.0,M,Burglary Conveyance Unoccup,1,0,,2,Medium,1
Male,Greater than 45,Other,0,0,0,5.0,-1.0,F,arrest case no charge,1,1,Unlaw Use False Name/Identity,5,Medium,1
Female,25 - 45,Hispanic,0,0,0,1.0,1.5026696310712744,F,arrest case no charge,1,0,Susp Drivers Lic 1st Offense,1,Low,1
Female,25 - 45,Caucasian,0,0,0,0.0,0.0,M,Battery,0,0,,0,Medium,0
Male,Less than 25,African-American,0,0,0,2.0,-1.0,M,arrest case no charge,1,0,,2,Medium,0
Female,Less than 25,Asian,0,0,0,2.0,-1.0,F,Grand Theft Dwell Property,1,0,Grand Theft of the 2nd Degree,2,Low,1
Female,Less than 25,Caucasian,0,0,0,1.0,-1.0,F,Possession Of Methamphetamine,1,0,Fail Register Vehicle,1,Low,1
Female,Less than 25,Native American,0,0,0,0.0,0.0,F,Grand Theft (Motor Vehicle),0,0,Grand Theft (Motor Vehicle),0,Low,0
Male,Less than 25,Caucasian,0,0,0,0.0,-4.0,F,Possession of Cannabis,0,0,,0,Low,0
Female,Greater than 45,Asian,0,0,0,0.0,0.0,M,Driving Under The Influence,0,0,,0,Low,0
Male,Greater than 45,African-American,0,0,0,10.0,-3.0,F,Possession of Cocaine,1,0,Possession of Cocaine,10,High,1
Male,Greater than 45,Other,0,0,1,1.0,-1.0,F,Poss Cocaine/Intent To Del/Sel,1,0,Possess Cannabis/20 Grams Or Less,1,Low,1
Female,Less than 25,Asian,0,0,0,0.0,-6.0,M,Poss Of Controlled Substance,0,0,,0,Medium,0
Male,25 - 45,African-American,0,0,0,3.0,0.0,M,Possession of Cannabis,1,0,Fail Obey Driv Lic Restrictions,3,Low,1
Male,25 - 45,Caucasian,0,0,0,0.0,0.0,F,,0,0,,0,Medium,0
Male,25 - 45,African-American,0,0,0,2.0,-1.0,M,Susp Drivers Lic 1st Offense,0,0,,2,Medium,0
Male,25 - 45,Caucasian,0,0,0,0.0,-1.0,F,Possession of Cocaine,1,0,Unlawful Assembly,0,Low,1
Female,25 - 45,African-American,1,0,1,1.0,-1.0,F,arrest case no charge,1,0,Unlawful Assembly,1,High,1
Male,Greater than 45,Asian,0,1,1,8.0,-1.0,F,arrest case no charge,1,0,Possess Cannabis/20 Grams Or Less,8,High,1
Male,25 - 45,Other,0,0,0,1.0,-1.0,F,Poss Oxycodone W/Int/Sell/Del,0,0,,1,Medium,0
Male,25 - 45,Native American,0,3,1,6.0,-1.0,F,Poss Tetrahydrocannabinols,1,0,Burglary Unoccupied Dwelling,6,High,1
Female,Less than 25,Hispanic,0,0,0,7.0,-1.0,F,Felony Battery,0,0,,7,High,0
Female,25 - 45,Caucasian,0,0,0,8.0,-1.0,F,"Poss3,4 Methylenedioxymethcath",1,0,No Wholesale/ Retail Dealer Lic,7,High,1
Male,Less than 25,African-American,0,0,0,3.0,-1.0,F,Poss Cocaine/Intent To Del/Sel,1,0,Disorderly Conduct,3,High,1
Male,Greater than 45,Asian,0,0,3,10.0,0.0,M,Driving License Suspended,1,1,Petit Theft Habitual Offender,10,High,1
Male,25 - 45,Caucasian,0,0,0,2.0,-8.0,F,arrest case no charge,0,0,,2,Low,0
Male,25 - 45,African-American,0,0,0,15.0,-1.0,F,arrest case no charge,1,1,Introduce Contraband Into Jail,15,Medium,1
Female,Less than 25,Caucasian,0,0,0,5.0,-1.0,F,Possession Of Alprazolam,0,0,,5,High,0
Male,25 - 45,African-American,0,0,0,22.0,-1.0,M,arrest case no charge,1,0,Possess Cannabis/20 Grams Or Less,22,High,1
Male,25 - 45,Caucasian,0,0,0,5.0,-1.0,M,Battery,1,1,Burglary Unoccupied Dwelling,5,High,1
Female,Less than 25,African-American,0,0,0,4.0,0.0,M,Driving License Suspended,0,0,,4,Low,0
Male,Less than 25,Asian,0,0,0,1.0,-1.0,F,arrest case no charge,0,0,,1,Low,0
Male,Less than 25,Caucasian,0,0,0,2.0,-2.0,F,Fel Drive License Perm Revoke,0,0,,2,Low,0
Male,Less than 25,Asian,0,0,0,1.0,-22.0,F,arrest case no charge,0,0,,1,Medium,0
Male,Less than 25,Native American,0,0,0,0.0,-1.0,F,"Poss3,4 Methylenedioxymethcath",0,0,,0,Medium,0
Male,25 - 45,Other,0,0,0,13.0,-1.0,F,Possession of Cocaine,0,0,,13,Medium,0
Female,Less than 25,Caucasian,0,0,0,6.0,-1.0,F,Possession of Cocaine,1,0,Possession of Cocaine,6,High,1
Male,Greater than 45,Other,0,0,0,9.0,0.0,M,arrest case no charge,0,0,,9,High,0
Female,Less than 25,Asian,0,0,0,0.0,-1.0,M,Battery,0,0,,0,Low,0
Female,25 - 45,Asian,0,0,0,5.0,0.0,F,Possession of Cocaine,0,0,,5,High,0
Female,25 - 45,Caucasian,0,0,0,0.0,-1.0,F,Possession Of Alprazolam,0,0,,0,Medium,0
Female,Less than 25,African-American,0,0,0,0.0,-1.0,M,Battery,0,0,,0,Low,0
Female,Less than 25,African-American,0,0,0,1.0,-13.0,F,Neglect Child / No Bodily Harm,0,0,,1,Low,0
Female,Greater than 45,African-American,0,0,0,0.0,0.0,M,Battery,1,0,Sale/Del Cocaine Child Care Fac,0,Low,1
Female,Greater than 45,Native American,0,0,0,1.0,-1.0,M,arrest case no charge,0,0,,1,Low,0
Male,25 - 45,Asian,0,0,0,7.0,-1.0,F,Felony Driving While Lic Suspd,1,0,Operating W/O Valid License,7,Medium,1
Female,Less than 25,Other,0,0,0,1.0,-1.0,M,False Ownership Info/Pawn Item,1,0,Battery on a Person Over 65,1,High,1
Female,25 - 45,Other,0,0,0,0.0,0.0,F,Poss Contr Subst W/o Prescript,1,0,Disobey Officer/Fireman,0,Low,1
Female,Greater than 45,Asian,0,0,0,0.0,-1.0,F,Possession of Cocaine,1,0,Fail Register Vehicle,0,Medium,1
Male,Less than 25,Caucasian,0,0,0,1.0,0.0,F,Possession of Cocaine,1,0,Possession of Cocaine,1,Low,0
Female,25 - 45,Native American,0,0,0,5.0,-1.0,F,Driving While License Revoked,0,0,,5,Low,0
Female,25 - 45,Caucasian,0,0,0,5.0,0.0,F,Driving While License Revoked,0,0,,5,Low,0
Male,25 - 45,Other,0,0,0,1.0,0.0,F,Possession of LSD,0,0,,1,Low,0
Male,25 - 45,Other,0,0,0,3.0,-1.0,F,Driving Under The Influence,1,1,Battery,3,Low,1
Male,Less than 25,Hispanic,0,0,0,1.0,-1.0,F,arrest case no charge,0,0,,1,Low,0
Female,Greater than 45,Other,0,0,0,0.0,-1.0,M,Petit Theft,0,0,,0,Medium,0
Male,Less than 25,Native American,0,0,0,5.0,-8.0,F,arrest case no charge,1,0,Fail Register Vehicle,5,Medium,0
Male,25 - 45,Other,0,0,0,1.0,0.0,M,Driving Under The Influence,0,0,,1,Low,0
Female,25 - 45,African-American,0,0,0,2.0,-1.0,F,Grand Theft (Motor Vehicle),0,0,,2,Low,0
Female,25 - 45,Native American,0,0,0,0.0,-1.0,F,Aggrav Battery w/Deadly Weapon,0,0,,0,Medium,0
Male,Less than 25,Hispanic,0,0,0,14.0,-1.0,F,Possession of Cocaine,1,0,Burglary Conveyance Unoccup,14,Medium,1
Female,Greater than 45,Hispanic,0,0,0,3.0,-1.0,M,Poss Contr Subst W/o Prescript,1,0,Burglary Dwelling Armed,3,Low,1
Male,25 - 45,Hispanic,0,0,0,2.0,-1.0,F,arrest case no charge,1,0,Fraud Use/Persnl ID Info/Deceased,2,Medium,1
Female,Greater than 45,African-American,0,0,0,14.0,26.918468386656834,F,arrest case no charge,1,0,Poss of Cocaine W/I/D/S 1000FT Park,14,Medium,1
Female,Less than 25,Native American,0,0,0,10.0,-1.0,F,Driving While License Revoked,1,0,Grand Theft (Motor Vehicle),10,Low,1
Male,Less than 25,African-American,0,0,0,2.0,0.0,F,Poss Contr Subst W/o Prescript,0,0,,2,Low,0
Male,25 - 45,Native American,0,0,0,0.0,-1.0,F,Armed Trafficking in Cannabis,0,0,,0,Low,0
Female,Less than 25,African-American,0,0,0,2.0,-1.0,M,Battery,0,0,,2,Low,0
Male,Less than 25,African-American,0,0,0,1.0,-1.0,F,Fel Drive License Perm Revoke,1,0,Fail Obey Driv Lic Restrictions,1,Medium,1
Female,Less than 25,Native American,0,0,0,0.0,-1.0,F,Sale/Del Cannabis At/Near Scho,0,0,,0,Low,0
Male,25 - 45,Asian,0,0,0,2.0,0.0,F,arrest case no charge,0,0,,2,High,0
Female,Less than 25,Other,1,0,0,27.01043843145711,-1.0,F,arrest case no charge,1,1,Aggravated Battery / Pregnant,27,High,1
Female,Greater than 45,Hispanic,0,0,0,5.0,-1.0,F,arrest case no charge,1,0,Grand Theft of the 2nd Degree,5,Low,1
Female,Greater than 45,Other,0,0,0,1.0,-1.0,F,Possession of Cocaine,1,0,Possess Drug Paraphernalia,1,Low,1
Male,25 - 45,Other,0,0,0,0.0,-1.0,F,Possession Of Methamphetamine,0,0,,0,Low,0
Female,25 - 45,Hispanic,0,0,0,9.0,-1.0,F,Possession of LSD,1,0,Home Invasion Robbery,9,High,1
Male,25 - 45,Hispanic,0,0,0,4.0,-1.0,F,Driving While License Revoked,1,0,Unlawful Assembly,4,Low,1
Female,25 - 45,African-American,0,0,0,0.0,0.0,M,Battery,0,0,,0,Low,0
Male,25 - 45,African-American,0,0,0,9.0,-1.0,F,Possession of Cannabis,0,0,,9,Medium,0
Female,25 - 45,Other,0,0,0,1.0,-1.0,M,Battery,1,0,Susp Drivers Lic 1st Offense,1,Low,1
Male,25 - 45,Caucasian,0,0,0,0.0,-1.0,M,Driving Under The Influence,0,0,,0,Low,0
Female,Greater than 45,Caucasian,0,0,0,3.0,-1.0,F,Poss Contr Subst W/o Prescript,1,0,Possess Cannabis 1000FTSch,3,Low,1
Male,Greater than 45,Native American,0,0,0,0.0,-1.0,F,arrest case no charge,0,0,,0,Low,0
Male,25 - 45,Asian,0,0,0,2.0,-1.0,F,Fel Drive License Perm Revoke,0,0,,2,Medium,0
Male,Less than 25,Caucasian,0,0,0,2.0,-1.0,F,Petit Theft,0,0,,2,Low,0
Male,Less than 25,Native American,0,0,0,0.0,-1.0,M,Sale/Del Cannabis At/Near Scho,0,0,,0,Medium,0
Male,Less than 25,Caucasian,0,0,0,1.0,-1.0,F,Misuse Of 911 Or E911 System,0,0,,1,Low,0
Male,Less than 25,Caucasian,2,0,0,8.0,-1.0,F,arrest case no charge,1,1,Battery,8,Medium,0
Female,25 - 45,African-American,0,0,0,1.0,-4.0,F,arrest case no charge,0,0,,1,Low,0
Female,Greater than 45,Other,0,0,0,5.0,0.0,M,Petit Theft,0,0,,5,Low,0
Female,25 - 45,Caucasian,0,0,0,0.0,-1.0,F,,0,0,,0,Low,0
Male,25 - 45,Asian,0,0,0,1.0,-1.0,F,Poss Contr Subst W/o Prescript,0,0,,1,Low,0
Male,Greater than 45,Hispanic,0,0,0,1.0,-1.0,F,Armed Trafficking in Cannabis,1,0,Viol Injunct Domestic Violence,1,Medium,1
Female,25 - 45,African-American,0,0,0,0.0,-1.0,F,Possession of Cocaine,0,0,,0,Medium,0
Female,25 - 45,Hispanic,0,0,0,5.0,0.0,F,Sale/Del Cannabis At/Near Scho,0,1,Leaving the Scene of Accident,5,Medium,0
Male,25 - 45,African-American,0,0,0,5.0,-1.0,F,Posses/Disply Susp/Revk/Frd DL,0,0,,5,High,0
Female,Less than 25,Hispanic,0,0,0,0.0,-1.0,F,Possession of Cocaine,1,0,,0,Low,0
Female,Less than 25,African-American,0,0,0,0.0,0.0,F,Possession of Cocaine,1,0,Use Lost Or Stolen Credit Card,0,Low,1
Female,Less than 25,Other,0,0,0,0.0,-1.0,F,Neglect Child / No Bodily Harm,1,0,,0,Low,1
Female,Greater than 45,Native American,0,0,0,2.0,-9.482485083928303,F,arrest case no charge,0,0,,2,Medium,0
Male,25 - 45,Caucasian,0,0,0,0.0,-1.0,F,,0,0,,0,Low,0
Male,Greater than 45,Caucasian,0,0,0,5.0,-1.0,M,Driving License Suspended,0,0,,5,Low,0
Female,Greater than 45,African-American,0,0,0,5.0,-1.0,F,arrest case no charge,1,0,Possess Cannabis/20 Grams Or Less,5,Low,1
Female,Greater than 45,Native American,0,0,0,0.0,-1.0,M,Battery,0,0,,0,Medium,0
Female,Less than 25,Caucasian,0,0,0,0.0,0.0,F,Susp Drivers Lic 1st Offense,0,0,,0,Low,0
Female,Less than 25,Other,0,0,0,0.0,-1.0,M,Poss Unlaw Issue Driver Licenc,0,0,,0,Low,0
Male,Less than 25,Hispanic,0,0,0,0.0,-1.0,F,False Ownership Info/Pawn Item,1,0,Harass Witness/Victm/Informnt,0,Low,1
Female,25 - 45,African-American,0,0,0,15.0,-1.0,F,Possession of Cocaine,0,0,Prowling/Loitering,15,High,0
Female,Greater than 45,Caucasian,0,0,0,0.0,-1.0,M,Battery,1,0,,0,Low,0
Male,Greater than 45,Hispanic,0,0,0,1.0,-1.0,M,Battery,0,0,,1,Low,0
Male,Greater than 45,Asian,0,0,0,1.0,-1.0,F,arrest case no charge,0,0,,1,Low,0
Male,Greater than 45,African-American,0,0,0,11.0,-1.0,F,Driving While License Revoked,1,0,Credit Card Theft,10,Medium,0
Female,Less than 25,Other,0,0,0,0.0,-1.0,F,Grand Theft (Motor Vehicle),1,0,Battery on a Person Over 65,0,Low,1
Male,Greater than 45,African-American,0,0,0,0.0,0.0,F,Refuse Submit Blood/Breath Test,0,0,,0,Low,0
Male,Greater than 45,Caucasian,0,0,0,1.0,-1.0,M,Battery,0,0,,1,Medium,0
Male,Less than 25,Other,0,0,0,1.0,-14.0,M,Poss Contr Subst W/o Prescript,0,0,,1,Low,0
Female,Greater than 45,African-American,0,0,0,2.0,-1.0,M,Possession of Cocaine,0,0,,2,Low,0
Male,Less than 25,Native American,0,0,0,0.0,-1.0,F,Aggravated Assault,1,0,,0,High,0
Male,25 - 45,Native American,0,0,0,0.0,-1.0,M,Petit Theft $100- $300,0,0,,0,High,0
Female,25 - 45,Caucasian,0,0,0,0.0,0.0,M,Battery,0,0,,0,Low,0
Male,Less than 25,Native American,0,0,0,7.0,0.0,F,Grand Theft (Motor Vehicle),1,1,Tampering With Physical Evidence,7,High,1
Male,Greater than 45,Asian,0,0,0,3.0,-1.0,M,Battery,1,0,Possess Cannabis/20 Grams Or Less,3,Low,1
Male,Less than 25,Native American,0,0,0,1.0,-1.0,F,Grand Theft Dwell Property,0,0,,1,High,0
Male,25 - 45,Native American,0,0,0,15.0,-4.0,F,Possession of Cocaine,1,0,Home Invasion Robbery,14,High,1
Male,Less than 25,Caucasian,0,0,0,9.0,-1.0,F,Grand Theft (Motor Vehicle),0,0,,9,Medium,1
Male,25 - 45,Asian,0,0,0,4.0,-2.0,F,Possession Of Alprazolam,1,0,Resist/Obstruct W/O Violence,4,Low,1
Male,Greater than 45,Hispanic,0,0,0,0.0,-1.0,F,arrest case no charge,0,0,,0,Low,0
Male,Less than 25,African-American,0,0,0,4.0,-1.0,F,Battery,1,1,Poss Handcuff Key While IC,4,Medium,1
Female,25 - 45,Caucasian,0,0,0,7.0,-1.0,F,arrest case no charge,0,0,,7,High,0
Male,25 - 45,Caucasian,0,0,0,0.0,-3.0,F,Poss Cocaine/Intent To Del/Sel,1,0,Operating W/O Valid License,0,Low,1
Female,Less than 25,Hispanic,0,0,0,0.0,-1.0,M,Battery,1,1,Battery,0,Medium,1
Female,Greater than 45,Native American,0,0,0,0.0,-1.0,M,Poss/Sell/Del/Man Amobarbital,0,0,,0,Low,0
Male,Greater than 45,Native American,0,0,0,6.0,-1.0,F,Uttering a Forged Instrument,1,0,Resist Merchant W Or W/O Viol,6,Low,1
Female,25 - 45,African-American,0,0,0,0.0,-3.0,M,Driving Under The Influence,1,1,Battery,0,Low,1
Female,Greater than 45,Hispanic,0,0,0,2.0,-1.0,M,Battery,1,0,Resist Merchant W Or W/O Viol,2,Low,1
Male,25 - 45,Native American,0,0,0,10.0,-1.0,M,Battery,1,0,Tampering With Physical Evidence,10,Medium,1
Female,25 - 45,African-American,0,0,0,0.0,0.0,M,Reckless Driving,0,0,Burglary Unoccupied Dwelling,0,Low,0
Female,25 - 45,Asian,0,0,0,1.0,-1.0,M,Petit Theft,1,0,Possess Cannabis/20 Grams Or Less,1,Medium,1
Female,25 - 45,Asian,0,3,0,19.0,-1.0,F,Possession of Cocaine,1,0,Reckless Driving,19,High,1
Male,Less than 25,Caucasian,0,0,0,3.0,-1.0,F,Deliver Cocaine 1000FT Park,0,0,,3,Low,0
Male,Greater than 45,Other,0,0,0,0.0,-1.0,F,Possession of Cocaine,1,0,Possess Drug Paraphernalia,0,Low,1
Female,Greater than 45,Asian,0,0,0,0.0,-1.0,M,Aggravated Assault,0,0,,0,Low,0
Female,Greater than 45,African-American,0,0,0,4.0,-1.0,F,Possession of Cocaine,1,0,Operating W/O Valid License,4,High,1
Male,Less than 25,African-American,0,0,0,1.0,-1.0,M,Aggrav Battery w/Deadly Weapon,0,0,,1,Low,0
Male,Less than 25,Asian,0,0,0,2.0,-1.0,F,Att Burgl Unoccupied Dwel,1,0,Fail Obey Driv Lic Restrictions,2,Medium,1
Male,25 - 45,Caucasian,0,0,0,0.0,-1.0,F,Burglary Conveyance Unoccup,1,0,Resist/Obstruct W/O Violence,0,Medium,1
Female,25 - 45,Native American,0,0,0,3.0,0.0,F,arrest case no charge,1,1,Aggravated Battery / Pregnant,3,Low,1
Female,Greater than 45,Caucasian,0,0,0,3.0,-1.0,F,arrest case no charge,0,0,,3,Low,0
Female,Greater than 45,Caucasian,0,0,0,0.0,-4.0,M,Petit Theft,0,0,,0,Low,0
Male,Less than 25,Caucasian,0,0,0,1.0,-1.0,F,Purchase Cannabis,0,0,,1,Medium,0
Male,Less than 25,Asian,0,0,0,3.0,-1.0,F,Oper Motorcycle W/O Valid DL,1,0,Child Abuse,3,Medium,1
Male,Less than 25,Native American,0,0,0,9.0,-1.0,F,Driving While License Revoked,1,0,Crim Use of Personal ID Info,9,Low,1
Male,25 - 45,Caucasian,0,0,0,8.0,-1.0,F,Possession of Cocaine,1,0,Possession of Cocaine,8,Low,0
Male,Greater than 45,Asian,0,0,0,2.0,-1.0,F,Possession Of Alprazolam,1,0,Tampering With Physical Evidence,2,Medium,1
Male,25 - 45,Native American,2,0,0,16.0,-1.0,M,Driving Under The Influence,0,0,,16,Medium,0
Male,Less than 25,Other,0,0,1,1.0,-23.0,F,Possession of Cocaine,0,0,,1,Low,0
Female,Less than 25,Asian,0,0,0,2.0,-1.0,F,Possession of Cocaine,1,0,,2,High,1
Male,Less than 25,Other,0,0,0,1.0,-1.0,M,Battery,0,0,,1,High,0
Male,25 - 45,Other,0,0,0,7.0,-1.0,F,Fel Drive License Perm Revoke,1,0,Open Carrying Of Weapon,7,Medium,1
Female,25 - 45,African-American,0,0,0,10.0,-1.0,F,arrest case no charge,1,0,Possess Cannabis/20 Grams Or Less,10,Medium,1
Male,Greater than 45,Caucasian,0,0,0,1.0,-1.0,F,Burglary Conveyance Unoccup,1,0,Resist/Obstruct W/O Violence,1,Low,1
Female,25 - 45,Caucasian,0,0,0,1.0,-1.0,F,arrest case no charge,0,0,,1,Low,0
Male,Greater than 45,Asian,0,0,0,2.0,-1.0,M,Battery,1,0,,2,Medium,0
Male,Greater than 45,African-American,0,0,0,10.0,-1.0,F,Possession of Cocaine,1,0,Possession of Cocaine,10,High,1
Male,25 - 45,Other,0,0,0,0.0,0.0,M,Viol Injunction Protect Dom Vi,0,0,,0,Low,0
Male,25 - 45,Other,0,0,1,14.0,-1.0,F,Driving While License Revoked,1,0,Grand Theft (Motor Vehicle),14,High,1
Female,25 - 45,Asian,2,0,0,18.0,-1.0,M,Battery,0,0,,18,High,0
Male,Less than 25,Caucasian,0,0,0,0.0,-1.0,F,Battery,1,1,Possess Drug Paraphernalia,0,Low,1
Male,Greater than 45,Asian,0,0,0,0.0,-1.0,F,Crimin Mischief Damage $1000+,0,0,,0,High,0
Male,25 - 45,Native American,0,0,0,0.0,-1.0,M,Battery,0,0,,0,Low,0
Male,25 - 45,Asian,0,0,0,3.0,-1.0,F,Grand Theft (Motor Vehicle),0,0,,3,Medium,0
Male,25 - 45,African-American,0,0,0,4.0,-1.0,F,Possession Of Alprazolam,0,0,,4,Medium,0
Male,Greater than 45,Caucasian,0,0,0,14.0,-11.0,F,arrest case no charge,0,0,,14,Medium,0
Male,25 - 45,Caucasian,0,0,1,9.0,-23.0,M,Grand Theft of the 2nd Degree,1,1,Tampering With Physical Evidence,9,High,1
Female,Less than 25,Native American,0,0,0,0.0,-2.0,M,Petit Theft $100- $300,0,0,,0,Medium,0
Male,25 - 45,Native American,0,0,0,11.0,-1.0,M,arrest case no charge,1,0,Possession of Cocaine,11,High,1
Female,25 - 45,Native American,0,0,0,2.0,-1.0,M,Driving License Suspended,0,0,,2,Medium,1
Male,25 - 45,Other,0,0,0,3.0,0.0,M,Felony DUI (level 3),1,0,Fail Obey Driv Lic Restrictions,3,Medium,1
Male,25 - 45,Caucasian,0,0,0,4.0,0.0,F,Leave Acc/Attend Veh/More $50,1,0,Unlawful Assembly,4,Medium,1
Male,Less than 25,Caucasian,0,0,0,0.0,-1.0,F,Driving While License Revoked,0,0,,0,Low,0
Female,Less than 25,Hispanic,0,0,0,0.0,-1.0,F,Posses/Disply Susp/Revk/Frd DL,1,1,Battery,0,High,1
Female,25 - 45,Caucasian,0,0,0,1.0,-1.0,F,Aggravated Assault,0,0,,1,High,0
Male,25 - 45,Asian,0,0,0,20.0,-1.0,F,Driving While License Revoked,0,0,,19,Medium,0
Male,Less than 25,Other,0,0,0,0.0,-1.0,M,Driving Under The Influence,1,0,Resist/Obstruct W/O Violence,0,Low,1
Female,Greater than 45,Caucasian,0,0,0,1.0,-1.0,M,Petit Theft $100- $300,0,0,,1,Low,0
Female,25 - 45,Asian,0,0,0,0.0,-1.0,F,Aggravated Assault,0,0,,0,Low,0
Male,Greater than 45,Other,0,0,0,1.0,-1.0,M,Battery,1,1,Resist/Obstruct W/O Violence,1,Medium,1
Female,25 - 45,Hispanic,0,0,0,3.0,-1.0,M,Battery,1,0,Crim Use of Personal ID Info,3,Low,1
Male,25 - 45,Native American,0,0,1,2.0,0.0,F,Possession of Cocaine,0,0,,2,Medium,0
Female,25 - 45,Hispanic,0,0,0,0.0,-4.0,F,Possession of Cannabis,1,0,Mandatory Susp Possess Alcohol,0,Low,1
Male,Greater than 45,Native American,0,0,0,0.0,-3.0,F,Poss Oxycodone W/Int/Sell/Del,1,0,Fail Register Vehicle,0,Low,1
Female,25 - 45,Hispanic,0,0,0,1.0,0.0,M,Battery,1,1,Resist Officer w/Violence,1,Medium,1
Female,25 - 45,Caucasian,0,0,0,7.0,-1.0,F,Driving While License Revoked,0,0,,7,Medium,0
Female,Less than 25,Asian,0,0,0,0.0,-1.0,F,Burglary Conveyance Unoccup,0,0,,0,Low,0
Female,Less than 25,Hispanic,0,0,1,0.0,-1.0,F,Deliver Cocaine 1000FT Park,0,0,,0,High,1
Female,Greater than 45,Caucasian,0,0,0,13.0,-1.0,M,Battery,1,0,Crim Use of Personal ID Info,13,High,1
Female,Greater than 45,Asian,0,0,0,1.0,-1.0,M,Battery,0,0,,1,Low,0
Male,Less than 25,Other,0,0,0,0.0,-1.0,F,Aggrav Battery w/Deadly Weapon,1,0,Unlaw Use False Name/Identity,0,High,1
Male,Less than 25,Asian,0,0,0,3.0,0.0,F,Grand Theft (Motor Vehicle),0,0,,3,Medium,0
Female,Less than 25,African-American,0,0,0,1.0,0.0,F,arrest case no charge,1,1,Battery,1,High,0
Male,Less than 25,African-American,0,0,0,0.0,-1.0,M,Battery,0,0,,0,Low,0
Male,Greater than 45,Asian,0,0,0,1.0,-6.600225209074871,F,Petit Theft,1,0,Child Abuse,1,Low,1
Male,Less than 25,Native American,0,0,1,6.0,-1.0,M,Petit Theft,1,0,Trespass,6,Medium,1
Female,25 - 45,Asian,0,0,0,1.0,0.0,M,Driving Under The Influence,0,0,,1,Low,0
Female,Greater than 45,African-American,0,0,0,1.0,-24.001742900538318,M,Driving Under The Influence,0,0,,1,Low,0
Male,25 - 45,African-American,0,0,0,3.0,-1.0,M,Battery,1,0,Disorderly Conduct,3,Medium,1
Female,Less than 25,Other,0,0,0,0.0,-1.0,M,Battery,0,0,,0,Low,0
Male,Less than 25,Caucasian,0,0,1,5.0,-1.0,M,arrest case no charge,1,1,Burglary Dwelling Armed,5,High,1
Male,Greater than 45,African-American,0,0,0,7.0,-1.0,F,Poss Cocaine/Intent To Del/Sel,1,0,Deliver Cocaine,7,Medium,1
Female,25 - 45,Asian,0,0,0,4.0,-1.0,M,Battery,1,0,Possession of Cocaine,4,Low,1
Male,25 - 45,Native American,0,0,0,0.0,-1.0,F,Attempted Robbery  Weapon,1,0,Introduce Contraband Into Jail,0,High,1
Male,Less than 25,African-American,0,0,0,1.0,-1.0,M,Battery,1,0,Susp Drivers Lic 1st Offense,1,Medium,1
Male,Greater than 45,Caucasian,0,0,0,1.0,-4.0,F,Possession of Cocaine,1,0,Operating W/O Valid License,1,Low,1
Male,Less than 25,Other,0,0,0,0.0,-1.0,F,Grand Theft of the 2nd Degree,0,0,,0,Low,0
Female,25 - 45,Caucasian,0,1,0,6.0,-1.0,M,arrest case no charge,1,1,Battery,6,Low,1
Female,Less than 25,Hispanic,0,0,1,3.0,-1.0,F,Carrying Concealed Firearm,1,0,Disobey Officer/Fireman,3,Low,1
Male,Less than 25,African-American,0,0,0,1.0,0.0,F,Possession of Cannabis,0,0,,1,Low,0
Male,Greater than 45,Asian,0,0,0,0.0,0.0,M,Battery,0,0,,0,Low,0
Male,25 - 45,Caucasian,0,0,0,4.0,-1.0,F,Poss Alprazolam W/int Sell/Del,1,0,Resist/Obstruct W/O Violence,4,High,1
Female,Greater than 45,Caucasian,0,0,0,2.0,0.0,F,Possession of Cocaine,1,0,Sale/Del Cocaine Child Care Fac,2,Medium,0
Male,25 - 45,Caucasian,0,0,0,9.0,-1.0,F,Possession of Cocaine,1,0,Fail Register Vehicle,9,Medium,1
Male,Less than 25,Caucasian,0,0,0,1.0,0.0,M,arrest case no charge,1,0,Unlaw Use False Name/Identity,1,Low,1
Female,Less than 25,African-American,0,1,0,1.0,-1.0,F,Operating W/O Valid License,1,0,,1,High,0
Male,25 - 45,African-American,0,0,0,0.0,-3.0,F,arrest case no charge,1,1,Battery,0,Low,1
Male,Greater than 45,Other,0,0,0,2.0,-1.0,M,arrest case no charge,0,0,,2,Low,0
Female,25 - 45,African-American,0,0,0,5.0,0.0,F,arrest case no charge,1,0,Resist/Obstruct W/O Violence,5,Medium,1
Male,Greater than 45,Asian,0,0,0,11.0,-1.0,F,arrest case no charge,0,0,,11,High,0
Female,Less than 25,Asian,0,0,0,6.0,-1.0,F,arrest case no charge,0,0,,6,Low,0
Male,Less than 25,African-American,0,0,0,9.0,0.0,F,Aggrav Child Abuse-Causes Harm,1,1,Resist/Obstruct W/O Violence,9,High,1
Female,Greater than 45,African-American,0,0,0,0.0,0.0,F,Att Burgl Unoccupied Dwel,0,0,,0,Low,0
Female,Greater than 45,Caucasian,0,0,0,1.0,-3.0,M,Leave Acc/Attend Veh/More $50,1,0,,1,Low,0
Female,Less than 25,Caucasian,0,0,0,2.0,0.0,M,Battery,0,0,,2,Low,0
Male,25 - 45,Native American,0,0,0,0.0,-1.0,F,Driving While License Revoked,0,0,,0,Low,0
Male,25 - 45,Other,0,0,0,0.0,-2.0,M,Armed Trafficking in Cannabis,0,0,,0,Medium,0
Male,Greater than 45,African-American,0,0,0,0.0,0.0,F,Battery,0,0,,0,Medium,0
Male,Greater than 45,Asian,0,0,0,4.0,0.0,F,Dealing in Stolen Property,1,1,Resist/Obstruct W/O Violence,4,Medium,1
Male,Greater than 45,Native American,0,0,0,0.0,-1.0,F,"Poss3,4 Methylenedioxymethcath",0,0,,0,Medium,0
Female,25 - 45,African-American,0,0,0,4.0,-1.0,F,Poss Oxycodone W/Int/Sell/Del,1,0,Fail Register Vehicle,4,Medium,1
Female,25 - 45,Caucasian,0,0,0,0.0,0.0,M,Possession Of Methamphetamine,1,0,Operating W/O Valid License,0,Low,1
Male,Less than 25,Caucasian,0,0,0,1.0,0.0,F,arrest case no charge,1,0,,1,Low,0
Male,Greater than 45,Asian,0,0,0,7.0,-1.0,F,Grand Theft of the 2nd Degree,0,0,,7,Medium,0
Female,25 - 45,African-American,0,0,0,2.0,-1.0,F,Aggrav Child Abuse-Causes Harm,1,0,Mandatory Susp Possess Alcohol,2,High,1
Female,25 - 45,Native American,0,0,0,16.0,-2.0,F,Driving While License Revoked,1,0,Grand Theft (Motor Vehicle),16,High,1
Male,Less than 25,African-American,0,0,0,5.0,-1.0,F,Possession of Cocaine,1,0,Possession of Cocaine,5,High,1
Male,25 - 45,Hispanic,0,0,0,1.0,-2.0,M,Kidnapping / Domestic Violence,0,0,Fail Register Vehicle,1,Low,1
Male,Less than 25,Hispanic,0,0,0,0.0,-1.0,F,Poss Oxycodone W/Int/Sell/Del,0,0,,0,Low,0
Male,25 - 45,African-American,0,0,0,4.0,0.0,M,Driving Under The Influence,0,0,,4,Low,1
Female,25 - 45,Caucasian,0,0,1,0.0,-1.0,F,Uttering a Forged Instrument,1,0,Resist/Obstruct W/O Violence,0,Medium,1
Male,Greater than 45,Asian,0,0,0,0.0,0.0,F,Driving While License Revoked,0,0,,0,Low,0
Male,Less than 25,Caucasian,0,0,0,3.0,-1.0,F,Possession of Cocaine,1,0,Aggravated Battery / Pregnant,3,High,1
Female,Less than 25,Other,0,0,0,2.0,0.0,M,Battery,0,0,,2,High,0
Male,Less than 25,African-American,4,0,0,8.0,-1.0,M,Battery,1,1,Fail Obey Driv Lic Restrictions,8,High,1
Female,25 - 45,African-American,0,0,0,1.0,-1.0,F,Felony Driving While Lic Suspd,1,0,Traffick Oxycodone    14g><28g,1,Medium,1
Male,Greater than 45,Hispanic,0,0,0,0.0,0.0,F,"Poss3,4 Methylenedioxymethcath",0,0,,0,Low,0
Female,Less than 25,Asian,0,0,1,6.0,-1.0,M,Agg Assault W/int Com Fel Dome,1,0,Mandatory Susp Possess Alcohol,6,Medium,1
Male,Greater than 45,African-American,0,0,0,0.0,-1.0,M,arrest case no charge,0,0,,0,Low,0
Female,25 - 45,Hispanic,0,0,0,8.0,-1.0,M,Battery,1,0,Reckless Display Of Weapon,8,Low,1
Male,Greater than 45,African-American,0,0,0,20.0,0.0,F,Possession of Cocaine,1,0,Disorderly Conduct,20,Medium,1
Male,Less than 25,Caucasian,0,0,0,4.0,-26.0,F,arrest case no charge,1,1,Battery,4,Low,1
Male,Greater than 45,Other,0,0,0,2.0,-1.0,F,Cruelty to Animals,0,0,,2,Medium,0
Male,Less than 25,Caucasian,0,0,0,0.0,-1.0,F,Grand Theft (Motor Vehicle),1,0,Shoot/Throw Into Vehicle,0,Low,1
Male,Greater than 45,Other,0,0,0,4.0,-1.0,M,Battery,1,1,Trespass,4,Low,1
Female,25 - 45,African-American,0,0,0,3.0,-1.0,F,False Motor Veh Insurance Card,1,0,Shoot/Throw Into Vehicle,3,High,1
Male,Less than 25,Native American,0,0,0,4.0,0.0,F,Possession of Cocaine,0,0,,4,Low,0
Male,Less than 25,Asian,0,0,0,3.0,0.0,F,Possession of Cocaine,1,0,Possession of Cocaine,3,Medium,1
Female,25 - 45,Asian,0,0,0,2.0,-1.0,F,Possession of Cocaine,1,0,Burglary Unoccupied Dwelling,2,High,1
Male,25 - 45,African-American,0,0,0,5.0,-1.0,F,False Ownership Info/Pawn Item,1,0,Possess Cannabis/20 Grams Or Less,5,Low,1
Female,Greater than 45,Caucasian,0,0,0,1.0,-1.0,F,Kidnapping / Domestic Violence,1,0,Tampering With Physical Evidence,1,Medium,1
Female,25 - 45,Caucasian,0,0,0,2.0,-3.0,M,arrest case no charge,0,0,,2,Low,0
Female,Less than 25,Hispanic,0,0,0,0.0,-1.0,F,Poss Alprazolam W/int Sell/Del,0,0,Introduce Contraband Into Jail,0,Medium,0
Male,25 - 45,Caucasian,0,0,0,2.0,-26.0,F,Poss Contr Subst W/o Prescript,0,0,,2,Low,0
Female,Less than 25,Native American,0,0,0,0.0,-1.0,F,Possession of Cocaine,0,0,,0,High,0
Female,25 - 45,Native American,0,0,0,1.0,0.0,F,arrest case no charge,0,0,,1,Low,0
Female,25 - 45,Caucasian,0,0,0,1.0,-1.0,F,Felony Driving While Lic Suspd,0,0,,1,Low,0
Female,Less than 25,Hispanic,0,0,0,2.0,-2.0,M,Petit Theft,1,0,Possession of Cocaine,2,Low,1
Male,25 - 45,African-American,0,0,0,6.0,-1.0,F,Possession of Cocaine,1,0,Possession of Cocaine,6,Medium,1
Female,Less than 25,Native American,0,0,0,3.0,-1.0,M,Battery,0,0,,3,Low,0
Male,25 - 45,African-American,0,0,0,1.0,-1.0,F,Burglary Conveyance Unoccup,1,0,Viol Injunct Domestic Violence,1,Low,0
Female,Less than 25,Native American,0,0,0,3.0,0.0,F,arrest case no charge,0,0,,3,Low,0
Female,25 - 45,Caucasian,0,0,0,0.0,-1.0,F,Possession of Oxycodone,0,0,,0,Low,1
Female,25 - 45,African-American,0,0,0,10.0,-1.0,F,Misuse Of 911 Or E911 System,1,0,Possess Drug Paraphernalia,10,Medium,1
Male,25 - 45,African-American,0,0,0,7.0,20.907607117269407,F,arrest case no charge,1,0,Deliver Cocaine,7,Low,1
Female,25 - 45,African-American,0,0,0,0.0,-1.0,M,Posses/Disply Susp/Revk/Frd DL,0,0,,0,Low,0
Male,Greater than 45,African-American,0,0,0,5.0,-1.0,F,arrest case no charge,1,0,Unlawful Assembly,5,Medium,1
Female,Greater than 45,Other,0,0,0,0.0,-1.0,M,Battery,0,0,,0,Low,0
Male,Less than 25,Other,0,0,0,4.0,-1.0,F,Grand Theft (Motor Vehicle),1,0,Introduce Contraband Into Jail,4,Low,1
Male,Less than 25,African-American,0,0,0,0.0,0.0,M,Possession Of Methamphetamine,1,0,Fail Obey Driv Lic Restrictions,0,Low,1
Female,Less than 25,Asian,0,0,0,0.0,-1.0,M,Battery,1,0,,0,Medium,1
Male,25 - 45,African-American,1,0,0,18.0,-1.0,M,Susp Drivers Lic 1st Offense,1,0,Unlaw Use False Name/Identity,18,High,1
Female,25 - 45,Caucasian,0,0,0,1.0,0.0,F,Possession of Cocaine,0,0,,1,Low,0
Male,Greater than 45,Other,0,0,0,0.0,-1.0,F,Armed Trafficking in Cannabis,0,0,,0,Low,1
Female,25 - 45,Native American,0,0,0,0.0,0.0,M,Battery,0,0,,0,Low,0
Female,25 - 45,Caucasian,0,0,0,0.0,-1.0,M,Assault,0,0,,0,Low,0
Female,Less than 25,African-American,0,0,1,1.0,-1.0,M,Aggravated Battery / Pregnant,1,0,Tampering With Physical Evidence,1,High,1
Male,25 - 45,African-American,0,0,0,3.0,-1.0,F,arrest case no charge,0,0,,3,Low,0
Female,Greater than 45,African-American,0,0,0,5.0,17.267960580305484,F,arrest case no charge,0,0,Resist Merchant W Or W/O Viol,5,Low,0
Male,Greater than 45,Hispanic,0,0,0,1.0,0.0,M,Aggrav Child Abuse-Causes Harm,1,0,Aggravated Battery / Pregnant,1,Low,1
Female,Greater than 45,Other,0,0,0,0.0,-1.0,F,arrest case no charge,0,0,,0,Low,0
Male,Greater than 45,African-American,0,0,0,5.0,-1.0,F,Possession of Cocaine,0,0,,5,Low,0
Female,25 - 45,Hispanic,0,0,0,0.0,0.0,M,Driving Under The Influence,1,0,Susp Drivers Lic 1st Offense,0,Medium,1
Male,Less than 25,Caucasian,0,0,0,1.0,-21.0,F,Possession of Oxycodone,0,0,,1,Low,0
Male,25 - 45,Hispanic,0,0,0,2.0,0.0,M,Aggrav Battery w/Deadly Weapon,1,0,Poss Handcuff Key While IC,2,Low,1
Male,Less than 25,Hispanic,0,0,0,0.0,0.0,F,"Poss3,4 Methylenedioxymethcath",0,0,,0,Low,0
Male,Less than 25,Caucasian,0,3,0,4.0,-1.0,F,Grand Theft (Motor Vehicle),0,0,,4,High,0
Female,Greater than 45,Hispanic,0,0,0,3.0,-1.0,F,Felony Battery w/Prior Convict,0,0,,3,Low,0
Male,25 - 45,Caucasian,0,0,0,5.0,0.0,F,Driving While License Revoked,0,0,,5,Medium,0
Male,Less than 25,Native American,0,0,0,3.0,7.163639907992582,F,Att Burgl Unoccupied Dwel,0,0,,3,High,0
Female,25 - 45,African-American,0,0,0,0.0,-1.0,F,Poss Similitude of Drivers Lic,0,0,,0,Low,0
Female,25 - 45,Other,0,0,0,0.0,-3.0,F,Misuse Of 911 Or E911 System,0,0,,0,Low,0
Male,Less than 25,Other,0,0,0,0.0,-1.0,M,Battery,0,0,,0,Medium,0
Female,25 - 45,Other,0,0,0,26.917567722822444,-8.405062104844845,F,arrest case no charge,0,0,,26,High,0
Female,Less than 25,Caucasian,0,0,0,11.0,0.0,F,False Ownership Info/Pawn Item,1,0,Resist Merchant W Or W/O Viol,11,Medium,1
Male,Less than 25,Caucasian,0,3,1,15.0,-1.0,F,Possession of Benzylpiperazine,1,1,Cash Item w/Intent to Defraud,14,High,1
Female,Greater than 45,Caucasian,0,0,1,18.224643644630376,-1.0,F,Carrying Concealed Firearm,1,0,Petit Theft,18,High,1
Female,25 - 45,African-American,0,0,0,1.0,0.0,F,arrest case no charge,1,0,Operating W/O Valid License,1,High,1
Male,Less than 25,Hispanic,0,0,0,13.0,-1.0,F,Possession of Cocaine,1,0,Trespass,13,Medium,1
Female,Greater than 45,Other,0,0,0,2.0,-1.0,F,Battery,0,0,,2,Medium,0
Male,Less than 25,Caucasian,0,0,0,0.0,0.0,M,Burglary Conveyance Unoccup,0,0,,0,Low,0
Male,25 - 45,Hispanic,0,0,3,1.0,-1.0,F,Possession Of Alprazolam,1,0,Possession of XLR11,1,Medium,1
Male,25 - 45,Hispanic,0,0,0,0.0,0.0,M,Aggrav Child Abuse-Causes Harm,0,0,,0,Low,0
Female,25 - 45,Caucasian,0,0,0,0.0,-1.0,F,Felony Battery,1,0,Possess Cannabis/20 Grams Or Less,0,High,1
Male,25 - 45,African-American,0,0,0,6.0,22.035458421977587,F,Driving While License Revoked,1,0,Susp Drivers Lic 1st Offense,6,High,1
Female,25 - 45,Asian,0,1,3,12.0,-1.0,M,Battery,1,1,Aggravated Assault W/Dead Weap,12,High,1
Male,25 - 45,Caucasian,0,0,0,3.0,-1.0,F,Refuse Submit Blood/Breath Test,1,0,Possess Cannabis/20 Grams Or Less,3,Medium,1
Male,25 - 45,Native American,0,0,1,16.21883054211665,-1.0,F,Traff In Cocaine <400g>150 Kil,1,0,Grand Theft of the 2nd Degree,16,High,1
Male,25 - 45,Native American,0,0,0,1.0,-2.0,M,Kidnapping / Domestic Violence,0,0,,1,Low,0
Female,Greater than 45,Native American,0,0,1,2.0,0.0,F,False Ownership Info/Pawn Item,1,0,Operating W/O Valid License,2,Low,1
Male,Greater than 45,African-American,0,0,0,9.0,-24.0,M,Battery,1,0,Resist Officer w/Violence,9,Low,1
Male,25 - 45,African-American,0,0,0,20.0,-1.0,M,Aggrav Battery w/Deadly Weapon,1,0,Viol Injunct Domestic Violence,20,Low,1
Female,25 - 45,Caucasian,0,0,0,2.0,-1.0,F,Possession of Cocaine,1,0,,2,Low,1
Male,Less than 25,Native American,0,0,0,0.0,-1.0,F,Aggravated Battery / Pregnant,0,0,,0,Low,0
Male,Greater than 45,African-American,0,0,1,12.0,-1.0,F,Felony Driving While Lic Suspd,1,1,Child Abuse,12,High,1
Female,Less than 25,African-American,0,0,0,3.0,-1.0,M,Grand Theft of the 2nd Degree,0,0,,3,Low,0
Male,25 - 45,African-American,0,0,0,0.0,-1.0,F,Possession of Cannabis,0,0,,0,High,0
Female,25 - 45,African-American,0,0,0,10.0,-8.0,F,arrest case no charge,1,0,Tampering With Physical Evidence,10,Medium,1
Male,25 - 45,Native American,0,1,0,3.0,0.0,F,Aggrav Battery w/Deadly Weapon,0,0,,3,Low,0
Female,Less than 25,Native American,0,0,0,0.0,0.0,F,Burglary Conveyance Unoccup,1,0,Possess Cannabis/20 Grams Or Less,0,Medium,1
Male,25 - 45,Other,0,0,0,0.0,-1.0,F,Possession of Cocaine,1,0,,0,Low,1
Female,25 - 45,Native American,0,1,0,9.0,-1.0,M,Driving License Suspended,0,0,,9,Low,0
Male,Less than 25,Asian,0,0,0,0.0,-1.0,F,Petit Theft,1,0,Possess Cannabis/20 Grams Or Less,0,Medium,1
Male,Less than 25,Caucasian,0,0,0,21.000000000000004,0.0,F,Felony Battery w/Prior Convict,1,0,Use Lost Or Stolen Credit Card,20,Medium,1
Female,Less than 25,Asian,0,0,0,0.0,-2.0,F,False Ownership Info/Pawn Item,0,0,,0,Low,0
Male,25 - 45,Hispanic,0,0,0,5.0,-1.0,F,Aggrav Battery w/Deadly Weapon,0,0,,5,Medium,0
Male,25 - 45,Asian,0,1,0,1.0,0.0,F,"Poss3,4 Methylenedioxymethcath",1,0,Possession of Cocaine,1,High,1
Female,25 - 45,Caucasian,0,0,0,2.0,-28.86527470823135,F,arrest case no charge,0,0,,2,Medium,0
Female,Greater than 45,African-American,0,0,0,3.0,-1.0,F,Agg Assault W/int Com Fel Dome,1,0,Possess Cannabis/20 Grams Or Less,3,High,1
Male,Less than 25,Asian,0,0,0,0.0,0.0,M,Battery,0,0,,0,Low,0
Female,25 - 45,African-American,0,0,0,0.0,-1.0,M,,0,0,,0,Low,0
Female,25 - 45,Hispanic,0,0,3,19.0,-1.0,F,Grand Theft Dwell Property,1,0,Susp Drivers Lic 1st Offense,18,High,1
Male,Greater than 45,Asian,1,0,0,6.0,0.0,F,Possession of Cocaine,1,0,Operating W/O Valid License,6,High,1
Male,25 - 45,African-American,0,0,1,0.0,0.0,F,Possession of Cocaine,1,1,Resist Merchant W Or W/O Viol,0,High,1
Female,Less than 25,Caucasian,0,0,0,1.0,-4.0,F,Poss Alprazolam W/int Sell/Del,0,0,,1,Low,0
Male,25 - 45,Asian,0,0,0,16.0,-4.0,F,Poss Oxycodone W/Int/Sell/Del,1,0,Viol Injunct Domestic Violence,16,High,1
Female,25 - 45,Native American,0,0,0,1.0,0.0,M,Battery,0,0,,1,Low,0
Male,Greater than 45,Other,0,0,0,1.0,0.0,F,Aggrav Battery w/Deadly Weapon,1,0,Possess Drug Paraphernalia,1,Medium,1
Female,Greater than 45,Hispanic,0,0,0,1.0,0.0,M,Battery,1,0,Susp Drivers Lic 1st Offense,1,Low,1
Female,25 - 45,African-American,0,0,0,0.0,-1.0,F,Misuse Of 911 Or E911 System,0,0,,0,Medium,1
Female,Greater than 45,African-American,4,0,0,10.0,-1.0,F,arrest case no charge,1,0,Burglary Conveyance Unoccup,10,High,1
Female,25 - 45,African-American,0,0,0,0.0,-1.0,F,Possession of LSD,0,0,,0,Medium,0
Male,25 - 45,Hispanic,0,2,0,7.0,-1.0,F,Possession of Cocaine,1,0,Grand Theft (Motor Vehicle),7,Medium,1
Male,Less than 25,Other,0,0,0,9.0,-1.0,M,Att Burgl Unoccupied Dwel,0,0,,9,Medium,0
Male,Greater than 45,Asian,0,0,0,1.0,0.0,F,"Poss3,4 Methylenedioxymethcath",0,0,,1,Medium,0
Male,Less than 25,Hispanic,0,0,0,1.0,-2.0,M,Cruelty to Animals,0,0,,1,Low,0
Male,Greater than 45,African-American,0,0,2,1.0,-19.0,F,Burglary Conveyance Unoccup,1,0,Operating W/O Valid License,1,Medium,1
Male,Greater than 45,Asian,0,0,0,5.0,-1.0,F,Aggravated Battery / Pregnant,0,0,,5,Medium,0
Male,Less than 25,Other,0,0,0,1.0,-1.0,M,Battery,0,0,,1,Low,0
Male,25 - 45,Caucasian,1,0,1,9.0,-1.0,F,Sale/Del Counterfeit Cont Subs,1,0,Resist/Obstruct W/O Violence,9,High,1
Male,Less than 25,African-American,0,0,0,1.0,0.0,F,Driving While License Revoked,1,0,,1,Low,1
Female,25 - 45,Caucasian,0,0,0,0.0,-3.0,M,Grand Theft of the 2nd Degree,0,0,,0,Low,0
Male,Less than 25,Hispanic,0,0,0,0.0,0.0,M,Battery,0,0,,0,Low,0
Female,25 - 45,African-American,0,0,0,1.0,-1.0,F,arrest case no charge,0,0,,1,Low,0
Female,25 - 45,African-American,0,0,0,1.0,0.0,M,Assault,1,1,Susp Drivers Lic 1st Offense,1,Low,1
Male,Greater than 45,Hispanic,0,0,0,2.0,0.0,M,False Ownership Info/Pawn Item,1,0,Operating W/O Valid License,2,Low,1
Male,Less than 25,African-American,0,0,0,1.0,-4.0,M,Battery,1,0,Disobey Officer/Fireman,1,Medium,1
Male,Less than 25,African-American,0,0,0,8.0,-1.0,F,Felony Battery,1,0,Crim Use of Personal ID Info,8,Medium,1
Male,25 - 45,Other,0,0,0,1.0,0.0,F,Grand Theft of the 2nd Degree,0,0,,1,Medium,0
Female,25 - 45,Other,0,0,0,2.0,0.0,M,Battery,1,1,Battery,2,High,1
Male,Greater than 45,Caucasian,0,0,2,4.0,-1.0,F,Possession of Cannabis,1,0,Possess Cannabis/20 Grams Or Less,4,High,1
Male,Greater than 45,Hispanic,0,0,0,20.0,0.0,F,Driving While License Revoked,1,0,Reckless Display Of Weapon,20,Low,1
Female,Greater than 45,Caucasian,0,0,0,8.0,-1.0,F,Possession of Cannabis,1,0,Possess Cannabis 1000FTSch,8,Medium,1
Male,25 - 45,Hispanic,0,0,1,3.0,-1.0,M,Oper Motorcycle W/O Valid DL,0,0,,3,Medium,0
Male,Greater than 45,Caucasian,0,0,0,2.0,-2.0,F,Possession Of Alprazolam,1,0,Susp Drivers Lic 1st Offense,2,Low,1
Female,25 - 45,Caucasian,0,0,0,5.0,-1.0,M,arrest case no charge,0,0,,5,High,0
Male,25 - 45,Hispanic,0,0,0,0.0,-1.0,M,Battery,0,0,,0,Low,0
Male,Less than 25,Caucasian,0,0,0,2.0,-1.0,F,Burglary Conveyance Unoccup,1,0,Possess Cannabis/20 Grams Or Less,2,High,1
Male,25 - 45,Asian,0,1,0,4.0,0.0,F,arrest case no charge,1,1,Unlaw Use False Name/Identity,4,High,1
Female,Less than 25,African-American,0,0,0,0.0,-1.0,F,arrest case no charge,0,0,,0,Low,0
Male,25 - 45,African-American,0,0,0,0.0,-1.0,F,Grand Theft (Motor Vehicle),1,0,Possess Cannabis/20 Grams Or Less,0,Medium,1
Male,Less than 25,Caucasian,0,0,0,5.0,-1.0,F,Driving While License Revoked,0,0,,5,Low,0
Female,Greater than 45,Caucasian,0,0,0,3.0,-1.0,F,Grand Theft (Motor Vehicle),1,1,Child Abuse,3,High,1
Male,Greater than 45,Asian,0,0,0,0.0,-1.0,M,Possession of Cannabis,1,0,Tampering With Physical Evidence,0,Low,1
Female,Less than 25,Caucasian,0,0,0,0.0,-1.0,M,Battery,0,0,,0,Low,0
Male,Greater than 45,Asian,0,0,0,0.0,-1.0,M,Battery,0,0,,0,Low,0
Male,25 - 45,Asian,0,0,0,2.0,-1.0,F,Felony DUI (level 3),0,0,,2,Low,0
Female,Greater than 45,Asian,0,0,0,0.0,-1.0,F,Driving While License Revoked,0,0,,0,Medium,0
Female,25 - 45,Native American,0,0,0,1.0,-1.0,F,Aggravated Assault,0,0,,1,Low,0
Female,Less than 25,Native American,0,0,0,4.0,-1.0,F,Possession of Cocaine,0,0,Possession of Cocaine,4,Low,0
Female,Greater than 45,Asian,0,0,0,1.0,-22.0,M,Armed Trafficking in Cannabis,0,0,,1,Low,0
Female,Less than 25,Caucasian,0,0,0,0.0,-3.0,M,Petit Theft $100- $300,0,0,,0,Low,0
Male,25 - 45,Hispanic,0,0,0,2.0,-1.0,F,Fraudulent Use of Credit Card,0,0,,2,Low,0
Male,25 - 45,Native American,0,0,0,3.0,0.0,M,Fel Drive License Perm Revoke,0,0,,3,Medium,0
Male,Less than 25,Native American,0,0,0,0.0,-1.0,M,Battery,0,0,,0,Low,0
Male,Less than 25,Native American,0,0,0,5.0,-1.0,F,arrest case no charge,1,0,Susp Drivers Lic 1st Offense,5,Medium,1
Male,Greater than 45,Hispanic,0,0,0,0.0,-1.0,F,Neglect Child / No Bodily Harm,0,0,,0,Medium,0
Male,25 - 45,African-American,0,0,0,3.0,-1.0,F,arrest case no charge,1,0,Open Carrying Of Weapon,3,Medium,1
Male,Less than 25,Asian,0,0,0,20.0,-1.0,F,arrest case no charge,0,0,,19,High,0
Male,25 - 45,Asian,0,0,0,1.0,-1.0,M,Battery,1,1,Battery,1,Low,1
Male,Less than 25,Native American,0,0,0,4.0,-1.0,M,Battery,0,0,,4,Low,0
Male,Less than 25,Caucasian,0,0,0,1.0,-17.814572544256322,M,Petit Theft $100- $300,1,0,Fail Register Vehicle,1,Medium,1
Female,25 - 45,African-American,0,0,0,1.0,-13.0,F,Possession Of Alprazolam,0,0,,1,Low,0
Female,Greater than 45,Caucasian,0,0,0,1.0,-23.0,M,Battery,0,0,,1,Low,0
Female,Less than 25,Hispanic,0,0,0,3.0,-1.0,M,Driving Under The Influence,1,0,Disobey Officer/Fireman,3,Medium,1
Male,Less than 25,African-American,0,0,0,1.0,-1.0,F,Viol Injunction Protect Dom Vi,1,0,Operating W/O Valid License,1,Medium,1
Female,25 - 45,Asian,0,0,1,1.0,-1.0,F,Uttering a Forged Instrument,0,0,,1,Low,0
Male,Greater than 45,Caucasian,0,0,0,0.0,-1.0,M,Oper Motorcycle W/O Valid DL,1,0,Fail Obey Driv Lic Restrictions,0,Low,1
Female,25 - 45,Caucasian,0,0,0,0.0,-1.0,F,Poss Of Controlled Substance,1,0,Unlaw Use False Name/Identity,0,High,1
Female,Less than 25,Caucasian,0,0,0,4.0,-1.0,F,"Poss3,4 Methylenedioxymethcath",1,0,Burglary Dwelling Assault/Batt,4,Medium,1
Male,25 - 45,Native American,0,0,0,22.0,-1.0,F,,1,0,Traffick Oxycodone    14g><28g,22,Medium,1
Female,Greater than 45,Caucasian,0,0,0,3.0,-1.0,M,Neglect Child / No Bodily Harm,0,0,,3,Low,0
Male,Less than 25,Other,0,0,0,8.0,-1.0,F,arrest case no charge,1,1,Fail Obey Driv Lic Restrictions,8,Medium,1
Male,25 - 45,Caucasian,0,0,0,0.0,-1.0,F,Grand Theft (Motor Vehicle),1,0,Harass Witness/Victm/Informnt,0,Low,0
Male,Greater than 45,Caucasian,0,2,0,3.0,-1.0,F,Possession of Cannabis,1,0,Possess Cannabis/20 Grams Or Less,3,High,0
Male,25 - 45,Hispanic,0,0,0,6.0,-1.0,F,Aggravated Battery / Pregnant,1,0,Possess Cannabis/20 Grams Or Less,6,High,1
Male,25 - 45,Caucasian,0,0,0,12.0,-1.0,F,Possession of Cocaine,1,0,Reckless Display Of Weapon,11,Medium,1
Male,Less than 25,Caucasian,0,0,0,0.0,-1.0,F,"Poss3,4 Methylenedioxymethcath",1,0,Susp Drivers Lic 1st Offense,0,Medium,1
Female,25 - 45,Caucasian,0,0,0,1.0,-26.0,M,Petit Theft $100- $300,0,0,,1,Low,0
Male,Less than 25,African-American,0,0,0,10.0,-1.0,F,arrest case no charge,1,0,Susp Drivers Lic 1st Offense,10,Medium,1
Male,25 - 45,Caucasian,0,0,0,0.0,0.0,M,Battery,1,1,Battery,0,Medium,1
Male,25 - 45,Other,0,0,0,0.0,-1.0,F,Uttering a Forged Instrument,0,0,,0,Low,0
Male,Greater than 45,Caucasian,0,0,0,17.0,-1.0,F,arrest case no charge,1,0,Leaving the Scene of Accident,17,Medium,1
Male,Less than 25,African-American,0,0,0,14.0,-1.0,F,Felony Driving While Lic Suspd,1,0,Child Abuse,14,High,1
Male,Greater than 45,Native American,0,0,0,1.0,-4.0,F,Poss Cocaine/Intent To Del/Sel,1,0,Use Lost Or Stolen Credit Card,1,Medium,1
Female,25 - 45,Asian,0,0,1,9.0,-1.0,M,arrest case no charge,1,1,Resist/Obstruct W/O Violence,9,Medium,1
Male,25 - 45,Native American,0,0,0,0.0,-5.0,F,Felony Battery,0,0,,0,Low,0
Male,25 - 45,African-American,0,0,0,0.0,-1.0,M,Driving License Suspended,0,0,,0,Low,0
Male,Greater than 45,Other,0,0,0,4.0,-1.0,F,Driving While License Revoked,0,0,,4,Low,0
Female,Greater than 45,Caucasian,0,0,0,2.0,-1.0,M,Fel Drive License Perm Revoke,0,0,,2,Low,0
Male,Greater than 45,African-American,0,0,0,3.0,0.0,F,"Poss3,4 Methylenedioxymethcath",0,0,,3,Low,0
Male,25 - 45,Other,0,0,0,5.0,0.0,F,Possession of Cocaine,1,0,Trespass Other Struct/Convey,4,Low,1
Female,25 - 45,Asian,0,0,0,0.0,-1.0,F,Possession of Cocaine,0,0,,0,Low,0
Female,Greater than 45,African-American,0,0,0,0.0,-1.0,M,Battery,0,0,,0,Low,0
Male,Greater than 45,Caucasian,0,0,0,0.0,0.0,M,Driving While License Revoked,0,0,,0,Low,0
Male,Greater than 45,African-American,0,0,0,1.0,0.0,F,Aggravated Assault,0,0,,1,Low,0
Female,25 - 45,Hispanic,0,0,0,1.0,0.0,M,Battery,0,0,,1,Low,1
Female,Greater than 45,Hispanic,0,0,0,3.0,-1.0,F,Driving While License Revoked,1,0,Burglary Unoccupied Dwelling,3,Low,1
Male,Less than 25,African-American,0,0,0,4.0,-10.0,F,arrest case no charge,0,0,,4,Low,0
Female,25 - 45,African-American,0,1,0,14.0,28.932709365689803,F,Operating W/O Valid License,1,1,Armed Kidnapping,13,Medium,1
Female,25 - 45,African-American,0,0,2,9.0,-28.0,M,Battery,1,1,Petit Theft,9,Medium,1
Female,Less than 25,African-American,0,1,1,21.000000000000004,-1.0,M,Battery,1,0,Possession of Cannabis,21,High,1
Male,25 - 45,African-American,0,0,0,2.0,0.0,F,arrest case no charge,1,0,Deliver Cocaine,2,Medium,1
Female,25 - 45,African-American,0,1,0,8.0,-1.0,F,Assault,1,0,Possess Drug Paraphernalia,8,Medium,0
Male,25 - 45,Caucasian,0,0,0,0.0,-6.0,M,Petit Theft $100- $300,0,0,,0,High,0
Male,25 - 45,Native American,0,0,0,1.0,-14.692008059430323,F,arrest case no charge,1,0,Operating W/O Valid License,1,Medium,1
Male,Less than 25,Other,0,0,0,7.0,-1.0,F,Driving While License Revoked,1,0,Operating W/O Valid License,7,Low,1
Male,Greater than 45,Caucasian,0,0,0,0.0,-1.0,M,Battery,0,0,,0,Medium,0
Female,25 - 45,Hispanic,0,0,0,0.0,0.0,M,Possession of LSD,0,0,,0,Medium,0
Male,25 - 45,African-American,0,0,0,7.0,-1.0,F,Battery,1,0,Resist/Obstruct W/O Violence,7,Low,1
Male,25 - 45,Other,0,0,0,0.0,-1.0,M,Refuse Submit Blood/Breath Test,0,0,,0,Low,0
Male,Less than 25,Hispanic,0,0,0,0.0,-1.0,F,Possession of LSD,0,0,,0,Low,0
Male,Greater than 45,Other,0,0,0,0.0,0.0,F,Petit Theft $100- $300,0,0,,0,Low,0
Male,Greater than 45,African-American,0,0,0,0.0,0.0,F,Felony Driving While Lic Suspd,0,0,,0,Low,0
Male,Greater than 45,Hispanic,0,1,1,2.0,-1.0,F,Carrying Concealed Firearm,1,0,Attempted Burg/struct/unocc,2,Medium,1
Male,25 - 45,Asian,0,0,0,1.0,-1.0,F,Grand Theft Dwell Property,0,0,,1,High,0
Male,Greater than 45,Hispanic,0,0,0,4.0,-1.0,M,Battery,1,1,Battery,4,Low,1
Female,Less than 25,Hispanic,0,0,1,10.0,-1.0,F,arrest case no charge,1,0,Possess Drug Paraphernalia,10,Medium,0
Male,Greater than 45,African-American,0,0,0,15.0,0.0,F,Felony Driving While Lic Suspd,0,0,,15,High,0
Male,25 - 45,Native American,0,0,0,10.0,-1.0,F,Driving While License Revoked,1,0,Tampering With Physical Evidence,10,High,1
Female,25 - 45,Native American,0,0,0,0.0,-1.0,F,Grand Theft (Motor Vehicle),0,0,,0,High,0
Male,Less than 25,Other,0,0,1,5.0,-19.0,F,Poss Alprazolam W/int Sell/Del,0,0,,5,High,0
Male,25 - 45,African-American,0,0,0,2.0,-1.0,M,Battery,0,0,,2,Low,0
Male,Less than 25,Other,0,0,0,0.0,0.0,M,Battery,1,1,Battery,0,Low,1
Female,25 - 45,Hispanic,0,0,0,2.0,-1.0,F,Possession of Cocaine,1,0,Possession of Cocaine,2,Low,1
Female,Less than 25,African-American,0,0,0,2.0,-1.0,M,Susp Drivers Lic 1st Offense,1,1,Possess Cannabis/20 Grams Or Less,2,Medium,1
Female,Greater than 45,Caucasian,0,0,0,0.0,-1.0,F,Deliver Cocaine 1000FT Park,1,0,Prowling/Loitering,0,Low,0
Male,Less than 25,African-American,0,0,0,3.0,-1.0,M,Battery,1,0,,3,Low,1
Female,25 - 45,Native American,0,0,0,3.0,-1.0,F,Burglary Conveyance Unoccup,1,0,Possess Drug Paraphernalia,3,Low,1
Male,Greater than 45,Asian,0,0,0,0.0,-1.0,F,Possession of Cocaine,1,0,Operating W/O Valid License,0,Medium,1
Female,Less than 25,African-American,0,0,0,0.0,-1.0,F,Reckless Driving,0,0,,0,Medium,0
Female,25 - 45,Native American,0,0,0,2.0,-23.0,F,Grand Theft Dwell Property,0,0,,2,Low,0
Male,25 - 45,Hispanic,0,0,0,0.0,0.0,F,arrest case no charge,0,0,,0,Low,0
Male,Less than 25,Caucasian,0,0,0,0.0,-1.0,M,Battery,0,0,,0,Low,0
Male,Greater than 45,Other,0,0,0,0.0,-1.0,M,arrest case no charge,0,0,,0,Low,0
Male,25 - 45,African-American,0,0,0,22.0,0.0,F,Possession of Cocaine,1,0,Resist/Obstruct W/O Violence,22,High,1
Male,Greater than 45,Native American,0,0,0,0.0,-1.0,M,Battery,0,0,Tampering With Physical Evidence,0,Low,0
Male,Less than 25,Asian,0,0,0,1.0,-1.0,F,arrest case no charge,0,0,,1,Low,0
Male,Greater than 45,Caucasian,0,0,0,0.0,-1.0,F,Burglary Conveyance Unoccup,0,0,,0,Medium,0
Female,Greater than 45,Caucasian,0,0,0,2.0,0.0,F,Possession of Cocaine,0,0,,2,Medium,0
Female,25 - 45,African-American,0,0,0,0.0,-1.0,F,Aggravated Battery / Pregnant,1,0,Resist/Obstruct W/O Violence,0,Low,1
Male,25 - 45,Asian,0,0,0,6.0,16.308375932256965,M,Deliver Cocaine 1000FT Park,1,0,Use Lost Or Stolen Credit Card,6,Low,1
Male,Greater than 45,Other,0,0,0,2.0,-1.0,F,Possession Of Alprazolam,0,0,,2,Low,0
Male,Greater than 45,African-American,0,0,0,0.0,0.0,M,Aggrav Child Abuse-Causes Harm,0,0,,0,Low,0
Female,Less than 25,African-American,0,0,0,0.0,-1.0,M,Battery,1,1,Fraud Use/Persnl ID Info/Deceased,0,High,1
Male,25 - 45,African-American,1,2,0,9.0,-1.0,F,Agg Assault W/int Com Fel Dome,1,0,Resist/Obstruct W/O Violence,9,High,1
Female,Greater than 45,Caucasian,1,0,0,10.0,-1.0,F,Battery on a Person Over 65,1,1,Mandatory Susp Possess Alcohol,10,High,1
Female,25 - 45,African-American,0,0,0,4.0,-1.0,F,Attempted Robbery  Weapon,0,0,,4,Medium,0
Male,Greater than 45,African-American,0,0,0,11.0,-1.0,F,Aggravated Assault,1,0,Tampering With Physical Evidence,11,Low,1
Male,25 - 45,African-American,0,0,0,1.0,-1.0,F,Possession of LSD,1,0,Open Carrying Of Weapon,1,Low,0
Male,Less than 25,Asian,0,0,0,0.0,0.0,F,Felony Battery,0,0,,0,Low,0
Male,Less than 25,Asian,0,0,0,1.0,-1.0,F,arrest case no charge,0,0,,1,Low,0
Female,Greater than 45,Native American,1,0,0,19.0,-1.0,F,Possession of Cocaine,1,0,Possession of Cocaine,19,High,1
Male,Less than 25,Hispanic,0,0,0,3.0,0.0,M,Driving Under The Influence,0,0,,3,Low,0
Male,Greater than 45,African-American,0,0,0,8.0,-1.0,F,Possession of Cocaine,1,0,Possess Cannabis/20 Grams Or Less,8,High,1
Female,Less than 25,Hispanic,0,2,0,17.0,-1.0,F,arrest case no charge,1,0,,17,High,1
Male,Less than 25,Hispanic,1,0,1,2.0,-1.0,F,arrest case no charge,0,0,,2,High,0
Male,25 - 45,African-American,0,0,0,6.0,-1.0,F,arrest case no charge,0,0,,6,Medium,0
Male,Less than 25,African-American,0,0,0,0.0,-1.0,F,Grand Theft of the 2nd Degree,0,0,,0,Low,0
Male,25 - 45,Native American,0,0,1,0.0,-1.0,F,Possession of Cocaine,0,1,Intoxicating Beverages,0,High,1
Male,25 - 45,Asian,0,0,0,0.0,0.0,F,arrest case no charge,0,0,,0,Low,0
Female,25 - 45,Caucasian,0,0,0,0.0,-1.0,M,Battery,0,0,,0,Low,0
Female,25 - 45,Caucasian,0,0,0,0.0,-1.0,F,Poss Unlaw Issue Driver Licenc,1,0,Possess Cannabis/20 Grams Or Less,0,Low,1
Male,25 - 45,African-American,0,0,0,8.0,-1.0,F,Uttering a Forged Instrument,0,0,Unnatural/Lascivious Act,8,Medium,1
Female,25 - 45,Caucasian,0,0,0,0.0,-1.0,F,,0,0,,0,Low,0
Male,25 - 45,Caucasian,0,0,0,0.0,-2.0,M,Battery,1,1,Unlaw Use False Name/Identity,0,Low,1
Male,Less than 25,Hispanic,0,0,0,1.0,-1.0,M,Assault,0,0,,1,Low,0
Female,25 - 45,African-American,0,0,0,8.0,0.0,F,arrest case no charge,0,0,,8,Medium,0
Female,25 - 45,Native American,0,0,0,3.0,-1.0,M,Battery,1,1,Mandatory Susp Possess Alcohol,3,Medium,1
Male,25 - 45,African-American,0,0,0,0.0,-1.0,F,Driving Under The Influence,0,0,,0,High,1
Male,25 - 45,Native American,0,0,1,7.0,-1.0,F,Possession of Morphine,0,0,,7,High,0
Female,25 - 45,Hispanic,0,0,0,2.0,-1.0,F,arrest case no charge,0,0,,2,Low,0
Female,25 - 45,Caucasian,0,0,1,0.0,-1.0,F,arrest case no charge,1,1,Burglary Conveyance Occupied,0,Medium,1
Male,Greater than 45,African-American,0,0,0,1.0,0.0,M,Crimin Mischief Damage $1000+,1,0,Harass Witness/Victm/Informnt,1,Low,1
Female,25 - 45,Asian,0,0,0,0.0,0.0,F,Poss Cocaine/Intent To Del/Sel,0,0,,0,High,0
Male,Greater than 45,Other,0,0,0,2.0,-1.0,F,Neglect Child / No Bodily Harm,0,0,,2,Low,0
Male,25 - 45,African-American,1,0,1,1.0,-1.0,F,arrest case no charge,1,0,Trespass Struct/Convey Occupy,1,Medium,1
Male,Greater than 45,Native American,0,0,0,1.0,-11.0,F,Grand Theft (Motor Vehicle),0,0,Susp Drivers Lic 1st Offense,1,Low,0
Female,25 - 45,Hispanic,0,0,2,0.0,0.0,F,Possession of Cocaine,0,0,,0,Medium,0
Male,Greater than 45,Hispanic,0,0,0,0.0,0.0,M,Deliver Cocaine 1000FT Park,0,0,,0,Low,0
Male,Greater than 45,African-American,0,0,0,1.0,-1.0,F,Felony Battery w/Prior Convict,1,1,Battery,1,Low,1
Male,25 - 45,African-American,0,0,1,10.0,-1.0,F,Sale/Del Cannabis At/Near Scho,1,0,Reckless Display Of Weapon,10,Medium,1
Male,Greater than 45,Asian,0,0,0,0.0,-1.0,M,Battery,0,0,,0,Low,0
Female,Greater than 45,Caucasian,0,1,2,4.0,-1.0,M,Battery,1,0,Grand Theft in the 3rd Degree,4,High,1
Female,Greater than 45,Native American,0,0,0,0.0,0.0,M,Oper Motorcycle W/O Valid DL,0,0,,0,Low,0
Male,25 - 45,Caucasian,1,0,1,12.0,-1.0,M,Escape,1,0,Home Invasion Robbery,12,High,1
Male,25 - 45,Hispanic,0,0,0,0.0,-1.0,M,Battery,1,0,Possess Cannabis/20 Grams Or Less,0,High,1
Male,25 - 45,Native American,0,0,0,4.0,-18.0,M,Del of JWH-250 2-Methox 1-Pentyl,1,1,Battery,4,Medium,1
Male,Less than 25,Asian,0,0,0,0.0,-1.0,M,Battery,1,1,False Ownership Info/Pawn Item,0,Low,1
Male,Less than 25,Caucasian,0,0,0,0.0,-1.0,F,,0,0,,0,Low,0
Male,25 - 45,Asian,0,0,0,3.0,-1.0,F,,1,0,Traffick Oxycodone    14g><28g,3,Low,0
Female,25 - 45,African-American,0,0,0,1.0,-1.0,F,arrest case no charge,0,0,,1,Low,0
Female,Greater than 45,African-American,0,0,0,8.0,-1.0,F,Driving Under The Influence,1,0,Fail Register Vehicle,8,Medium,1
Male,25 - 45,Hispanic,0,0,0,0.0,-1.0,F,arrest case no charge,0,0,,0,Low,0
Male,Greater than 45,Hispanic,0,0,0,1.0,0.0,F,Aggravated Battery / Pregnant,1,1,Resist Merchant W Or W/O Viol,1,Low,1
Male,Less than 25,Other,0,1,0,2.0,-17.0,F,Operating W/O Valid License,1,0,Possess Cannabis/20 Grams Or Less,2,High,1
Female,Greater than 45,Hispanic,0,0,0,1.0,-1.0,F,Driving While License Revoked,0,0,,1,Low,0
Female,Less than 25,Asian,0,0,0,10.0,21.167789285541062,M,arrest case no charge,1,1,Poss of Cocaine W/I/D/S 1000FT Park,10,High,1
Male,25 - 45,Other,0,0,0,0.0,-1.0,F,Poss Alprazolam W/int Sell/Del,0,0,,0,Low,0
Male,25 - 45,Other,0,0,0,0.0,0.0,F,Oper Motorcycle W/O Valid DL,0,0,,0,Low,0
Female,Less than 25,Caucasian,0,0,0,6.0,-1.0,F,Burglary Conveyance Armed,1,0,No Wholesale/ Retail Dealer Lic,6,Medium,1
Female,Greater than 45,African-American,0,0,0,3.0,-1.0,F,Possession Of Alprazolam,0,0,,3,Low,0
Female,Less than 25,African-American,0,0,0,0.0,-2.0,F,Possession of LSD,0,0,,0,Medium,0
Female,25 - 45,Asian,0,0,0,10.0,5.739965999709767,F,Driving While License Revoked,1,0,Resist/Obstruct W/O Violence,10,Medium,1
Male,25 - 45,Hispanic,0,0,0,7.0,0.0,F,arrest case no charge,1,0,Burglary Conveyance Unoccup,7,High,1
Male,Less than 25,Caucasian,0,0,0,7.0,-1.0,M,Battery,1,1,Fraud Use/Persnl ID Info/Deceased,7,High,1
Male,Less than 25,Hispanic,0,0,0,1.0,-1.0,M,Assault,1,1,Battery,1,Medium,0
Male,25 - 45,Asian,0,0,0,0.0,0.0,F,Possession of Cannabis,0,0,,0,Low,0
Male,25 - 45,Asian,0,0,0,0.0,-1.0,F,Poss Similitude of Drivers Lic,1,0,Resist/Obstruct W/O Violence,0,High,1
Male,Greater than 45,African-American,0,0,0,1.0,-1.0,F,Grand Theft (Motor Vehicle),0,0,Unlaw Use False Name/Identity,1,Low,1
Male,Less than 25,Native American,0,1,0,3.0,-1.0,F,arrest case no charge,0,0,,3,Medium,0
Male,Less than 25,Caucasian,0,0,0,2.0,-1.0,F,arrest case no charge,0,0,,2,Low,0
Male,Greater than 45,Native American,0,0,0,1.0,-26.0,M,Battery,0,0,,1,Low,0
Male,Less than 25,Other,0,0,0,0.0,-2.0,M,Driving Under The Influence,0,0,,0,Low,0
Male,Greater than 45,African-American,0,0,0,0.0,-1.0,M,Felony Battery w/Prior Convict,0,0,,0,Low,0
Male,Less than 25,Native American,0,0,0,0.0,-1.0,M,Battery,0,0,,0,High,0
Male,25 - 45,Asian,0,0,0,10.0,-1.0,F,Petit Theft $100- $300,1,0,Burglary Dwelling Armed,10,High,1
Male,Less than 25,African-American,1,0,0,2.0,-1.0,F,arrest case no charge,0,0,,2,Low,0
Male,25 - 45,Asian,1,0,2,8.0,-1.0,F,Possession of Cocaine,1,0,Possess Cannabis/20 Grams Or Less,8,Medium,1
Female,Greater than 45,African-American,0,0,0,23.0,-1.0,M,Leave Acc/Attend Veh/More $50,1,0,Shoot/Throw Into Vehicle,23,High,1
Female,25 - 45,Other,0,0,0,0.0,-1.0,F,Tresspass in Structure or Conveyance,0,0,,0,Low,0
Female,25 - 45,African-American,0,0,0,0.0,0.0,M,Battery,0,0,,0,Medium,0
Female,25 - 45,Hispanic,0,0,0,1.0,0.0,M,Agg Assault W/int Com Fel Dome,0,0,,1,Low,0
Female,Less than 25,Caucasian,0,0,0,0.0,-1.0,F,arrest case no charge,0,0,,0,Low,0
Male,25 - 45,African-American,0,0,0,1.0,-1.0,F,Possession of Cannabis,1,0,Possess Cannabis/20 Grams Or Less,1,Medium,1
Male,25 - 45,Other,0,0,0,0.0,-1.0,M,Poss Oxycodone W/Int/Sell/Del,0,0,,0,Low,0
Male,Greater than 45,Other,0,0,0,0.0,-1.0,F,Possession Of Methamphetamine,0,0,,0,Low,0
Male,25 - 45,Caucasian,0,0,0,9.0,-1.0,F,Att Burgl Unoccupied Dwel,1,0,Resist/Obstruct W/O Violence,9,High,1
Male,Greater than 45,Hispanic,0,0,0,1.0,-1.0,M,Battery,1,1,Battery,1,Low,1
Male,Greater than 45,African-American,0,0,0,4.0,-1.0,F,Felony Driving While Lic Suspd,1,0,Unlaw Use False Name/Identity,4,Medium,1
Female,Less than 25,Asian,0,0,0,17.0,-1.0,M,Poss Alprazolam W/int Sell/Del,0,0,,16,High,0
Male,Greater than 45,Hispanic,0,0,0,3.0,-1.0,F,Sale/Del Cannabis At/Near Scho,0,0,,3,High,0
Male,25 - 45,Caucasian,0,0,0,2.0,-12.0,F,arrest case no charge,1,0,Credit Card Theft,2,Low,1
Male,25 - 45,Caucasian,0,0,0,0.0,0.0,M,Battery,0,0,,0,Low,0
Male,25 - 45,Other,0,0,0,1.0,-1.0,F,arrest case no charge,0,0,,1,Low,0
Male,Less than 25,African-American,0,0,0,3.0,-17.0,M,Battery,1,1,Resist Officer w/Violence,3,Low,1
Female,25 - 45,African-American,0,0,0,28.610497760336294,-1.0,F,Felony Driving While Lic Suspd,1,0,Leaving the Scene of Accident,28,Medium,1
Male,Less than 25,Native American,0,0,0,0.0,-4.0,F,arrest case no charge,0,0,,0,Low,0
Male,Less than 25,Other,0,0,0,3.0,0.0,M,Battery,1,1,Harass Witness/Victm/Informnt,3,Medium,1
Male,25 - 45,Native American,0,0,0,1.0,-3.0,F,Possession of Cocaine,1,0,,1,Low,0
Male,25 - 45,African-American,0,0,0,0.0,-6.602244169914595,M,Felony Driving While Lic Suspd,1,0,Grand Theft of the 2nd Degree,0,Low,1
Female,Greater than 45,African-American,0,0,0,0.0,0.0,M,Burglary Conveyance Unoccup,0,0,,0,High,0
Female,25 - 45,Native American,0,0,0,0.0,-1.0,M,Battery,0,0,,0,Low,0
Male,25 - 45,African-American,0,0,0,0.0,-1.0,M,Battery,1,0,Possess Cannabis/20 Grams Or Less,0,Low,1
Male,Greater than 45,Caucasian,0,0,0,2.0,-1.0,M,Battery,0,0,,2,Medium,0
Male,Greater than 45,African-American,0,0,0,4.0,-1.0,M,Assault,1,0,Poss of Cocaine W/I/D/S 1000FT Park,4,Low,1
Male,Greater than 45,Caucasian,0,0,0,4.0,0.0,M,Battery,0,0,,4,Medium,0
Female,25 - 45,Caucasian,0,0,0,0.0,-1.0,M,Battery,0,0,,0,High,0
Male,25 - 45,Other,0,0,0,11.0,0.0,F,Felony Driving While Lic Suspd,1,0,Possess Drug Paraphernalia,11,Medium,1
Female,Greater than 45,African-American,0,0,0,3.0,-1.0,M,Driving License Suspended,0,0,,3,Medium,0
Female,25 - 45,Hispanic,0,0,0,0.0,-1.0,M,Battery,1,0,Possess Cannabis/20 Grams Or Less,0,Low,1
Female,Less than 25,Caucasian,0,0,0,0.0,-1.0,F,Deliver Cocaine 1000FT Park,1,0,Unnatural/Lascivious Act,0,High,1
Female,Greater than 45,Caucasian,0,0,0,0.0,-1.0,F,Possession of Oxycodone,1,0,Viol Injunct Domestic Violence,0,Medium,1
Male,25 - 45,Caucasian,0,0,0,0.0,-1.0,M,Driving Under The Influence,0,0,,0,Low,0
Male,25 - 45,African-American,0,0,0,28.141005315783175,0.0,F,Possession of Cocaine,1,1,Resist/Obstruct W/O Violence,28,High,1
Male,25 - 45,Other,0,0,0,0.0,-1.0,F,Possession of LSD,0,0,,0,Low,0
Male,Greater than 45,Caucasian,0,0,0,5.0,-1.0,M,Poss Cocaine/Intent To Del/Sel,0,0,,5,Medium,0
Male,25 - 45,Native American,0,0,0,0.0,0.0,M,Battery,1,0,Possession of Cocaine,0,Low,1
Female,Greater than 45,Hispanic,0,0,0,1.0,-1.0,M,Battery,1,1,Unlaw Use False Name/Identity,1,Low,1
Male,25 - 45,Native American,0,0,0,7.0,-1.0,F,Possession of Cocaine,1,0,Tampering With Physical Evidence,7,Low,0
Male,25 - 45,Asian,0,0,0,0.0,0.0,F,Oper Motorcycle W/O Valid DL,1,0,Unlaw Use False Name/Identity,0,Medium,1
Female,Greater than 45,Hispanic,0,0,0,1.0,-1.0,M,Battery,1,0,Crim Use of Personal ID Info,1,Low,1
Male,Less than 25,African-American,0,0,0,5.0,0.0,F,arrest case no charge,0,0,,5,Medium,0
Male,25 - 45,Hispanic,0,0,0,2.0,-1.0,F,Kidnapping / Domestic Violence,1,1,Burglary Unoccupied Dwelling,2,Low,1
Male,Less than 25,Hispanic,0,0,1,3.0,19.234314012159203,F,arrest case no charge,1,0,Fail Register Vehicle,3,Medium,1
Male,Less than 25,Native American,0,0,0,0.0,0.0,M,Battery,0,0,,0,Medium,0
Male,25 - 45,Hispanic,0,0,0,4.0,-1.0,F,Kidnapping / Domestic Violence,1,1,Possess Cannabis/20 Grams Or Less,4,High,1
Male,25 - 45,Caucasian,0,0,1,1.0,-1.0,F,arrest case no charge,1,0,Shoot/Throw Into Vehicle,1,Medium,1
Male,25 - 45,Asian,0,0,0,0.0,-1.0,M,Battery,1,0,Operating W/O Valid License,0,Medium,0
Male,Greater than 45,Other,0,0,0,0.0,-1.0,F,Poss Similitude of Drivers Lic,1,0,Child Abuse,0,Medium,1
Female,Greater than 45,African-American,0,0,0,3.0,0.0,F,arrest case no charge,1,0,Prowling/Loitering,3,Medium,1
Female,25 - 45,African-American,0,0,0,9.081819908373344,-28.0,F,arrest case no charge,1,0,Grand Theft (Motor Vehicle),10,Medium,1
Female,Less than 25,Asian,1,0,0,6.0,-1.0,F,arrest case no charge,0,0,Unlaw Use False Name/Identity,6,High,1
Male,Greater than 45,Hispanic,0,0,0,2.0,-1.0,M,Battery,1,0,Crim Use of Personal ID Info,2,Low,1
Female,Less than 25,Hispanic,0,0,0,2.0,0.0,F,Driving While License Revoked,1,0,,2,Medium,1
Male,Greater than 45,African-American,0,0,0,1.0,-1.0,F,Poss Contr Subst W/o Prescript,1,1,Resist/Obstruct W/O Violence,1,High,1
Female,Greater than 45,Native American,0,0,0,1.0,-1.0,F,Poss Contr Subst W/o Prescript,1,0,Operating W/O Valid License,1,Low,1
Male,Greater than 45,Asian,0,0,0,4.0,-1.0,F,Poss Contr Subst W/o Prescript,1,0,Shoot/Throw Into Vehicle,4,Low,1
Male,Less than 25,African-American,0,0,0,0.0,0.0,M,Battery,1,1,Burglary Conveyance Occupied,0,Low,1
Male,25 - 45,African-American,0,0,0,0.0,0.0,F,Possession of Cocaine,0,0,,0,Low,1
Male,25 - 45,Asian,0,0,1,3.0,25.520325301705334,F,Poss/Sell/Del/Man Amobarbital,1,0,Home Invasion Robbery,3,High,1
Male,Greater than 45,Native American,1,3,0,17.0,27.45305282378957,M,Poss/Sell/Del Cocaine 1000FT Sch,1,1,Possession Of Clonazepam,16,High,1
Male,Less than 25,Other,0,0,1,13.0,-2.0,M,Grand Theft of the 2nd Degree,1,0,Tampering With Physical Evidence,12,Medium,1
Female,Greater than 45,Asian,0,0,0,1.0,-1.0,M,Battery,1,1,Aggrav Child Abuse-Agg Battery,1,High,1
Male,25 - 45,Asian,0,0,0,1.0,0.0,F,,1,0,Unnatural/Lascivious Act,1,Medium,1
Female,Greater than 45,Asian,0,0,1,2.0,-1.0,F,Aggrav Child Abuse-Causes Harm,1,1,Trespass Structure/Conveyance,2,Medium,1
Male,Greater than 45,African-American,0,0,0,1.0,-10.217412486630419,F,Battery,0,0,,1,Low,0
Female,Less than 25,Asian,0,0,1,2.0,-1.0,M,Battery,1,0,Use Lost Or Stolen Credit Card,2,Low,0
Male,Greater than 45,Native American,0,0,1,1.0,-1.0,F,arrest case no charge,1,0,Possess Cannabis/20 Grams Or Less,1,Medium,1
Male,25 - 45,African-American,0,0,0,0.0,-1.0,M,Battery,1,1,Resist/Obstruct W/O Violence,0,Low,1
Female,25 - 45,Asian,0,1,2,1.0,-1.0,F,Burglary Conveyance Unoccup,0,0,,1,High,0
Male,25 - 45,African-American,0,0,0,5.0,0.0,F,Felony Driving While Lic Suspd,0,0,,5,Low,0
Male,25 - 45,Caucasian,0,0,0,0.0,0.0,F,Grand Theft (Motor Vehicle),0,0,,0,Low,0
Female,Greater than 45,Asian,0,0,0,1.0,-1.0,M,Fraudulent Use of Credit Card,0,0,,1,Low,0
Male,25 - 45,African-American,0,0,0,0.0,0.0,F,Fraudulent Use of Credit Card,0,0,,0,Medium,0
Female,Less than 25,Hispanic,0,0,0,7.0,-1.0,F,Felony Driving While Lic Suspd,0,0,,7,Low,0
Female,Less than 25,Caucasian,0,0,0,1.0,-1.0,F,Aggrav Battery w/Deadly Weapon,0,0,,1,Low,0
Male,Less than 25,Native American,0,0,0,1.0,-1.0,M,Armed Trafficking in Cannabis,1,0,Introduce Contraband Into Jail,1,Medium,1
Male,25 - 45,Native American,0,0,0,0.0,-1.0,F,Uttering a Forged Instrument,1,0,Drinking Alch Beverage In Open,0,Low,1
Male,Less than 25,Other,0,0,0,1.0,0.0,M,Battery,1,0,Open Carrying Of Weapon,1,Low,1
Female,25 - 45,Other,0,0,0,0.0,-1.0,F,Posses/Disply Susp/Revk/Frd DL,0,0,,0,Low,0
Male,25 - 45,African-American,0,0,0,5.0,-1.0,F,Driving While License Revoked,1,0,Home Invasion Robbery,5,High,1
Male,Greater than 45,Other,0,0,0,0.0,0.0,M,Driving Under The Influence,0,0,,0,Low,0
Female,Less than 25,Hispanic,0,0,0,14.111385722597031,-9.62907844997076,F,Driving While License Revoked,0,0,,15,Medium,0
Male,Less than 25,Hispanic,0,0,0,0.0,0.0,M,Driving Under The Influence,0,0,,0,Low,0
Male,Less than 25,Caucasian,0,0,0,0.0,0.0,M,Viol Injunction Protect Dom Vi,0,0,,0,Medium,0
Female,Greater than 45,Caucasian,0,0,0,1.0,-1.0,F,arrest case no charge,0,0,,1,Medium,0
Male,Greater than 45,African-American,0,0,3,0.0,0.0,F,Poss Contr Subst W/o Prescript,1,0,Possess Cannabis/20 Grams Or Less,0,Low,1
Male,Less than 25,Hispanic,0,0,0,2.0,-9.072742827031657,F,Burglary Conveyance Armed,1,0,Traffick Oxycodone    14g><28g,2,Low,1
Female,25 - 45,Other,1,0,0,6.0,-1.0,F,Possession of Morphine,1,0,Resist/Obstruct W/O Violence,6,High,1
Female,Less than 25,Hispanic,0,0,0,0.0,-1.0,F,Petit Theft $100- $300,1,0,Susp Drivers Lic 1st Offense,0,Low,1
Female,25 - 45,Other,0,0,0,0.0,0.0,M,Battery,1,0,Intoxicating Beverages,0,Low,1
Female,Less than 25,Hispanic,0,1,0,2.0,-1.0,F,Possession of Cannabis,0,0,,2,High,1
Female,25 - 45,African-American,0,0,0,1.0,0.0,F,Grand Theft of the 2nd Degree,0,0,,1,Medium,0
Female,Greater than 45,African-American,0,0,0,1.0,0.0,M,Posses/Disply Susp/Revk/Frd DL,1,0,Susp Drivers Lic 1st Offense,1,Low,0
Male,25 - 45,African-American,0,0,0,4.0,-1.0,F,Battery,1,1,Battery,4,Low,1
Female,Greater than 45,Other,0,0,0,12.0,-1.0,F,Poss Alprazolam W/int Sell/Del,0,0,,12,Medium,0
Male,25 - 45,Caucasian,0,3,0,3.0,-1.0,M,Assault,1,0,Resist Officer w/Violence,3,High,1
Male,25 - 45,African-American,0,0,0,4.0,-9.276174940806392,M,Battery,1,0,Tampering With Physical Evidence,4,Medium,1
Male,25 - 45,Caucasian,0,0,0,5.0,-1.0,M,Battery,1,0,Possess Cannabis/20 Grams Or Less,5,Medium,1
Female,25 - 45,African-American,0,0,0,3.0,-1.0,F,Driving While License Revoked,1,0,Possess Drug Paraphernalia,3,Low,1
Female,Less than 25,Other,0,0,0,0.0,-1.0,F,Driving Under The Influence,1,0,Resist/Obstruct W/O Violence,0,Low,1
Female,25 - 45,Other,0,0,0,21.647983939429334,-1.0,M,Possession of Cocaine,1,0,Harass Witness/Victm/Informnt,21,High,1
Female,Less than 25,Caucasian,0,0,0,3.0,-1.0,F,Aggravated Battery / Pregnant,0,0,,3,Low,0
Male,Greater than 45,Native American,0,0,0,0.0,0.0,F,Battery,0,0,,0,Low,0
Male,25 - 45,Caucasian,0,0,1,19.0,-1.0,F,Possession of Cocaine,1,0,Tampering With Physical Evidence,19,High,1
Female,25 - 45,Native American,0,0,0,7.0,0.0,F,arrest case no charge,0,0,,7,Low,0
Female,Less than 25,African-American,0,0,0,3.0,-1.0,F,Poss Unlaw Issue Driver Licenc,0,0,,3,Medium,0
Female,Less than 25,Caucasian,0,0,0,0.0,-2.0,F,Attempted Robbery  Weapon,0,0,,0,Low,0
Male,Less than 25,African-American,0,0,0,0.0,-1.0,F,Fel Drive License Perm Revoke,1,0,Operating W/O Valid License,0,High,1
Male,Less than 25,African-American,0,0,0,5.0,0.0,M,Battery,1,0,Susp Drivers Lic 1st Offense,5,Medium,1
Female,Less than 25,Native American,0,0,0,1.0,-1.0,M,Sale/Del Cannabis At/Near Scho,0,0,,1,Low,0
Male,Greater than 45,Caucasian,0,11,2,28.01935479646288,-1.0,F,DUI Level 0.15 Or Minor In Veh,1,0,Operating W/O Valid License,27,High,1
Male,25 - 45,Native American,0,1,0,3.0,-2.0,M,Battery,0,0,,3,High,0
Female,Less than 25,Caucasian,0,0,0,1.0,-24.0,F,Possession of Oxycodone,1,0,Unlaw Malic Strike K9/Horses,1,Low,1
Male,Less than 25,African-American,0,0,0,1.0,-1.0,F,arrest case no charge,0,0,Sale/Del Cocaine Child Care Fac,1,Low,1
Male,Greater than 45,Hispanic,0,0,0,12.0,0.0,F,Burglary Conveyance Armed,0,0,,11,Medium,0
Female,Greater than 45,African-American,0,0,0,1.0,-8.0,F,Crimin Mischief Damage $1000+,0,0,,1,Low,0
Female,Greater than 45,Caucasian,0,0,0,0.0,-1.0,M,Poss/Sell/Del/Man Amobarbital,1,0,Unlawful Assembly,0,Medium,1
Female,Greater than 45,African-American,0,0,0,2.0,-1.0,F,arrest case no charge,0,0,,2,Medium,0
Male,Greater than 45,Other,0,0,0,2.0,0.0,M,Grand Theft of the 2nd Degree,0,0,,2,High,0
Male,Greater than 45,Native American,0,0,0,1.0,-1.0,F,Reckless Driving,0,0,,1,Low,0
Male,Greater than 45,Other,0,0,0,2.0,-2.0,M,Battery,0,0,,2,Low,0
Female,25 - 45,Other,1,0,0,11.0,-1.0,F,Possession of Cocaine,0,0,,11,Low,0
Male,25 - 45,Caucasian,0,0,0,0.0,-1.0,M,Poss Cocaine/Intent To Del/Sel,1,0,Possess Cannabis/20 Grams Or Less,0,Low,1
Male,Greater than 45,Native American,0,0,0,1.0,-1.0,F,Possession of Cocaine,1,1,Resist Officer w/Violence,1,High,1
Female,Less than 25,Caucasian,0,0,0,9.0,-1.0,M,Susp Drivers Lic 1st Offense,1,0,Possess Drug Paraphernalia,9,High,1
Male,25 - 45,African-American,0,0,0,0.0,0.0,F,"Poss3,4 Methylenedioxymethcath",0,0,,0,Low,0
Female,Less than 25,African-American,0,0,0,3.0,-1.0,M,arrest case no charge,1,0,Susp Drivers Lic 1st Offense,3,Low,1
Female,25 - 45,Caucasian,0,0,0,4.0,-1.0,F,Grand Theft Dwell Property,1,0,Burglary Dwelling Armed,4,Low,1
Female,25 - 45,Native American,0,0,0,0.0,-2.0,F,Poss Contr Subst W/o Prescript,0,0,,0,Low,0
Female,25 - 45,African-American,0,0,0,0.0,0.0,M,Felony Battery w/Prior Convict,0,0,,0,Medium,0
Female,25 - 45,Other,0,0,0,1.0,-1.0,F,Aggrav Battery w/Deadly Weapon,1,1,Possess Drug Paraphernalia,1,Medium,1
Male,Greater than 45,Native American,0,0,0,2.0,0.0,M,Driving Under The Influence,1,0,No Wholesale/ Retail Dealer Lic,2,Low,1
Male,25 - 45,Asian,0,0,0,1.0,-3.0,F,arrest case no charge,0,0,,1,Low,0
Male,25 - 45,African-American,0,0,0,0.0,-1.0,M,Battery,0,0,,0,Medium,0
Female,Less than 25,African-American,0,0,0,2.0,-1.0,M,Battery,0,0,,2,Low,0
Male,Less than 25,Caucasian,0,0,0,0.0,-1.0,F,Battery,0,0,Resist/Obstruct W/O Violence,0,High,1
Female,25 - 45,Other,0,0,0,0.0,0.0,M,Poss Similitude of Drivers Lic,0,0,,0,Low,0
Female,Greater than 45,Asian,0,0,0,0.0,-1.0,F,Aggravated Battery / Pregnant,0,0,,0,Low,0
Male,Greater than 45,Hispanic,0,0,0,0.0,-1.0,M,Battery,1,0,Burglary Conveyance Unoccup,0,Low,1
Male,25 - 45,Native American,0,0,0,7.0,-1.0,F,Driving While License Revoked,1,0,Grand Theft (Motor Vehicle),7,Low,0
Female,Less than 25,Caucasian,0,0,0,0.0,-1.0,F,Poss/Sell/Del/Man Amobarbital,0,0,,0,Medium,0
Male,25 - 45,Asian,0,0,0,0.0,-1.0,F,Aggravated Battery / Pregnant,0,0,,0,Low,0
Female,25 - 45,Caucasian,0,0,0,1.0,-1.0,M,Driving Under The Influence,0,0,,1,Low,0
Male,Less than 25,African-American,0,0,0,3.0,-1.0,F,Possession of LSD,1,0,Possess Cannabis/20 Grams Or Less,3,High,1
Male,Less than 25,Caucasian,0,0,0,0.0,-4.0,M,Leave Acc/Attend Veh/More $50,1,0,Possess Cannabis 1000FTSch,0,Low,1
Male,Greater than 45,Other,0,0,0,1.0,-1.0,M,Battery,0,0,,1,Low,0
Male,Less than 25,Hispanic,0,0,0,1.0,0.0,M,Poss Similitude of Drivers Lic,1,0,,1,Medium,0
Male,Less than 25,Hispanic,0,0,0,2.0,-1.0,F,arrest case no charge,0,0,,2,Low,0
Male,Less than 25,Caucasian,0,0,0,4.0,-1.0,F,Aggravated Battery / Pregnant,1,0,Unlaw Use False Name/Identity,4,High,1
Female,Greater than 45,Other,0,0,3,12.0,0.0,F,Possession Of Alprazolam,1,1,Poss Handcuff Key While IC,12,Medium,1
Male,25 - 45,Hispanic,0,0,0,6.0,-1.0,F,arrest case no charge,0,0,,6,Medium,0
Female,25 - 45,Hispanic,0,0,0,1.0,-6.0,F,Burglary Conveyance Unoccup,1,0,Possess Cannabis/20 Grams Or Less,1,Low,1
Male,Greater than 45,Hispanic,0,0,0,5.0,-19.158156912776903,M,Leave Acc/Attend Veh/More $50,1,0,Tampering With Physical Evidence,5,High,1
Male,Less than 25,Other,0,0,0,1.0,-1.0,F,Attempted Robbery  Weapon,1,0,Introduce Contraband Into Jail,1,Medium,1
Female,Less than 25,African-American,0,0,0,4.0,-1.0,M,Aggrav Battery w/Deadly Weapon,1,1,Tampering With Physical Evidence,4,Medium,1
Male,25 - 45,Asian,0,0,0,0.0,-1.0,M,Battery,0,0,,0,Low,0
Male,Less than 25,African-American,0,0,0,3.0,0.0,F,Poss Oxycodone W/Int/Sell/Del,0,0,,3,Low,0
Male,Greater than 45,Native American,0,0,0,14.0,-1.0,F,Purchase Cannabis,0,0,,14,High,0
Male,25 - 45,Asian,0,0,0,2.0,-1.0,F,Susp Drivers Lic 1st Offense,1,0,,2,Low,0
Male,25 - 45,African-American,0,0,0,0.0,-1.0,F,Possession of Oxycodone,0,0,,0,Medium,0
Female,Greater than 45,African-American,0,0,0,8.0,0.0,F,,1,0,Reckless Display Of Weapon,8,Medium,1
Male,25 - 45,Other,0,0,0,2.0,-16.860319290777625,M,Deliver Cocaine 1000FT Park,1,0,Aggravated Battery / Pregnant,2,Low,1
Female,Less than 25,African-American,0,0,0,8.0,0.0,F,Felony Driving While Lic Suspd,0,0,,8,Medium,0
Male,25 - 45,Other,0,0,0,0.0,-1.0,M,Battery,0,0,,0,Medium,0
Male,Greater than 45,Other,0,0,0,0.0,-1.0,F,Possession of Oxycodone,0,0,,0,Medium,0
Male,25 - 45,Hispanic,0,0,0,0.0,-1.0,F,Poss Similitude of Drivers Lic,0,0,,0,Low,0
Male,25 - 45,African-American,0,0,0,0.0,-1.0,F,Fel Drive License Perm Revoke,1,0,,0,Low,0
Female,Less than 25,Hispanic,0,1,0,1.0,-1.0,M,Battery,0,0,Driving License Suspended,1,Low,0
Male,Greater than 45,Hispanic,0,0,0,7.0,0.0,F,Burglary Conveyance Unoccup,1,0,Resist/Obstruct W/O Violence,7,High,1
Female,Less than 25,Hispanic,0,0,0,4.0,0.0,M,Battery,0,0,,4,Low,0
Male,Less than 25,Caucasian,0,0,0,1.0,-1.0,F,Petit Theft $100- $300,0,0,,1,Medium,0
Male,Less than 25,Native American,0,0,0,3.0,-1.0,F,Battery,1,0,Sale/Del Cocaine Child Care Fac,3,Low,1
Female,25 - 45,African-American,0,0,0,6.0,-1.0,F,Felony Driving While Lic Suspd,1,0,Operating W/O Valid License,6,Low,1
Male,25 - 45,Asian,0,0,0,0.0,-1.0,M,Fel Drive License Perm Revoke,1,1,Aggravated Battery / Pregnant,0,High,1
Male,25 - 45,African-American,0,0,0,2.0,-1.0,F,Possession of Cannabis,1,1,Aggravated Battery / Pregnant,2,Low,1
Female,Greater than 45,African-American,0,0,0,1.0,-1.0,F,Possession Of Methamphetamine,1,1,Susp Drivers Lic 1st Offense,1,Low,1
Male,25 - 45,Asian,0,0,0,2.0,-1.0,F,Aggravated Battery / Pregnant,1,0,Susp Drivers Lic 1st Offense,2,Medium,1
Female,Greater than 45,Hispanic,0,0,0,0.0,-1.0,M,Battery,1,0,,0,Low,1
Male,Less than 25,African-American,0,0,0,8.0,-1.0,F,Driving While License Revoked,0,0,,8,Low,0
Male,Less than 25,Native American,0,0,0,7.0,-1.0,F,False Ownership Info/Pawn Item,1,0,Tampering With Physical Evidence,7,Medium,1
Male,25 - 45,African-American,0,0,0,7.0,0.0,F,Petit Theft,1,0,Disorderly Conduct,7,High,1
Female,Less than 25,Hispanic,0,0,0,0.0,-1.0,F,Burglary Conveyance Armed,1,0,Trespass Other Struct/Convey,0,High,1
Female,Greater than 45,Caucasian,0,0,0,8.0,-1.0,M,Battery,1,0,Trespass,8,Low,1
Male,Less than 25,Caucasian,0,0,0,0.0,-1.0,F,Battery,0,0,,0,Low,0
Female,Less than 25,Caucasian,0,0,0,7.0,-1.0,F,False Ownership Info/Pawn Item,1,0,Grand Theft of the 2nd Degree,7,Medium,1
Female,Less than 25,Caucasian,0,0,0,1.0,-1.0,F,Fraudulent Use of Credit Card,0,0,,1,High,0
Female,Greater than 45,Hispanic,0,0,0,3.0,-1.0,F,arrest case no charge,0,0,,3,Low,0
Male,Greater than 45,Other,0,0,0,3.0,0.0,M,Driving Under The Influence,0,0,,3,Medium,0
Male,Less than 25,African-American,0,0,0,0.0,0.0,F,Grand Theft (Motor Vehicle),0,0,,0,High,0
Male,25 - 45,Asian,0,0,0,4.0,0.0,F,Felony Battery w/Prior Convict,1,0,Susp Drivers Lic 1st Offense,4,Low,1
Female,25 - 45,African-American,0,0,0,4.0,-1.0,M,Armed Trafficking in Cannabis,1,1,Viol Injunct Domestic Violence,4,Medium,1
Female,25 - 45,African-American,0,0,0,6.0,0.0,F,Battery,0,0,,6,Low,0
Male,Less than 25,Asian,0,0,0,0.0,0.0,M,Battery,0,0,,0,Low,0
Male,25 - 45,Asian,0,0,0,9.0,0.0,F,Felony Battery w/Prior Convict,1,0,Open Carrying Of Weapon,9,High,1
Female,Greater than 45,Asian,0,0,0,0.0,-1.0,M,Battery,0,0,,0,Low,0
Female,25 - 45,African-American,0,1,0,9.0,-1.0,F,Deliver Cocaine 1000FT Park,1,1,Murder in 2nd Degree,9,Medium,1
Male,Less than 25,Asian,0,0,0,0.0,-1.0,F,Possession of Cannabis,1,0,Home Invasion Robbery,0,Medium,1
Female,Greater than 45,Other,0,0,0,0.0,-1.0,M,Battery,0,0,,0,High,0
Female,Less than 25,Asian,0,0,0,0.0,-1.0,M,Petit Theft $100- $300,1,0,Possess Drug Paraphernalia,0,Low,1
Female,Less than 25,African-American,0,0,1,22.0,0.0,F,arrest case no charge,1,1,Resist Merchant W Or W/O Viol,21,High,1
Female,Less than 25,Hispanic,0,0,0,0.0,-1.0,F,Possession of Oxycodone,1,0,Susp Drivers Lic 1st Offense,0,Low,1
Female,Greater than 45,Native American,0,0,0,2.0,0.0,F,Crimin Mischief Damage $1000+,0,0,,2,High,0
Female,Greater than 45,Hispanic,0,0,0,0.0,-1.0,M,Felony Battery,0,0,,0,High,0
Male,Less than 25,Caucasian,0,0,0,8.0,-1.0,F,Possession of Morphine,1,0,Susp Drivers Lic 1st Offense,8,Low,1
Male,Less than 25,Native American,0,0,1,0.0,0.0,F,Neglect Child / No Bodily Harm,1,1,Battery,0,High,1
Male,Greater than 45,African-American,0,0,0,0.0,-1.0,F,Deliver Cocaine 1000FT Park,1,0,Open Carrying Of Weapon,0,Medium,1
Male,Less than 25,Caucasian,0,0,0,0.0,0.0,M,Battery,0,0,Resist/Obstruct W/O Violence,0,Low,0
Male,Less than 25,Caucasian,0,0,0,1.0,0.0,M,Reckless Driving,0,1,Battery,1,High,1
Male,25 - 45,Caucasian,0,0,0,0.0,-1.0,F,Burglary Conveyance Unoccup,0,0,,0,Low,0
Male,Greater than 45,African-American,0,0,0,0.0,-1.0,F,Possession of Cocaine,1,0,Possess Cannabis/20 Grams Or Less,0,Low,0
Female,Greater than 45,Caucasian,0,0,3,0.0,0.0,F,Possession of Cocaine,1,0,Possess Cannabis/20 Grams Or Less,0,Low,1
Female,Less than 25,Hispanic,0,0,0,1.0,-21.94682279653491,F,Poss Oxycodone W/Int/Sell/Del,0,0,,1,Low,0
Female,25 - 45,Asian,0,0,0,1.0,0.0,F,Felony Driving While Lic Suspd,0,0,,1,Low,0
Male,Less than 25,Asian,0,0,0,1.0,-1.0,F,Aggrav Battery w/Deadly Weapon,1,0,Possess Cannabis/20 Grams Or Less,1,Low,1
Male,Greater than 45,Hispanic,0,0,0,0.0,-1.0,F,Uttering a Forged Instrument,1,0,Possess Drug Paraphernalia,0,Medium,1
Male,Greater than 45,African-American,0,0,0,0.0,0.0,F,Aggravated Assault,1,0,Resist/Obstruct W/O Violence,0,High,1
Male,25 - 45,Hispanic,0,0,0,0.0,-1.0,M,arrest case no charge,1,0,Resist/Obstruct W/O Violence,0,Low,1
Female,Less than 25,African-American,0,0,1,4.0,-1.0,F,Driving While License Revoked,1,1,Trespass Structure/Conveyance,3,Medium,1
Female,Less than 25,Caucasian,1,0,0,23.0,29.99983355813324,M,Aide/Abet Prostitution Lewdness,1,1,Aggravated Battery / Pregnant,23,Medium,1
Male,25 - 45,Other,0,0,0,2.0,-1.0,F,Driving While License Revoked,0,0,,2,Low,0
Male,Less than 25,Asian,0,0,0,3.0,-1.0,F,arrest case no charge,0,0,,3,Low,0
Male,Greater than 45,African-American,1,0,0,7.0,-1.0,M,Susp Drivers Lic 1st Offense,1,0,Unnatural/Lascivious Act,7,High,1
Male,Greater than 45,African-American,0,0,0,4.0,-1.0,M,Battery,1,1,Possess Cannabis/20 Grams Or Less,4,Medium,1
Male,25 - 45,Caucasian,0,0,0,6.0,-1.0,M,,0,0,,6,Low,0
Female,Greater than 45,African-American,0,0,0,0.0,0.0,F,Possession of Cocaine,0,0,,0,High,0
Male,Greater than 45,Caucasian,0,0,0,0.0,-1.0,M,Battery,0,0,,0,Low,0
Female,Greater than 45,Caucasian,0,0,0,2.0,0.0,F,Assault,0,0,,2,Low,0
Male,Less than 25,African-American,0,0,0,0.0,-1.0,M,Battery,0,0,,0,Medium,0
Male,Less than 25,African-American,0,0,0,0.0,-1.0,M,Battery,0,1,Fraud Use/Persnl ID Info/Deceased,0,Low,1
Female,25 - 45,Hispanic,0,0,0,0.0,-1.0,M,Battery,0,0,,0,Low,0
Female,Greater than 45,Other,0,0,0,0.0,-1.0,F,Poss Unlaw Issue Driver Licenc,0,0,,0,Low,0
Male,25 - 45,Hispanic,0,0,0,0.0,0.0,M,Felony Battery,1,0,,0,Low,0
Male,Greater than 45,African-American,1,0,0,1.0,-2.0,F,arrest case no charge,0,0,,1,Medium,0
Female,25 - 45,Hispanic,0,0,0,0.0,-1.0,F,Grand Theft (Motor Vehicle),1,1,Prowling/Loitering,0,High,1
Female,25 - 45,Other,0,0,0,13.0,-1.0,F,Aggrav Battery w/Deadly Weapon,1,0,Possess Drug Paraphernalia,13,High,1
Male,Greater than 45,Native American,0,0,0,1.0,-1.0,F,Possession of Cocaine,1,0,Tampering With Physical Evidence,1,Low,1
Female,Less than 25,Asian,0,0,0,0.0,-1.0,M,Battery,1,0,Aggrav Child Abuse-Agg Battery,0,Low,1
Male,25 - 45,Native American,2,0,0,4.0,0.0,F,Oper Motorcycle W/O Valid DL,1,0,Fail Register Vehicle,4,Low,1
Male,Less than 25,Hispanic,0,0,0,4.0,-1.0,F,arrest case no charge,1,0,Possession of Cocaine,4,High,1
Male,Less than 25,Native American,0,0,0,2.0,-1.0,F,Aggrav Child Abuse-Causes Harm,1,1,Resist Officer w/Violence,2,Low,1
Male,Greater than 45,African-American,0,0,0,0.0,-1.0,F,Aggrav Battery w/Deadly Weapon,1,1,Possess Drug Paraphernalia,0,Medium,1
Female,Greater than 45,African-American,0,0,0,14.305306552500523,-1.0,F,Posses/Disply Susp/Revk/Frd DL,1,0,Prowling/Loitering,15,High,1
Male,Greater than 45,Hispanic,0,0,0,0.0,0.0,M,Battery,1,1,Poss of Cocaine W/I/D/S 1000FT Park,0,Low,1
Male,Greater than 45,Caucasian,0,0,0,6.0,0.0,F,Driving While License Revoked,0,0,,6,High,0
Male,25 - 45,Caucasian,0,0,0,0.0,-1.0,F,Aggrav Child Abuse-Causes Harm,0,0,,0,High,0
Female,25 - 45,African-American,0,0,2,6.0,0.0,F,Burglary Conveyance Unoccup,1,0,,6,High,0
Male,25 - 45,Hispanic,0,0,0,1.0,-1.0,F,,0,0,,1,Low,0
Male,Less than 25,African-American,0,0,0,8.0,-1.0,M,Susp Drivers Lic 1st Offense,0,0,,8,High,0
Female,25 - 45,Native American,0,0,0,0.0,0.0,F,Neglect Child / No Bodily Harm,0,0,,0,Medium,0
Female,25 - 45,Hispanic,1,0,0,20.0,0.0,F,Refuse Submit Blood/Breath Test,1,0,Harass Witness/Victm/Informnt,20,High,1
Male,Greater than 45,Other,0,0,0,0.0,-1.0,F,Burglary Conveyance Armed,0,0,,0,Low,0
Male,25 - 45,African-American,0,0,0,13.0,-1.0,F,Petit Theft,1,0,Harass Witness/Victm/Informnt,13,Medium,1
Male,Greater than 45,African-American,0,0,0,0.0,0.0,F,arrest case no charge,0,0,,0,Low,0
Male,25 - 45,Hispanic,0,0,0,0.0,-1.0,M,Battery,0,0,,0,Low,0
Female,Less than 25,Native American,0,0,0,9.0,0.0,M,arrest case no charge,1,0,No Wholesale/ Retail Dealer Lic,9,Low,1
Male,25 - 45,Other,0,0,0,0.0,-1.0,M,Driving Under The Influence,1,0,Fraud Use/Persnl ID Info/Deceased,0,Low,1
Female,25 - 45,Caucasian,0,0,0,7.0,-1.0,F,Fraudulent Use of Credit Card,0,0,,7,Medium,0
Male,Less than 25,Caucasian,0,0,0,3.0,-1.0,M,Battery,1,0,Trespass Other Struct/Convey,3,High,1
Male,25 - 45,Other,0,0,1,13.0,-1.0,F,Stalking,1,0,Possess Drug Paraphernalia,13,High,1
Male,Less than 25,Caucasian,0,0,0,9.0,-1.0,F,Felony Battery w/Prior Convict,1,0,Felony Battery w/Prior Convict,9,Low,0
Male,Greater than 45,Native American,0,0,0,0.0,-1.0,F,Poss Oxycodone W/Int/Sell/Del,1,0,Operating W/O Valid License,0,Medium,1
Male,Less than 25,Asian,0,0,0,1.0,-2.0,M,Refuse Submit Blood/Breath Test,1,0,Intoxicating Beverages,1,Low,1
Female,Less than 25,Asian,0,0,0,1.0,0.0,F,Posses/Disply Susp/Revk/Frd DL,1,0,Use of Anti-Shoplifting Device,1,Low,1
Male,Greater than 45,Asian,0,0,0,1.0,0.0,M,Aggrav Battery w/Deadly Weapon,0,0,,1,Medium,0
Male,25 - 45,Asian,0,0,0,2.0,-1.0,F,arrest case no charge,1,0,Operating W/O Valid License,2,Low,1
Male,Less than 25,Other,0,1,1,1.0,-1.0,F,Burglary Conveyance Unoccup,1,0,Reckless Display Of Weapon,1,High,1
Male,Less than 25,African-American,0,0,0,22.0,-28.933893067645272,F,Cruelty to Animals,0,0,,22,High,0
Female,Less than 25,Asian,0,0,0,1.0,-1.0,M,Driving License Suspended,1,1,Traffick Oxycodone    14g><28g,1,Low,1
Male,Less than 25,African-American,0,0,0,1.0,0.0,F,Possession of Morphine,0,0,,1,Low,0
Female,25 - 45,Native American,0,0,0,6.0,-18.0,M,Grand Theft of the 2nd Degree,0,0,,6,Medium,0
Male,25 - 45,African-American,0,0,0,0.0,-1.0,F,Possession of Cannabis,0,0,,0,Low,0
Male,25 - 45,Caucasian,0,0,0,10.0,-1.0,F,arrest case no charge,1,0,Attempted Burg/struct/unocc,10,Medium,1
Male,Greater than 45,Asian,0,0,0,2.0,-1.0,F,Felony Driving While Lic Suspd,1,0,Susp Drivers Lic 1st Offense,2,Low,1
Male,Less than 25,Hispanic,0,0,0,11.0,-1.0,F,Possession of Cocaine,0,0,,11,Low,0
Male,25 - 45,African-American,0,0,0,5.0,0.0,M,Driving While License Revoked,1,0,Operating W/O Valid License,5,Low,1
Male,25 - 45,Native American,0,0,0,0.0,-1.0,F,Felony Driving While Lic Suspd,0,0,,0,Low,0
Female,25 - 45,African-American,0,0,0,0.0,-1.0,F,Oper Motorcycle W/O Valid DL,0,0,,0,Medium,0
Male,Greater than 45,Caucasian,0,0,0,7.0,-1.0,F,Burglary Conveyance Armed,1,0,Resist/Obstruct W/O Violence,7,High,1
Female,Less than 25,Hispanic,0,0,0,0.0,-1.0,M,Susp Drivers Lic 1st Offense,0,0,,0,Medium,0
Male,25 - 45,Caucasian,0,0,1,3.0,-1.0,M,Driving Under The Influence,1,0,Operating W/O Valid License,3,Low,1
Female,Greater than 45,Hispanic,0,0,0,1.0,-1.0,M,Battery,1,0,Resist Officer w/Violence,1,Low,1
Male,25 - 45,Caucasian,0,0,0,0.0,-1.0,F,Poss Oxycodone W/Int/Sell/Del,0,0,,0,Medium,0
Male,Less than 25,African-American,0,0,0,0.0,-1.0,M,Possession Of Alprazolam,0,0,,0,Low,0
Female,25 - 45,Caucasian,0,0,0,0.0,-1.0,F,Aggrav Child Abuse-Causes Harm,1,0,Disobey Officer/Fireman,0,Medium,1
Male,25 - 45,Native American,0,0,1,5.0,-1.0,F,"Poss3,4 Methylenedioxymethcath",1,0,Burglary Dwelling Assault/Batt,5,Medium,1
Male,Greater than 45,Hispanic,0,0,0,0.0,-1.0,M,Battery,0,0,,0,Low,0
Male,Less than 25,Hispanic,0,0,0,6.0,-24.0,F,arrest case no charge,1,1,Operating W/O Valid License,6,Medium,1
Male,25 - 45,Hispanic,0,0,0,1.0,-1.0,F,arrest case no charge,1,1,Resist Officer w/Violence,1,Medium,1
Female,Less than 25,Hispanic,0,0,0,6.0,29.016068172037436,M,Battery,1,0,Possession of Cocaine,6,High,1
Male,25 - 45,African-American,0,0,0,13.0,-1.0,F,Possession Of Alprazolam,1,0,Resist/Obstruct W/O Violence,13,Low,1
Female,25 - 45,Caucasian,0,0,0,1.0,-3.0,F,"Poss3,4 Methylenedioxymethcath",1,0,Fail Register Vehicle,1,Low,1
Male,Less than 25,Other,0,0,0,22.0,-1.0,F,Possession of Cocaine,1,0,Home Invasion Robbery,22,Medium,1
Male,Greater than 45,Asian,0,0,0,0.0,0.0,M,Possession of LSD,0,0,,0,Low,0
Female,Greater than 45,African-American,0,0,0,3.0,-1.0,F,Deliver Cocaine 1000FT Park,0,0,,3,Low,0
Male,25 - 45,African-American,0,0,0,18.63500195315785,-1.0,F,Misuse Of 911 Or E911 System,1,0,Viol Injunct Domestic Violence,19,Medium,1
Male,Less than 25,Asian,0,0,0,2.0,-1.0,F,,0,0,,2,Low,0
Female,Greater than 45,Caucasian,0,0,0,0.0,-1.0,F,Possession of Cocaine,0,0,,0,Medium,0
Male,Greater than 45,African-American,0,0,0,0.0,-1.0,F,Possession Of Alprazolam,1,0,Use Lost Or Stolen Credit Card,0,High,1
Female,Less than 25,African-American,0,0,0,0.0,-1.0,M,Driving License Suspended,1,0,Prowling/Loitering,0,Medium,1
Female,25 - 45,Other,0,0,0,0.0,0.0,F,Grand Theft of the 2nd Degree,0,0,,0,Low,0
Male,Less than 25,Caucasian,2,0,1,15.0,-1.0,F,Possession of Cocaine,1,0,Disorderly Conduct,16,High,1
Male,Less than 25,Caucasian,0,0,0,1.0,-1.0,F,Crimin Mischief Damage $1000+,0,0,,1,Medium,0
Female,25 - 45,Hispanic,0,0,0,1.0,-1.0,F,Assault,0,0,,1,Low,0
Male,25 - 45,Asian,0,0,0,7.0,-1.0,F,Felony Driving While Lic Suspd,0,0,,7,Low,0
Female,25 - 45,Asian,0,0,0,3.0,-1.0,F,Poss Oxycodone W/Int/Sell/Del,0,0,,3,Low,0
Male,Greater than 45,Other,0,0,0,6.0,-1.0,F,Burglary Conveyance Unoccup,1,0,Unlaw Malic Strike K9/Horses,7,High,1
Male,Less than 25,Asian,0,0,0,8.0,-1.0,M,Battery,1,1,Reckless Display Of Weapon,8,High,1
Male,Less than 25,African-American,0,0,0,1.0,-1.0,F,Leave Acc/Attend Veh/More $50,0,0,,1,Low,0
Male,25 - 45,African-American,0,0,0,0.0,-1.0,M,Battery,0,0,,0,Low,0
Male,25 - 45,African-American,0,0,0,10.0,-1.0,F,Possession Of Alprazolam,1,0,Possess Cannabis/20 Grams Or Less,10,Medium,1
Female,25 - 45,Other,0,0,0,0.0,-1.0,F,Battery,0,0,,0,Low,0
Male,25 - 45,Asian,0,0,0,11.0,-2.0,F,Uttering a Forged Instrument,1,1,Possess Cannabis/20 Grams Or Less,11,Medium,1
Male,Greater than 45,Asian,0,0,0,1.0,-1.0,F,arrest case no charge,1,0,Possession of Cocaine,1,Medium,1
Female,25 - 45,African-American,0,0,0,7.0,-1.0,F,Grand Theft of the 2nd Degree,1,0,Unlawful Assembly,7,High,1
Female,Greater than 45,Caucasian,0,0,0,3.0,-1.0,M,Battery,0,0,,3,Low,1
Female,25 - 45,Asian,0,0,0,0.0,0.0,F,Poss Oxycodone W/Int/Sell/Del,0,0,,0,Low,0
Male,Less than 25,Hispanic,0,0,0,1.0,-1.0,F,arrest case no charge,1,0,Grand Theft (Motor Vehicle),1,Low,1
Male,Greater than 45,African-American,0,0,1,5.0,-1.0,M,Susp Drivers Lic 1st Offense,1,0,Burglary Dwelling Armed,5,Medium,1
Female,Less than 25,African-American,0,0,0,5.0,0.0,F,Fel Drive License Perm Revoke,1,0,Operating W/O Valid License,5,Medium,1
Male,Greater than 45,Other,0,0,0,0.0,0.0,F,Possession of Oxycodone,1,0,Child Abuse,0,Medium,1
Male,Less than 25,African-American,0,0,0,2.0,-2.0,M,Battery,1,0,Trespass Other Struct/Convey,2,Medium,0
Male,Less than 25,Caucasian,0,0,0,3.0,-1.0,F,Poss Contr Subst W/o Prescript,0,0,,3,Low,1
Female,Less than 25,Asian,0,0,0,1.0,-1.0,F,Driving While License Revoked,0,0,,1,Low,0
Female,Less than 25,Caucasian,0,0,1,0.0,-1.0,F,arrest case no charge,1,0,Possess Cannabis/20 Grams Or Less,0,Low,1
Male,Less than 25,Other,0,0,0,1.0,-1.0,F,Purchase Cannabis,0,0,,1,Low,0
Female,Greater than 45,Caucasian,0,0,0,1.0,-8.0,M,Battery,0,0,,1,Low,0
Male,Less than 25,Native American,0,0,0,0.0,-1.0,M,Battery,0,0,,0,Low,0
Male,25 - 45,Caucasian,0,0,0,1.0,-27.0,M,Battery,0,0,,1,Low,0
Male,Greater than 45,Other,0,1,0,2.0,-1.0,F,Driving While License Revoked,1,0,,2,Medium,1
Male,Less than 25,African-American,0,0,0,1.0,-1.0,M,Battery,0,0,,1,Low,0
Male,Less than 25,Caucasian,0,0,0,0.0,0.0,F,arrest case no charge,0,0,,0,Low,0
Male,Greater than 45,African-American,0,0,0,0.0,-1.0,F,Petit Theft $100- $300,0,0,,0,Low,0
Male,Greater than 45,Other,0,0,0,3.0,-1.0,M,Driving Under The Influence,0,0,,3,Low,0
Male,Greater than 45,Asian,1,0,0,19.0,-19.0,M,Battery,1,1,Aggravated Battery / Pregnant,19,High,1
Male,25 - 45,Hispanic,0,0,0,0.0,-1.0,M,Battery,1,0,Operating W/O Valid License,0,Low,1
Female,Less than 25,African-American,0,0,0,0.0,-1.0,M,Leave Acc/Attend Veh/More $50,1,0,Burglary Unoccupied Dwelling,0,Low,1
Male,25 - 45,Native American,0,0,0,0.0,0.0,M,Battery,0,0,,0,Low,0
Male,Less than 25,Other,0,0,0,1.0,-6.223651692971082,F,False Ownership Info/Pawn Item,0,0,,1,Medium,0
Male,25 - 45,African-American,0,0,1,0.0,-1.0,M,Battery,0,0,Traffick Oxycodone    14g><28g,0,Low,0
Male,Less than 25,Native American,0,0,0,0.0,-1.0,M,Battery,0,0,,0,Low,0
Male,Greater than 45,Caucasian,0,0,0,20.654703644552637,-1.0,F,Driving While License Revoked,1,0,Mandatory Susp Possess Alcohol,21,High,1
Female,Greater than 45,Hispanic,0,0,0,0.0,-1.0,M,Driving Under The Influence,0,0,,0,Low,0
Male,25 - 45,Other,0,0,0,0.0,-1.0,M,Battery,0,0,,0,Low,0
Female,Less than 25,Hispanic,0,0,0,4.0,-1.0,M,Susp Drivers Lic 1st Offense,1,0,Operating W/O Valid License,4,Low,1
Female,Less than 25,African-American,0,0,0,6.0,-1.0,F,Poss Unlaw Issue Driver Licenc,1,0,Credit Card Theft,6,Low,1
Male,Greater than 45,Other,0,0,0,1.0,-1.0,F,Possession of Cocaine,0,0,,1,Low,0
Male,25 - 45,Caucasian,0,0,0,2.0,0.0,F,Possession of Cocaine,0,0,,2,Low,0
Male,25 - 45,Other,0,0,0,2.0,-1.0,F,Felony Battery w/Prior Convict,1,0,Possess Cannabis/20 Grams Or Less,2,Medium,1
Female,Less than 25,Caucasian,0,0,0,1.0,-18.66099576028115,F,arrest case no charge,1,0,Grand Theft (Motor Vehicle),1,Low,1
Male,25 - 45,Hispanic,0,0,0,0.0,-1.0,F,Sale/Del Cannabis At/Near Scho,0,0,,0,Low,0
Male,25 - 45,Caucasian,0,0,0,1.0,-1.0,F,arrest case no charge,0,0,Fail Register Vehicle,1,Medium,0
Male,25 - 45,Other,0,1,0,6.0,-8.0,M,arrest case no charge,0,0,,6,Medium,0
Male,Greater than 45,Other,0,0,0,0.0,-1.0,F,Aggravated Assault,0,0,,0,Low,0
Male,25 - 45,Caucasian,0,0,0,0.0,0.0,F,"Poss3,4 Methylenedioxymethcath",0,0,,0,Low,0
Male,25 - 45,Other,0,0,0,6.0,-1.0,F,Oper Motorcycle W/O Valid DL,0,0,,6,Low,0
Male,Less than 25,Caucasian,0,0,0,0.0,-1.0,M,Battery,0,0,,0,Low,0
Female,Less than 25,African-American,0,0,0,4.0,-1.0,F,Possession of Cocaine,0,0,,4,Low,0
Male,25 - 45,African-American,0,0,0,1.0,0.0,M,Battery,0,0,,1,Low,0
Male,Greater than 45,African-American,0,0,0,17.0,-2.0,F,Possession of Cocaine,1,0,Unlaw Malic Strike K9/Horses,17,High,1
Male,25 - 45,African-American,0,0,0,4.0,0.0,F,Possession of Oxycodone,0,0,,4,Low,0
Female,25 - 45,Native American,0,0,0,11.0,-1.0,M,Deliver Cocaine 1000FT Park,1,0,Intoxicating Beverages,11,Medium,1
Male,25 - 45,Asian,0,0,0,2.0,-1.0,F,Fel Drive License Perm Revoke,0,0,,2,Low,0
Male,Less than 25,Caucasian,0,0,0,0.0,-1.0,M,Misuse Of 911 Or E911 System,0,0,,0,Medium,0
Male,Less than 25,Caucasian,0,0,0,11.0,-1.0,M,arrest case no charge,0,0,,11,Medium,0
Female,Less than 25,Other,0,1,0,2.0,-1.0,F,Possession of Benzylpiperazine,1,1,Introduce Contraband Into Jail,2,High,1
Male,Greater than 45,Asian,0,0,0,3.0,0.0,F,Grand Theft (Motor Vehicle),1,0,Unlaw Use False Name/Identity,3,High,1
Male,25 - 45,Caucasian,0,0,0,0.0,0.0,M,Driving License Suspended,0,0,,0,Low,0
Female,25 - 45,Caucasian,0,0,0,1.0,-28.0,M,Grand Theft Dwell Property,1,0,,1,Low,0
Female,Greater than 45,Other,0,0,0,0.0,0.0,M,Refuse Submit Blood/Breath Test,0,0,,0,Medium,0
Male,Greater than 45,Asian,0,0,0,15.0,-1.0,F,Deliver Cocaine 1000FT Park,1,0,Poss Handcuff Key While IC,15,High,1
Male,Less than 25,Asian,0,0,0,3.0,-1.0,F,Uttering a Forged Instrument,1,1,Sale/Del Cocaine Child Care Fac,3,High,1
Male,25 - 45,African-American,0,0,0,0.0,-1.0,F,"Poss3,4 Methylenedioxymethcath",0,0,,0,Low,0
Female,25 - 45,Native American,0,0,0,1.0,0.0,F,arrest case no charge,1,0,Operating W/O Valid License,1,Low,1
Male,Less than 25,African-American,0,0,0,1.0,0.0,F,Possession of Cocaine,0,0,,1,Low,0
Female,25 - 45,Caucasian,0,0,0,2.0,-1.0,M,Battery,1,0,Intoxicating Beverages,2,Low,0
Male,25 - 45,Hispanic,0,0,0,1.0,-1.0,M,Battery,1,0,Possess Cannabis/20 Grams Or Less,1,Low,1
Male,Greater than 45,Other,0,0,0,0.0,-1.0,M,Refuse Submit Blood/Breath Test,0,0,,0,Low,0
Male,25 - 45,Asian,0,0,0,1.0,0.0,F,Neglect Child / No Bodily Harm,0,0,,1,Medium,0
Male,Less than 25,Native American,0,0,0,0.0,-1.0,F,Possession of Cocaine,0,0,,0,Low,0
Male,25 - 45,Native American,0,1,0,16.0,-1.0,F,Possession of Cocaine,0,0,,15,High,0
Female,Greater than 45,Native American,0,0,0,0.0,-1.0,F,Burglary Conveyance Unoccup,0,0,Prowling/Loitering,0,Medium,1
Female,Greater than 45,Hispanic,0,0,0,0.0,-1.0,M,Battery,1,0,Tampering With Physical Evidence,0,High,1
Male,25 - 45,Other,0,2,2,16.352812281060668,-1.0,F,Crimin Mischief Damage $1000+,1,0,Resist/Obstruct W/O Violence,16,High,1
Female,Greater than 45,Hispanic,0,0,0,3.0,0.0,M,Felony Driving While Lic Suspd,0,0,,3,Medium,0
Female,Less than 25,African-American,0,0,0,0.0,-1.0,F,Aggravated Battery / Pregnant,0,0,,0,Low,0
Male,Greater than 45,Native American,0,2,0,6.0,-3.0,M,Grand Theft of the 2nd Degree,1,0,,6,Medium,1
Male,Less than 25,Caucasian,0,0,0,1.0,-1.0,M,Battery,0,0,,1,Low,0
Male,Less than 25,African-American,0,0,0,0.0,-1.0,F,Uttering a Forged Instrument,0,0,,0,Low,0
Female,25 - 45,Caucasian,0,0,0,0.0,-1.0,M,Battery,0,0,,0,Low,0
Male,25 - 45,African-American,0,0,0,15.0,0.0,M,Battery,1,0,Operating W/O Valid License,15,High,1
Male,25 - 45,Hispanic,0,0,0,0.0,-1.0,F,Possession of LSD,0,0,,0,Low,0
Male,Greater than 45,African-American,0,0,0,1.0,0.0,F,Possession Of Methamphetamine,0,0,,1,Low,0
Female,Less than 25,Hispanic,0,0,0,10.0,0.0,F,Poss/Sell/Del Cocaine 1000FT Sch,1,1,Battery Upon Detainee,5,High,1
Male,Less than 25,Hispanic,0,0,0,2.0,-1.0,F,Neglect Child / No Bodily Harm,1,0,Burglary Dwelling Assault/Batt,2,Low,1
Female,Greater than 45,Hispanic,0,0,0,0.0,-1.0,F,Possession of Cocaine,1,0,Possession of Cocaine,0,Low,1
Male,Less than 25,Hispanic,0,0,0,2.0,0.0,M,Driving Under The Influence,0,0,,2,Low,0
Female,Less than 25,Asian,0,0,0,1.0,-1.0,F,Possession of Morphine,0,0,,1,Low,0
Female,25 - 45,Asian,0,0,0,1.0,-1.0,F,Leave Acc/Attend Veh/More $50,0,0,,1,Low,0
Male,Greater than 45,Asian,0,0,0,8.0,-9.923306139216574,F,arrest case no charge,0,0,,8,Low,0
Female,Less than 25,Other,0,0,0,3.0,0.0,F,Aggrav Child Abuse-Causes Harm,0,0,,3,Low,0
Female,25 - 45,African-American,0,0,0,0.0,-1.0,M,Battery,1,0,Susp Drivers Lic 1st Offense,0,Low,1
Female,25 - 45,Asian,0,0,0,4.0,0.0,F,Agg Assault W/int Com Fel Dome,1,0,Sale/Del Cocaine Child Care Fac,4,Medium,1
Male,Less than 25,Asian,0,0,0,1.0,-1.0,F,arrest case no charge,1,0,Unlawful Assembly,1,Low,1
Male,25 - 45,Asian,0,1,0,9.0,-1.0,M,Battery,0,0,,9,High,0
Male,Less than 25,Caucasian,0,0,0,1.0,-1.0,F,Fel Drive License Perm Revoke,1,1,Battery,1,Low,1
Female,Less than 25,African-American,0,0,0,9.0,0.0,M,Battery,0,0,,9,Low,0
Male,Greater than 45,African-American,0,1,0,2.0,-12.424885950701249,F,Sale/Del Cannabis At/Near Scho,1,0,Possess Cannabis 1000FTSch,2,Medium,0
Male,Less than 25,Caucasian,0,0,0,3.0,-1.0,F,Poss/Sell/Del/Man Amobarbital,0,0,,3,Low,0
Female,25 - 45,Native American,0,0,0,1.0,-1.0,M,arrest case no charge,0,0,,1,Low,0
Female,Greater than 45,Hispanic,0,1,0,5.0,-1.0,F,arrest case no charge,0,0,,5,Low,0
Male,Less than 25,African-American,0,0,0,0.0,-1.0,M,Battery,0,0,,0,Low,0
Male,25 - 45,Other,0,0,0,1.0,-1.0,M,False Ownership Info/Pawn Item,1,0,Home Invasion Robbery,1,Low,1
Male,25 - 45,African-American,0,2,2,13.0,0.0,F,Grand Theft (Motor Vehicle),1,0,Reckless Driving,13,High,1
Female,25 - 45,Caucasian,0,0,0,2.0,-1.0,F,Grand Theft Dwell Property,0,0,,2,Medium,1
Male,Greater than 45,Native American,0,0,0,13.0,-1.0,F,Refuse Submit Blood/Breath Test,1,1,Susp Drivers Lic 1st Offense,13,High,1
Male,25 - 45,Other,0,0,0,0.0,-1.0,M,Battery,0,0,,0,Medium,0
Male,25 - 45,Asian,0,0,0,6.5838734835155615,0.0,F,Possession of Cocaine,1,0,Possess Cannabis/20 Grams Or Less,7,Medium,1
Male,Greater than 45,Other,0,0,0,0.0,-1.0,F,Cruelty to Animals,0,0,,0,Low,0
Male,25 - 45,Other,0,0,0,1.0,-1.0,F,arrest case no charge,0,0,,1,Low,0
Male,Less than 25,Native American,0,0,2,6.0,-1.0,M,Possession of Morphine,1,0,Susp Drivers Lic 1st Offense,6,Medium,1
Male,25 - 45,African-American,1,0,0,26.015112704774435,-1.0,F,Poss Cocaine/Intent To Del/Sel,1,0,Unlaw Malic Strike K9/Horses,25,High,1
Female,25 - 45,Caucasian,0,0,0,0.0,0.0,F,Poss Oxycodone W/Int/Sell/Del,0,0,,0,High,0
Female,Greater than 45,Other,1,0,0,8.0,-1.0,M,Battery,0,0,,8,Medium,0
Male,Greater than 45,Native American,0,0,0,0.0,0.0,F,Possession of Oxycodone,0,0,,0,Low,0
Female,Less than 25,Hispanic,0,0,0,3.0,0.0,F,Oper Motorcycle W/O Valid DL,0,0,,3,High,0
Female,25 - 45,African-American,0,0,0,0.0,-1.0,M,Battery,0,0,,0,Low,0
Male,Less than 25,Native American,0,1,0,9.0,-1.0,F,Driving While License Revoked,1,0,Felony Battery w/Prior Convict,9,Medium,1
Male,Less than 25,Caucasian,0,0,1,2.0,0.0,F,Possession of Cocaine,1,0,Trespass Other Struct/Convey,2,Low,1
Female,25 - 45,Asian,0,0,0,0.0,-1.0,F,Burglary Conveyance Unoccup,1,0,Open Carrying Of Weapon,0,Low,0
Female,25 - 45,African-American,0,0,0,1.0,0.0,M,Reckless Driving,1,0,Traffick Oxycodone    14g><28g,1,Low,1
Male,Less than 25,Caucasian,0,0,0,2.0,-1.0,F,False Ownership Info/Pawn Item,0,0,,2,Medium,0
Male,Greater than 45,African-American,0,0,0,1.0,-1.0,F,Possession Of Alprazolam,1,0,Possess Cannabis/20 Grams Or Less,1,Low,1
Male,Less than 25,Hispanic,0,0,0,3.0,0.0,F,Oper Motorcycle W/O Valid DL,1,0,Unlaw Malic Strike K9/Horses,3,Medium,1
Male,25 - 45,Hispanic,0,0,0,5.0,0.0,F,Felony Driving While Lic Suspd,1,0,Burglary Conveyance Unoccup,5,High,1
Male,Greater than 45,Caucasian,0,0,0,2.0,-8.0,F,Aggravated Assault,0,0,,2,Low,0
Female,Greater than 45,Hispanic,0,0,0,3.0,-1.0,F,Possession of Cannabis,1,0,Resist/Obstruct W/O Violence,3,Medium,1
Male,Less than 25,African-American,0,0,0,1.0,-1.0,F,Grand Theft of the 2nd Degree,1,0,Crim Use of Personal ID Info,1,Medium,1
Male,Less than 25,Caucasian,0,0,0,6.0,0.0,M,Operating W/O Valid License,0,0,,6,Medium,0
Female,25 - 45,Hispanic,0,0,0,0.0,-1.0,M,Battery,1,0,Grand Theft of the 2nd Degree,0,Low,1
Female,Less than 25,Hispanic,0,0,0,0.0,-1.0,F,Possession of Oxycodone,0,0,,0,Low,0
Male,Greater than 45,Native American,0,0,0,0.0,-3.0,F,Aggravated Battery / Pregnant,0,0,,0,Low,0
Male,Less than 25,Asian,0,0,0,0.0,-1.0,F,arrest case no charge,0,0,,0,Medium,0
Male,25 - 45,Caucasian,0,0,0,10.0,-1.0,F,arrest case no charge,0,0,,10,High,0
Female,25 - 45,Caucasian,0,0,0,2.0,-1.0,F,arrest case no charge,1,1,Resist Officer w/Violence,2,Medium,1
Male,Greater than 45,Other,0,0,0,0.0,-1.0,F,Possession Of Methamphetamine,0,0,,0,Low,0
Female,Less than 25,African-American,0,0,0,0.0,-1.0,M,Poss Oxycodone W/Int/Sell/Del,1,0,Viol Injunct Domestic Violence,0,Low,1
Female,25 - 45,Other,0,0,0,0.0,-1.0,F,Aggrav Battery w/Deadly Weapon,0,0,,0,Low,0
Male,Less than 25,Native American,0,0,0,1.0,-1.0,F,Aggrav Battery w/Deadly Weapon,0,0,,1,Medium,0
Male,Greater than 45,Asian,0,0,0,2.0,0.0,F,Felony Battery w/Prior Convict,1,1,Intoxicating Beverages,2,Medium,1
Male,Less than 25,Caucasian,1,0,1,5.0,0.0,M,Possession of Morphine,1,0,Trespass,5,Medium,1
Male,Greater than 45,Native American,0,0,0,2.0,-1.0,F,Fel Drive License Perm Revoke,0,0,,2,Medium,0
Male,Less than 25,Caucasian,0,0,0,3.0,-1.0,M,Battery,1,1,Battery,3,Low,1
Female,25 - 45,Native American,0,0,0,5.0,-1.0,M,Driving License Suspended,0,0,,5,Medium,0
Female,25 - 45,Hispanic,0,0,0,1.0,-1.0,F,Attempted Robbery  Weapon,0,0,,1,Low,0
Male,25 - 45,African-American,0,0,0,4.0,-1.0,M,Battery,0,0,,4,Low,1
Male,Less than 25,African-American,0,0,0,0.0,0.0,F,Deliver Cocaine 1000FT Park,0,0,,0,Low,0
Male,25 - 45,African-American,0,0,0,4.0,-1.0,F,Possession of Morphine,1,1,Possess Cannabis/20 Grams Or Less,4,Medium,1
Male,Greater than 45,African-American,0,0,0,1.0,-1.0,M,Battery,0,0,,1,Low,0
Female,25 - 45,Hispanic,0,0,1,3.0,-1.0,M,Battery,0,0,,3,Low,0
Male,Less than 25,African-American,0,0,0,2.0,-1.0,F,Aggrav Battery w/Deadly Weapon,0,0,,2,High,0
Male,Greater than 45,Other,0,1,3,1.0,-1.0,F,Possession of Cocaine,1,0,Possess Drug Paraphernalia,1,High,1
Female,Less than 25,African-American,0,0,0,4.0,-1.0,F,Driving While License Revoked,1,0,Unlaw Malic Strike K9/Horses,4,High,0
Female,25 - 45,Hispanic,0,0,1,12.0,-1.0,F,Possession of Morphine,1,0,Shoot/Throw Into Vehicle,12,High,1
Male,Greater than 45,Other,0,0,0,6.0,-1.0,M,Possession of Cocaine,1,0,Crim Use of Personal ID Info,6,Medium,1
Female,Less than 25,Asian,0,0,1,1.0,-1.0,M,Grand Theft Dwell Property,0,0,,1,High,0
Male,Greater than 45,Caucasian,0,0,0,6.0,-1.0,F,Attempted Robbery  Weapon,1,0,Susp Drivers Lic 1st Offense,6,Medium,1
Male,Less than 25,Hispanic,0,0,0,2.0,-1.0,M,Battery,1,0,Operating W/O Valid License,2,Medium,1
Male,Greater than 45,Hispanic,0,0,0,0.0,-1.0,F,Driving While License Revoked,0,0,,0,Low,0
Female,25 - 45,African-American,0,0,0,1.0,-1.0,F,arrest case no charge,0,0,,1,Low,0
Female,Less than 25,African-American,0,0,0,0.0,-1.0,M,Susp Drivers Lic 1st Offense,0,0,Fail Register Vehicle,0,Low,0
Male,Less than 25,Asian,0,2,1,8.0,-1.0,F,arrest case no charge,1,1,Aggravated Assault W/Dead Weap,8,High,1
Female,Greater than 45,Native American,0,0,0,1.0,0.0,F,False Motor Veh Insurance Card,1,0,Sale/Del Cocaine Child Care Fac,1,Medium,1
Female,25 - 45,African-American,0,0,0,2.0,-1.0,F,Possession of Cocaine,1,0,Unlaw Malic Strike K9/Horses,2,Medium,1
Male,25 - 45,African-American,1,0,0,4.0,-1.0,F,Crim Use of Personal ID Info,1,1,Battery,4,Medium,1
Male,Less than 25,Asian,0,0,0,2.0,0.0,F,arrest case no charge,1,1,Deliver Cocaine,2,High,1
Female,25 - 45,Caucasian,0,0,0,3.0,-27.0,M,Battery,1,0,Leaving the Scene of Accident,3,Low,1
Female,Greater than 45,Asian,0,0,0,5.0,-1.0,F,Crimin Mischief Damage $1000+,1,1,False Ownership Info/Pawn Item,5,Low,1
Female,Less than 25,Asian,0,0,0,8.0,-1.0,M,Battery,1,1,Burglary Conveyance Occupied,8,High,1
Male,25 - 45,African-American,0,0,0,0.0,0.0,M,Poss Contr Subst W/o Prescript,0,0,,0,Low,0
Female,Less than 25,African-American,0,0,0,2.0,-1.0,F,arrest case no charge,0,0,,2,Medium,0
Female,25 - 45,Caucasian,0,0,0,2.0,0.0,M,Battery,1,0,Grand Theft of the 2nd Degree,2,Low,1
Female,25 - 45,African-American,0,0,0,1.0,-1.0,M,Battery,0,0,,1,Low,0
Male,Greater than 45,Other,0,0,0,0.0,-1.0,F,arrest case no charge,0,0,,0,Low,0
Male,25 - 45,Other,0,0,0,0.0,-1.0,M,Battery,0,0,,0,Low,0
Female,25 - 45,African-American,0,0,0,3.0,0.0,F,Driving While License Revoked,0,0,,3,Medium,0
Male,25 - 45,Asian,0,0,0,9.0,-8.0,F,arrest case no charge,1,0,Trespass Other Struct/Convey,9,High,1
Male,Greater than 45,African-American,0,0,0,1.0,-1.0,F,arrest case no charge,0,0,,1,Low,0
Male,25 - 45,Caucasian,0,0,0,0.0,-1.0,M,Sale/Del Cannabis At/Near Scho,0,0,,0,Medium,0
Male,Greater than 45,Hispanic,0,0,0,0.0,-4.0,F,Uttering a Forged Instrument,0,0,,0,Low,0
Male,Greater than 45,Hispanic,0,0,0,5.0,-1.0,M,Fel Drive License Perm Revoke,1,0,Susp Drivers Lic 1st Offense,5,Low,1
Male,Greater than 45,Native American,0,0,0,0.0,-1.0,M,Battery,1,0,Trespass Other Struct/Convey,0,Medium,0
Female,25 - 45,African-American,0,0,0,0.0,-1.0,M,Battery,0,0,,0,Low,0
Female,Greater than 45,Asian,0,0,0,0.0,-1.0,F,Att Burgl Unoccupied Dwel,1,0,,0,High,0
Male,25 - 45,Caucasian,1,0,1,1.0,1.9289715797284508,F,arrest case no charge,1,0,Obstruct Officer By Disguise,1,Medium,1
Male,Less than 25,Asian,0,0,0,0.0,-1.0,F,Aggravated Battery / Pregnant,1,0,Unlaw Use False Name/Identity,0,High,1
Male,Less than 25,Asian,0,0,0,0.0,-1.0,M,Battery,0,0,,0,High,0
Male,25 - 45,Native American,0,0,4,9.0,-1.0,F,Felony DUI (level 3),1,0,,9,High,0
Male,Less than 25,African-American,0,0,0,4.0,-1.0,F,Sale/Del Cannabis At/Near Scho,0,0,,4,High,0
Male,25 - 45,Other,0,0,0,0.0,-1.0,F,Petit Theft,1,0,Sale/Del Cocaine Child Care Fac,0,Medium,1
Female,25 - 45,Other,0,0,0,0.0,-1.0,M,Felony Battery w/Prior Convict,1,0,Susp Drivers Lic 1st Offense,0,Low,1
Female,Less than 25,Native American,0,0,0,1.0,-1.0,M,Battery,0,0,,1,High,0
Male,Less than 25,Hispanic,0,0,0,2.0,-1.0,M,Grand Theft of the 2nd Degree,1,1,Possess Cannabis/20 Grams Or Less,2,High,1
Female,25 - 45,African-American,0,0,0,4.0,-4.0,F,Driving While License Revoked,1,0,Possess Cannabis/20 Grams Or Less,4,Medium,1
Male,25 - 45,Caucasian,0,0,0,0.0,-1.0,F,arrest case no charge,0,0,,0,Low,0
Female,Greater than 45,African-American,0,0,0,3.0,-1.0,F,Possession of Cannabis,0,0,,3,Low,0
Female,25 - 45,African-American,0,3,0,23.84877257322843,-1.0,M,Possession Of Carisoprodol,1,1,Viol Injunction Protect Dom Vi,23,High,1
Female,Less than 25,Other,0,0,0,1.0,-1.0,F,Agg Assault W/int Com Fel Dome,1,0,Introduce Contraband Into Jail,1,Low,1
Male,Less than 25,Asian,0,0,0,0.0,0.0,F,Driving While License Revoked,0,0,,0,Low,0
Male,25 - 45,Caucasian,0,0,0,0.0,-1.0,F,Grand Theft (Motor Vehicle),0,0,,0,Low,0
Female,25 - 45,African-American,0,0,0,9.0,-19.0,F,arrest case no charge,1,0,Child Abuse,9,Low,1
Female,Greater than 45,African-American,0,0,0,0.0,0.0,M,Driving Under The Influence,0,0,,0,Low,0
Male,25 - 45,Caucasian,0,0,0,0.0,-2.0,M,Battery,1,0,Unlawful Assembly,0,High,1
Female,Less than 25,Other,0,0,0,2.0,-1.0,F,arrest case no charge,0,0,,2,Low,0
Male,Greater than 45,Other,0,0,0,0.0,-1.0,M,Driving License Suspended,0,0,,0,Medium,0
Male,Greater than 45,Hispanic,0,0,0,0.0,-1.0,F,Possession of Cocaine,0,0,,0,Low,0
Male,Greater than 45,African-American,0,0,2,0.0,-1.0,F,Burglary Conveyance Unoccup,0,0,,0,Low,0
Male,Greater than 45,Asian,0,0,2,3.0,0.0,F,Sale/Del Cannabis At/Near Scho,1,0,Child Abuse,3,Low,1
Female,Greater than 45,Native American,0,1,0,7.0,-1.0,F,arrest case no charge,1,0,Operating W/O Valid License,7,Low,1
Male,25 - 45,African-American,0,0,0,2.0,-1.0,F,Possession Of Methamphetamine,0,0,,2,Low,0
Male,Greater than 45,Other,0,0,0,4.0,-1.0,M,Battery,0,0,,4,Low,0
Male,Greater than 45,African-American,0,0,0,4.0,0.0,F,Aggravated Assault,0,0,,4,Low,0
Female,25 - 45,Native American,0,0,0,0.0,-1.0,M,Assault,0,0,,0,Low,0
Male,25 - 45,African-American,1,0,0,3.0,-1.0,F,"Poss3,4 Methylenedioxymethcath",1,0,Traffick Oxycodone    14g><28g,3,High,1
Male,Greater than 45,African-American,0,0,0,0.0,-1.0,M,Battery,1,1,Harass Witness/Victm/Informnt,0,Low,1
Female,Less than 25,Native American,0,0,0,0.0,-1.0,F,Armed Trafficking in Cannabis,0,0,,0,Low,0
Female,Greater than 45,Native American,0,0,0,0.0,-1.0,M,Battery,1,0,,0,Low,0
Male,Less than 25,African-American,0,1,0,1.0,-1.0,M,Aggravated Battery / Pregnant,0,0,,1,Low,0
Male,25 - 45,Caucasian,0,0,0,1.0,0.0,F,Poss Unlaw Issue Driver Licenc,1,0,Trespass Other Struct/Convey,1,Low,1
Male,Less than 25,Other,0,0,0,5.0,0.0,F,"Poss3,4 Methylenedioxymethcath",0,0,,5,Medium,0
Male,Less than 25,Caucasian,0,0,0,2.0,-1.0,F,Battery,1,0,Resist/Obstruct W/O Violence,2,Low,1
Female,25 - 45,Caucasian,0,0,0,8.0,-1.0,M,Assault,1,1,Possess Cannabis/20 Grams Or Less,8,Medium,1
Male,25 - 45,Native American,0,0,1,2.0,-7.5498882034628565,F,Driving While License Revoked,0,0,,2,Low,0
Male,25 - 45,African-American,0,1,0,10.0,-1.0,F,Possession of Cocaine,1,0,Driving License Suspended,10,High,1
Male,Greater than 45,Hispanic,0,0,0,3.0,-1.0,F,Possession of Cocaine,1,0,Fail Register Vehicle,3,Medium,1
Female,25 - 45,Asian,0,0,0,13.0,-1.0,F,Aggravated Battery / Pregnant,1,1,Susp Drivers Lic 1st Offense,13,High,1
Female,Less than 25,African-American,0,0,0,0.0,-1.0,M,Battery,0,0,,0,Low,0
Male,Greater than 45,Caucasian,0,0,0,2.0,0.0,M,Kidnapping / Domestic Violence,1,0,Resist/Obstruct W/O Violence,2,Low,1
Male,Greater than 45,African-American,0,0,0,0.0,-1.0,F,Possession of Cocaine,0,0,,0,Low,0
Female,Less than 25,Other,0,0,1,1.0,0.0,F,Sale/Del Cannabis At/Near Scho,1,0,Operating W/O Valid License,1,High,1
Male,25 - 45,Other,0,0,0,2.0,-1.0,F,Aggrav Battery w/Deadly Weapon,1,1,Murder in the First Degree,2,High,1
Male,25 - 45,Hispanic,0,0,0,7.0,-1.0,M,False Ownership Info/Pawn Item,1,0,Shoot/Throw Into Vehicle,7,Low,1
Female,25 - 45,Native American,0,0,0,1.0,-1.0,F,arrest case no charge,0,0,,1,Low,0
Female,25 - 45,Hispanic,0,0,0,2.0,-1.0,M,Driving License Suspended,0,0,,2,Medium,0
Male,Less than 25,Native American,0,0,0,0.0,-1.0,F,Possession of Cocaine,0,0,Operating W/O Valid License,0,Low,0
Male,Less than 25,African-American,0,0,0,23.0,-1.0,F,Possession of Morphine,1,1,False Ownership Info/Pawn Item,23,High,1
Female,25 - 45,Hispanic,0,0,0,1.0,-1.0,M,Battery,0,0,,1,Low,0
Female,25 - 45,Caucasian,0,0,0,2.0,-1.0,M,Sale/Del Cannabis At/Near Scho,1,0,Possession of Cocaine,2,Medium,1
Male,Less than 25,African-American,0,0,0,1.0,-21.0,M,Battery,0,0,,1,Low,0
Female,Less than 25,African-American,0,1,0,1.0,-1.0,F,Grand Theft of the 2nd Degree,1,0,Possess Cannabis/20 Grams Or Less,1,Medium,1
Male,Less than 25,Caucasian,0,0,0,0.0,-1.0,F,Purchase Cannabis,1,0,Susp Drivers Lic 1st Offense,0,Low,1
Male,Less than 25,Other,0,0,0,1.0,-18.71858002447005,M,Battery,1,1,Unlaw Use False Name/Identity,1,Medium,1
Male,25 - 45,African-American,0,0,0,0.0,-1.0,F,Driving While License Revoked,1,0,No Wholesale/ Retail Dealer Lic,0,Low,1
Female,Greater than 45,African-American,0,0,0,0.0,-1.0,M,Poss Contr Subst W/o Prescript,0,0,,0,Low,0
Female,25 - 45,Hispanic,0,0,0,2.0,-1.0,F,Oper Motorcycle W/O Valid DL,1,0,Introduce Contraband Into Jail,2,Medium,1
Male,Greater than 45,Caucasian,0,0,0,0.0,0.0,M,Driving Under The Influence,0,0,,0,Low,0
Male,25 - 45,Asian,0,0,0,1.0,0.0,F,arrest case no charge,1,0,Prowling/Loitering,1,Low,1
Female,25 - 45,Native American,0,0,0,0.0,-1.0,M,Battery,0,0,,0,Low,0
Female,Greater than 45,African-American,0,0,0,13.0,-1.0,M,arrest case no charge,0,0,,13,Medium,0
Male,25 - 45,Caucasian,0,0,0,2.0,-1.0,M,Battery,0,0,,2,Low,0
Female,25 - 45,Native American,0,0,0,9.0,-1.0,F,Possession of Cocaine,0,0,,9,Low,0
Male,Less than 25,Hispanic,0,3,4,14.0,-1.0,F,Grand Theft (Motor Vehicle),1,0,No Wholesale/ Retail Dealer Lic,14,High,1
Male,25 - 45,African-American,0,0,0,0.0,-1.0,F,Poss Similitude of Drivers Lic,0,0,,0,Medium,0
Female,25 - 45,Hispanic,0,0,0,2.0,-1.0,M,Driving Under The Influence,1,0,Susp Drivers Lic 1st Offense,2,Low,1
Male,Less than 25,Native American,0,0,0,13.0,0.0,F,Driving While License Revoked,1,0,Operating W/O Valid License,13,Low,1
Male,Greater than 45,Other,0,0,0,1.0,0.0,F,Possession Of Methamphetamine,0,0,,1,Low,0
Female,Greater than 45,African-American,0,0,0,2.0,0.0,M,Battery,1,0,Credit Card Theft,2,Low,1
Male,25 - 45,African-American,0,0,0,6.0,-1.0,M,Battery,0,0,,6,Low,0
Male,Greater than 45,African-American,0,1,0,2.0,-1.0,F,Possession of Benzylpiperazine,0,0,,2,High,0
Male,Less than 25,Hispanic,0,0,0,3.0,0.0,F,Burglary Conveyance Armed,1,0,,3,Low,1
Female,Greater than 45,African-American,0,0,0,0.0,-1.0,M,Battery,0,0,,0,Low,0
Female,25 - 45,Other,0,0,0,0.0,0.0,F,Possession of Cocaine,0,0,,0,Low,0
Female,25 - 45,Asian,0,0,0,12.0,-1.0,F,Susp Drivers Lic 1st Offense,1,0,Felony Battery w/Prior Convict,12,Low,1
Female,25 - 45,Caucasian,0,0,0,0.0,0.0,M,Fel Drive License Perm Revoke,0,0,,0,Low,0
Male,Greater than 45,Asian,0,0,0,0.0,0.0,F,"Poss3,4 Methylenedioxymethcath",0,0,,0,Low,1
Male,Greater than 45,Native American,0,0,0,1.0,-1.0,F,Neglect Child / No Bodily Harm,0,0,,1,Low,0
Female,Less than 25,African-American,0,0,0,6.0,0.0,F,Driving While License Revoked,0,0,,6,Low,0
Female,Greater than 45,African-American,0,1,0,2.0,0.0,F,Manage Busn W/O City Occup Lic,1,1,Operating W/O Valid License,2,High,1
Female,Greater than 45,Other,0,0,0,0.0,-1.0,M,Battery,0,0,,0,Low,0
Male,Less than 25,Native American,0,0,0,0.0,-1.0,F,Grand Theft (Motor Vehicle),0,0,,0,Medium,0
Male,Less than 25,Hispanic,0,0,0,1.0,-10.469735580227209,F,Possession Of Methamphetamine,0,0,,1,Low,0
Male,25 - 45,Native American,0,0,0,24.108092023936198,22.21294118573902,F,Posses/Disply Susp/Revk/Frd DL,0,0,,23,High,0
Female,Less than 25,Caucasian,0,0,0,0.0,-1.0,M,Battery,0,0,,0,Low,1
Male,25 - 45,Hispanic,0,0,0,12.0,0.0,M,Grand Theft of the 2nd Degree,0,0,,12,Medium,0
Male,Greater than 45,African-American,0,0,0,0.0,-1.0,M,Battery,0,0,,0,Low,0
Female,Less than 25,African-American,0,0,0,0.0,-1.0,M,Battery,1,0,Possess Drug Paraphernalia,0,Low,1
Male,25 - 45,Hispanic,0,0,0,0.0,-1.0,F,Deliver Cocaine 1000FT Park,0,0,,0,Low,0
Male,Less than 25,Caucasian,0,0,0,3.0,-21.0,F,Crimin Mischief Damage $1000+,1,0,Trespass,3,Low,0
Male,25 - 45,African-American,0,0,0,0.0,-1.0,F,Possession of Oxycodone,0,0,,0,Low,0
Female,25 - 45,Other,0,0,0,7.0,0.0,F,Grand Theft (Motor Vehicle),0,0,Traffick Oxycodone    14g><28g,7,Medium,1
Male,Less than 25,African-American,0,0,0,3.0,-1.0,F,Grand Theft (Motor Vehicle),0,0,,3,Low,0
Male,Less than 25,African-American,0,0,0,1.0,-1.0,F,Possession of Cannabis,1,0,Possess Cannabis 1000FTSch,1,Low,1
Male,25 - 45,African-American,0,0,0,1.0,-1.0,M,arrest case no charge,1,0,,1,Low,0
Female,25 - 45,Caucasian,0,0,0,0.0,-1.0,M,Battery,0,0,,0,Medium,0
Male,Less than 25,Caucasian,0,0,0,13.0,-1.0,F,Felony DUI (level 3),1,1,Resist Officer w/Violence,13,High,1
Male,Greater than 45,Native American,0,0,0,23.0,0.0,F,Misuse Of 911 Or E911 System,1,0,Tampering With Physical Evidence,23,High,1
Female,25 - 45,African-American,0,0,0,1.0,-1.0,M,Battery,0,0,,1,Low,0
Female,25 - 45,African-American,0,0,0,0.0,-1.0,F,Aggrav Child Abuse-Causes Harm,0,0,,0,Low,0
Female,Greater than 45,African-American,0,0,0,1.0,-1.0,F,Possession of Cannabis,1,0,Mandatory Susp Possess Alcohol,1,High,1
Male,Greater than 45,African-American,0,0,0,0.0,-1.0,M,Armed Trafficking in Cannabis,1,0,Intoxicating Beverages,0,Low,1
Female,Greater than 45,Caucasian,0,0,0,0.0,-1.0,F,Aggrav Battery w/Deadly Weapon,0,0,,0,Low,0
Male,Less than 25,Caucasian,0,0,0,1.0,-5.0,M,Deliver Cocaine 1000FT Park,0,0,,1,Low,0
Female,Less than 25,Hispanic,0,0,3,1.0,-24.654181906120513,F,Possession of Cocaine,1,0,,1,Low,0
Female,Less than 25,Hispanic,0,0,1,0.0,-1.0,F,Aggrav Battery w/Deadly Weapon,0,0,,0,Low,1
Male,25 - 45,Hispanic,0,0,0,8.0,-1.0,F,Felony Driving While Lic Suspd,0,0,,8,Low,0
Female,Greater than 45,Hispanic,0,0,0,1.0,0.0,F,arrest case no charge,1,0,Burglary Unoccupied Dwelling,1,Low,1
Female,Less than 25,Caucasian,0,0,0,1.0,-1.0,F,Burglary Conveyance Armed,1,0,Possession of Cocaine,1,Medium,1
Female,Less than 25,African-American,0,0,0,14.0,-1.0,F,Poss/Sell/Del/Man Amobarbital,1,0,Grand Theft of the 2nd Degree,14,Medium,1
Male,25 - 45,Other,0,0,0,2.0,0.0,F,Poss Oxycodone W/Int/Sell/Del,1,0,Battery on a Person Over 65,2,Low,1
Male,Greater than 45,Caucasian,0,0,0,3.0,-1.0,M,Att Burgl Unoccupied Dwel,0,0,,3,High,0
Male,25 - 45,Other,0,0,0,9.0,-1.0,M,Tresspass in Structure or Conveyance,1,1,Harass Witness/Victm/Informnt,8,Medium,1
Female,Greater than 45,African-American,0,0,0,2.0,-16.607651125477098,M,Susp Drivers Lic 1st Offense,0,0,,2,Low,0
Male,Greater than 45,Other,0,0,0,0.0,0.0,F,Uttering a Forged Instrument,0,0,,0,Medium,0
Male,Greater than 45,Asian,0,0,0,1.0,-23.0,F,arrest case no charge,0,0,,1,Low,0
Male,Less than 25,Other,0,0,0,4.0,-1.0,F,Cruelty to Animals,0,0,Introduce Contraband Into Jail,4,Low,1
Female,Less than 25,Other,0,0,0,0.0,-1.0,F,Uttering a Forged Instrument,0,0,,0,High,0
Female,Less than 25,Native American,0,0,1,6.0,-1.0,F,False Ownership Info/Pawn Item,1,1,Susp Drivers Lic 1st Offense,6,High,1
Female,Greater than 45,Other,0,0,0,0.0,0.0,F,False Ownership Info/Pawn Item,0,0,,0,Low,0
Male,25 - 45,Other,0,0,0,8.0,-1.0,F,Poss Similitude of Drivers Lic,1,1,Burglary Dwelling Assault/Batt,8,Medium,1
Female,Less than 25,Hispanic,0,0,0,6.0,-3.0,F,Soliciting For Prostitution,1,1,Battery,6,Medium,0
Male,25 - 45,Caucasian,0,0,0,0.0,-2.0,F,Misuse Of 911 Or E911 System,0,0,,0,Low,0
Male,25 - 45,Caucasian,0,0,0,0.0,0.0,F,Driving Under The Influence,0,0,,0,Low,0
Male,25 - 45,Other,0,0,0,0.0,-1.0,F,Poss Cocaine/Intent To Del/Sel,0,0,,0,Low,0
Male,Less than 25,Other,0,0,0,3.0,-1.0,F,Possession of Cocaine,0,0,,3,Low,0
Male,Less than 25,Asian,0,0,0,4.0,-1.0,F,arrest case no charge,0,0,,4,Low,0
Female,25 - 45,Other,0,0,0,6.0,-1.0,F,arrest case no charge,1,1,Poss Handcuff Key While IC,6,Medium,1
Female,Greater than 45,Hispanic,0,0,0,4.0,-2.0,F,Possession of Cocaine,0,0,,4,High,0
Male,Less than 25,Native American,0,0,0,5.0,0.0,M,Reckless Driving,1,0,Harass Witness/Victm/Informnt,5,Low,1
Male,25 - 45,African-American,0,0,0,5.0,-1.0,F,Petit Theft,1,0,Burglary Conveyance Unoccup,5,High,1
Female,25 - 45,Native American,0,0,0,5.0,-1.0,F,Poss Similitude of Drivers Lic,0,0,,5,Low,0
Male,Greater than 45,Other,0,0,0,32.79544800642889,0.0,F,Felony DUI (level 3),1,0,Susp Drivers Lic 1st Offense,32,Medium,1
Female,Greater than 45,African-American,0,0,0,1.0,0.0,F,Cruelty to Animals,0,0,,1,Low,0
Male,25 - 45,Caucasian,0,0,0,3.0,-1.0,F,Burglary Conveyance Armed,1,0,Fail Obey Driv Lic Restrictions,3,Low,1
Male,25 - 45,Hispanic,0,0,0,6.0,-1.0,F,arrest case no charge,0,0,,6,Medium,0
Female,Greater than 45,Caucasian,0,0,0,1.0,-1.0,F,arrest case no charge,1,0,,1,Low,0
Male,25 - 45,Caucasian,0,0,0,0.0,-1.0,F,Poss Oxycodone W/Int/Sell/Del,1,0,Fail Register Vehicle,0,Low,1
Male,25 - 45,Native American,0,0,0,10.0,-1.0,F,Poss Alprazolam W/int Sell/Del,1,1,Battery,10,High,1
Female,Less than 25,Other,0,0,0,1.0,-1.0,F,Neglect Child / No Bodily Harm,1,1,Trespass,1,Medium,1
Male,Less than 25,Other,0,0,0,0.0,-1.0,F,Driving While License Revoked,1,0,Resist/Obstruct W/O Violence,0,Low,1
Male,Less than 25,Caucasian,0,0,0,1.0,-2.0,F,Felony Driving While Lic Suspd,0,0,Sale/Del Cocaine Child Care Fac,1,Low,0
Male,Greater than 45,Hispanic,0,0,0,0.0,-1.0,F,Petit Theft $100- $300,1,0,Poss Handcuff Key While IC,0,Medium,1
Male,25 - 45,African-American,0,0,0,11.0,-1.0,F,Driving While License Revoked,0,0,,11,Low,1
Female,Less than 25,Asian,0,0,0,0.0,-1.0,F,Neglect Child / No Bodily Harm,0,0,,0,Medium,0
Female,25 - 45,African-American,0,0,0,1.0,-1.0,M,Battery,0,0,,1,Low,0
Male,Less than 25,African-American,0,0,0,0.0,-1.0,F,arrest case no charge,1,0,Susp Drivers Lic 1st Offense,0,Low,1
Female,Less than 25,Other,0,0,0,1.0,-1.0,M,Poss Of Controlled Substance,0,0,,1,Medium,0
Female,Less than 25,African-American,0,0,0,0.0,-1.0,F,Possession of Cannabis,0,0,,0,Low,0
Female,Greater than 45,Caucasian,0,0,2,3.0,-1.0,F,Poss/Sell/Del/Man Amobarbital,0,0,,3,Medium,0
Male,Less than 25,Other,0,3,0,24.86950440828402,-1.0,M,Crimin Mischief Damage $1000+,1,0,Resist/Obstruct W/O Violence,24,High,1
Male,Greater than 45,Other,0,0,0,2.0,-1.0,F,Grand Theft (Motor Vehicle),0,0,,2,Medium,0
Male,Less than 25,Caucasian,0,0,0,0.0,-1.0,M,Battery,0,0,,0,Low,0
Female,Greater than 45,Native American,0,0,0,1.0,-1.0,F,Aggravated Assault,0,0,,1,Medium,0
Male,Less than 25,Asian,0,0,0,0.0,-1.0,F,False Ownership Info/Pawn Item,0,0,,0,Low,0
Male,Less than 25,African-American,0,0,0,0.0,0.0,F,"Poss3,4 Methylenedioxymethcath",1,0,Susp Drivers Lic 1st Offense,0,Low,1
Female,Less than 25,Native American,0,0,0,0.0,-1.0,M,Battery,1,1,Aggravated Battery / Pregnant,0,Low,1
Male,Greater than 45,Hispanic,0,1,3,4.0,-1.0,M,Battery,1,0,Possess Cannabis/20 Grams Or Less,4,Low,1
Male,Less than 25,African-American,0,0,0,1.0,-1.0,F,Soliciting For Prostitution,1,1,Battery,1,Low,0
Male,25 - 45,Asian,0,0,0,4.0,-1.0,F,arrest case no charge,0,0,,4,Low,0
Female,25 - 45,Caucasian,0,0,0,11.0,-1.0,F,Driving While License Revoked,1,0,Operating W/O Valid License,10,High,1
Female,25 - 45,African-American,0,0,0,14.0,-1.0,F,Driving While License Revoked,1,0,,14,High,1
Female,Less than 25,Other,0,0,0,0.0,-1.0,M,Battery,1,1,Battery,0,Low,0
Male,Less than 25,African-American,0,0,0,1.0,0.0,M,Kidnapping / Domestic Violence,1,0,Unlaw Use False Name/Identity,1,High,1
Male,Greater than 45,African-American,0,0,0,0.0,0.0,F,Poss Oxycodone W/Int/Sell/Del,0,0,,0,Low,0
Male,Less than 25,Caucasian,0,0,1,1.0,-1.0,F,Felony Battery,1,0,Possess Cannabis/20 Grams Or Less,1,Low,1
Male,Greater than 45,Asian,0,0,0,12.0,-1.0,F,Uttering a Forged Instrument,1,0,Grand Theft (Motor Vehicle),12,High,1
Female,25 - 45,Hispanic,0,0,0,0.0,-1.0,M,Battery,0,0,,0,Medium,0
Male,25 - 45,African-American,0,0,0,1.0,-16.22554985311281,F,Aggravated Battery / Pregnant,0,0,,1,Low,0
Male,25 - 45,Caucasian,0,0,0,0.0,-1.0,M,Battery,0,0,,0,Low,0
Female,25 - 45,Native American,0,2,1,18.0,0.0,F,Resist/Obstruct W/O Violence,1,0,Aggrav Child Abuse-Agg Battery,18,High,1
Female,Less than 25,Other,0,0,0,0.0,-1.0,F,Poss Contr Subst W/o Prescript,0,0,,0,Low,0
Female,Less than 25,African-American,0,0,1,0.0,-1.0,F,Throw Deadly Missile Into Veh,1,1,Lewd/Assignation/Prostitution,0,Medium,1
Female,Less than 25,Caucasian,0,0,0,4.0,-1.0,F,Felony Driving While Lic Suspd,1,0,Open Carrying Of Weapon,4,Low,1
Male,25 - 45,Asian,0,0,0,0.0,-1.0,M,Battery,0,0,,0,Low,0
Female,Greater than 45,African-American,0,0,0,20.0,-3.0,F,arrest case no charge,0,0,,19,Medium,1
Female,Less than 25,Native American,0,0,0,0.0,-1.0,M,Battery,1,0,Open Carrying Of Weapon,0,Medium,0
Male,Less than 25,African-American,1,2,1,19.0,-1.0,F,Grand Theft of a Fire Extinquisher,1,0,Robbery / No Weapon,19,Medium,1
Male,25 - 45,Native American,0,0,0,5.0,-1.0,F,arrest case no charge,0,0,,5,Low,0
Male,25 - 45,Caucasian,0,0,0,0.0,-1.0,M,Battery,1,0,Operating W/O Valid License,0,Low,1
Female,Greater than 45,African-American,0,0,0,0.0,0.0,F,Felony Battery,1,0,Possess Cannabis/20 Grams Or Less,0,Medium,1
Female,25 - 45,Caucasian,0,0,0,0.0,0.0,M,Battery,1,1,Battery,0,Low,1
Male,Greater than 45,African-American,0,0,0,5.0,-1.0,F,Grand Theft of the 2nd Degree,1,0,Disobey Officer/Fireman,5,Medium,1
Male,Less than 25,Caucasian,0,0,0,6.0,-1.0,F,Battery,0,0,,6,Medium,0
Female,Greater than 45,Hispanic,0,0,0,1.0,-21.0,F,Possession of Cocaine,1,0,Resist/Obstruct W/O Violence,1,Low,0
Female,25 - 45,Caucasian,0,0,0,4.0,0.0,F,Driving License Suspended,0,0,,4,Medium,0
Male,Greater than 45,African-American,0,0,0,7.0,-1.0,F,Possession of Morphine,1,0,Possess Cannabis/20 Grams Or Less,6,Low,1
Male,Greater than 45,African-American,0,0,0,0.0,-1.0,M,Battery,0,0,,0,Low,0
Male,Greater than 45,Caucasian,0,1,1,1.0,-1.0,F,arrest case no charge,1,0,Grand Theft in the 3rd Degree,1,Low,1
Male,Greater than 45,Hispanic,0,0,0,8.0,-1.0,F,Possession of Cocaine,1,0,Operating W/O Valid License,8,Medium,1
Male,Greater than 45,Caucasian,0,0,0,0.0,-1.0,F,Uttering a Forged Instrument,0,0,,0,Low,1
Male,25 - 45,African-American,0,0,0,0.0,-1.0,M,Neglect Child / No Bodily Harm,1,0,Tampering With Physical Evidence,0,Low,1
Male,Greater than 45,Caucasian,0,0,0,2.0,-1.0,F,Aggravated Battery / Pregnant,1,0,,2,Low,0
Male,Greater than 45,Asian,0,0,0,1.0,-1.0,F,Cruelty to Animals,0,0,,1,Low,0
Female,25 - 45,Asian,0,0,0,3.0,-1.0,F,Felony Driving While Lic Suspd,0,0,,3,Low,0
Female,Greater than 45,African-American,0,1,0,6.0,-19.0,F,Deliver Cocaine 1000FT Park,1,0,Resist/Obstruct W/O Violence,6,High,1
Male,Less than 25,African-American,1,0,0,7.0,-1.0,F,Possession of Cocaine,1,1,Operating W/O Valid License,7,Medium,1
Female,Greater than 45,Caucasian,0,1,0,1.0,0.0,F,arrest case no charge,1,0,,1,High,1
Male,25 - 45,Hispanic,0,0,0,1.0,-1.0,F,Burglary Conveyance Unoccup,1,1,Resist Officer w/Violence,1,High,1
Male,Less than 25,Asian,0,0,0,5.0,-1.0,F,"Poss3,4 Methylenedioxymethcath",1,1,Introduce Contraband Into Jail,5,High,1
Female,25 - 45,Hispanic,0,0,0,0.0,-1.0,F,Oper Motorcycle W/O Valid DL,0,0,,0,Low,0
Male,25 - 45,African-American,0,0,0,2.0,-13.0,F,Reckless Driving,0,0,,2,Low,0
Male,25 - 45,Other,0,0,0,1.0,-1.0,F,Felony DUI (level 3),0,0,,1,High,0
Female,25 - 45,Asian,1,0,0,1.0,-1.0,F,"Poss3,4 Methylenedioxymethcath",1,0,Resist/Obstruct W/O Violence,1,High,1
Female,Less than 25,African-American,1,0,1,2.0,-1.0,F,Possession of Cocaine,1,0,Burglary Dwelling Armed,2,High,1
Male,25 - 45,Hispanic,0,0,0,2.0,-1.0,M,Purchase Cannabis,0,0,,2,Low,0
Male,25 - 45,Asian,0,0,0,3.0,0.0,F,Possession of Cocaine,1,0,Resist/Obstruct W/O Violence,3,Low,1
Male,25 - 45,Caucasian,0,1,0,1.0,-1.0,F,Misuse Of 911 Or E911 System,1,0,Disobey Officer/Fireman,1,High,0
Male,25 - 45,Asian,1,5,0,13.0,-1.0,F,Uttering a Forged Instrument,0,0,,13,Medium,0
Male,25 - 45,Caucasian,0,0,0,3.0,-1.0,F,Possession of LSD,0,0,,3,Low,0
Male,Greater than 45,African-American,0,0,0,2.0,-26.0,F,Cruelty to Animals,1,0,Possess Cannabis 1000FTSch,2,Medium,1
Male,Less than 25,Hispanic,0,1,1,25.95497804330141,0.0,M,Battery,1,0,Possession of Cannabis,25,High,1
Male,Greater than 45,Hispanic,0,0,0,1.0,-1.0,F,Del of JWH-250 2-Methox 1-Pentyl,1,0,Fraud Use/Persnl ID Info/Deceased,1,Low,1
Female,Less than 25,African-American,0,0,1,8.0,0.0,M,arrest case no charge,1,1,Mandatory Susp Possess Alcohol,8,Medium,1
Female,Less than 25,Caucasian,0,0,0,3.0,-1.0,M,Battery,1,1,Home Invasion Robbery,3,High,1
Female,Greater than 45,Hispanic,0,0,0,1.0,-23.0,M,Battery,0,0,,1,Low,0
Female,Less than 25,Caucasian,0,0,0,0.0,0.0,F,Felony DUI (level 3),1,0,Trespass Other Struct/Convey,0,Medium,1
Male,25 - 45,Hispanic,0,0,0,1.0,-1.0,M,Battery,1,0,,1,Low,1
Male,25 - 45,Hispanic,0,0,0,2.0,-3.0,F,Sale/Del Cannabis At/Near Scho,0,0,,2,Low,0
Male,Greater than 45,Caucasian,0,0,0,0.0,-1.0,M,Battery,0,0,,0,Low,0
Male,25 - 45,Other,1,0,0,7.0,-1.0,F,Poss Unlaw Issue Driver Licenc,0,0,,7,Low,0
Female,25 - 45,Caucasian,0,0,0,1.0,-1.0,M,Battery,0,0,,1,Low,0
Female,25 - 45,Asian,0,1,1,3.0,-1.0,F,Poss/Sell/Del Cocaine 1000FT Sch,1,1,Aggravated Assault W/Dead Weap,3,High,1
Female,25 - 45,Hispanic,0,0,0,0.0,-1.0,F,Felony Battery w/Prior Convict,0,0,,0,High,0
Male,Greater than 45,Asian,0,0,0,0.0,-6.0,M,Possession of Oxycodone,0,0,,0,Low,0
Male,Greater than 45,Hispanic,0,0,0,6.0,-1.0,F,Possession of Morphine,1,0,Possess Drug Paraphernalia,6,Low,1
Male,Less than 25,Native American,0,0,0,3.0,-1.0,F,Poss Similitude of Drivers Lic,1,1,Introduce Contraband Into Jail,3,Low,1
Female,25 - 45,African-American,0,0,0,1.0,-1.0,M,Battery,0,0,,1,Low,0
Male,25 - 45,Caucasian,0,0,0,2.0,-1.0,F,Cruelty to Animals,1,0,Aggravated Battery / Pregnant,2,Low,1
Female,25 - 45,African-American,0,0,0,5.0,-2.0,F,arrest case no charge,1,0,Credit Card Theft,5,Medium,1
Female,25 - 45,Native American,0,0,1,8.0,-1.0,F,Aggravated Assault,1,0,Operating W/O Valid License,8,Medium,1
Female,Less than 25,Asian,0,0,0,1.0,-8.0,F,Petit Theft,1,0,Possess Drug Paraphernalia,1,Low,1
Female,Greater than 45,Other,0,0,0,0.0,-1.0,F,arrest case no charge,0,0,,0,Low,0
Male,25 - 45,Native American,0,0,0,8.0,0.0,F,"Poss3,4 Methylenedioxymethcath",1,0,No Wholesale/ Retail Dealer Lic,8,Medium,1
Female,Greater than 45,African-American,0,0,0,0.0,-1.0,M,Battery,0,0,,0,Low,0
Male,Less than 25,Caucasian,0,0,0,1.0,-1.0,F,Aggravated Battery / Pregnant,1,0,Mandatory Susp Possess Alcohol,1,Low,1
Male,25 - 45,Caucasian,0,0,0,0.0,-1.0,M,Battery,0,0,,0,Low,0
Female,Greater than 45,African-American,0,0,0,4.0,-1.0,F,Burglary Conveyance Armed,1,0,Operating W/O Valid License,4,Low,1
Male,Less than 25,African-American,0,0,0,4.0,-1.0,M,Assault,0,0,Fail Register Vehicle,4,Medium,0
Male,25 - 45,Asian,0,0,0,9.0,0.0,F,Possession of Cannabis,1,0,Intoxicating Beverages,9,Medium,1
Male,25 - 45,Caucasian,0,0,0,35.94479745112043,-7.0,F,Fraudulent Use of Credit Card,1,0,Trespass,35,Medium,1
Female,Less than 25,Hispanic,0,0,0,8.0,-1.0,F,arrest case no charge,0,0,,8,Low,0
Male,Less than 25,Caucasian,0,0,0,0.0,-1.0,M,Battery,1,1,Battery,0,Low,1
Female,25 - 45,Asian,0,0,0,0.0,-1.0,M,Battery,0,0,,0,Low,0
Male,25 - 45,African-American,0,0,0,0.0,-2.0,F,Grand Theft (Motor Vehicle),0,0,,0,Medium,0
Male,Greater than 45,Caucasian,0,0,0,5.0,-3.0,F,,0,0,,5,Low,0
Female,25 - 45,African-American,0,0,0,2.0,-1.0,F,Oper Motorcycle W/O Valid DL,0,0,,2,Medium,0
Female,25 - 45,Caucasian,0,0,0,0.0,-3.0,M,Fel Drive License Perm Revoke,0,0,,0,Low,0
Male,25 - 45,Other,0,0,0,1.0,-3.0,F,Petit Theft,0,0,,1,Low,0
Male,Less than 25,African-American,0,0,0,0.0,-1.0,M,Battery,0,0,,0,Low,0
Female,Greater than 45,African-American,0,0,0,0.0,-1.0,F,Grand Theft (Motor Vehicle),0,0,Prowling/Loitering,0,Low,0
Female,25 - 45,Caucasian,0,0,0,1.0,0.0,F,Felony Battery,1,0,Resist Merchant W Or W/O Viol,1,High,1
Male,25 - 45,Native American,0,0,0,10.0,-1.0,F,Driving While License Revoked,1,0,Possession of Cocaine,10,High,1
Female,25 - 45,Asian,0,0,0,4.0,0.0,F,"Poss3,4 Methylenedioxymethcath",0,0,,4,Low,0
Male,25 - 45,Caucasian,0,0,0,1.0,-1.0,F,Possession of Cocaine,1,0,Burglary Conveyance Unoccup,1,Low,1
Female,Greater than 45,Other,0,0,0,0.0,0.0,F,Deliver Cocaine 1000FT Park,1,1,Burglary Dwelling Armed,0,High,1
Female,Greater than 45,Hispanic,0,0,0,1.0,-1.0,F,Felony Driving While Lic Suspd,0,0,,1,Medium,0
Male,25 - 45,African-American,0,0,0,11.691629272607587,-1.0,F,Felony Battery w/Prior Convict,1,0,Tampering With Physical Evidence,12,High,1
Male,Less than 25,Asian,1,6,4,23.0,-1.0,F,Grand Theft of a Fire Extinquisher,1,0,Robbery / No Weapon,23,High,1
Female,Greater than 45,Caucasian,0,0,0,0.0,0.0,M,Use Scanning Device to Defraud,0,0,,0,Low,0
Male,Greater than 45,Asian,0,0,0,37.99929838745588,-1.0,F,Felony Battery w/Prior Convict,1,1,Resist/Obstruct W/O Violence,37,High,1
Male,Less than 25,Hispanic,0,0,0,4.0,-1.0,M,Reckless Driving,1,0,Trespass,4,Low,1
Female,Greater than 45,Native American,0,0,1,1.0,-1.0,F,Grand Theft of the 2nd Degree,1,0,Credit Card Theft,1,Low,1
Male,Greater than 45,Native American,0,0,0,9.0,-1.0,M,Driving While License Revoked,0,0,Possession of Cocaine,9,Medium,1
Male,25 - 45,Native American,0,0,1,3.0,-1.0,F,Carrying Concealed Firearm,1,0,Susp Drivers Lic 1st Offense,3,Low,0
Male,25 - 45,Hispanic,0,3,1,4.0,-1.0,M,arrest case no charge,1,0,Robbery Sudd Snatch No Weapon,4,High,1
Male,Less than 25,Other,0,0,0,19.0,29.152562985455553,F,Possession of Cocaine,1,0,Reckless Display Of Weapon,19,Medium,1
Male,Less than 25,Other,0,0,0,0.0,0.0,F,Assault,0,0,,0,Low,0
Male,Less than 25,African-American,0,0,0,1.0,-1.0,M,arrest case no charge,0,0,,1,Low,0
Female,Less than 25,Hispanic,0,0,0,0.0,-1.0,F,Aggravated Assault,1,0,Home Invasion Robbery,0,Medium,1
Male,25 - 45,African-American,0,0,0,2.0,-1.0,F,Neglect Child / No Bodily Harm,1,0,Possession of Cocaine,2,Low,1
Female,25 - 45,Hispanic,0,0,0,1.0,-1.0,M,Battery,1,1,False Ownership Info/Pawn Item,1,Medium,0
Female,Greater than 45,Caucasian,0,0,0,0.0,-1.0,F,Driving While License Revoked,0,0,,0,Low,0
Male,Less than 25,Other,0,0,0,0.0,-1.0,F,Possession of Cannabis,1,1,Grand Theft (Motor Vehicle),0,Low,1
Male,Less than 25,Other,0,0,0,7.0,0.0,F,Possession of Cannabis,1,0,Grand Theft (Motor Vehicle),7,Low,1
Male,Greater than 45,Caucasian,0,0,0,6.0,0.0,F,Purchase Cannabis,0,0,,6,Low,0
Male,Greater than 45,African-American,0,0,0,6.0,-1.0,F,Driving While License Revoked,1,0,Resist/Obstruct W/O Violence,6,High,1
Male,Less than 25,African-American,0,0,0,10.0,0.0,M,Driving License Suspended,1,0,Mandatory Susp Possess Alcohol,10,Low,0
Female,25 - 45,Caucasian,0,0,0,7.0,-1.0,F,arrest case no charge,1,0,Possess Cannabis/20 Grams Or Less,7,Medium,1
Male,25 - 45,Native American,0,0,0,13.0,-12.853419314258716,F,Poss Similitude of Drivers Lic,0,0,,13,Medium,1
Female,Less than 25,African-American,0,0,0,11.0,13.382683325785209,F,Petit Theft,1,1,Resist/Obstruct W/O Violence,11,Medium,1
Male,Greater than 45,Native American,0,0,0,5.0,16.0966516351943,F,Deliver Cocaine 1000FT Park,0,0,,5,High,0
Male,Less than 25,Caucasian,0,0,0,0.0,0.0,M,Battery,0,0,,0,Low,1
Male,25 - 45,Asian,0,0,0,0.0,0.0,M,Petit Theft,1,0,Possess Cannabis/20 Grams Or Less,0,Low,0
Male,Greater than 45,Caucasian,0,0,0,0.0,-4.0,F,"Poss3,4 Methylenedioxymethcath",0,0,,0,Medium,0
Male,25 - 45,Other,0,0,0,6.0,-1.0,F,Aggravated Assault,0,0,,6,Medium,0
Female,25 - 45,Asian,0,0,0,0.0,0.0,F,"Poss3,4 Methylenedioxymethcath",0,0,,0,Medium,0
Male,25 - 45,Native American,0,0,0,3.0,-1.0,F,arrest case no charge,0,0,,3,Low,0
Male,25 - 45,Asian,0,0,0,4.0,-1.0,F,Possession of Cocaine,1,1,Possession of Cocaine,4,High,1
Male,Greater than 45,Caucasian,0,0,0,11.0,-1.0,F,arrest case no charge,1,0,Resist/Obstruct W/O Violence,11,High,1
Male,Less than 25,Hispanic,0,0,0,0.0,0.0,M,Felony Driving While Lic Suspd,0,0,,0,Low,0
Male,25 - 45,African-American,0,0,0,0.0,0.0,F,Deliver Cocaine 1000FT Park,1,1,Battery,0,Low,1
Male,Greater than 45,Hispanic,0,0,0,0.0,-1.0,M,Assault,0,0,,0,Low,0
Male,Greater than 45,Caucasian,0,0,0,0.0,0.0,F,Posses/Disply Susp/Revk/Frd DL,1,0,Credit Card Theft,0,Low,0
Male,Greater than 45,Native American,0,0,0,0.0,-1.0,M,Purchase Cannabis,0,0,,0,Low,0
Male,25 - 45,Asian,0,0,0,1.0,0.0,F,Misuse Of 911 Or E911 System,0,0,,1,Low,0
Male,25 - 45,Asian,0,0,0,3.0,-28.0,M,arrest case no charge,0,0,No Wholesale/ Retail Dealer Lic,3,Low,0
Female,25 - 45,Caucasian,0,0,0,3.0,0.0,M,Driving Under The Influence,0,0,,3,Medium,0
Male,25 - 45,Asian,0,1,0,6.0,-21.0,F,Possession of Cocaine,1,0,,6,Medium,0
Male,Greater than 45,Caucasian,1,0,0,2.0,0.0,F,Attempted Burg/struct/unocc,1,0,Resist/Obstruct W/O Violence,2,High,1
Female,Greater than 45,Caucasian,0,0,0,0.0,0.0,F,Aggravated Battery / Pregnant,0,0,,0,Low,0
Female,Less than 25,Hispanic,0,1,0,5.0,-1.0,F,Agg Assault W/int Com Fel Dome,1,0,,5,Medium,1
Male,25 - 45,Caucasian,0,0,0,1.0,-1.0,M,Driving Under The Influence,1,0,Crim Use of Personal ID Info,1,Low,1
Male,25 - 45,Native American,0,0,0,3.0,-1.0,F,Battery,1,0,Tampering With Physical Evidence,3,Medium,1
Male,Less than 25,Asian,0,1,0,14.167048572506191,0.0,F,arrest case no charge,1,0,Possess Cannabis/20 Grams Or Less,14,High,1
Male,25 - 45,African-American,0,0,0,0.0,-1.0,F,Driving While License Revoked,0,0,,0,Low,0
Female,Greater than 45,African-American,0,0,0,21.000000000000004,-1.0,F,arrest case no charge,1,0,Possess Cannabis 1000FTSch,21,Medium,1
Female,25 - 45,Hispanic,0,0,0,1.0,-1.0,M,Poss Of Controlled Substance,0,0,,1,Medium,0
Male,Less than 25,Hispanic,0,0,0,3.0,-1.0,F,Fraudulent Use of Credit Card,1,1,Felony Battery w/Prior Convict,3,High,1
Male,Greater than 45,Other,0,0,0,15.0,0.0,F,Felony Driving While Lic Suspd,1,0,Fail Obey Driv Lic Restrictions,15,Medium,0
Male,25 - 45,African-American,1,0,0,5.0,0.0,F,Possession of Cocaine,0,0,,5,Medium,0
Female,25 - 45,African-American,0,0,0,8.0,-23.0,F,arrest case no charge,1,0,Resist/Obstruct W/O Violence,8,Medium,1
Female,Greater than 45,Other,0,0,0,2.0,-1.0,F,Aggrav Child Abuse-Causes Harm,0,0,,2,Medium,0
Male,25 - 45,Other,0,0,0,2.0,-26.0,M,Stalking,0,0,,2,Medium,0
Female,25 - 45,African-American,0,0,0,1.0,-2.0,F,Possession of Cannabis,0,0,,1,Low,0
Male,Less than 25,Other,0,1,0,5.0,-10.600993572002523,F,arrest case no charge,0,0,,5,Low,0
Male,Greater than 45,Asian,0,0,0,16.0,-1.0,F,Grand Theft (Motor Vehicle),1,0,Poss of Cocaine W/I/D/S 1000FT Park,16,High,1
Male,Less than 25,African-American,0,0,0,1.0,-1.0,M,Battery,0,0,,1,Low,0
Male,Greater than 45,Caucasian,0,0,0,2.0,-23.0,F,arrest case no charge,1,0,Burglary Unoccupied Dwelling,2,Low,1
Female,25 - 45,Hispanic,0,0,0,2.0,-1.0,M,Battery,0,0,,2,Low,0
Male,25 - 45,Native American,0,0,0,6.0,-1.0,F,arrest case no charge,1,1,Battery,6,Low,1
Female,Less than 25,Caucasian,0,0,0,2.0,0.0,F,arrest case no charge,1,0,Operating W/O Valid License,2,Low,1
Female,Greater than 45,African-American,0,0,0,2.0,-13.0,F,Possession of Oxycodone,0,0,,2,Low,0
Male,Less than 25,Other,0,0,0,7.0,-1.0,M,Battery,0,0,Aggravated Battery / Pregnant,8,Low,1
Male,25 - 45,African-American,0,0,0,1.0,-1.0,F,arrest case no charge,0,0,,1,Low,0
Male,Greater than 45,African-American,0,0,0,2.0,-1.0,F,False Motor Veh Insurance Card,0,0,,2,Low,0
Female,Less than 25,African-American,0,0,0,1.0,-1.0,F,,1,1,Burglary Dwelling Assault/Batt,1,Low,1
Female,Less than 25,Caucasian,0,0,1,3.0,0.0,F,Possession of Cocaine,0,0,,3,Medium,0
Female,Less than 25,Asian,0,0,0,1.0,-1.0,F,Poss Oxycodone W/Int/Sell/Del,0,0,,1,Low,0
Female,Greater than 45,African-American,0,0,0,3.0,0.0,F,arrest case no charge,1,0,Poss of Cocaine W/I/D/S 1000FT Park,3,Medium,1
Male,Less than 25,Native American,0,0,0,12.0,-22.0,F,Possession of Cocaine,1,0,Burglary Conveyance Unoccup,11,Low,1
Male,25 - 45,Hispanic,0,0,0,2.0,0.0,F,Felony Driving While Lic Suspd,0,0,,2,Low,0
Male,Less than 25,Asian,0,0,0,0.0,-1.0,M,Battery,1,1,Resist/Obstruct W/O Violence,0,Low,1
Male,Less than 25,Hispanic,0,0,0,9.0,-1.0,F,"Poss3,4 Methylenedioxymethcath",1,0,Sale/Del Cocaine Child Care Fac,9,High,1
Male,Greater than 45,Hispanic,0,0,0,5.0,-1.0,F,Driving While License Revoked,0,0,,5,Low,0
Male,Less than 25,Caucasian,0,0,0,0.0,-1.0,M,Battery,1,1,Murder in the First Degree,0,High,1
Female,25 - 45,Caucasian,0,0,0,0.0,-1.0,F,Susp Drivers Lic 1st Offense,0,0,,0,Medium,0
Female,Greater than 45,Other,0,0,0,2.0,-1.0,F,Burglary Conveyance Unoccup,1,0,Possess Cannabis/20 Grams Or Less,2,Low,1
Male,Less than 25,Other,0,0,0,0.0,0.0,F,Felony Battery w/Prior Convict,1,0,,0,Low,1
Female,25 - 45,Caucasian,0,0,0,2.0,-1.0,F,Possession of Cocaine,1,0,Possession of Cocaine,2,Medium,1
Female,Greater than 45,Hispanic,0,0,0,0.0,-1.0,M,Battery,0,0,,0,Low,0
Male,Greater than 45,Other,0,0,0,0.0,0.0,F,Driving While License Revoked,1,0,Grand Theft (Motor Vehicle),0,High,1
Male,Less than 25,Other,0,0,0,5.0,-1.0,F,arrest case no charge,0,0,Operating W/O Valid License,5,Low,1
Male,25 - 45,Caucasian,0,0,0,5.0,-1.0,F,Aggrav Battery w/Deadly Weapon,1,0,Unnatural/Lascivious Act,5,Low,1
Male,25 - 45,Asian,0,0,0,3.0,-1.0,M,Battery,0,0,,3,Low,0
Male,25 - 45,Hispanic,0,0,0,3.0,-4.0,M,Kidnapping / Domestic Violence,1,0,Susp Drivers Lic 1st Offense,3,Low,1
Male,Greater than 45,Caucasian,0,0,1,0.0,-1.0,F,Driving Under The Influence,0,0,,0,Low,0
Female,Less than 25,Caucasian,0,0,0,0.0,0.0,F,Armed Trafficking in Cannabis,0,0,,0,Low,0
Male,Less than 25,African-American,0,0,0,5.0,-1.0,F,Possession of Cannabis,0,0,,5,High,0
Male,Greater than 45,African-American,0,0,0,2.0,-1.0,F,False Ownership Info/Pawn Item,1,0,Possess Cannabis/20 Grams Or Less,2,Low,1
Male,Greater than 45,Asian,0,0,0,8.0,-1.0,M,Possession of Cannabis,0,0,,8,Low,0
Male,Greater than 45,Asian,0,0,0,1.0,-1.0,M,Battery,0,0,,1,Low,0
Male,25 - 45,Caucasian,0,0,0,0.0,-1.0,F,Grand Theft (Motor Vehicle),1,0,Possess Drug Paraphernalia,0,Low,1
Male,Less than 25,Native American,0,0,0,6.0,0.0,F,arrest case no charge,0,0,,6,Low,0
Male,25 - 45,African-American,0,0,1,1.0,0.0,F,"Poss3,4 Methylenedioxymethcath",1,0,Resist/Obstruct W/O Violence,1,High,1
Male,Greater than 45,Other,0,0,0,6.0,-1.0,F,Possession of Cocaine,1,0,Possession of Cocaine,6,Low,1
Male,Less than 25,Asian,0,0,0,5.0,-1.0,M,arrest case no charge,1,1,Resist/Obstruct W/O Violence,5,Medium,0
Male,Less than 25,Caucasian,0,0,0,2.0,-25.30997241955498,F,arrest case no charge,1,0,Burglary Dwelling Assault/Batt,2,Medium,1
Female,Less than 25,Native American,0,0,0,0.0,-1.0,M,Battery,0,0,,0,Low,0
Female,Greater than 45,Hispanic,0,0,1,11.0,0.0,F,Possession of Morphine,1,0,Susp Drivers Lic 1st Offense,11,Medium,1
Female,Less than 25,Native American,0,0,0,3.0,0.0,M,Driving Under The Influence,0,0,,3,Low,0
Female,Less than 25,Caucasian,0,0,1,0.0,0.0,F,Grand Theft (Motor Vehicle),0,0,,0,Medium,0
Male,25 - 45,Hispanic,0,0,2,3.0,-26.0,M,Assault,1,0,Tampering With Physical Evidence,3,Low,1
Male,Less than 25,Native American,0,0,0,2.0,-11.0,M,Driving License Suspended,1,0,Possess Cannabis 1000FTSch,2,Medium,1
Male,25 - 45,Caucasian,0,0,0,1.0,-1.0,F,False Ownership Info/Pawn Item,1,0,Resist/Obstruct W/O Violence,1,Low,1
Female,Less than 25,Native American,0,0,0,0.0,0.0,M,Driving Under The Influence,0,0,,0,Low,0
Male,Less than 25,Hispanic,0,0,0,6.0,-1.0,F,Uttering a Forged Instrument,1,0,Operating W/O Valid License,6,Medium,1
Female,25 - 45,Caucasian,0,0,0,3.0,0.0,F,Possession of Cocaine,0,0,,3,Low,0
Female,Less than 25,Caucasian,0,0,0,0.0,-1.0,F,Aggrav Child Abuse-Causes Harm,0,0,,0,Low,0
Female,25 - 45,Native American,0,0,0,1.0,-1.0,F,Possession of Cannabis,1,0,Possess Cannabis/20 Grams Or Less,1,High,1
Male,25 - 45,Other,1,0,0,2.0,-1.0,M,Battery,0,0,Traffick Oxycodone    14g><28g,2,Low,1
Female,25 - 45,Asian,0,0,0,5.0,0.0,F,Possession Of Methamphetamine,1,0,Resist/Obstruct W/O Violence,5,Low,1
Female,Less than 25,Asian,0,0,0,1.0,0.0,F,Possession of Cocaine,0,0,,1,Low,0
Male,Less than 25,Other,0,0,0,0.0,-1.0,F,Leave Acc/Attend Veh/More $50,1,1,Resist/Obstruct W/O Violence,0,Low,0
Male,Greater than 45,African-American,0,0,0,2.0,-28.0,F,Felony DUI (level 3),0,0,,2,Low,0
Male,Greater than 45,African-American,0,0,0,0.0,0.0,M,Poss Cocaine/Intent To Del/Sel,0,0,,0,Low,0
Male,25 - 45,Caucasian,0,0,0,22.0,0.0,F,"Poss3,4 Methylenedioxymethcath",1,1,Susp Drivers Lic 1st Offense,22,High,1
Male,Greater than 45,African-American,0,0,0,2.0,0.0,F,Del of JWH-250 2-Methox 1-Pentyl,1,0,Harass Witness/Victm/Informnt,2,Low,0
Male,Greater than 45,Other,0,0,0,0.0,-1.0,M,Battery,0,0,,0,High,0
Male,25 - 45,African-American,0,0,0,0.0,0.0,F,Possession of Cannabis,0,0,,0,Low,0
Male,Greater than 45,Hispanic,0,0,0,0.0,-1.0,F,Petit Theft,0,0,,0,Low,0
Male,25 - 45,Hispanic,0,0,0,0.0,-1.0,F,Felony Battery,0,0,,0,Low,0
Male,Greater than 45,Asian,0,0,4,0.0,-1.0,M,Battery,0,0,,0,Low,0
Male,Less than 25,Asian,0,0,0,1.0,-1.0,F,Burglary Conveyance Armed,1,0,Fail Register Vehicle,1,Low,0
Male,Less than 25,Native American,0,0,0,0.0,-1.0,F,Neglect Child / No Bodily Harm,0,0,,0,Low,0
Male,25 - 45,Caucasian,0,0,0,0.0,-1.0,M,Att Burgl Unoccupied Dwel,0,0,,0,High,0
Female,Greater than 45,African-American,0,0,0,3.0,-1.0,F,arrest case no charge,1,0,,3,Low,1
Male,25 - 45,Caucasian,3,0,1,13.0,-1.0,F,arrest case no charge,1,0,Violation License Restrictions,13,Low,1
Female,25 - 45,Hispanic,0,0,0,5.0,-2.0,F,"Poss3,4 Methylenedioxymethcath",0,0,,5,Low,0
Male,Less than 25,Asian,0,0,0,1.0,0.0,M,Battery,1,1,Battery,1,Low,1
Female,25 - 45,Native American,0,1,0,8.0,0.0,F,Driving While License Revoked,0,0,,8,High,0
Male,25 - 45,Native American,0,1,0,2.0,-24.0,M,Battery,1,0,Unlaw Use False Name/Identity,2,High,1
Male,25 - 45,African-American,0,0,0,5.0,-28.0,F,arrest case no charge,1,1,Felony Battery w/Prior Convict,5,High,1
Male,25 - 45,Other,0,0,1,5.0,0.0,F,Carrying Concealed Firearm,1,0,Possess Cannabis/20 Grams Or Less,5,Medium,1
Male,Greater than 45,Caucasian,0,0,0,5.0,-1.0,F,arrest case no charge,1,0,Grand Theft of the 2nd Degree,5,Medium,1
Male,Greater than 45,Hispanic,0,0,0,1.0,0.0,F,Grand Theft (Motor Vehicle),0,0,,1,High,0
Female,25 - 45,Caucasian,0,0,0,0.0,-1.0,F,Neglect Child / No Bodily Harm,0,0,,0,Low,0
Male,25 - 45,African-American,0,0,0,0.0,0.0,F,"Poss3,4 Methylenedioxymethcath",0,0,,0,Low,0
Female,25 - 45,Hispanic,0,0,0,0.0,-2.0,F,Poss Alprazolam W/int Sell/Del,1,0,Trespass/Property/Other Structure,0,Medium,1
Male,Greater than 45,Caucasian,0,0,0,0.0,-1.0,M,Battery,0,0,,0,Low,0
Male,Greater than 45,Native American,0,0,0,5.0,-1.0,F,Felony Driving While Lic Suspd,1,0,Possess Cannabis/20 Grams Or Less,5,Medium,1
Male,25 - 45,Caucasian,0,0,0,3.0,-1.0,F,Driving While License Revoked,0,0,,3,High,0
Male,25 - 45,Other,0,0,0,0.0,-1.0,M,Battery,0,0,,0,Medium,0
Male,25 - 45,Asian,0,0,0,2.0,-1.0,M,Battery,0,0,,2,Medium,0
Female,Less than 25,African-American,0,0,0,0.0,-1.0,F,Felony Battery,0,0,,0,Low,0
Male,Greater than 45,Caucasian,0,0,0,1.0,-1.0,M,Assault,0,0,,1,Low,0
Female,25 - 45,African-American,2,0,0,4.0,-1.0,M,Battery,1,1,Harass Witness/Victm/Informnt,4,Medium,1
Female,25 - 45,Native American,0,0,0,3.0,-1.0,M,arrest case no charge,1,0,Susp Drivers Lic 1st Offense,3,Medium,1
Male,Less than 25,African-American,2,0,0,16.0,-8.36227725879304,F,arrest case no charge,1,0,Unlaw Use False Name/Identity,16,High,0
Male,Greater than 45,Native American,0,1,0,3.0,-1.0,F,Burglary Conveyance Unoccup,1,0,Possess Cannabis/20 Grams Or Less,3,Low,1
Male,25 - 45,Caucasian,0,0,0,6.0,23.514708630702565,F,Driving While License Revoked,1,0,Unlaw Use False Name/Identity,6,Medium,1
Female,Greater than 45,Caucasian,0,0,0,5.0,-1.0,M,Battery,0,0,,5,Low,0
Female,25 - 45,Native American,0,0,0,3.0,-1.0,F,arrest case no charge,0,0,,3,Low,0
Male,25 - 45,Hispanic,0,0,0,2.0,-1.0,M,Battery,1,0,Mandatory Susp Possess Alcohol,2,Low,1
Male,Greater than 45,Caucasian,0,0,0,1.0,-15.913517377769265,F,Agg Assault W/int Com Fel Dome,0,0,,1,Low,0
Male,25 - 45,Caucasian,0,0,0,2.0,-13.885419476188872,F,arrest case no charge,0,0,,2,Medium,0
Female,25 - 45,African-American,0,0,0,0.0,0.0,M,Driving Under The Influence,0,0,,0,Low,0
Male,Less than 25,African-American,0,0,0,0.0,0.0,F,Cruelty to Animals,1,1,Operating W/O Valid License,0,Medium,1
Female,25 - 45,Caucasian,0,0,0,3.0,-1.0,M,Possession of Oxycodone,1,0,Possession of Cocaine,3,Medium,1
Female,25 - 45,Asian,0,0,0,9.0,0.0,F,Poss Unlaw Issue Driver Licenc,1,0,Sale/Del Cocaine Child Care Fac,9,High,1
Female,25 - 45,Other,0,0,0,5.0,-1.0,F,Reckless Driving,1,0,Introduce Contraband Into Jail,5,Medium,1
Male,Less than 25,African-American,0,0,0,0.0,0.0,F,Possession of Cannabis,0,0,,0,Low,0
Male,Less than 25,Other,0,0,0,0.0,-1.0,F,Burglary Conveyance Unoccup,0,0,,0,High,0
Female,Greater than 45,Other,0,0,0,0.0,-1.0,M,Battery,0,0,,0,Low,0
Female,Less than 25,African-American,0,0,3,2.0,-1.0,F,arrest case no charge,1,0,Disorderly Conduct,2,High,1
Male,Greater than 45,Caucasian,0,0,0,3.0,-1.0,F,,1,0,Operating W/O Valid License,3,Medium,1
Male,25 - 45,African-American,0,0,0,6.0,-1.0,F,arrest case no charge,1,0,,6,Low,0
Male,25 - 45,Other,0,0,0,0.0,-1.0,M,False Ownership Info/Pawn Item,0,0,,0,Low,0
Male,Greater than 45,Caucasian,0,0,0,2.0,0.0,M,Possession of Cannabis,1,0,Use Lost Or Stolen Credit Card,2,Low,0
Male,25 - 45,Hispanic,0,0,0,10.0,0.0,F,Possession of Cocaine,1,0,Resist/Obstruct W/O Violence,10,Low,1
Male,Greater than 45,Asian,0,0,0,0.0,0.0,M,Sale/Del Cannabis At/Near Scho,0,0,,0,Low,0
Male,25 - 45,Hispanic,0,0,0,5.0,-1.0,F,Leave Acc/Attend Veh/More $50,0,0,,5,High,0
Male,Greater than 45,Caucasian,0,0,0,0.0,-1.0,M,Battery,0,0,,0,Low,0
Female,Less than 25,African-American,0,0,0,0.0,-1.0,M,Battery,0,0,,0,Medium,0
Female,Less than 25,Caucasian,0,0,0,1.0,-1.0,F,arrest case no charge,0,0,,1,Low,0
Male,Greater than 45,African-American,0,0,0,2.0,-1.0,F,Felony Driving While Lic Suspd,1,0,Aggravated Battery / Pregnant,2,Low,1
Female,Less than 25,African-American,0,0,0,5.0,-1.0,M,Battery,1,1,Home Invasion Robbery,4,Medium,1
Female,Less than 25,Caucasian,0,0,0,3.0,-1.0,M,Battery,1,0,Aggravated Battery / Pregnant,3,Low,1
Male,Greater than 45,Hispanic,0,0,0,5.0,-1.0,F,Possession of Cocaine,1,0,Resist/Obstruct W/O Violence,5,Low,1
Male,Greater than 45,Native American,0,0,0,0.0,-1.0,F,Neglect Child / No Bodily Harm,0,0,,0,Low,0
Male,Less than 25,Native American,1,0,0,1.0,-1.0,F,arrest case no charge,1,0,Deliver Cocaine,1,Medium,1
Female,Greater than 45,Other,0,0,0,7.0,-30.0,F,False Ownership Info/Pawn Item,1,0,Tampering With Physical Evidence,7,Medium,1
Male,Less than 25,Caucasian,0,0,0,0.0,0.0,M,Viol Injunction Protect Dom Vi,0,0,No Wholesale/ Retail Dealer Lic,0,Low,0
Female,Greater than 45,Native American,0,0,0,9.0,0.0,M,Battery,1,0,Leaving the Scene of Accident,9,High,1
Female,25 - 45,Hispanic,0,0,1,5.0,-1.0,F,arrest case no charge,1,0,Resist/Obstruct W/O Violence,5,High,1
Female,Greater than 45,African-American,4,0,2,4.0,0.0,F,Poss/Sell/Del Cocaine 1000FT Sch,1,1,Felon in Pos of Firearm or Amm,4,Medium,1
Male,25 - 45,Caucasian,0,0,1,10.0,-8.0,F,Possession Of Alprazolam,1,0,Tampering With Physical Evidence,10,Medium,1
Female,Greater than 45,Caucasian,0,0,0,0.0,-1.0,M,Battery,0,0,,0,Low,0
Male,Less than 25,Hispanic,0,0,0,0.0,-1.0,M,Battery,0,0,,0,Medium,0
Male,Greater than 45,African-American,0,0,0,0.0,-1.0,F,Poss Unlaw Issue Driver Licenc,1,1,Traffick Oxycodone    14g><28g,0,Medium,1
Male,25 - 45,Hispanic,0,0,0,0.0,-1.0,F,Misuse Of 911 Or E911 System,0,0,,0,Low,0
Female,Less than 25,Caucasian,0,0,0,0.0,-1.0,M,Battery,0,0,,0,Low,0
Female,25 - 45,Caucasian,0,0,0,1.0,-2.0,M,Battery,0,0,,1,Medium,0
Male,Less than 25,Caucasian,0,0,0,5.0,0.0,M,Battery,0,0,,5,High,0
Female,25 - 45,Caucasian,0,0,0,1.0,-1.0,M,Battery,0,0,,1,Medium,0
Male,25 - 45,Caucasian,0,0,0,3.0,-1.0,M,Oper Motorcycle W/O Valid DL,1,0,Operating W/O Valid License,3,Low,1
Female,Greater than 45,Caucasian,0,0,0,1.0,0.0,M,Battery,0,0,,1,Low,0
Female,Greater than 45,Caucasian,0,0,0,1.0,-1.0,F,arrest case no charge,0,0,,1,Low,0
Male,Greater than 45,Caucasian,0,0,0,1.0,-1.0,F,arrest case no charge,1,0,Aggravated Battery / Pregnant,1,Medium,1
Male,Greater than 45,Caucasian,0,0,0,1.0,-3.0,F,Fel Drive License Perm Revoke,0,0,,1,Low,0
Male,Greater than 45,Native American,0,0,0,4.0,0.0,F,Driving While License Revoked,1,0,Fail Register Vehicle,4,Low,1
Female,25 - 45,Hispanic,0,0,0,1.0,-1.0,F,arrest case no charge,0,0,,1,Low,0
Male,Less than 25,African-American,0,0,0,2.0,-13.0,M,Petit Theft $100- $300,1,0,Fail Register Vehicle,2,Low,1
Female,Less than 25,Hispanic,0,0,0,0.0,-1.0,M,Battery,0,0,,0,Medium,0
Male,Greater than 45,African-American,0,0,0,8.0,0.0,M,Kidnapping / Domestic Violence,1,0,Resist Merchant W Or W/O Viol,8,Low,1
Male,Greater than 45,African-American,0,0,1,0.0,-1.0,M,Battery,1,1,Credit Card Theft,0,Medium,1
Male,25 - 45,African-American,0,0,0,7.0,-2.0,F,Driving While License Revoked,1,0,Open Carrying Of Weapon,7,High,1
Male,25 - 45,Caucasian,0,0,1,5.0,-1.0,F,Possession of Cannabis,1,0,Possess Cannabis/20 Grams Or Less,5,Medium,1
Female,25 - 45,Caucasian,0,0,0,0.0,-5.0,M,Driving Under The Influence,0,0,,0,Low,0
Female,Less than 25,African-American,0,0,0,0.0,0.0,M,Susp Drivers Lic 1st Offense,1,0,Introduce Contraband Into Jail,0,Medium,1
Female,Greater than 45,Other,0,0,0,3.0,-1.0,F,Purchase Cannabis,0,0,,3,Low,0
Male,25 - 45,Native American,0,0,0,0.0,0.0,M,Reckless Driving,0,0,,0,Low,0
Male,Greater than 45,African-American,0,0,0,3.0,-1.0,F,arrest case no charge,1,0,Possess Drug Paraphernalia,3,High,1
Male,Greater than 45,Hispanic,0,0,0,2.0,0.0,F,arrest case no charge,0,0,,2,Low,0
Male,Less than 25,Other,0,0,0,2.0,-17.307122057175206,F,Agg Assault W/int Com Fel Dome,1,1,Possess Cannabis/20 Grams Or Less,2,Low,1
Male,Less than 25,African-American,0,0,0,1.0,-1.0,M,arrest case no charge,0,0,,1,Low,0
Male,Less than 25,Hispanic,0,0,0,27.960055925978587,-1.0,F,Possession of Cocaine,1,0,Trespass Other Struct/Convey,28,High,1
Male,25 - 45,Hispanic,0,0,0,1.0,-1.0,F,arrest case no charge,1,1,Battery,1,Medium,1
Female,Less than 25,African-American,0,0,0,0.0,-1.0,F,arrest case no charge,1,1,Battery,0,Medium,1
Male,Less than 25,African-American,0,0,0,2.0,0.0,F,Driving While License Revoked,1,0,Possess Cannabis/20 Grams Or Less,2,Low,1
Male,25 - 45,Caucasian,0,0,0,1.0,-1.0,F,arrest case no charge,0,0,,1,Low,0
Male,Greater than 45,Caucasian,0,0,0,1.0,-1.0,F,arrest case no charge,0,0,,1,Low,0
Female,Greater than 45,Hispanic,0,0,0,2.0,-1.0,F,Felony Battery w/Prior Convict,1,0,,2,Low,0
Female,Greater than 45,Native American,0,0,1,0.0,-1.0,F,Grand Theft Dwell Property,1,1,Burglary Dwelling Armed,0,High,1
Male,Greater than 45,Caucasian,0,0,1,1.0,-1.0,M,Battery,1,0,Aggravated Battery / Pregnant,1,Low,1
Male,Greater than 45,Caucasian,0,0,0,0.0,-1.0,M,Burglary Conveyance Unoccup,0,0,,0,Low,0
Male,25 - 45,African-American,0,0,0,1.0,-1.0,F,Driving While License Revoked,0,0,,1,Low,0
Male,Greater than 45,Other,0,2,6,2.0,-3.0,F,Carry Open/Uncov Bev In Pub,1,1,Aggravated Assault W/Dead Weap,2,High,1
Female,Greater than 45,Native American,0,1,0,1.0,0.0,M,Assault,1,1,Trespass Structure/Conveyance,1,High,0
Male,25 - 45,Caucasian,0,0,0,0.0,-1.0,M,Battery,0,0,,0,Low,0
