sex,age_cat,race,juv_fel_count,juv_misd_count,juv_other_count,priors_count1,days_b_screening_arrest,c_charge_degree,c_charge_desc,is_recid,is_violent_recid,r_charge_desc,priors_count2,score_text,two_year_recid
Female,Greater than 45,Other,0,0,0,1.0,-1.0,F,Felony Battery (Dom Strang),0,0,,1,Medium,0
Female,Greater than 45,Asian,0,0,0,0.0,0.0,M,DUI Property Damage/Injury,1,0,,0,Low,0
Female,25 - 45,African-American,0,0,0,1.0,-20.21822618844606,F,Child Abuse,1,0,Susp Drivers Lic 1st Offense,1,Low,1
Male,Less than 25,African-American,0,0,0,2.0,-1.0,F,Grand Theft in the 3rd Degree,1,0,Opert With Susp DL 2nd Offens,2,Low,1
Female,25 - 45,Other,0,0,0,0.0,-1.0,M,Battery,0,0,,0,Medium,0
Male,25 - 45,Caucasian,0,0,0,0.0,-1.0,F,Grand Theft in the 3rd Degree,1,0,Resist/Obstruct W/O Violence,0,High,1
Male,25 - 45,Caucasian,0,0,0,0.0,-1.0,M,Possess Cannabis/20 Grams Or Less,0,1,Battery,0,Medium,1
Male,Less than 25,Other,0,0,0,0.0,0.0,M,DUI Property Damage/Injury,0,0,,0,Low,0
Female,Less than 25,Native American,0,0,0,0.0,-2.0,M,DUI Property Damage/Injury,0,0,,0,Low,0
Male,Greater than 45,Native American,0,0,0,1.0,-4.0,F,Pos Cannabis W/Intent Sel/Del,0,0,,1,Low,0
Male,Less than 25,African-American,0,3,0,7.0,-10.0,F,Poss Contr Subst W/o Prescript,0,0,Retail/Farm/Fare/Theft,7,High,1
Male,Less than 25,Hispanic,0,0,0,0.0,0.0,F,Aggravated Assault W/dead Weap,0,0,,0,Low,0
Male,25 - 45,Other,0,0,0,3.0,-1.0,M,Battery,0,0,,3,Medium,0
Male,25 - 45,Other,0,0,0,5.0,0.0,F,Possession of Cocaine,1,0,,5,Low,0
Female,25 - 45,Native American,0,0,0,7.0,0.0,M,Assault,1,0,Susp Drivers Lic 1st Offense,7,High,1
Female,Less than 25,Caucasian,0,0,0,6.0,-1.0,M,Battery,1,0,Resist/Obstruct W/O Violence,6,Low,1
Male,25 - 45,African-American,0,0,0,0.0,-1.0,F,Deliver Cocaine,0,0,,0,Medium,0
Female,Greater than 45,Asian,0,0,0,0.0,-3.0,F,Battery on Law Enforc Officer,0,0,,0,Low,0
Male,25 - 45,Hispanic,0,0,0,21.000000000000004,0.0,F,Driving While License Revoked,1,0,,21,Medium,1
Male,25 - 45,Caucasian,0,0,0,13.0,-1.0,F,Burglary Conveyance Unoccup,1,1,Battery,13,High,1
Male,Less than 25,Other,0,0,0,1.0,-17.0,F,Felony Battery (Dom Strang),0,0,,1,Low,0
Male,Greater than 45,Hispanic,0,0,0,0.0,-1.0,M,Battery,1,0,Unlaw LicTag/Sticker Attach,0,Low,1
Female,Less than 25,African-American,0,0,0,0.0,-1.0,F,Aggrav Battery w/Deadly Weapon,1,0,Driving License Suspended,0,Low,1
Male,25 - 45,Other,0,0,0,3.0,0.0,M,Battery,0,0,,3,High,0
Female,Less than 25,Caucasian,0,0,0,0.0,-1.0,M,Petit Theft,1,0,Resist/Obstruct W/O Violence,0,Medium,1
Male,Greater than 45,Native American,0,0,0,3.0,0.0,M,Petit Theft,0,0,,3,Medium,0
Female,Less than 25,Asian,0,0,0,0.0,-1.0,F,Burglary Conveyance Unoccup,0,0,,0,Low,0
Male,25 - 45,African-American,0,0,0,1.0,0.0,M,Possess Cannabis/20 Grams Or Less,1,0,Susp Drivers Lic 1st Offense,1,Low,1
Male,Less than 25,Asian,0,0,0,0.0,-1.0,M,Battery,0,0,,0,Low,0
Male,Less than 25,Caucasian,0,0,0,0.0,-1.0,F,Cruelty Toward Child,1,1,Aggravated Battery / Pregnant,0,Low,1
Male,Less than 25,Asian,1,0,0,2.0,15.410267097373918,M,Battery,1,0,Driving License Suspended,2,Medium,1
Male,Less than 25,Caucasian,0,0,0,1.0,-1.0,M,Battery,1,1,Battery,1,Low,1
Female,25 - 45,Native American,0,0,0,0.0,-1.0,F,Agg Battery Grt/Bod/Harm,0,0,,0,Low,0
Male,25 - 45,African-American,0,0,0,5.0,-1.0,F,Grand Theft in the 3rd Degree,1,0,Susp Drivers Lic 1st Offense,5,Medium,1
Male,Greater than 45,African-American,0,0,0,2.0,0.0,M,Battery,1,0,,2,Low,0
Male,Greater than 45,Asian,0,0,0,0.0,-1.0,M,Battery,0,0,,0,Low,0
Female,Greater than 45,Caucasian,0,0,0,6.0,-1.0,F,Possession of Cocaine,1,0,Susp Drivers Lic 1st Offense,6,Medium,1
Female,Greater than 45,Hispanic,1,0,0,16.0,-1.0,F,Possession of Cocaine,0,0,,16,Medium,0
Male,Less than 25,Native American,0,0,0,0.0,-1.0,F,Agg Battery Grt/Bod/Harm,0,0,,0,Low,0
Female,Greater than 45,Caucasian,0,0,1,4.0,-1.0,F,Robbery / No Weapon,1,0,Operating W/O Valid License,4,Medium,1
Female,25 - 45,African-American,0,0,0,0.0,-4.0,M,Battery,0,0,,0,Medium,0
Female,Less than 25,Hispanic,0,0,0,4.0,0.0,F,Grand Theft (Motor Vehicle),1,0,Opert With Susp DL 2nd Offens,4,Low,1
Female,Less than 25,Caucasian,0,0,1,1.0,-1.0,M,Tamper With Witness/Victim/CI,0,0,Drink/Premises Licensed Estab,1,High,0
Male,25 - 45,African-American,0,0,0,4.0,0.0,F,Driving While License Revoked,0,0,,4,Low,0
Female,Less than 25,Hispanic,0,0,0,0.0,-7.974221286312606,M,Driving Under The Influence,0,0,Opert With Susp DL 2nd Offens,0,Low,1
Female,Greater than 45,Hispanic,0,0,0,0.0,-1.0,M,Battery,1,0,Drinking Alch Beverage In Open,0,Low,1
Female,Less than 25,Native American,0,0,0,1.0,-1.0,F,Possession Of Methamphetamine,1,0,Fail Register Vehicle,1,Low,1
Male,Greater than 45,African-American,0,0,0,1.0,-1.0,M,Battery,1,0,Susp Drivers Lic 1st Offense,1,Low,1
Female,Less than 25,Other,0,0,0,3.0,0.0,F,Felony Batt(Great Bodily Harm),1,0,Fail Register Vehicle,3,Medium,1
Male,Less than 25,Caucasian,0,0,0,1.0,-3.0,M,Leave Acc/Attend Veh/More $50,0,0,,1,Low,0
Male,Greater than 45,Hispanic,0,0,1,0.0,-1.0,F,Uttering a Forged Instrument,0,0,,0,Low,0
Male,25 - 45,Native American,0,0,2,1.0,-1.0,F,Possession Of Alprazolam,0,0,,1,Low,0
Male,Greater than 45,Asian,0,0,0,0.0,-2.0,F,Grand Theft in the 3rd Degree,0,0,,0,Low,0
Male,Less than 25,Asian,0,0,0,2.0,-12.414959797382778,M,Driving Under The Influence,0,0,,2,Low,0
Male,25 - 45,Caucasian,0,0,0,2.0,-23.0,M,DUI Level 0.15 Or Minor In Veh,0,0,,2,Low,0
Male,25 - 45,Caucasian,0,0,0,4.0,-1.0,M,Possess Cannabis/20 Grams Or Less,1,0,Resist/Obstruct W/O Violence,4,Low,1
Female,Greater than 45,African-American,0,0,0,2.0,-1.0,F,Poss Pyrrolidinovalerophenone,1,0,Operating W/O Valid License,2,Low,1
Male,Less than 25,Other,0,0,1,2.0,-1.0,F,Shoot Into Vehicle,1,0,,2,High,1
Female,Less than 25,Asian,0,0,0,1.0,-1.0,F,Resist Officer w/Violence,0,0,,1,Low,0
Male,Greater than 45,Other,1,0,0,18.0,0.0,F,Felony Battery w/Prior Convict,1,0,Opert With Susp DL 2nd Offens,18,Medium,1
Male,Greater than 45,Caucasian,0,0,0,0.0,-1.0,M,Driving Under The Influence,0,0,,0,Low,1
Female,Greater than 45,Other,0,0,0,0.0,-1.0,M,Battery,0,0,,0,Low,0
Female,Less than 25,Native American,0,2,0,3.0,-1.0,F,Possession of Cannabis,1,0,,3,High,1
Male,25 - 45,Asian,0,0,0,9.0,-1.0,F,Possession of Cannabis,0,0,,9,Medium,0
Female,25 - 45,Other,0,0,0,0.0,-1.0,M,Battery,0,0,,0,Medium,0
Male,Greater than 45,Caucasian,0,0,0,5.0,0.0,F,Felony Driving While Lic Suspd,0,0,,5,Medium,0
Female,25 - 45,Asian,0,0,0,0.0,-1.0,F,Cruelty Toward Child,0,0,Operating W/O Valid License,0,Low,1
Male,Less than 25,African-American,0,0,0,4.0,-1.0,F,Aggrav Battery w/Deadly Weapon,0,0,,4,Low,0
Male,Less than 25,African-American,0,1,1,24.0,-1.0,M,Battery,1,0,Susp Drivers Lic 1st Offense,24,High,1
Male,Less than 25,Other,0,0,0,1.0,-1.0,M,Viol Injunct Domestic Violence,0,0,Driving License Suspended,1,Low,0
Male,25 - 45,Hispanic,0,0,0,3.0,-1.0,F,Possession Of Heroin,1,0,,3,Low,1
Female,Greater than 45,African-American,0,0,0,1.0,-1.0,M,Battery,0,0,,1,Low,0
Female,Greater than 45,Other,0,0,0,0.0,-1.0,F,Prowling/Loitering,0,0,,0,Low,0
Male,25 - 45,Asian,0,0,0,0.0,-2.0,F,Leave Acc/Attend Veh/More $50,0,0,,0,Low,0
Female,Greater than 45,African-American,0,0,0,0.0,-1.0,F,Felony Battery (Dom Strang),0,0,,0,Low,0
Female,Greater than 45,African-American,0,0,0,2.0,-1.0,F,Unlaw LicTag/Sticker Attach,0,0,,2,Low,0
Female,Greater than 45,Native American,0,0,0,5.0,-1.0,M,Battery,1,1,False Imprisonment,5,High,1
Male,Greater than 45,Asian,0,0,0,1.0,0.0,F,Pos Cannabis W/Intent Sel/Del,1,0,Operating W/O Valid License,1,Medium,1
Male,Greater than 45,African-American,0,0,0,1.0,0.0,F,Possession of Cannabis,0,0,,1,Low,0
Female,Greater than 45,African-American,0,0,0,2.0,-1.0,M,Neglect Child / No Bodily Harm,0,0,,2,Low,0
Female,Less than 25,Caucasian,0,0,0,0.0,0.0,M,Battery,0,0,,0,Low,0
Female,Greater than 45,Asian,0,0,0,2.0,-1.0,F,Aggravated Battery,0,0,,2,Medium,0
Female,Less than 25,African-American,0,0,0,0.0,-1.0,M,Battery,1,0,,0,Medium,0
Male,25 - 45,Other,0,0,0,6.0,-1.0,F,Uttering a Forged Instrument,1,0,,6,High,1
Male,Less than 25,Native American,0,0,1,0.0,-1.0,F,Possession of Cocaine,1,1,Aid/Abet Burglary Assault/Batt,0,High,1
Male,25 - 45,Asian,0,1,0,6.0,0.0,F,Aggravated Battery / Pregnant,1,0,Opert With Susp DL 2nd Offens,6,High,1
Male,Greater than 45,Asian,0,0,0,6.0,-1.0,F,Felony Driving While Lic Suspd,0,0,,6,Medium,0
Female,Greater than 45,Asian,0,0,0,0.0,-1.0,F,Felony Battery (Dom Strang),0,0,,0,Low,0
Male,Greater than 45,Native American,0,0,0,11.0,0.0,F,Driving While License Revoked,1,0,Driving License Suspended,11,High,1
Male,Less than 25,Other,0,0,0,5.0,-1.0,F,Crim Use of Personal ID Info,1,0,Susp Drivers Lic 1st Offense,5,Medium,1
Female,25 - 45,Hispanic,0,0,0,0.0,0.0,F,Aggravated Battery,0,0,,0,Low,0
Male,25 - 45,Caucasian,0,0,0,3.0,0.0,F,Felony Battery (Dom Strang),1,0,Driving License Suspended,3,Low,1
Male,Greater than 45,African-American,0,0,0,7.0,-1.0,M,Driving License Suspended,0,0,,7,Medium,0
Female,Less than 25,Caucasian,0,0,0,13.0,-1.0,F,Resist/Obstruct W/O Violence,1,0,,13,High,1
Female,Less than 25,Asian,0,0,0,8.0,-1.0,M,Aggrav Battery w/Deadly Weapon,1,1,Resist/Obstruct W/O Violence,8,Medium,0
Male,Less than 25,African-American,0,0,0,5.0,-22.0,F,Possession Of Heroin,1,0,Opert With Susp DL 2nd Offens,5,Medium,1
Female,Greater than 45,Native American,0,0,0,3.0,-1.0,F,Grand Theft in the 3rd Degree,1,0,Resist/Obstruct W/O Violence,3,Medium,1
Female,Less than 25,Asian,0,0,0,14.0,-1.0,F,Unlaw LicTag/Sticker Attach,1,0,Operating W/O Valid License,14,Medium,1
Female,Greater than 45,Asian,0,0,0,0.0,0.0,F,Possession of Cocaine,0,0,,0,Medium,0
Female,Less than 25,African-American,0,1,0,16.0,-1.0,F,Poss of Cocaine W/I/D/S 1000FT Park,1,1,False Imprisonment,16,High,1
Male,Greater than 45,Asian,0,0,0,3.0,-1.0,F,Burglary Unoccupied Dwelling,0,0,,3,Medium,0
Female,25 - 45,Other,0,0,0,2.0,-1.0,F,Uttering a Forged Instrument,1,0,Resist/Obstruct W/O Violence,2,Medium,1
Male,25 - 45,Caucasian,0,0,0,3.0,-1.0,M,Battery,1,0,Driving License Suspended,3,Low,1
Male,25 - 45,Other,0,0,0,1.0,-1.0,F,Robbery / No Weapon,0,0,,1,Low,0
Female,Greater than 45,Other,0,0,3,2.0,-1.0,F,Dealing in Stolen Property,1,0,Fail Register Vehicle,2,High,1
Male,25 - 45,Native American,2,1,0,13.0,-1.0,F,Deliver Cocaine,1,0,Operating W/O Valid License,13,Medium,1
Female,Greater than 45,Other,0,0,1,2.0,-1.0,M,Possess Cannabis/20 Grams Or Less,1,0,Driving License Suspended,2,High,0
Female,25 - 45,Asian,0,0,0,0.0,-4.0,F,Burglary Dwelling Assault/Batt,1,0,Operating W/O Valid License,0,Medium,1
Female,Less than 25,Caucasian,0,3,2,14.0,0.0,F,Unlicensed Telemarketing,1,1,Robbery / Weapon,14,High,1
Female,Less than 25,Native American,0,0,0,1.0,0.0,F,Battery on Law Enforc Officer,1,0,Susp Drivers Lic 1st Offense,1,Low,1
Female,Greater than 45,Native American,0,0,0,9.0,-1.0,F,Poss Of Controlled Substance,0,0,,9,Medium,0
Male,25 - 45,Caucasian,0,0,0,0.0,0.0,M,Battery,0,0,,0,Low,0
Female,Greater than 45,Asian,0,0,0,0.0,-1.0,M,Battery,1,1,Battery,0,Low,1
Female,Less than 25,Asian,0,0,0,0.0,-2.0,M,DUI Level 0.15 Or Minor In Veh,0,0,,0,Low,0
Female,25 - 45,Native American,0,0,1,3.0,0.0,F,Poss F/Arm Delinq,1,0,Opert With Susp DL 2nd Offens,3,High,1
Female,Greater than 45,African-American,0,0,0,5.0,0.0,F,"Poss3,4 Methylenedioxymethcath",1,0,Operating W/O Valid License,5,High,1
Male,Less than 25,Asian,0,0,0,6.0,-1.0,F,Pos Cannabis W/Intent Sel/Del,1,0,,6,Low,0
Male,25 - 45,Hispanic,0,0,0,4.0,-1.0,F,Grand Theft in the 3rd Degree,1,0,Resist/Obstruct W/O Violence,4,Medium,1
Female,25 - 45,Caucasian,0,0,0,1.0,-1.0,F,Poss Contr Subst W/o Prescript,0,0,,1,Medium,0
Female,Greater than 45,Native American,0,0,0,0.0,-1.0,F,Aggrav Battery w/Deadly Weapon,1,1,Aid/Abet Burglary Assault/Batt,0,Low,1
Female,Greater than 45,Native American,0,0,0,1.0,-1.0,M,Battery,0,0,Driving License Suspended,1,Medium,0
Male,Greater than 45,Asian,0,0,0,0.0,0.0,F,Disorderly Intoxication,0,0,,0,Low,0
Male,Less than 25,Other,0,0,0,8.0,-1.0,F,Possession of Cocaine,1,0,,8,Medium,1
Female,25 - 45,Native American,0,0,0,0.0,-1.0,M,Battery,1,0,Operating W/O Valid License,0,Low,1
Female,25 - 45,African-American,0,0,0,1.0,-1.0,F,Crim Use of Personal ID Info,0,0,,1,Medium,0
Female,Greater than 45,African-American,0,0,0,10.0,-1.0,F,Exposes Culpable Negligence,1,0,Opert With Susp DL 2nd Offens,10,Medium,1
Female,Greater than 45,Hispanic,0,0,1,1.0,-1.0,F,Possession of Cannabis,0,0,,1,Medium,0
Female,Greater than 45,African-American,0,0,0,0.0,-1.0,M,Battery,0,0,,0,Medium,0
Female,25 - 45,Other,0,0,0,2.0,-1.0,M,Aggravated Assault W/Dead Weap,0,0,,2,Low,0
Male,Greater than 45,Hispanic,0,1,1,3.0,0.0,M,Battery,1,0,Fail Register Vehicle,3,High,1
Male,Greater than 45,Asian,0,0,0,0.0,-1.0,F,Possession of Cannabis,0,0,,0,Low,0
Male,Greater than 45,Hispanic,0,0,0,2.0,-1.0,M,Battery,1,1,Battery,2,Medium,1
Female,Greater than 45,Other,0,0,0,0.0,-1.0,F,Child Abuse,0,0,,0,Low,0
Male,Greater than 45,African-American,0,0,0,4.0,-1.0,F,Driving While License Revoked,0,0,,4,Low,0
Female,Less than 25,African-American,0,0,0,0.0,-1.0,F,Grand Theft in the 3rd Degree,0,0,,0,Low,0
Male,25 - 45,Native American,0,0,0,0.0,-1.0,M,Battery,0,0,,0,Low,1
Male,Greater than 45,Asian,0,0,0,13.0,-1.0,F,Felony Petit Theft,1,0,Resist/Obstruct W/O Violence,13,Medium,1
Female,Greater than 45,Caucasian,0,0,0,0.0,0.0,M,Battery,0,0,,0,Low,0
Female,Greater than 45,African-American,0,0,0,6.0,0.0,F,Child Abuse,0,0,,6,Low,0
Male,Greater than 45,Native American,0,0,0,0.0,-1.0,M,Battery,0,0,,0,Low,0
Female,25 - 45,Asian,2,0,0,2.0,-1.0,F,Grand Theft in the 3rd Degree,1,0,Operating W/O Valid License,2,High,1
Male,Greater than 45,Native American,0,0,0,6.0,0.0,M,Susp Drivers Lic 1st Offense,1,0,Driving License Suspended,6,High,1
Male,25 - 45,Other,0,0,0,1.0,0.0,M,Driving Under The Influence,0,0,,1,Low,0
Female,25 - 45,Other,0,0,0,0.0,-1.0,M,Battery,1,0,Driving License Suspended,0,Low,1
Male,Less than 25,Asian,0,1,0,12.0,-1.0,F,Viol Pretrial Release Dom Viol,1,1,False Imprisonment,12,High,1
Male,25 - 45,African-American,0,0,0,7.0,-1.0,F,Prowling/Loitering,1,0,,7,High,1
Female,25 - 45,African-American,0,0,0,0.0,-1.0,M,Operating W/O Valid License,0,0,,0,Low,0
Female,Less than 25,Native American,0,2,0,21.000000000000004,-1.0,F,Aggravated Assault w/Firearm,1,0,Trafficking 4-14 Grams Heroin,21,Medium,1
Male,25 - 45,Asian,0,0,0,6.0,-1.0,F,Deliver Cannabis,1,0,Susp Drivers Lic 1st Offense,6,Low,1
Female,Less than 25,Caucasian,0,0,0,5.0,-1.0,F,Felony Petit Theft,1,0,Operating W/O Valid License,5,High,1
Male,Less than 25,Native American,0,0,0,0.0,-3.0,M,Possess Cannabis/20 Grams Or Less,0,0,,0,High,0
Male,Greater than 45,Other,0,0,0,0.0,-1.0,M,Battery,0,0,,0,Low,0
Male,Less than 25,African-American,0,0,0,2.0,-1.0,F,Viol Injunct Domestic Violence,1,1,Resist/Obstruct W/O Violence,2,Low,1
Male,Greater than 45,Other,0,0,0,0.0,0.0,M,Susp Drivers Lic 1st Offense,0,0,,0,Low,0
Female,25 - 45,Asian,0,0,0,2.0,-1.0,F,Possession of Cocaine,0,0,Susp Drivers Lic 1st Offense,2,High,1
Male,Greater than 45,Hispanic,0,0,0,0.0,-1.0,M,DUI Property Damage/Injury,0,0,,0,Low,0
Male,Less than 25,African-American,0,0,0,1.0,-3.0,F,Resist/Obstruct W/O Violence,0,0,,1,Low,0
Female,25 - 45,Hispanic,0,0,0,0.0,-1.0,F,Deliver Cocaine,1,1,Battery,0,Low,1
Female,Less than 25,Hispanic,0,0,0,0.0,-1.0,F,Aggravated Assault W/Dead Weap,0,0,,0,Low,0
Male,Greater than 45,Hispanic,0,0,0,21.000000000000004,-1.0,F,Felony Petit Theft,1,0,Driving License Suspended,21,High,1
Female,Greater than 45,African-American,0,0,0,0.0,0.0,F,Possession of Cocaine,1,1,Battery,0,Medium,1
Female,Greater than 45,Hispanic,0,0,0,5.0,-1.0,F,False Imprisonment,1,0,Driving License Suspended,5,Medium,1
Male,Less than 25,Caucasian,0,0,0,0.0,-1.0,M,Battery,0,0,,0,High,0
Male,Less than 25,Native American,0,0,0,2.0,-1.0,M,Disorderly Conduct,1,0,Susp Drivers Lic 1st Offense,2,Medium,1
Male,Greater than 45,Other,0,0,0,1.0,-13.955128142912802,F,Viol Injunct Domestic Violence,0,0,,1,Low,0
Male,25 - 45,Caucasian,0,0,0,2.0,0.0,F,Disorderly Intoxication,1,0,,2,High,0
Female,25 - 45,Asian,0,0,1,2.0,-2.0,F,Prowling/Loitering,0,0,,2,High,0
Male,25 - 45,African-American,0,0,1,0.0,-1.0,M,Burglary Structure Unoccup,0,0,,0,Low,0
Female,Less than 25,African-American,0,0,1,3.0,0.0,F,Possession Burglary Tools,0,0,,3,High,0
Female,Greater than 45,African-American,0,0,1,3.0,-1.0,F,Felony Battery (Dom Strang),0,0,Fail Register Vehicle,3,Low,1
Female,Greater than 45,Hispanic,1,0,1,9.0,-1.0,F,Grand Theft in the 3rd Degree,1,0,Fail Register Vehicle,9,High,1
Female,Less than 25,African-American,0,0,0,0.0,-1.0,F,"Poss3,4 Methylenedioxymethcath",0,0,,0,Medium,0
Female,Less than 25,Native American,0,0,0,0.0,-1.0,F,Child Abuse,1,0,Opert With Susp DL 2nd Offens,0,Low,1
Male,25 - 45,Caucasian,0,0,0,0.0,0.0,M,Criminal Mischief Damage <$200,0,0,,0,Low,0
Male,Less than 25,African-American,0,0,0,0.0,0.0,F,Carrying Concealed Firearm,0,0,,0,Medium,0
Male,25 - 45,Caucasian,0,0,0,0.0,-1.0,F,Grand Theft in the 3rd Degree,0,0,,0,Low,0
Female,25 - 45,Caucasian,0,0,0,0.0,0.0,M,Battery,0,0,,0,Medium,0
Male,Greater than 45,Native American,0,5,1,19.0,-1.0,M,Manslaughter W/Weapon/Firearm,0,0,,19,High,0
Male,Greater than 45,Other,0,0,0,1.0,-23.0,M,DUI Property Damage/Injury,0,0,,1,Low,0
Male,Greater than 45,Other,0,0,0,8.0,-1.0,F,Felony Driving While Lic Suspd,1,0,Opert With Susp DL 2nd Offens,8,Medium,1
Male,Greater than 45,African-American,1,0,0,2.0,-1.0,F,Possession of Cocaine,1,0,,2,High,0
Female,Greater than 45,Asian,0,0,0,0.0,0.0,F,Pos Cannabis W/Intent Sel/Del,1,1,False Imprisonment,0,Low,1
Male,25 - 45,Caucasian,0,0,0,2.0,-24.63254332497781,F,Possession of Cocaine,1,0,Susp Drivers Lic 1st Offense,2,Medium,1
Male,Greater than 45,Hispanic,0,0,3,0.0,-1.0,M,Possess Tobacco Product Under 18,0,0,,0,Medium,0
Male,25 - 45,African-American,0,0,0,0.0,-1.0,M,Criminal Mischief Damage <$200,0,0,,0,Low,0
Female,Less than 25,Caucasian,0,0,0,1.0,-1.0,M,Battery,0,0,,1,Medium,0
Male,25 - 45,African-American,0,0,0,1.0,-1.0,F,Aggravated Battery / Pregnant,1,1,Battery,1,Low,1
Male,25 - 45,African-American,0,0,0,7.0,0.0,M,Petit Theft,1,0,Susp Drivers Lic 1st Offense,7,High,1
Female,Greater than 45,Native American,0,0,0,1.0,1.5217523521376037,M,Viol Injunct Domestic Violence,1,1,Resist/Obstruct W/O Violence,1,Low,1
Female,25 - 45,African-American,0,0,0,0.0,-1.0,M,Grand Theft (Motor Vehicle),0,0,,0,Medium,0
Male,25 - 45,Other,0,0,0,3.0,-27.0,M,Battery,1,0,Driving License Suspended,3,Low,1
Male,Less than 25,African-American,0,0,0,0.0,0.0,M,Driving Under The Influence,0,0,,0,Low,0
Female,25 - 45,African-American,0,0,0,0.0,0.0,F,Counterfeit Lic Plates/Sticker,0,0,,0,Medium,0
Female,Less than 25,Caucasian,0,0,0,2.0,-1.0,F,Aggravated Battery / Pregnant,1,0,Resist/Obstruct W/O Violence,2,Medium,1
Male,Greater than 45,Native American,0,0,0,5.0,-17.0,M,Poss Contr Subst W/o Prescript,1,0,Opert With Susp DL 2nd Offens,5,Medium,1
Male,Less than 25,Other,0,0,0,0.0,-2.0,F,Possession of Oxycodone,0,0,,0,Low,0
Male,Greater than 45,Asian,0,0,0,5.0,-1.0,F,Crimin Mischief Damage $1000+,0,0,,5,Low,0
Female,25 - 45,African-American,0,0,0,0.0,-1.0,M,Battery,1,0,Resist/Obstruct W/O Violence,0,Low,1
Male,Greater than 45,Hispanic,0,0,0,0.0,-1.0,F,Possession Of Alprazolam,0,0,,0,Medium,0
Male,25 - 45,Asian,0,0,0,6.0,-1.0,M,Battery,1,0,Resist/Obstruct W/O Violence,6,Medium,1
Male,Less than 25,Hispanic,0,0,0,1.0,-1.0,F,Felony Petit Theft,1,0,,1,Medium,1
Male,25 - 45,Native American,0,0,0,1.0,-14.0,F,Felony Batt(Great Bodily Harm),0,0,,1,Low,0
Male,25 - 45,African-American,0,0,0,2.0,-1.0,M,Aggravated Assault W/Dead Weap,1,0,Opert With Susp DL 2nd Offens,2,Medium,1
Male,Greater than 45,Other,0,0,0,0.0,0.0,F,Possession Of Methamphetamine,0,0,,0,Medium,0
Male,Greater than 45,Caucasian,0,0,0,9.0,-12.092538925877786,M,Unlaw LicTag/Sticker Attach,1,1,Battery,9,High,1
Female,Greater than 45,Hispanic,0,0,0,6.0,0.0,F,Possession of Cocaine,1,1,False Imprisonment,6,Medium,1
Male,Less than 25,Asian,0,0,0,0.0,0.0,F,Burglary Dwelling Assault/Batt,0,0,,0,Low,0
Female,25 - 45,Asian,0,0,0,1.0,-1.0,F,Possession of Cannabis,1,0,Susp Drivers Lic 1st Offense,1,Low,1
Male,25 - 45,Asian,0,0,0,8.0,-1.0,F,Possession of Cocaine,1,0,,8,Medium,1
Female,Greater than 45,Caucasian,0,0,0,0.0,-1.0,M,Petit Theft,0,0,Unlaw LicTag/Sticker Attach,0,Medium,1
Female,Less than 25,Other,0,0,0,2.0,-1.0,F,Deliver Cocaine,1,1,Resist/Obstruct W/O Violence,2,Low,1
Female,Greater than 45,Caucasian,0,0,0,2.0,0.0,F,Pos Cannabis W/Intent Sel/Del,0,0,,2,Low,0
Male,Less than 25,Native American,0,0,0,19.0,-1.0,F,Felony Petit Theft,1,1,Resist/Obstruct W/O Violence,19,High,1
Female,25 - 45,Hispanic,0,0,0,13.0,0.0,F,Aggravated Assault W/dead Weap,0,0,,13,High,0
Male,25 - 45,African-American,0,0,0,2.0,-1.0,F,Crimin Mischief Damage $1000+,1,1,Battery,2,Medium,1
Male,25 - 45,Hispanic,0,0,0,4.0,-1.0,F,Resist Officer w/Violence,1,0,Driving License Suspended,4,Medium,1
Female,25 - 45,Hispanic,0,0,0,1.0,-1.0,M,Battery,1,0,Fail Register Vehicle,1,Medium,1
Female,Less than 25,African-American,0,0,0,4.0,-1.0,F,Possession of Cannabis,1,0,Resist/Obstruct W/O Violence,4,Low,1
Male,Greater than 45,Other,0,0,0,2.0,-1.0,M,Driving Under The Influence,0,0,,2,Low,0
Male,Less than 25,Hispanic,0,0,0,2.0,-1.0,M,Resist/Obstruct W/O Violence,1,0,Opert With Susp DL 2nd Offens,2,Low,1
Female,Less than 25,Hispanic,0,0,0,3.0,-1.0,F,Burglary Conveyance Unoccup,1,0,Driving License Suspended,3,Medium,1
Male,Greater than 45,Asian,0,0,0,4.0,-1.0,F,Tamper With Witness/Victim/CI,1,0,Driving License Suspended,4,Low,1
Male,Greater than 45,Other,0,0,0,0.0,-1.0,F,Uttering a Forged Instrument,0,0,,0,Low,0
Female,Greater than 45,Caucasian,0,0,0,0.0,0.0,M,Battery,1,1,Aid/Abet Burglary Assault/Batt,0,Low,1
Female,Greater than 45,African-American,0,0,0,0.0,-1.0,M,Battery,0,0,,0,Medium,0
Female,Greater than 45,Asian,0,0,0,11.0,0.0,F,Unauth Poss ID Card or DL,1,0,Operating W/O Valid License,11,Medium,1
Male,Less than 25,Caucasian,0,0,0,10.0,-1.0,F,Felony Battery (Dom Strang),1,0,Resist/Obstruct W/O Violence,10,Medium,1
Male,25 - 45,Native American,0,0,0,2.0,-2.0,F,Possession Burglary Tools,0,0,,2,Low,0
Male,25 - 45,Other,0,0,2,0.0,0.0,F,Possession of Cocaine,0,0,,0,Medium,0
Male,Less than 25,Caucasian,0,0,0,2.0,-1.0,F,Exposes Culpable Negligence,0,0,,2,Low,0
Male,Greater than 45,Hispanic,0,0,1,11.0,-1.0,F,Possession of Cocaine,1,0,Fail Register Vehicle,11,High,1
Male,25 - 45,African-American,0,0,0,2.0,-1.0,F,Possession Of Alprazolam,1,0,Opert With Susp DL 2nd Offens,2,Medium,1
Male,25 - 45,Other,0,0,0,1.0,-3.0,F,Possession of Cocaine,0,0,,1,Low,0
Female,Greater than 45,Hispanic,0,0,0,2.0,-1.0,F,Felony Driving While Lic Suspd,1,1,Resist/Obstruct W/O Violence,2,Medium,1
Female,25 - 45,Other,0,0,0,4.0,0.0,F,Possession Of Heroin,1,0,Susp Drivers Lic 1st Offense,4,High,1
Female,Greater than 45,African-American,1,0,0,1.0,-1.0,M,Battery,1,0,Opert With Susp DL 2nd Offens,1,Low,1
Female,Greater than 45,Native American,0,0,0,0.0,0.0,F,Tampering With Physical Evidence,0,0,,0,Low,0
Male,Greater than 45,Hispanic,0,0,0,1.0,-1.0,F,Possession of Oxycodone,0,0,,1,Medium,0
Female,Greater than 45,Other,0,0,1,0.0,-1.0,F,Agg Battery Grt/Bod/Harm,0,0,,0,Low,0
Female,25 - 45,Native American,0,0,0,0.0,-1.0,F,False Imprisonment,0,0,,0,Low,0
Male,25 - 45,African-American,0,0,0,0.0,-7.0,M,Fleeing Or Attmp Eluding A Leo,0,0,,0,Low,0
Male,Greater than 45,Hispanic,0,0,0,0.0,-1.0,F,Possession of Cocaine,0,0,,0,Low,0
Female,25 - 45,Native American,0,0,0,6.0,0.0,M,Battery,1,0,Resist/Obstruct W/O Violence,6,Low,1
Female,Greater than 45,African-American,0,0,0,2.0,-26.0,M,Battery,0,0,,2,Low,0
Male,Less than 25,Caucasian,0,0,0,5.0,0.0,M,Leave Acc/Attend Veh/More $50,0,0,,5,Low,0
Female,25 - 45,Hispanic,0,0,0,2.0,-2.0,F,Crim Use of Personal ID Info,1,0,Driving License Suspended,2,Low,0
Male,Less than 25,Other,0,0,0,0.0,0.0,M,Battery,0,0,,0,Low,0
Female,Less than 25,Caucasian,0,0,0,10.0,-1.0,F,Resist Officer w/Violence,1,0,Operating W/O Valid License,10,Medium,1
Female,Greater than 45,Other,0,2,2,16.0,-1.0,F,Crimin Mischief Damage $1000+,1,0,Retail/Farm/Fare/Theft,16,High,1
Female,Less than 25,Asian,1,2,0,14.0,-1.0,F,Possession of Cocaine,1,0,Trespass Structure/Conveyance,14,High,1
Female,25 - 45,Caucasian,0,1,0,3.0,-1.0,M,Poss Pyrrolidinovalerophenone,1,0,Opert With Susp DL 2nd Offens,3,Medium,1
Male,25 - 45,African-American,0,0,0,0.0,0.0,M,Battery,0,0,Opert With Susp DL 2nd Offens,0,Medium,1
Male,Less than 25,African-American,0,0,0,0.0,-1.0,M,Battery,0,0,,0,Low,0
Male,Greater than 45,Asian,0,0,0,13.0,-1.0,M,Driving License Suspended,0,0,,13,Medium,0
Female,25 - 45,Hispanic,0,0,0,0.0,-1.0,M,Grand Theft (Motor Vehicle),0,0,Driving License Suspended,0,Medium,1
Male,25 - 45,Asian,0,0,0,9.0,-1.0,F,Burglary Unoccupied Dwelling,1,0,,9,Medium,1
Female,25 - 45,Caucasian,0,0,0,2.0,-3.0,M,Driving Under The Influence,1,0,,2,Low,0
Male,Less than 25,Asian,0,0,0,0.0,-1.0,F,Robbery / No Weapon,0,0,,0,Low,0
Female,Greater than 45,African-American,0,0,0,4.0,-2.0,F,Possession of Cocaine,0,0,,4,High,0
Female,Greater than 45,Native American,0,0,0,0.0,-1.0,M,Battery,1,0,Operating W/O Valid License,0,High,1
Male,25 - 45,Hispanic,0,0,0,2.0,0.0,M,Viol Injunct Domestic Violence,1,0,Driving License Suspended,2,Low,1
Male,Greater than 45,African-American,0,0,0,3.0,0.0,M,Driving Under The Influence,0,0,,3,Medium,0
Male,Greater than 45,African-American,0,0,0,0.0,-1.0,F,Burglary Conveyance Unoccup,1,0,Driving License Suspended,0,Medium,1
Female,Greater than 45,African-American,0,0,0,1.0,-1.0,F,Possession of Cocaine,1,0,,1,Low,1
Female,Greater than 45,Other,0,0,0,1.0,-1.0,M,Agg Battery Grt/Bod/Harm,0,0,,1,Low,0
Male,25 - 45,Caucasian,0,0,0,1.0,-1.0,M,Battery,0,0,,1,Low,0
Male,25 - 45,African-American,0,0,0,5.0,0.0,F,Poss Pyrrolidinovalerophenone,0,0,,5,Medium,0
Female,25 - 45,Hispanic,0,0,0,2.0,-15.079176111755524,F,Aggravated Battery / Pregnant,0,0,,2,Medium,0
Male,Greater than 45,Caucasian,0,0,0,11.0,-15.0,F,Possession of Cocaine,1,1,Battery,11,High,1
Male,25 - 45,Caucasian,0,0,0,2.0,-21.967088605587737,F,Possession of Cocaine,0,0,,2,Low,0
Male,Less than 25,Hispanic,0,0,0,6.0,-1.0,F,Robbery / No Weapon,1,1,Battery,6,Low,1
Female,Less than 25,Other,0,0,0,4.0,-1.0,F,Possession of Cocaine,1,0,Operating W/O Valid License,4,Low,0
Male,25 - 45,Native American,0,0,0,6.0,-1.0,F,Grand Theft in the 3rd Degree,1,0,Fail Register Vehicle,6,Medium,1
Female,25 - 45,Other,0,0,0,11.0,0.0,F,Crimin Mischief Damage $1000+,1,0,,11,Medium,1
Male,Less than 25,Hispanic,0,0,0,1.0,-3.0,F,Aggravated Assault W/Dead Weap,0,0,,1,Low,0
Male,Less than 25,Other,0,0,0,8.0,0.0,F,Poss Unlaw Issue Driver Licenc,1,0,,8,High,1
Female,Greater than 45,Hispanic,0,0,0,0.0,-1.0,M,Battery,0,0,,0,Low,0
Male,Greater than 45,Other,0,0,0,3.0,-1.0,M,Disorderly Conduct,1,0,Driving License Suspended,3,Low,1
Male,Greater than 45,Other,0,0,1,1.0,0.0,M,Resist/Obstruct W/O Violence,1,0,Driving License Suspended,1,Medium,1
Male,Less than 25,Caucasian,0,0,0,2.0,0.0,F,Crimin Mischief Damage $1000+,1,0,Fail Register Vehicle,2,Low,1
Female,Less than 25,African-American,0,0,0,5.0,0.0,F,Driving While License Revoked,0,0,,5,Low,0
Male,Greater than 45,Native American,0,0,0,0.0,-1.0,F,Driving While License Revoked,1,0,Operating W/O Valid License,0,Low,0
Female,Less than 25,African-American,0,0,0,8.0,-1.0,F,Driving While License Revoked,0,0,,8,Low,0
Female,Less than 25,Asian,0,0,0,0.0,0.0,M,Battery,0,0,,0,Low,1
Female,25 - 45,Caucasian,0,0,0,1.0,0.0,M,Driving Under The Influence,1,0,Resist/Obstruct W/O Violence,1,Low,1
Male,Greater than 45,Asian,1,0,0,7.0,-1.0,F,Robbery / No Weapon,1,0,Driving License Suspended,7,High,1
Male,Less than 25,African-American,0,0,0,0.0,-1.0,M,Disorderly Intoxication,1,0,Driving License Suspended,0,Low,1
Female,Less than 25,African-American,0,0,0,3.0,-1.0,F,Grand Theft in the 3rd Degree,0,0,,3,Low,1
Male,25 - 45,Native American,2,0,0,16.0,-1.0,F,Driving While License Revoked,1,0,Driving License Suspended,16,High,1
Female,Greater than 45,Native American,0,0,0,0.0,0.0,M,DUI - Enhanced,0,0,,0,Low,0
Male,Less than 25,Other,0,0,0,17.0,-2.0,F,Possession of Cocaine,1,0,Resist/Obstruct W/O Violence,17,High,1
Male,Greater than 45,Asian,0,0,0,8.0,0.0,F,Aggrav Battery w/Deadly Weapon,1,0,,8,Medium,1
Female,25 - 45,Other,0,0,0,0.0,0.0,F,Fleeing Or Attmp Eluding A Leo,0,0,,0,High,0
Male,Less than 25,Caucasian,0,0,0,1.0,-1.0,F,Burglary Structure Unoccup,1,0,Fail Register Vehicle,1,Low,1
Female,Less than 25,African-American,0,1,0,5.0,-1.0,M,Battery,1,0,Opert With Susp DL 2nd Offens,5,Low,1
Female,Less than 25,Hispanic,0,0,0,3.0,0.0,M,Driving Under The Influence,1,1,Battery,3,Low,1
Female,25 - 45,Hispanic,0,0,0,0.0,0.0,F,Felony Batt(Great Bodily Harm),0,0,,0,Low,0
Male,Less than 25,Hispanic,0,0,0,0.0,0.0,F,Aggravated Assault w/Firearm,0,0,,0,Low,0
Male,25 - 45,Other,0,0,0,0.0,0.0,F,"Poss3,4 Methylenedioxymethcath",1,0,,0,High,1
Male,25 - 45,Hispanic,0,0,0,2.0,-1.0,F,Grand Theft in the 3rd Degree,0,0,,2,Low,0
Male,25 - 45,Asian,0,0,0,0.0,-2.0,M,Battery,0,0,,0,Low,0
Male,Less than 25,Other,0,0,0,0.0,-1.0,F,Agg Battery Grt/Bod/Harm,0,0,,0,Low,0
Male,25 - 45,Native American,0,1,0,14.0,-1.0,F,Driving While License Revoked,1,0,Trafficking 4-14 Grams Heroin,14,High,1
Female,Greater than 45,African-American,2,0,0,9.0,-1.0,F,Operating W/O Valid License,0,0,,9,Low,0
Female,Greater than 45,African-American,0,0,0,5.0,-19.724261274386805,M,Viol Injunct Domestic Violence,1,0,Resist/Obstruct W/O Violence,5,High,1
Male,Less than 25,Asian,0,0,0,4.0,-1.0,F,Grand Theft (Motor Vehicle),1,0,Resist/Obstruct W/O Violence,4,High,1
Male,Less than 25,African-American,0,0,0,1.0,-1.0,F,Criminal Mischief Damage <$200,0,0,,1,Low,0
Male,Less than 25,Caucasian,0,0,0,0.0,-1.0,F,Grand Theft in the 3rd Degree,1,1,Strong Armed  Robbery,0,Medium,1
Male,Greater than 45,Asian,0,0,0,2.0,-1.0,M,Battery,0,0,,2,Low,0
Male,25 - 45,Caucasian,0,0,0,9.0,-1.0,F,Felony Petit Theft,1,1,Battery,9,High,1
Female,25 - 45,Hispanic,0,0,0,1.0,-1.0,M,Burglary Unoccupied Dwelling,0,0,,1,Medium,0
Female,Less than 25,Native American,0,0,0,1.0,0.0,M,Battery,0,0,,1,Low,0
Male,25 - 45,Other,0,0,0,0.0,-1.0,F,Possession of Cannabis,0,0,,0,Low,0
Male,Less than 25,Caucasian,0,0,0,0.0,-1.0,M,Battery,0,0,,0,Low,0
Male,Less than 25,Native American,0,0,0,2.0,0.0,F,Poss Cocaine/Intent To Del/Sel,1,0,Operating W/O Valid License,2,Medium,1
Male,25 - 45,Hispanic,0,0,0,1.0,-23.0,F,Pos Cannabis W/Intent Sel/Del,0,0,,1,Low,0
Male,Less than 25,Hispanic,0,0,0,4.0,0.0,F,Criminal Mischief Damage <$200,1,1,Resist/Obstruct W/O Violence,4,Medium,1
Male,Less than 25,Native American,0,0,0,4.0,-1.0,M,Reckless Driving,1,1,Resist/Obstruct W/O Violence,4,High,1
Male,25 - 45,African-American,0,0,0,0.0,0.0,M,Battery,0,0,,0,Low,0
Female,25 - 45,African-American,0,0,0,0.0,-1.0,F,Burglary Conveyance Unoccup,0,0,,0,Low,0
Male,Greater than 45,Native American,0,0,0,2.0,-1.0,F,Aggravated Assault W/Dead Weap,1,0,Fail Register Vehicle,2,Low,1
Female,Less than 25,African-American,0,0,0,8.0,-1.0,M,Battery,1,1,Battery,8,High,1
Female,25 - 45,Hispanic,0,0,0,0.0,-1.0,M,Aggravated Assault W/dead Weap,0,0,,0,Low,0
Male,Greater than 45,Native American,0,0,2,0.0,-1.0,F,Battery on Law Enforc Officer,0,0,,0,Medium,0
Male,Less than 25,African-American,0,1,0,3.0,-1.0,F,Deliver Cannabis,1,0,Operating W/O Valid License,3,Medium,1
Female,25 - 45,Asian,0,0,0,0.0,-1.0,F,Grand Theft in the 3rd Degree,0,0,,0,Low,0
Female,Less than 25,Hispanic,0,0,0,2.0,0.0,F,Felony Driving While Lic Suspd,1,0,Operating W/O Valid License,2,Low,1
Male,25 - 45,Native American,0,0,0,12.0,0.0,M,Battery,1,1,False Imprisonment,12,Medium,1
Male,Greater than 45,Other,0,0,0,1.0,-1.0,F,Burglary Conveyance Unoccup,1,0,Driving License Suspended,1,Low,1
Male,25 - 45,Native American,0,0,0,0.0,0.0,M,Driving Under The Influence,0,0,,0,Low,0
Male,Greater than 45,Hispanic,0,0,0,2.0,-4.0,F,Possession Burglary Tools,0,0,,2,Low,0
Male,25 - 45,Asian,0,0,0,2.0,-1.0,F,Resist Officer w/Violence,0,0,Driving License Suspended,2,Low,1
Male,25 - 45,Caucasian,0,0,0,0.0,-2.0,F,Robbery / No Weapon,0,0,,0,Low,0
Female,25 - 45,African-American,0,0,0,0.0,-1.0,M,Battery,1,0,Drinking Alch Beverage In Open,0,Medium,1
Female,Greater than 45,African-American,0,1,0,4.0,-1.0,M,Battery,0,0,,4,Medium,0
Male,Greater than 45,Native American,0,0,0,5.0,-1.0,M,Battery,1,0,Driving License Suspended,5,High,1
Female,Less than 25,Hispanic,0,0,0,0.0,-1.0,F,Possession of Cocaine,1,0,Unlaw LicTag/Sticker Attach,0,Low,0
Male,Less than 25,Other,0,0,0,1.0,-1.0,F,Possession of Cocaine,1,0,Driving License Suspended,1,Low,1
Male,Less than 25,Hispanic,0,0,0,0.0,-1.0,F,Grand Theft in the 3rd Degree,0,0,,0,Low,0
Female,Less than 25,Hispanic,0,0,0,2.0,-1.0,F,Grand Theft in the 3rd Degree,1,0,Susp Drivers Lic 1st Offense,2,Medium,1
Male,Less than 25,Hispanic,0,0,1,6.0,0.0,M,Battery,1,0,Drink/Premises Licensed Estab,6,High,1
Male,25 - 45,Other,0,0,0,1.0,-1.0,F,"Poss3,4 Methylenedioxymethcath",1,1,Resist/Obstruct W/O Violence,1,Low,1
Male,Less than 25,Asian,0,0,0,1.0,0.0,M,Battery,0,0,,1,Low,0
Female,Greater than 45,Other,0,0,0,3.0,-1.0,M,DUI - Enhanced,0,0,,3,Low,0
Male,25 - 45,Hispanic,0,0,1,0.0,-1.0,M,Battery,1,1,Battery,0,Low,1
Female,25 - 45,Other,1,0,2,1.0,-1.0,F,Shoot Into Vehicle,1,0,Drink/Premises Licensed Estab,1,High,1
Female,Less than 25,Hispanic,0,0,0,1.0,0.0,M,Battery,0,0,,1,Low,0
Male,25 - 45,Caucasian,0,0,0,2.0,-1.0,F,Felony Battery (Dom Strang),1,0,Operating W/O Valid License,2,High,1
Female,25 - 45,Other,0,0,0,8.0,-1.0,F,Child Abuse,0,0,,8,Low,0
Female,Less than 25,Other,0,0,0,14.0,-1.0,M,Deliver Cocaine,0,0,,14,High,0
Male,Greater than 45,Caucasian,0,0,0,9.0,-1.0,F,Felony Petit Theft,1,0,Resist/Obstruct W/O Violence,9,High,1
Male,Less than 25,Native American,0,0,0,0.0,-1.0,M,Battery,0,0,Drinking Alch Beverage In Open,0,Low,1
Female,Less than 25,Native American,0,0,0,0.0,-1.0,F,Pos Cannabis W/Intent Sel/Del,0,0,,0,Low,0
Male,Less than 25,Asian,0,0,0,0.0,0.0,M,Battery,1,1,Aid/Abet Burglary Assault/Batt,0,Low,1
Male,Less than 25,Asian,0,0,0,0.0,-1.0,M,Viol Prot Injunc Repeat Viol,1,0,Unlaw LicTag/Sticker Attach,0,Low,1
Female,Less than 25,African-American,0,0,0,0.0,0.0,F,Battery,0,0,,0,Low,0
Female,Less than 25,Other,0,0,0,0.0,-2.0,F,Burglary Structure Unoccup,0,0,,0,Medium,0
Male,25 - 45,Other,0,0,0,5.0,-1.0,F,Driving While License Revoked,1,1,Battery,5,High,1
Male,Less than 25,Native American,0,0,1,5.0,-1.0,F,Pos Cannabis W/Intent Sel/Del,1,0,,5,Medium,1
Male,Greater than 45,Hispanic,0,0,0,0.0,-1.0,F,Neglect Child / No Bodily Harm,0,0,,0,Low,0
Female,Less than 25,Native American,0,0,0,1.0,0.0,F,"Poss3,4 Methylenedioxymethcath",0,0,,1,Low,0
Female,Greater than 45,African-American,0,1,0,1.0,0.0,F,Battery on Law Enforc Officer,1,0,,1,High,1
Female,Greater than 45,Native American,0,0,0,8.0,-1.0,F,Criminal Mischief,1,1,Resist/Obstruct W/O Violence,8,Medium,1
Female,Less than 25,Caucasian,0,0,0,0.0,-1.0,M,DUI Property Damage/Injury,0,0,,0,Low,0
Female,Greater than 45,Hispanic,3,0,1,14.0,-1.0,F,Grand Theft in the 3rd Degree,1,0,Felony Petit Theft,14,High,1
Male,Greater than 45,Other,0,0,0,3.0,0.0,F,Possession Burglary Tools,0,0,,3,Low,0
Female,Less than 25,Native American,0,0,0,0.0,-1.0,M,DUI Property Damage/Injury,0,0,,0,Low,0
Female,Greater than 45,African-American,0,0,0,0.0,-1.0,F,Crim Use of Personal ID Info,0,0,,0,Medium,0
Female,Greater than 45,African-American,0,0,0,1.0,-1.0,F,Felony Driving While Lic Suspd,1,1,Battery,1,Low,1
Female,25 - 45,Caucasian,0,0,0,10.0,-1.0,F,Possession of Cocaine,1,0,Susp Drivers Lic 1st Offense,10,Medium,1
Male,25 - 45,Other,0,0,0,0.0,-2.0,F,Tampering With Physical Evidence,0,0,,0,Low,0
Male,Less than 25,Asian,0,0,0,0.0,-1.0,M,Battery,1,0,Operating W/O Valid License,0,Low,1
Male,Greater than 45,Hispanic,0,0,0,13.0,-1.0,F,Viol Prot Injunc Repeat Viol,1,1,Resist/Obstruct W/O Violence,13,High,1
Female,Greater than 45,African-American,0,0,0,1.0,-1.0,F,Aggravated Battery / Pregnant,1,1,False Imprisonment,1,Medium,1
Female,25 - 45,Caucasian,0,0,0,2.0,-1.0,M,Driving License Suspended,0,0,,2,Low,0
Male,25 - 45,Caucasian,0,0,0,3.0,-1.0,F,Driving While License Revoked,1,0,Susp Drivers Lic 1st Offense,3,Medium,1
Male,Less than 25,African-American,0,0,0,2.0,-1.0,M,Criminal Mischief,1,0,Operating W/O Valid License,2,High,1
Female,Less than 25,Other,0,0,0,1.0,-1.0,F,Battery on Law Enforc Officer,0,0,,1,Low,0
Female,25 - 45,Other,0,0,0,0.0,0.0,F,Neglect Child / No Bodily Harm,0,0,,0,Medium,0
Female,25 - 45,Caucasian,0,0,0,0.0,-1.0,F,Grand Theft in the 3rd Degree,0,0,,0,Low,0
Male,25 - 45,Caucasian,0,0,0,0.0,-1.0,F,Aggravated Battery / Pregnant,0,0,,0,Low,0
Male,Less than 25,African-American,0,0,0,1.0,-1.0,M,Battery,1,0,Susp Drivers Lic 1st Offense,1,Low,1
Male,Less than 25,Asian,0,0,0,1.0,-1.0,M,Assault,1,1,Battery,1,Medium,0
Female,Less than 25,Other,0,0,0,0.0,0.0,M,Criminal Mischief Damage <$200,1,0,,0,Low,0
Male,25 - 45,Other,0,0,0,1.0,-1.0,F,Viol Injunct Domestic Violence,1,1,Resist/Obstruct W/O Violence,1,Low,0
Male,25 - 45,Asian,0,0,0,0.0,-1.0,F,Possession of Oxycodone,1,0,Resist/Obstruct W/O Violence,0,Low,1
Female,Greater than 45,Hispanic,0,0,0,0.0,0.0,F,Crim Use of Personal ID Info,0,0,,0,Medium,0
Male,Less than 25,African-American,0,0,1,0.0,-2.0,F,Battery on Law Enforc Officer,1,0,Operating W/O Valid License,0,Low,1
Male,25 - 45,Native American,0,0,0,4.0,-1.0,F,Felony Petit Theft,0,0,,4,Low,0
Male,25 - 45,Native American,0,0,0,1.0,-5.0,F,Disorderly Intoxication,0,0,,1,Low,0
Male,Less than 25,Asian,0,0,0,3.0,-1.0,F,Burglary Dwelling Assault/Batt,1,1,Child Abuse,3,Low,1
Male,Less than 25,Asian,0,0,0,2.0,0.0,F,Possession Burglary Tools,0,0,,2,Medium,0
Female,Less than 25,Hispanic,0,0,2,5.0,-2.0,F,Petit Theft $100- $300,1,1,Battery,5,High,1
Male,25 - 45,Native American,0,0,0,1.0,-1.0,M,Tampering With Physical Evidence,1,0,Resist/Obstruct W/O Violence,1,Medium,1
Male,Greater than 45,African-American,0,0,0,2.0,0.0,M,Aggravated Battery / Pregnant,1,1,Battery,2,Medium,0
Male,25 - 45,Native American,0,0,0,0.0,-1.0,M,Viol Injunct Domestic Violence,0,1,Battery,0,Low,0
Female,Less than 25,Other,0,0,1,2.0,0.0,M,Agg Battery Grt/Bod/Harm,1,0,,2,Medium,0
Male,Less than 25,Caucasian,0,0,0,4.0,-1.0,F,Poss Contr Subst W/o Prescript,1,0,Driving License Suspended,4,Low,1
Female,Greater than 45,Native American,0,0,0,0.0,-1.0,F,Poss F/Arm Delinq,1,1,Resist/Obstruct W/O Violence,0,High,1
Female,25 - 45,Native American,0,0,0,1.0,0.0,F,"Poss3,4 Methylenedioxymethcath",1,0,Driving License Suspended,1,Low,1
Female,25 - 45,African-American,0,0,0,4.0,0.0,F,Felony Driving While Lic Suspd,1,0,Resist/Obstruct W/O Violence,4,Medium,1
Female,Greater than 45,Hispanic,0,0,0,3.0,-1.0,F,Possession of Oxycodone,1,0,Driving License Suspended,3,Medium,1
Female,25 - 45,Other,0,0,0,2.0,-1.0,M,Criminal Mischief Damage <$200,1,0,Resist/Obstruct W/O Violence,2,Medium,1
Female,25 - 45,Hispanic,0,0,0,3.0,-1.0,F,Felony Petit Theft,0,0,,3,Low,0
Female,Greater than 45,Other,0,0,0,1.0,-1.0,F,Aggrav Battery w/Deadly Weapon,0,0,,1,Medium,0
Female,Less than 25,Caucasian,0,0,0,0.0,-1.0,M,Exposes Culpable Negligence,1,1,Child Abuse,0,High,1
Female,Less than 25,Native American,0,0,0,0.0,-1.0,F,Burglary Conveyance Unoccup,0,0,,0,Low,0
Male,Less than 25,African-American,0,0,0,6.0,-1.0,M,Assault,1,1,Battery,6,Low,1
Female,Greater than 45,Hispanic,0,0,0,2.0,-1.0,F,Driving While License Revoked,0,0,,2,Low,0
Male,Less than 25,Caucasian,0,0,0,0.0,-3.0,M,Disorderly Conduct,0,0,,0,Low,0
Female,Greater than 45,Native American,0,0,0,0.0,0.0,M,Driving Under The Influence,0,0,Resist/Obstruct W/O Violence,0,Low,1
Female,Less than 25,Other,0,0,0,20.0,0.0,F,Driving While License Revoked,1,0,Resist/Obstruct W/O Violence,20,High,1
Female,Less than 25,Other,0,0,0,0.0,-1.0,F,Pos Cannabis W/Intent Sel/Del,0,0,,0,Low,0
Male,Less than 25,Asian,0,0,0,1.0,-1.0,M,Battery,0,0,,1,Low,0
Female,Less than 25,Hispanic,0,0,0,0.0,-1.0,M,Battery,0,0,,0,Medium,0
Male,Greater than 45,African-American,0,0,0,13.0,-1.0,F,Aggravated Battery,1,0,Susp Drivers Lic 1st Offense,13,Medium,1
Female,Less than 25,African-American,0,0,0,5.0,0.0,F,"Poss3,4 Methylenedioxymethcath",0,0,,5,Medium,0
Male,25 - 45,Hispanic,0,1,0,2.0,-1.0,F,Aggrav Battery w/Deadly Weapon,0,0,,2,High,0
Female,25 - 45,Caucasian,0,0,0,1.0,-4.0,F,Aggravated Assault W/Dead Weap,1,0,Driving License Suspended,1,Low,1
Male,Greater than 45,African-American,0,0,0,0.0,-5.0,M,Driving Under The Influence,1,0,Operating W/O Valid License,0,Low,1
Male,Less than 25,Other,0,0,1,6.0,-1.0,M,Petit Theft,1,0,Drink/Premises Licensed Estab,6,Medium,1
Male,Less than 25,Caucasian,0,0,0,1.0,-1.0,F,Pos Cannabis W/Intent Sel/Del,0,0,,1,Low,0
Female,Greater than 45,Caucasian,0,0,1,5.0,-1.0,F,Grand Theft (Motor Vehicle),1,0,Driving License Suspended,5,Medium,1
Female,25 - 45,African-American,2,2,1,19.0,-1.0,F,Possession Of Paraphernalia,1,0,DWLS Habitual Offender 2nd,19,High,1
Male,25 - 45,Asian,0,0,0,7.0,-1.0,F,Felony Battery (Dom Strang),1,1,Child Abuse,7,Medium,1
Female,25 - 45,African-American,0,0,0,7.0,-1.0,F,Cruelty Toward Child,1,0,Resist/Obstruct W/O Violence,7,Low,1
Male,25 - 45,Hispanic,0,0,0,0.0,-1.0,F,Felony Battery (Dom Strang),0,0,,0,Low,0
Male,Less than 25,Caucasian,0,0,0,3.0,-1.0,F,Disorderly Intoxication,0,0,Opert With Susp DL 2nd Offens,3,Low,0
Male,25 - 45,Caucasian,0,0,0,4.0,0.0,M,Battery,0,0,,4,Low,0
Female,Less than 25,Native American,0,0,0,0.0,-1.0,F,Driving While License Revoked,1,0,Driving License Suspended,0,Medium,1
Female,Less than 25,Other,0,0,0,0.0,-1.0,F,Aggravated Assault W/Dead Weap,0,0,,0,Low,0
Male,Greater than 45,African-American,0,0,0,5.0,-1.0,F,Possession of Cannabis,0,0,,5,Low,0
Male,Less than 25,Other,0,0,0,3.0,-1.0,F,Driving While License Revoked,0,0,,3,Low,0
Male,Less than 25,African-American,0,0,0,5.0,-1.0,F,Felony Battery w/Prior Convict,1,1,Child Abuse,5,Low,1
Male,Greater than 45,Caucasian,0,0,0,1.0,0.0,F,False Ownership Info/Pawn Item,1,0,,1,Low,0
Female,25 - 45,Hispanic,0,0,0,1.0,-22.0,M,Possess Cannabis/20 Grams Or Less,1,0,,1,Low,0
Female,Greater than 45,Caucasian,0,0,0,5.0,-1.0,M,Battery,1,1,Resist/Obstruct W/O Violence,5,Medium,1
Male,Less than 25,African-American,0,0,0,0.0,-1.0,F,Possession Of Heroin,1,0,,0,Low,0
Female,Less than 25,Native American,0,0,0,1.0,-1.0,M,Possession Burglary Tools,0,0,,1,Low,0
Male,25 - 45,African-American,0,0,0,2.0,-1.0,F,Grand Theft (Motor Vehicle),0,0,,2,Low,0
Male,Less than 25,Hispanic,0,0,0,0.0,0.0,M,DUI Level 0.15 Or Minor In Veh,0,0,,0,Low,0
Male,Less than 25,Other,0,0,0,6.0,-1.0,F,Possession of Cocaine,1,0,Opert With Susp DL 2nd Offens,6,Medium,1
Male,Less than 25,Asian,0,0,0,1.0,0.0,F,Robbery / No Weapon,0,0,,1,Low,0
Female,25 - 45,African-American,0,0,0,2.0,-1.0,F,Lve/Scen/Acc/Veh/Prop/Damage,1,0,,2,Low,0
Male,Greater than 45,Caucasian,0,0,0,8.0,-1.0,F,Driving While License Revoked,0,0,,8,Low,0
Male,25 - 45,Native American,0,0,0,4.0,-3.0,F,Burglary Unoccupied Dwelling,1,0,Opert With Susp DL 2nd Offens,4,Low,1
Male,25 - 45,African-American,0,0,0,7.0,-1.0,M,Robbery / No Weapon,1,0,,7,Medium,1
Male,25 - 45,Caucasian,0,0,0,2.0,0.0,M,Battery,1,0,Susp Drivers Lic 1st Offense,2,Low,1
Female,25 - 45,Caucasian,0,0,0,0.0,-1.0,M,Battery,0,0,,0,Low,1
Female,25 - 45,Other,0,0,0,2.0,-1.0,F,Grand Theft in the 3rd Degree,0,0,,2,Low,0
Male,Greater than 45,Asian,0,0,0,0.0,-1.0,M,Battery,0,0,,0,Low,0
Male,25 - 45,Native American,0,0,0,4.0,0.0,M,Battery,0,0,,4,Low,0
Male,25 - 45,Caucasian,0,0,0,0.0,-1.0,M,Battery,0,0,,0,Low,0
Male,Less than 25,Other,0,0,0,0.0,-1.0,M,Battery,0,0,,0,Medium,0
Female,25 - 45,African-American,0,0,0,8.0,0.0,F,Petit Theft,0,0,,8,Low,0
Male,25 - 45,Native American,0,0,0,0.0,-1.0,F,Burglary Unoccupied Dwelling,0,0,,0,Medium,0
Male,25 - 45,Hispanic,0,0,0,1.0,-1.0,F,Possession of Cannabis,1,0,Driving License Suspended,1,Low,1
Female,Greater than 45,Asian,0,0,0,2.0,-17.0,F,Aggravated Assault W/Dead Weap,1,1,Child Abuse,2,High,1
Male,Greater than 45,Hispanic,0,0,0,4.0,-1.0,F,Grand Theft in the 3rd Degree,0,0,,4,Medium,0
Male,25 - 45,Other,0,0,0,1.0,-1.0,F,Possession of Cocaine,1,0,Opert With Susp DL 2nd Offens,1,Low,1
Female,25 - 45,African-American,0,0,0,5.0,-1.0,F,Grand Theft in the 3rd Degree,1,0,Opert With Susp DL 2nd Offens,5,High,1
Female,25 - 45,Asian,0,0,0,1.0,-1.0,M,Battery,1,0,Opert With Susp DL 2nd Offens,1,Low,1
Male,Greater than 45,Asian,0,0,0,4.0,-1.0,F,Possession of Cocaine,1,1,Resist/Obstruct W/O Violence,4,High,1
Female,Less than 25,Native American,0,0,0,4.0,-1.0,F,Grand Theft in the 3rd Degree,1,0,Operating W/O Valid License,4,Low,1
Female,25 - 45,African-American,0,0,0,6.0,-1.0,F,Felony Battery (Dom Strang),1,1,Child Abuse,6,Medium,1
Male,Greater than 45,Native American,0,0,0,0.0,-1.0,F,Driving While License Revoked,1,0,Unlaw LicTag/Sticker Attach,0,Low,1
Female,25 - 45,Hispanic,0,0,0,1.0,-1.0,M,Driving Under The Influence,0,0,,1,Low,0
Male,Greater than 45,Hispanic,0,0,0,2.0,0.0,F,Grand Theft in the 3rd Degree,1,0,Fail Register Vehicle,2,High,1
Male,Less than 25,Other,0,0,0,0.0,-1.0,F,Aggravated Assault W/dead Weap,1,0,Operating W/O Valid License,0,Low,1
Male,25 - 45,Other,0,0,0,1.0,0.0,M,DUI Property Damage/Injury,0,0,,1,Low,0
Male,Less than 25,Native American,1,0,0,1.0,-12.0,F,Reckless Driving,1,1,Battery,1,High,0
Female,25 - 45,Caucasian,1,0,1,2.0,-1.0,F,Burglary Dwelling Assault/Batt,0,0,,2,High,0
Male,Less than 25,African-American,0,1,0,2.0,-1.0,F,Aggravated Assault w/Firearm,1,1,Battery,2,Medium,1
Female,25 - 45,Caucasian,0,0,0,14.0,-1.0,M,Battery,1,0,,14,Medium,0
Male,Less than 25,Hispanic,0,0,0,1.0,-26.0,M,Grand Theft in the 3rd Degree,0,0,,1,Low,0
Male,25 - 45,Other,0,0,0,4.0,-1.0,M,Battery,1,0,Operating W/O Valid License,4,Low,1
Female,25 - 45,Other,0,0,0,0.0,-1.0,M,Grand Theft (Motor Vehicle),0,0,Operating W/O Valid License,0,Low,0
Male,25 - 45,Native American,0,0,0,0.0,-1.0,F,Possession Of Methamphetamine,0,0,,0,Low,0
Male,25 - 45,Other,0,0,0,0.0,0.0,M,DUI - Enhanced,0,0,,0,Low,0
Female,Greater than 45,Native American,0,0,0,1.0,-1.0,F,Grand Theft in the 3rd Degree,0,0,,1,Low,0
Male,Less than 25,African-American,0,4,0,12.0,0.0,M,Unlaw LicTag/Sticker Attach,1,1,Robbery / Weapon,12,High,1
Male,Less than 25,Hispanic,0,0,0,9.0,-1.0,F,"Poss3,4 Methylenedioxymethcath",1,0,Resist/Obstruct W/O Violence,9,High,1
Male,Less than 25,Asian,0,0,1,3.0,-1.0,M,Battery,0,0,,3,Low,0
Male,25 - 45,Caucasian,0,0,2,1.0,-8.0,F,Grand Theft (Motor Vehicle),0,0,,1,High,0
Female,Greater than 45,Other,0,0,0,0.0,-1.0,F,Grand Theft in the 3rd Degree,1,0,Fail Register Vehicle,0,Low,1
Male,Greater than 45,Native American,0,0,0,3.0,-1.0,F,Possession of Cocaine,1,0,,3,High,1
Male,Greater than 45,African-American,0,0,0,5.0,0.0,M,Felony Battery (Dom Strang),1,0,Driving License Suspended,5,Medium,1
Female,Less than 25,Asian,0,0,0,0.0,0.0,M,Battery,1,0,Resist/Obstruct W/O Violence,0,Low,1
Male,25 - 45,Other,0,0,0,0.0,-1.0,M,Battery,0,0,,0,Low,0
Male,Less than 25,Asian,0,0,1,0.0,-1.0,F,Grand Theft in the 3rd Degree,0,0,,0,Low,0
Male,Less than 25,Caucasian,0,1,1,2.0,-1.0,F,Manslaughter W/Weapon/Firearm,1,0,Possession of Cannabis,2,High,1
Male,Less than 25,Other,0,0,0,0.0,-1.0,F,Possession of Cocaine,1,0,Driving License Suspended,0,Medium,1
Male,Less than 25,Other,0,0,1,2.0,0.0,M,Possession of Cocaine,1,0,Drink/Premises Licensed Estab,2,Low,1
Female,Greater than 45,Caucasian,0,0,0,1.0,-1.0,F,Prowling/Loitering,0,0,,1,Low,0
Female,Less than 25,Caucasian,0,0,0,11.0,-1.0,F,Driving While License Revoked,0,0,,11,Low,0
Male,25 - 45,Other,0,0,0,1.0,-1.0,M,Battery,0,0,,1,Medium,0
Female,Less than 25,Hispanic,0,0,0,3.0,-1.0,F,Felony Battery w/Prior Convict,0,0,,3,Low,0
Female,Greater than 45,Other,0,0,1,1.0,-1.0,F,Possession Of Methamphetamine,0,0,,1,Medium,1
Male,25 - 45,African-American,0,0,0,4.0,-1.0,F,Felony Petit Theft,1,1,Resist/Obstruct W/O Violence,4,Medium,1
Female,Less than 25,Other,0,0,0,2.0,-20.265505475375043,F,Aggravated Assault W/Dead Weap,0,0,,2,Medium,0
Male,25 - 45,Hispanic,0,0,0,7.0,-1.0,F,Driving While License Revoked,1,0,,7,Medium,0
Female,Less than 25,Asian,0,0,0,0.0,-1.0,F,Cruelty Toward Child,0,0,,0,Low,0
Female,Greater than 45,African-American,0,0,0,7.0,-1.0,F,Aggravated Assault W/Dead Weap,1,1,Resist/Obstruct W/O Violence,7,Medium,1
Male,25 - 45,African-American,0,0,0,3.0,-1.0,F,"Poss3,4 Methylenedioxymethcath",0,0,,3,Low,0
Female,Less than 25,Hispanic,0,0,0,2.0,-1.0,F,Viol Prot Injunc Repeat Viol,1,0,Fail Register Vehicle,2,Low,1
Female,Less than 25,Other,0,0,2,0.0,-1.0,F,Deliver Cocaine,1,0,Drink/Premises Licensed Estab,0,High,1
Female,25 - 45,Hispanic,0,0,0,0.0,0.0,M,Battery,0,0,,0,Low,0
Male,Greater than 45,Hispanic,0,0,0,0.0,-1.0,M,Burglary Dwelling Assault/Batt,0,0,,0,Low,0
Male,25 - 45,Other,0,0,0,11.0,0.0,F,Driving While License Revoked,0,0,,11,Medium,0
Female,Less than 25,Caucasian,0,0,0,0.0,-1.0,M,Battery,0,0,,0,Medium,0
Male,25 - 45,Asian,0,0,0,3.0,-1.0,F,Resist Officer w/Violence,1,0,Opert With Susp DL 2nd Offens,3,Low,1
Male,Greater than 45,Native American,0,0,0,0.0,-1.0,F,Grand Theft in the 3rd Degree,1,0,Fail Register Vehicle,0,Medium,1
Male,25 - 45,Native American,0,0,0,14.0,-1.0,F,Possession of Cocaine,1,1,Child Abuse,13,High,1
Male,Less than 25,African-American,0,0,0,0.0,-1.0,M,Battery,0,0,,0,Low,0
Female,Less than 25,Native American,0,0,0,4.0,-1.0,F,Driving While License Revoked,1,0,Operating W/O Valid License,4,High,0
Male,25 - 45,African-American,0,0,0,4.0,-1.0,F,Child Abuse,0,0,,4,Medium,0
Male,25 - 45,African-American,0,0,0,5.0,0.0,F,Neglect Child / No Bodily Harm,1,0,,5,Low,0
Female,Greater than 45,Other,0,0,0,1.0,-1.0,M,Battery,0,0,,1,Medium,0
Female,Greater than 45,Hispanic,0,0,0,0.0,0.0,M,DUI Level 0.15 Or Minor In Veh,0,0,,0,Low,0
Male,Greater than 45,Caucasian,0,0,0,8.0,-1.0,F,Felony Battery (Dom Strang),1,0,Susp Drivers Lic 1st Offense,8,Low,1
Male,25 - 45,African-American,4,0,0,5.0,-1.0,F,Burglary Conveyance Unoccup,1,0,Trespass Structure/Conveyance,5,High,1
Male,25 - 45,Asian,0,0,0,6.0,21.86966167847926,F,Driving While License Revoked,1,0,Susp Drivers Lic 1st Offense,6,Low,1
Female,Greater than 45,Caucasian,0,0,0,0.0,-1.0,M,Driving Under The Influence,0,0,,0,Low,0
Male,25 - 45,Hispanic,0,0,0,5.0,-1.0,F,Driving While License Revoked,0,0,,5,Low,0
Female,25 - 45,Asian,0,0,0,5.0,-1.0,F,Grand Theft in the 3rd Degree,0,0,,5,High,0
Female,25 - 45,Native American,0,0,0,0.0,-1.0,F,Felony Battery w/Prior Convict,1,0,Fail Register Vehicle,0,High,1
Male,Greater than 45,Caucasian,0,0,0,5.0,-1.0,F,Driving While License Revoked,1,0,Driving License Suspended,5,Low,1
Male,Greater than 45,Native American,0,0,0,3.0,-1.0,M,Viol Injunct Domestic Violence,1,0,Driving License Suspended,3,Low,0
Male,Less than 25,Asian,0,0,0,2.0,-1.0,F,Grand Theft in the 3rd Degree,1,0,Opert With Susp DL 2nd Offens,2,Low,1
Male,Greater than 45,African-American,0,0,0,2.0,0.0,F,Driving While License Revoked,1,1,Battery,2,Medium,1
Female,25 - 45,Asian,0,0,0,7.0,0.0,F,Burglary Conveyance Assault/Bat,1,1,Resist/Obstruct W/O Violence,7,High,0
Female,Less than 25,Native American,0,4,1,26.95259107575975,0.0,M,False 911 Call,1,1,Robbery / Weapon,26,High,1
Male,Greater than 45,Hispanic,0,0,0,7.0,-1.0,M,Battery,1,0,Driving License Suspended,7,Low,1
Female,Less than 25,Caucasian,0,1,0,2.0,-1.0,F,Crimin Mischief Damage $1000+,0,0,,2,High,0
Male,Greater than 45,Other,0,0,0,4.0,-1.0,F,Robbery / No Weapon,0,0,,4,Low,0
Male,25 - 45,Asian,0,0,0,2.0,-1.0,M,Battery,1,0,Operating W/O Valid License,2,Medium,1
Male,25 - 45,Asian,0,1,0,26.93054818169831,-1.0,M,Battery,0,0,,27,Medium,0
Female,Greater than 45,African-American,0,0,0,14.0,-1.0,F,Grand Theft in the 3rd Degree,0,0,,14,Medium,0
Male,Greater than 45,Hispanic,0,0,0,0.0,-1.0,F,Unauth Poss ID Card or DL,0,0,,0,Low,0
Female,25 - 45,Caucasian,0,0,0,3.0,-1.0,M,Susp Drivers Lic 1st Offense,0,0,,3,Low,0
Male,Greater than 45,Asian,0,0,0,3.0,0.0,F,Grand Theft (Motor Vehicle),0,0,,3,Medium,0
Female,Greater than 45,Hispanic,0,0,0,3.0,-1.0,F,Pos Cannabis W/Intent Sel/Del,1,0,Driving License Suspended,3,Low,1
Male,25 - 45,Hispanic,0,0,0,15.0,0.0,F,Felony Driving While Lic Suspd,0,0,,15,High,0
Male,Greater than 45,Asian,0,0,0,0.0,-1.0,M,Battery,0,0,,0,Low,0
Female,Less than 25,Asian,0,0,0,2.0,-1.0,F,Felony Driving While Lic Suspd,1,0,Susp Drivers Lic 1st Offense,2,Low,1
Male,Less than 25,African-American,0,1,0,10.0,0.0,F,Possession of Cocaine,1,0,Retail/Farm/Fare/Theft,10,High,1
Female,Less than 25,Other,0,0,0,0.0,0.0,M,Battery,0,0,,0,Low,0
Female,25 - 45,Asian,1,0,0,12.0,0.0,F,Possession of Cocaine,1,0,Driving License Suspended,12,High,1
Male,Less than 25,Other,0,0,0,1.0,-1.0,M,Battery,1,0,,1,Low,1
Male,Greater than 45,Native American,0,0,1,3.0,26.07569994514118,F,Pos Cannabis W/Intent Sel/Del,1,0,Susp Drivers Lic 1st Offense,3,High,1
Male,25 - 45,Hispanic,0,0,0,4.0,-1.0,M,Viol Injunct Domestic Violence,1,1,Resist/Obstruct W/O Violence,4,Medium,1
Female,Greater than 45,African-American,0,0,0,5.0,-1.0,M,Aggravated Battery / Pregnant,1,0,Driving License Suspended,5,Medium,1
Male,25 - 45,Caucasian,0,0,0,1.0,-27.0,M,Lve/Scen/Acc/Veh/Prop/Damage,0,0,,1,Low,0
Female,25 - 45,African-American,0,0,0,0.0,-1.0,M,Viol Injunct Domestic Violence,1,0,Driving License Suspended,0,Low,1
Female,Less than 25,African-American,0,0,0,0.0,-1.0,F,Battery on Law Enforc Officer,1,0,Driving License Suspended,0,High,1
Male,Greater than 45,African-American,0,0,0,0.0,0.0,M,DUI Level 0.15 Or Minor In Veh,0,0,,0,Low,0
Female,Less than 25,Asian,0,0,0,2.0,-4.0,F,Possession Burglary Tools,0,0,,2,Low,0
Male,Less than 25,Hispanic,0,0,0,1.0,-23.0,F,Grand Theft in the 3rd Degree,0,0,,1,Low,0
Female,25 - 45,Hispanic,0,0,0,1.0,-1.0,M,Battery,1,0,Driving License Suspended,1,Low,1
Male,25 - 45,Hispanic,0,0,0,1.0,-4.0,F,Possession Of Heroin,1,0,Opert With Susp DL 2nd Offens,1,Low,1
Female,Greater than 45,Asian,0,0,0,0.0,-1.0,F,Felony Driving While Lic Suspd,0,0,,0,Low,0
Male,Less than 25,Native American,0,0,0,9.0,0.0,F,Deliver Cocaine,1,0,Resist/Obstruct W/O Violence,9,High,1
Male,25 - 45,African-American,0,0,0,2.0,-1.0,M,Driving License Suspended,0,0,,2,Low,0
Female,Greater than 45,African-American,0,0,0,2.0,-1.0,M,Driving Under The Influence,0,0,,2,Medium,0
Female,Greater than 45,Caucasian,1,0,0,5.0,-1.0,M,"Poss3,4 Methylenedioxymethcath",0,0,,5,High,0
Female,Less than 25,Hispanic,0,0,1,1.0,-1.0,F,Crimin Mischief Damage $1000+,0,0,,1,Low,0
Male,25 - 45,Hispanic,0,0,0,0.0,0.0,M,Driving Under The Influence,0,0,,0,Low,0
Female,25 - 45,Caucasian,0,0,0,3.0,-1.0,M,Child Abuse,0,0,,3,Low,0
Male,25 - 45,Asian,0,0,0,1.0,0.0,F,Felony Driving While Lic Suspd,0,0,,1,Low,0
Male,25 - 45,Caucasian,0,0,0,1.0,-1.0,F,Grand Theft in the 3rd Degree,0,0,,1,Low,1
Male,Greater than 45,Asian,0,2,0,3.0,-1.0,F,Grand Theft in the 3rd Degree,1,0,Driving License Suspended,3,Low,1
Male,Less than 25,Asian,0,0,0,0.0,-2.0,M,Battery,0,0,,0,Low,0
Male,25 - 45,Other,0,0,0,4.0,0.0,M,Viol Pretrial Release Dom Viol,1,1,Battery,4,Medium,1
Male,Greater than 45,Asian,0,0,0,1.0,2.82812813193253,F,Grand Theft in the 3rd Degree,1,0,Operating W/O Valid License,1,Low,1
Female,Less than 25,Native American,0,0,0,3.0,0.0,M,Disorderly Conduct,1,0,Operating W/O Valid License,3,Low,1
Female,25 - 45,Hispanic,0,0,0,2.0,-1.0,M,Possess Cannabis/20 Grams Or Less,0,0,,2,Low,0
Male,25 - 45,Native American,0,0,0,2.0,0.0,M,Resist/Obstruct W/O Violence,1,0,Susp Drivers Lic 1st Offense,2,Low,0
Female,25 - 45,Native American,0,0,0,15.0,-1.0,F,Driving While License Revoked,1,0,Susp Drivers Lic 1st Offense,15,High,1
Female,Less than 25,Hispanic,0,0,0,1.0,-1.0,F,Felony Battery (Dom Strang),1,1,False Imprisonment,1,Medium,1
Male,25 - 45,Other,0,0,0,1.0,-8.0,F,Poss Pyrrolidinovalerophenone,1,1,Battery,1,Low,1
Male,Greater than 45,Asian,0,0,0,0.0,-1.0,F,Driving While License Revoked,0,0,,0,Low,0
Male,Less than 25,Native American,0,0,0,4.0,-1.0,F,Uttering a Forged Instrument,1,0,Driving License Suspended,4,Low,1
Male,Greater than 45,Native American,0,0,0,1.0,-1.0,F,Disorderly Conduct,0,1,Battery,1,Low,0
Male,Less than 25,African-American,0,0,0,1.0,-1.0,M,Operating W/O Valid License,1,0,,1,Low,0
Male,25 - 45,African-American,0,0,0,0.0,-1.0,F,Grand Theft in the 3rd Degree,1,0,Resist/Obstruct W/O Violence,0,Low,1
Female,Less than 25,Caucasian,0,0,0,1.0,-2.0,F,Possession of Cocaine,0,0,,1,Medium,0
Male,25 - 45,Hispanic,0,0,0,1.0,-1.0,M,Battery,0,0,Susp Drivers Lic 1st Offense,1,Low,0
Male,25 - 45,Hispanic,0,0,1,5.0,-18.889466003734313,F,Battery on Law Enforc Officer,0,0,,5,High,0
Male,Greater than 45,Asian,0,0,0,0.0,-1.0,M,Battery,0,0,Resist/Obstruct W/O Violence,0,Low,0
Male,Less than 25,Caucasian,0,0,1,6.0,0.0,F,Resist Officer w/Violence,1,0,Petit Theft,6,High,1
Male,Less than 25,Caucasian,0,0,0,4.0,-1.0,F,Poss Contr Subst W/o Prescript,1,0,,4,Low,0
Male,Less than 25,Other,0,0,0,1.0,-1.0,M,Lve/Scen/Acc/Veh/Prop/Damage,1,0,Driving License Suspended,1,Low,1
Male,Greater than 45,Caucasian,0,0,0,0.0,0.0,F,Grand Theft in the 3rd Degree,0,0,,0,Low,0
Female,Less than 25,Native American,0,0,0,1.0,-27.0,F,Poss Pyrrolidinovalerophenone,0,0,,1,Low,0
Female,Less than 25,Native American,0,0,0,0.0,-1.0,F,Grand Theft in the 3rd Degree,0,0,,0,Medium,0
Female,Less than 25,Asian,0,0,0,7.0,-1.0,F,Disorderly Conduct,1,0,Opert With Susp DL 2nd Offens,7,High,1
Female,Less than 25,Asian,0,0,0,3.0,-1.0,F,Cruelty Toward Child,1,0,Resist/Obstruct W/O Violence,3,Medium,1
Female,Less than 25,African-American,0,0,0,0.0,-1.0,M,Assault,0,0,,0,Low,0
Male,Greater than 45,African-American,0,0,0,0.0,-1.0,M,Viol Injunct Domestic Violence,0,0,,0,Low,0
Female,25 - 45,Asian,0,0,0,2.0,0.0,M,Grand Theft (Motor Vehicle),0,0,,2,Low,0
Male,Greater than 45,Hispanic,0,0,0,1.0,-1.0,M,Driving Under The Influence,0,0,,1,Low,0
Female,Less than 25,Asian,0,0,0,2.0,-1.0,F,Battery on Law Enforc Officer,1,0,Resist/Obstruct W/O Violence,2,Medium,1
Male,Greater than 45,Hispanic,0,0,0,0.0,-1.0,F,Grand Theft in the 3rd Degree,1,0,Fail Register Vehicle,0,High,1
Female,Greater than 45,Hispanic,0,0,0,20.0,-1.0,F,Driving While License Revoked,0,0,,20,Medium,0
Female,25 - 45,Hispanic,0,0,1,1.0,-1.0,F,Burglary Conveyance Unoccup,1,0,Petit Theft,1,Medium,1
Male,Less than 25,Native American,0,0,0,9.0,0.0,M,Battery,1,0,Driving License Suspended,9,High,1
Female,25 - 45,African-American,6,2,0,11.0,-1.0,F,Possession of Cannabis,1,0,Retail/Farm/Fare/Theft,11,High,1
Female,Less than 25,Caucasian,0,0,0,0.0,-1.0,M,Resist/Obstruct W/O Violence,0,0,,0,Low,0
Female,Less than 25,Other,0,0,0,2.0,-1.0,M,Criminal Mischief Damage <$200,0,0,,2,Low,0
Male,25 - 45,Other,0,0,0,22.0,-1.0,F,Felony Petit Theft,1,0,Operating W/O Valid License,22,Medium,1
Male,25 - 45,Caucasian,3,0,0,22.0,0.0,F,Possession of Cocaine,1,0,Eng/Bus/Contract W/O License,22,High,1
Male,25 - 45,Hispanic,0,0,0,6.0,0.0,F,Driving While License Revoked,0,0,,6,Low,0
Male,Greater than 45,Native American,0,0,0,1.0,-1.0,M,Battery,1,1,Resist/Obstruct W/O Violence,1,Low,1
Female,Less than 25,Native American,0,0,0,1.0,-1.0,F,Lve/Scen/Acc/Veh/Prop/Damage,0,0,,1,Low,0
Female,25 - 45,Caucasian,0,0,0,6.0,-2.0,F,Possession of Cocaine,1,0,,6,Medium,1
Male,Less than 25,African-American,0,0,0,2.0,-1.0,F,Driving While License Revoked,0,0,,2,Low,0
Female,Less than 25,African-American,0,0,0,1.0,0.0,M,Battery,0,0,,1,Low,0
Male,Less than 25,Caucasian,0,0,0,10.0,0.0,F,Possession of Cocaine,0,0,,10,Medium,0
Female,25 - 45,Hispanic,1,0,0,3.0,-1.0,F,Possession Of Heroin,1,0,Opert With Susp DL 2nd Offens,3,High,1
Female,Greater than 45,African-American,0,1,0,11.0,-1.0,F,Felony Battery w/Prior Convict,0,0,,11,High,0
Female,Less than 25,African-American,0,0,0,0.0,-1.0,M,Battery,0,0,,0,Low,0
Female,Less than 25,African-American,0,0,0,2.0,-1.0,F,Susp Drivers Lic 1st Offense,0,0,Operating W/O Valid License,2,Medium,1
Male,25 - 45,Caucasian,0,0,0,0.0,-1.0,F,Felony Driving While Lic Suspd,1,1,False Imprisonment,0,Low,1
Female,Greater than 45,Other,0,1,0,3.0,-1.0,F,"Poss3,4 Methylenedioxymethcath",1,0,Trafficking 4-14 Grams Heroin,3,High,1
Male,25 - 45,Asian,0,0,0,0.0,-1.0,M,Felony Driving While Lic Suspd,1,0,Operating W/O Valid License,0,Low,1
Female,Greater than 45,Asian,0,0,2,3.0,-26.0,M,Assault,1,0,Fail Register Vehicle,3,Low,1
Male,Greater than 45,African-American,0,0,0,0.0,-1.0,F,Possession Of Heroin,0,0,,0,Low,0
Male,Greater than 45,Caucasian,0,0,0,1.0,-1.0,F,Felony Battery (Dom Strang),0,0,,1,Medium,1
Female,25 - 45,Hispanic,0,0,0,2.0,-1.0,F,Possession of Cocaine,0,0,,2,Low,1
Female,Greater than 45,Other,0,0,0,0.0,-1.0,F,Uttering a Forged Instrument,1,0,Unlaw LicTag/Sticker Attach,0,Low,1
Male,Less than 25,Caucasian,0,0,0,0.0,0.0,M,Battery,0,0,,0,Low,0
Male,Less than 25,Native American,0,0,0,1.0,-1.0,M,Battery,0,1,Battery,1,Medium,0
Male,25 - 45,Other,0,0,0,0.0,-1.0,F,Grand Theft in the 3rd Degree,1,0,Resist/Obstruct W/O Violence,0,Low,1
Male,25 - 45,Hispanic,0,0,0,2.0,0.0,F,Grand Theft in the 3rd Degree,1,0,Fail Register Vehicle,2,Low,1
Female,Less than 25,Caucasian,0,0,0,0.0,-2.0,F,Grand Theft in the 3rd Degree,1,1,Strong Armed  Robbery,0,Low,0
Female,Less than 25,Asian,0,0,1,2.0,-1.0,F,Burglary Structure Unoccup,1,0,Susp Drivers Lic 1st Offense,2,High,1
Male,25 - 45,African-American,0,0,0,9.0,-1.0,M,Petit Theft,1,0,Driving License Suspended,9,Medium,1
Male,Greater than 45,Asian,0,0,0,12.0,-1.0,F,Tampering With Physical Evidence,1,0,Operating W/O Valid License,12,High,1
Male,Less than 25,African-American,0,0,0,2.0,-1.0,F,Possession of Cocaine,0,0,Driving License Suspended,2,Medium,1
Female,25 - 45,Hispanic,0,0,0,1.0,-2.0,M,Grand Theft in the 3rd Degree,0,0,,1,Medium,0
Male,Less than 25,Other,0,0,0,1.0,-3.0,F,Battery,0,0,,1,Low,0
Male,Greater than 45,Native American,0,0,0,0.0,-1.0,F,Battery on Law Enforc Officer,1,0,Opert With Susp DL 2nd Offens,0,Medium,1
Male,25 - 45,Hispanic,0,0,0,0.0,-1.0,F,Burglary Conveyance Unoccup,1,0,Resist/Obstruct W/O Violence,0,High,1
Male,25 - 45,Hispanic,0,0,0,2.0,-1.0,F,Grand Theft in the 3rd Degree,1,1,Battery,2,Medium,1
Female,Greater than 45,Native American,0,1,0,5.0,-1.0,M,Neglect Child / No Bodily Harm,0,0,,5,Medium,0
Female,25 - 45,African-American,0,0,0,3.0,-3.0,F,Possession of Cocaine,1,0,Operating W/O Valid License,3,Medium,1
Female,Less than 25,Other,0,0,0,1.0,-1.0,F,Grand Theft in the 3rd Degree,0,0,,1,Low,0
Female,Less than 25,African-American,0,0,0,0.0,-1.0,F,Felony Battery (Dom Strang),0,0,,0,Low,0
Male,25 - 45,Caucasian,0,0,0,0.0,-1.0,F,Child Abuse,0,0,,0,Low,0
Female,Greater than 45,Caucasian,0,0,0,2.0,-1.0,F,Aggravated Assault w/Firearm,1,1,Resist/Obstruct W/O Violence,2,Low,1
Female,Less than 25,Hispanic,0,0,0,0.0,-1.0,F,Aggravated Battery / Pregnant,0,0,,0,Low,0
Female,25 - 45,African-American,0,0,0,0.0,0.0,F,Poss Contr Subst W/o Prescript,0,0,,0,Medium,0
Male,Less than 25,Asian,0,0,0,1.0,-1.0,M,Operating W/O Valid License,0,0,Driving License Suspended,1,Medium,0
Female,Less than 25,Native American,0,0,0,0.0,-1.0,M,Disorderly Conduct,1,1,False Imprisonment,0,Low,0
Female,Greater than 45,Other,0,0,0,9.0,0.0,F,Deliver Cannabis,1,1,Child Abuse,9,High,1
Male,Greater than 45,Native American,0,0,0,0.0,-1.0,M,DUI- Enhanced,0,0,,0,Low,0
Female,25 - 45,Hispanic,0,0,0,1.0,-18.0,F,Aggravated Assault W/Dead Weap,0,0,,1,Low,0
Male,Greater than 45,Asian,0,0,0,0.0,0.0,M,Aggravated Battery / Pregnant,1,0,Fail Register Vehicle,0,Medium,1
Male,Greater than 45,Other,0,0,0,1.0,-16.786164852466563,F,Resist Officer w/Violence,0,0,,1,Low,0
Male,Less than 25,African-American,0,0,0,3.0,-1.0,F,Viol Injunct Domestic Violence,1,0,Opert With Susp DL 2nd Offens,3,Medium,1
Male,25 - 45,Caucasian,0,1,0,2.0,-1.0,F,Aggrav Battery w/Deadly Weapon,1,0,Susp Drivers Lic 1st Offense,2,High,1
Female,Greater than 45,Hispanic,0,0,0,0.0,0.0,F,Tampering With Physical Evidence,0,0,,0,Medium,0
Male,25 - 45,African-American,0,0,0,3.0,-1.0,M,Battery,1,0,Susp Drivers Lic 1st Offense,3,Low,0
Male,25 - 45,Native American,0,0,0,1.0,-2.0,M,Battery,0,0,,1,Low,0
Female,Less than 25,Other,0,0,0,2.0,0.0,F,Pos Cannabis W/Intent Sel/Del,0,0,,2,Medium,0
Female,25 - 45,Native American,0,0,0,4.0,-1.0,F,Possession Of Heroin,1,0,Opert With Susp DL 2nd Offens,4,Medium,1
Male,Greater than 45,Other,0,0,0,6.0,-1.0,F,Driving License Suspended,1,0,Driving License Suspended,6,Low,1
Female,Less than 25,Caucasian,0,0,0,1.0,0.0,F,Tamper With Witness/Victim/CI,0,0,,1,Medium,0
Female,25 - 45,Hispanic,0,0,0,1.0,-1.0,F,Felony Battery w/Prior Convict,0,0,,1,Low,0
Female,Greater than 45,Asian,0,0,0,2.0,-1.0,F,Felony Driving While Lic Suspd,0,0,,2,Low,0
Male,Greater than 45,Other,0,0,0,2.0,-1.0,F,Grand Theft in the 3rd Degree,0,0,,2,High,0
Male,Greater than 45,Native American,0,0,0,0.0,-1.0,M,Battery,1,1,Battery,0,Low,1
Female,Less than 25,Native American,0,0,0,2.0,-1.0,F,Carrying Concealed Firearm,1,0,,2,Medium,1
Female,25 - 45,African-American,0,0,0,0.0,0.0,F,Driving While License Revoked,0,0,,0,Medium,0
Male,Less than 25,African-American,0,0,0,0.0,-1.0,M,Battery,0,0,,0,Low,0
Female,Less than 25,African-American,0,0,0,2.0,0.0,F,Deliver Cannabis,1,0,,2,High,0
Female,Less than 25,African-American,0,0,0,0.0,0.0,F,Possession Of Methamphetamine,0,0,,0,Medium,0
Female,Greater than 45,Asian,0,0,0,19.0,-1.0,M,Introduce Contraband Into Jail,1,0,Felony Petit Theft,19,Medium,1
Male,Less than 25,Native American,0,0,0,10.0,-1.0,F,Aggravated Assault W/dead Weap,0,0,,10,Medium,0
Female,Less than 25,Hispanic,0,0,0,1.0,-18.0,F,Possession Burglary Tools,0,0,,1,Low,0
Male,25 - 45,Native American,0,0,0,5.0,-1.0,F,Possession of Oxycodone,1,1,False Imprisonment,5,High,1
Male,25 - 45,Asian,0,0,0,1.0,-1.0,F,Tamper With Witness/Victim/CI,0,0,,1,Low,0
Male,Greater than 45,Caucasian,0,0,0,0.0,0.0,M,DUI Level 0.15 Or Minor In Veh,0,0,,0,Low,0
Male,Less than 25,African-American,0,0,0,0.0,-1.0,F,Crim Use of Personal ID Info,1,0,Unlaw LicTag/Sticker Attach,0,Low,1
Male,25 - 45,African-American,0,0,1,1.0,0.0,F,Possession of Cocaine,1,0,Drink/Premises Licensed Estab,1,High,1
Male,Less than 25,African-American,0,0,0,0.0,-1.0,F,Deliver Cocaine,0,0,,0,Low,0
Female,25 - 45,Native American,0,0,0,8.0,-1.0,F,Criminal Mischief Damage <$200,0,0,,8,Low,0
Male,Less than 25,Caucasian,0,0,0,0.0,-1.0,M,Battery,0,0,,0,Low,0
Male,Less than 25,Native American,0,0,0,1.0,-1.0,F,Poss F/Arm Delinq,1,0,Opert With Susp DL 2nd Offens,1,Low,1
Male,Less than 25,Caucasian,0,1,0,16.0,-1.0,F,Possession of Cocaine,0,0,,16,High,0
Female,Greater than 45,Hispanic,1,0,0,10.0,0.0,F,Burglary Structure Unoccup,1,1,Aid/Abet Burglary Assault/Batt,10,Low,1
Male,Less than 25,African-American,0,0,0,3.0,-22.0,M,Operating W/O Valid License,1,0,Operating W/O Valid License,3,Low,1
Male,25 - 45,Asian,0,0,0,11.0,0.0,M,Battery,0,0,,11,Low,0
Male,25 - 45,Asian,0,0,0,1.0,-2.0,F,Possession Burglary Tools,1,0,Susp Drivers Lic 1st Offense,1,Low,1
Male,25 - 45,African-American,0,0,0,6.0,0.0,M,Possession Of Alprazolam,1,0,Opert With Susp DL 2nd Offens,6,Low,1
Male,25 - 45,Asian,0,0,0,5.0,-1.0,F,Driving While License Revoked,1,0,Susp Drivers Lic 1st Offense,5,Medium,1
Male,Greater than 45,Native American,0,1,0,5.0,-1.0,F,Resist Officer w/Violence,0,0,,5,Medium,0
Male,25 - 45,Caucasian,0,0,0,0.0,-1.0,M,Battery,1,1,Battery,0,Low,1
Female,Greater than 45,Caucasian,0,0,0,7.0,-1.0,M,Resist/Obstruct W/O Violence,0,0,,7,Medium,0
Female,25 - 45,Other,0,0,0,1.0,-1.0,F,Grand Theft in the 3rd Degree,1,0,Opert With Susp DL 2nd Offens,1,Low,1
Male,25 - 45,Caucasian,0,0,0,2.0,-1.0,F,Grand Theft (Motor Vehicle),0,0,,2,Medium,0
Male,25 - 45,Caucasian,0,0,0,2.0,-1.0,M,DUI Property Damage/Injury,0,0,,2,Low,0
Female,Less than 25,Other,0,0,0,11.0,-1.0,M,Driving License Suspended,1,1,Battery,11,Low,1
Female,Greater than 45,Asian,0,0,0,0.0,0.0,M,Assault,0,0,,0,Low,0
Male,Greater than 45,African-American,0,0,0,0.0,0.0,M,Possess Cannabis/20 Grams Or Less,1,0,Fail Register Vehicle,0,Low,1
Male,Less than 25,Hispanic,0,0,0,2.0,-1.0,F,Viol Prot Injunc Repeat Viol,1,0,Resist/Obstruct W/O Violence,2,Medium,1
Male,Greater than 45,Asian,0,0,0,0.0,0.0,M,Battery,0,0,Opert With Susp DL 2nd Offens,0,Low,0
Male,25 - 45,Native American,0,0,0,0.0,-1.0,F,DUI Property Damage/Injury,0,0,,0,Low,0
Male,25 - 45,Hispanic,0,0,0,5.0,-1.0,F,Resist Officer w/Violence,1,0,,5,Low,1
Female,Less than 25,Native American,0,0,0,7.0,-1.0,F,Felony Petit Theft,1,0,Fail Register Vehicle,7,High,1
Female,25 - 45,Hispanic,0,0,0,0.0,-1.0,F,Aggrav Battery w/Deadly Weapon,0,0,,0,Low,0
Female,Greater than 45,Hispanic,0,0,0,1.0,-1.0,F,Grand Theft in the 3rd Degree,1,0,Operating W/O Valid License,1,Medium,1
Male,Less than 25,Caucasian,0,0,0,1.0,-28.0,M,DUI Property Damage/Injury,0,0,,1,Low,0
Male,Less than 25,Other,0,0,0,6.0,-1.0,F,Grand Theft in the 3rd Degree,1,0,Driving License Suspended,6,Medium,1
Male,Greater than 45,Asian,0,0,0,0.0,0.0,M,DUI Level 0.15 Or Minor In Veh,0,0,,0,Low,0
Male,Less than 25,Hispanic,0,0,0,4.0,-1.0,M,Battery,1,0,Operating W/O Valid License,4,Medium,1
Female,Less than 25,Caucasian,0,0,0,0.0,0.0,F,Robbery / No Weapon,0,0,,0,Medium,0
Female,Less than 25,Hispanic,0,0,0,14.0,23.127405699854748,F,Possession Of Heroin,1,0,Operating W/O Valid License,14,High,1
Female,Greater than 45,Other,0,0,0,0.0,-1.0,M,Driving License Suspended,1,0,Operating W/O Valid License,0,Low,1
Male,Greater than 45,Hispanic,0,0,0,0.0,-1.0,M,Susp Drivers Lic 1st Offense,0,0,,0,Low,0
Female,25 - 45,Native American,0,0,0,1.0,-1.0,F,Grand Theft in the 3rd Degree,0,0,,1,Low,0
Female,25 - 45,African-American,0,0,0,2.0,0.0,F,Driving License Suspended,0,0,,2,Low,0
Female,Less than 25,Other,0,0,0,11.0,-1.0,F,Grand Theft (Motor Vehicle),0,0,,11,High,0
Male,Greater than 45,African-American,1,2,2,6.0,-1.0,F,Att Burgl Unoccupied Dwel,1,1,Aid/Abet Burglary Assault/Batt,6,Medium,0
Male,Less than 25,Other,0,0,0,1.0,-1.0,F,Aggravated Assault W/Dead Weap,1,0,,1,Medium,0
Female,Less than 25,Hispanic,0,3,1,4.0,-1.0,M,Manslaughter W/Weapon/Firearm,1,0,Driving License Suspended,4,High,1
Male,Less than 25,Caucasian,0,0,0,1.0,0.0,M,DUI Level 0.15 Or Minor In Veh,0,0,,1,Low,0
Male,25 - 45,African-American,0,0,0,6.0,-1.0,M,Battery,0,0,,6,Medium,0
Male,Less than 25,Hispanic,0,0,0,1.0,-1.0,F,Aggrav Battery w/Deadly Weapon,0,0,,1,Low,0
Male,Less than 25,Caucasian,0,0,3,9.0,-1.0,M,Neglect Child / No Bodily Harm,1,0,Felony Petit Theft,9,High,1
Male,25 - 45,African-American,0,0,0,0.0,-1.0,F,Pos Cannabis W/Intent Sel/Del,1,0,,0,Medium,1
Female,Less than 25,Other,0,0,0,8.0,-1.0,F,Criminal Mischief,1,0,Resist/Obstruct W/O Violence,8,Low,1
Male,25 - 45,African-American,0,0,0,10.0,-1.0,F,Felony Petit Theft,1,0,,10,Medium,1
Female,Greater than 45,Other,0,0,0,8.0,0.0,M,Criminal Mischief Damage <$200,1,0,,8,High,0
Male,Less than 25,Native American,0,0,0,0.0,0.0,F,Grand Theft in the 3rd Degree,0,0,,0,Low,0
Female,Greater than 45,Hispanic,0,0,0,0.0,-2.0,M,Leave Acc/Attend Veh/More $50,0,0,,0,Low,0
Male,25 - 45,Hispanic,0,0,0,0.0,-1.0,M,Battery,0,0,,0,Low,0
Male,Greater than 45,Other,0,0,0,1.0,-1.0,F,Aggravated Assault W/Dead Weap,1,0,,1,Low,1
Male,Greater than 45,African-American,0,0,0,0.0,-1.0,M,Battery,0,0,,0,Medium,0
Female,Less than 25,African-American,0,0,0,1.0,-1.0,F,Possession of Cocaine,0,0,,1,Low,0
Female,25 - 45,Other,0,1,0,23.0,-1.0,F,Felony Petit Theft,1,0,Felony Petit Theft,23,High,1
Male,Greater than 45,African-American,0,0,0,0.0,-1.0,F,Possession of Cannabis,1,0,Unlaw LicTag/Sticker Attach,0,Medium,1
Male,Less than 25,Caucasian,0,0,0,1.0,-1.0,F,Grand Theft in the 3rd Degree,1,0,Resist/Obstruct W/O Violence,1,Low,0
Male,Less than 25,African-American,0,0,0,0.0,0.0,M,Battery,1,0,Resist/Obstruct W/O Violence,0,Medium,1
Male,Less than 25,African-American,1,0,0,4.0,-1.0,F,Aggravated Assault W/Dead Weap,1,1,Aid/Abet Burglary Assault/Batt,4,Medium,1
Female,Less than 25,African-American,0,0,0,0.0,0.0,F,Resist Officer w/Violence,1,0,Drinking Alch Beverage In Open,0,Medium,1
Female,Greater than 45,Caucasian,0,0,0,3.0,-4.0,M,DUI - Enhanced,0,0,,3,Low,0
Male,Less than 25,Native American,0,0,0,18.0,0.0,M,Operating W/O Valid License,1,0,Operating W/O Valid License,18,High,1
Male,Less than 25,Native American,0,0,0,1.0,-1.0,F,Burglary Unoccupied Dwelling,1,0,,1,Medium,0
Male,25 - 45,Native American,0,0,0,6.0,-1.0,F,Grand Theft in the 3rd Degree,1,0,Driving License Suspended,6,Medium,1
Male,25 - 45,Caucasian,0,0,0,20.0,0.0,F,Driving While License Revoked,1,0,Operating W/O Valid License,20,Low,1
Female,Less than 25,Native American,1,0,0,2.0,-1.0,F,Possession of Cannabis,1,0,Opert With Susp DL 2nd Offens,2,Medium,0
Male,Greater than 45,Other,0,0,0,5.0,0.0,F,Crim Use of Personal ID Info,1,0,Susp Drivers Lic 1st Offense,5,Medium,1
Male,Less than 25,Caucasian,0,0,0,1.0,-1.0,M,Resist/Obstruct W/O Violence,0,0,,1,Low,0
Female,Less than 25,Native American,0,0,0,0.0,-2.0,M,Battery,0,0,,0,Low,0
Male,25 - 45,Native American,0,0,0,6.0,0.0,M,Battery,1,0,Operating W/O Valid License,6,Low,1
Male,Greater than 45,Native American,0,0,2,3.0,-1.0,F,Grand Theft (Motor Vehicle),1,1,Child Abuse,3,High,1
Male,25 - 45,Hispanic,0,0,0,0.0,-1.0,M,Lve/Scen/Acc/Veh/Prop/Damage,0,0,,0,Low,0
Male,25 - 45,Hispanic,0,0,0,0.0,-1.0,F,Burglary Unoccupied Dwelling,1,0,Resist/Obstruct W/O Violence,0,Low,1
Male,25 - 45,Native American,0,0,1,0.0,0.0,F,Possession Burglary Tools,1,0,Drink/Premises Licensed Estab,0,High,1
Male,25 - 45,Other,0,0,0,0.0,-1.0,M,Driving Under The Influence,0,0,,0,Low,0
Female,25 - 45,Native American,0,0,0,0.0,-1.0,F,Grand Theft in the 3rd Degree,0,0,Susp Drivers Lic 1st Offense,0,Low,1
Female,Less than 25,Hispanic,0,0,0,2.0,-1.0,M,Possess Cannabis/20 Grams Or Less,1,0,Fail Register Vehicle,2,Low,1
Female,Less than 25,Caucasian,0,0,0,2.0,-1.0,M,Dealing in Stolen Property,0,0,,2,Low,0
Female,25 - 45,African-American,0,0,0,1.0,-1.0,F,Possession of Oxycodone,0,0,,1,Low,0
Male,Less than 25,Caucasian,0,0,0,11.0,-1.0,F,Felony Battery w/Prior Convict,0,0,,11,High,0
Male,Greater than 45,Asian,0,0,0,10.0,-1.0,F,Viol Injunct Domestic Violence,1,0,Susp Drivers Lic 1st Offense,10,Medium,1
Male,25 - 45,Caucasian,0,0,0,1.0,-1.0,F,Leave Acc/Attend Veh/More $50,0,0,,1,Medium,0
Male,Greater than 45,Hispanic,0,0,0,15.0,-4.0,F,Possession of Cocaine,1,0,Driving License Suspended,15,High,1
Male,Less than 25,Hispanic,0,0,0,1.0,0.0,F,Unauth Poss ID Card or DL,1,1,Battery,1,Medium,1
Male,25 - 45,Hispanic,0,0,0,4.0,-1.0,M,Battery,0,1,Battery,4,Low,1
Female,Less than 25,African-American,0,0,0,5.0,-1.0,M,Battery,0,0,,5,Low,0
Male,Less than 25,African-American,0,0,0,0.0,-1.0,F,Aggravated Assault W/Dead Weap,1,1,Battery,0,Low,1
Male,25 - 45,Hispanic,0,0,0,0.0,-1.0,M,Battery,0,0,,0,Low,0
Male,Greater than 45,Native American,0,0,0,0.0,-1.0,M,Battery,0,0,,0,Low,0
Female,Less than 25,African-American,0,2,1,3.0,-1.0,M,Lewd Act Presence Child 16-,1,1,Battery,3,High,1
Male,25 - 45,Caucasian,0,0,0,6.0,-1.0,F,Possession of Cocaine,0,0,,6,Medium,0
Male,Less than 25,Other,0,1,0,1.0,-1.0,M,Burglary Unoccupied Dwelling,1,0,Trafficking 4-14 Grams Heroin,1,Low,1
Female,Less than 25,Hispanic,0,0,0,0.0,-1.0,M,Battery,0,0,,0,Low,0
Female,Greater than 45,African-American,0,0,0,6.0,0.0,F,Grand Theft in the 3rd Degree,0,0,,6,Medium,0
Male,Greater than 45,Asian,0,0,0,1.0,-2.0,M,DUI Property Damage/Injury,0,0,,1,Low,0
Male,25 - 45,Caucasian,0,0,0,1.0,-1.0,M,Battery,0,0,,1,Low,0
Male,Greater than 45,African-American,0,0,0,1.0,-1.0,F,Exposes Culpable Negligence,0,0,,1,Low,0
Male,25 - 45,Native American,0,0,0,4.0,-1.0,F,Grand Theft in the 3rd Degree,1,0,Resist/Obstruct W/O Violence,4,Low,1
Male,Greater than 45,Caucasian,0,0,0,10.0,-1.0,F,Felony Battery w/Prior Convict,1,0,Fail Register Vehicle,10,Medium,1
Female,25 - 45,Caucasian,0,0,0,4.0,-1.0,F,Poss Pyrrolidinovalerophenone,1,0,Opert With Susp DL 2nd Offens,4,High,1
Female,Less than 25,Asian,0,0,0,0.0,-3.0,F,Poss Unlaw Issue Driver Licenc,0,0,,0,Low,0
Female,25 - 45,Native American,0,0,1,1.0,-1.0,F,Poss Pyrrolidinovalerophenone,1,0,Susp Drivers Lic 1st Offense,1,Medium,1
Male,Greater than 45,Asian,0,0,0,1.0,-1.0,F,Grand Theft in the 3rd Degree,1,0,,1,Low,0
Male,Less than 25,Caucasian,0,1,0,17.0,-1.0,M,Battery,1,1,Battery,17,Medium,1
Male,25 - 45,Hispanic,0,0,0,2.0,0.0,F,Tamper With Witness/Victim/CI,1,0,Driving License Suspended,2,Low,1
Male,Less than 25,Caucasian,0,0,0,0.0,-1.0,F,Poss Contr Subst W/o Prescript,0,0,,0,Medium,0
Male,25 - 45,African-American,0,0,0,12.0,0.0,M,Battery,1,0,Driving License Suspended,12,Medium,1
Male,Greater than 45,Hispanic,0,0,0,8.0,-10.0,F,Agg Battery Grt/Bod/Harm,0,0,,8,Low,0
Male,Greater than 45,Native American,0,0,0,3.0,-1.0,F,Possession of Cocaine,0,0,Resist/Obstruct W/O Violence,3,High,1
Male,25 - 45,Asian,0,0,0,1.0,-1.0,M,Battery,1,1,Battery,1,Low,1
Female,Less than 25,African-American,0,0,2,1.0,-1.0,M,Battery,0,0,,1,Medium,0
Female,Greater than 45,Hispanic,0,0,0,5.0,-1.0,F,Aggravated Battery,1,0,Driving License Suspended,5,Low,1
Female,Greater than 45,African-American,0,0,0,5.0,-1.0,M,Possession of Cannabis,0,0,,5,Low,0
Female,Greater than 45,Other,0,0,0,0.0,-1.0,F,Grand Theft (Motor Vehicle),0,0,,0,Low,0
Female,Less than 25,Caucasian,0,0,1,0.0,-1.0,F,Grand Theft in the 3rd Degree,1,0,Fail Register Vehicle,0,Low,1
Male,Greater than 45,Hispanic,0,1,0,8.0,-1.0,M,Battery,1,0,Susp Drivers Lic 1st Offense,8,High,1
Female,Less than 25,Caucasian,0,0,0,0.0,0.0,F,Carrying Concealed Firearm,0,0,,0,Low,0
Male,Less than 25,Hispanic,0,0,0,0.0,-1.0,F,Grand Theft in the 3rd Degree,0,0,,0,Low,0
Male,25 - 45,Asian,0,0,0,1.0,0.0,F,Grand Theft in the 3rd Degree,1,0,Operating W/O Valid License,1,High,1
Female,Greater than 45,Other,0,0,0,0.0,-1.0,M,Battery,0,0,,0,Low,0
Male,Less than 25,Native American,0,0,0,1.0,-1.0,F,Poss Contr Subst W/o Prescript,1,0,Operating W/O Valid License,1,Low,1
Female,25 - 45,Caucasian,0,0,0,0.0,-1.0,M,Battery,0,0,,0,Low,0
Female,Greater than 45,Caucasian,0,0,0,15.0,-1.0,F,Aggravated Battery / Pregnant,1,0,Driving License Suspended,15,High,1
Male,Less than 25,Asian,0,0,0,11.0,-1.0,F,Grand Theft (Motor Vehicle),1,0,,11,High,1
Female,25 - 45,Other,0,0,0,0.0,-1.0,M,Battery,0,1,Aggravated Battery / Pregnant,0,Low,1
Female,25 - 45,African-American,0,0,0,8.0,-1.0,M,Battery,1,0,Operating W/O Valid License,8,Medium,1
Female,Less than 25,Hispanic,0,0,0,1.0,-1.0,F,Aggravated Assault W/dead Weap,1,1,Resist/Obstruct W/O Violence,1,Low,1
Male,Less than 25,Caucasian,0,0,0,2.0,-1.0,F,Felony Driving While Lic Suspd,0,0,,2,Low,0
Male,Less than 25,Native American,0,0,1,8.0,-7.642463809576213,M,Battery on Law Enforc Officer,1,1,False Imprisonment,8,Medium,1
Female,Greater than 45,Hispanic,0,0,0,1.0,-1.0,F,Felony Battery (Dom Strang),1,0,Opert With Susp DL 2nd Offens,1,Low,1
Male,Less than 25,Caucasian,0,0,0,0.0,-3.0,F,Felony Battery (Dom Strang),0,0,,0,Medium,0
Male,25 - 45,African-American,0,0,0,0.0,0.0,M,Poss Pyrrolidinovalerophenone,0,0,,0,Low,0
Female,25 - 45,Native American,1,0,0,6.0,-1.0,F,Aggrav Battery w/Deadly Weapon,1,0,Trespass Structure/Conveyance,6,Medium,1
Male,Greater than 45,Native American,0,0,0,0.0,-1.0,F,Grand Theft in the 3rd Degree,0,0,,0,Low,0
Male,Greater than 45,Hispanic,0,0,0,0.0,-1.0,F,False Imprisonment,0,0,,0,Low,0
Male,Greater than 45,Caucasian,0,0,0,0.0,0.0,M,DUI Level 0.15 Or Minor In Veh,0,0,,0,Low,0
Female,Less than 25,Asian,0,0,0,5.0,-1.0,F,Driving While License Revoked,1,0,Resist/Obstruct W/O Violence,5,High,1
Male,25 - 45,Asian,0,0,0,6.0,-1.0,F,Possession of Oxycodone,1,1,Child Abuse,6,Medium,1
Male,25 - 45,Asian,0,0,0,9.0,-1.0,F,Felony Battery w/Prior Convict,1,0,Driving License Suspended,9,Low,0
Male,Greater than 45,African-American,0,0,0,1.0,-8.0,F,Neglect Child / No Bodily Harm,0,0,,1,High,0
Male,Greater than 45,Native American,0,0,0,4.0,-11.707029213310289,F,Aggravated Assault w/Firearm,0,0,,4,Low,0
Female,Less than 25,Other,0,0,0,1.0,0.0,F,Possession Of Alprazolam,1,0,,1,Medium,0
Female,25 - 45,Other,0,0,0,1.0,-18.55892236623511,M,Driving License Suspended,0,0,Fail Register Vehicle,1,Medium,1
Male,Less than 25,Hispanic,0,0,0,1.0,0.0,F,Resist/Obstruct W/O Violence,0,0,,1,Medium,0
Male,Greater than 45,Native American,0,0,0,3.0,0.0,M,Reckless Driving,1,1,Resist/Obstruct W/O Violence,3,Low,1
Male,Greater than 45,African-American,0,0,0,3.0,-1.0,F,Driving While License Revoked,0,0,Driving License Suspended,3,Low,1
Male,Greater than 45,Other,0,0,0,6.0,-1.0,F,Burglary Conveyance Unoccup,1,1,Resist/Obstruct W/O Violence,7,Low,1
Male,25 - 45,Native American,0,0,0,1.0,-1.0,F,Criminal Mischief Damage <$200,1,0,Operating W/O Valid License,1,Low,1
Female,Greater than 45,Caucasian,0,0,0,0.0,-1.0,F,Poss Contr Subst W/o Prescript,0,0,,0,Low,0
Male,Greater than 45,African-American,0,0,0,16.0,-1.0,F,Cruelty Toward Child,1,0,,16,Medium,1
Male,Less than 25,Caucasian,0,0,0,0.0,-1.0,F,Petit Theft,0,0,Resist/Obstruct W/O Violence,0,High,0
Female,Less than 25,Other,0,0,0,1.0,-1.0,F,Possession Burglary Tools,1,0,Operating W/O Valid License,1,Medium,1
Female,25 - 45,African-American,0,0,0,0.0,-1.0,F,Driving While License Revoked,1,0,,0,High,0
Male,Less than 25,Hispanic,0,0,0,0.0,-1.0,F,Possession of Cocaine,1,0,,0,High,0
Male,25 - 45,Caucasian,0,0,0,2.0,0.0,M,Battery,1,0,Fail Register Vehicle,2,Low,1
Male,25 - 45,Hispanic,0,0,0,0.0,0.0,M,Aggravated Assault W/Dead Weap,1,0,Opert With Susp DL 2nd Offens,0,Medium,1
Female,Greater than 45,Asian,0,0,0,6.0,0.0,F,Aggravated Battery / Pregnant,0,0,,6,Low,0
Male,Less than 25,African-American,0,0,0,2.0,-1.0,F,Burglary Unoccupied Dwelling,1,0,,2,Low,0
Male,25 - 45,Asian,0,0,0,0.0,-1.0,F,Grand Theft in the 3rd Degree,1,0,Operating W/O Valid License,0,High,1
Male,25 - 45,Other,0,0,0,2.0,-1.0,F,Grand Theft (Motor Vehicle),0,0,,2,Low,0
Female,25 - 45,Native American,0,0,0,1.0,0.0,M,Burglary Dwelling Assault/Batt,0,0,,1,High,0
Female,Less than 25,African-American,0,0,0,3.0,-1.0,M,Viol Prot Injunc Repeat Viol,1,0,Driving License Suspended,3,Medium,1
Female,Greater than 45,Native American,0,0,0,0.0,0.0,M,Battery,0,0,,0,Medium,0
Male,Greater than 45,Asian,0,0,0,0.0,-1.0,F,Grand Theft (Motor Vehicle),0,0,,0,Low,0
Female,25 - 45,Hispanic,0,0,0,1.0,-1.0,F,Deliver Cocaine,1,0,Susp Drivers Lic 1st Offense,1,Low,1
Female,Less than 25,Hispanic,0,0,0,1.0,6.484883021079874,F,Grand Theft (Motor Vehicle),0,0,,1,Medium,0
Male,Greater than 45,Hispanic,0,0,0,11.0,-1.0,M,Petit Theft,1,0,Susp Drivers Lic 1st Offense,11,High,1
Male,Less than 25,Native American,0,0,0,0.0,0.0,M,Battery,0,0,,0,Low,0
Female,25 - 45,Native American,0,0,0,6.0,-1.0,F,Possession of Cocaine,0,0,,6,Medium,0
Female,25 - 45,African-American,0,0,0,1.0,-1.0,F,Resist Officer w/Violence,0,0,,1,Medium,0
Male,25 - 45,Other,0,0,0,0.0,0.0,F,"Poss3,4 Methylenedioxymethcath",0,0,Resist/Obstruct W/O Violence,0,Low,0
Male,Less than 25,Other,0,0,0,0.0,-1.0,F,Burglary Unoccupied Dwelling,0,0,,0,Medium,0
Female,Less than 25,Native American,0,0,0,1.0,-1.0,M,Susp Drivers Lic 1st Offense,0,0,,1,Low,0
Female,25 - 45,Asian,0,0,0,2.0,-1.0,M,Battery,0,0,,2,Low,0
Female,Greater than 45,Native American,0,0,0,0.0,-1.0,M,Possess Cannabis/20 Grams Or Less,0,0,,0,Low,0
Female,Less than 25,Native American,0,0,0,0.0,-7.004147151154424,F,Grand Theft in the 3rd Degree,0,0,,0,Low,0
Male,25 - 45,Hispanic,0,0,0,0.0,-1.0,F,Grand Theft in the 3rd Degree,0,1,Strong Armed  Robbery,0,High,1
Male,Less than 25,Hispanic,0,0,0,0.0,-1.0,M,Battery,0,0,,0,Low,0
Female,25 - 45,Caucasian,0,0,0,0.0,-1.0,F,Grand Theft in the 3rd Degree,0,0,,0,Medium,0
Male,25 - 45,African-American,0,0,0,2.0,-1.0,M,Susp Drivers Lic 1st Offense,0,0,,2,Medium,0
Female,Less than 25,Native American,0,0,0,0.0,-1.0,F,Possession of Cannabis,0,0,,0,High,0
Female,25 - 45,Asian,0,0,0,9.0,-1.0,F,Felony Driving While Lic Suspd,1,0,Susp Drivers Lic 1st Offense,9,High,1
Female,Greater than 45,Caucasian,0,0,0,1.0,-1.0,F,Grand Theft in the 3rd Degree,0,0,,1,Low,0
Male,Less than 25,Native American,2,1,0,11.0,-1.0,F,Fleeing Or Attmp Eluding A Leo,0,0,,11,High,0
Male,Less than 25,African-American,0,0,1,5.0,-1.0,F,Grand Theft in the 3rd Degree,1,1,Child Abuse,5,High,1
Female,25 - 45,Native American,0,0,0,0.0,0.0,M,Resist/Obstruct W/O Violence,0,0,,0,Low,0
Female,25 - 45,Caucasian,0,0,0,1.0,-11.284342618759968,F,Aggravated Assault W/dead Weap,0,0,,1,Low,0
Female,Greater than 45,Other,0,0,0,3.0,0.0,M,Criminal Mischief Damage <$200,1,0,Operating W/O Valid License,3,Low,1
Male,25 - 45,Native American,0,0,0,1.0,-1.0,F,Burglary Structure Unoccup,1,0,Resist/Obstruct W/O Violence,1,Low,1
Male,Greater than 45,Hispanic,0,0,0,1.0,0.0,F,Aggrav Battery w/Deadly Weapon,1,1,False Imprisonment,1,Low,1
Male,Greater than 45,Other,0,0,0,2.0,-1.0,F,Possession of Cocaine,1,0,Opert With Susp DL 2nd Offens,2,Medium,1
Male,Less than 25,Native American,0,0,0,1.0,-9.261930503957888,M,DUI Property Damage/Injury,0,0,,1,Low,0
Male,Greater than 45,Caucasian,0,0,0,0.0,-1.0,M,Battery,0,0,,0,High,0
Female,Less than 25,Hispanic,0,0,0,26.071859431554362,-1.0,F,False Imprisonment,1,0,Felony Petit Theft,25,Medium,1
Male,Less than 25,Asian,0,0,1,2.0,-1.0,F,Resist Officer w/Violence,1,0,Driving License Suspended,2,High,0
Female,25 - 45,Asian,0,0,0,6.0,0.0,F,Possession of Cocaine,0,0,,6,High,0
Female,25 - 45,African-American,0,0,0,3.0,0.0,F,Possession Of Methamphetamine,1,1,Battery,3,Low,1
Male,Less than 25,Native American,0,0,0,4.0,-1.0,F,Grand Theft (Motor Vehicle),1,0,Resist/Obstruct W/O Violence,4,Low,1
Female,Greater than 45,Asian,0,0,0,2.0,-28.0,M,Possession Of Alprazolam,1,0,,2,Medium,1
Male,Greater than 45,African-American,0,0,0,10.0,-28.0,F,Aggravated Battery,1,0,Opert With Susp DL 2nd Offens,10,Medium,1
Female,Greater than 45,Native American,0,0,0,16.0,-1.0,F,Possession of Cocaine,0,0,,16,High,0
Female,Greater than 45,Hispanic,0,0,2,10.0,-1.0,F,Battery on a Person Over 65,1,1,Battery,10,Low,1
Female,Less than 25,Hispanic,0,0,0,9.0,-1.0,F,Pos Cannabis W/Intent Sel/Del,1,0,Resist/Obstruct W/O Violence,9,High,1
Female,Less than 25,Caucasian,0,0,0,1.0,-1.0,F,Possession of Cocaine,0,0,,1,High,0
Female,Less than 25,Native American,5,0,1,16.0,-1.0,F,Agg Fleeing/Eluding High Speed,1,1,Child Abuse,16,High,1
Male,Greater than 45,Native American,0,0,2,24.137839956098333,0.0,M,Viol Pretrial Release Dom Viol,1,1,False Imprisonment,24,High,1
Male,Greater than 45,Asian,0,0,0,3.0,-19.0,F,Unlaw LicTag/Sticker Attach,1,0,Opert With Susp DL 2nd Offens,3,Low,1
Female,Greater than 45,Caucasian,0,0,2,6.0,-1.0,M,Criminal Mischief Damage <$200,1,0,Susp Drivers Lic 1st Offense,6,Medium,1
Female,Greater than 45,African-American,0,0,0,0.0,-5.09420504387689,F,Possession Of Methamphetamine,0,0,,0,Low,0
Male,Less than 25,African-American,0,0,0,0.0,0.0,F,Susp Drivers Lic 1st Offense,0,0,,0,Low,0
Female,25 - 45,Other,0,0,0,10.0,-1.0,F,Grand Theft in the 3rd Degree,1,0,Driving License Suspended,10,Low,1
Male,Greater than 45,African-American,0,0,0,0.0,-1.0,M,Battery,1,1,Strong Armed  Robbery,0,Low,1
Male,Less than 25,Native American,0,0,0,0.0,-6.0,M,DUI - Enhanced,0,0,,0,Low,0
Female,Greater than 45,Hispanic,0,0,0,2.0,-1.0,F,"Poss3,4 Methylenedioxymethcath",1,0,Resist/Obstruct W/O Violence,2,High,0
Female,Greater than 45,African-American,0,0,0,0.0,-1.0,M,DUI Level 0.15 Or Minor In Veh,0,0,,0,Low,0
Male,Greater than 45,Asian,0,0,0,11.0,-1.0,F,Felony Driving While Lic Suspd,1,0,Operating W/O Valid License,11,High,1
Female,Greater than 45,Caucasian,0,0,0,1.0,-4.0,F,Felony Driving While Lic Suspd,0,0,,1,Low,0
Female,Greater than 45,Caucasian,0,0,0,9.0,-1.0,M,Battery,1,0,,9,Medium,0
Male,25 - 45,Native American,0,0,0,0.0,-1.0,M,Battery,0,0,,0,Low,0
Male,25 - 45,Hispanic,0,0,0,1.0,-1.0,M,Battery,0,0,,1,Low,0
Male,Greater than 45,Hispanic,0,0,0,12.0,-1.0,F,Possession of Cocaine,1,0,Driving License Suspended,12,High,1
Male,Greater than 45,Caucasian,0,2,0,7.0,0.0,F,Carrying Concealed Firearm,1,1,Resist/Obstruct W/O Violence,7,Medium,1
Female,Less than 25,Other,0,0,0,1.0,-1.0,F,Crim Use of Personal ID Info,0,0,,1,High,0
Female,Less than 25,Native American,0,0,0,0.0,-1.0,F,False Ownership Info/Pawn Item,1,0,Susp Drivers Lic 1st Offense,0,Low,1
Female,Greater than 45,African-American,0,0,0,0.0,-1.0,F,Grand Theft in the 3rd Degree,0,0,,0,Low,0
Female,25 - 45,Other,0,0,0,2.0,-1.0,F,Agg Battery Grt/Bod/Harm,1,0,,2,Low,0
Male,Less than 25,Hispanic,0,0,0,0.0,-1.0,F,Grand Theft in the 3rd Degree,1,0,Unlaw LicTag/Sticker Attach,0,Medium,1
Male,25 - 45,Asian,0,0,0,1.0,0.0,M,Driving Under The Influence,0,0,,1,Low,0
Male,25 - 45,African-American,0,0,0,22.0,-1.0,F,Felony Driving While Lic Suspd,1,0,Opert With Susp DL 2nd Offens,22,Medium,1
Female,Greater than 45,Hispanic,0,0,0,0.0,0.0,M,Battery,0,0,,0,Low,0
Male,25 - 45,Native American,0,0,0,0.0,-1.0,M,Disorderly Conduct,1,1,Aid/Abet Burglary Assault/Batt,0,Low,1
Male,Greater than 45,Hispanic,0,0,0,0.0,0.0,F,False Imprisonment,0,0,,0,Low,0
Female,Greater than 45,Hispanic,0,0,0,0.0,-1.0,F,Deliver Cocaine,1,0,,0,High,1
Male,Less than 25,African-American,0,0,0,0.0,-1.0,M,Battery,0,0,,0,High,0
Male,Less than 25,African-American,0,0,0,4.0,-1.0,M,Battery,1,1,Battery,4,Low,1
Female,Less than 25,Other,0,0,0,0.0,-1.0,M,DUI Property Damage/Injury,0,0,,0,Low,0
Female,25 - 45,African-American,0,0,0,1.0,0.0,F,Possession of Cocaine,0,0,,1,Low,0
Male,Less than 25,Asian,1,0,2,4.0,-1.0,F,Poss Cocaine/Intent To Del/Sel,0,0,,4,High,0
Female,Less than 25,Asian,0,0,0,0.0,-1.0,F,Aggravated Battery,0,0,,0,Low,0
Male,Greater than 45,Caucasian,0,0,0,1.0,0.0,M,Possession of Cannabis,0,0,,1,Low,1
Male,Less than 25,Hispanic,0,0,0,1.0,-1.0,F,Susp Drivers Lic 1st Offense,0,0,Opert With Susp DL 2nd Offens,1,Low,0
Female,25 - 45,Asian,0,0,0,2.0,-1.0,F,Crim Use of Personal ID Info,0,0,,2,Medium,0
Female,Less than 25,Asian,0,0,0,0.0,-1.0,F,Grand Theft (Motor Vehicle),0,0,,0,Low,0
Female,Greater than 45,Caucasian,0,0,0,1.0,-1.0,F,Poss Contr Subst W/o Prescript,0,0,,1,Low,0
Female,Less than 25,African-American,0,0,0,0.0,0.0,F,Driving License Suspended,1,0,Operating W/O Valid License,0,Low,1
Male,25 - 45,African-American,0,0,0,1.0,0.0,F,Possession Of Heroin,1,0,Operating W/O Valid License,1,High,1
Male,25 - 45,Other,0,0,0,7.0,-1.0,F,Aggravated Assault W/Dead Weap,1,0,Resist/Obstruct W/O Violence,7,High,1
Female,Greater than 45,Caucasian,0,0,0,3.0,0.0,F,Burglary Unoccupied Dwelling,1,1,False Imprisonment,3,High,1
Female,Greater than 45,Native American,0,0,0,2.0,-1.0,F,Aggravated Assault W/Dead Weap,1,0,Fail Register Vehicle,2,Medium,1
Male,Less than 25,Asian,0,0,0,6.0,-1.0,M,Possession of Cocaine,0,0,Resist/Obstruct W/O Violence,6,High,1
Female,25 - 45,African-American,0,0,0,4.0,-1.0,M,Battery,0,0,,4,Low,0
Male,Greater than 45,Caucasian,0,0,0,3.0,-1.0,F,Grand Theft in the 3rd Degree,0,0,,3,Low,0
Female,Less than 25,Native American,0,0,0,0.0,0.0,F,Possession Of Heroin,1,0,Operating W/O Valid License,0,Medium,1
Male,Less than 25,Native American,0,0,0,3.0,-15.52703714818753,M,Battery,1,1,Child Abuse,3,Low,1
Male,Greater than 45,Asian,0,0,0,0.0,-1.0,F,"Poss3,4 Methylenedioxymethcath",0,0,,0,Low,0
Female,25 - 45,African-American,0,0,0,16.0,-1.0,F,Exposes Culpable Negligence,1,0,Resist/Obstruct W/O Violence,16,High,1
Male,Less than 25,Asian,0,0,0,0.0,-1.0,M,DUI Property Damage/Injury,1,0,,0,Low,0
Female,Greater than 45,Asian,0,0,0,8.0,-1.0,M,Viol Injunct Domestic Violence,0,0,,8,Low,0
Male,Greater than 45,African-American,0,0,0,0.0,0.0,M,Battery,1,1,Battery,0,Low,1
Female,25 - 45,Hispanic,0,0,0,0.0,-1.0,M,Battery,0,0,Unlaw LicTag/Sticker Attach,0,Low,1
Female,Less than 25,Caucasian,0,0,0,2.0,0.0,M,Battery,0,0,,2,Low,0
Male,Less than 25,African-American,0,0,0,0.0,0.0,F,Driving While License Revoked,0,0,,0,Medium,0
Female,Greater than 45,African-American,0,0,0,2.0,-5.0,M,Driving License Suspended,1,0,,2,Low,0
Female,Less than 25,Hispanic,0,0,0,0.0,-2.0,M,"Poss3,4 Methylenedioxymethcath",1,0,Susp Drivers Lic 1st Offense,0,Low,1
Male,25 - 45,Hispanic,0,0,0,0.0,-1.0,F,Grand Theft in the 3rd Degree,0,0,,0,Low,0
Female,Greater than 45,Caucasian,0,0,0,7.0,-1.0,F,Felony Battery (Dom Strang),1,1,Battery,7,High,1
Female,Less than 25,Caucasian,0,0,0,0.0,-1.0,F,Felony Petit Theft,0,0,,0,Medium,0
Male,25 - 45,African-American,0,0,0,7.0,-1.0,F,Driving While License Revoked,1,0,,7,Low,1
Female,Less than 25,Hispanic,0,0,0,6.0,0.0,F,Felony Battery w/Prior Convict,1,0,Operating W/O Valid License,6,Low,1
Male,Less than 25,Asian,0,0,0,1.0,-1.0,F,False Ownership Info/Pawn Item,0,1,False Imprisonment,1,Medium,1
Female,Less than 25,African-American,0,0,0,1.0,-24.051632895511077,F,Deliver Cocaine,1,0,Susp Drivers Lic 1st Offense,1,Low,1
Male,25 - 45,Asian,0,0,0,0.0,-1.0,F,Grand Theft in the 3rd Degree,0,0,,0,Low,0
Male,25 - 45,Caucasian,0,0,0,21.000000000000004,-6.295486019439942,M,Lve/Scen/Acc/Veh/Prop/Damage,1,0,Operating W/O Valid License,21,Medium,1
Male,25 - 45,African-American,0,0,0,1.0,-16.881080388847593,F,Aggravated Assault W/dead Weap,0,0,,1,Low,0
Female,Greater than 45,Other,0,0,0,19.0,-4.0,F,Felony Petit Theft,1,1,Resist/Obstruct W/O Violence,19,High,1
Female,Greater than 45,Other,0,1,0,3.0,-1.0,M,Battery,1,0,Retail/Farm/Fare/Theft,3,High,1
Male,Greater than 45,Hispanic,0,0,0,0.0,0.0,M,Leaving Acc/Unattended Veh,0,0,,0,Low,0
Male,25 - 45,Native American,0,0,0,0.0,-1.0,F,Felony Battery (Dom Strang),0,0,,0,Low,0
Male,25 - 45,Asian,0,0,1,4.0,-1.0,F,Resist Officer w/Violence,0,0,,4,Low,0
Male,Less than 25,African-American,0,0,0,1.0,-21.0,F,Possession of Cannabis,0,0,,1,Low,0
Male,25 - 45,Other,0,0,0,0.0,-1.0,F,Burglary Unoccupied Dwelling,0,0,Susp Drivers Lic 1st Offense,0,Low,1
Male,Greater than 45,Other,0,0,0,7.0,-1.0,F,Carrying Concealed Firearm,1,0,Opert With Susp DL 2nd Offens,7,Medium,1
Male,Less than 25,Caucasian,0,1,0,3.0,-1.0,F,Pos Cannabis W/Intent Sel/Del,0,0,,3,Medium,0
Female,25 - 45,Other,0,0,0,0.0,0.0,F,Possession of Oxycodone,1,1,Aid/Abet Burglary Assault/Batt,0,Medium,1
Male,Greater than 45,African-American,0,0,0,0.0,0.0,M,Operating W/O Valid License,0,0,,0,Medium,0
Male,25 - 45,African-American,0,0,0,11.0,-1.0,M,False Imprisonment,1,0,Fail Register Vehicle,11,Medium,1
Female,Less than 25,Native American,0,2,1,18.044312421612705,0.0,F,Felony Petit Theft,1,0,Susp Drivers Lic 1st Offense,18,High,1
Male,Less than 25,Caucasian,0,0,0,0.0,-1.0,F,Felony Battery (Dom Strang),0,0,,0,Low,0
Male,Greater than 45,Caucasian,0,0,0,0.0,-2.0,F,Felony Battery (Dom Strang),0,0,,0,Low,0
Female,25 - 45,Native American,0,0,0,36.07804698481394,-7.0,F,Burglary Dwelling Assault/Batt,1,0,Fail Register Vehicle,35,Medium,1
Male,25 - 45,Native American,0,0,0,0.0,-2.0,M,Burglary Structure Unoccup,0,0,,0,Low,0
Female,25 - 45,Native American,0,0,0,7.0,-1.0,F,Aggravated Assault w/Firearm,0,0,,7,Low,0
Male,25 - 45,African-American,0,0,0,0.0,0.0,F,"Poss3,4 Methylenedioxymethcath",0,0,,0,Medium,0
Female,Less than 25,Caucasian,0,0,0,5.0,-23.0,F,Unlaw LicTag/Sticker Attach,1,0,Resist/Obstruct W/O Violence,5,Medium,1
Female,25 - 45,Other,0,1,0,10.0,-1.0,F,Felony Battery (Dom Strang),1,0,Driving License Suspended,10,High,1
Female,Greater than 45,Other,0,0,0,2.0,-1.0,M,Assault,0,0,,2,Medium,0
Male,Less than 25,Asian,0,0,0,8.0,-1.0,F,Possession of Oxycodone,1,0,Susp Drivers Lic 1st Offense,8,Medium,0
Female,Greater than 45,Hispanic,0,0,0,2.0,-1.0,M,Possess Cannabis/20 Grams Or Less,1,0,,2,High,1
Male,Greater than 45,Native American,0,0,0,3.0,-1.0,F,Felony Driving While Lic Suspd,0,0,,3,Low,0
Female,Less than 25,Hispanic,0,0,0,0.0,-1.0,M,DUI Level 0.15 Or Minor In Veh,0,0,,0,Low,0
Female,Less than 25,African-American,0,0,0,1.0,-1.0,F,Grand Theft in the 3rd Degree,0,0,,1,Medium,0
Male,Less than 25,African-American,0,0,0,6.0,-1.0,F,Grand Theft in the 3rd Degree,1,0,Operating W/O Valid License,6,Medium,1
Male,Less than 25,Caucasian,0,0,0,2.0,0.0,M,Possess Cannabis/20 Grams Or Less,1,0,Susp Drivers Lic 1st Offense,2,Low,1
Male,Less than 25,African-American,0,0,0,9.0,0.0,F,Criminal Mischief Damage <$200,1,1,Battery,9,Medium,1
Male,Less than 25,Hispanic,0,0,0,14.0,0.0,F,Possession of Cocaine,1,0,Susp Drivers Lic 1st Offense,14,Medium,1
Female,Less than 25,Asian,0,0,0,0.0,-1.0,M,Battery,0,0,,0,Low,0
Female,25 - 45,Caucasian,0,0,0,2.0,-1.0,F,Grand Theft in the 3rd Degree,0,0,,2,Low,0
Male,25 - 45,Caucasian,0,0,0,0.0,-3.0,F,Child Abuse,1,0,Susp Drivers Lic 1st Offense,0,Medium,1
Male,25 - 45,Native American,0,0,0,1.0,-1.0,F,Crim Use of Personal ID Info,0,0,,1,Low,0
Male,Less than 25,Caucasian,0,3,1,6.0,-1.0,F,Viol Prot Injunc Repeat Viol,0,0,,6,Medium,0
Male,Greater than 45,Caucasian,0,0,0,4.0,-26.0,M,Robbery / No Weapon,0,0,,4,Low,0
Male,25 - 45,Hispanic,0,0,3,0.0,-1.0,F,Aggravated Assault W/dead Weap,1,0,Petit Theft,0,Medium,1
Female,Less than 25,Other,0,0,0,3.0,0.0,M,Battery,0,0,,3,Low,0
Male,Less than 25,Caucasian,0,1,0,2.0,-1.0,M,Battery,1,0,,2,High,1
Female,Less than 25,Hispanic,0,0,3,1.0,-1.0,F,Possession Of Alprazolam,1,0,Operating W/O Valid License,1,Medium,1
Male,Less than 25,Asian,0,0,0,2.0,4.028092147566554,F,Possession of Oxycodone,1,1,Battery,2,Low,1
Female,Less than 25,Native American,0,0,0,2.0,-1.0,M,Battery,0,0,,2,Low,0
Male,Less than 25,Other,0,0,0,0.0,0.0,M,Possess Cannabis/20 Grams Or Less,0,0,,0,Low,0
Female,Less than 25,Other,0,0,0,1.0,-2.0,F,Grand Theft in the 3rd Degree,0,0,,1,Low,0
Male,Less than 25,Caucasian,0,0,0,1.0,-1.0,F,Pos Cannabis W/Intent Sel/Del,1,0,Driving License Suspended,1,Low,1
Male,25 - 45,African-American,0,0,0,1.0,-1.0,M,Battery,1,0,,1,High,0
Female,25 - 45,Caucasian,0,0,0,1.0,-1.0,M,Battery,1,0,,1,Low,0
Male,Less than 25,Asian,0,0,0,7.0,-1.0,F,Burglary Unoccupied Dwelling,1,0,Susp Drivers Lic 1st Offense,7,Medium,0
Male,25 - 45,Hispanic,0,0,0,17.0,-1.0,F,Aggravated Battery,1,0,Susp Drivers Lic 1st Offense,17,Medium,1
Female,Greater than 45,African-American,0,0,0,8.0,0.0,F,Disorderly Intoxication,1,0,Operating W/O Valid License,8,High,1
Female,25 - 45,Caucasian,0,1,1,11.0,-1.0,F,Tampering With Physical Evidence,1,0,DWLS Habitual Offender 2nd,11,Medium,1
Female,25 - 45,African-American,0,0,0,3.0,-27.0,F,Uttering a Forged Instrument,0,0,,3,Medium,0
Female,25 - 45,Native American,0,0,0,1.0,-1.0,F,Grand Theft in the 3rd Degree,1,0,Operating W/O Valid License,1,Low,1
Male,Greater than 45,African-American,0,0,0,5.0,-1.0,F,Poss Contr Subst W/o Prescript,1,0,Driving License Suspended,5,Medium,1
Female,Greater than 45,Native American,0,0,0,0.0,0.0,F,Burglary Unoccupied Dwelling,1,0,Resist/Obstruct W/O Violence,0,High,1
Male,Less than 25,Asian,0,0,0,6.0,-1.0,M,Battery,1,0,Fail Register Vehicle,6,Medium,1
Male,Less than 25,African-American,0,0,0,7.0,0.0,F,Assault,1,0,Susp Drivers Lic 1st Offense,7,Low,0
Male,25 - 45,Caucasian,0,0,0,0.0,-1.0,F,Burglary Conveyance Unoccup,1,0,Driving License Suspended,0,Medium,1
Male,Less than 25,Asian,0,0,0,0.0,-1.0,F,Grand Theft in the 3rd Degree,0,0,,0,Medium,0
Male,Greater than 45,African-American,0,0,0,1.0,0.0,F,Carrying Concealed Firearm,1,0,Operating W/O Valid License,1,Medium,1
Male,Greater than 45,Asian,0,1,0,4.0,-1.0,F,Unauth Poss ID Card or DL,1,0,,4,High,1
Female,25 - 45,Native American,0,0,1,6.0,-1.0,F,Driving While License Revoked,1,1,False Imprisonment,5,Medium,1
Male,Less than 25,Native American,0,0,0,2.0,-1.0,F,Possession of Cocaine,0,0,,2,Low,0
Female,Less than 25,Caucasian,0,0,0,3.0,0.0,F,Pos Cannabis W/Intent Sel/Del,0,0,,3,Medium,0
Female,Less than 25,Hispanic,0,0,0,3.0,-1.0,F,Grand Theft (Motor Vehicle),1,0,Driving License Suspended,3,High,1
Female,25 - 45,Hispanic,0,0,0,3.0,0.0,M,Battery,1,0,,3,Medium,0
Male,25 - 45,Native American,0,0,0,6.0,-1.0,M,Grand Theft in the 3rd Degree,1,1,False Imprisonment,6,Medium,1
Male,Less than 25,Native American,0,0,0,4.0,4.213117486180494,M,Battery,1,0,Resist/Obstruct W/O Violence,4,Medium,1
Male,Greater than 45,Other,0,1,1,8.0,-1.0,F,Possession Of Alprazolam,1,0,,8,Medium,1
Female,25 - 45,Native American,0,0,0,3.0,0.0,F,Felony Petit Theft,1,0,Opert With Susp DL 2nd Offens,3,Medium,1
Female,25 - 45,Caucasian,0,0,0,1.0,-1.0,M,Battery,1,0,Resist/Obstruct W/O Violence,1,Low,1
Male,25 - 45,Caucasian,0,0,0,0.0,0.0,F,"Poss3,4 Methylenedioxymethcath",0,0,,0,Low,0
Female,Greater than 45,Hispanic,0,0,0,0.0,-1.0,M,Battery,0,0,Susp Drivers Lic 1st Offense,0,Low,1
Female,25 - 45,Native American,0,0,0,3.0,-1.0,M,Possess Cannabis/20 Grams Or Less,1,0,,3,Low,0
Male,Greater than 45,Asian,0,0,0,0.0,0.0,M,Battery,0,0,,0,Low,0
Female,Less than 25,African-American,0,0,0,3.0,-1.0,F,Felony Driving While Lic Suspd,0,0,,3,Low,0
Male,Less than 25,Asian,0,0,0,0.0,-1.0,M,Battery,1,0,Driving License Suspended,0,Low,1
Male,Greater than 45,Asian,0,0,2,1.0,-21.0,F,Burglary Conveyance Unoccup,1,0,Petit Theft,1,Medium,1
Male,25 - 45,Caucasian,0,0,0,3.0,-1.0,F,Aggravated Assault W/Dead Weap,0,0,,3,Low,0
Female,Greater than 45,Hispanic,0,0,0,3.0,0.0,M,Battery,1,0,Opert With Susp DL 2nd Offens,3,Medium,1
Female,Greater than 45,Hispanic,0,0,0,2.0,-1.0,M,Viol Prot Injunc Repeat Viol,1,0,Resist/Obstruct W/O Violence,2,Low,1
Male,Greater than 45,Caucasian,0,0,0,6.0,-1.0,F,DUI - Enhanced,0,0,,6,Medium,0
Female,Less than 25,Native American,1,0,0,10.0,-1.0,F,Felony Driving While Lic Suspd,1,0,Driving License Suspended,10,Medium,1
Male,Greater than 45,African-American,0,0,0,1.0,-1.0,M,Grand Theft in the 3rd Degree,0,0,,1,High,0
Female,Less than 25,Caucasian,0,0,0,1.0,-1.0,M,Battery,1,0,Operating W/O Valid License,1,Low,1
Male,Less than 25,Other,0,0,0,9.0,-1.0,F,Burglary Structure Unoccup,1,0,Opert With Susp DL 2nd Offens,9,Low,1
Female,25 - 45,Native American,0,0,0,0.0,-1.0,M,Battery,1,0,Driving License Suspended,0,High,1
Male,25 - 45,African-American,0,0,0,0.0,-1.0,M,Driving License Suspended,0,0,,0,Low,0
Male,Greater than 45,Native American,0,0,0,3.0,0.0,F,Possession of Cocaine,1,0,Driving License Suspended,3,Low,1
Male,Greater than 45,Caucasian,1,2,0,11.0,-1.0,F,Deliver Cocaine,0,0,,11,High,0
Female,Greater than 45,Caucasian,0,0,0,4.0,0.0,M,Battery,0,0,,4,Low,0
Female,Greater than 45,Caucasian,0,0,0,0.0,-1.0,M,Battery,0,0,,0,Low,0
Male,Less than 25,Asian,0,0,0,0.0,-1.0,F,Grand Theft in the 3rd Degree,0,0,,0,Low,0
Male,25 - 45,Other,0,0,0,0.0,-6.0,F,Felony Driving While Lic Suspd,0,0,,0,High,0
Female,Less than 25,Hispanic,0,0,0,2.0,0.0,F,Possession of Cannabis,0,0,,2,Low,0
Female,Greater than 45,Caucasian,0,0,0,0.0,-1.0,M,Battery,0,0,,0,Low,0
Male,Greater than 45,Caucasian,0,0,1,3.0,-1.0,M,Burglary Dwelling Assault/Batt,0,0,,3,Medium,0
Male,Less than 25,Caucasian,0,0,0,0.0,0.0,M,Driving Under The Influence,0,0,,0,Low,0
Male,Less than 25,Native American,0,0,0,0.0,0.0,M,Battery,1,0,Drinking Alch Beverage In Open,0,Low,1
Female,Less than 25,Other,0,0,0,4.0,-1.0,F,Felony Driving While Lic Suspd,1,0,Driving License Suspended,4,Medium,1
Female,Greater than 45,Other,0,0,0,8.0,-1.0,F,Driving While License Revoked,1,0,Resist/Obstruct W/O Violence,8,Low,1
Female,25 - 45,Other,0,0,0,7.0,-1.0,F,Possession of Cocaine,1,0,Resist/Obstruct W/O Violence,7,Low,1
Female,25 - 45,Hispanic,0,0,0,0.0,-1.0,F,Deliver Cocaine,0,0,,0,Medium,0
Male,Less than 25,Caucasian,0,1,0,10.0,-1.0,F,Grand Theft in the 3rd Degree,1,0,Opert With Susp DL 2nd Offens,10,Low,1
Male,Less than 25,Other,0,0,0,0.0,-1.0,F,Felony Petit Theft,0,0,,0,Medium,0
Male,25 - 45,Asian,0,0,0,8.0,-28.0,F,Possession of Oxycodone,1,0,,8,High,1
Male,Greater than 45,Asian,0,0,1,6.0,-1.0,M,Battery,1,1,Child Abuse,6,Medium,1
Female,Greater than 45,Other,0,0,0,0.0,-1.0,M,Battery,1,1,Battery,0,Low,1
Male,25 - 45,Native American,0,0,0,1.0,-1.0,M,Battery,0,0,,1,Low,0
Male,25 - 45,Caucasian,0,0,0,0.0,0.0,F,Driving While License Revoked,0,0,,0,Low,0
Female,Less than 25,Asian,0,0,0,0.0,-2.0,F,Agg Battery Grt/Bod/Harm,0,0,,0,Medium,0
Male,25 - 45,African-American,0,0,0,5.0,-1.0,F,Burglary Conveyance Unoccup,1,0,Resist/Obstruct W/O Violence,5,Medium,1
Female,Greater than 45,Native American,0,0,0,8.0,-1.0,F,Felony Petit Theft,0,0,,8,Medium,0
Male,Greater than 45,Hispanic,0,0,0,1.0,0.0,M,Battery,0,0,,1,Low,0
Male,25 - 45,Native American,2,0,0,19.0,-17.0,M,Battery,1,1,False Imprisonment,19,High,1
Female,25 - 45,Caucasian,0,0,0,1.0,-1.0,F,Carrying Concealed Firearm,0,0,,1,Low,0
Female,Less than 25,Native American,0,0,0,3.0,-1.0,F,Cruelty Toward Child,0,0,,3,Low,1
Male,25 - 45,Caucasian,0,0,0,2.0,-1.0,M,Grand Theft in the 3rd Degree,1,0,Fail Register Vehicle,2,High,1
Male,Greater than 45,Hispanic,0,0,0,1.0,-26.0,F,Aggrav Battery w/Deadly Weapon,0,0,,1,Low,0
Female,Less than 25,African-American,0,0,0,1.0,0.0,M,Battery,1,0,Driving License Suspended,1,Low,1
Male,Greater than 45,Caucasian,0,0,0,0.0,-1.0,M,Disorderly Conduct,0,0,,0,Low,0
Male,Less than 25,African-American,0,0,0,13.0,-1.0,F,Grand Theft in the 3rd Degree,1,1,Battery,13,High,1
Female,Greater than 45,African-American,0,0,0,0.0,-1.0,M,Battery,0,0,,0,Low,0
Male,25 - 45,Asian,0,0,0,2.0,-1.0,F,DUI Blood Alcohol Above 0.20,0,0,,2,Low,0
Male,Greater than 45,Other,0,0,0,1.0,-24.810896970012827,M,Battery,0,0,Opert With Susp DL 2nd Offens,1,Low,0
Male,Less than 25,African-American,0,5,4,17.0,-1.0,F,Felony Battery (Dom Strang),1,0,Grand Theft in the 3rd Degree,17,High,1
Female,Greater than 45,Asian,0,0,0,0.0,0.0,F,Driving While License Revoked,0,0,,0,Low,0
Female,25 - 45,Native American,0,0,0,19.0,0.0,F,Felony Petit Theft,1,0,Driving License Suspended,19,High,0
Male,Less than 25,Other,0,0,0,0.0,-1.0,M,Battery,0,0,,0,Low,0
Male,Less than 25,Asian,0,0,1,2.0,-1.0,M,Battery,1,0,Operating W/O Valid License,2,Medium,1
Male,Greater than 45,Caucasian,0,0,0,0.0,-1.0,F,Grand Theft in the 3rd Degree,0,0,,0,Low,0
Male,Greater than 45,Asian,0,0,0,3.0,-1.0,M,Battery,0,0,,3,Medium,0
Female,Less than 25,Asian,0,0,0,0.0,0.0,F,Possession of Cocaine,0,0,,0,Low,0
Female,25 - 45,African-American,0,0,0,0.0,0.0,F,Felony Battery (Dom Strang),0,0,,0,Low,0
Female,Greater than 45,Native American,0,0,0,0.0,-2.0,F,Possession of Cocaine,1,0,Opert With Susp DL 2nd Offens,0,Medium,1
Female,Less than 25,African-American,0,0,0,2.0,-1.0,M,Criminal Mischief,1,0,Fail Register Vehicle,2,Medium,1
Female,25 - 45,African-American,0,0,0,4.0,0.0,F,Burglary Unoccupied Dwelling,1,0,Susp Drivers Lic 1st Offense,4,Medium,1
Female,Less than 25,Asian,0,0,0,0.0,-1.0,M,Battery,0,0,,0,Low,0
Male,Greater than 45,African-American,0,0,0,4.0,-1.0,F,Uttering a Forged Instrument,0,0,,4,Medium,0
Female,25 - 45,Asian,0,0,0,5.0,-1.0,M,Aggravated Battery,0,0,,5,Medium,0
Female,25 - 45,Caucasian,0,0,0,1.0,0.0,M,"Poss3,4 Methylenedioxymethcath",0,0,,1,High,0
Male,Greater than 45,African-American,0,0,0,1.0,-22.0,M,Battery,1,0,Resist/Obstruct W/O Violence,1,Low,0
Female,Greater than 45,African-American,0,0,0,0.0,-1.0,F,Burglary Unoccupied Dwelling,0,0,,0,Medium,0
Female,25 - 45,Native American,0,0,0,5.0,-1.0,F,Possession of Cannabis,1,0,Driving License Suspended,5,Medium,1
Male,Less than 25,Native American,0,0,0,1.0,0.0,M,Battery,0,0,,1,Low,0
Female,25 - 45,Asian,0,0,0,0.0,-1.0,F,Grand Theft in the 3rd Degree,0,0,,0,High,0
Female,Greater than 45,Other,0,0,0,0.0,0.0,F,Possession of Cocaine,0,0,,0,Low,0
Female,Less than 25,Asian,0,0,0,7.0,-1.0,F,False Ownership Info/Pawn Item,0,0,,7,Low,0
Female,25 - 45,Asian,0,0,0,5.0,-1.0,F,Resist Officer w/Violence,1,0,Susp Drivers Lic 1st Offense,5,Medium,1
Male,25 - 45,Native American,0,0,1,3.0,-1.0,F,Carrying Concealed Firearm,1,0,Susp Drivers Lic 1st Offense,3,Low,0
Female,Greater than 45,Caucasian,0,0,0,1.0,-1.0,M,Driving Under The Influence,1,0,,1,Low,1
Male,Less than 25,Other,0,1,0,7.0,-1.0,F,Leave Acc/Attend Veh/More $50,1,0,Operating W/O Valid License,7,Low,1
Female,25 - 45,Caucasian,0,0,0,2.0,-1.0,F,Driving While License Revoked,0,0,,2,Medium,0
Female,Less than 25,Hispanic,0,0,0,2.0,-1.0,F,Aggravated Assault W/Dead Weap,1,0,Fail Register Vehicle,2,High,1
Male,Less than 25,Native American,0,0,0,0.0,-1.0,M,Resist/Obstruct W/O Violence,0,0,,0,Low,0
Male,Less than 25,African-American,0,0,0,0.0,-3.0,M,Driving Under The Influence,0,0,,0,Low,0
Male,25 - 45,Caucasian,2,0,0,6.0,-1.0,F,Reckless Driving,1,1,Battery,6,Medium,1
Male,25 - 45,Caucasian,0,1,0,2.0,-1.0,M,Battery,1,0,,2,Low,0
Female,Greater than 45,Caucasian,0,0,0,3.0,0.0,M,Aggravated Battery / Pregnant,0,0,,3,Low,0
Male,Greater than 45,Hispanic,0,0,0,2.0,-1.0,F,Aggrav Battery w/Deadly Weapon,1,1,Child Abuse,2,High,1
Male,Less than 25,African-American,1,0,0,2.0,-1.0,M,Deliver Cannabis,1,0,,2,High,1
Female,Greater than 45,Caucasian,0,0,0,8.0,-24.0,F,Uttering a Forged Instrument,1,0,,8,High,0
Female,25 - 45,African-American,0,0,0,1.0,-1.0,F,Criminal Mischief Damage <$200,1,0,,1,High,0
Female,Greater than 45,African-American,0,0,0,3.0,-1.0,M,Battery,1,0,Opert With Susp DL 2nd Offens,3,Low,1
Female,25 - 45,Caucasian,0,0,0,3.0,-25.126537936266146,M,Driving Under The Influence,0,0,,3,Low,0
Female,Greater than 45,African-American,3,0,0,6.0,-1.0,F,Resist Officer w/Violence,1,1,Battery,6,High,1
Female,Less than 25,African-American,0,0,0,2.0,-1.0,F,Grand Theft in the 3rd Degree,0,0,,2,High,0
Female,Less than 25,Caucasian,0,0,0,1.0,-1.0,M,Battery,1,0,Driving License Suspended,1,Low,1
Male,Greater than 45,Asian,0,0,0,3.0,-18.0,M,Aggravated Battery,0,0,,3,Low,0
Male,Greater than 45,Other,0,0,0,0.0,-1.0,F,Tampering With Physical Evidence,1,0,Susp Drivers Lic 1st Offense,0,Low,1
Male,25 - 45,Caucasian,0,0,0,6.0,-1.0,F,Grand Theft (Motor Vehicle),0,0,,6,High,0
Female,Less than 25,Hispanic,0,0,0,3.0,0.0,M,Battery,1,1,False Imprisonment,3,Low,1
Male,Greater than 45,Asian,0,0,0,1.0,-2.0,M,Disorderly Intoxication,0,0,,1,Low,0
Female,25 - 45,Caucasian,0,0,0,1.0,-1.0,M,Battery,1,0,Opert With Susp DL 2nd Offens,1,Medium,1
Male,Less than 25,Asian,1,0,0,1.0,-1.0,F,Prowling/Loitering,1,0,Operating W/O Valid License,1,High,1
Male,Less than 25,Other,0,0,0,3.0,-1.0,M,Driving Under The Influence,0,0,,3,Low,0
Female,Greater than 45,Hispanic,0,0,0,1.0,0.0,F,Battery,1,0,Opert With Susp DL 2nd Offens,1,Medium,1
Male,25 - 45,Hispanic,0,0,0,0.0,-1.0,F,Possession of Cocaine,1,1,Strong Armed  Robbery,0,Low,1
Female,25 - 45,Hispanic,0,0,0,2.0,0.0,F,Cruelty Toward Child,0,0,,2,Low,0
Female,25 - 45,Asian,0,0,0,1.0,0.0,M,Battery,0,0,,1,Low,0
Male,Greater than 45,Asian,0,0,0,0.0,0.0,F,Aggravated Battery / Pregnant,0,0,,0,Low,0
Male,Less than 25,Other,0,0,0,0.0,-1.0,F,Aggravated Battery / Pregnant,0,0,,0,Low,0
Female,25 - 45,Hispanic,0,0,0,1.0,-1.0,F,Felony Driving While Lic Suspd,0,0,,1,Low,0
Female,Less than 25,Hispanic,0,1,0,4.0,-1.0,F,Leave Acc/Attend Veh/More $50,1,0,Susp Drivers Lic 1st Offense,4,High,1
Female,25 - 45,Other,0,0,0,5.0,-1.0,M,Assault,0,0,,5,Medium,0
Female,Less than 25,Other,0,0,0,13.0,-2.0,F,Poss Pyrrolidinovalerophenone,1,0,Susp Drivers Lic 1st Offense,13,High,1
Male,25 - 45,Caucasian,0,0,0,4.0,0.0,F,"Poss3,4 Methylenedioxymethcath",1,0,Driving License Suspended,4,Medium,1
Female,Greater than 45,Native American,0,0,0,0.0,-1.0,F,Uttering a Forged Instrument,0,0,,0,Low,0
Female,Greater than 45,Asian,0,0,0,2.0,-1.0,M,Battery,1,0,Susp Drivers Lic 1st Offense,2,Low,1
Female,Less than 25,Caucasian,0,0,0,2.0,0.0,F,Driving While License Revoked,1,0,Opert With Susp DL 2nd Offens,2,Low,1
Male,Less than 25,Hispanic,0,0,0,0.0,-1.0,F,Poss Unlaw Issue Driver Licenc,1,0,Resist/Obstruct W/O Violence,0,Low,1
Female,Greater than 45,Caucasian,0,0,0,3.0,-1.0,F,Grand Theft in the 3rd Degree,1,0,Driving License Suspended,3,High,1
Female,Greater than 45,Caucasian,0,0,0,5.0,-1.0,F,Operating W/O Valid License,0,0,,5,Low,0
Male,Less than 25,Other,0,0,0,16.0,0.0,F,Possession of Oxycodone,1,0,,16,High,1
Male,Greater than 45,Other,0,0,0,8.0,-14.0,F,Criminal Mischief,0,0,,8,Low,0
Female,25 - 45,Asian,0,0,1,10.0,-1.0,F,Deliver Cannabis,1,0,Opert With Susp DL 2nd Offens,10,High,1
Male,25 - 45,Native American,0,0,0,17.0,0.0,F,Possession of Cocaine,1,0,Driving License Suspended,17,Medium,1
Male,25 - 45,Other,0,0,0,1.0,-1.0,F,Burglary Unoccupied Dwelling,0,0,,1,Medium,0
Female,25 - 45,African-American,0,1,0,9.0,-1.0,F,Possession of Cocaine,1,0,Trafficking 4-14 Grams Heroin,9,High,1
Female,Less than 25,African-American,0,1,3,1.0,-1.0,F,Possession of Cocaine,1,0,Grand Theft of the 2nd Degree,1,High,1
Male,Greater than 45,Caucasian,0,0,0,5.0,-1.0,F,Driving While License Revoked,0,0,,5,Low,0
Male,25 - 45,Asian,0,0,0,8.0,0.0,M,Susp Drivers Lic 1st Offense,1,0,Driving License Suspended,8,Low,1
Female,25 - 45,Caucasian,0,0,0,0.0,-1.0,M,Battery,0,0,,0,Low,0
Female,25 - 45,Hispanic,0,0,0,7.0,-1.0,F,Felony Battery w/Prior Convict,1,0,,7,Medium,1
Female,Greater than 45,African-American,0,0,0,6.0,-1.0,F,Grand Theft in the 3rd Degree,1,0,Opert With Susp DL 2nd Offens,6,Low,1
Male,25 - 45,Asian,0,0,0,1.0,-1.0,F,Neglect Child / No Bodily Harm,0,0,,1,Low,0
Male,25 - 45,Other,1,3,0,10.0,-1.0,F,Driving While License Revoked,1,0,Trafficking 4-14 Grams Heroin,10,High,1
Male,25 - 45,Caucasian,0,0,0,0.0,-1.0,F,Felony Battery (Dom Strang),0,0,,0,Low,0
Male,Less than 25,African-American,0,0,0,3.0,0.0,F,Felony Driving While Lic Suspd,0,0,,3,Medium,0
Female,Greater than 45,Asian,0,0,0,1.0,-1.0,M,Battery,0,0,,1,Low,0
Female,Greater than 45,Other,0,0,0,0.0,-1.0,M,Battery,1,0,Unlaw LicTag/Sticker Attach,0,Low,1
Female,Greater than 45,Hispanic,0,0,0,3.0,0.0,M,Battery,1,1,False Imprisonment,3,Low,1
Male,25 - 45,Hispanic,0,0,0,0.0,-1.0,F,Grand Theft in the 3rd Degree,1,0,Fail Register Vehicle,0,Medium,1
Male,25 - 45,Native American,0,0,0,0.0,0.0,F,Deliver Cannabis,0,0,,0,High,0
Male,25 - 45,Other,0,0,0,0.0,-1.0,F,Felony Battery (Dom Strang),0,0,,0,Medium,0
Male,Less than 25,Other,0,0,0,0.0,-4.0,F,Fleeing Or Attmp Eluding A Leo,1,0,Resist/Obstruct W/O Violence,0,Low,0
Male,Less than 25,Other,0,0,0,1.0,-11.529043116240345,F,Aggravated Assault W/Dead Weap,0,0,,1,Low,0
Male,Greater than 45,Native American,0,0,0,14.0,-11.816928084087767,F,Operating W/O Valid License,0,0,,14,Medium,0
Female,Greater than 45,Native American,0,0,0,5.0,-1.0,M,Battery,1,0,Driving License Suspended,5,Medium,1
Male,25 - 45,African-American,0,0,0,11.0,-1.0,M,Battery,1,0,Susp Drivers Lic 1st Offense,11,High,1
Female,25 - 45,Asian,0,0,0,0.0,-1.0,F,Pos Cannabis W/Intent Sel/Del,0,0,,0,Low,0
Female,25 - 45,Native American,0,0,0,2.0,-1.0,F,Poss Contr Subst W/o Prescript,0,0,,2,Low,0
Male,Greater than 45,Asian,0,0,0,1.0,0.0,F,Driving License Suspended,0,0,,1,Low,0
Male,25 - 45,African-American,0,0,0,1.0,-15.0,M,Petit Theft,1,0,,1,High,1
Male,25 - 45,Native American,0,0,0,0.0,-1.0,F,Felony Driving While Lic Suspd,0,0,,0,Low,0
Female,Less than 25,Asian,0,0,0,0.0,-1.0,F,False Imprisonment,0,0,,0,Low,0
Female,Less than 25,Other,0,0,0,1.0,-1.0,F,Carrying Concealed Firearm,1,0,Operating W/O Valid License,1,Medium,1
Male,Greater than 45,African-American,1,0,0,3.0,-1.0,F,Felony Battery w/Prior Convict,1,1,Aid/Abet Burglary Assault/Batt,3,High,1
Male,25 - 45,Asian,0,0,0,0.0,-1.0,M,Battery,0,0,,0,Medium,0
Male,Greater than 45,Caucasian,0,2,0,3.0,-1.0,F,Possession Of Clonazepam,1,0,,3,Medium,1
Male,Less than 25,Hispanic,0,0,0,1.0,-1.0,F,Felony Driving While Lic Suspd,0,0,,1,Low,0
Female,25 - 45,African-American,0,0,0,0.0,-1.0,M,Viol Prot Injunc Repeat Viol,0,0,,0,Low,0
Female,Greater than 45,Native American,0,0,0,7.0,-1.0,M,Battery,0,0,,7,High,0
Female,25 - 45,Hispanic,0,0,0,0.0,-1.0,M,Battery,0,0,,0,Medium,0
Male,Greater than 45,Hispanic,0,0,2,11.0,0.0,F,Poss Pyrrolidinovalerophenone,0,1,Battery,11,High,1
Female,Greater than 45,Hispanic,0,0,0,0.0,-1.0,M,Battery,0,0,,0,Medium,0
Female,Less than 25,Other,0,0,0,0.0,-1.0,F,Possession of Cocaine,0,0,,0,Low,0
Male,Greater than 45,African-American,0,0,0,0.0,-3.0,F,Grand Theft in the 3rd Degree,0,0,,0,Low,0
Male,Greater than 45,Caucasian,0,0,0,24.0,0.0,F,Felony Petit Theft,1,0,Driving License Suspended,24,Medium,1
Male,25 - 45,Native American,0,0,0,1.0,0.0,F,Tampering With Physical Evidence,0,0,,1,Low,1
Female,25 - 45,Other,0,0,0,0.0,-1.0,M,Battery,0,0,,0,Low,0
Male,25 - 45,African-American,0,0,0,0.0,-1.0,F,Crim Use of Personal ID Info,1,0,Resist/Obstruct W/O Violence,0,Low,1
Male,Less than 25,Native American,0,0,0,3.0,-1.0,F,Possession of Cocaine,1,0,,3,Medium,1
Male,25 - 45,Caucasian,0,0,0,4.0,-1.0,F,Felony Driving While Lic Suspd,1,0,Driving License Suspended,4,Low,1
Female,Greater than 45,Other,0,0,0,9.0,-1.0,F,Grand Theft in the 3rd Degree,1,0,Susp Drivers Lic 1st Offense,9,Low,1
Female,25 - 45,African-American,0,0,0,4.0,-1.0,M,Battery,0,0,,4,Medium,0
Female,25 - 45,Hispanic,0,0,0,0.0,-1.0,F,Uttering a Forged Instrument,0,0,,0,Low,0
Male,Greater than 45,Hispanic,0,0,0,2.0,0.0,M,Driving Under The Influence,0,0,,2,Low,0
Male,Less than 25,Native American,0,0,0,1.0,0.0,M,Burglary Structure Unoccup,1,0,Resist/Obstruct W/O Violence,1,High,1
Male,Greater than 45,Caucasian,0,0,2,2.0,0.0,F,Neglect Child / No Bodily Harm,1,0,Driving License Suspended,2,High,1
Male,25 - 45,Caucasian,0,0,0,4.0,0.0,M,Aggravated Battery / Pregnant,1,1,Child Abuse,4,Low,1
Female,Greater than 45,Other,0,0,1,1.0,-1.0,F,Burglary Dwelling Assault/Batt,1,0,Petit Theft,1,Low,1
Male,25 - 45,African-American,0,0,0,11.0,-1.0,M,Battery,1,1,Battery,11,Medium,1
Male,Less than 25,Native American,0,0,1,9.0,0.0,F,Driving While License Revoked,0,0,,9,Medium,0
Male,Less than 25,Caucasian,0,0,0,0.0,-1.0,F,Child Abuse,0,0,,0,Low,0
Female,Greater than 45,Native American,0,0,0,0.0,-1.0,F,Aggravated Assault w/Firearm,0,0,Opert With Susp DL 2nd Offens,0,Low,0
Male,Greater than 45,Other,0,0,0,0.0,-1.0,M,Battery,0,0,,0,Low,0
Female,Less than 25,Caucasian,1,0,2,15.0,-1.0,F,Burglary Unoccupied Dwelling,1,0,Felony Petit Theft,15,High,1
Male,25 - 45,Hispanic,0,0,0,1.0,-1.0,F,False Imprisonment,0,0,,1,High,0
Female,25 - 45,Hispanic,0,0,0,0.0,0.0,F,Felony Battery (Dom Strang),0,0,,0,Low,0
Male,Greater than 45,Other,0,0,0,0.0,-1.0,F,Possession of Cocaine,0,0,,0,Low,0
Male,Greater than 45,Native American,0,0,0,0.0,-1.0,F,Grand Theft in the 3rd Degree,0,0,,0,Low,0
Female,Greater than 45,Hispanic,0,1,0,17.0,0.0,F,Felony Battery (Dom Strang),1,0,Trafficking 4-14 Grams Heroin,17,Medium,1
Male,Greater than 45,Asian,0,0,0,0.0,-1.0,F,Grand Theft in the 3rd Degree,0,0,,0,Low,0
Male,Greater than 45,Asian,0,0,0,1.0,0.0,F,Resist Officer w/Violence,1,1,Battery,1,Medium,1
Female,Greater than 45,African-American,0,0,0,5.0,-1.0,F,Crimin Mischief Damage $1000+,0,0,,5,Low,0
Male,Greater than 45,African-American,0,0,0,1.0,-1.0,F,Felony Driving While Lic Suspd,1,0,Fail Register Vehicle,1,Low,1
Male,25 - 45,Asian,0,0,0,3.0,-1.0,M,Resist/Obstruct W/O Violence,1,0,Susp Drivers Lic 1st Offense,3,Medium,1
Male,Greater than 45,African-American,0,0,0,7.0,-1.0,F,Uttering a Forged Instrument,1,1,Child Abuse,7,Low,0
Female,Greater than 45,Native American,0,0,0,2.0,0.0,F,Possession Of Alprazolam,0,0,,2,Medium,0
Male,Greater than 45,Hispanic,0,0,0,0.0,0.0,M,Viol Pretrial Release Dom Viol,1,1,Battery,0,High,1
Male,Greater than 45,Native American,0,0,0,1.0,-1.0,M,Battery,0,0,,1,Low,0
Female,Greater than 45,Other,0,0,0,1.0,0.0,F,Grand Theft (Motor Vehicle),1,0,Driving License Suspended,1,Low,1
Female,Less than 25,Asian,0,0,0,0.0,-1.0,F,Felony Battery (Dom Strang),0,0,,0,High,0
Male,Greater than 45,African-American,0,0,0,0.0,-1.0,M,DUI Blood Alcohol Above 0.20,0,0,,0,Low,0
Male,25 - 45,Other,0,1,0,10.0,0.0,F,Driving While License Revoked,1,1,Robbery / Weapon,10,High,1
Male,Greater than 45,Asian,0,0,0,3.0,-22.0,M,Viol Injunct Domestic Violence,0,0,,3,Low,0
Male,Greater than 45,African-American,0,0,0,2.0,-1.0,F,False Ownership Info/Pawn Item,1,0,Susp Drivers Lic 1st Offense,2,Low,1
Male,25 - 45,Caucasian,0,0,0,3.0,-1.0,F,Possession of Cocaine,1,1,Battery,3,Medium,1
Female,Less than 25,Native American,0,0,0,1.0,-1.0,M,Viol Injunct Domestic Violence,1,0,Opert With Susp DL 2nd Offens,1,Low,1
Male,25 - 45,Caucasian,0,0,0,0.0,-1.0,M,Battery,0,0,,0,Low,0
Male,Greater than 45,Asian,0,0,0,0.0,0.0,F,Tampering With Physical Evidence,0,0,,0,Medium,0
Male,Greater than 45,Caucasian,0,0,0,0.0,-1.0,F,Grand Theft in the 3rd Degree,1,0,Resist/Obstruct W/O Violence,0,High,1
Female,25 - 45,Other,0,0,0,0.0,0.0,F,Possession of Cocaine,1,0,Resist/Obstruct W/O Violence,0,Medium,1
Female,25 - 45,Asian,0,0,0,0.0,-1.0,M,Battery,0,0,,0,Low,0
Female,Less than 25,Native American,0,0,0,1.0,-1.0,F,Possession Burglary Tools,0,0,,1,High,0
Male,25 - 45,Other,0,0,0,0.0,-1.0,M,Battery,0,0,,0,Low,0
Female,25 - 45,Hispanic,0,0,0,5.0,-1.0,F,Leave Acc/Attend Veh/More $50,1,0,Opert With Susp DL 2nd Offens,5,Low,1
Male,Greater than 45,African-American,0,0,0,2.0,-1.0,M,Battery,0,0,,2,Low,0
Male,Less than 25,African-American,0,0,0,2.0,-14.0,M,Possess Cannabis/20 Grams Or Less,1,0,Fail Register Vehicle,2,Low,1
Male,25 - 45,African-American,0,0,0,1.0,0.0,F,False Ownership Info/Pawn Item,0,0,Opert With Susp DL 2nd Offens,1,Low,0
Female,25 - 45,Native American,0,0,0,0.0,-1.0,M,Battery,0,0,,0,Medium,0
Female,Greater than 45,African-American,0,0,0,0.0,0.0,F,Prowling/Loitering,0,0,,0,Low,0
Male,Less than 25,Caucasian,0,0,0,0.0,-1.0,M,Battery,0,0,,0,High,0
Male,Greater than 45,Asian,0,0,0,0.0,0.0,M,Battery,0,0,,0,Low,0
Male,Less than 25,Asian,0,0,0,0.0,-3.0,F,Resist Officer w/Violence,1,0,Unlaw LicTag/Sticker Attach,0,Low,1
Male,Less than 25,Asian,0,0,0,6.0,-1.0,F,Poss Pyrrolidinovalerophenone,0,1,Child Abuse,7,High,1
Female,25 - 45,Caucasian,0,0,0,0.0,-1.0,F,Poss Contr Subst W/o Prescript,1,0,Susp Drivers Lic 1st Offense,0,Low,1
Male,25 - 45,African-American,0,0,0,4.0,-1.0,F,Possession Of Heroin,1,0,Operating W/O Valid License,4,Low,1
Female,Less than 25,Other,0,0,0,6.0,-1.0,F,Felony Petit Theft,0,0,,6,Medium,0
Male,Greater than 45,Hispanic,1,0,0,7.0,-1.0,F,Grand Theft in the 3rd Degree,1,1,False Imprisonment,7,High,1
Male,Greater than 45,Asian,0,0,0,3.0,-1.0,M,Felony Battery w/Prior Convict,1,0,Resist/Obstruct W/O Violence,3,Medium,1
Male,Less than 25,Hispanic,0,0,1,2.0,0.0,F,False Ownership Info/Pawn Item,1,0,Operating W/O Valid License,2,Low,1
Female,Greater than 45,Native American,0,0,0,6.0,-1.0,M,Battery,1,0,Operating W/O Valid License,6,Medium,1
Female,Greater than 45,Native American,0,0,0,0.0,-1.0,F,Felony Battery (Dom Strang),0,0,,0,Medium,0
Female,Less than 25,Hispanic,0,0,0,0.0,0.0,F,Felony Battery w/Prior Convict,0,0,,0,Low,0
Female,Less than 25,Asian,0,0,0,0.0,0.0,F,Felony Battery (Dom Strang),1,1,Child Abuse,0,Low,1
Female,Greater than 45,Other,0,0,0,5.0,-4.0,F,Viol Injunct Domestic Violence,1,0,Resist/Obstruct W/O Violence,5,Medium,1
Male,Less than 25,Hispanic,0,0,0,4.0,-1.0,F,Deliver Cannabis,1,0,Resist/Obstruct W/O Violence,4,Low,1
Female,25 - 45,African-American,0,0,0,3.0,-1.0,F,Pos Cannabis W/Intent Sel/Del,1,0,Susp Drivers Lic 1st Offense,3,High,0
Female,25 - 45,Native American,0,0,0,2.0,0.0,M,Battery,0,0,,2,Medium,0
Male,Less than 25,Native American,0,0,0,0.0,-1.0,M,Disorderly Conduct,0,0,,0,Low,0
Male,Greater than 45,Asian,0,0,0,0.0,0.0,M,Battery,0,0,,0,Low,0
Female,Greater than 45,African-American,0,1,0,9.0,-1.0,M,Operating W/O Valid License,1,0,Susp Drivers Lic 1st Offense,9,High,1
Male,Less than 25,Other,0,0,0,2.0,-1.0,F,Felony Petit Theft,1,0,,2,Low,1
Male,Less than 25,Other,0,0,0,2.0,0.0,M,Assault,0,0,,2,Medium,0
Female,Greater than 45,Asian,0,0,0,0.0,-4.0,M,Poss Contr Subst W/o Prescript,0,0,,0,Medium,0
Female,25 - 45,Native American,0,0,0,0.0,-1.0,F,Grand Theft in the 3rd Degree,0,0,,0,Low,0
Female,Less than 25,Caucasian,0,0,0,0.0,0.0,M,Battery,0,0,,0,Low,0
Male,Less than 25,Caucasian,0,0,0,0.0,-1.0,M,Poss Of Controlled Substance,0,0,,0,Low,0
Male,25 - 45,African-American,0,0,0,0.0,-1.0,M,Battery,0,0,,0,Low,0
Male,25 - 45,African-American,0,0,0,1.0,-1.0,F,Pos Cannabis W/Intent Sel/Del,1,0,Resist/Obstruct W/O Violence,1,High,1
Male,25 - 45,Hispanic,0,0,0,3.0,-1.0,F,Burglary Structure Unoccup,1,0,Resist/Obstruct W/O Violence,3,Medium,1
Male,25 - 45,Hispanic,0,0,0,10.0,-1.0,F,Felony Driving While Lic Suspd,1,0,Driving License Suspended,10,Medium,1
Male,25 - 45,Caucasian,0,0,0,2.0,-1.0,F,Crim Use of Personal ID Info,0,0,,2,Low,0
Male,Less than 25,Native American,0,0,0,1.0,-30.0,F,Felony Batt(Great Bodily Harm),1,1,False Imprisonment,1,High,1
Female,Less than 25,African-American,0,0,0,7.0,-1.0,F,"Poss3,4 Methylenedioxymethcath",1,0,,7,High,1
Male,25 - 45,African-American,0,2,1,13.0,0.0,F,Possession Of Methamphetamine,1,0,Operating W/O Valid License,13,Medium,1
Female,25 - 45,Caucasian,0,0,2,11.0,-1.0,M,Battery,1,1,Child Abuse,11,High,1
Female,Greater than 45,Caucasian,0,0,0,2.0,-1.0,F,Grand Theft in the 3rd Degree,0,0,,2,Low,0
Female,25 - 45,Other,0,0,0,0.0,-2.0,F,Grand Theft in the 3rd Degree,0,0,,0,Medium,0
Female,25 - 45,Native American,0,0,0,6.0,24.128862128219417,F,Driving While License Revoked,1,0,,6,Medium,1
Female,25 - 45,African-American,0,0,0,2.0,-1.0,F,Felony Battery w/Prior Convict,0,0,,2,Low,0
Male,Less than 25,Asian,0,0,0,0.0,-1.0,F,Grand Theft in the 3rd Degree,0,0,,0,Low,0
Male,25 - 45,Hispanic,0,0,0,0.0,-1.0,F,Battery on Law Enforc Officer,0,0,,0,High,0
Female,25 - 45,Caucasian,0,0,0,0.0,0.0,M,Felony Battery (Dom Strang),0,0,,0,Low,0
Female,25 - 45,African-American,0,0,0,2.0,-1.0,F,Deliver Cocaine,1,0,Opert With Susp DL 2nd Offens,2,Low,1
Male,25 - 45,Native American,0,0,0,0.0,-2.0,M,Battery,1,1,Resist/Obstruct W/O Violence,0,Medium,1
Female,25 - 45,Native American,0,0,0,0.0,-1.0,M,DUI Property Damage/Injury,1,0,Driving License Suspended,0,Low,1
Male,Less than 25,Hispanic,0,0,0,1.0,0.0,F,Prowling/Loitering,0,0,,1,High,0
Female,25 - 45,African-American,0,0,0,4.0,0.0,F,Felony Battery w/Prior Convict,1,0,Susp Drivers Lic 1st Offense,4,Low,1
Male,Less than 25,African-American,0,0,0,0.0,0.0,M,Battery,0,0,,0,Low,0
Female,Less than 25,Caucasian,0,0,0,1.0,-1.0,F,Possession of Cocaine,0,0,,1,Low,0
Male,Less than 25,Asian,0,0,0,2.0,-1.0,F,Grand Theft in the 3rd Degree,1,1,Resist/Obstruct W/O Violence,2,High,1
Female,25 - 45,African-American,0,0,0,13.0,-1.0,F,Carrying Concealed Firearm,0,0,Opert With Susp DL 2nd Offens,13,Medium,0
Male,Greater than 45,African-American,0,0,0,12.0,-22.0,F,Possession of Cocaine,1,0,Susp Drivers Lic 1st Offense,12,Low,1
Female,25 - 45,Other,0,0,0,0.0,-1.0,F,Grand Theft in the 3rd Degree,0,0,,0,Low,0
Male,25 - 45,Native American,0,0,0,1.0,-1.0,M,Leave Acc/Attend Veh/More $50,0,0,,1,High,0
Female,Less than 25,Hispanic,0,0,0,0.0,-1.0,M,Battery,0,0,,0,Low,0
Male,Greater than 45,Asian,0,0,0,1.0,-1.0,M,Battery,0,0,,1,Low,0
Male,Greater than 45,Hispanic,0,0,0,1.0,0.0,F,Viol Prot Injunc Repeat Viol,0,0,,1,Low,0
Female,Less than 25,Hispanic,0,0,0,2.0,-1.0,F,Tampering With Physical Evidence,1,0,Resist/Obstruct W/O Violence,2,High,1
Male,25 - 45,Hispanic,0,1,3,4.0,-1.0,F,Unlicensed Telemarketing,1,1,Child Abuse,4,Medium,1
Female,Greater than 45,African-American,0,0,0,5.0,-1.0,F,Burglary Dwelling Assault/Batt,0,0,,5,Low,0
Female,25 - 45,Hispanic,0,0,0,0.0,-1.0,F,Crim Use of Personal ID Info,0,0,,0,Medium,0
Female,Less than 25,Native American,0,0,0,0.0,-1.0,F,Aggravated Assault W/Dead Weap,0,0,,0,Low,0
Female,Greater than 45,Native American,0,0,0,4.0,-1.0,M,Grand Theft in the 3rd Degree,1,0,Opert With Susp DL 2nd Offens,4,Medium,1
Male,Greater than 45,Other,0,0,0,0.0,0.0,M,Operating W/O Valid License,1,0,Unlaw LicTag/Sticker Attach,0,Low,1
Male,25 - 45,Caucasian,0,0,0,4.0,-9.82642670857085,F,Burglary Conveyance Unoccup,0,0,,4,Low,0
Female,Greater than 45,Native American,0,1,0,5.0,-10.0,F,Possession Of Heroin,0,0,,5,High,0
Female,Greater than 45,Asian,0,0,0,0.0,0.0,M,Driving License Suspended,0,0,,0,Low,0
Female,25 - 45,Caucasian,1,0,3,2.0,0.0,M,Battery,1,0,Petit Theft,2,High,0
Male,25 - 45,Caucasian,0,0,0,8.0,-1.0,F,Poss Pyrrolidinovalerophenone,1,0,Driving License Suspended,8,Medium,1
Female,25 - 45,African-American,0,0,0,2.0,-1.0,M,Assault,0,0,,2,Medium,0
Male,Greater than 45,Native American,0,0,0,0.0,-1.0,M,Battery,0,0,,0,Low,0
Male,25 - 45,Native American,0,0,0,1.0,0.0,F,Tamper With Witness/Victim/CI,1,1,False Imprisonment,1,High,1
Male,Greater than 45,African-American,0,0,0,0.0,-1.0,M,DUI Property Damage/Injury,1,0,Operating W/O Valid License,0,Medium,0
Male,Greater than 45,Other,0,0,0,1.0,-1.0,F,Tampering With Physical Evidence,0,0,,1,Low,0
Male,25 - 45,Native American,0,0,0,2.0,-1.0,F,Possession of Cocaine,1,0,Driving License Suspended,2,High,1
Female,Less than 25,Caucasian,0,0,0,2.0,-1.0,F,DUI Property Damage/Injury,0,0,,2,Low,0
Male,25 - 45,Asian,0,0,0,0.0,-1.0,F,Burglary Structure Unoccup,0,0,,0,Medium,0
Male,25 - 45,Native American,0,0,0,7.0,-1.0,M,Battery,1,1,Resist/Obstruct W/O Violence,7,High,1
Female,25 - 45,Hispanic,2,0,0,11.0,-1.0,F,Pos Cannabis W/Intent Sel/Del,0,0,,11,Low,0
Male,Greater than 45,Caucasian,0,0,0,0.0,0.0,M,Cruelty Toward Child,0,0,,0,Low,0
Female,Less than 25,Caucasian,0,0,0,2.0,-1.0,F,Grand Theft in the 3rd Degree,0,0,,2,Medium,0
Female,Less than 25,Asian,0,1,0,1.0,-1.0,F,Possession of Cocaine,0,0,,1,Medium,0
Female,Greater than 45,African-American,0,0,0,3.0,-1.0,M,Poss Of Controlled Substance,1,0,Opert With Susp DL 2nd Offens,3,High,0
Female,25 - 45,Hispanic,0,0,0,0.0,-1.0,F,Carrying Concealed Firearm,0,0,,0,Low,1
Female,Less than 25,Native American,0,0,0,1.0,-1.0,F,Agg Battery Grt/Bod/Harm,1,0,,1,Low,0
Male,Greater than 45,Caucasian,0,0,0,0.0,-1.0,M,Viol Injunct Domestic Violence,0,0,,0,Low,0
Male,25 - 45,African-American,0,0,0,1.0,-1.0,M,Battery,1,0,Susp Drivers Lic 1st Offense,1,Medium,1
Female,25 - 45,Native American,0,0,0,1.0,-1.0,F,Resist/Obstruct W/O Violence,1,0,Driving License Suspended,1,Medium,1
Male,25 - 45,Asian,0,0,0,4.0,-13.806373814760907,F,Crim Use of Personal ID Info,1,1,Battery,4,Low,1
Male,Greater than 45,Native American,0,0,0,0.0,-8.0,F,Felony Battery (Dom Strang),0,0,,0,Low,0
Male,Greater than 45,Other,0,0,0,0.0,-1.0,F,Battery on Law Enforc Officer,0,0,,0,Low,0
Male,25 - 45,Asian,0,0,0,3.0,-1.0,F,Possession Of Heroin,0,0,,3,Medium,0
Female,25 - 45,Other,0,0,0,5.0,-2.0,F,Grand Theft in the 3rd Degree,1,0,Susp Drivers Lic 1st Offense,5,Medium,1
Male,Greater than 45,Caucasian,0,0,0,5.0,-1.0,F,Burglary Dwelling Assault/Batt,1,0,Driving License Suspended,5,Medium,1
Male,25 - 45,African-American,0,0,0,3.0,-13.0,F,Exposes Culpable Negligence,1,0,,3,Low,1
Male,Greater than 45,Caucasian,0,0,0,0.0,-1.0,M,Battery,0,0,,0,Low,0
Male,25 - 45,Native American,0,0,0,0.0,0.0,F,"Poss3,4 Methylenedioxymethcath",0,0,,0,Low,0
Female,Less than 25,Asian,0,1,1,4.0,0.0,F,Unlicensed Telemarketing,1,1,False Imprisonment,4,High,1
Female,Less than 25,African-American,0,0,0,0.0,-1.0,M,Battery,0,0,,0,Low,0
Male,25 - 45,Caucasian,0,0,0,9.0,-1.0,M,Battery,1,0,Driving License Suspended,9,Medium,1
Female,Greater than 45,Caucasian,0,0,0,2.0,-1.0,F,Uttering a Forged Instrument,1,0,,2,Low,0
Male,25 - 45,Native American,0,0,0,0.0,-1.0,F,Aggrav Battery w/Deadly Weapon,0,0,,0,Medium,0
Female,Greater than 45,Caucasian,0,0,0,1.0,-1.0,M,Battery,0,0,,1,Low,0
Male,Greater than 45,Hispanic,0,0,0,7.0,-1.0,F,Possession of Cocaine,1,0,Susp Drivers Lic 1st Offense,7,High,1
Female,25 - 45,Other,0,0,0,1.0,-2.0,F,False Imprisonment,0,0,,1,Low,0
Male,Greater than 45,Native American,0,0,0,2.0,0.0,M,Driving Under The Influence,0,0,,2,Low,0
Male,25 - 45,Caucasian,0,0,0,5.0,-1.0,M,Possess Cannabis/20 Grams Or Less,1,0,Susp Drivers Lic 1st Offense,5,Low,1
Male,25 - 45,African-American,0,0,0,0.0,-1.0,F,Carrying Concealed Firearm,1,0,Operating W/O Valid License,0,Low,1
Female,25 - 45,Hispanic,0,0,0,0.0,-1.0,M,Viol Injunct Domestic Violence,1,1,Strong Armed  Robbery,0,Medium,1
Male,Greater than 45,Hispanic,0,0,2,1.0,-1.0,M,Assault,1,0,Opert With Susp DL 2nd Offens,1,High,1
Female,Less than 25,Hispanic,0,0,0,0.0,0.0,F,Possession Of Alprazolam,0,0,Unlaw LicTag/Sticker Attach,0,Low,1
Female,25 - 45,Other,0,0,0,0.0,0.0,M,Battery,0,0,,0,Low,0
Male,Less than 25,Caucasian,0,0,0,0.0,-1.0,F,Robbery / No Weapon,1,0,Operating W/O Valid License,0,High,1
Male,25 - 45,Hispanic,1,0,0,6.0,-1.0,F,"Deliver 3,4 Methylenediox",1,0,Opert With Susp DL 2nd Offens,6,High,1
Female,25 - 45,Other,0,0,0,1.0,-1.0,F,Felony Petit Theft,0,0,,1,High,0
Female,25 - 45,Other,0,0,0,1.0,-22.0,F,Leave Acc/Attend Veh/More $50,0,0,,1,Low,0
Male,Greater than 45,Hispanic,0,0,0,0.0,-1.0,M,Battery,0,0,,0,Low,0
Female,Greater than 45,Other,0,0,0,6.0,-1.0,F,Grand Theft (Motor Vehicle),1,0,,6,Low,1
Male,25 - 45,Native American,0,0,0,10.0,-19.73346475944513,F,Possession of Cocaine,1,0,,10,Medium,1
Male,Greater than 45,African-American,0,0,0,0.0,0.0,F,Agg Battery Grt/Bod/Harm,1,1,Resist/Obstruct W/O Violence,0,Low,1
Male,Greater than 45,African-American,0,0,0,9.0,0.0,F,Poss Pyrrolidinovalerophenone,0,0,,9,Low,0
Male,Greater than 45,African-American,0,0,0,28.92352846703323,-1.0,F,Felony Driving While Lic Suspd,1,0,Resist/Obstruct W/O Violence,28,Medium,1
Female,25 - 45,Hispanic,0,0,0,1.0,-2.0,M,Battery,0,0,,1,Low,0
Female,Greater than 45,Caucasian,0,0,0,2.0,-1.0,F,Tampering With Physical Evidence,0,0,,2,Low,0
Female,Greater than 45,African-American,0,0,0,0.0,-1.0,M,Battery,0,0,,0,Low,0
Male,25 - 45,African-American,0,0,0,4.0,0.0,F,Possession of Cocaine,1,0,Operating W/O Valid License,4,High,1
Female,Greater than 45,Caucasian,0,0,0,1.0,0.0,M,Aggravated Assault W/Dead Weap,0,0,,1,Low,0
Male,Less than 25,Hispanic,0,0,0,1.0,-8.791363327736697,M,Battery,0,0,,1,Low,0
Female,25 - 45,Hispanic,0,0,0,2.0,-1.0,M,Battery,0,0,Operating W/O Valid License,2,Low,1
Female,25 - 45,Caucasian,0,0,0,8.0,0.0,F,Aggravated Assault W/Dead Weap,0,0,,8,Medium,0
Female,Greater than 45,Caucasian,0,0,0,7.0,0.0,F,Possession of Cocaine,1,0,Driving License Suspended,7,Medium,1
Female,Greater than 45,Other,0,0,0,1.0,-1.0,F,Grand Theft in the 3rd Degree,1,0,Fail Register Vehicle,1,Medium,1
Male,Less than 25,Other,0,0,0,19.0,-1.0,F,Possession of Cocaine,1,0,Resist/Obstruct W/O Violence,19,High,1
Female,Greater than 45,Hispanic,0,0,0,1.0,-5.957109156815179,F,Disorderly Conduct,0,0,,1,Low,0
Female,25 - 45,Other,0,0,0,4.0,0.0,F,"Poss3,4 Methylenedioxymethcath",1,0,Driving License Suspended,4,High,1
Male,Less than 25,African-American,0,0,0,0.0,0.0,M,Soliciting For Prostitution,0,0,,0,Low,0
Female,Greater than 45,Asian,0,0,0,0.0,0.0,M,DUI Level 0.15 Or Minor In Veh,0,0,,0,Low,0
Male,25 - 45,Hispanic,0,1,0,6.0,-1.0,M,Battery,0,0,,6,Medium,0
Female,25 - 45,African-American,0,0,0,1.0,-1.0,F,Carrying Concealed Firearm,0,0,,1,Low,0
Male,Greater than 45,Native American,0,0,0,1.0,0.0,M,Cruelty Toward Child,1,0,Operating W/O Valid License,1,Low,0
Female,25 - 45,Native American,0,0,1,5.0,-1.0,F,"Poss3,4 Methylenedioxymethcath",1,0,Susp Drivers Lic 1st Offense,5,Medium,1
Male,Greater than 45,Native American,0,0,0,0.0,0.0,F,Robbery / No Weapon,0,0,,0,Medium,0
Female,Less than 25,Native American,0,0,0,2.0,-1.0,F,Agg Battery Grt/Bod/Harm,0,0,,2,Medium,0
Male,Greater than 45,Asian,0,0,0,0.0,-1.0,F,Dealing in Stolen Property,0,0,,0,Medium,0
Female,25 - 45,Native American,0,0,0,5.0,-21.671581063827112,F,Child Abuse,0,0,,5,Low,0
Male,Greater than 45,Hispanic,2,2,0,4.0,-1.0,F,Possession of Cocaine,1,0,,4,High,1
Male,Greater than 45,Native American,0,0,0,1.0,-1.0,F,Possession of Cocaine,1,1,Battery,1,Low,1
Male,Less than 25,Caucasian,0,0,0,1.0,-4.0,F,Burglary Unoccupied Dwelling,0,0,,1,Low,0
Female,Greater than 45,Hispanic,0,0,0,0.0,-1.0,F,Grand Theft in the 3rd Degree,0,0,,0,Low,0
Male,25 - 45,Asian,0,0,0,2.0,-1.0,F,Grand Theft in the 3rd Degree,1,1,Battery,2,Medium,1
Male,Less than 25,Caucasian,0,0,0,0.0,-1.0,M,Assault,1,1,Child Abuse,0,Low,0
Female,25 - 45,Native American,0,0,0,0.0,0.0,M,Battery,0,0,,0,Low,0
Male,25 - 45,Hispanic,0,0,0,1.0,-1.0,M,Battery,1,0,,1,Low,0
Female,25 - 45,Other,0,0,0,1.0,-1.0,M,Battery,0,0,,1,Medium,0
Male,Greater than 45,Caucasian,0,0,0,0.0,0.0,M,Battery,0,0,,0,Low,0
Female,Greater than 45,Asian,0,0,0,10.0,18.31862585405183,M,Criminal Mischief,1,0,,10,Medium,1
Male,Greater than 45,Caucasian,0,0,0,0.0,-1.0,F,Possession of Cocaine,1,0,Susp Drivers Lic 1st Offense,0,Low,1
Female,Greater than 45,African-American,1,0,2,8.0,-1.0,F,Possession of Cocaine,0,0,Drink/Premises Licensed Estab,8,High,1
Male,25 - 45,Other,0,0,0,0.0,-1.0,M,Driving Under The Influence,0,0,,0,Low,0
Female,25 - 45,Hispanic,0,0,0,1.0,-13.72090974362808,M,Battery,0,0,,1,Medium,0
Male,Greater than 45,Asian,0,0,0,3.0,-1.0,F,Possession of Cocaine,1,0,Susp Drivers Lic 1st Offense,3,High,1
Female,Greater than 45,Asian,0,0,0,0.0,0.0,F,Petit Theft,0,0,,0,Medium,0
Female,Greater than 45,Asian,0,0,0,7.0,-1.0,F,Felony Driving While Lic Suspd,1,0,Opert With Susp DL 2nd Offens,7,Low,1
Male,Less than 25,Asian,0,0,0,1.0,0.0,F,Felony Batt(Great Bodily Harm),0,0,,1,Medium,0
Male,Greater than 45,Hispanic,0,0,0,0.0,-1.0,M,Leave Acc/Attend Veh/More $50,0,0,,0,Low,0
Female,Greater than 45,Other,0,0,0,0.0,-1.0,M,Battery,0,0,,0,Low,1
Female,Less than 25,Caucasian,0,0,0,0.0,0.0,F,Tamper With Witness/Victim/CI,1,0,Resist/Obstruct W/O Violence,0,Low,1
Male,Greater than 45,Hispanic,0,1,0,2.0,-1.0,F,Burglary Structure Unoccup,1,0,Trafficking 4-14 Grams Heroin,2,Medium,1
Female,25 - 45,Other,0,0,0,13.0,0.0,F,Crimin Mischief Damage $1000+,1,0,Fail Register Vehicle,13,High,1
Male,Less than 25,African-American,0,0,0,1.0,-22.0,F,Possession of Cocaine,0,0,,1,Medium,0
Female,Less than 25,Native American,0,0,0,4.0,0.0,F,Aggravated Assault w/Firearm,1,0,Operating W/O Valid License,4,Low,1
Male,Less than 25,African-American,0,0,0,3.0,-1.0,F,Poss Pyrrolidinovalerophenone,1,0,Fail Register Vehicle,3,High,1
Male,Greater than 45,Native American,0,0,0,4.0,0.0,M,Battery,1,1,Battery,4,Low,1
Male,Greater than 45,Hispanic,0,0,0,2.0,-1.0,F,Criminal Mischief Damage <$200,1,0,Driving License Suspended,2,Low,1
Male,Greater than 45,African-American,0,0,0,2.0,0.0,F,Grand Theft in the 3rd Degree,1,0,Fail Register Vehicle,2,Low,1
Male,25 - 45,African-American,0,0,0,0.0,-1.0,F,Poss Of Controlled Substance,0,0,,0,Low,0
Male,25 - 45,Hispanic,0,0,0,10.0,-5.963817027730595,M,Poss Contr Subst W/o Prescript,1,0,,10,Medium,1
Female,Less than 25,Hispanic,0,0,0,2.0,0.0,F,False Imprisonment,1,0,Operating W/O Valid License,2,Medium,1
Male,25 - 45,Caucasian,0,0,0,2.0,-1.0,M,Possess Cannabis/20 Grams Or Less,0,0,,2,Medium,0
Male,Less than 25,Hispanic,0,0,0,0.0,-1.0,F,Tampering With Physical Evidence,0,0,,0,High,0
Female,Greater than 45,Asian,0,0,0,1.0,0.0,F,"Poss3,4 Methylenedioxymethcath",0,0,,1,Medium,0
Male,Greater than 45,Caucasian,0,0,0,6.0,-1.0,F,Cruelty Toward Child,1,0,Opert With Susp DL 2nd Offens,6,Low,0
Female,25 - 45,Asian,0,0,0,0.0,-1.0,F,Felony Battery (Dom Strang),0,0,,0,Low,0
Male,Less than 25,Caucasian,0,0,0,2.0,0.0,M,Battery,0,0,,2,Low,0
Male,Greater than 45,Caucasian,0,0,0,0.0,-1.0,F,Possession of Cocaine,0,0,,0,High,0
Male,Greater than 45,Asian,0,0,0,0.0,-1.0,F,False Imprisonment,1,0,Opert With Susp DL 2nd Offens,0,Low,1
Male,25 - 45,Hispanic,0,0,0,1.0,-1.0,F,Possession Of Heroin,1,0,,1,Low,1
Male,25 - 45,Other,0,0,0,10.0,-1.0,F,Grand Theft in the 3rd Degree,1,0,Fail Register Vehicle,10,High,1
Male,Greater than 45,Hispanic,0,0,0,7.0,-1.0,M,Battery,0,0,,7,Low,0
Male,Less than 25,Native American,0,0,0,5.0,-1.0,F,Robbery / No Weapon,1,0,Opert With Susp DL 2nd Offens,5,Medium,1
Male,Greater than 45,Other,0,0,0,17.0,-1.0,F,Felony Petit Theft,1,0,Opert With Susp DL 2nd Offens,17,Medium,1
Male,Less than 25,Native American,0,2,0,5.0,-3.0307098817947313,M,DUI Level 0.15 Or Minor In Veh,1,0,Trafficking 4-14 Grams Heroin,5,Medium,1
Male,Less than 25,Other,0,0,0,12.0,-1.0,F,Possession of Cocaine,0,0,,12,High,0
Female,Less than 25,African-American,0,0,0,1.0,-1.0,F,False Ownership Info/Pawn Item,0,0,Driving License Suspended,1,Low,1
Male,Greater than 45,Other,1,0,1,1.0,0.0,F,Deliver Cannabis,0,0,Operating W/O Valid License,1,Medium,1
Male,Greater than 45,Hispanic,0,0,0,2.0,-1.0,F,Cruelty Toward Child,1,0,,2,Low,0
Female,Less than 25,Caucasian,1,0,1,5.0,0.0,M,Viol Injunct Domestic Violence,1,0,Drink/Premises Licensed Estab,5,Medium,1
Male,Greater than 45,Caucasian,0,0,0,9.0,-1.0,F,Possession of Cocaine,1,0,Operating W/O Valid License,9,High,1
Male,Greater than 45,African-American,0,0,0,1.0,-1.0,M,Exposes Culpable Negligence,1,0,,1,Low,0
Female,Less than 25,Caucasian,0,0,0,0.0,-1.0,M,Battery,0,0,,0,Low,0
Female,Less than 25,Hispanic,0,0,0,0.0,-1.0,M,Carrying Concealed Firearm,1,0,Opert With Susp DL 2nd Offens,0,Low,1
Female,25 - 45,African-American,0,0,0,7.0,-1.0,M,Battery,0,0,,7,Low,0
Female,Greater than 45,African-American,0,0,0,0.0,-1.0,M,Possess Cannabis/20 Grams Or Less,1,0,Unlaw LicTag/Sticker Attach,0,Low,1
Female,25 - 45,Asian,0,0,0,10.0,15.005090606230283,M,Operating W/O Valid License,1,0,Operating W/O Valid License,10,Medium,1
Male,Less than 25,Native American,1,0,0,1.0,27.978310396750665,F,Uttering a Forged Instrument,1,0,,1,High,1
Female,Greater than 45,Hispanic,0,0,1,9.0,0.0,F,Battery on Law Enforc Officer,1,0,Opert With Susp DL 2nd Offens,9,Medium,1
Male,Greater than 45,Native American,0,0,0,0.0,-1.0,F,Grand Theft in the 3rd Degree,0,0,,0,Low,0
Female,Greater than 45,Caucasian,0,0,0,0.0,0.0,M,Battery,0,0,,0,Low,0
Female,25 - 45,Other,0,0,0,0.0,0.0,M,Disorderly Conduct,0,0,,0,Medium,0
Male,Greater than 45,African-American,2,1,1,16.0,-1.0,F,Possession Of Paraphernalia,1,0,Possess Cannabis/20 Grams Or Less,16,High,1
Male,25 - 45,Caucasian,0,0,0,3.0,-1.0,F,Possession of Cocaine,1,1,False Imprisonment,3,Medium,1
Male,Less than 25,Other,0,0,0,0.0,-1.0,F,Grand Theft in the 3rd Degree,0,0,,0,Low,0
Female,25 - 45,African-American,0,0,0,6.0,0.0,F,Possession of Cannabis,1,0,Resist/Obstruct W/O Violence,6,High,1
Female,Greater than 45,Other,0,0,0,1.0,-1.0,M,Battery,0,0,,1,Low,0
Female,Less than 25,Native American,2,0,0,2.0,-21.0,F,Felony Batt(Great Bodily Harm),1,0,Susp Drivers Lic 1st Offense,2,High,1
Male,Greater than 45,African-American,0,0,0,5.0,-1.0,M,Battery,1,0,Susp Drivers Lic 1st Offense,5,Medium,1
Male,25 - 45,African-American,0,0,0,1.0,-1.0,F,Grand Theft in the 3rd Degree,1,0,Fail Register Vehicle,1,Low,1
Male,Less than 25,African-American,0,0,0,6.0,-1.0,F,Felony Driving While Lic Suspd,1,0,Driving License Suspended,6,Low,1
Male,Greater than 45,African-American,0,0,0,0.0,-1.0,F,Poss Contr Subst W/o Prescript,0,0,,0,Low,0
Female,25 - 45,Other,0,0,0,1.0,-1.0,F,Possession Of Heroin,1,0,,1,Low,0
Male,Less than 25,African-American,0,0,0,1.0,-1.0,F,Pos Cannabis W/Intent Sel/Del,1,1,False Imprisonment,1,Low,1
Female,Greater than 45,African-American,0,0,0,3.0,-1.0,F,Disorderly Conduct,0,0,,3,Low,0
Male,Less than 25,Native American,0,0,0,0.0,-1.0,M,Battery,1,1,Child Abuse,0,Low,1
Male,Greater than 45,Hispanic,0,7,2,12.0,-1.0,F,Possession of Cocaine,1,0,Driving License Suspended,12,High,1
Female,Greater than 45,Other,0,0,0,8.0,-1.0,M,Criminal Mischief,0,0,,8,Low,0
Female,Greater than 45,Hispanic,0,0,0,0.0,0.0,F,Grand Theft (Motor Vehicle),0,0,,0,Medium,0
Female,Greater than 45,Caucasian,0,0,0,1.0,-1.0,F,Battery on Law Enforc Officer,0,0,,1,High,0
Male,25 - 45,Hispanic,0,0,1,3.0,-1.0,F,Possession Burglary Tools,1,0,Opert With Susp DL 2nd Offens,3,Medium,1
Male,Less than 25,Caucasian,0,0,0,0.0,-1.0,F,Possession of Cocaine,0,0,,0,Low,0
Male,Less than 25,African-American,0,0,0,5.0,-1.0,F,Possession of Cocaine,0,0,,5,Low,0
Male,25 - 45,Other,0,0,0,1.0,0.0,M,Driving Under The Influence,0,0,,1,Low,0
Female,Less than 25,Other,0,0,0,3.0,-1.0,F,Burglary Unoccupied Dwelling,1,0,Operating W/O Valid License,3,Medium,1
Female,Greater than 45,Asian,0,0,0,0.0,-4.0,M,DUI- Enhanced,0,0,Driving License Suspended,0,Low,1
Female,25 - 45,Caucasian,0,0,0,2.0,0.0,M,Operating W/O Valid License,0,0,,2,High,0
Male,Greater than 45,Asian,0,0,0,0.0,0.0,F,Burglary Structure Unoccup,0,0,,0,Low,0
Male,Greater than 45,Caucasian,0,0,0,0.0,-1.0,M,Battery,0,0,,0,Low,0
Female,25 - 45,Other,0,0,0,0.0,-1.0,F,Deliver Cannabis,0,0,,0,Low,0
Female,Less than 25,Hispanic,0,0,0,0.0,0.0,M,Unlaw LicTag/Sticker Attach,0,0,,0,Low,0
Male,25 - 45,African-American,0,1,1,3.0,-1.0,M,Battery,1,0,Harass Witness/Victm/Informnt,3,High,1
Female,Greater than 45,Hispanic,0,0,0,1.0,-14.22433798070611,F,Felony Battery (Dom Strang),0,0,Driving License Suspended,1,Low,0
Female,25 - 45,Native American,0,1,0,2.0,-11.985254666242724,F,Deliver Cannabis,1,0,Driving License Suspended,2,Medium,0
Male,25 - 45,Caucasian,0,0,0,9.0,-18.34628853521069,F,Burglary Unoccupied Dwelling,1,0,Operating W/O Valid License,9,High,1
Male,Less than 25,Other,0,0,1,14.0,-1.0,F,Driving While License Revoked,1,0,Operating W/O Valid License,14,High,1
Female,Greater than 45,Native American,0,0,0,1.0,-1.0,M,Possession of Cocaine,0,0,,1,Low,0
Male,25 - 45,African-American,0,0,0,0.0,0.0,M,Battery,0,0,,0,Medium,0
Male,25 - 45,Other,0,0,0,1.0,-1.0,F,Grand Theft in the 3rd Degree,1,0,,1,Low,1
Female,Less than 25,Other,0,0,0,12.0,-1.0,M,DUI Level 0.15 Or Minor In Veh,1,0,Driving License Suspended,12,Medium,1
Male,25 - 45,Asian,1,0,0,2.0,-1.0,F,False Ownership Info/Pawn Item,0,0,,2,Low,0
Female,Less than 25,Asian,0,0,0,0.0,-1.0,F,Burglary Conveyance Unoccup,0,0,,0,Medium,0
Female,Greater than 45,Native American,0,0,0,3.0,-1.0,F,Burglary Dwelling Assault/Batt,0,0,,3,Low,0
Female,Greater than 45,Hispanic,0,0,0,22.0,-1.0,M,Assault,0,0,,22,Medium,0
Female,Less than 25,Hispanic,0,0,0,0.0,-1.0,M,Driving Under The Influence,0,0,,0,Low,0
Male,25 - 45,Asian,0,0,0,1.0,-17.0,F,False Ownership Info/Pawn Item,0,0,,1,Low,0
Male,Less than 25,Asian,0,0,0,1.0,-1.0,M,Battery,0,0,,1,Low,0
Male,25 - 45,Asian,0,1,0,9.0,-1.0,F,Resist Officer w/Violence,1,1,Resist/Obstruct W/O Violence,9,High,1
Female,Greater than 45,Caucasian,0,0,0,0.0,0.0,F,Possession of Cocaine,0,0,,0,Low,0
Male,Greater than 45,Other,0,1,0,2.0,-1.0,M,Battery,1,1,Resist/Obstruct W/O Violence,2,Low,1
Male,Less than 25,Caucasian,0,0,0,1.0,-11.919043376226455,F,Viol Prot Injunc Repeat Viol,0,0,,1,Low,0
Female,Less than 25,Native American,0,0,0,0.0,-1.0,F,Aggravated Assault w/Firearm,0,0,Resist/Obstruct W/O Violence,0,Low,0
Female,Greater than 45,Other,0,0,0,0.0,-1.0,F,Grand Theft in the 3rd Degree,0,0,,0,Low,0
Female,25 - 45,Caucasian,0,0,0,0.0,-1.0,F,Grand Theft in the 3rd Degree,0,0,Resist/Obstruct W/O Violence,0,Low,1
Female,Less than 25,Other,0,0,0,0.0,0.0,M,Battery,0,0,,0,Low,0
Male,Greater than 45,Native American,0,0,0,4.0,-1.0,F,Felony Petit Theft,1,0,Opert With Susp DL 2nd Offens,4,Medium,1
Male,Less than 25,Other,0,0,0,4.0,-1.0,F,Felony Battery w/Prior Convict,0,0,,4,Low,0
Female,25 - 45,African-American,0,0,0,0.0,-1.0,M,Battery,0,0,,0,Low,0
Female,25 - 45,Asian,0,0,0,0.0,-3.0,M,Grand Theft in the 3rd Degree,0,0,,0,Medium,0
Male,Less than 25,African-American,0,0,0,3.0,-1.0,F,Crimin Mischief Damage $1000+,1,0,,3,Medium,1
Male,Greater than 45,Native American,0,0,0,13.0,-1.0,F,Poss Contr Subst W/o Prescript,1,1,False Imprisonment,13,Medium,1
Male,Less than 25,African-American,0,0,0,0.0,-3.0,M,Resist/Obstruct W/O Violence,0,0,,0,Low,0
Male,Greater than 45,Caucasian,0,0,0,1.0,0.0,M,Battery,0,0,Resist/Obstruct W/O Violence,1,Low,1
Female,Greater than 45,Native American,0,0,1,6.0,-1.0,F,Cruelty Toward Child,1,0,Fail Register Vehicle,6,Medium,1
Female,Greater than 45,Hispanic,0,0,0,0.0,0.0,F,Possession of XLR11,0,0,Fail Register Vehicle,0,Medium,1
Male,Greater than 45,Other,0,0,0,2.0,-1.0,F,Disorderly Intoxication,0,0,,2,Low,0
Female,25 - 45,Caucasian,0,0,0,0.0,0.0,M,Battery,0,0,,0,Low,0
Male,Less than 25,African-American,0,0,0,0.0,-1.0,F,Carrying Concealed Firearm,0,0,,0,Low,0
Female,Greater than 45,Hispanic,0,0,0,5.0,0.0,F,Possession Of Alprazolam,1,1,Resist/Obstruct W/O Violence,5,Medium,0
Female,25 - 45,African-American,0,0,0,1.0,-1.0,F,Driving While License Revoked,1,0,Opert With Susp DL 2nd Offens,1,Low,0
Male,25 - 45,African-American,0,0,0,0.0,-1.0,F,"Poss3,4 Methylenedioxymethcath",1,0,Susp Drivers Lic 1st Offense,0,Medium,1
Male,25 - 45,Hispanic,0,0,0,2.0,0.0,F,Aggravated Assault W/dead Weap,0,0,,2,Low,0
Female,25 - 45,African-American,0,1,0,7.0,-1.0,F,Burglary Conveyance Unoccup,1,0,Susp Drivers Lic 1st Offense,7,High,1
Male,Less than 25,Caucasian,0,0,0,0.0,-1.0,F,Aggrav Battery w/Deadly Weapon,0,0,,0,Medium,0
Male,Less than 25,Asian,0,0,0,0.0,-1.0,F,Unlaw LicTag/Sticker Attach,0,0,,0,Low,0
Male,Greater than 45,Asian,0,0,0,0.0,-1.0,M,Battery,0,0,Opert With Susp DL 2nd Offens,0,Low,0
Male,Less than 25,Other,0,0,0,7.0,0.0,F,Child Abuse,1,0,Opert With Susp DL 2nd Offens,7,Medium,0
Male,Less than 25,Native American,0,0,0,0.0,-1.0,F,Grand Theft in the 3rd Degree,0,0,,0,Medium,0
Male,Greater than 45,Hispanic,0,0,0,1.0,-1.0,F,Possession Of Heroin,0,0,,1,Low,0
Female,25 - 45,Asian,0,0,0,0.0,0.0,M,Battery,0,0,,0,Low,0
Male,Less than 25,Asian,1,0,0,1.0,-1.0,M,Battery,0,0,,1,Medium,0
Male,Greater than 45,Asian,0,0,0,0.0,-1.0,M,Battery,0,0,,0,Low,0
Male,Greater than 45,Asian,0,0,0,2.0,-1.0,M,Battery,1,0,Operating W/O Valid License,2,Low,1
Male,Greater than 45,Asian,0,1,0,7.0,-1.0,F,Carrying Concealed Firearm,1,1,Battery,7,High,1
Female,Less than 25,African-American,0,0,0,0.0,-1.0,F,Grand Theft in the 3rd Degree,0,0,,0,Low,0
Female,25 - 45,Caucasian,0,0,0,6.0,-1.0,M,Petit Theft,1,0,Resist/Obstruct W/O Violence,6,Medium,1
Female,Less than 25,Caucasian,0,0,0,1.0,-1.0,F,Aggrav Battery w/Deadly Weapon,0,0,,1,Low,0
Female,25 - 45,Asian,0,0,0,2.0,-1.0,F,"Poss3,4 Methylenedioxymethcath",1,0,,2,Medium,0
Female,25 - 45,African-American,0,3,0,10.0,-1.0,M,Burglary Unoccupied Dwelling,0,0,,10,High,0
Female,25 - 45,African-American,0,0,0,1.0,0.0,M,Battery,0,0,,1,Low,0
Male,25 - 45,African-American,0,0,0,9.0,0.0,F,Poss Cocaine/Intent To Del/Sel,1,1,False Imprisonment,9,Medium,1
Female,Greater than 45,Asian,0,0,0,0.0,-1.0,F,Neglect Child / No Bodily Harm,0,0,,0,Low,0
Male,25 - 45,Caucasian,0,0,0,0.0,-1.0,F,Grand Theft in the 3rd Degree,0,0,,0,Medium,0
Female,Greater than 45,Other,0,0,0,0.0,-1.0,M,Battery,1,1,Battery,0,Low,1
Male,Less than 25,Caucasian,0,0,0,30.311343891808466,-1.0,F,Leave Acc/Attend Veh/More $50,1,0,Fail Register Vehicle,29,Medium,1
Male,25 - 45,Asian,0,0,0,12.0,-1.0,F,Felony Battery w/Prior Convict,0,0,,12,Low,0
Female,Greater than 45,Other,0,0,0,1.0,-1.0,F,Prowling/Loitering,0,0,,1,High,0
Male,25 - 45,Caucasian,0,0,0,0.0,-1.0,M,Battery,0,0,,0,Low,0
Female,Greater than 45,Hispanic,0,0,0,0.0,-1.0,M,Battery,0,0,,0,Low,0
Male,25 - 45,Asian,0,0,0,1.0,0.0,M,Driving Under The Influence,0,0,,1,Low,0
Male,Less than 25,Asian,0,1,1,3.0,-1.0,M,Battery,0,0,,3,Low,0
Male,Greater than 45,Other,0,0,0,9.0,-1.0,F,Aggravated Battery / Pregnant,1,1,False Imprisonment,9,High,1
Female,Less than 25,Native American,0,0,0,15.0,-1.0,F,Possession of Cannabis,1,0,Susp Drivers Lic 1st Offense,15,High,1
Male,Greater than 45,Native American,0,0,0,3.0,-1.0,F,Driving License Suspended,1,0,Fail Register Vehicle,3,High,1
Female,Less than 25,Caucasian,0,0,0,7.0,-1.0,M,Susp Drivers Lic 1st Offense,1,0,Driving License Suspended,7,Low,1
Male,25 - 45,Other,0,0,0,3.0,0.0,F,Carrying Concealed Firearm,0,0,,3,Low,0
Female,25 - 45,African-American,0,0,0,10.0,7.098960644959668,F,Driving While License Revoked,1,0,Resist/Obstruct W/O Violence,10,Medium,1
Female,Less than 25,African-American,0,1,0,6.0,0.0,F,Crim Use of Personal ID Info,1,1,Battery,6,High,1
Female,Greater than 45,Other,0,0,0,0.0,-1.0,M,Possession of Cocaine,0,0,,0,High,0
Female,Less than 25,Other,0,0,0,2.0,-1.0,F,Pos Cannabis W/Intent Sel/Del,0,0,,2,Low,0
Female,Less than 25,Other,0,0,0,0.0,-1.0,F,Felony Battery (Dom Strang),1,1,Battery,0,Low,1
Male,Less than 25,Caucasian,0,0,0,7.0,-1.0,F,Aggrav Battery w/Deadly Weapon,0,0,,7,Low,0
Female,Less than 25,Caucasian,0,0,0,3.0,-1.0,F,False Ownership Info/Pawn Item,1,0,Operating W/O Valid License,3,Low,1
Male,Greater than 45,Native American,0,0,0,0.0,-1.0,F,Uttering a Forged Instrument,1,0,Opert With Susp DL 2nd Offens,0,Medium,1
Female,25 - 45,Caucasian,0,0,0,0.0,-1.0,M,DUI Property Damage/Injury,0,0,,0,Low,0
Male,25 - 45,Hispanic,0,0,0,3.0,0.0,F,Felony Battery w/Prior Convict,1,0,Opert With Susp DL 2nd Offens,3,Low,1
Male,25 - 45,Other,0,2,2,13.0,0.0,F,Grand Theft (Motor Vehicle),1,0,Trafficking 4-14 Grams Heroin,13,High,1
Male,Less than 25,African-American,0,0,0,0.0,-1.0,M,Viol Injunct Domestic Violence,0,0,,0,Low,0
Female,Greater than 45,Caucasian,0,0,0,5.0,-28.0,F,Poss Cocaine/Intent To Del/Sel,1,1,Resist/Obstruct W/O Violence,5,High,1
Male,25 - 45,Native American,0,0,0,16.0,0.0,M,Battery,1,0,Felony Petit Theft,16,Medium,1
Female,Greater than 45,Caucasian,0,0,0,0.0,-1.0,F,Aggrav Battery w/Deadly Weapon,1,0,,0,Low,1
Male,Less than 25,Native American,0,0,0,0.0,-1.0,F,Possession Of Methamphetamine,1,0,Fail Register Vehicle,0,Low,1
Male,Less than 25,Caucasian,0,0,0,2.0,-23.0,M,DUI Level 0.15 Or Minor In Veh,0,0,,2,Low,0
Male,Greater than 45,Caucasian,0,0,0,3.0,-1.0,F,Poss Cocaine/Intent To Del/Sel,0,0,,3,Medium,0
Male,Greater than 45,Hispanic,0,0,0,8.0,-1.0,F,Poss Contr Subst W/o Prescript,1,1,Battery,8,Medium,1
Male,Less than 25,Hispanic,0,0,0,0.0,-5.0,M,Driving Under The Influence,0,0,,0,Low,0
Male,25 - 45,Native American,0,0,0,0.0,-1.0,M,Driving Under The Influence,0,0,,0,Low,0
Female,Less than 25,Hispanic,0,0,0,2.0,0.0,F,Driving While License Revoked,1,0,Fail Register Vehicle,2,Medium,1
Male,Greater than 45,Hispanic,0,0,0,6.0,-1.0,F,Possession Burglary Tools,1,0,Driving License Suspended,6,High,1
Female,Greater than 45,Native American,0,0,0,1.0,0.0,F,Pos Cannabis W/Intent Sel/Del,1,0,Driving License Suspended,1,Medium,1
Male,Less than 25,African-American,0,0,0,5.0,-1.0,M,Poss Unlaw Issue Driver Licenc,0,0,,5,Medium,0
Male,Greater than 45,Native American,0,0,0,13.0,-12.495497519937086,F,Possession Of Heroin,0,0,,13,Low,0
Male,Greater than 45,African-American,0,0,0,3.0,-4.0,F,Agg Battery Grt/Bod/Harm,1,0,,3,Low,0
Male,25 - 45,African-American,0,0,0,0.0,-1.0,M,Battery,0,0,,0,Low,0
Male,25 - 45,Native American,0,0,0,1.0,-1.0,M,Battery,1,0,Susp Drivers Lic 1st Offense,1,Low,1
Female,Greater than 45,Other,0,0,0,4.0,-1.0,F,False Ownership Info/Pawn Item,1,1,False Imprisonment,4,Low,1
Female,Greater than 45,Native American,0,0,0,0.0,-1.0,F,Grand Theft in the 3rd Degree,0,0,,0,Medium,0
Female,Less than 25,African-American,0,0,0,0.0,-1.0,F,Grand Theft (Motor Vehicle),0,0,,0,Low,0
Male,25 - 45,Other,0,0,1,2.0,0.0,M,Battery,1,1,False Imprisonment,2,Low,1
Male,Less than 25,Native American,0,0,0,1.0,-1.0,F,Resist/Obstruct W/O Violence,0,0,,1,Low,0
Male,25 - 45,Hispanic,0,0,0,0.0,-1.0,F,Possession of Cocaine,0,0,,0,Medium,0
Male,25 - 45,African-American,0,0,0,1.0,-15.0,F,Grand Theft (Motor Vehicle),0,0,,1,Low,0
Female,25 - 45,Native American,0,0,0,0.0,0.0,M,Grand Theft (Motor Vehicle),0,0,,0,Low,0
Female,25 - 45,African-American,0,0,0,1.0,-1.0,F,Felony Driving While Lic Suspd,1,0,Driving License Suspended,1,Low,1
Female,Greater than 45,African-American,0,0,0,20.0,-1.0,F,Possession Of Methamphetamine,0,0,,19,Low,0
Female,Greater than 45,Asian,0,0,0,0.0,-1.0,F,Possession of Cocaine,0,0,,0,High,0
Female,25 - 45,Caucasian,0,0,0,0.0,-4.0,F,Possession of Cannabis,1,0,Opert With Susp DL 2nd Offens,0,Low,1
Male,25 - 45,Hispanic,0,0,0,0.0,-1.0,F,Grand Theft in the 3rd Degree,0,0,,0,Low,0
Female,Less than 25,Asian,0,0,0,2.0,-1.0,M,Disorderly Conduct,0,0,,2,Low,0
Male,Greater than 45,Asian,0,0,0,0.0,-1.0,M,Driving License Suspended,1,0,Driving License Suspended,0,Low,1
Female,Greater than 45,Caucasian,0,0,0,1.0,-1.0,F,Petit Theft,1,0,Opert With Susp DL 2nd Offens,1,Medium,1
Male,25 - 45,Caucasian,0,0,0,0.0,-2.0,F,Felony Battery (Dom Strang),0,0,,0,Low,0
Female,Less than 25,Native American,0,0,0,0.0,-1.0,M,Battery,0,0,,0,Low,0
Female,25 - 45,Native American,0,0,0,1.0,-11.0,M,Disorderly Conduct,0,0,,1,Low,0
Female,Greater than 45,African-American,0,0,0,0.0,-1.0,M,DUI Property Damage/Injury,0,0,,0,Low,0
Male,Less than 25,Hispanic,0,0,0,13.0,-1.0,M,Possess Cannabis/20 Grams Or Less,0,0,Susp Drivers Lic 1st Offense,13,High,1
Female,25 - 45,Native American,1,0,0,12.0,-1.0,F,Felony Driving While Lic Suspd,0,0,,12,Medium,0
Female,25 - 45,Other,0,0,0,4.0,-1.0,M,Assault,1,0,Fail Register Vehicle,4,Medium,0
Male,Greater than 45,Hispanic,0,0,0,2.0,-1.0,M,Battery,0,0,,2,Low,0
Male,Less than 25,Native American,0,1,0,2.0,-5.919617698950862,M,Grand Theft in the 3rd Degree,1,0,Retail/Farm/Fare/Theft,2,Medium,1
Female,Less than 25,African-American,0,0,0,12.0,-1.0,F,False Ownership Info/Pawn Item,0,0,,12,Medium,0
Female,25 - 45,African-American,0,0,0,2.0,-1.0,F,Felony Battery w/Prior Convict,1,0,Opert With Susp DL 2nd Offens,2,Medium,0
Male,Less than 25,African-American,0,0,0,0.0,-1.0,M,Battery,0,0,,0,Low,0
Male,25 - 45,Native American,0,0,0,1.0,-2.0,F,Aggravated Assault W/Dead Weap,0,0,,1,Low,0
Male,25 - 45,Caucasian,0,0,0,7.0,0.0,F,Grand Theft (Motor Vehicle),1,1,False Imprisonment,7,High,1
Male,25 - 45,African-American,0,0,0,1.0,-2.0,M,Disorderly Intoxication,0,0,,1,High,0
Female,Less than 25,Other,0,0,0,7.0,-1.0,F,Possession of Oxycodone,0,0,,7,Low,0
Male,25 - 45,Caucasian,0,0,0,1.0,-1.0,F,Pos Cannabis W/Intent Sel/Del,1,0,Opert With Susp DL 2nd Offens,1,Low,1
Female,Greater than 45,Caucasian,0,0,0,1.0,-1.0,F,Aggravated Battery / Pregnant,1,0,Susp Drivers Lic 1st Offense,1,High,1
Male,Less than 25,Other,0,0,0,0.0,0.0,F,Grand Theft in the 3rd Degree,0,0,Opert With Susp DL 2nd Offens,0,Medium,1
Female,Less than 25,African-American,0,0,1,1.0,-1.0,F,Tamper With Witness/Victim/CI,1,0,Fail Register Vehicle,1,Medium,1
Male,Greater than 45,Other,0,0,0,20.0,0.0,F,Possession of Cocaine,1,0,Susp Drivers Lic 1st Offense,20,High,1
Female,25 - 45,Other,0,0,0,0.0,-1.0,F,"Poss3,4 Methylenedioxymethcath",1,0,Opert With Susp DL 2nd Offens,0,Medium,1
Male,25 - 45,African-American,0,0,0,0.0,-1.0,F,Possession Of Methamphetamine,0,0,,0,Medium,0
Female,Greater than 45,Caucasian,0,0,0,0.0,0.0,F,Driving While License Revoked,0,0,,0,Medium,0
Female,Less than 25,Hispanic,0,1,0,11.0,-1.0,F,Felony Petit Theft,1,0,Retail/Farm/Fare/Theft,11,Medium,1
Female,25 - 45,African-American,0,0,0,4.0,-1.0,M,Battery,0,0,,4,Low,0
Female,Greater than 45,Hispanic,0,0,0,1.0,-14.05066698335239,F,Aggravated Assault w/Firearm,1,0,Operating W/O Valid License,1,Low,1
Female,Less than 25,Hispanic,0,0,0,5.0,0.0,F,Driving While License Revoked,1,0,Fail Register Vehicle,5,Medium,1
Male,25 - 45,Hispanic,0,0,0,2.0,-7.0,F,Possession of Cocaine,0,0,,2,Low,0
Male,25 - 45,Native American,0,0,0,4.0,0.0,F,Leave Acc/Attend Veh/More $50,1,0,Resist/Obstruct W/O Violence,4,Low,1
Male,25 - 45,Other,0,0,0,1.0,-1.0,F,Driving While License Revoked,0,0,,1,Low,0
Male,25 - 45,Asian,0,0,0,2.0,0.0,M,Unlaw LicTag/Sticker Attach,0,0,,2,Medium,0
Female,Less than 25,Other,0,0,0,3.0,-1.0,F,Uttering a Forged Instrument,1,1,Battery,3,Low,1
Male,Less than 25,Asian,0,0,0,1.0,-24.0,F,Possession of Cocaine,1,0,Opert With Susp DL 2nd Offens,1,Low,1
Female,Less than 25,Native American,0,0,0,0.0,-1.0,M,Battery,0,0,,0,Medium,0
Male,Less than 25,Native American,0,0,0,5.0,-1.0,F,Poss Unlaw Issue Driver Licenc,1,0,,5,High,1
Female,Less than 25,Caucasian,0,0,0,25.00123439549873,-1.0,F,Possession of Cocaine,1,1,Battery,25,High,1
Female,Greater than 45,Hispanic,0,7,1,8.0,-1.0,F,Tampering with a Victim,1,1,Robbery / Weapon,8,High,1
Male,25 - 45,African-American,0,0,0,14.0,-1.0,M,Battery,1,1,Resist/Obstruct W/O Violence,14,Low,1
Female,25 - 45,Caucasian,0,0,0,1.0,-1.0,F,Possession of Cannabis,1,0,,1,High,1
Male,25 - 45,Caucasian,0,0,0,3.0,-1.0,M,Lve/Scen/Acc/Veh/Prop/Damage,1,0,Susp Drivers Lic 1st Offense,3,Low,1
Female,Less than 25,Hispanic,0,0,0,0.0,0.0,F,Grand Theft in the 3rd Degree,0,0,,0,Medium,0
Male,Greater than 45,Other,0,0,0,1.0,-1.0,M,Battery,0,0,,1,Low,0
Female,25 - 45,African-American,0,0,0,5.0,16.13916383727615,F,Poss Pyrrolidinovalerophenone,1,0,Fail Register Vehicle,5,Medium,1
Male,Less than 25,Asian,0,0,0,6.0,-1.0,F,Grand Theft in the 3rd Degree,1,0,Operating W/O Valid License,6,Medium,1
Male,Less than 25,African-American,2,0,0,3.0,0.0,F,"Poss3,4 Methylenedioxymethcath",1,0,Operating W/O Valid License,3,High,1
Male,Greater than 45,Asian,0,0,0,0.0,-1.0,F,Possession of Oxycodone,0,0,,0,Low,0
Male,25 - 45,Other,0,1,0,4.0,-1.0,F,Assault,1,1,Battery,4,High,1
Female,Less than 25,Asian,0,0,0,1.0,-1.0,F,Grand Theft in the 3rd Degree,1,0,Resist/Obstruct W/O Violence,1,Medium,1
Female,25 - 45,Other,0,0,0,0.0,-1.0,M,Battery,0,0,,0,Low,0
Female,25 - 45,Asian,0,0,1,2.0,-1.0,M,Exposes Culpable Negligence,0,0,,2,Low,0
Male,Greater than 45,Native American,1,1,0,24.0,-1.0,F,Neglect Child / Bodily Harm,1,1,Robbery / Weapon,24,High,1
Female,Greater than 45,Asian,0,1,0,19.0,0.0,F,Possession of Cocaine,1,0,,19,High,1
Female,Greater than 45,Asian,0,1,0,8.0,-1.0,F,Burglary Unoccupied Dwelling,1,1,Resist/Obstruct W/O Violence,8,Low,1
Male,25 - 45,African-American,0,0,0,2.0,0.0,F,Felony Battery (Dom Strang),1,0,Operating W/O Valid License,2,Medium,0
Male,Greater than 45,African-American,0,0,0,1.0,-3.0,M,Driving License Suspended,1,0,Susp Drivers Lic 1st Offense,1,Medium,1
Male,25 - 45,Hispanic,0,0,0,7.0,-1.0,F,Grand Theft in the 3rd Degree,1,0,Fail Register Vehicle,7,Medium,1
Female,Greater than 45,Hispanic,0,0,0,1.0,-10.0,F,Agg Battery Grt/Bod/Harm,1,0,,1,Low,0
Male,Less than 25,African-American,0,0,0,0.0,-1.0,F,Burglary Unoccupied Dwelling,0,0,,0,Low,0
Male,Greater than 45,Caucasian,0,0,0,0.0,-1.0,M,Battery,0,0,,0,Low,0
Male,Less than 25,Native American,0,0,0,0.0,0.0,F,"Poss3,4 Methylenedioxymethcath",0,0,,0,Low,0
Male,Greater than 45,African-American,0,0,2,2.0,-1.0,M,Battery,1,1,Child Abuse,2,Medium,1
Female,25 - 45,Asian,0,0,0,5.0,-1.0,M,Viol Pretrial Release Dom Viol,1,1,Battery,5,Medium,1
Male,Less than 25,African-American,0,0,2,4.0,-1.0,F,Possession of Cannabis,1,0,Susp Drivers Lic 1st Offense,4,High,1
Female,Greater than 45,Caucasian,0,0,0,0.0,-1.0,F,Possession Burglary Tools,0,0,Susp Drivers Lic 1st Offense,0,High,1
Male,Less than 25,Asian,0,0,0,20.0,-1.0,M,Susp Drivers Lic 1st Offense,1,0,Opert With Susp DL 2nd Offens,20,Low,1
Male,25 - 45,Asian,2,0,0,16.0,-8.0,F,Unlaw LicTag/Sticker Attach,1,0,Trespass Structure/Conveyance,16,High,1
Male,25 - 45,Caucasian,0,0,0,21.000000000000004,-1.0,F,Possession of Cocaine,0,0,,21,Medium,0
Female,Greater than 45,Caucasian,0,0,0,0.0,-1.0,F,Robbery / No Weapon,0,0,,0,Low,0
Female,Less than 25,Other,0,0,0,2.0,-2.0,M,Petit Theft,1,0,Susp Drivers Lic 1st Offense,2,Low,1
Male,25 - 45,Hispanic,0,1,1,3.0,-1.0,F,Lewd Act Presence Child 16-,1,1,False Imprisonment,4,High,1
Female,Greater than 45,Hispanic,0,0,0,2.0,-15.180494900879303,M,DUI Level 0.15 Or Minor In Veh,1,1,Child Abuse,2,Low,0
Female,25 - 45,African-American,0,0,0,0.0,-1.0,M,Grand Theft in the 3rd Degree,1,0,Susp Drivers Lic 1st Offense,0,Low,0
Female,25 - 45,Native American,0,0,0,0.0,-1.0,F,Grand Theft in the 3rd Degree,1,0,Susp Drivers Lic 1st Offense,0,Low,1
Male,Less than 25,Hispanic,0,0,0,1.0,-1.0,F,Burglary Unoccupied Dwelling,1,1,False Imprisonment,1,High,1
Male,Less than 25,African-American,0,0,0,1.0,0.0,M,Battery,0,0,,1,Low,0
Male,25 - 45,Asian,0,0,0,2.0,-3.0,F,Possession of Cocaine,1,0,Resist/Obstruct W/O Violence,2,Medium,1
Female,25 - 45,Native American,0,0,0,22.0,-1.0,F,Possession of Cocaine,1,0,,22,Medium,1
Male,Greater than 45,Native American,0,0,1,0.0,-1.0,F,Aggravated Assault w/Firearm,0,0,,0,Low,0
Female,Greater than 45,Caucasian,0,0,0,0.0,-6.0,F,Aggrav Battery w/Deadly Weapon,0,0,,0,Low,0
Male,Greater than 45,Caucasian,0,0,0,0.0,-7.0,F,Aggravated Assault w/Firearm,0,0,,0,Low,0
Male,25 - 45,African-American,2,0,0,20.0,0.0,F,Deliver Cannabis,1,0,Eng/Bus/Contract W/O License,20,High,1
Male,Greater than 45,Caucasian,0,0,0,4.0,-27.0,F,Possession Of Alprazolam,0,0,,4,High,0
Male,Greater than 45,Asian,0,0,0,1.0,-1.0,M,Battery,1,1,Resist/Obstruct W/O Violence,1,Medium,0
Female,25 - 45,Caucasian,0,0,0,0.0,-1.0,M,Petit Theft,1,0,Unlaw LicTag/Sticker Attach,0,High,1
Female,Less than 25,Native American,0,0,0,7.0,0.0,F,Grand Theft in the 3rd Degree,1,0,Fail Register Vehicle,7,High,1
Male,25 - 45,Native American,0,0,1,3.0,18.751332151243645,F,Aggravated Assault W/dead Weap,1,0,Fail Register Vehicle,3,Low,1
Female,Less than 25,Hispanic,0,0,0,2.0,-1.0,M,Susp Drivers Lic 1st Offense,1,0,Driving License Suspended,2,Low,1
Female,25 - 45,Native American,0,0,0,5.0,-1.0,F,Cruelty Toward Child,0,0,,5,Medium,0
Female,25 - 45,African-American,0,0,0,1.0,0.0,F,Prowling/Loitering,0,0,,1,Low,0
Male,Greater than 45,Asian,0,0,0,2.0,-1.0,M,Resist/Obstruct W/O Violence,0,0,,2,Medium,0
Female,Greater than 45,African-American,0,0,0,0.0,-3.0,F,Burglary Conveyance Unoccup,1,0,Resist/Obstruct W/O Violence,0,Medium,1
Male,Less than 25,Other,0,0,0,0.0,0.0,M,False Imprisonment,0,0,,0,Low,1
Female,Less than 25,Caucasian,0,0,0,0.0,-1.0,M,Battery,0,0,,0,Medium,0
Male,Greater than 45,African-American,0,0,0,0.0,-3.0,M,Battery,0,0,,0,Low,0
Female,Less than 25,African-American,0,0,0,3.0,-1.0,M,Viol Prot Injunc Repeat Viol,0,0,,3,High,0
Male,25 - 45,Native American,0,0,0,0.0,-1.0,F,Aggravated Assault W/Dead Weap,0,0,,0,Low,0
Female,Less than 25,Hispanic,0,0,0,0.0,-2.0,M,Driving Under The Influence,0,0,,0,Low,0
Female,Less than 25,Native American,0,0,0,3.0,0.0,M,Driving Under The Influence,0,0,,3,Low,0
Female,Greater than 45,Hispanic,0,0,0,0.0,-1.0,M,Battery,0,0,,0,Low,0
Male,25 - 45,Other,0,0,0,1.0,-1.0,M,Battery,0,0,,1,Medium,0
Female,Greater than 45,Other,0,0,0,0.0,-1.0,F,Grand Theft (Motor Vehicle),1,0,Fail Register Vehicle,0,High,1
Female,25 - 45,Caucasian,0,0,0,1.0,-1.0,M,Battery,0,0,,1,Low,0
Male,Less than 25,Caucasian,0,1,3,2.0,-1.0,F,Driving While License Revoked,0,0,,2,Medium,0
Male,Greater than 45,Caucasian,0,0,0,0.0,-1.0,F,Grand Theft (Motor Vehicle),0,0,,0,Low,0
Female,Less than 25,Asian,0,0,0,1.0,-1.0,F,Uttering a Forged Instrument,0,0,Resist/Obstruct W/O Violence,1,Low,1
Female,25 - 45,Caucasian,0,0,0,1.0,-3.0,F,Exposes Culpable Negligence,0,0,,1,Medium,0
Female,Less than 25,African-American,0,0,0,8.0,0.0,F,Dealing in Stolen Property,1,0,Driving License Suspended,8,High,1
Female,25 - 45,African-American,0,0,0,7.0,-1.0,F,Possession of Cocaine,1,0,,7,Low,0
Female,Less than 25,Caucasian,0,0,0,3.0,0.0,F,Burglary Structure Unoccup,1,0,Operating W/O Valid License,3,Medium,1
Male,Greater than 45,Caucasian,0,0,0,0.0,0.0,M,Battery,0,0,,0,Low,0
Female,25 - 45,Hispanic,0,0,0,0.0,0.0,M,Battery,0,0,,0,Low,0
Male,Greater than 45,Caucasian,0,0,0,10.0,-1.0,M,Battery,1,1,Child Abuse,10,Low,1
Female,Greater than 45,Hispanic,0,0,0,0.0,-6.0,M,Petit Theft,1,0,Resist/Obstruct W/O Violence,0,Medium,1
Male,Less than 25,African-American,0,0,0,0.0,-1.0,F,Exposes Culpable Negligence,0,0,,0,High,0
Male,Less than 25,Native American,0,0,0,0.0,-1.0,M,Disorderly Conduct,1,0,,0,Low,1
Male,Less than 25,Hispanic,0,0,0,1.0,-1.0,F,False Ownership Info/Pawn Item,1,0,Resist/Obstruct W/O Violence,1,Low,1
Male,25 - 45,Asian,0,0,0,1.0,-1.0,F,Poss Pyrrolidinovalerophenone,1,0,,1,Low,1
Female,Greater than 45,Caucasian,0,0,0,1.0,0.0,F,Grand Theft in the 3rd Degree,1,0,Operating W/O Valid License,1,High,1
Female,Greater than 45,African-American,0,0,0,6.0,0.0,F,Possession of Cocaine,1,0,Fail Register Vehicle,6,Low,1
Female,Less than 25,Native American,0,0,0,1.0,-1.0,F,Poss Cocaine/Intent To Del/Sel,1,1,Resist/Obstruct W/O Violence,1,Medium,1
Female,25 - 45,African-American,0,0,0,3.0,-1.0,F,False Imprisonment,1,0,Fail Register Vehicle,3,Low,1
Male,Less than 25,Hispanic,0,0,0,3.0,-1.0,F,Neglect Child / No Bodily Harm,0,0,,3,Low,0
Male,25 - 45,Native American,0,0,0,1.0,0.0,M,Battery,0,0,,1,Low,0
Female,25 - 45,African-American,0,0,0,10.0,-7.0,M,Driving Under The Influence,1,0,Operating W/O Valid License,10,Low,1
Female,Less than 25,Native American,0,0,1,5.0,-1.0,M,Grand Theft in the 3rd Degree,1,1,Battery,5,High,1
Female,25 - 45,Caucasian,0,0,0,2.0,-1.0,F,Carrying Concealed Firearm,0,0,,2,Low,1
Male,25 - 45,African-American,0,0,0,27.129881721035275,-1.0,M,Battery,0,0,,26,Medium,0
Male,25 - 45,African-American,0,0,0,7.0,-1.0,F,Tamper With Witness/Victim/CI,1,0,Resist/Obstruct W/O Violence,7,High,1
Female,25 - 45,Caucasian,0,0,0,0.0,-1.0,F,Possession of Cannabis,1,0,Unlaw LicTag/Sticker Attach,0,High,1
Male,Greater than 45,African-American,0,0,0,2.0,-1.0,M,Battery,0,0,,2,Medium,0
Female,25 - 45,Asian,0,0,0,1.0,-1.0,F,Aggrav Battery w/Deadly Weapon,1,0,Fail Register Vehicle,1,Medium,0
Female,25 - 45,African-American,0,0,0,1.0,-1.0,M,Felony Battery (Dom Strang),1,0,Operating W/O Valid License,1,Low,1
Male,Less than 25,African-American,0,1,0,1.0,0.0,M,Assault,1,1,Battery,1,High,0
Male,Greater than 45,Native American,0,0,0,0.0,0.0,F,Aggravated Assault w/Firearm,1,0,,0,Medium,0
Male,Greater than 45,Asian,0,0,0,0.0,-1.0,F,Grand Theft (Motor Vehicle),0,1,False Imprisonment,0,Low,1
Female,Less than 25,African-American,0,0,0,0.0,-1.0,F,Uttering a Forged Instrument,1,0,Drinking Alch Beverage In Open,0,Low,1
Female,25 - 45,African-American,0,0,0,0.0,-1.0,M,Battery,0,0,,0,Low,0
Male,Less than 25,Asian,0,0,0,5.0,-1.0,F,Crimin Mischief Damage $1000+,0,0,,5,Low,0
Female,Less than 25,Caucasian,0,0,0,2.0,-22.0,M,Possess Cannabis/20 Grams Or Less,0,0,,2,Medium,0
Male,25 - 45,Native American,0,0,0,1.0,-1.0,F,False Imprisonment,1,0,Operating W/O Valid License,1,Low,1
Female,Greater than 45,Caucasian,0,0,0,0.0,-4.0,M,Petit Theft,0,0,,0,Low,0
Male,25 - 45,Caucasian,0,0,0,0.0,0.0,F,Resist Officer w/Violence,1,0,,0,Low,1
Male,Less than 25,Caucasian,0,0,0,0.0,-4.0,F,Uttering a Forged Instrument,0,0,,0,Low,0
Male,Greater than 45,African-American,0,0,0,3.0,-1.0,F,Grand Theft (Motor Vehicle),1,1,Child Abuse,3,High,1
Male,Greater than 45,Asian,0,0,0,2.0,-13.0,F,Burglary Conveyance Unoccup,1,0,,2,Low,1
Female,Less than 25,Hispanic,0,0,0,0.0,-1.0,M,Battery,0,0,,0,Low,0
Male,Less than 25,Caucasian,0,0,0,0.0,0.0,F,Possession of Cocaine,0,0,,0,Low,0
Female,Less than 25,Hispanic,0,0,0,3.0,-1.0,M,Viol Injunct Domestic Violence,0,0,,3,Low,0
Female,Less than 25,Native American,0,0,0,6.0,-1.0,F,Deliver Cannabis,1,0,,6,Medium,1
Female,Less than 25,Native American,0,1,0,14.0,-1.0,M,Battery,1,0,,14,High,1
Female,25 - 45,Native American,0,0,0,1.0,-1.0,F,Disorderly Conduct,1,0,Resist/Obstruct W/O Violence,1,Low,1
Female,25 - 45,Hispanic,0,0,0,0.0,0.0,M,Battery,0,0,,0,Low,0
Male,Greater than 45,Caucasian,0,0,0,4.0,-1.0,F,False Imprisonment,1,1,Battery,4,High,1
Male,25 - 45,African-American,0,0,0,6.0,0.0,F,Driving While License Revoked,1,0,,6,High,0
Female,Less than 25,African-American,0,0,1,1.0,-1.0,F,Deliver Cocaine,1,0,Petit Theft,1,High,1
Male,Less than 25,Hispanic,0,0,0,0.0,-1.0,F,Aggravated Assault W/Dead Weap,0,0,,0,Medium,0
Male,25 - 45,Hispanic,0,0,0,6.0,-1.0,F,Criminal Mischief,1,1,Battery,6,High,1
Male,Greater than 45,Hispanic,0,0,0,0.0,0.0,F,False Ownership Info/Pawn Item,0,0,,0,Low,0
Male,Less than 25,Hispanic,0,0,0,1.0,-1.0,F,Disorderly Intoxication,1,0,,1,Low,1
Male,25 - 45,Caucasian,0,0,1,1.0,0.0,M,Grand Theft (Motor Vehicle),1,0,Susp Drivers Lic 1st Offense,1,High,1
Male,25 - 45,African-American,0,0,0,0.0,-1.0,F,Burglary Conveyance Unoccup,0,0,,0,Medium,0
Male,Less than 25,Caucasian,0,0,0,1.0,-1.0,F,Grand Theft (Motor Vehicle),0,0,,1,High,0
Male,Greater than 45,Other,0,0,0,0.0,-1.0,F,Crim Use of Personal ID Info,0,0,,0,Low,0
Female,25 - 45,Other,0,0,0,0.0,0.0,M,Possess Cannabis/20 Grams Or Less,0,0,,0,Low,0
Male,Greater than 45,Hispanic,0,0,0,0.0,-1.0,F,Lve/Scen/Acc/Veh/Prop/Damage,0,0,,0,Low,0
Female,25 - 45,Native American,0,0,0,0.0,-1.0,F,Uttering a Forged Instrument,0,0,,0,Low,0
Male,25 - 45,Other,0,0,0,24.948410457495413,-1.0,F,Burglary Unoccupied Dwelling,0,0,,24,Medium,0
Female,Less than 25,Asian,0,0,0,0.0,0.0,M,Driving Under The Influence,0,0,,0,Low,0
Female,25 - 45,Other,0,0,0,0.0,-1.0,M,Resist/Obstruct W/O Violence,0,0,,0,Low,0
Female,Greater than 45,African-American,0,0,0,2.0,-1.0,F,Child Abuse,1,0,Resist/Obstruct W/O Violence,2,Low,1
Female,25 - 45,Native American,0,0,0,0.0,0.0,F,Aggravated Battery,0,0,,0,Low,0
Male,Greater than 45,African-American,0,0,0,0.0,-1.0,F,Felony Battery w/Prior Convict,1,1,Aid/Abet Burglary Assault/Batt,0,Low,1
Male,Less than 25,Caucasian,0,0,0,1.0,-1.0,F,Grand Theft in the 3rd Degree,0,0,,1,Low,0
Male,Greater than 45,Hispanic,0,0,0,0.0,-1.0,F,Grand Theft in the 3rd Degree,1,0,Opert With Susp DL 2nd Offens,0,Low,1
Female,25 - 45,Native American,0,0,0,7.0,0.0,F,Resist/Obstruct W/O Violence,0,0,,7,Low,0
Male,Greater than 45,Other,0,0,0,1.0,0.0,F,Possession of Cocaine,1,0,Driving License Suspended,1,Low,1
Male,Greater than 45,Caucasian,0,0,0,0.0,0.0,F,Driving While License Revoked,0,0,,0,Low,0
Male,Less than 25,Caucasian,0,0,0,1.0,-1.0,M,DUI Property Damage/Injury,0,0,,1,Low,0
Male,Greater than 45,African-American,0,0,0,16.0,0.0,F,Driving While License Revoked,1,0,Fail Register Vehicle,16,Medium,1
Female,25 - 45,African-American,0,0,0,0.0,-1.0,M,Battery,0,0,,0,Low,0
Female,Less than 25,Other,0,0,0,3.0,-1.0,F,Grand Theft in the 3rd Degree,1,0,Resist/Obstruct W/O Violence,3,High,1
Female,Greater than 45,African-American,0,0,0,2.0,-1.0,M,Viol Injunct Domestic Violence,1,1,False Imprisonment,2,High,1
Male,Greater than 45,African-American,0,0,0,2.0,-1.0,F,Driving While License Revoked,1,0,Driving License Suspended,2,Medium,1
Male,25 - 45,Asian,0,0,0,2.0,-1.0,M,Battery,1,1,Battery,2,Low,1
Male,25 - 45,Other,0,0,0,9.0,0.0,M,Possession Burglary Tools,1,1,Battery,9,Low,1
Female,25 - 45,Other,2,0,0,18.0,-1.0,M,Battery,0,0,,18,High,0
Male,Less than 25,Hispanic,0,0,2,0.0,-1.0,F,Burglary Conveyance Unoccup,0,0,,0,Low,0
Female,Less than 25,Caucasian,0,0,0,2.0,-1.0,M,Battery,0,0,,2,Low,0
Male,25 - 45,Native American,0,0,0,14.0,-1.0,F,Crim Use of Personal ID Info,0,0,,14,High,0
Female,Less than 25,Caucasian,0,0,0,1.0,-1.0,F,Deliver Cocaine,0,0,,1,Low,0
Female,25 - 45,Caucasian,0,0,0,1.0,-1.0,F,Burglary Unoccupied Dwelling,1,0,,1,High,1
Female,Less than 25,African-American,0,0,0,0.0,-1.0,F,Disorderly Intoxication,0,0,,0,Low,0
Female,Greater than 45,African-American,0,0,0,0.0,-1.0,M,Assault,1,0,Driving License Suspended,0,Low,1
Female,25 - 45,African-American,0,0,0,4.0,-6.0,F,Possession Of Methamphetamine,1,0,Operating W/O Valid License,4,Low,1
Male,25 - 45,African-American,0,0,0,0.0,0.0,F,Poss Unlaw Issue Driver Licenc,0,0,,0,High,0
Male,Greater than 45,African-American,0,0,0,0.0,-1.0,M,Battery,1,1,Resist/Obstruct W/O Violence,0,Low,1
Female,Less than 25,African-American,0,0,0,0.0,-1.0,M,Battery,1,1,Strong Armed  Robbery,0,Low,0
Female,Greater than 45,Hispanic,0,0,0,0.0,0.0,M,Driving Under The Influence,0,0,,0,Low,0
Male,Greater than 45,Caucasian,0,1,1,8.0,-1.0,F,Poss Pyrrolidinovalerophenone,1,0,Susp Drivers Lic 1st Offense,8,High,1
Male,Greater than 45,Caucasian,0,0,0,1.0,0.0,F,Driving License Suspended,0,0,,1,Medium,0
Female,Less than 25,Other,0,0,0,0.0,-1.0,F,Burglary Conveyance Unoccup,1,0,Fail Register Vehicle,0,Low,1
Female,Less than 25,Other,0,0,0,0.0,-1.0,M,Battery,0,0,,0,Low,0
Male,25 - 45,African-American,0,0,0,12.0,-2.0,F,Possession Of Alprazolam,1,0,Susp Drivers Lic 1st Offense,12,Medium,1
Female,25 - 45,Hispanic,0,0,0,0.0,-1.0,M,Possess Cannabis/20 Grams Or Less,0,0,,0,Medium,0
Female,25 - 45,Hispanic,0,0,0,0.0,0.0,M,Battery,0,0,,0,Low,0
Male,Greater than 45,African-American,0,0,0,0.0,-1.0,M,Battery,0,0,,0,Low,0
Female,Greater than 45,Hispanic,0,0,0,7.0,-1.0,F,Burglary Conveyance Unoccup,0,0,,7,High,0
Female,25 - 45,Native American,0,0,0,0.0,-4.0,M,Battery,1,0,Fail Register Vehicle,0,Low,1
Male,Less than 25,Asian,0,0,0,5.0,-1.0,F,Petit Theft,0,0,,5,Medium,0
Female,25 - 45,Hispanic,0,0,0,3.0,0.0,F,Possession of Cocaine,0,0,,3,Low,0
Male,Less than 25,Caucasian,0,0,0,0.0,0.0,F,Battery on Law Enforc Officer,0,0,,0,Low,0
Male,Greater than 45,Other,0,0,0,6.0,-1.0,F,Possession of Cocaine,1,0,Driving License Suspended,6,Low,1
Male,25 - 45,Native American,0,0,0,1.0,-4.0,M,Driving Under The Influence,0,0,Resist/Obstruct W/O Violence,1,Low,0
Female,25 - 45,Other,1,0,1,9.0,-1.0,F,Tampering With Physical Evidence,1,0,Drink/Premises Licensed Estab,9,High,1
Female,Greater than 45,Native American,0,0,0,7.0,0.0,F,Possession of Cannabis,1,0,Driving License Suspended,7,Low,1
Male,Greater than 45,Caucasian,1,0,0,1.0,-1.0,F,"Poss3,4 Methylenedioxymethcath",1,0,,1,High,1
Female,Greater than 45,Native American,0,0,0,0.0,0.0,M,Battery,1,1,Battery,0,Medium,1
Male,Less than 25,Native American,0,0,0,0.0,-1.0,F,Felony Battery w/Prior Convict,1,0,Resist/Obstruct W/O Violence,0,Low,1
Female,Less than 25,Asian,0,0,0,0.0,-1.0,M,Battery,0,0,,0,Low,0
Female,Less than 25,Native American,0,0,0,0.0,0.0,M,Battery,1,1,Battery,0,Medium,1
Male,25 - 45,African-American,0,0,0,22.0,-1.0,M,Felony Driving While Lic Suspd,1,0,,22,High,1
Female,Greater than 45,Hispanic,0,0,0,4.0,0.0,M,Battery,0,0,,4,Low,0
Male,25 - 45,Other,0,0,0,1.0,-23.0,M,Driving Under The Influence,0,0,,1,Low,0
Female,25 - 45,African-American,0,1,0,1.0,-1.0,F,Burglary Conveyance Unoccup,1,0,Operating W/O Valid License,1,Medium,1
Male,Greater than 45,Native American,0,0,0,1.0,-1.0,F,Crim Use of Personal ID Info,0,0,,1,Low,0
Male,Greater than 45,Native American,0,0,0,3.0,-3.0,F,False Ownership Info/Pawn Item,0,0,,3,Medium,0
Male,25 - 45,Caucasian,0,0,0,0.0,-1.0,F,Burglary Conveyance Unoccup,0,0,Opert With Susp DL 2nd Offens,0,Low,0
Male,Less than 25,Hispanic,0,0,0,5.0,-1.0,F,Possession Burglary Tools,1,0,,5,High,0
Male,Less than 25,Caucasian,0,0,0,0.0,-1.0,F,Pos Cannabis W/Intent Sel/Del,0,0,,0,Low,0
Female,Greater than 45,Hispanic,0,0,0,4.0,-1.0,F,Burglary Unoccupied Dwelling,0,0,,4,High,0
Male,25 - 45,Native American,0,0,0,2.0,0.0,F,Possession Of Alprazolam,0,0,,2,Low,0
Male,Greater than 45,Native American,0,0,0,7.0,-1.0,F,Felony Driving While Lic Suspd,1,0,,7,Low,0
Female,Greater than 45,Hispanic,0,0,0,1.0,-1.0,F,Possession Of Alprazolam,0,0,,1,Low,0
Female,25 - 45,Native American,0,0,0,1.0,-1.0,M,Battery,0,0,,1,Low,0
Female,Greater than 45,Caucasian,0,0,0,1.0,-4.0,M,Disorderly Conduct,1,0,Driving License Suspended,1,Low,1
Male,25 - 45,African-American,0,0,0,4.0,0.0,F,False Imprisonment,0,0,,4,Low,0
Male,Greater than 45,Hispanic,0,0,0,9.0,-1.0,F,Possession of Cocaine,0,0,,9,High,0
Female,Less than 25,Caucasian,0,0,0,3.0,0.0,M,Battery,0,0,,3,Medium,0
Male,Greater than 45,Hispanic,0,0,0,2.0,-1.0,M,Petit Theft,0,0,,2,Low,0
Male,25 - 45,Asian,0,0,0,9.0,0.0,F,Possession of Cocaine,1,0,Fail Register Vehicle,9,High,1
Male,Greater than 45,Native American,0,0,1,1.0,-23.0,F,Burglary Structure Unoccup,0,0,,1,Low,0
Male,Greater than 45,Caucasian,0,0,0,0.0,-1.0,F,Felony Driving While Lic Suspd,0,0,,0,Low,0
Male,Greater than 45,Native American,0,0,0,2.0,-1.0,M,Possession of Cocaine,1,0,Susp Drivers Lic 1st Offense,2,Medium,1
Male,Greater than 45,Caucasian,0,0,0,0.0,-1.0,F,Felony Battery (Dom Strang),0,0,,0,Low,0
Female,Greater than 45,Hispanic,0,0,0,3.0,-1.0,F,Child Abuse,1,0,Driving License Suspended,3,Low,1
Female,Greater than 45,Asian,0,0,0,1.0,-1.0,F,Possession of Cocaine,1,0,Fail Register Vehicle,1,Medium,1
Male,Less than 25,Native American,0,0,0,4.0,-1.0,F,Grand Theft in the 3rd Degree,1,0,,4,Medium,0
Male,25 - 45,Other,0,0,0,1.0,0.0,F,Felony Battery (Dom Strang),0,0,,1,Low,0
Male,Greater than 45,Caucasian,0,0,0,0.0,0.0,F,Aggrav Battery w/Deadly Weapon,0,0,,0,Low,0
Male,Greater than 45,Caucasian,0,0,0,1.0,-22.0,M,Disorderly Conduct,0,0,,1,Low,0
Male,Greater than 45,African-American,0,0,0,0.0,-5.0,M,Leaving Acc/Unattended Veh,0,0,,0,Medium,0
Female,25 - 45,Native American,0,0,0,1.0,-27.0,M,Battery,0,0,,1,Low,0
Female,25 - 45,Asian,0,0,0,3.0,-23.0,F,Tampering With Physical Evidence,1,0,Driving License Suspended,3,High,1
Male,Less than 25,Asian,0,0,0,0.0,0.0,M,Battery,0,0,,0,Low,0
Male,Less than 25,Native American,0,0,0,1.0,-1.0,F,Deliver Cannabis,0,0,,1,Low,0
Female,Greater than 45,Caucasian,0,0,0,4.0,-1.0,F,Felony Batt(Great Bodily Harm),0,0,,4,Low,0
Male,Less than 25,Caucasian,0,0,0,2.0,-1.0,F,Possession Of Alprazolam,1,1,Child Abuse,2,Low,1
Female,Greater than 45,Caucasian,0,0,0,8.0,-1.0,M,Criminal Mischief,1,1,Battery,8,Medium,1
Male,25 - 45,Hispanic,0,0,0,0.0,-1.0,F,Tampering With Physical Evidence,0,1,Battery,0,Medium,1
Male,25 - 45,Native American,0,0,0,4.0,-1.0,F,Disorderly Intoxication,1,0,Driving License Suspended,4,High,1
Male,25 - 45,Asian,0,0,0,0.0,-1.0,F,Aggravated Battery / Pregnant,0,0,,0,Low,0
Female,Greater than 45,Other,0,0,0,0.0,-1.0,M,Possess Cannabis/20 Grams Or Less,1,0,Operating W/O Valid License,0,Low,1
Male,25 - 45,Other,0,0,0,0.0,-1.0,M,Battery,1,0,Resist/Obstruct W/O Violence,0,Low,1
Female,Greater than 45,Native American,0,0,0,1.0,-6.0,M,DUI - Enhanced,0,0,,1,Low,0
Female,Greater than 45,Hispanic,0,0,0,1.0,-1.0,M,Driving License Suspended,1,0,,1,Low,1
Female,Less than 25,Asian,0,0,0,4.0,0.0,M,Viol Injunct Domestic Violence,1,0,Resist/Obstruct W/O Violence,4,Medium,1
Male,Greater than 45,Caucasian,0,0,0,1.0,0.0,M,Battery,1,0,Driving License Suspended,1,Low,1
Male,Less than 25,Native American,0,0,0,3.0,-1.0,F,Possession Of Methamphetamine,1,0,Driving License Suspended,3,Low,1
Male,Less than 25,Asian,0,0,0,0.0,-1.0,F,Burglary Conveyance Unoccup,0,0,,0,Low,0
Male,Less than 25,Asian,0,0,0,5.0,-1.0,F,Aggravated Assault W/Dead Weap,0,0,,5,High,0
Female,25 - 45,African-American,0,0,0,2.0,-2.0,F,Possession of Cocaine,1,0,Operating W/O Valid License,2,High,1
Male,Less than 25,African-American,0,0,0,4.0,-1.0,F,Grand Theft (Motor Vehicle),0,0,,4,Low,0
Male,25 - 45,Other,0,0,0,0.0,-1.0,F,Aggravated Battery / Pregnant,0,0,,0,Medium,0
Female,25 - 45,African-American,0,0,0,0.0,-1.0,M,Battery,0,0,,0,Low,0
Male,25 - 45,African-American,0,0,0,0.0,-1.0,F,Child Abuse,0,0,,0,Low,0
Female,Less than 25,Hispanic,0,0,0,0.0,-1.0,F,Battery on Law Enforc Officer,0,0,,0,Low,0
Male,25 - 45,Caucasian,0,0,0,5.0,-1.0,M,Battery,0,0,,5,Low,0
Male,Greater than 45,Hispanic,0,0,0,0.0,0.0,F,Grand Theft in the 3rd Degree,0,0,,0,Medium,0
Male,Greater than 45,Other,0,0,0,0.0,-1.0,F,Grand Theft in the 3rd Degree,0,0,,0,Medium,0
Female,Greater than 45,Other,0,0,0,2.0,-5.0,F,Possession Of Alprazolam,0,0,,2,Low,0
Female,25 - 45,Caucasian,0,0,0,8.0,0.0,F,Petit Theft,1,0,Fail Register Vehicle,8,Medium,1
Female,25 - 45,Asian,0,0,0,1.0,-1.0,F,Deliver Cannabis,0,0,,1,Low,0
Male,Greater than 45,Caucasian,0,0,0,0.0,-1.0,M,Driving Under The Influence,0,0,,0,Low,0
Male,Less than 25,Asian,0,0,0,0.0,0.0,F,Crimin Mischief Damage $1000+,0,0,,0,Low,0
Female,Greater than 45,Caucasian,0,0,0,1.0,-1.0,M,Possess Cannabis/20 Grams Or Less,1,0,,1,Low,1
Male,Greater than 45,Caucasian,0,0,0,0.0,-1.0,F,Uttering a Forged Instrument,0,0,,0,Medium,0
Male,25 - 45,African-American,0,0,0,2.0,-1.0,F,Pos Cannabis W/Intent Sel/Del,0,0,,2,Medium,0
Female,Greater than 45,Native American,0,0,0,13.0,-1.0,F,Deliver Cannabis,1,1,False Imprisonment,13,High,1
Female,25 - 45,Other,1,0,0,10.0,-1.0,F,Possession Of Alprazolam,1,1,Battery,10,High,1
Male,Greater than 45,Native American,0,0,0,1.0,-1.0,M,False Imprisonment,0,0,,1,High,0
Male,Greater than 45,African-American,0,0,0,0.0,-1.0,M,Driving Under The Influence,0,0,,0,High,0
Male,Greater than 45,Other,0,0,0,3.0,10.806057049031914,M,Viol Injunct Domestic Violence,1,1,False Imprisonment,3,Low,1
Female,Greater than 45,African-American,0,0,0,2.0,-1.0,F,Felony Driving While Lic Suspd,1,0,Driving License Suspended,2,Low,1
Female,25 - 45,African-American,0,0,1,1.0,0.0,F,Driving While License Revoked,0,0,,1,Low,0
Male,25 - 45,African-American,0,0,0,0.0,-1.0,F,Grand Theft in the 3rd Degree,0,0,,0,Medium,0
Male,Less than 25,Native American,0,0,0,0.0,-1.0,F,Possession Burglary Tools,0,0,,0,Low,0
Male,Greater than 45,African-American,0,0,0,1.0,0.0,F,Tampering With Physical Evidence,1,0,,1,High,1
Female,Greater than 45,Caucasian,0,0,0,0.0,-1.0,F,Pos Cannabis W/Intent Sel/Del,0,0,,0,Low,0
Male,Greater than 45,Hispanic,0,0,0,7.0,-1.0,F,Felony Petit Theft,1,0,Driving License Suspended,7,Medium,0
Male,Less than 25,Native American,0,0,0,0.0,-5.0997690299297105,F,Grand Theft in the 3rd Degree,1,1,Aid/Abet Burglary Assault/Batt,0,High,1
Male,25 - 45,African-American,0,0,0,1.0,-1.0,M,Battery,0,0,,1,Low,0
Male,25 - 45,Asian,0,0,0,0.0,-2.0,M,Driving Under The Influence,0,0,,0,Low,0
Female,25 - 45,Hispanic,0,0,0,2.0,-1.0,F,Robbery / No Weapon,1,0,,2,Low,1
Male,Greater than 45,Native American,0,0,0,0.0,-3.0,F,Grand Theft in the 3rd Degree,0,0,,0,Low,0
Male,25 - 45,Caucasian,0,0,0,21.000000000000004,0.0,F,Poss Pyrrolidinovalerophenone,1,0,Susp Drivers Lic 1st Offense,21,Medium,1
Female,Greater than 45,African-American,0,0,0,0.0,0.0,F,Felony Battery (Dom Strang),0,0,,0,Low,0
Female,Greater than 45,African-American,0,0,0,0.0,0.0,M,Driving Under The Influence,1,0,Susp Drivers Lic 1st Offense,0,Low,1
Female,25 - 45,Other,0,0,1,3.0,-4.0,M,Petit Theft $100- $300,1,0,Petit Theft,3,Low,0
Female,Greater than 45,Other,0,0,0,2.0,0.0,M,Battery,1,1,False Imprisonment,2,Low,1
Female,Greater than 45,Asian,0,0,0,3.0,0.0,M,Battery,1,0,Operating W/O Valid License,3,Low,1
Female,Greater than 45,Caucasian,0,0,0,1.0,-1.0,F,Burglary Structure Unoccup,1,0,,1,Low,1
Male,Greater than 45,Native American,0,0,0,3.0,-1.0,F,Possession of Cannabis,1,0,Susp Drivers Lic 1st Offense,3,Low,1
Female,25 - 45,Native American,0,0,1,11.0,-1.0,F,Poss Pyrrolidinovalerophenone,1,1,Child Abuse,10,Medium,1
Male,Less than 25,Caucasian,0,0,0,1.0,0.0,F,Possession Of Heroin,1,0,Opert With Susp DL 2nd Offens,1,Low,1
Female,25 - 45,Caucasian,0,0,0,0.0,-1.0,F,Felony Batt(Great Bodily Harm),0,0,,0,Low,0
Male,Less than 25,Caucasian,0,0,0,3.0,-1.0,F,Disorderly Conduct,1,0,Resist/Obstruct W/O Violence,3,Low,1
Male,Greater than 45,Other,0,0,3,0.0,0.0,F,Poss Contr Subst W/o Prescript,1,0,Opert With Susp DL 2nd Offens,0,Low,1
Male,25 - 45,Other,2,0,0,16.0,-1.0,M,Driving Under The Influence,0,0,,16,Medium,0
Female,25 - 45,Caucasian,0,0,0,0.0,-1.0,F,Burglary Dwelling Assault/Batt,0,0,,0,Low,0
Male,Greater than 45,Other,0,0,0,0.0,0.0,M,Battery,0,0,,0,Low,0
Male,Greater than 45,Native American,0,0,0,7.0,-1.0,F,Driving While License Revoked,0,0,,7,Low,0
Male,Greater than 45,African-American,0,0,0,2.0,0.0,M,Battery,1,1,Battery,2,High,1
Male,25 - 45,Hispanic,0,0,0,15.0,0.0,M,Battery,1,0,Operating W/O Valid License,15,High,1
Female,Greater than 45,Caucasian,0,0,0,12.0,-1.0,M,Poss Contr Subst W/o Prescript,0,0,,12,Medium,0
Female,Greater than 45,African-American,0,0,0,9.0,-24.0,M,Battery,1,0,Susp Drivers Lic 1st Offense,9,Low,1
Male,25 - 45,Caucasian,0,0,0,2.0,-1.0,F,Pos Cannabis W/Intent Sel/Del,1,0,Susp Drivers Lic 1st Offense,2,Low,1
Male,Less than 25,Native American,0,0,0,0.0,-1.0,F,Felony Petit Theft,1,0,Opert With Susp DL 2nd Offens,0,High,1
Male,Less than 25,Native American,0,0,0,1.0,-1.0,F,Pos Cannabis W/Intent Sel/Del,0,0,,1,Low,1
Male,25 - 45,Other,0,0,0,9.0,-1.0,F,Possession of Cocaine,1,0,,9,Medium,1
Male,25 - 45,African-American,0,0,0,3.0,-1.0,F,Possession of Cocaine,1,0,Operating W/O Valid License,3,High,1
Female,Less than 25,Other,0,0,0,6.0,-1.0,F,Driving While License Revoked,1,1,Resist/Obstruct W/O Violence,6,Medium,1
Female,Less than 25,Native American,0,1,0,3.0,-22.0,F,Grand Theft in the 3rd Degree,1,0,Opert With Susp DL 2nd Offens,3,Medium,0
Female,Greater than 45,Hispanic,0,0,0,0.0,0.0,M,Battery,0,0,,0,Low,0
Female,Greater than 45,Caucasian,0,0,0,2.0,0.0,F,Petit Theft,1,1,False Imprisonment,2,High,0
Female,25 - 45,Native American,2,0,0,8.0,0.0,F,Poss Cocaine/Intent To Del/Sel,0,0,Opert With Susp DL 2nd Offens,8,High,1
Male,Greater than 45,African-American,1,0,0,7.0,0.0,F,Possession of Cocaine,0,0,Susp Drivers Lic 1st Offense,7,High,1
Male,Less than 25,Asian,0,4,1,15.0,-1.0,F,False 911 Call,1,1,Robbery / Weapon,15,High,1
Female,25 - 45,Other,0,0,0,3.0,-1.0,F,Aggravated Battery / Pregnant,1,1,Battery,3,Medium,1
Male,Less than 25,Caucasian,0,2,0,7.0,-1.0,M,Aggravated Battery / Pregnant,0,0,,7,Medium,0
Male,Greater than 45,Native American,0,0,0,0.0,-1.0,F,Possession Burglary Tools,1,0,Driving License Suspended,0,Medium,1
Male,25 - 45,Asian,0,0,0,4.0,-1.0,F,Deliver Cannabis,1,0,Fail Register Vehicle,4,Medium,1
Female,25 - 45,African-American,0,0,0,4.0,-1.0,F,Pos Cannabis W/Intent Sel/Del,0,1,Battery,4,High,0
Male,25 - 45,Other,0,0,0,0.0,-1.0,F,Criminal Mischief Damage <$200,0,0,,0,Low,0
Male,Greater than 45,Caucasian,0,0,0,0.0,0.0,F,Pos Cannabis W/Intent Sel/Del,0,0,,0,High,0
Female,25 - 45,Native American,0,0,0,4.0,-1.0,F,Cruelty Toward Child,0,0,,4,Low,0
Male,Greater than 45,African-American,0,0,0,0.0,0.0,F,Possession Of Alprazolam,1,0,Resist/Obstruct W/O Violence,0,Low,0
Female,25 - 45,Caucasian,0,0,0,0.0,0.0,F,Possession of Cocaine,1,1,Aid/Abet Burglary Assault/Batt,0,Medium,0
Female,25 - 45,Caucasian,0,0,0,12.0,-1.0,F,Possession of Cocaine,1,0,Driving License Suspended,11,Medium,1
Male,Less than 25,Hispanic,0,0,0,6.0,-24.0,F,Felony Batt(Great Bodily Harm),1,1,Child Abuse,6,Medium,1
Male,25 - 45,Other,0,0,0,0.0,-1.0,F,Carrying Concealed Firearm,0,0,,0,Low,0
Female,Less than 25,Hispanic,0,0,0,6.0,-1.0,F,Carrying Concealed Firearm,1,0,Opert With Susp DL 2nd Offens,6,High,1
Male,Greater than 45,Hispanic,0,0,0,0.0,-1.0,F,Pos Cannabis W/Intent Sel/Del,0,0,,0,Low,0
Male,Less than 25,African-American,0,0,0,1.0,-1.0,F,Carrying Concealed Firearm,0,0,Susp Drivers Lic 1st Offense,1,Low,1
Male,25 - 45,Caucasian,0,0,0,1.0,-1.0,F,Pos Cannabis W/Intent Sel/Del,0,0,,1,Medium,0
Female,25 - 45,Caucasian,0,0,0,2.0,-1.0,F,Felony Battery (Dom Strang),1,0,Operating W/O Valid License,2,Low,1
Female,Greater than 45,Native American,0,0,0,2.0,-1.0,M,Battery,0,0,,2,Low,0
Female,25 - 45,African-American,0,2,1,24.44287887002212,0.0,F,Battery,1,0,Felony Petit Theft,25,High,1
Female,Less than 25,African-American,0,0,0,0.0,-1.0,M,Battery,0,0,,0,Low,0
Male,Greater than 45,Native American,0,0,0,7.0,-1.0,F,Uttering a Forged Instrument,1,0,Opert With Susp DL 2nd Offens,7,Medium,1
Female,25 - 45,African-American,0,0,0,14.0,-1.0,F,Driving While License Revoked,1,0,Opert With Susp DL 2nd Offens,14,Low,1
Female,Less than 25,Native American,0,0,0,0.0,0.0,M,Battery,1,1,Strong Armed  Robbery,0,Medium,1
Female,Greater than 45,Hispanic,0,0,0,0.0,-1.0,M,Battery,0,0,,0,Low,0
Male,Less than 25,Asian,0,0,0,0.0,-1.0,F,False Imprisonment,1,0,Fail Register Vehicle,0,Low,1
Male,Greater than 45,African-American,0,0,0,1.0,-1.0,F,Deliver Cocaine,0,0,,1,Low,0
Male,Less than 25,Hispanic,0,0,0,0.0,-2.0,M,Battery,0,0,,0,Low,0
Male,25 - 45,Other,0,0,0,0.0,0.0,F,Grand Theft in the 3rd Degree,1,0,,0,Low,0
Female,Greater than 45,Native American,0,0,0,11.0,-1.0,F,Possession of Cocaine,0,0,,11,High,0
Male,Greater than 45,Caucasian,0,0,0,2.0,0.0,F,Possession of Cocaine,0,0,,2,Medium,0
Female,Greater than 45,Native American,0,0,0,3.0,-1.0,M,Operating W/O Valid License,1,0,Operating W/O Valid License,3,Low,1
Male,Less than 25,African-American,0,0,0,1.0,-1.0,M,Resist Officer w/Violence,0,0,,1,Low,0
Male,Greater than 45,African-American,0,0,0,20.0,-1.0,F,Driving While License Revoked,0,0,,20,Medium,0
Male,Less than 25,Hispanic,0,0,0,2.0,0.0,M,Driving While License Revoked,0,0,,2,High,0
Female,Greater than 45,Caucasian,0,0,0,0.0,-1.0,M,DUI Property Damage/Injury,0,0,,0,Low,0
Female,25 - 45,Other,0,0,0,0.0,0.0,M,Battery,0,0,,0,Low,0
Male,25 - 45,Hispanic,0,1,0,10.0,-1.0,F,Battery on Law Enforc Officer,1,0,Driving License Suspended,10,Medium,1
Male,25 - 45,Caucasian,0,0,0,0.0,-1.0,M,Battery,0,0,,0,Low,0
Male,Less than 25,Native American,0,0,0,2.0,-1.0,M,Possession of Cannabis,1,0,,2,Medium,0
Male,Less than 25,Caucasian,0,0,0,0.0,-1.0,F,Possession Of Methamphetamine,0,0,,0,Low,0
Male,25 - 45,Caucasian,0,0,1,9.0,-1.0,M,Battery,0,0,,9,High,0
Female,Greater than 45,Asian,0,0,0,7.0,0.0,F,Grand Theft (Motor Vehicle),1,0,Operating W/O Valid License,7,Medium,1
Male,Greater than 45,African-American,0,0,0,0.0,-1.0,M,Disorderly Conduct,1,0,Fail Register Vehicle,0,Low,1
Female,Less than 25,Caucasian,0,0,0,0.0,-1.0,M,Battery,1,1,Aggravated Battery / Pregnant,0,High,1
Male,Greater than 45,African-American,0,0,0,0.0,-1.0,M,Battery,1,1,Battery,0,Low,1
Male,25 - 45,Asian,0,0,0,3.0,-1.0,M,Battery,1,0,Driving License Suspended,3,High,1
Male,25 - 45,Other,1,2,0,5.0,-1.0,F,Tampering With Physical Evidence,1,0,Driving License Suspended,5,High,1
Female,25 - 45,Asian,0,0,0,15.0,-1.0,F,Child Abuse,1,1,Battery,15,Medium,1
Female,Less than 25,Hispanic,0,0,0,1.0,-21.0,M,Battery on Law Enforc Officer,0,0,,1,Medium,0
Female,Less than 25,African-American,0,0,0,0.0,-1.0,M,Leaving Acc/Unattended Veh,0,0,,0,Low,0
Male,Less than 25,Native American,0,1,0,21.000000000000004,-13.531846996054874,F,Cruelty Toward Child,1,0,Opert With Susp DL 2nd Offens,21,High,1
Male,Less than 25,African-American,0,0,4,11.0,0.0,F,Aggravated Assault w/Firearm,1,1,Battery,11,High,1
Female,25 - 45,Caucasian,0,0,0,11.0,-1.0,F,Deliver Cannabis,1,0,Resist/Obstruct W/O Violence,11,High,1
Male,Less than 25,Asian,0,0,0,3.0,-1.0,F,Felony Battery (Dom Strang),1,0,Operating W/O Valid License,3,High,1
Male,25 - 45,Asian,1,0,0,20.0,0.0,F,Driving While License Revoked,0,0,,20,High,0
Male,Greater than 45,African-American,0,0,0,0.0,-1.0,F,Aggrav Battery w/Deadly Weapon,1,0,Drinking Alch Beverage In Open,0,Low,1
Female,Greater than 45,Native American,0,0,0,1.0,-1.0,F,Aggravated Battery / Pregnant,1,0,Driving License Suspended,1,Low,1
Male,Less than 25,African-American,0,1,3,12.0,-1.0,M,Att Burgl Unoccupied Dwel,1,1,Aid/Abet Burglary Assault/Batt,12,High,1
Female,25 - 45,Native American,0,0,0,0.0,-1.0,F,Child Abuse,0,0,,0,Low,0
Male,Less than 25,Native American,0,0,0,0.0,-1.0,F,Burglary Unoccupied Dwelling,1,1,False Imprisonment,0,High,1
Male,Less than 25,Native American,0,0,0,1.0,-21.0,M,Battery,0,0,,1,Low,0
Male,25 - 45,Asian,0,0,0,0.0,-1.0,F,Aggravated Battery / Pregnant,0,0,,0,Low,0
Male,25 - 45,Caucasian,0,0,0,2.0,-23.0,F,Agg Battery Grt/Bod/Harm,0,0,,2,Low,0
Male,25 - 45,Other,0,0,0,5.0,-1.0,F,Felony Driving While Lic Suspd,0,0,,5,Low,0
Male,Greater than 45,Asian,0,0,0,0.0,0.0,F,Grand Theft (Motor Vehicle),0,0,Driving License Suspended,0,Low,0
Female,Less than 25,Asian,0,0,0,1.0,-1.0,M,Battery,1,0,Operating W/O Valid License,1,Low,1
Female,25 - 45,Caucasian,0,0,0,6.0,-13.0,F,Aggravated Battery,0,0,,6,Low,1
Female,Greater than 45,African-American,0,0,0,3.0,-1.0,F,Robbery / No Weapon,1,0,Operating W/O Valid License,3,High,1
Male,Less than 25,Hispanic,0,0,0,11.0,-1.0,F,Neglect Child / No Bodily Harm,1,1,Resist/Obstruct W/O Violence,11,Medium,1
Female,25 - 45,Native American,0,0,0,5.0,0.0,M,Possess Cannabis/20 Grams Or Less,1,0,Fail Register Vehicle,5,High,1
Female,Greater than 45,Asian,0,0,0,3.0,-1.0,M,Aggravated Battery / Pregnant,0,0,,3,Low,0
Male,Greater than 45,Asian,0,0,0,3.0,-1.0,F,Possession of Cocaine,1,0,Operating W/O Valid License,3,Medium,1
Female,Greater than 45,Other,0,0,1,1.0,-2.0,M,Possess Cannabis/20 Grams Or Less,1,0,Drink/Premises Licensed Estab,1,Medium,1
Female,Greater than 45,Hispanic,0,0,0,0.0,-1.0,F,Grand Theft in the 3rd Degree,1,0,,0,Low,1
Male,Less than 25,Other,0,0,0,12.0,0.0,F,Tamper With Witness/Victim/CI,0,0,,12,Medium,0
Female,Greater than 45,African-American,0,0,0,23.0,-1.0,F,Tampering With Physical Evidence,1,0,Driving License Suspended,23,Medium,1
Female,Greater than 45,Asian,0,0,0,1.0,0.0,F,Possession of Cocaine,0,0,,1,High,0
Male,Less than 25,Native American,0,0,0,0.0,-1.0,F,Possession of Cocaine,0,0,,0,Medium,0
Male,Less than 25,Hispanic,0,0,0,0.0,-1.0,M,Battery,0,0,,0,Low,0
Male,25 - 45,Hispanic,0,0,0,7.0,-30.0,F,False Ownership Info/Pawn Item,0,0,Susp Drivers Lic 1st Offense,7,Medium,1
Female,Less than 25,Other,0,0,0,2.0,-1.0,F,Possession of Cocaine,0,0,,2,Low,0
Male,Greater than 45,African-American,1,0,0,5.0,-1.0,F,Deliver Cocaine,1,1,Battery,5,Medium,1
Female,Less than 25,Native American,0,2,1,8.0,-1.0,F,Tampering with a Victim,1,1,Robbery / Weapon,8,High,1
Male,Less than 25,Hispanic,0,0,0,1.0,-9.333192593835584,F,Possession Burglary Tools,0,0,,1,Low,0
Female,Greater than 45,Native American,0,0,0,0.0,-1.0,M,Battery,0,0,,0,High,0
Male,Greater than 45,Caucasian,0,0,0,0.0,0.0,M,Battery,0,0,,0,Low,0
Female,25 - 45,African-American,0,0,0,0.0,-1.0,M,Battery,0,0,,0,Low,0
Male,25 - 45,African-American,0,0,0,7.0,-1.0,F,Felony Driving While Lic Suspd,1,0,Driving License Suspended,7,Medium,1
Male,25 - 45,Asian,1,0,0,1.0,-2.0,F,Petit Theft,0,0,,1,Medium,0
Male,Less than 25,Hispanic,0,0,0,3.0,0.0,F,Poss Pyrrolidinovalerophenone,0,0,,3,Low,1
Female,25 - 45,African-American,0,0,0,1.0,-1.0,M,DUI Level 0.15 Or Minor In Veh,0,0,,1,Low,0
Male,25 - 45,Hispanic,0,0,0,0.0,0.0,M,Battery,0,0,Driving License Suspended,0,Medium,0
Female,Greater than 45,Caucasian,0,0,0,0.0,-3.0,F,False Ownership Info/Pawn Item,0,0,,0,Low,0
Female,Less than 25,African-American,0,0,0,0.0,0.0,F,Felony Battery (Dom Strang),0,0,,0,Low,0
Female,25 - 45,Caucasian,0,0,0,1.0,-1.0,F,Aggrav Battery w/Deadly Weapon,1,1,False Imprisonment,1,Low,1
Female,Less than 25,Caucasian,0,0,1,4.0,-1.0,F,Grand Theft in the 3rd Degree,0,0,,4,High,0
Female,25 - 45,African-American,0,0,0,0.0,-1.0,M,Battery,0,0,,0,Low,0
Female,Greater than 45,Asian,1,0,0,1.0,-1.0,M,Poss Of Controlled Substance,0,0,,1,Low,0
Male,Less than 25,Caucasian,0,0,0,1.0,-1.0,M,Battery,0,0,Driving License Suspended,1,Low,0
Male,Greater than 45,Caucasian,0,0,0,0.0,0.0,M,Driving Under The Influence,0,0,,0,Low,0
Female,Greater than 45,African-American,0,0,0,3.0,-1.0,F,Agg Battery Grt/Bod/Harm,1,0,Driving License Suspended,3,Medium,1
Male,25 - 45,Native American,0,0,0,2.0,-1.0,F,False Imprisonment,0,0,,2,Low,0
Female,Greater than 45,African-American,0,0,0,0.0,0.0,F,Aggravated Battery / Pregnant,1,0,Susp Drivers Lic 1st Offense,0,Medium,1
Male,25 - 45,Caucasian,0,0,0,0.0,0.0,M,Battery,1,1,Battery,0,Low,1
Male,Less than 25,Other,0,0,0,2.0,0.0,F,DUI Blood Alcohol Above 0.20,0,0,,2,Low,0
Female,Less than 25,Hispanic,0,0,0,1.0,-1.0,M,Susp Drivers Lic 1st Offense,0,0,,1,Low,0
Male,Greater than 45,Other,0,0,0,8.0,-4.0,M,Viol Injunct Domestic Violence,1,1,Resist/Obstruct W/O Violence,8,Low,1
Male,Less than 25,Other,0,0,0,0.0,-1.0,F,Pos Cannabis W/Intent Sel/Del,0,0,,0,Medium,0
Female,Greater than 45,African-American,0,1,0,3.0,-1.0,F,Grand Theft in the 3rd Degree,0,0,Driving License Suspended,3,Medium,1
Male,Less than 25,Other,0,0,0,9.0,-1.0,F,Poss Contr Subst W/o Prescript,1,1,Battery,9,High,1
Female,25 - 45,Asian,0,0,0,3.0,-1.0,F,Grand Theft in the 3rd Degree,1,0,Driving License Suspended,3,High,1
Male,Less than 25,African-American,0,0,0,0.0,-1.0,M,Operating W/O Valid License,0,0,,0,Low,1
Male,Less than 25,Other,0,0,0,0.0,-1.0,F,Grand Theft in the 3rd Degree,1,0,Unlaw LicTag/Sticker Attach,0,Medium,1
Female,Less than 25,Native American,0,0,1,5.0,-1.0,M,Susp Drivers Lic 1st Offense,1,0,Opert With Susp DL 2nd Offens,5,Medium,1
Male,25 - 45,Caucasian,0,1,0,13.0,-1.0,M,Driving License Suspended,0,0,Driving License Suspended,13,High,1
Male,25 - 45,African-American,0,0,0,0.0,-1.0,F,Uttering a Forged Instrument,1,0,Driving License Suspended,0,Low,0
Female,Less than 25,African-American,0,0,0,10.0,-1.0,F,Driving While License Revoked,1,0,Fail Register Vehicle,10,High,1
Female,Less than 25,Other,0,0,0,8.0,0.0,F,Burglary Dwelling Assault/Batt,1,0,Driving License Suspended,8,High,1
Male,Greater than 45,Native American,0,0,0,10.0,0.0,F,Grand Theft in the 3rd Degree,0,0,,10,Low,0
Male,Less than 25,African-American,0,0,0,1.0,-28.0,F,Unlaw LicTag/Sticker Attach,1,0,,1,Medium,0
Female,25 - 45,Caucasian,0,0,0,0.0,-1.0,F,Aggravated Assault W/Dead Weap,0,0,,0,Low,0
Male,Less than 25,Caucasian,0,0,0,0.0,0.0,F,Driving While License Revoked,1,0,,0,High,1
Female,Less than 25,African-American,0,0,0,0.0,-1.0,F,Aggravated Assault W/Dead Weap,0,0,,0,Low,0
Male,Greater than 45,Other,0,0,0,0.0,-1.0,M,Battery,0,0,,0,Low,0
Female,Greater than 45,Hispanic,0,0,0,8.0,0.0,M,Viol Injunct Domestic Violence,1,0,Driving License Suspended,8,Low,1
Male,Less than 25,Hispanic,0,0,0,0.0,-1.0,M,Battery,1,0,,0,Low,0
Male,25 - 45,Native American,0,0,0,0.0,-1.0,F,Possession of Cocaine,1,1,Battery,0,High,1
Male,Greater than 45,Caucasian,0,0,0,3.0,-1.0,F,Grand Theft in the 3rd Degree,0,0,,3,High,0
Male,Greater than 45,Caucasian,0,0,0,9.0,-1.0,F,Grand Theft in the 3rd Degree,1,0,Operating W/O Valid License,9,Medium,1
Female,Less than 25,Hispanic,0,0,0,1.0,-8.658650396036187,F,Possession of Cocaine,1,0,,1,Medium,1
Female,25 - 45,African-American,0,0,0,1.0,-1.0,F,Burglary Conveyance Unoccup,1,1,Child Abuse,1,Medium,0
Female,25 - 45,Asian,0,0,0,0.0,-1.0,M,Resist/Obstruct W/O Violence,0,0,Resist/Obstruct W/O Violence,0,High,1
Male,25 - 45,Asian,0,0,0,1.0,-1.0,M,Lve/Scen/Acc/Veh/Prop/Damage,1,0,Susp Drivers Lic 1st Offense,1,Low,1
Female,25 - 45,Asian,0,0,0,6.0,-1.0,F,Aggravated Assault W/Dead Weap,1,1,Battery,6,High,1
Male,Less than 25,African-American,0,0,0,1.0,-4.0,M,Petit Theft,1,0,Driving License Suspended,1,High,1
Female,Greater than 45,African-American,0,0,0,5.0,0.0,F,Possession of Cannabis,1,0,Opert With Susp DL 2nd Offens,5,High,1
Male,Less than 25,Asian,0,0,0,4.0,-4.0,F,Felony Battery (Dom Strang),1,0,,4,Medium,0
Male,Greater than 45,African-American,0,0,0,5.0,0.0,F,Possession Of Alprazolam,1,0,Susp Drivers Lic 1st Offense,5,High,1
Female,25 - 45,Asian,1,0,0,8.875800733696085,-1.0,F,Driving License Suspended,1,0,Driving License Suspended,9,Medium,1
Female,25 - 45,Native American,0,0,0,0.0,0.0,F,Possession of Cannabis,0,0,,0,Low,0
Male,Greater than 45,Other,0,0,0,6.0,-1.0,F,Possession of Cocaine,1,0,,6,Low,0
Male,Less than 25,African-American,0,0,0,9.0,0.0,F,Possession of Cocaine,1,0,Operating W/O Valid License,9,High,1
Male,Less than 25,Native American,0,0,0,2.0,0.0,F,Possession of Oxycodone,0,0,,2,High,0
Female,Less than 25,Caucasian,0,0,0,0.0,-2.0,M,Felony Battery w/Prior Convict,0,0,,0,Medium,0
Male,25 - 45,African-American,0,0,0,5.0,-1.0,F,Possession Of Alprazolam,0,0,,5,High,0
Female,25 - 45,African-American,2,0,0,6.0,-26.0,F,Deliver Cocaine,0,0,,6,Low,0
Male,25 - 45,Caucasian,0,0,1,2.0,-1.0,M,Battery,1,0,Opert With Susp DL 2nd Offens,2,Low,0
Male,Greater than 45,Other,0,0,0,0.0,-1.0,F,Burglary Structure Unoccup,0,0,,0,Medium,0
Female,Greater than 45,Other,0,0,0,0.0,-1.0,M,DUI Level 0.15 Or Minor In Veh,0,0,,0,Low,0
Male,25 - 45,Caucasian,0,0,0,0.0,-1.0,F,Agg Battery Grt/Bod/Harm,1,0,,0,Low,0
Male,Greater than 45,African-American,0,0,0,2.0,-24.0,F,Possession Of Heroin,0,0,,2,Low,0
Female,25 - 45,Caucasian,0,0,0,15.0,-1.0,F,Battery on Law Enforc Officer,1,0,Driving License Suspended,15,High,1
Male,Less than 25,Asian,0,0,0,0.0,-1.0,M,Battery,0,0,,0,Low,0
Male,Greater than 45,Native American,0,0,0,0.0,0.0,F,Tampering With Physical Evidence,0,0,,0,Low,0
Male,25 - 45,Native American,0,0,0,0.0,-1.0,F,Possession of Cocaine,1,1,Resist/Obstruct W/O Violence,0,Low,1
Female,Greater than 45,Asian,0,0,0,0.0,-1.0,M,Battery,0,0,,0,Low,0
Male,Greater than 45,Asian,0,0,0,0.0,0.0,M,Battery,0,0,,0,Low,0
Male,Less than 25,Hispanic,2,0,0,15.0,-1.0,F,Driving While License Revoked,0,0,Susp Drivers Lic 1st Offense,15,High,1
Female,Less than 25,African-American,0,0,0,0.0,-1.0,F,Operating W/O Valid License,0,0,,0,Low,0
Female,Less than 25,Hispanic,0,0,0,5.0,-1.0,F,Tampering With Physical Evidence,1,1,Child Abuse,5,Medium,1
Male,Less than 25,Hispanic,0,0,0,6.0,-1.0,F,Possession of Cocaine,1,0,Fail Register Vehicle,6,Medium,1
Female,25 - 45,Hispanic,0,0,0,6.0,-10.0,M,Unlaw LicTag/Sticker Attach,1,0,Operating W/O Valid License,6,Low,1
Female,Less than 25,Hispanic,0,0,0,1.0,-1.0,F,Possession of Cocaine,1,0,Driving License Suspended,1,Low,1
Female,Greater than 45,African-American,0,0,0,4.0,0.0,F,Pos Cannabis W/Intent Sel/Del,0,1,False Imprisonment,4,High,1
Male,Greater than 45,Hispanic,0,0,0,0.0,-1.0,M,Viol Injunct Domestic Violence,0,0,,0,Medium,0
Female,Less than 25,Other,0,0,0,0.0,-1.0,F,Possession of Cannabis,0,0,,0,Low,0
Female,Greater than 45,Caucasian,0,0,1,3.0,-1.0,F,Criminal Mischief Damage <$200,1,0,Petit Theft,3,Low,1
Male,25 - 45,Asian,0,0,0,5.0,-1.0,F,Felony Driving While Lic Suspd,1,0,Resist/Obstruct W/O Violence,5,Medium,1
Female,Greater than 45,Asian,2,1,0,9.0,-1.0,F,"Poss3,4 Methylenedioxymethcath",0,0,,9,High,0
Female,Less than 25,Hispanic,0,0,0,3.0,-1.0,F,Grand Theft in the 3rd Degree,0,0,,3,Medium,0
Male,25 - 45,Hispanic,0,0,0,2.0,-27.0,M,Operating W/O Valid License,1,0,,2,Medium,1
Male,25 - 45,Native American,0,1,0,5.0,-1.0,F,Battery on Law Enforc Officer,1,0,,5,Low,0
Male,Less than 25,African-American,0,0,0,0.0,-1.0,M,DUI Level 0.15 Or Minor In Veh,0,0,,0,Low,0
Female,25 - 45,African-American,0,0,0,4.0,-1.0,F,Aggrav Battery w/Deadly Weapon,1,0,Susp Drivers Lic 1st Offense,4,High,1
Female,Greater than 45,Other,0,0,0,13.0,0.0,F,Driving While License Revoked,1,0,Susp Drivers Lic 1st Offense,13,Low,1
Male,Less than 25,Caucasian,0,0,1,4.0,-1.0,F,Burglary Unoccupied Dwelling,1,1,Child Abuse,4,High,1
Male,25 - 45,Caucasian,0,0,0,0.0,-1.0,M,Battery,0,0,,0,Low,0
Female,Less than 25,Hispanic,0,0,0,2.0,-1.0,F,Unlaw LicTag/Sticker Attach,0,0,Resist/Obstruct W/O Violence,2,Low,0
Male,Less than 25,Native American,0,0,0,9.0,-1.0,F,Felony Petit Theft,1,0,Driving License Suspended,9,High,1
Female,Less than 25,Hispanic,0,0,0,2.0,0.0,M,Viol Prot Injunc Repeat Viol,0,0,,2,High,0
Male,Greater than 45,African-American,0,0,0,0.0,-1.0,F,Dealing in Stolen Property,0,0,,0,Low,0
Female,25 - 45,Native American,0,0,0,0.0,-1.0,F,Felony Battery (Dom Strang),0,0,,0,Low,0
Male,Greater than 45,Asian,0,0,0,3.0,0.0,F,Felony Battery w/Prior Convict,0,0,,3,Medium,0
Male,25 - 45,Native American,0,0,0,0.0,-1.0,F,Burglary Unoccupied Dwelling,0,0,,0,Low,0
Male,Less than 25,Other,0,0,0,0.0,-1.0,F,Possession of Cocaine,0,0,Susp Drivers Lic 1st Offense,0,Medium,0
Female,Less than 25,African-American,0,0,0,0.0,-1.0,F,Burglary Unoccupied Dwelling,1,0,Opert With Susp DL 2nd Offens,0,Low,1
Male,Greater than 45,Asian,0,0,0,0.0,0.0,M,Battery,0,0,,0,Low,1
Female,Less than 25,African-American,0,0,1,10.0,-1.0,F,Burglary Dwelling Assault/Batt,1,0,Opert With Susp DL 2nd Offens,10,High,1
Female,Greater than 45,Caucasian,0,0,0,0.0,-1.0,F,Pos Cannabis W/Intent Sel/Del,0,0,,0,Medium,0
Male,Greater than 45,Caucasian,0,0,1,2.0,0.0,F,Tampering With Physical Evidence,1,0,Drink/Premises Licensed Estab,2,Medium,0
Male,25 - 45,Other,0,0,0,3.0,-1.0,F,Possession of Cocaine,1,0,,3,High,1
Female,Less than 25,Asian,0,0,0,0.0,0.0,M,Burglary Conveyance Unoccup,1,0,Drinking Alch Beverage In Open,0,High,1
Female,Less than 25,Other,0,0,0,3.0,-1.0,F,Dealing in Stolen Property,0,0,,3,Low,0
Male,25 - 45,Asian,0,0,1,1.0,0.0,M,"Poss3,4 Methylenedioxymethcath",1,0,Driving License Suspended,1,High,1
Male,Less than 25,Hispanic,0,0,0,0.0,0.0,M,Battery,0,0,,0,Medium,0
Female,25 - 45,African-American,0,0,0,0.0,-1.0,F,Possession of Cocaine,0,0,,0,Low,0
Female,Greater than 45,Caucasian,0,0,0,3.0,0.0,M,Battery,0,0,,3,Low,0
Male,Greater than 45,Caucasian,0,0,0,8.0,-1.0,M,Battery,1,0,Resist/Obstruct W/O Violence,8,Low,1
Female,25 - 45,Native American,0,0,0,0.0,0.0,F,Tampering With Physical Evidence,0,0,,0,Low,0
Male,Less than 25,Native American,0,0,0,7.0,-1.0,F,Burglary Structure Unoccup,1,0,Driving License Suspended,7,High,1
Female,25 - 45,Asian,0,0,0,2.0,-1.0,F,Possession of Cocaine,1,0,,2,Low,1
Male,25 - 45,Other,0,0,0,2.0,0.0,M,Driving License Suspended,0,0,,2,Low,0
Male,Less than 25,Caucasian,0,0,0,0.0,-1.0,M,Battery,0,0,,0,Low,0
Male,Greater than 45,Caucasian,0,0,0,0.0,-4.0,F,Burglary Dwelling Assault/Batt,0,0,,0,Low,0
Female,Less than 25,Other,0,0,0,0.0,-3.0,M,Possess Cannabis/20 Grams Or Less,0,0,,0,Low,0
Male,25 - 45,Caucasian,0,0,0,0.0,-1.0,F,Aggrav Battery w/Deadly Weapon,0,0,,0,Low,0
Female,25 - 45,African-American,0,2,0,21.000000000000004,-1.0,F,Driving While License Revoked,1,1,Child Abuse,21,High,0
Female,Greater than 45,Native American,0,0,0,3.0,-1.0,M,Aggrav Battery w/Deadly Weapon,0,0,,3,Low,0
Male,Greater than 45,Asian,0,0,0,1.0,-1.0,M,Battery,0,1,Battery,1,Low,0
Female,Greater than 45,Caucasian,0,0,1,0.0,-1.0,F,Pos Cannabis W/Intent Sel/Del,0,0,Reckless Driving,0,Medium,1
Female,25 - 45,Other,0,0,0,0.0,-1.0,M,Battery,0,0,,0,Low,0
Female,Greater than 45,Native American,0,0,0,2.0,-1.0,F,Grand Theft (Motor Vehicle),1,0,Fail Register Vehicle,2,Low,1
Male,25 - 45,African-American,1,2,1,6.0,-1.0,M,Possession Of Paraphernalia,0,0,DWLS Habitual Offender 2nd,6,High,0
Male,Less than 25,Caucasian,0,0,0,4.0,-1.0,M,Battery,0,0,,4,Medium,0
Male,Less than 25,Other,0,0,0,2.0,-1.0,M,Grand Theft in the 3rd Degree,1,0,Opert With Susp DL 2nd Offens,2,Medium,1
Female,25 - 45,Caucasian,0,0,0,0.0,-1.0,M,Driving License Suspended,1,0,Operating W/O Valid License,0,Medium,1
Female,25 - 45,Native American,0,0,0,0.0,-1.0,F,Aggrav Battery w/Deadly Weapon,0,0,,0,Low,0
Female,Greater than 45,Hispanic,0,0,0,0.0,-1.0,M,Battery,0,0,,0,Low,0
Female,Greater than 45,Hispanic,0,0,0,0.0,-2.0,M,Battery,1,0,Driving License Suspended,0,High,1
Female,25 - 45,Native American,0,0,0,13.0,-13.0,F,Disorderly Conduct,0,0,,13,Low,0
Female,Greater than 45,Caucasian,0,0,0,5.0,-1.0,M,DUI Property Damage/Injury,1,0,,5,Low,0
Female,25 - 45,Other,0,0,0,1.0,-1.0,F,Lve/Scen/Acc/Veh/Prop/Damage,1,1,Battery,1,Low,0
Female,25 - 45,Asian,0,0,0,5.0,-1.0,M,Possess Cannabis/20 Grams Or Less,1,0,Operating W/O Valid License,5,Low,1
Female,Less than 25,Asian,0,0,0,0.0,0.0,M,Battery,0,0,,0,Low,0
Female,25 - 45,African-American,0,0,0,0.0,-1.0,F,Grand Theft in the 3rd Degree,0,0,,0,Low,0
Female,25 - 45,Asian,0,0,0,0.0,-1.0,M,Battery,0,0,,0,Low,0
Female,Less than 25,Native American,0,0,0,1.0,-1.0,M,Possess Cannabis/20 Grams Or Less,0,0,,1,Medium,0
Female,25 - 45,Hispanic,0,0,0,1.0,0.0,M,Possess Cannabis/20 Grams Or Less,1,0,,1,Medium,0
Male,Less than 25,Native American,1,0,0,5.0,29.007702277003624,F,Possession of Cocaine,0,0,,5,Low,0
Male,Greater than 45,African-American,0,0,0,0.0,-1.0,M,Lve/Scen/Acc/Veh/Prop/Damage,0,0,,0,Low,0
Male,Less than 25,African-American,0,0,0,5.0,-1.0,F,Driving License Suspended,0,0,,5,Low,0
Male,Greater than 45,Caucasian,0,0,0,7.0,-1.0,F,Felony Driving While Lic Suspd,1,0,Driving License Suspended,7,Low,1
Male,25 - 45,Hispanic,0,0,0,0.0,-1.0,F,Resist/Obstruct W/O Violence,0,0,,0,Low,0
Female,Greater than 45,Native American,0,0,1,2.0,-1.0,F,Grand Theft in the 3rd Degree,0,0,,2,Medium,0
Female,Greater than 45,Hispanic,0,0,0,0.0,0.0,F,Aggravated Assault W/Dead Weap,1,0,Resist/Obstruct W/O Violence,0,Low,1
Male,Less than 25,Native American,0,0,0,3.0,-1.0,F,Felony Driving While Lic Suspd,1,0,Opert With Susp DL 2nd Offens,3,Low,1
Male,25 - 45,Caucasian,0,0,0,0.0,0.0,F,Aggravated Assault W/Dead Weap,0,0,Drinking Alch Beverage In Open,0,Medium,1
Female,25 - 45,Native American,0,0,0,9.0,-28.0,F,Grand Theft in the 3rd Degree,0,0,,9,High,0
Male,Greater than 45,African-American,0,0,0,0.0,-1.0,F,Felony Driving While Lic Suspd,1,0,Operating W/O Valid License,0,Medium,1
Female,Greater than 45,Caucasian,0,0,0,16.0,-1.0,F,Felony Battery w/Prior Convict,1,0,Resist/Obstruct W/O Violence,16,High,1
Male,Less than 25,Other,0,0,0,3.0,-1.0,F,Possession of Cocaine,1,0,Susp Drivers Lic 1st Offense,3,High,1
Female,Greater than 45,Asian,0,0,0,0.0,0.0,M,Battery,0,0,,0,Low,0
Female,Greater than 45,Caucasian,0,0,0,6.0,-1.0,F,Pos Cannabis W/Intent Sel/Del,0,0,,6,Medium,0
Female,25 - 45,Caucasian,0,0,0,0.0,0.0,F,Aggravated Assault W/dead Weap,1,0,Fail Register Vehicle,0,Low,1
Male,Greater than 45,African-American,0,0,0,1.0,-1.0,F,DUI - Enhanced,0,0,,1,Low,0
Female,25 - 45,Asian,0,0,0,9.0,0.0,M,Battery,1,0,Driving License Suspended,9,Medium,1
Male,Greater than 45,Caucasian,0,0,0,7.0,-23.0,F,Resist Officer w/Violence,0,0,,7,Low,0
Female,25 - 45,Caucasian,0,0,0,0.0,-1.0,F,Driving While License Revoked,0,0,,0,Low,0
Male,25 - 45,Caucasian,0,0,0,0.0,-1.0,M,Battery,1,0,,0,Low,1
Female,25 - 45,Hispanic,1,1,2,15.0,-1.0,F,Possession Of Paraphernalia,1,0,Possess Cannabis/20 Grams Or Less,15,High,1
Female,Less than 25,African-American,0,0,0,0.0,0.0,M,Battery,1,1,Child Abuse,0,High,1
Female,Less than 25,Hispanic,0,0,0,0.0,-1.0,F,Uttering a Forged Instrument,1,0,Driving License Suspended,0,Medium,1
Male,Greater than 45,African-American,3,0,1,13.0,-1.0,F,Driving While License Revoked,1,0,Driving License Suspended,13,Low,1
Male,Less than 25,African-American,0,0,0,0.0,-1.0,F,Possession Of Heroin,0,0,Opert With Susp DL 2nd Offens,0,Low,0
Female,Less than 25,Caucasian,0,0,0,0.0,-1.0,F,Tamper With Witness/Victim/CI,1,1,False Imprisonment,0,Medium,1
Female,Less than 25,Caucasian,0,0,0,0.0,-1.0,M,Battery,0,0,,0,Low,0
Female,Less than 25,African-American,0,0,0,14.997214771454946,-1.0,M,Possession of Oxycodone,1,0,Driving License Suspended,15,Medium,1
Female,25 - 45,Asian,1,0,0,4.0,-1.0,F,Disorderly Intoxication,0,0,,4,Medium,0
Female,25 - 45,Asian,0,0,0,2.0,-1.0,M,Viol Injunct Domestic Violence,0,0,,2,Low,0
Female,25 - 45,Caucasian,0,0,0,0.0,-1.0,M,Battery,0,0,,0,Low,0
Male,25 - 45,Caucasian,0,0,0,8.0,-1.0,F,Burglary Unoccupied Dwelling,0,0,,8,Low,0
Male,25 - 45,African-American,0,0,0,3.0,-1.0,M,Battery,1,1,Battery,3,Low,1
Female,25 - 45,Asian,0,0,0,6.0,-1.0,F,Resist Officer w/Violence,0,0,,6,Medium,0
Male,25 - 45,Caucasian,0,0,0,0.0,-1.0,F,Grand Theft in the 3rd Degree,1,0,,0,Low,1
Male,Greater than 45,Caucasian,0,0,0,1.0,0.0,F,Possession of Cocaine,0,0,,1,Low,0
Male,25 - 45,Native American,0,3,0,3.0,-1.0,M,Operating W/O Valid License,1,0,Susp Drivers Lic 1st Offense,3,High,1
Female,Greater than 45,Asian,0,0,0,19.0,-1.0,F,Possession of Cocaine,0,0,,19,Medium,0
Female,25 - 45,Hispanic,0,0,0,0.0,-1.0,F,Poss Unlaw Issue Driver Licenc,0,0,,0,Low,0
Female,25 - 45,Other,0,0,0,2.0,-1.0,F,Disorderly Intoxication,0,0,Susp Drivers Lic 1st Offense,2,Low,1
Male,Less than 25,African-American,0,0,0,0.0,-1.0,F,Possession of Cannabis,1,1,Strong Armed  Robbery,0,Low,1
Female,Greater than 45,Hispanic,0,0,0,3.0,0.0,F,Possession of Cocaine,0,0,,3,Medium,0
Female,25 - 45,Other,0,0,0,0.0,-1.0,M,Battery,0,0,,0,Low,0
Female,Less than 25,Native American,0,0,0,3.0,-1.0,F,Possession of Cocaine,1,1,Resist/Obstruct W/O Violence,3,Low,1
Male,25 - 45,Native American,0,0,0,0.0,0.0,M,DUI Level 0.15 Or Minor In Veh,1,0,Susp Drivers Lic 1st Offense,0,Low,0
Female,Greater than 45,Hispanic,0,0,0,13.0,-1.0,F,Felony Driving While Lic Suspd,0,0,,13,Low,0
Male,25 - 45,Asian,0,4,0,37.016287972204026,-1.0,M,Opert With Susp DL 2nd Offens,1,1,Robbery / Weapon,37,Medium,1
Female,Greater than 45,African-American,0,0,0,4.0,0.0,M,Driving License Suspended,0,0,,4,Low,0
Male,Greater than 45,Hispanic,0,0,0,1.0,-24.0,M,Poss Of Controlled Substance,1,0,,1,Low,0
Male,Greater than 45,Asian,1,0,0,3.0,-1.0,M,Battery,1,1,Battery,3,High,1
Female,Greater than 45,Hispanic,0,0,0,0.0,-1.0,F,DUI - Enhanced,0,0,,0,Low,0
Female,Less than 25,African-American,0,0,0,2.0,-1.0,F,Possession of Cannabis,0,0,,2,Low,0
Female,Less than 25,Hispanic,0,0,0,3.0,0.0,F,Resist Officer w/Violence,0,0,,3,Low,0
Female,Less than 25,African-American,0,0,0,0.0,-1.0,F,Tampering With Physical Evidence,1,1,Child Abuse,0,Medium,1
Female,Greater than 45,Asian,0,0,0,2.0,-1.0,M,Burglary Unoccupied Dwelling,1,0,,2,Medium,1
Male,25 - 45,Caucasian,0,0,0,0.0,-1.0,M,Battery,0,0,,0,Low,0
Male,Less than 25,Hispanic,0,0,0,3.0,22.982675946013366,F,Crim Use of Personal ID Info,1,0,Susp Drivers Lic 1st Offense,3,Low,1
Male,Less than 25,African-American,0,0,0,3.0,-1.0,M,Driving License Suspended,1,0,,3,Medium,0
Male,Less than 25,Native American,0,0,0,1.0,-1.0,M,Possess Cannabis/20 Grams Or Less,1,0,Driving License Suspended,1,Low,1
Male,Greater than 45,Caucasian,0,0,0,3.0,0.0,M,Disorderly Conduct,1,0,,3,Low,0
Female,25 - 45,Asian,0,0,0,0.0,0.0,F,Felony Battery (Dom Strang),1,0,Driving License Suspended,0,Low,1
Male,Less than 25,Other,0,0,0,2.0,-1.0,M,Driving Under The Influence,0,0,,2,Low,0
Male,Less than 25,African-American,0,0,1,0.0,0.0,F,"Poss3,4 Methylenedioxymethcath",0,0,,0,Medium,0
Male,25 - 45,Caucasian,0,0,0,13.0,-1.0,M,Viol Prot Injunc Repeat Viol,1,1,False Imprisonment,13,Medium,1
Female,Greater than 45,Other,0,0,0,3.0,0.0,F,Felony Battery (Dom Strang),1,0,Opert With Susp DL 2nd Offens,3,Medium,1
Male,Less than 25,Hispanic,0,0,0,1.0,-1.0,M,Battery,0,0,,1,Low,0
Female,25 - 45,Native American,0,0,0,0.0,0.0,F,Felony Battery (Dom Strang),0,0,,0,Low,0
Male,Greater than 45,Other,0,0,0,2.0,-2.0,M,Viol Prot Injunc Repeat Viol,1,0,,2,Medium,0
Male,Greater than 45,Caucasian,0,0,0,3.0,-1.0,F,Disorderly Conduct,1,0,,3,Medium,0
Male,Greater than 45,Hispanic,0,0,0,7.0,-8.0,M,Criminal Mischief Damage <$200,1,0,Susp Drivers Lic 1st Offense,7,Low,1
Male,Greater than 45,Asian,0,0,0,4.0,-1.0,M,Susp Drivers Lic 1st Offense,1,0,Operating W/O Valid License,4,Low,1
Male,Less than 25,Asian,0,1,0,1.0,-1.0,F,"Poss 3,4 MDMA (Ecstasy)",1,1,Resist/Obstruct W/O Violence,1,High,1
Female,Less than 25,African-American,0,0,0,0.0,-1.0,M,Disorderly Conduct,0,0,,0,Low,0
Male,Greater than 45,Hispanic,0,0,0,2.0,-1.0,F,Crim Use of Personal ID Info,1,1,False Imprisonment,2,High,1
Male,Greater than 45,Caucasian,0,0,0,0.0,0.0,M,Battery,1,1,Battery,0,Low,1
Female,Greater than 45,African-American,0,0,0,12.0,-1.0,F,Driving While License Revoked,0,0,,12,Medium,0
Male,Greater than 45,African-American,0,0,0,5.0,-1.0,F,Burglary Dwelling Assault/Batt,1,0,Susp Drivers Lic 1st Offense,5,High,1
Male,Less than 25,Asian,0,0,0,0.0,0.0,F,Possess Cannabis/20 Grams Or Less,0,0,Operating W/O Valid License,0,Low,1
Male,Less than 25,Other,0,0,0,1.0,-1.0,M,Battery,1,1,False Imprisonment,1,Low,1
Male,Greater than 45,Caucasian,0,1,1,2.0,-1.0,F,Carrying Concealed Firearm,1,0,Driving License Suspended,2,Low,1
Female,25 - 45,African-American,0,0,0,1.0,0.0,M,Operating W/O Valid License,1,0,Operating W/O Valid License,1,Low,0
Male,Less than 25,Caucasian,0,0,0,1.0,-1.0,F,Dealing in Stolen Property,0,0,,1,Low,0
Male,Greater than 45,Hispanic,0,0,0,0.0,-1.0,M,Possess Cannabis/20 Grams Or Less,1,0,Driving License Suspended,0,Low,1
Male,25 - 45,Hispanic,0,0,0,0.0,0.0,F,Driving While License Revoked,1,0,Unlaw LicTag/Sticker Attach,0,High,1
Female,Greater than 45,African-American,0,0,0,4.0,-12.0,M,Driving License Suspended,0,0,,4,Medium,0
Male,25 - 45,Caucasian,0,0,0,0.0,-2.0,F,Grand Theft in the 3rd Degree,0,0,Unlaw LicTag/Sticker Attach,0,Low,1
Male,Less than 25,Asian,0,0,0,0.0,0.0,M,Battery,0,0,,0,Low,1
Female,Greater than 45,Other,0,1,0,9.0,-1.0,F,Criminal Mischief,1,1,Resist/Obstruct W/O Violence,9,Medium,1
Male,25 - 45,Other,0,0,0,3.0,-23.0,M,Disorderly Conduct,0,0,,3,High,0
Female,25 - 45,Hispanic,0,0,0,7.0,0.0,F,Aggravated Battery,1,0,,7,Low,0
Male,Less than 25,Asian,0,0,0,0.0,-1.0,F,Tamper With Witness/Victim/CI,1,1,Battery,0,Low,1
Male,Greater than 45,Hispanic,0,0,0,8.0,0.0,F,Driving While License Revoked,1,0,Driving License Suspended,8,Low,1
Female,25 - 45,Native American,0,0,0,4.0,-1.0,F,Possession Of Alprazolam,0,0,,4,Medium,0
Female,Less than 25,Other,0,0,0,0.0,-1.0,F,Burglary Dwelling Assault/Batt,1,1,Aggravated Battery / Pregnant,0,Low,1
Female,Greater than 45,African-American,0,0,0,7.0,-1.0,F,Aggrav Battery w/Deadly Weapon,0,0,,7,Low,0
Female,25 - 45,Asian,0,0,0,8.0,-1.0,F,Aggravated Assault W/Dead Weap,0,0,,8,Medium,0
Female,25 - 45,African-American,0,0,0,1.0,-1.0,F,Poss Cocaine/Intent To Del/Sel,1,0,Susp Drivers Lic 1st Offense,1,Medium,1
Male,25 - 45,Other,0,0,0,2.0,-1.0,F,Grand Theft in the 3rd Degree,0,0,,2,Low,0
Female,Less than 25,Caucasian,0,0,0,0.0,-1.0,F,Grand Theft in the 3rd Degree,0,0,,0,Low,0
Male,25 - 45,Hispanic,0,0,0,1.0,-2.0,M,Aggravated Assault W/Dead Weap,0,0,,1,Low,0
Male,Greater than 45,Caucasian,0,0,0,9.0,-1.0,M,Susp Drivers Lic 1st Offense,1,0,Susp Drivers Lic 1st Offense,9,Medium,1
Male,25 - 45,Hispanic,0,1,2,1.0,0.0,M,Battery,1,0,Grand Theft of the 2nd Degree,1,Medium,1
Male,Less than 25,Other,0,0,0,10.0,-18.0,F,Driving While License Revoked,1,0,,10,Low,1
Female,Less than 25,Caucasian,0,2,0,10.0,-3.0,F,Uttering a Forged Instrument,0,0,,10,High,0
Male,Greater than 45,Caucasian,2,1,0,3.0,0.0,M,Battery,1,0,Operating W/O Valid License,3,Medium,1
Male,25 - 45,Other,4,1,0,10.0,0.0,F,Harm Public Servant Or Family,1,1,Robbery / Weapon,10,High,1
Male,Greater than 45,African-American,0,0,0,0.0,-1.0,M,Felony Petit Theft,0,0,,0,Low,0
Female,Greater than 45,African-American,0,0,0,0.0,-1.0,M,Battery,0,0,,0,Low,0
Male,25 - 45,Native American,0,0,0,0.0,0.0,F,False Imprisonment,0,0,,0,Low,0
Male,25 - 45,African-American,0,0,0,3.0,-1.0,F,Possession Of Methamphetamine,0,0,,3,Medium,0
Male,Greater than 45,Hispanic,0,0,0,10.0,-1.0,F,Resist/Obstruct W/O Violence,0,0,,10,High,0
Male,Greater than 45,Caucasian,0,0,0,4.0,-1.0,M,Battery,1,1,Battery,4,Low,1
Female,Less than 25,Hispanic,0,0,0,4.0,-1.0,M,Viol Prot Injunc Repeat Viol,1,0,Opert With Susp DL 2nd Offens,4,Low,1
Female,Less than 25,Other,0,0,0,0.0,0.0,F,Pos Cannabis W/Intent Sel/Del,1,0,Fail Register Vehicle,0,Low,1
Female,25 - 45,African-American,0,1,0,13.0,0.0,F,Poss Pyrrolidinovalerophenone,1,1,Robbery / Weapon,13,High,1
Male,25 - 45,Hispanic,0,0,0,1.0,-1.0,F,Possession of Oxycodone,1,0,Opert With Susp DL 2nd Offens,1,Low,1
Male,Greater than 45,Asian,0,0,1,0.0,0.0,F,Grand Theft in the 3rd Degree,1,0,Operating W/O Valid License,0,High,1
Male,Greater than 45,Caucasian,0,0,0,0.0,-1.0,M,Driving Under The Influence,0,0,,0,Low,0
Male,Greater than 45,African-American,0,0,0,0.0,-1.0,M,Battery,0,0,,0,High,0
Female,Less than 25,Asian,0,0,0,0.0,-1.0,F,Driving While License Revoked,1,1,Battery,0,Low,1
Female,25 - 45,African-American,0,0,0,0.0,0.0,F,"Poss3,4 Methylenedioxymethcath",0,0,,0,Low,0
Male,25 - 45,Native American,0,0,0,12.0,-1.0,F,Poss Pyrrolidinovalerophenone,1,0,Fail Register Vehicle,12,High,1
Female,Greater than 45,Native American,0,0,0,0.0,0.0,F,Aggrav Battery w/Deadly Weapon,0,0,,0,Low,0
Female,Greater than 45,Other,0,0,0,0.0,-1.0,M,Battery,1,0,,0,Low,0
Female,25 - 45,African-American,0,0,0,2.0,-12.0,M,Prowling/Loitering,1,0,Resist/Obstruct W/O Violence,2,Medium,1
Female,25 - 45,Native American,0,0,0,13.0,-1.0,F,Aggravated Battery / Pregnant,1,0,Opert With Susp DL 2nd Offens,13,High,1
Male,Greater than 45,Caucasian,0,0,1,1.0,-1.0,F,Possession of Cocaine,0,0,,1,Medium,0
Female,Greater than 45,Native American,0,0,0,2.0,-1.0,F,Felony Petit Theft,1,0,Opert With Susp DL 2nd Offens,2,Low,1
Female,25 - 45,Native American,0,0,0,0.0,0.0,M,Battery,0,0,,0,Medium,0
Male,25 - 45,Native American,0,0,0,4.0,-1.0,M,DUI Level 0.15 Or Minor In Veh,0,0,,4,Low,0
Female,Less than 25,Other,0,0,0,4.0,-1.0,M,Battery,0,0,,4,Medium,0
Female,Less than 25,Caucasian,0,0,1,0.0,0.0,F,Cruelty Toward Child,0,0,,0,Low,0
Female,Less than 25,Other,0,0,0,0.0,-1.0,F,Robbery / No Weapon,0,0,,0,High,0
Female,25 - 45,African-American,0,0,0,0.0,-1.0,M,Battery,1,0,Susp Drivers Lic 1st Offense,0,High,1
Female,25 - 45,Caucasian,0,0,0,0.0,-1.0,M,Battery,0,0,,0,Low,0
Female,Greater than 45,Asian,0,0,0,5.0,-1.0,F,Neglect Child / No Bodily Harm,1,0,,5,Low,0
Female,Less than 25,African-American,0,0,0,8.0,0.0,F,Possession of Cocaine,1,0,Resist/Obstruct W/O Violence,8,Low,1
Male,25 - 45,African-American,0,0,0,0.0,0.0,M,Driving Under The Influence,0,0,,0,Low,0
Male,25 - 45,Other,0,0,0,2.0,-1.0,F,Tampering With Physical Evidence,1,0,Resist/Obstruct W/O Violence,2,High,1
Female,25 - 45,Hispanic,0,0,0,2.0,0.0,F,Felony Battery w/Prior Convict,1,0,Driving License Suspended,2,Medium,1
Male,Greater than 45,Hispanic,0,0,0,3.0,0.0,F,Pos Cannabis W/Intent Sel/Del,1,0,Susp Drivers Lic 1st Offense,3,High,1
Male,25 - 45,African-American,0,0,0,4.0,-15.024626426323017,F,Grand Theft in the 3rd Degree,0,0,,4,Low,0
Male,Less than 25,Asian,0,0,0,0.0,-1.0,M,Aggravated Battery,1,0,Susp Drivers Lic 1st Offense,0,Low,1
Male,Less than 25,Native American,0,1,0,9.0,-1.0,M,Driving License Suspended,0,0,,9,Low,0
Female,Greater than 45,Caucasian,0,0,0,10.0,-1.0,F,Driving While License Revoked,1,0,,10,Medium,0
Male,25 - 45,African-American,0,0,0,7.0,-1.0,F,Grand Theft in the 3rd Degree,1,0,Fail Register Vehicle,7,Medium,1
Female,Greater than 45,Other,0,0,0,1.0,-1.0,M,Driving Under The Influence,1,0,Opert With Susp DL 2nd Offens,1,Low,1
Female,Greater than 45,Caucasian,0,0,0,5.0,0.0,M,Battery,1,0,Susp Drivers Lic 1st Offense,5,Medium,1
Male,Greater than 45,African-American,0,0,0,0.0,0.0,M,Battery,0,0,,0,Low,0
Female,25 - 45,Native American,0,1,0,3.0,0.0,F,Felony Battery (Dom Strang),0,0,,3,Medium,0
Female,Greater than 45,Native American,0,0,0,2.0,-29.0,M,Battery,0,0,,2,Low,0
Female,Less than 25,African-American,0,0,0,3.0,-1.0,F,Driving While License Revoked,0,0,,3,Low,0
Male,Less than 25,Hispanic,0,0,0,7.0,-1.0,F,Possession of Cocaine,1,0,Driving License Suspended,7,Medium,1
Male,Greater than 45,Hispanic,2,0,0,4.0,-1.0,F,Disorderly Intoxication,0,0,Fail Register Vehicle,4,High,1
Female,Greater than 45,Hispanic,0,0,0,2.0,-1.0,M,Battery on Law Enforc Officer,0,0,,2,Low,0
Female,Greater than 45,Caucasian,0,0,0,8.0,-1.0,F,Possession of Cocaine,1,0,Resist/Obstruct W/O Violence,8,High,1
Female,25 - 45,Native American,0,0,0,0.0,-1.0,F,Grand Theft in the 3rd Degree,0,0,,0,Low,0
Male,Less than 25,Asian,0,0,0,15.0,-1.0,M,Driving Under The Influence,1,1,Child Abuse,15,High,1
Female,Greater than 45,Native American,0,0,0,1.0,0.0,F,Aggravated Battery / Pregnant,1,0,,1,Low,1
Female,Less than 25,Native American,0,0,0,5.0,-1.0,M,Possession of Cocaine,1,1,Resist/Obstruct W/O Violence,5,Medium,0
Female,25 - 45,Hispanic,0,0,0,0.0,0.0,F,Possession of Cocaine,0,0,,0,Medium,0
Female,Less than 25,African-American,0,0,0,0.0,-3.0,F,Aggravated Assault w/Firearm,0,0,,0,Medium,0
Female,Less than 25,African-American,0,0,0,0.0,-1.0,M,Operating W/O Valid License,0,0,,0,High,0
Female,Greater than 45,African-American,0,0,0,2.0,-1.0,M,DUI Level 0.15 Or Minor In Veh,0,0,,2,Medium,0
Male,25 - 45,African-American,0,0,0,1.0,-1.0,F,Driving While License Revoked,0,0,,1,Low,0
Female,25 - 45,Other,0,1,0,4.0,-30.0,F,Poss Pyrrolidinovalerophenone,1,0,Opert With Susp DL 2nd Offens,4,Low,1
Male,25 - 45,Native American,0,0,0,11.0,-1.0,F,Driving While License Revoked,1,0,Operating W/O Valid License,11,Medium,0
Female,25 - 45,Asian,0,0,0,0.0,-1.0,M,Battery,0,0,,0,Medium,0
Male,Less than 25,Hispanic,0,0,0,0.0,0.0,F,Grand Theft in the 3rd Degree,0,0,,0,Low,0
Male,Greater than 45,Hispanic,1,0,0,12.0,-1.0,M,Soliciting For Prostitution,1,0,Trespass Structure/Conveyance,11,High,1
Female,25 - 45,Caucasian,0,0,0,3.0,-1.0,F,Uttering a Forged Instrument,0,0,,3,Medium,0
Male,25 - 45,Caucasian,0,0,0,1.0,-1.0,F,Crimin Mischief Damage $1000+,0,0,,1,Low,0
Female,25 - 45,Caucasian,0,0,0,3.0,-1.0,F,Felony Driving While Lic Suspd,0,0,,3,Low,0
Male,25 - 45,Native American,0,0,0,0.0,-1.0,F,Possession of Cocaine,1,0,Driving License Suspended,0,Low,1
Male,25 - 45,Native American,0,0,0,1.0,-3.0,F,Battery on Law Enforc Officer,1,0,Resist/Obstruct W/O Violence,1,Low,1
Female,Greater than 45,Other,0,0,0,9.0,-1.0,F,Poss Contr Subst W/o Prescript,1,1,Battery,9,Medium,1
Female,25 - 45,Other,0,0,0,5.0,0.0,M,Viol Injunct Domestic Violence,1,1,False Imprisonment,5,Low,1
Male,Greater than 45,Asian,0,0,0,17.0,-1.0,F,Possession of Oxycodone,1,0,Driving License Suspended,17,High,1
Female,25 - 45,Asian,0,0,0,1.0,-1.0,F,Possession Of Methamphetamine,0,0,,1,Low,0
Female,Greater than 45,Other,0,0,0,1.0,-1.0,F,Possession of Cocaine,1,1,Child Abuse,1,High,1
Male,25 - 45,Hispanic,0,0,0,0.0,-1.0,M,Criminal Mischief,0,0,,0,Low,0
Male,Less than 25,Caucasian,0,0,0,1.0,-1.0,F,Uttering a Forged Instrument,0,0,,1,Medium,0
Male,Greater than 45,Caucasian,0,0,0,0.0,-1.0,F,Burglary Structure Unoccup,0,0,,0,Low,0
Male,Less than 25,Other,0,0,0,0.0,0.0,M,Resist/Obstruct W/O Violence,1,0,Drinking Alch Beverage In Open,0,Low,1
Female,Greater than 45,Hispanic,0,0,0,0.0,-1.0,M,Battery,1,1,Battery,0,Low,1
Male,Less than 25,Other,0,0,0,2.0,-1.0,F,Possession of Cannabis,0,0,,2,Medium,0
Male,Greater than 45,Asian,0,1,0,5.0,-1.0,M,Battery,1,1,Battery,5,High,1
Female,25 - 45,Asian,0,0,0,0.0,-4.0,F,Possession of Cocaine,0,0,,0,Medium,0
Male,Less than 25,Hispanic,0,0,0,3.0,-1.0,F,Aggravated Battery,0,0,,3,Medium,0
Female,25 - 45,Caucasian,0,0,0,2.0,0.0,F,Possession of Cocaine,0,0,,2,Medium,0
Female,25 - 45,Hispanic,0,0,0,2.0,0.0,F,Driving While License Revoked,1,0,Opert With Susp DL 2nd Offens,2,Medium,1
Male,Greater than 45,Other,0,0,0,5.0,0.0,F,Possession of Cocaine,0,0,,5,Low,0
Female,Greater than 45,Caucasian,0,0,0,5.0,-1.0,F,Uttering a Forged Instrument,0,0,,5,Medium,0
Female,Less than 25,Hispanic,0,0,0,8.0,-1.0,F,Possession Of Methamphetamine,0,0,,8,Low,0
Female,Greater than 45,Other,0,0,0,0.0,0.0,F,Poss Unlaw Issue Driver Licenc,0,0,,0,Low,0
Male,25 - 45,Other,0,0,0,7.0,-1.0,M,Grand Theft in the 3rd Degree,1,0,,7,Low,0
Male,Less than 25,Caucasian,0,0,1,1.0,-1.0,M,Battery,1,1,Battery,1,High,1
Female,Greater than 45,African-American,0,0,0,0.0,-1.0,F,Grand Theft in the 3rd Degree,0,0,,0,Low,0
Male,Greater than 45,African-American,0,0,0,1.0,-1.0,F,Poss F/Arm Delinq,1,1,Resist/Obstruct W/O Violence,1,High,0
Female,Less than 25,Caucasian,0,0,0,0.0,-1.0,M,Battery,0,0,Drinking Alch Beverage In Open,0,High,1
Male,25 - 45,Other,0,0,0,0.0,0.0,F,Grand Theft (Motor Vehicle),0,0,,0,Medium,0
Male,Greater than 45,Native American,0,0,0,0.0,0.0,F,Viol Prot Injunc Repeat Viol,0,0,,0,Medium,0
Male,Greater than 45,Caucasian,0,0,0,1.0,-1.0,F,Grand Theft in the 3rd Degree,1,0,Driving License Suspended,1,Low,1
Female,25 - 45,African-American,0,0,1,3.0,-1.0,F,Possession of Cocaine,1,0,,3,Medium,1
Female,Greater than 45,Caucasian,0,0,0,0.0,0.0,F,Possession Of Alprazolam,0,0,,0,Low,0
Female,25 - 45,Caucasian,0,0,0,2.0,-1.0,F,Felony Driving While Lic Suspd,1,0,Resist/Obstruct W/O Violence,2,Medium,1
Female,Greater than 45,Other,0,0,0,1.0,-4.0,F,Possession of Oxycodone,0,0,,1,Low,0
Male,Greater than 45,Asian,0,0,0,1.0,-1.0,M,Battery,1,1,Battery,1,Low,1
Female,25 - 45,Native American,0,0,0,15.0,-1.0,M,Tampering With Physical Evidence,1,0,Operating W/O Valid License,15,Medium,1
Female,25 - 45,Asian,0,0,0,5.0,-1.0,M,Viol Injunct Domestic Violence,1,0,Fail Register Vehicle,5,Low,1
Male,Less than 25,Native American,0,0,0,19.0,-1.0,F,Felony Petit Theft,1,0,Susp Drivers Lic 1st Offense,19,Medium,1
Female,25 - 45,Hispanic,0,0,0,0.0,-1.0,M,Battery,0,0,,0,Low,0
Female,25 - 45,Caucasian,0,1,0,4.0,-3.0,M,Driving Under The Influence,1,0,Trafficking 4-14 Grams Heroin,4,Medium,1
Male,Less than 25,African-American,0,0,0,0.0,-1.0,M,Battery,0,0,,0,Low,0
Male,Less than 25,Caucasian,0,0,0,11.0,-1.0,F,Grand Theft in the 3rd Degree,1,0,Driving License Suspended,11,High,1
Female,Less than 25,Native American,0,2,1,19.0,-1.0,F,False Ownership Info/Pawn Item,1,0,Harass Witness/Victm/Informnt,19,High,1
Female,Less than 25,Asian,0,0,0,6.0,-1.0,F,Possession Of Methamphetamine,1,0,Opert With Susp DL 2nd Offens,6,Medium,1
Female,Less than 25,Asian,0,0,0,0.0,-1.0,F,Grand Theft (Motor Vehicle),1,0,,0,Low,1
Female,Less than 25,Other,0,0,0,0.0,-1.0,F,Aggrav Battery w/Deadly Weapon,0,0,,0,Low,0
Female,25 - 45,Native American,0,0,0,3.0,-1.0,F,Possession of Cocaine,1,0,,3,Low,1
Male,Greater than 45,Asian,0,0,0,3.0,-1.0,M,Driving License Suspended,1,0,Resist/Obstruct W/O Violence,3,Medium,1
Female,Less than 25,Other,0,0,0,0.0,-1.0,M,Battery,0,0,,0,Medium,0
Female,Less than 25,Caucasian,0,0,0,0.0,-1.0,F,Burglary Unoccupied Dwelling,1,0,Resist/Obstruct W/O Violence,0,Medium,1
Male,Greater than 45,Caucasian,0,0,0,2.0,-1.0,F,Possession of Cocaine,1,0,Operating W/O Valid License,2,Low,1
Male,Greater than 45,Other,0,0,0,0.0,-1.0,F,Driving While License Revoked,1,0,Unlaw LicTag/Sticker Attach,0,Medium,1
Male,Less than 25,Hispanic,0,0,0,1.0,-7.0,M,Deliver Cannabis,1,0,Operating W/O Valid License,1,High,1
Male,25 - 45,African-American,0,0,0,1.0,-1.0,F,Possession of Cocaine,0,0,,1,High,0
Male,Less than 25,Hispanic,0,0,0,0.0,-1.0,F,Grand Theft in the 3rd Degree,0,0,,0,Medium,0
Male,Less than 25,African-American,0,0,0,0.0,-1.0,F,Deliver Cocaine,0,0,Resist/Obstruct W/O Violence,0,Medium,1
Female,25 - 45,Caucasian,0,0,0,2.0,-27.0,F,Possession Of Heroin,1,1,Battery,2,Low,1
Female,Less than 25,Native American,0,0,0,6.0,-1.0,M,Possess Cannabis/20 Grams Or Less,0,0,,6,High,0
Female,Greater than 45,Other,0,0,0,7.0,0.0,F,Aggravated Battery / Pregnant,1,1,False Imprisonment,7,High,1
Female,25 - 45,Other,0,0,0,6.0,-1.0,F,Poss Pyrrolidinovalerophenone,1,0,,6,High,1
Male,25 - 45,African-American,0,0,0,5.0,-1.0,F,Grand Theft (Motor Vehicle),1,0,Susp Drivers Lic 1st Offense,5,Low,1
Male,Less than 25,Native American,0,0,0,1.0,-1.0,F,Possession of Oxycodone,0,0,,1,Low,0
Male,Less than 25,Caucasian,0,0,0,0.0,-1.0,F,Driving While License Revoked,0,0,,0,Medium,0
Female,Greater than 45,African-American,0,3,1,3.0,-1.0,M,Retail Theft $300 1st Offense,1,1,Battery,3,Medium,1
Female,25 - 45,Other,0,0,0,0.0,0.0,F,Grand Theft in the 3rd Degree,1,1,Battery,0,High,1
Male,Less than 25,Other,0,0,0,8.0,-1.0,M,Battery,1,0,Opert With Susp DL 2nd Offens,8,Low,1
Male,Less than 25,Hispanic,0,0,0,0.0,-1.0,M,Petit Theft,1,1,Aid/Abet Burglary Assault/Batt,0,High,1
Male,Greater than 45,Other,0,0,0,3.0,-8.0,M,Exposes Culpable Negligence,0,0,,3,Medium,0
Male,Greater than 45,Asian,0,0,0,1.0,-1.0,F,Lve/Scen/Acc/Veh/Prop/Damage,0,0,,1,Low,0
Male,25 - 45,Asian,0,0,0,0.0,0.0,F,Possession of Cannabis,0,0,,0,High,0
Female,25 - 45,Caucasian,0,0,0,0.0,0.0,M,Battery,0,0,Opert With Susp DL 2nd Offens,0,Low,0
Female,Less than 25,Other,0,0,0,3.0,-1.0,F,Grand Theft in the 3rd Degree,0,0,,3,Low,0
Male,Less than 25,Other,0,0,0,0.0,-1.0,M,Battery,0,0,,0,Low,0
Female,25 - 45,Asian,1,3,0,24.0,-1.0,F,Trespass Property w/Dang Weap,1,1,Aid/Abet Burglary Assault/Batt,24,Medium,1
Female,25 - 45,Caucasian,0,0,0,0.0,0.0,F,Possession of Cocaine,0,0,,0,Low,0
Male,Greater than 45,Caucasian,0,0,0,0.0,-1.0,F,Poss Contr Subst W/o Prescript,1,0,Resist/Obstruct W/O Violence,0,Low,1
Male,25 - 45,Caucasian,0,0,0,0.0,-1.0,F,"Poss3,4 Methylenedioxymethcath",1,1,Child Abuse,0,High,1
Male,25 - 45,Native American,0,0,0,0.0,0.0,M,Battery,0,0,,0,Low,0
Male,Greater than 45,Native American,0,0,0,4.0,-1.0,M,Battery,0,0,,4,Low,0
Male,Greater than 45,Asian,0,0,0,1.0,-24.0,F,"Poss3,4 Methylenedioxymethcath",0,0,,1,Low,0
Female,Greater than 45,African-American,0,0,0,0.0,-1.0,M,Grand Theft in the 3rd Degree,0,0,,0,Low,0
Male,Greater than 45,African-American,0,0,0,0.0,-1.0,M,Battery,0,1,Battery,0,High,1
Male,25 - 45,Other,0,0,1,2.0,0.0,M,Driving Under The Influence,1,0,,2,Low,1
Female,Less than 25,Other,0,0,0,4.0,-1.0,M,Assault,1,0,Driving License Suspended,4,Low,1
Female,Less than 25,Caucasian,0,0,0,2.0,-1.0,M,DUI Property Damage/Injury,0,0,,2,Low,0
Female,Greater than 45,Caucasian,0,0,0,1.0,-3.0,F,Robbery / No Weapon,0,0,,1,Low,0
Female,Greater than 45,Caucasian,0,0,0,1.0,-1.0,F,Possession of Cannabis,0,0,,1,High,0
Female,Less than 25,African-American,0,0,0,0.0,0.0,F,Possession of Cocaine,0,0,,0,Low,0
Male,Greater than 45,African-American,0,0,0,0.0,0.0,F,Felony Battery w/Prior Convict,0,0,,0,Low,0
Female,Greater than 45,Caucasian,0,0,0,0.0,-1.0,F,Possession of Cocaine,0,0,,0,Medium,0
Male,25 - 45,African-American,0,0,0,7.0,-1.0,M,Driving While License Revoked,1,0,Driving License Suspended,7,Low,1
Male,25 - 45,African-American,0,0,0,0.0,-1.0,M,Battery,1,0,Fail Register Vehicle,0,Low,1
Male,Greater than 45,Asian,0,0,0,5.0,-29.0,F,Burglary Dwelling Assault/Batt,1,0,Operating W/O Valid License,5,Low,1
Male,25 - 45,Native American,0,0,0,0.0,-3.0,F,Disorderly Intoxication,0,0,,0,Low,0
Male,Greater than 45,Native American,0,0,0,8.0,-1.0,F,Prowling/Loitering,0,0,,8,Low,0
Male,Less than 25,Caucasian,0,0,0,10.0,-1.0,F,Possession of Cocaine,1,0,Opert With Susp DL 2nd Offens,10,High,1
Female,Greater than 45,African-American,0,0,0,4.0,-1.0,M,Battery,0,0,,4,Low,0
Male,Less than 25,Other,0,0,0,0.0,-1.0,M,Battery,0,0,,0,Medium,0
Male,25 - 45,Hispanic,0,0,1,0.0,-1.0,F,Dealing in Stolen Property,0,0,Drinking Alch Beverage In Open,0,Low,1
Female,25 - 45,Native American,0,0,0,10.0,-1.0,F,Driving While License Revoked,1,0,Resist/Obstruct W/O Violence,10,High,1
Male,Less than 25,Asian,0,0,0,0.0,-1.0,M,Battery,0,0,,0,Low,0
Female,Greater than 45,Asian,0,0,0,1.0,-1.0,M,Battery,1,0,,1,Low,0
Male,25 - 45,Native American,0,0,0,5.0,-1.0,F,Driving While License Revoked,1,0,Opert With Susp DL 2nd Offens,5,Low,1
Male,Greater than 45,Asian,0,0,0,4.0,-1.0,M,Battery,1,1,Resist/Obstruct W/O Violence,4,Low,1
Female,25 - 45,Other,0,1,0,5.0,0.0,M,Battery,0,0,,5,Low,0
Male,25 - 45,Hispanic,0,0,0,1.0,-17.0,M,Battery,1,0,Driving License Suspended,1,Low,1
Male,Less than 25,Native American,0,1,1,2.0,-1.0,F,Burglary Unoccupied Dwelling,1,0,Opert With Susp DL 2nd Offens,2,High,1
Male,Less than 25,African-American,0,0,0,9.0,-1.0,F,Grand Theft in the 3rd Degree,1,0,Driving License Suspended,9,High,1
Male,Less than 25,Hispanic,0,0,0,1.0,-1.0,M,Resist/Obstruct W/O Violence,1,0,Driving License Suspended,1,Low,1
Male,Greater than 45,Other,0,0,0,0.0,-1.0,F,Cruelty Toward Child,0,0,,0,Low,0
Male,25 - 45,Other,0,0,0,2.0,-10.0,F,False Ownership Info/Pawn Item,1,0,,2,Medium,0
Female,Greater than 45,Hispanic,0,0,0,4.0,-1.0,M,Battery,1,0,Fail Register Vehicle,4,Low,1
Female,Greater than 45,Native American,0,0,0,5.0,-1.0,F,Driving While License Revoked,0,0,,5,Low,0
Female,Less than 25,African-American,0,0,0,0.0,-1.0,M,Driving Under The Influence,0,0,,0,Low,0
Female,25 - 45,Asian,0,0,0,1.0,0.0,F,Possession of Cocaine,0,0,,1,Low,0
Female,Less than 25,African-American,0,0,0,2.0,-8.206380307110681,F,Battery on Law Enforc Officer,0,0,,2,Low,0
Female,Greater than 45,Asian,0,0,0,1.0,-1.0,F,Grand Theft (Motor Vehicle),1,0,Resist/Obstruct W/O Violence,1,High,1
Female,Greater than 45,Other,0,0,0,0.0,0.0,F,Battery on Law Enforc Officer,0,0,,0,Low,0
Female,Less than 25,Caucasian,0,0,0,0.0,-1.0,M,Battery,0,0,,0,Low,0
Male,Less than 25,African-American,0,0,0,15.0,-1.0,M,Robbery / No Weapon,1,0,,15,High,0
Male,25 - 45,Other,0,0,0,22.0,-1.0,M,Deliver Cannabis,1,0,Operating W/O Valid License,22,High,1
Female,Greater than 45,Asian,0,0,0,1.0,0.0,M,DUI Level 0.15 Or Minor In Veh,0,0,,1,Low,1
Male,25 - 45,Native American,0,0,0,10.0,0.0,M,Driving License Suspended,1,0,,10,Low,0
Female,Greater than 45,African-American,2,0,1,2.0,-1.0,F,Possession of Cocaine,1,0,Trespass Structure/Conveyance,2,High,1
Male,25 - 45,African-American,0,0,0,2.0,0.0,M,Possess Cannabis/20 Grams Or Less,1,0,Susp Drivers Lic 1st Offense,2,Medium,0
Female,Less than 25,Asian,0,0,0,0.0,-1.0,M,Battery,0,0,,0,Low,0
Male,25 - 45,Caucasian,0,0,0,5.0,-1.0,M,Resist/Obstruct W/O Violence,1,1,Battery,5,High,1
Male,Less than 25,Hispanic,0,0,0,4.0,0.0,M,Agg Battery Grt/Bod/Harm,0,0,,4,Medium,0
Male,25 - 45,Native American,0,3,1,8.0,-1.0,M,Battery,1,0,Driving License Suspended,8,High,1
Male,Greater than 45,Asian,0,0,0,2.0,-1.0,F,Grand Theft in the 3rd Degree,1,0,Resist/Obstruct W/O Violence,2,Medium,1
Male,25 - 45,African-American,0,0,0,0.0,-1.0,M,Battery,0,0,,0,Medium,0
Female,Less than 25,African-American,0,0,0,1.0,-4.0,F,Criminal Mischief Damage <$200,0,0,,1,Low,0
Male,25 - 45,Caucasian,0,0,0,0.0,0.0,M,Susp Drivers Lic 1st Offense,0,0,,0,Low,0
Male,Less than 25,Hispanic,0,0,0,3.0,-1.0,F,Possession of Cannabis,0,0,,3,Low,0
Male,25 - 45,African-American,0,0,0,4.0,-1.0,F,False Imprisonment,1,1,Battery,4,Low,1
Female,Less than 25,Native American,0,2,2,4.0,-1.0,F,"Poss3,4 Methylenedioxymethcath",1,0,DWLS Habitual Offender 2nd,4,Medium,0
Female,25 - 45,Other,0,0,0,0.0,0.0,F,Battery on Law Enforc Officer,0,0,,0,High,1
Male,Less than 25,Asian,0,0,0,3.0,-1.0,M,Battery,1,0,Fail Register Vehicle,3,Low,1
Male,Greater than 45,African-American,1,0,0,7.0,-1.0,M,Susp Drivers Lic 1st Offense,1,0,Driving License Suspended,7,High,1
Male,Less than 25,Other,0,0,0,0.0,0.0,F,Felony Battery (Dom Strang),1,0,Fail Register Vehicle,0,Low,1
Male,25 - 45,Hispanic,0,0,0,9.0,0.0,M,Crim Use of Personal ID Info,1,0,Driving License Suspended,9,Low,1
Female,Greater than 45,Hispanic,0,0,0,7.0,22.211159456553503,F,Felony Driving While Lic Suspd,1,0,Fail Register Vehicle,7,Low,1
Female,25 - 45,Asian,0,0,0,2.0,-1.0,M,Battery,1,0,,2,Low,1
Female,25 - 45,African-American,0,0,0,3.0,-1.0,M,Uttering a Forged Instrument,0,0,,3,Low,0
Male,25 - 45,Native American,0,0,1,11.0,-1.0,M,Petit Theft,1,0,Opert With Susp DL 2nd Offens,11,High,1
Male,Less than 25,Native American,0,0,0,0.0,-1.0,M,Battery,0,0,,0,Low,0
Male,25 - 45,Native American,0,0,0,2.0,-1.0,F,Possession of Cannabis,0,0,,2,Low,0
Female,Greater than 45,Caucasian,0,0,0,2.0,-1.0,F,Aggrav Battery w/Deadly Weapon,0,0,,2,Low,0
Male,Greater than 45,Native American,0,0,0,1.0,-1.0,F,Viol Injunct Domestic Violence,0,0,,1,Low,0
Female,Less than 25,Native American,0,0,0,0.0,-1.0,F,Disorderly Conduct,0,0,,0,Medium,0
Male,Less than 25,Hispanic,0,0,0,0.0,0.0,M,Driving Under The Influence,0,0,Resist/Obstruct W/O Violence,0,Low,0
Male,Greater than 45,African-American,0,0,0,0.0,0.0,F,DUI - Enhanced,0,0,,0,Low,0
Male,25 - 45,Other,0,0,0,0.0,-1.0,F,Aggravated Assault W/dead Weap,0,0,,0,Low,1
Male,Greater than 45,Native American,0,0,0,2.0,-1.0,F,Resist/Obstruct W/O Violence,0,0,,2,High,0
Female,25 - 45,African-American,0,0,0,0.0,-1.0,F,Deliver Cannabis,0,0,,0,Low,0
Male,Less than 25,Caucasian,0,0,0,8.0,-1.0,M,Disorderly Conduct,1,0,,8,Low,1
Male,Less than 25,African-American,0,0,0,1.0,-20.99739143429312,M,Battery,0,0,,1,Low,0
Male,Greater than 45,Other,0,3,0,25.263817969159888,-1.0,M,Resist/Obstruct W/O Violence,1,0,Driving License Suspended,24,High,1
Female,Less than 25,Hispanic,0,0,0,0.0,-1.0,F,Deliver Cannabis,0,0,,0,Low,0
Female,25 - 45,Native American,0,0,0,2.0,-1.0,F,Resist Officer w/Violence,1,0,Susp Drivers Lic 1st Offense,2,Low,1
Male,Less than 25,Hispanic,0,1,0,1.0,0.0,F,Grand Theft (Motor Vehicle),1,1,Child Abuse,1,High,1
Female,25 - 45,African-American,0,0,0,3.0,0.0,F,Driving While License Revoked,0,0,,3,Medium,0
Male,Greater than 45,Asian,0,0,0,2.0,-1.0,F,Grand Theft in the 3rd Degree,1,0,Operating W/O Valid License,2,Low,1
Male,Less than 25,Caucasian,0,0,0,15.0,0.0,F,Aggravated Assault w/Firearm,0,0,,15,Medium,0
Female,Less than 25,Asian,0,0,0,0.0,-1.0,F,Felony Battery (Dom Strang),0,0,,0,Low,0
Male,25 - 45,African-American,0,0,0,5.0,-1.0,M,Possession of Cocaine,1,0,Opert With Susp DL 2nd Offens,5,Low,1
Female,Greater than 45,Other,0,0,0,0.0,-1.0,F,Burglary Unoccupied Dwelling,0,0,,0,Medium,0
Male,25 - 45,Other,0,0,0,8.0,-29.0,F,Possession of Cocaine,1,0,Driving License Suspended,8,Medium,1
Female,Greater than 45,African-American,0,0,0,2.0,16.621359488963016,F,Crim Use of Personal ID Info,1,1,Resist/Obstruct W/O Violence,2,High,1
Male,25 - 45,Hispanic,2,0,0,18.0,-1.0,M,Child Abuse,1,0,Operating W/O Valid License,18,Low,1
Female,Less than 25,Native American,0,0,0,2.0,-1.0,F,Possession of Cocaine,1,1,Child Abuse,2,High,1
Male,25 - 45,Hispanic,0,0,0,0.0,0.0,F,Failure To Return Hired Vehicle,1,1,Battery,0,Low,1
Female,Less than 25,Native American,0,0,0,1.0,-6.0,F,Burglary Structure Unoccup,0,0,,1,High,0
Male,25 - 45,Caucasian,0,0,0,5.0,-1.0,F,Resist Officer w/Violence,1,0,,5,Medium,0
Female,Greater than 45,Other,0,0,0,0.0,-1.0,M,Driving License Suspended,0,0,,0,Low,0
Male,Greater than 45,African-American,0,0,0,6.0,-1.0,F,Neglect Child / No Bodily Harm,0,0,,6,Low,0
Male,Greater than 45,Other,0,3,4,14.0,-1.0,F,Grand Theft (Motor Vehicle),1,0,Felon in Pos of Firearm or Amm,14,High,1
Male,25 - 45,Native American,0,1,2,2.0,-2.0,F,Poss F/Arm Delinq,1,0,Petit Theft,2,Medium,1
Male,25 - 45,Hispanic,0,0,0,0.0,-1.0,F,Grand Theft in the 3rd Degree,1,0,,0,High,1
Male,25 - 45,Caucasian,0,0,0,5.0,-1.0,F,Aggrav Battery w/Deadly Weapon,1,0,Driving License Suspended,5,Medium,1
Male,Less than 25,Asian,0,0,0,1.0,-2.0,M,Driving Under The Influence,0,0,Opert With Susp DL 2nd Offens,1,Medium,1
Female,Greater than 45,Other,0,0,0,0.0,-2.0,M,Resist/Obstruct W/O Violence,0,0,,0,Low,0
Male,25 - 45,Native American,0,0,0,1.0,-1.0,M,Possess Cannabis/20 Grams Or Less,1,0,Resist/Obstruct W/O Violence,1,High,1
Female,25 - 45,Other,0,0,0,0.0,-1.0,F,Criminal Mischief,1,0,Operating W/O Valid License,0,Low,1
Female,Less than 25,Other,0,0,0,0.0,-1.0,F,Burglary Conveyance Unoccup,0,0,,0,Medium,0
Female,Less than 25,Other,0,0,2,1.0,-1.0,F,Resist Officer w/Violence,0,0,,1,Low,0
Male,Less than 25,Asian,0,0,0,1.0,-1.0,F,Grand Theft (Motor Vehicle),0,0,,1,Low,0
Male,Greater than 45,Hispanic,0,1,0,4.0,-1.0,F,Possession of Cocaine,0,0,,4,Medium,0
Female,Greater than 45,African-American,0,0,0,2.0,-16.68364932415076,M,Driving Under The Influence,0,0,,2,Low,0
Male,Less than 25,Hispanic,0,0,0,3.0,-1.0,F,Lve/Scen/Acc/Veh/Prop/Damage,0,0,,3,Low,0
Female,Less than 25,Hispanic,0,0,0,0.0,0.0,M,DUI Level 0.15 Or Minor In Veh,0,0,,0,Low,0
Male,25 - 45,Asian,0,0,0,0.0,-2.0,M,Neglect Child / Bodily Harm,1,1,Child Abuse,0,Low,1
Male,25 - 45,African-American,0,0,0,1.0,-1.0,M,Battery,1,1,Battery,1,High,1
Male,Less than 25,Hispanic,0,0,0,7.0,-1.0,F,Grand Theft in the 3rd Degree,1,1,Resist/Obstruct W/O Violence,7,Medium,1
Female,Less than 25,Native American,0,0,0,1.0,-1.0,F,Possession Of Alprazolam,0,0,,1,Medium,0
Female,Less than 25,Native American,0,0,0,0.0,0.0,M,Battery,0,0,,0,Low,0
Female,25 - 45,Asian,0,0,0,8.0,0.0,M,Battery,1,0,Driving License Suspended,8,Low,1
Male,Less than 25,African-American,0,0,0,15.0,-1.0,F,Grand Theft in the 3rd Degree,1,0,Fail Register Vehicle,15,High,1
Male,25 - 45,African-American,0,0,0,0.0,0.0,F,Resist/Obstruct W/O Violence,0,0,,0,Medium,0
Female,Greater than 45,Asian,0,0,0,2.0,-1.0,M,Battery,0,0,,2,Low,0
Male,Greater than 45,African-American,0,0,0,0.0,-1.0,F,Possession of Cocaine,1,0,Operating W/O Valid License,0,Medium,1
Male,25 - 45,Hispanic,0,0,0,0.0,-1.0,F,Felony Driving While Lic Suspd,0,0,Fail Register Vehicle,0,Low,1
Male,Less than 25,Caucasian,0,0,0,8.0,-1.0,F,Felony Batt(Great Bodily Harm),1,0,Opert With Susp DL 2nd Offens,8,Low,1
Male,Greater than 45,Caucasian,0,1,1,3.0,0.0,F,"Poss3,4 Methylenedioxymethcath",1,0,Operating W/O Valid License,3,High,1
Male,Less than 25,Asian,0,0,0,12.0,0.0,F,Driving While License Revoked,1,0,Susp Drivers Lic 1st Offense,12,Low,1
Female,Less than 25,Caucasian,0,0,0,0.0,-1.0,F,Battery,0,0,,0,Low,0
Female,25 - 45,Asian,0,0,0,1.0,0.0,M,Battery,1,1,Resist/Obstruct W/O Violence,1,Low,1
Male,25 - 45,Hispanic,0,0,0,20.0,0.0,F,Agg Battery Grt/Bod/Harm,1,0,Operating W/O Valid License,20,High,1
Female,Greater than 45,Native American,0,0,0,14.0,-28.0,F,Battery,1,0,,14,Low,1
Male,Less than 25,Caucasian,0,0,0,1.0,-1.0,F,Driving While License Revoked,1,0,Fail Register Vehicle,1,Medium,1
Male,25 - 45,Native American,0,0,0,10.0,0.0,F,Felony Battery w/Prior Convict,0,0,,10,Medium,0
Female,Greater than 45,Hispanic,0,0,0,0.0,0.0,M,Battery,0,0,,0,Low,0
Female,25 - 45,Hispanic,0,0,0,1.0,-1.0,F,Poss Unlaw Issue Driver Licenc,0,0,,1,High,0
Female,Less than 25,Native American,0,0,0,0.0,0.0,M,Battery,0,0,,0,Low,0
Female,Greater than 45,Asian,0,0,0,1.0,0.0,F,"Poss3,4 Methylenedioxymethcath",0,0,,1,Low,0
Female,25 - 45,Caucasian,0,0,0,0.0,-1.0,M,Driving Under The Influence,0,0,,0,Low,0
Male,Less than 25,African-American,0,0,0,1.0,-1.0,F,"Poss3,4 Methylenedioxymethcath",0,0,,1,Medium,0
Male,Greater than 45,Caucasian,0,0,0,1.0,-1.0,F,Grand Theft in the 3rd Degree,1,0,,1,Medium,1
Female,Greater than 45,Native American,0,0,0,1.0,-1.0,F,Agg Battery Grt/Bod/Harm,0,0,,1,Low,0
Male,Greater than 45,Native American,0,0,0,1.0,-1.0,M,Viol Injunct Domestic Violence,0,0,,1,Medium,0
Male,Greater than 45,Hispanic,0,0,0,4.0,-5.0,M,Battery,0,0,,4,Low,0
Male,Less than 25,Native American,0,0,0,0.0,-1.0,M,Battery,1,0,Susp Drivers Lic 1st Offense,0,Medium,1
Female,Greater than 45,African-American,0,0,0,0.0,-1.0,F,False Imprisonment,0,0,,0,Low,0
Female,25 - 45,Native American,0,0,0,6.0,-1.0,F,Felony Driving While Lic Suspd,1,0,Susp Drivers Lic 1st Offense,6,Low,1
Female,25 - 45,Native American,0,0,0,6.0,29.018179931844962,M,Battery,1,0,Driving License Suspended,6,High,1
Male,Less than 25,Other,0,0,0,1.0,-1.0,M,Battery,1,0,,1,Low,0
Male,25 - 45,Hispanic,0,0,0,1.0,-1.0,M,Assault,0,0,,1,Low,0
Male,25 - 45,Caucasian,0,0,0,2.0,-1.0,M,Battery,1,1,Battery,2,High,1
Male,Less than 25,Other,0,0,0,0.0,-1.0,F,Grand Theft in the 3rd Degree,1,0,Unlaw LicTag/Sticker Attach,0,High,1
Male,Less than 25,Hispanic,0,0,0,1.0,0.0,M,Aggrav Battery w/Deadly Weapon,0,0,,1,Low,0
Male,Greater than 45,Hispanic,0,0,0,1.0,-10.0,M,Battery,0,0,,1,Low,0
Female,Less than 25,Other,0,0,1,9.0,-1.0,F,Shoot Into Vehicle,1,1,Child Abuse,9,High,1
Male,Less than 25,Asian,0,0,0,4.0,0.0,F,Aggrav Battery w/Deadly Weapon,0,0,,4,High,0
Female,Less than 25,Hispanic,0,0,0,2.0,0.0,F,Tampering With Physical Evidence,0,0,,2,Low,0
Male,Less than 25,Asian,0,0,3,2.0,-1.0,F,Grand Theft in the 3rd Degree,1,0,Petit Theft,2,Medium,1
Male,Less than 25,Native American,0,0,0,4.0,-1.0,M,Battery,1,1,Battery,4,Medium,1
Male,Greater than 45,Native American,0,0,0,0.0,-1.0,F,Grand Theft in the 3rd Degree,0,0,,0,Low,0
Male,Less than 25,Asian,0,0,0,4.0,-1.0,F,Possession of Cocaine,0,0,,4,Low,0
Female,Less than 25,African-American,0,0,0,10.0,-1.0,F,Aggravated Battery / Pregnant,1,0,Operating W/O Valid License,10,High,1
Male,25 - 45,Hispanic,0,0,0,4.0,0.0,F,Grand Theft in the 3rd Degree,1,0,,4,High,1
Male,25 - 45,Other,0,0,0,1.0,0.0,F,"Poss3,4 Methylenedioxymethcath",0,0,,1,High,0
Male,Greater than 45,African-American,0,0,0,0.0,-1.0,M,Lve/Scen/Acc/Veh/Prop/Damage,0,0,Opert With Susp DL 2nd Offens,0,Low,1
Male,Greater than 45,Hispanic,0,0,0,3.0,-1.0,F,Poss Pyrrolidinovalerophenone,1,0,Driving License Suspended,3,Medium,1
Female,Less than 25,Asian,0,0,0,9.0,0.0,F,Deliver Cocaine,1,0,Opert With Susp DL 2nd Offens,9,Medium,1
Male,Less than 25,African-American,0,0,0,7.0,-1.0,M,Exposes Culpable Negligence,0,0,,7,Low,0
Female,25 - 45,African-American,0,0,0,1.0,-1.0,F,Driving While License Revoked,0,0,,1,Low,0
Female,25 - 45,Hispanic,0,0,0,0.0,-1.0,M,DUI Level 0.15 Or Minor In Veh,0,0,,0,Low,0
Female,Less than 25,Other,0,0,0,1.0,11.87502049799103,F,Possession of Cannabis,0,0,,1,Medium,0
Male,Less than 25,African-American,0,0,0,4.0,-1.0,M,Battery,1,0,Susp Drivers Lic 1st Offense,4,Medium,1
Male,25 - 45,Native American,0,0,0,22.0,-29.0,F,Driving While License Revoked,0,0,,22,High,0
Male,Greater than 45,Hispanic,0,0,0,1.0,-1.0,F,Neglect Child / No Bodily Harm,0,0,,1,Low,0
Female,Less than 25,Native American,0,0,0,12.0,-24.0,M,Poss Pyrrolidinovalerophenone,0,0,,12,Medium,0
Male,Greater than 45,Hispanic,0,2,0,3.0,-1.0,F,Driving While License Revoked,1,0,Retail/Farm/Fare/Theft,3,Low,1
Male,25 - 45,Hispanic,0,0,1,13.0,-1.0,F,Pos Cannabis W/Intent Sel/Del,1,0,Opert With Susp DL 2nd Offens,13,High,1
Female,Greater than 45,Caucasian,0,0,0,1.0,-1.0,F,Dealing in Stolen Property,0,0,,1,Medium,0
Female,Less than 25,African-American,0,0,0,3.0,0.0,F,"Poss3,4 Methylenedioxymethcath",1,0,Resist/Obstruct W/O Violence,3,Low,1
Female,Less than 25,African-American,0,0,0,0.0,-1.0,F,Felony Batt(Great Bodily Harm),0,0,,0,Low,0
Male,Greater than 45,Hispanic,0,1,2,1.0,-1.0,F,Burglary Conveyance Unoccup,0,0,,1,High,0
Male,Greater than 45,Caucasian,0,0,0,1.0,0.0,M,Battery,1,0,Susp Drivers Lic 1st Offense,1,Low,1
Male,Less than 25,African-American,0,1,1,9.0,-1.0,M,Resist/Obstruct W/O Violence,1,0,,9,High,1
Male,Less than 25,African-American,0,0,0,11.0,-1.0,M,Aggravated Assault w/Firearm,0,0,,11,Medium,0
Male,Greater than 45,Native American,0,0,0,4.0,-5.0,F,Driving While License Revoked,0,0,Resist/Obstruct W/O Violence,4,Low,0
Male,Less than 25,Hispanic,0,0,0,2.0,-1.0,M,Petit Theft,0,0,,2,Low,0
Female,25 - 45,Native American,0,0,0,0.0,-1.0,M,Battery,0,0,,0,Low,0
Male,Less than 25,Asian,0,0,0,0.0,0.0,F,Grand Theft (Motor Vehicle),0,0,,0,High,0
Female,Less than 25,Asian,0,0,0,0.0,0.0,F,Aggrav Battery w/Deadly Weapon,1,1,Resist/Obstruct W/O Violence,0,Medium,1
Male,Less than 25,African-American,0,0,1,6.0,0.0,F,Poss Contr Subst W/o Prescript,1,1,Battery,6,High,1
Female,Less than 25,Native American,0,0,0,0.0,-1.0,M,Possess Cannabis/20 Grams Or Less,1,0,Driving License Suspended,0,High,1
Female,25 - 45,Caucasian,0,0,0,1.0,-1.0,M,Assault,1,0,Fail Register Vehicle,1,Medium,1
Female,25 - 45,Caucasian,0,0,0,7.0,-4.0,M,Carrying Concealed Firearm,1,0,,7,Medium,1
Male,Greater than 45,Other,0,0,1,4.0,-1.0,F,Pos Cannabis W/Intent Sel/Del,1,0,Petit Theft,4,Low,1
Female,25 - 45,Native American,0,0,0,9.0,-1.0,M,Battery,0,0,,9,Medium,0
Male,25 - 45,African-American,0,0,0,1.0,-1.0,F,Battery on Law Enforc Officer,1,0,Driving License Suspended,1,Medium,1
Male,Less than 25,Asian,0,0,0,0.0,0.0,F,"Poss3,4 Methylenedioxymethcath",0,0,,0,Medium,0
Male,Less than 25,African-American,0,0,0,23.0,-1.0,M,Possess Cannabis/20 Grams Or Less,1,0,Opert With Susp DL 2nd Offens,23,High,1
Female,Less than 25,Native American,0,0,0,4.0,0.0,F,DUI - Enhanced,1,0,Susp Drivers Lic 1st Offense,4,Medium,1
Female,Less than 25,Hispanic,0,0,0,2.0,-1.0,M,Viol Injunct Domestic Violence,0,0,,2,Low,0
Male,25 - 45,African-American,0,0,0,0.0,-3.0,F,Criminal Mischief,1,0,Operating W/O Valid License,0,Low,1
Female,Greater than 45,Native American,0,0,0,1.0,-1.0,M,Driving Under The Influence,0,0,,1,Low,0
Female,Greater than 45,Native American,0,0,0,1.0,-2.0,F,Poss Pyrrolidinovalerophenone,1,0,Resist/Obstruct W/O Violence,1,Medium,1
Male,Greater than 45,Other,0,0,0,23.0,-1.0,F,Battery on Law Enforc Officer,1,0,Driving License Suspended,23,High,1
Male,25 - 45,Caucasian,0,0,0,1.0,0.0,M,Battery,0,0,,1,Medium,0
Male,Greater than 45,African-American,0,0,0,2.0,0.0,F,False Imprisonment,1,0,,2,Low,0
Female,25 - 45,Other,0,0,0,2.0,0.0,F,Possession of Cocaine,1,0,Resist/Obstruct W/O Violence,2,Medium,1
Male,Greater than 45,African-American,0,0,0,3.0,0.0,F,Possession of Cannabis,1,0,Driving License Suspended,3,Low,1
Male,Greater than 45,African-American,0,0,0,0.0,-1.0,F,Carrying Concealed Firearm,0,0,,0,High,1
Female,Greater than 45,African-American,0,0,0,0.0,0.0,M,Battery,0,0,,0,Low,0
Female,Greater than 45,Caucasian,0,0,0,0.0,-1.0,M,Possess Cannabis/20 Grams Or Less,1,0,Opert With Susp DL 2nd Offens,0,Low,1
Female,Greater than 45,Hispanic,0,0,0,5.0,0.0,F,Possession of Cocaine,0,0,,5,Low,0
Male,25 - 45,Caucasian,0,0,0,3.0,-5.0,F,Pos Cannabis W/Intent Sel/Del,0,0,,3,Low,0
Male,Less than 25,Asian,0,0,0,5.0,0.0,F,Possession Of Methamphetamine,1,0,Operating W/O Valid License,5,High,1
Male,Less than 25,Asian,0,0,0,11.0,-1.0,F,Driving While License Revoked,1,0,Susp Drivers Lic 1st Offense,11,Low,1
Female,Greater than 45,Other,0,1,0,2.0,0.0,F,"Poss 3,4 MDMA (Ecstasy)",1,1,Resist/Obstruct W/O Violence,2,High,1
Male,Greater than 45,Caucasian,0,0,0,1.0,-1.0,F,Driving While License Revoked,0,0,,1,Medium,1
Male,Greater than 45,Native American,1,0,0,10.0,-1.0,M,"Poss 3,4 MDMA (Ecstasy)",1,1,Aid/Abet Burglary Assault/Batt,9,High,1
Male,Greater than 45,Hispanic,0,0,0,8.0,0.0,F,Driving While License Revoked,1,0,,8,Medium,0
Female,25 - 45,African-American,0,0,0,1.0,-1.0,F,Driving While License Revoked,0,0,,1,Low,0
Male,Greater than 45,Caucasian,0,0,0,1.0,-21.0,M,Aggravated Assault W/Dead Weap,1,0,,1,Low,0
Male,Greater than 45,Other,0,1,1,11.0,-1.0,F,Burglary Unoccupied Dwelling,1,0,,11,Medium,1
Male,Less than 25,Caucasian,0,0,0,0.0,-1.0,M,Battery,0,0,,0,Medium,0
Female,25 - 45,Hispanic,0,1,0,11.0,-1.0,F,Possession of Cocaine,1,0,Fail Register Vehicle,11,Medium,1
Male,Greater than 45,Caucasian,0,0,0,30.826812484191688,0.0,F,Driving While License Revoked,1,0,,30,Medium,1
Female,25 - 45,Other,0,0,0,5.0,-1.0,F,Poss Pyrrolidinovalerophenone,1,1,Child Abuse,5,Medium,1
Male,Greater than 45,Caucasian,0,0,0,1.0,0.0,F,Felony Battery (Dom Strang),0,0,,1,Low,0
Female,Less than 25,Caucasian,0,0,0,3.0,-1.0,F,Possession of Cannabis,1,0,,3,Low,1
Female,Less than 25,Caucasian,0,0,0,19.0,-1.0,F,Driving While License Revoked,1,0,Operating W/O Valid License,19,High,1
Female,Less than 25,Asian,0,0,0,1.0,-1.0,F,Grand Theft in the 3rd Degree,0,0,Resist/Obstruct W/O Violence,1,Low,0
Male,25 - 45,Native American,0,0,0,13.0,-1.0,M,Viol Pretrial Release Dom Viol,1,1,Battery,13,High,1
Male,Less than 25,Native American,0,0,0,4.0,0.0,F,Pos Cannabis W/Intent Sel/Del,0,0,,4,Medium,0
Male,Less than 25,Hispanic,0,0,0,3.0,-1.0,M,Driving License Suspended,0,0,,3,Medium,0
Male,25 - 45,Asian,0,0,0,0.0,0.0,M,Operating W/O Valid License,0,0,,0,Low,0
Male,Less than 25,Hispanic,0,0,0,0.0,-1.0,M,Battery,0,0,,0,Low,0
Male,Greater than 45,Native American,0,0,0,2.0,-1.0,F,Poss Pyrrolidinovalerophenone,1,1,False Imprisonment,2,Low,1
Female,25 - 45,Caucasian,0,3,6,4.0,-14.0,F,Trespassing/Construction Site,1,1,Retail Theft,3,High,0
Female,Greater than 45,African-American,0,0,0,2.0,0.0,M,Disorderly Conduct,0,0,,2,Low,0
Female,Greater than 45,Caucasian,0,0,0,1.0,0.0,M,Battery,0,0,,1,Low,0
Male,Greater than 45,Native American,0,0,0,1.0,-4.0,F,Criminal Mischief Damage <$200,0,0,,1,Low,0
Male,Less than 25,Asian,0,0,1,1.0,-1.0,F,Grand Theft in the 3rd Degree,0,0,,1,Low,0
Male,25 - 45,African-American,0,0,0,4.0,-3.0,F,Possession Of Heroin,1,0,,4,Low,1
Female,25 - 45,African-American,0,0,1,0.0,-1.0,F,Burglary Unoccupied Dwelling,0,0,,0,Low,0
Female,25 - 45,Caucasian,0,0,0,6.0,-10.0,F,Pos Cannabis W/Intent Sel/Del,1,1,Battery,6,Medium,1
Female,Less than 25,Asian,0,0,0,5.0,0.0,M,Petit Theft,0,0,,5,Low,0
Female,25 - 45,Hispanic,0,0,0,3.0,-1.0,F,Grand Theft in the 3rd Degree,1,0,Susp Drivers Lic 1st Offense,3,Medium,1
Female,Less than 25,Hispanic,0,0,0,7.0,-1.0,F,Felony Battery w/Prior Convict,1,1,Child Abuse,8,Medium,1
Female,25 - 45,African-American,0,0,0,1.0,-1.0,M,Battery,0,0,,1,Low,0
Male,25 - 45,Other,0,0,0,0.0,0.0,M,Driving Under The Influence,0,0,,0,Low,0
Female,Greater than 45,Asian,0,0,0,0.0,0.0,M,Battery,0,0,,0,Low,0
Male,Greater than 45,Other,0,0,0,1.0,-23.0,F,Possession of Cocaine,0,0,,1,Low,0
Female,Less than 25,Hispanic,0,0,0,0.0,0.0,M,Possession Burglary Tools,0,0,,0,Low,0
Female,Less than 25,Native American,0,0,0,27.91544284378886,-1.0,F,Possession of Cocaine,1,0,Operating W/O Valid License,28,High,1
Female,Greater than 45,Caucasian,0,0,0,0.0,-1.0,M,Operating W/O Valid License,0,0,,0,Low,0
Male,Less than 25,Caucasian,0,0,0,2.0,-2.0,F,Aggravated Battery,1,1,Battery,2,Medium,1
Female,Greater than 45,Caucasian,0,0,0,0.0,0.0,M,Assault,0,0,,0,Low,0
Female,Greater than 45,Other,0,0,0,3.0,0.0,F,Possession of Cocaine,0,0,,3,Low,0
Male,Greater than 45,Other,0,0,0,38.0,-1.0,F,Felony Battery w/Prior Convict,1,1,Resist/Obstruct W/O Violence,38,High,1
Female,25 - 45,Other,0,0,0,2.0,-1.0,F,Burglary Unoccupied Dwelling,0,0,,2,Low,0
Male,25 - 45,Asian,0,0,0,16.0,-1.0,F,Resist Officer w/Violence,0,0,,16,Medium,0
Male,Less than 25,African-American,0,0,0,1.0,-1.0,F,Poss Cocaine/Intent To Del/Sel,1,0,Driving License Suspended,1,Medium,1
Male,Less than 25,African-American,0,0,0,5.0,-1.0,M,Aggravated Assault W/dead Weap,1,0,Driving License Suspended,5,High,0
Female,25 - 45,Other,0,0,0,6.0,0.0,F,Grand Theft (Motor Vehicle),1,1,False Imprisonment,6,High,1
Male,25 - 45,African-American,0,0,0,7.0,-7.0,F,Felony Battery (Dom Strang),1,0,Fail Register Vehicle,7,Medium,1
Female,Less than 25,Other,0,0,0,1.0,-1.0,F,Pos Cannabis W/Intent Sel/Del,0,0,,1,Low,0
Female,Less than 25,African-American,1,2,0,9.0,-1.0,F,Tampering With Physical Evidence,1,0,Fail Register Vehicle,9,High,1
Female,Less than 25,Other,0,2,0,3.0,-1.0,F,Grand Theft in the 3rd Degree,1,0,Operating W/O Valid License,3,Low,1
Female,Greater than 45,African-American,0,0,0,31.0020000727949,-22.0,F,Possession of Cocaine,1,0,Resist/Obstruct W/O Violence,30,Medium,1
Male,Greater than 45,African-American,0,0,0,9.0,0.0,F,Burglary Structure Unoccup,1,0,Susp Drivers Lic 1st Offense,9,Medium,1
Female,Greater than 45,African-American,0,0,0,1.0,-1.0,F,Agg Battery Grt/Bod/Harm,0,0,,1,High,0
Female,Less than 25,African-American,1,2,2,3.0,-1.0,F,Possession Of Paraphernalia,1,0,Utilizing Juvenile to Deliver,3,High,1
Female,25 - 45,African-American,0,0,0,0.0,0.0,M,Driving License Suspended,1,0,Fail Register Vehicle,0,Medium,1
Male,Greater than 45,Asian,0,1,0,2.0,-1.0,F,Burglary Structure Unoccup,1,1,Resist/Obstruct W/O Violence,2,High,1
Female,25 - 45,African-American,0,0,1,0.0,0.0,F,Burglary Unoccupied Dwelling,0,0,,0,Medium,0
Male,25 - 45,Asian,0,0,0,6.0,-1.0,F,Burglary Conveyance Unoccup,0,0,,6,Low,0
Male,25 - 45,Caucasian,0,0,0,4.0,-1.0,M,Battery,1,0,,4,Low,1
Female,Less than 25,African-American,0,0,0,0.0,0.0,M,Child Abuse,1,0,Fail Register Vehicle,0,Low,1
Male,Greater than 45,African-American,0,0,0,10.0,-1.0,F,Cruelty Toward Child,1,0,Driving License Suspended,10,Medium,1
Female,25 - 45,Native American,0,0,0,0.0,-1.0,F,Battery on Law Enforc Officer,1,0,Driving License Suspended,0,Low,1
Female,Greater than 45,Hispanic,0,0,0,0.0,-1.0,M,Unlaw LicTag/Sticker Attach,0,0,,0,Low,0
Male,Greater than 45,African-American,0,0,0,0.0,-1.0,M,Battery,0,0,,0,Low,0
Male,25 - 45,Asian,0,0,2,0.0,-1.0,F,Aggravated Assault W/dead Weap,0,0,Opert With Susp DL 2nd Offens,0,Medium,1
Female,Less than 25,Hispanic,1,0,0,1.0,-1.0,F,Felony Battery (Dom Strang),1,1,Aid/Abet Burglary Assault/Batt,1,High,1
Female,Less than 25,Hispanic,0,0,0,5.0,-1.0,F,Aggrav Battery w/Deadly Weapon,1,1,False Imprisonment,5,Low,1
Female,Greater than 45,Asian,0,0,0,0.0,-2.0,M,Disorderly Intoxication,0,0,,0,Medium,0
Female,Greater than 45,Hispanic,0,1,2,1.0,-1.0,M,Driving License Suspended,1,0,DWLS Habitual Offender 2nd,1,Low,1
Male,Less than 25,Caucasian,0,0,0,1.0,-1.0,F,Grand Theft in the 3rd Degree,0,0,,1,Low,0
Male,Greater than 45,Native American,0,0,0,0.0,-1.0,M,Driving Under The Influence,0,0,,0,Low,0
Female,25 - 45,African-American,0,0,0,1.0,0.0,M,Battery,1,1,Battery,1,Low,1
Female,Greater than 45,Hispanic,0,0,0,2.0,-1.0,M,Viol Prot Injunc Repeat Viol,1,0,Operating W/O Valid License,2,Low,0
Female,25 - 45,Other,0,0,0,0.0,-1.0,M,Battery,1,0,Susp Drivers Lic 1st Offense,0,Medium,0
Female,Greater than 45,Caucasian,0,0,0,6.0,-1.0,F,Aggravated Battery,0,0,,6,Low,0
Female,25 - 45,Hispanic,0,0,2,15.0,-1.0,F,False 911 Call,1,1,Robbery / Weapon,12,High,1
Female,25 - 45,Caucasian,0,0,0,2.0,-1.0,M,Battery,1,0,,2,Low,0
Male,25 - 45,Caucasian,0,0,0,0.0,-1.0,F,Tampering With Physical Evidence,0,0,,0,Low,0
Male,Less than 25,Asian,0,0,2,0.0,-1.0,F,Tampering With Physical Evidence,1,1,Battery,0,Low,0
Male,Greater than 45,Other,1,0,1,1.0,-1.0,F,Viol Prot Injunc Repeat Viol,1,0,Operating W/O Valid License,1,Medium,1
Male,25 - 45,Caucasian,0,0,1,4.0,-1.0,F,Possession of Cocaine,1,0,Petit Theft,4,Low,1
Male,25 - 45,Hispanic,0,0,0,2.0,-1.0,F,Possession of Cocaine,1,0,Driving License Suspended,2,Medium,1
Female,Less than 25,Native American,0,0,0,3.0,-1.0,M,Battery,1,0,Susp Drivers Lic 1st Offense,3,Medium,1
Female,25 - 45,Other,0,0,1,10.0,0.0,F,Battery on Law Enforc Officer,1,0,Petit Theft,10,Medium,0
Male,Less than 25,Native American,0,0,0,3.0,0.0,F,"Poss3,4 Methylenedioxymethcath",0,0,,3,Low,0
Female,25 - 45,Caucasian,0,0,0,0.0,-1.0,F,Felony Battery (Dom Strang),1,0,Susp Drivers Lic 1st Offense,0,Low,1
Male,25 - 45,Asian,0,0,0,5.0,0.0,F,Felony Battery (Dom Strang),1,0,,5,Medium,0
Female,Greater than 45,African-American,0,0,0,0.0,-1.0,M,Battery,0,0,,0,Low,0
Female,Greater than 45,Hispanic,0,0,0,4.0,0.0,F,Pos Cannabis W/Intent Sel/Del,1,0,,4,Medium,0
Male,25 - 45,African-American,0,0,0,0.0,-1.0,M,Battery,0,0,,0,Low,0
Male,25 - 45,Other,0,0,0,0.0,-1.0,F,Felony Battery (Dom Strang),0,0,,0,Low,0
Male,25 - 45,Asian,0,0,0,5.0,-1.0,F,Agg Battery Grt/Bod/Harm,1,0,,5,Medium,1
Female,25 - 45,Hispanic,0,0,1,10.0,-1.0,F,Tampering With Physical Evidence,1,0,Operating W/O Valid License,10,Medium,0
Female,Less than 25,Asian,0,0,0,1.0,-1.0,M,Battery,0,0,,1,Low,0
Female,25 - 45,African-American,0,1,0,26.078910333877964,-1.0,F,Driving While License Revoked,1,0,,26,High,1
Female,Less than 25,Caucasian,0,0,0,8.0,-1.0,F,Cruelty Toward Child,0,0,,8,High,0
Female,Less than 25,Hispanic,0,0,0,0.0,0.0,M,Battery,0,0,,0,Low,0
Male,25 - 45,Caucasian,0,0,0,5.0,-1.0,F,Aggravated Assault W/Dead Weap,0,0,,5,Medium,0
Male,25 - 45,African-American,0,0,0,3.0,-1.0,M,Battery on Law Enforc Officer,0,0,,3,Low,0
Male,25 - 45,African-American,0,0,0,6.0,0.0,F,Burglary Conveyance Unoccup,0,0,,6,Low,0
Male,Less than 25,Other,0,0,1,5.0,0.0,F,Burglary Conveyance Unoccup,1,0,Drink/Premises Licensed Estab,5,Medium,1
Male,25 - 45,African-American,0,0,0,1.0,-2.0,M,Operating W/O Valid License,0,0,,1,Medium,0
Female,Less than 25,Caucasian,0,0,0,2.0,0.0,F,Tampering With Physical Evidence,1,0,,2,Low,0
Female,Less than 25,Asian,0,0,0,5.0,-1.0,F,Agg Battery Grt/Bod/Harm,1,0,Opert With Susp DL 2nd Offens,5,High,1
Male,Less than 25,Hispanic,0,0,0,3.0,-1.0,M,Viol Injunct Domestic Violence,1,1,Resist/Obstruct W/O Violence,3,Low,1
Male,25 - 45,Caucasian,0,0,0,7.0,-1.0,F,Possession of Cocaine,1,0,Operating W/O Valid License,7,Medium,1
Female,Greater than 45,Other,0,0,0,0.0,0.0,M,DUI Property Damage/Injury,0,0,,0,Low,0
Female,25 - 45,African-American,0,0,0,7.0,0.0,F,Burglary Dwelling Assault/Batt,1,0,Susp Drivers Lic 1st Offense,7,Medium,1
Female,Less than 25,Other,0,0,0,1.0,-2.0,F,Deliver Cocaine,0,0,,1,Low,0
Male,25 - 45,African-American,0,0,0,4.0,-1.0,F,Felony Driving While Lic Suspd,0,0,,4,Medium,0
Female,25 - 45,African-American,0,0,0,4.0,-1.0,F,Felony Driving While Lic Suspd,1,0,Susp Drivers Lic 1st Offense,4,Low,1
Male,25 - 45,African-American,0,0,0,0.0,-1.0,F,Poss Cocaine/Intent To Del/Sel,0,0,Resist/Obstruct W/O Violence,0,High,1
Female,Less than 25,Asian,2,0,0,12.0,-1.0,F,Poss Of Controlled Substance,1,0,,12,High,0
Male,Less than 25,Other,0,0,0,1.0,-1.0,F,Dealing in Stolen Property,1,0,Operating W/O Valid License,1,High,1
Female,Greater than 45,Native American,0,0,0,3.0,-1.0,F,Crimin Mischief Damage $1000+,1,1,Child Abuse,3,Low,1
Female,Less than 25,Caucasian,0,0,0,1.0,-1.0,F,Driving While License Revoked,0,0,,1,Low,0
Male,Greater than 45,Caucasian,0,0,0,0.0,-1.0,M,Viol Injunct Domestic Violence,0,0,,0,Medium,0
Male,25 - 45,Caucasian,0,0,0,10.0,0.0,M,Viol Prot Injunc Repeat Viol,1,1,Child Abuse,10,High,1
Female,25 - 45,Caucasian,0,0,0,4.0,-1.0,M,Battery,0,0,,4,Low,0
Female,Less than 25,Native American,0,0,0,0.0,-1.0,M,Battery,0,0,,0,High,0
Female,Greater than 45,Hispanic,0,0,0,0.0,-3.0,M,Battery,0,0,Resist/Obstruct W/O Violence,0,Low,0
Male,Greater than 45,Other,0,0,0,1.0,-1.0,F,Possession of Cocaine,0,0,,1,Low,0
Male,Greater than 45,Caucasian,0,0,0,7.0,-6.0,M,Battery,0,0,,7,Medium,0
Male,Less than 25,African-American,0,0,0,0.0,-1.0,F,Possession Burglary Tools,0,0,,0,High,0
Male,Less than 25,Hispanic,0,0,0,1.0,-1.0,F,Aggravated Assault w/Firearm,0,0,,1,Low,0
Female,Greater than 45,Native American,0,0,1,2.0,-1.0,F,Possession of Cocaine,1,0,Drink/Premises Licensed Estab,2,Medium,1
Female,25 - 45,Hispanic,0,0,0,1.0,-1.0,F,Grand Theft (Motor Vehicle),0,0,,1,Medium,0
Male,25 - 45,Native American,0,0,0,11.0,-1.0,F,Felony Driving While Lic Suspd,1,0,Operating W/O Valid License,11,Medium,1
Male,25 - 45,African-American,0,0,0,1.0,-1.0,F,Grand Theft in the 3rd Degree,1,0,Driving License Suspended,1,Medium,1
Female,25 - 45,Native American,0,0,0,0.0,0.0,F,Burglary Conveyance Unoccup,0,0,,0,Low,0
Female,Greater than 45,Asian,0,0,0,0.0,-1.0,F,Aggravated Assault w/Firearm,0,0,,0,Low,0
Male,Less than 25,Other,0,0,0,0.0,0.0,F,Unlaw LicTag/Sticker Attach,0,0,,0,Medium,0
Male,Greater than 45,African-American,0,0,0,0.0,-2.0,M,Disorderly Intoxication,0,0,,0,Low,0
Male,Greater than 45,Native American,0,0,0,0.0,0.0,M,Battery,0,0,,0,Low,0
Female,Less than 25,Other,0,1,0,14.0,-1.0,F,Driving While License Revoked,1,0,Trafficking 4-14 Grams Heroin,14,Medium,0
Female,25 - 45,Caucasian,0,0,0,1.0,0.0,F,Felony Battery (Dom Strang),1,0,,1,Low,1
Female,Greater than 45,African-American,0,0,0,1.0,-1.0,F,Tampering With Physical Evidence,0,0,,1,High,0
Male,Greater than 45,Native American,0,0,0,6.0,0.0,F,Deliver Cocaine,1,0,,6,High,1
Male,Greater than 45,African-American,0,0,0,2.0,-1.0,M,Driving Under The Influence,1,0,Driving License Suspended,2,Low,1
Female,Less than 25,Native American,0,0,0,0.0,-1.0,M,Disorderly Intoxication,0,0,,0,Low,0
Female,Greater than 45,Asian,0,0,0,1.0,-1.0,F,Crimin Mischief Damage $1000+,1,0,,1,Low,1
Female,25 - 45,Native American,0,0,0,9.0,0.0,M,Carrying Concealed Firearm,1,0,Opert With Susp DL 2nd Offens,9,Low,1
Male,Less than 25,Asian,0,0,0,4.0,-8.0,F,Pos Cannabis W/Intent Sel/Del,0,0,,4,Low,0
Male,Greater than 45,Asian,0,0,0,0.0,-1.0,F,Possession of Cocaine,1,0,Unlaw LicTag/Sticker Attach,0,Low,1
Female,Less than 25,Asian,0,0,0,3.0,0.0,F,Neglect Child / No Bodily Harm,1,0,Opert With Susp DL 2nd Offens,3,Medium,1
Female,Less than 25,African-American,0,0,0,8.0,-1.0,F,"Poss3,4 Methylenedioxymethcath",1,0,Fail Register Vehicle,8,High,1
Female,Less than 25,Caucasian,0,0,1,0.0,-1.0,M,Battery,1,0,Fail Register Vehicle,0,Medium,1
Male,Less than 25,Hispanic,0,0,0,0.0,-1.0,F,Possession of Oxycodone,0,0,,0,Low,0
Male,25 - 45,Other,0,0,0,3.0,-1.0,M,Battery,0,0,,3,Medium,0
Female,Less than 25,African-American,0,0,0,10.0,-1.0,F,Driving While License Revoked,0,0,,10,Medium,0
Female,25 - 45,Caucasian,0,1,0,4.0,-1.0,M,Battery,1,0,,4,Low,1
Male,25 - 45,Hispanic,0,0,0,2.0,-1.0,F,Grand Theft (Motor Vehicle),0,0,,2,Low,0
Male,Greater than 45,Other,0,0,0,1.0,-1.0,F,Aggravated Assault W/Dead Weap,0,0,,1,Low,0
Male,25 - 45,Other,0,0,0,0.0,-1.0,M,Battery,0,0,,0,Low,0
Female,25 - 45,Hispanic,0,0,0,4.0,-1.0,M,Battery,1,0,Opert With Susp DL 2nd Offens,4,Low,1
Male,25 - 45,Other,2,0,1,15.0,-1.0,M,Battery,1,0,Driving License Suspended,15,High,1
Female,Greater than 45,Native American,0,0,0,0.0,-1.0,F,Disorderly Conduct,1,1,Battery,0,Low,1
Female,25 - 45,Hispanic,0,0,0,0.0,0.0,F,"Poss3,4 Methylenedioxymethcath",0,0,,0,Medium,0
Male,Less than 25,Caucasian,0,0,0,0.0,-1.0,F,Crim Use of Personal ID Info,0,0,,0,Low,0
Male,25 - 45,Native American,0,0,0,0.0,-2.0,M,Battery,0,0,,0,Low,0
Male,Less than 25,Caucasian,0,0,0,1.0,-10.0,F,Susp Drivers Lic 1st Offense,0,0,,1,Low,0
Male,Greater than 45,Asian,0,1,2,8.0,-1.0,F,False Ownership Info/Pawn Item,1,0,,8,Medium,1
Male,Less than 25,Native American,0,0,0,0.0,0.0,F,Felony DUI (level 3),1,0,Unlaw LicTag/Sticker Attach,0,Low,0
Female,Greater than 45,African-American,0,0,0,1.0,-1.0,M,Battery,1,1,False Imprisonment,1,Low,1
Male,Less than 25,Caucasian,0,0,0,0.0,-1.0,M,Disorderly Conduct,1,0,Unlaw LicTag/Sticker Attach,0,Low,1
Male,Less than 25,Caucasian,0,0,0,0.0,-1.0,F,Driving While License Revoked,0,0,,0,Low,0
Male,Greater than 45,Asian,0,0,0,0.0,-1.0,F,Grand Theft in the 3rd Degree,1,0,Unlaw LicTag/Sticker Attach,0,Low,1
Male,25 - 45,Asian,0,0,0,0.0,-1.0,M,Battery,0,0,,0,Low,0
Female,Less than 25,Asian,0,0,0,1.0,-1.0,M,Battery,0,0,,1,Medium,0
Female,25 - 45,Other,0,0,0,4.0,-1.0,F,Tampering With Physical Evidence,1,0,Operating W/O Valid License,4,High,1
Male,Greater than 45,Hispanic,0,0,0,1.0,-1.0,F,Grand Theft in the 3rd Degree,1,0,Driving License Suspended,1,Medium,1
Male,Greater than 45,Other,0,0,0,0.0,-1.0,M,Battery,0,0,,0,Low,0
Male,Greater than 45,Native American,0,0,0,1.0,-1.0,F,Agg Battery Grt/Bod/Harm,1,0,Operating W/O Valid License,1,Medium,1
Male,Less than 25,Other,0,0,0,0.0,-2.0,F,Grand Theft in the 3rd Degree,1,0,Unlaw LicTag/Sticker Attach,0,Medium,1
Male,Greater than 45,African-American,0,0,0,2.0,-1.0,F,Aggravated Battery,1,0,Susp Drivers Lic 1st Offense,2,Medium,1
Male,Less than 25,African-American,0,0,0,0.0,0.0,M,DUI Property Damage/Injury,0,0,,0,Low,0
Female,25 - 45,Other,0,0,0,0.0,-1.0,F,Child Abuse,0,0,Operating W/O Valid License,0,Low,1
Male,Greater than 45,African-American,0,1,0,7.0,0.0,F,Aggravated Assault W/dead Weap,1,0,Susp Drivers Lic 1st Offense,7,Medium,1
Male,Less than 25,Caucasian,0,0,1,0.0,0.0,F,Failure To Return Hired Vehicle,0,1,Battery,0,Low,1
Male,Greater than 45,Asian,0,0,0,4.0,-1.0,F,Felony Petit Theft,1,1,Child Abuse,4,High,1
Female,Less than 25,Asian,0,0,0,1.0,0.0,M,Battery,1,0,Susp Drivers Lic 1st Offense,1,Medium,1
Female,25 - 45,Other,0,0,0,0.0,-1.0,M,Battery,0,0,,0,Low,0
Male,Less than 25,Native American,0,0,0,0.0,-1.0,F,Driving License Suspended,0,0,,0,Low,0
Male,Greater than 45,African-American,0,0,0,11.0,-1.0,F,Aggravated Assault w/Firearm,1,0,Driving License Suspended,11,Medium,0
Male,25 - 45,Native American,0,0,0,6.0,-1.0,F,Burglary Structure Unoccup,1,1,Resist/Obstruct W/O Violence,6,Medium,1
Male,Greater than 45,Caucasian,0,0,0,0.0,0.0,M,Battery,0,0,,0,Low,0
Female,25 - 45,Caucasian,0,0,0,4.0,-1.0,F,Felony Driving While Lic Suspd,1,0,Resist/Obstruct W/O Violence,4,Low,0
Female,Greater than 45,Caucasian,0,0,0,0.0,0.0,F,Burglary Unoccupied Dwelling,1,0,Fail Register Vehicle,0,Medium,1
Female,Greater than 45,Hispanic,0,0,0,1.0,0.0,M,Battery,0,0,,1,Low,0
Female,Less than 25,Caucasian,0,0,0,0.0,-1.0,F,Tamper With Witness/Victim/CI,1,0,Susp Drivers Lic 1st Offense,0,Low,1
Male,Less than 25,Asian,0,0,0,1.0,-3.0,M,Driving Under The Influence,1,0,,1,Low,0
Female,25 - 45,Caucasian,0,0,0,0.0,-2.0,M,Susp Drivers Lic 1st Offense,1,0,Drinking Alch Beverage In Open,0,Medium,1
Male,25 - 45,Hispanic,0,0,0,0.0,-1.0,F,Grand Theft (Motor Vehicle),0,0,,0,Medium,0
Female,Greater than 45,Hispanic,0,0,0,1.0,-7.0,M,Petit Theft,0,0,,1,Low,0
Male,Less than 25,Native American,0,0,0,2.0,-26.0,F,Aggravated Assault W/dead Weap,1,0,,2,Medium,1
Male,Greater than 45,African-American,0,0,0,4.0,-7.0,F,Felony Batt(Great Bodily Harm),1,1,Child Abuse,4,High,1
Female,25 - 45,Native American,0,0,0,1.0,-1.0,M,Felony Batt(Great Bodily Harm),0,0,,1,Medium,0
Male,Greater than 45,African-American,0,0,0,0.0,-1.0,M,Criminal Mischief,0,0,,0,Low,0
Female,25 - 45,Caucasian,0,0,0,0.0,-1.0,M,Disorderly Intoxication,0,0,,0,Low,0
Female,Greater than 45,Caucasian,0,0,0,7.0,-1.0,F,Driving While License Revoked,1,0,Operating W/O Valid License,7,Low,1
Female,Less than 25,Caucasian,0,0,0,16.0,0.0,F,Burglary Conveyance Unoccup,1,0,Felony Petit Theft,16,High,1
Male,Less than 25,African-American,0,0,0,0.0,-1.0,F,Grand Theft (Motor Vehicle),0,0,Driving License Suspended,0,Low,1
Male,Less than 25,Native American,0,0,0,17.0,-1.0,F,Possession of Cocaine,1,0,Driving License Suspended,17,High,1
Male,25 - 45,African-American,0,0,0,1.0,0.0,F,Tampering With Physical Evidence,1,0,Operating W/O Valid License,1,Low,1
Male,Greater than 45,Native American,0,0,1,7.0,-1.0,F,Grand Theft in the 3rd Degree,0,0,,7,High,0
Female,Greater than 45,Asian,0,0,0,7.0,0.0,F,Dealing in Stolen Property,1,0,,7,High,0
Female,Greater than 45,Hispanic,0,0,0,1.0,-1.0,F,Crimin Mischief Damage $1000+,0,0,,1,Low,0
Male,25 - 45,Asian,0,0,0,0.0,0.0,F,Felony Driving While Lic Suspd,1,0,,0,Low,1
Male,Less than 25,African-American,0,0,0,0.0,-1.0,F,Pos Cannabis W/Intent Sel/Del,0,0,,0,Low,0
Female,25 - 45,Hispanic,0,2,0,15.0,-1.0,F,Possession of Cocaine,1,0,Trafficking 4-14 Grams Heroin,15,High,1
Female,Greater than 45,Hispanic,1,0,0,1.0,26.888110549202068,F,Pos Cannabis W/Intent Sel/Del,1,0,Fail Register Vehicle,1,High,1
Female,Less than 25,Caucasian,0,1,1,2.0,-1.0,F,Possession Of Alprazolam,1,0,Susp Drivers Lic 1st Offense,2,High,1
Male,Greater than 45,Native American,0,0,0,0.0,-1.0,F,Grand Theft in the 3rd Degree,0,0,,0,Low,0
Female,Greater than 45,Caucasian,0,0,0,0.0,0.0,M,Battery,0,0,,0,Low,0
Male,Greater than 45,Other,0,0,0,0.0,-1.0,F,Leave Acc/Attend Veh/More $50,0,0,,0,Low,0
Female,Greater than 45,Asian,0,0,0,0.0,0.0,M,Battery,1,0,Resist/Obstruct W/O Violence,0,Low,1
Male,Less than 25,African-American,0,0,0,1.0,-1.0,F,Disorderly Conduct,0,0,,1,Low,0
Female,Greater than 45,African-American,0,0,0,0.0,0.0,M,Leaving Acc/Unattended Veh,0,0,,0,Low,0
Male,25 - 45,Asian,0,0,0,0.0,-1.0,F,Aggrav Battery w/Deadly Weapon,0,0,,0,Low,0
Male,Greater than 45,Other,0,0,0,0.0,-1.0,F,Crim Use of Personal ID Info,0,0,,0,Low,0
Female,25 - 45,Other,0,0,0,5.0,-1.0,F,Aggravated Battery,0,0,,5,High,0
Male,Less than 25,Other,0,0,2,0.0,-1.0,F,Burglary Conveyance Unoccup,1,0,Fail Register Vehicle,0,Low,1
Female,Greater than 45,Hispanic,0,0,1,12.0,-2.0,M,Criminal Mischief Damage <$200,1,0,Opert With Susp DL 2nd Offens,11,Medium,1
Female,Less than 25,Hispanic,0,0,0,8.0,-1.0,M,Battery,0,0,,8,Medium,0
Male,Less than 25,Hispanic,0,0,0,1.0,-4.0,F,Grand Theft in the 3rd Degree,0,0,,1,Low,0
Male,Less than 25,Caucasian,0,0,0,11.0,-1.0,F,Possession of Cocaine,1,0,,11,Low,0
Female,Greater than 45,Caucasian,0,0,0,0.0,-1.0,M,Battery,1,0,Unlaw LicTag/Sticker Attach,0,Low,1
Male,Less than 25,Asian,0,0,0,11.0,-1.0,F,Possession of Cocaine,1,0,Operating W/O Valid License,11,Medium,1
Female,Greater than 45,Hispanic,0,0,0,1.0,-30.0,M,Battery,0,0,,1,Low,0
Female,Greater than 45,Native American,0,0,0,2.0,-1.0,F,Deliver Cocaine,0,0,,2,Low,0
Male,25 - 45,Asian,0,0,0,0.0,-1.0,F,Grand Theft in the 3rd Degree,1,0,Operating W/O Valid License,0,Medium,1
Male,Greater than 45,African-American,2,0,0,13.0,-1.0,F,Driving While License Revoked,0,0,Driving License Suspended,13,Low,0
Male,25 - 45,Caucasian,0,0,0,3.0,-1.0,F,Poss Pyrrolidinovalerophenone,1,0,Driving License Suspended,3,Low,1
Male,Less than 25,Caucasian,0,0,0,4.0,-6.813216438118207,M,Disorderly Conduct,1,1,Child Abuse,4,High,0
Male,Greater than 45,African-American,0,0,0,0.0,-1.0,F,Burglary Conveyance Unoccup,1,0,,0,Medium,1
Male,Greater than 45,Caucasian,0,0,1,2.0,-1.0,M,Exposes Culpable Negligence,0,0,,2,Low,0
Female,Less than 25,African-American,0,0,0,0.0,-1.0,F,Resist/Obstruct W/O Violence,0,0,,0,Low,0
Male,Less than 25,African-American,0,0,0,0.0,-1.0,F,Aggrav Battery w/Deadly Weapon,0,0,,0,Low,0
Male,25 - 45,Hispanic,0,0,0,0.0,-1.0,F,Possession of Cocaine,0,0,,0,Low,0
Male,Greater than 45,Other,0,0,0,5.0,-1.0,F,False Imprisonment,1,0,Susp Drivers Lic 1st Offense,5,Low,1
Female,25 - 45,Native American,0,0,0,0.0,-1.0,M,Battery,0,0,,0,Low,0
Female,Less than 25,Native American,0,0,0,1.0,0.0,F,Neglect Child / No Bodily Harm,0,0,,1,Low,0
Male,Less than 25,Native American,0,3,0,18.0,-1.0,M,Battery,0,0,,18,High,0
Male,Greater than 45,African-American,0,0,0,2.0,-1.0,F,Exposes Culpable Negligence,1,0,Resist/Obstruct W/O Violence,2,High,1
Female,Less than 25,African-American,0,0,0,5.0,-3.0,F,Possession Of Alprazolam,0,0,,5,Medium,0
Male,25 - 45,Hispanic,0,0,0,1.0,-1.0,M,Driving License Suspended,0,0,,1,Medium,0
Female,25 - 45,African-American,0,0,0,1.0,-1.0,F,Possession of Cannabis,0,0,,1,Low,0
Male,25 - 45,Native American,0,0,0,11.0,-1.0,M,Resist/Obstruct W/O Violence,1,0,Opert With Susp DL 2nd Offens,11,Low,1
Female,Greater than 45,Other,0,0,0,4.0,-1.0,F,Crimin Mischief Damage $1000+,0,0,,4,Medium,0
Female,25 - 45,African-American,0,0,0,1.0,0.0,F,Criminal Mischief,0,0,,1,Medium,0
Female,Greater than 45,Hispanic,0,0,0,4.0,-1.0,M,Susp Drivers Lic 1st Offense,0,0,Driving License Suspended,4,High,0
Female,Greater than 45,African-American,0,0,0,0.0,-1.0,F,Grand Theft (Motor Vehicle),0,0,,0,Low,0
Male,Greater than 45,Native American,0,0,0,0.0,0.0,M,Driving Under The Influence,0,0,Drinking Alch Beverage In Open,0,Low,1
Female,Greater than 45,Asian,0,1,1,2.0,0.0,F,Lewd Act Presence Child 16-,1,1,Aid/Abet Burglary Assault/Batt,3,High,1
Male,25 - 45,Caucasian,0,0,0,1.0,-1.0,M,Driving Under The Influence,1,0,Driving License Suspended,1,Low,1
Male,25 - 45,Hispanic,0,0,0,0.0,-1.0,M,Battery,0,0,,0,Low,0
Female,Greater than 45,Caucasian,0,0,0,4.0,-1.0,M,Battery,0,0,,4,Low,0
Male,Less than 25,Other,0,0,0,11.0,-1.0,M,Battery,1,1,Resist/Obstruct W/O Violence,11,Medium,1
Male,Greater than 45,Native American,0,0,0,6.0,-1.0,M,Battery,0,0,,6,Low,0
Male,25 - 45,African-American,0,0,0,5.0,-1.0,F,Grand Theft in the 3rd Degree,0,0,,5,Medium,0
Female,Greater than 45,Hispanic,0,0,0,1.0,-1.0,M,Battery,1,0,Driving License Suspended,1,Low,0
Male,25 - 45,Caucasian,0,0,0,1.0,-1.0,M,Possession Of Alprazolam,1,1,Resist/Obstruct W/O Violence,1,Low,1
Male,Less than 25,Other,0,0,0,1.0,0.0,M,Susp Drivers Lic 1st Offense,0,0,,1,Low,0
Male,25 - 45,Asian,0,0,0,0.0,-1.0,M,Battery,0,0,,0,Low,0
Male,Greater than 45,Hispanic,0,0,0,9.0,-1.0,F,Deliver Cocaine,1,0,,9,Medium,0
Male,Greater than 45,Hispanic,0,0,0,1.0,0.0,F,Robbery / No Weapon,1,0,Operating W/O Valid License,1,Medium,1
Male,Greater than 45,Asian,0,0,0,0.0,-1.0,F,Grand Theft in the 3rd Degree,0,0,,0,Low,0
Female,Greater than 45,African-American,0,0,0,1.0,-1.0,M,Resist/Obstruct W/O Violence,0,0,,1,Low,0
Female,25 - 45,Other,0,0,0,1.0,-1.0,F,Tamper With Witness/Victim/CI,0,0,,1,Low,0
Male,Less than 25,Hispanic,0,0,0,0.0,0.0,F,Driving While License Revoked,0,0,,0,Low,0
Male,Less than 25,Caucasian,0,1,0,9.0,-1.0,F,Driving While License Revoked,1,0,Operating W/O Valid License,9,Medium,1
Male,25 - 45,African-American,0,0,0,0.0,-1.0,F,Neglect Child / No Bodily Harm,0,0,,0,Low,0
Female,25 - 45,Asian,0,0,0,0.0,0.0,F,"Poss3,4 Methylenedioxymethcath",1,0,Susp Drivers Lic 1st Offense,0,Low,1
Female,Less than 25,Asian,0,0,0,0.0,-3.0,M,DUI Property Damage/Injury,0,0,,0,Low,0
Male,Less than 25,Hispanic,0,0,0,0.0,-2.0,M,Battery,0,0,,0,Low,0
Male,25 - 45,Hispanic,0,0,4,1.0,-24.0,M,DUI Level 0.15 Or Minor In Veh,0,0,,1,Low,0
Female,Greater than 45,Hispanic,0,0,0,2.0,-2.0,F,Poss Unlaw Issue Driver Licenc,1,0,Operating W/O Valid License,2,Low,1
Female,Less than 25,Caucasian,0,0,0,0.0,0.0,F,"Poss3,4 Methylenedioxymethcath",0,0,,0,Medium,0
Female,25 - 45,Other,0,0,0,0.0,-1.0,M,Prowling/Loitering,0,0,,0,High,0
Female,Less than 25,Native American,0,0,0,0.0,-1.0,M,Battery,0,0,,0,Low,0
Male,Greater than 45,Native American,0,0,1,1.0,0.0,F,Pos Cannabis W/Intent Sel/Del,1,0,Operating W/O Valid License,1,Medium,0
Male,25 - 45,Hispanic,0,0,0,0.0,-1.0,F,Possession of Oxycodone,0,0,,0,Low,0
Male,Less than 25,Native American,0,0,0,1.0,-1.0,F,Battery on Law Enforc Officer,1,0,Operating W/O Valid License,1,Medium,1
Female,25 - 45,Caucasian,0,0,0,0.0,0.0,M,Susp Drivers Lic 1st Offense,1,0,Unlaw LicTag/Sticker Attach,0,Low,0
Female,Greater than 45,Asian,0,0,0,2.0,-3.0,F,Tamper With Witness/Victim/CI,0,0,,2,Low,0
Male,25 - 45,African-American,0,0,0,15.0,0.0,F,Possession Burglary Tools,1,0,Driving License Suspended,15,Medium,0
Female,Less than 25,Other,0,0,0,0.0,-1.0,F,Pos Cannabis W/Intent Sel/Del,0,0,,0,Low,0
Female,25 - 45,Asian,0,0,0,1.0,-1.0,F,Aggravated Assault W/dead Weap,0,0,,1,Low,0
Male,25 - 45,Hispanic,0,0,0,1.0,0.0,F,Possession of Cocaine,1,0,Susp Drivers Lic 1st Offense,1,Medium,1
Female,25 - 45,Native American,0,0,0,9.0,0.0,M,Crim Use of Personal ID Info,1,0,Opert With Susp DL 2nd Offens,9,Medium,1
Female,25 - 45,Hispanic,0,0,0,2.0,-1.0,F,False Ownership Info/Pawn Item,0,0,,2,Medium,0
Male,Less than 25,Native American,0,0,0,2.0,-1.0,F,Grand Theft in the 3rd Degree,1,0,Susp Drivers Lic 1st Offense,2,Medium,1
Male,Less than 25,Other,0,0,0,1.0,-1.0,F,Possession Of Heroin,0,0,,1,Medium,0
Male,25 - 45,Other,0,0,0,0.0,-1.0,F,Burglary Conveyance Unoccup,0,0,,0,Low,0
Male,Less than 25,Other,0,0,0,0.0,-1.0,F,Pos Cannabis W/Intent Sel/Del,0,0,,0,Low,0
Male,25 - 45,Native American,0,0,0,0.0,-1.0,F,Poss Unlaw Issue Driver Licenc,0,0,,0,Medium,0
Male,Greater than 45,Asian,0,0,0,0.0,0.0,F,Possession of Cocaine,0,0,,0,Low,0
Female,25 - 45,Native American,0,0,0,4.0,0.0,M,Driving Under The Influence,0,0,,4,Low,0
Male,25 - 45,Caucasian,0,0,0,1.0,-5.0,M,Battery,1,0,Opert With Susp DL 2nd Offens,1,Medium,1
Female,25 - 45,Asian,0,0,0,4.0,-1.0,M,Felony Petit Theft,1,0,Driving License Suspended,4,High,1
Female,Less than 25,Hispanic,0,0,0,1.0,-4.562620901060612,M,Exposes Culpable Negligence,0,0,,1,Low,0
Male,Greater than 45,Caucasian,0,0,0,6.0,-2.0,F,Grand Theft in the 3rd Degree,0,0,,6,Low,0
Female,Greater than 45,Hispanic,0,0,0,5.0,-1.0,F,Driving While License Revoked,1,0,,5,Low,0
Male,25 - 45,Hispanic,3,0,0,12.0,0.0,F,Possession of Cocaine,1,0,Susp Drivers Lic 1st Offense,13,High,1
Male,Greater than 45,Native American,0,0,0,1.0,-1.0,M,Driving License Suspended,0,0,,1,Low,1
Female,25 - 45,Native American,0,0,0,0.0,0.0,M,Possession Of Alprazolam,1,0,Drinking Alch Beverage In Open,0,Low,1
Female,Less than 25,Native American,0,0,0,1.0,-30.0,F,"Poss3,4 Methylenedioxymethcath",0,0,,1,Low,0
Female,Less than 25,Native American,0,0,0,2.0,-1.0,M,Battery,1,1,Battery,2,Low,0
Male,Less than 25,Caucasian,0,0,0,0.0,-1.0,F,Burglary Unoccupied Dwelling,1,1,False Imprisonment,0,High,0
Female,25 - 45,Caucasian,0,0,0,15.0,-1.0,F,Poss Pyrrolidinovalerophenone,1,0,Susp Drivers Lic 1st Offense,15,High,1
Male,Greater than 45,Asian,0,0,0,1.0,-1.0,M,Reckless Driving,1,1,Battery,1,Low,1
Female,Less than 25,Other,0,0,0,0.0,-1.0,F,Driving While License Revoked,0,0,,0,Medium,0
Male,25 - 45,Asian,0,0,0,0.0,-1.0,F,Tampering With Physical Evidence,1,0,Fail Register Vehicle,0,Low,1
Female,Less than 25,African-American,0,0,0,3.0,-1.0,F,Resist Officer w/Violence,0,0,,3,Medium,0
Male,Less than 25,Asian,0,0,0,0.0,-1.0,F,Grand Theft in the 3rd Degree,0,0,,0,Low,0
Female,25 - 45,Native American,0,0,0,3.0,-1.0,F,Viol Injunct Domestic Violence,0,0,,3,Low,0
Female,Greater than 45,African-American,0,0,0,0.0,-1.0,F,Burglary Unoccupied Dwelling,1,0,Opert With Susp DL 2nd Offens,0,Medium,0
Female,25 - 45,Asian,0,0,0,1.0,-1.0,F,Tampering With Physical Evidence,0,0,,1,Low,0
Male,Greater than 45,Caucasian,0,0,0,0.0,-2.0,M,Resist/Obstruct W/O Violence,0,0,,0,Medium,0
Male,Less than 25,Caucasian,0,0,0,4.0,0.0,F,"Poss3,4 Methylenedioxymethcath",0,0,,4,Low,0
Female,Less than 25,Native American,0,0,0,3.0,-2.0,F,Disorderly Intoxication,1,0,,3,Low,1
Female,Greater than 45,Caucasian,0,0,2,2.0,-1.0,F,Possession of Cannabis,0,0,,2,Medium,0
Male,Greater than 45,Hispanic,0,0,0,2.0,-1.0,F,Driving License Suspended,0,0,,2,Low,0
Male,Greater than 45,Other,0,0,0,5.0,-1.0,F,Poss Pyrrolidinovalerophenone,1,1,Child Abuse,5,High,1
Male,Greater than 45,Other,0,0,0,0.0,-1.0,F,Agg Battery Grt/Bod/Harm,0,0,,0,High,0
Female,25 - 45,African-American,0,0,0,1.0,0.0,M,Driving Under The Influence,0,0,,1,Low,0
Male,Greater than 45,Native American,0,0,0,3.0,-1.0,F,Felony Battery (Dom Strang),0,0,,3,Low,0
Female,25 - 45,Other,0,0,0,8.0,0.0,M,Assault,1,0,Driving License Suspended,8,Medium,1
Male,Less than 25,African-American,0,0,0,0.0,0.0,M,Battery,0,0,,0,Low,0
Female,Less than 25,Other,1,0,1,12.0,-1.0,M,Disorderly Intoxication,1,0,Operating W/O Valid License,12,High,1
Female,Greater than 45,Caucasian,0,0,0,3.0,-1.0,M,Petit Theft,1,1,Battery,3,High,1
Male,25 - 45,African-American,0,0,0,8.0,-1.0,F,Driving While License Revoked,1,0,Susp Drivers Lic 1st Offense,8,Low,1
Female,25 - 45,African-American,0,0,0,5.0,0.0,M,Susp Drivers Lic 1st Offense,1,0,Susp Drivers Lic 1st Offense,5,High,1
Female,25 - 45,African-American,0,0,1,0.0,-1.0,F,Driving While License Revoked,0,0,,0,Low,0
Male,25 - 45,Other,0,0,0,3.0,-1.0,F,Felony Driving While Lic Suspd,1,0,Fail Register Vehicle,3,Low,1
Male,Less than 25,Other,0,1,0,6.0,-1.0,M,Deliver Cannabis,1,1,Battery,6,Low,1
Female,Greater than 45,Native American,0,0,0,0.0,-1.0,F,Felony Battery w/Prior Convict,0,1,Child Abuse,0,High,1
Male,25 - 45,Native American,0,0,0,0.0,0.0,F,Pos Cannabis W/Intent Sel/Del,1,0,Fail Register Vehicle,0,Medium,1
Female,Less than 25,African-American,0,0,1,0.0,-1.0,M,Battery,0,0,,0,Low,0
Female,Less than 25,Other,0,0,0,1.0,-1.0,F,Possession of Oxycodone,1,0,Susp Drivers Lic 1st Offense,1,High,1
Female,Less than 25,Native American,0,0,0,0.0,-1.0,F,Possession of Cannabis,0,0,,0,Low,0
Female,Less than 25,Caucasian,0,0,0,11.0,-1.0,F,Robbery / No Weapon,1,0,Susp Drivers Lic 1st Offense,11,High,1
Male,Greater than 45,Caucasian,0,0,0,5.0,0.0,F,Battery on Law Enforc Officer,1,1,Battery,5,Medium,1
Male,Less than 25,African-American,0,2,2,2.0,-1.0,F,Grand Theft in the 3rd Degree,1,0,Reckless Driving,2,High,1
Male,Less than 25,African-American,0,0,0,0.0,0.0,M,Aggravated Assault W/Dead Weap,1,0,Unlaw LicTag/Sticker Attach,0,High,0
Male,Greater than 45,Asian,0,0,0,2.0,-1.0,F,Felony Driving While Lic Suspd,0,0,,2,Low,0
Female,Less than 25,Asian,0,0,0,3.0,-1.0,M,Battery,1,0,Fail Register Vehicle,3,Low,1
Female,25 - 45,Other,0,0,0,0.0,-1.0,F,Resist/Obstruct W/O Violence,0,0,,0,Low,0
Male,25 - 45,Hispanic,0,1,1,21.000000000000004,-1.0,M,Battery,1,0,Trafficking 4-14 Grams Heroin,21,High,1
Male,Greater than 45,Other,0,0,0,0.0,-1.0,M,Fleeing Or Attmp Eluding A Leo,0,0,,0,Low,0
Female,25 - 45,Hispanic,0,0,0,0.0,-1.0,F,Resist Officer w/Violence,1,0,Susp Drivers Lic 1st Offense,0,Low,1
Female,Greater than 45,African-American,0,0,0,3.0,-1.0,M,"Poss 3,4 MDMA (Ecstasy)",1,1,Resist/Obstruct W/O Violence,3,Low,1
Female,25 - 45,Asian,0,0,0,0.0,0.0,M,Battery,0,0,,0,Low,0
Male,25 - 45,Hispanic,0,0,0,2.0,-1.0,F,Deliver Cannabis,0,0,Opert With Susp DL 2nd Offens,2,Low,0
Female,Greater than 45,Asian,0,0,0,1.0,0.0,F,Burglary Unoccupied Dwelling,1,0,Susp Drivers Lic 1st Offense,1,Medium,1
Female,Greater than 45,Native American,0,0,0,0.0,-1.0,F,Tampering With Physical Evidence,0,0,,0,Low,0
Male,Greater than 45,Caucasian,0,0,0,1.0,-1.0,M,Battery,0,0,,1,Low,0
Male,Less than 25,Hispanic,0,0,4,0.0,-1.0,M,Battery,0,0,Driving License Suspended,0,Medium,1
Male,Greater than 45,Asian,0,0,1,3.0,-1.0,F,Neglect Child / No Bodily Harm,0,0,,3,Low,0
Female,Greater than 45,Native American,0,0,0,1.0,-1.0,M,Grand Theft (Motor Vehicle),1,1,Child Abuse,1,Medium,1
Male,Greater than 45,Hispanic,0,0,0,0.0,-1.0,F,Possession of Cocaine,1,0,Opert With Susp DL 2nd Offens,0,Low,1
Female,25 - 45,Native American,1,0,0,4.0,25.423417805427846,F,Possession Burglary Tools,1,1,Aid/Abet Burglary Assault/Batt,6,High,1
Male,25 - 45,Native American,0,0,0,1.0,-1.0,F,Poss Unlaw Issue Driver Licenc,0,0,,1,Low,0
Male,Greater than 45,Caucasian,0,1,0,4.0,-1.0,M,Battery,1,1,Aid/Abet Burglary Assault/Batt,4,High,1
Male,Less than 25,Asian,0,0,0,1.0,-2.0,F,Possession of Cocaine,0,0,,1,Low,0
Female,25 - 45,Other,0,0,0,1.0,-1.0,M,Battery,1,0,,1,Medium,0
Male,25 - 45,African-American,0,0,0,14.0,-1.0,F,Felony Battery w/Prior Convict,1,0,Opert With Susp DL 2nd Offens,14,High,1
Male,25 - 45,Caucasian,0,0,0,1.0,-3.0,F,Grand Theft in the 3rd Degree,0,0,,1,Low,0
Male,25 - 45,Hispanic,0,0,0,15.0,-10.0,F,Felony Petit Theft,0,0,,15,Medium,0
Female,Greater than 45,Native American,0,0,0,4.0,-11.0,F,Carrying Concealed Firearm,0,0,,4,Low,0
Female,Less than 25,Caucasian,0,0,0,0.0,-1.0,M,Driving License Suspended,0,0,,0,Medium,0
Male,25 - 45,Hispanic,0,0,0,1.0,-1.0,M,Battery,0,0,,1,Low,0
Male,Less than 25,Other,0,0,0,0.0,-1.0,M,Battery,1,1,Battery,0,Low,1
Female,25 - 45,Hispanic,0,0,0,1.0,-1.0,F,Burglary Conveyance Unoccup,0,0,,1,High,0
Female,Less than 25,Caucasian,0,0,0,5.0,-1.0,F,Possession of Cocaine,1,0,Fail Register Vehicle,5,Medium,1
Female,Less than 25,Hispanic,0,0,0,0.0,-1.0,M,Battery,0,0,,0,Low,0
Male,Greater than 45,Other,0,0,0,5.0,-1.0,F,Driving While License Revoked,0,0,,5,Low,0
Female,Greater than 45,Native American,0,0,0,0.0,-3.0,M,DUI Level 0.15 Or Minor In Veh,0,0,,0,Low,0
Male,Greater than 45,Asian,2,0,0,2.0,-2.0,F,Aggrav Battery w/Deadly Weapon,1,0,Driving License Suspended,2,High,1
Male,25 - 45,Native American,0,1,0,1.0,-1.0,M,Battery,1,0,Fail Register Vehicle,1,Low,1
Female,25 - 45,Asian,0,0,0,15.0,0.0,M,Driving Under The Influence,1,0,Operating W/O Valid License,15,Low,1
Female,25 - 45,Native American,0,0,0,3.0,-1.0,F,Battery,1,1,False Imprisonment,3,Low,1
Male,Less than 25,Hispanic,0,0,0,4.0,-1.0,F,Driving While License Revoked,1,1,Battery,4,Medium,1
Male,Less than 25,Hispanic,0,0,0,3.0,-1.0,M,Susp Drivers Lic 1st Offense,0,0,Resist/Obstruct W/O Violence,3,Medium,0
Male,Greater than 45,African-American,0,0,0,2.0,-1.0,M,Battery,0,0,,2,Low,0
Male,Less than 25,Asian,0,0,0,0.0,-1.0,M,Leaving Acc/Unattended Veh,0,0,,0,Low,0
Male,Greater than 45,Asian,0,0,0,5.0,-1.0,M,Viol Injunct Domestic Violence,0,0,Operating W/O Valid License,5,Low,1
Female,Less than 25,Asian,0,0,0,0.0,0.0,F,Grand Theft (Motor Vehicle),1,0,,0,Low,0
Female,Greater than 45,Hispanic,0,0,0,18.0,0.0,F,Burglary Conveyance Unoccup,0,0,,18,Low,0
Male,Less than 25,Other,0,0,0,5.0,0.0,F,Criminal Mischief,1,0,Driving License Suspended,5,Low,1
Female,Greater than 45,African-American,0,0,0,0.0,0.0,M,DUI - Enhanced,1,0,,0,Low,0
Female,25 - 45,Hispanic,0,1,0,3.0,0.0,F,Aggrav Battery w/Deadly Weapon,0,0,,3,Low,0
Female,Less than 25,Hispanic,0,0,0,2.0,-1.0,F,Possession of Cocaine,0,0,,2,Low,0
Male,25 - 45,Asian,0,0,0,0.0,-3.0,M,Prowling/Loitering,0,0,,0,Low,0
Female,25 - 45,Caucasian,0,0,0,4.0,0.0,F,Possession of Cocaine,0,0,,4,Low,1
Male,Greater than 45,Asian,0,0,0,3.0,-1.0,F,Uttering a Forged Instrument,1,1,False Imprisonment,3,High,1
Female,25 - 45,African-American,0,0,0,1.0,0.0,M,Viol Pretrial Release Dom Viol,1,1,Battery,1,Medium,1
Male,Greater than 45,Other,0,0,0,4.0,-26.0,M,Battery,0,0,,4,Low,0
Male,25 - 45,Caucasian,0,0,0,3.0,0.0,M,Driving Under The Influence,0,0,,3,Low,0
Male,Greater than 45,Other,0,0,0,2.0,-1.0,M,Battery,1,0,Driving License Suspended,2,Low,1
Female,Less than 25,African-American,0,0,0,1.0,-1.0,F,DUI - Enhanced,0,0,,1,Low,0
Male,Less than 25,Native American,0,0,0,4.0,-1.0,M,Battery,1,0,,4,Medium,1
Female,Greater than 45,African-American,0,0,0,2.0,-1.0,F,"Poss3,4 Methylenedioxymethcath",0,0,,2,Low,0
Male,Less than 25,African-American,0,0,0,1.0,-1.0,F,Possession of Cocaine,1,0,Fail Register Vehicle,1,Low,1
Female,Less than 25,Asian,0,0,0,2.0,8.287091086256176,F,Burglary Conveyance Unoccup,1,0,Operating W/O Valid License,2,High,1
Female,25 - 45,Native American,0,0,0,0.0,0.0,F,Aggravated Assault W/dead Weap,0,0,,0,Low,0
Male,Less than 25,Other,0,0,0,0.0,0.0,F,False Imprisonment,0,0,,0,Low,0
Female,25 - 45,African-American,0,0,0,14.0,-1.0,F,Felony Driving While Lic Suspd,1,0,Driving License Suspended,14,High,1
Female,Less than 25,African-American,0,0,1,0.0,-1.0,F,Felony/Driving Under Influence,1,1,Aid/Abet Burglary Assault/Batt,0,Medium,1
Female,Greater than 45,African-American,0,0,0,1.0,-10.0,M,Battery,0,0,,1,Low,0
Female,Less than 25,Hispanic,0,0,0,0.0,-2.0,M,Battery,1,0,Unlaw LicTag/Sticker Attach,0,Low,1
Male,25 - 45,Native American,0,0,0,1.0,0.0,F,DUI Property Damage/Injury,1,0,Opert With Susp DL 2nd Offens,1,Low,1
Male,Less than 25,African-American,0,0,0,1.0,-8.289163282655132,M,Battery,0,0,,1,Low,0
Female,Less than 25,African-American,0,0,0,0.0,-1.0,F,Grand Theft in the 3rd Degree,0,0,,0,Low,0
Male,Less than 25,Native American,0,0,0,0.0,-1.0,M,Battery,1,0,Opert With Susp DL 2nd Offens,0,Low,1
Male,Less than 25,African-American,0,0,0,1.0,-27.0,M,Driving License Suspended,1,0,Operating W/O Valid License,1,Low,1
Male,Greater than 45,Hispanic,0,0,0,3.0,-1.0,F,DUI Property Damage/Injury,1,0,Opert With Susp DL 2nd Offens,3,Low,1
Female,Greater than 45,Other,0,0,0,0.0,0.0,M,DUI - Enhanced,0,0,,0,Low,0
Male,Greater than 45,African-American,0,0,1,7.0,-1.0,M,Battery,1,1,Battery,7,Medium,1
Female,Less than 25,Native American,0,0,4,4.0,0.0,F,Poss Pyrrolidinovalerophenone,1,1,Battery,4,Medium,1
Female,25 - 45,Caucasian,0,0,0,1.0,0.0,F,Poss Contr Subst W/o Prescript,1,1,Battery,1,Low,1
Male,25 - 45,Asian,0,0,0,1.0,-3.0,F,Possession of Cocaine,1,0,,1,Low,0
Female,Greater than 45,Native American,0,0,0,1.0,-1.0,M,Battery,0,0,,1,Medium,0
Female,Greater than 45,Other,0,0,0,1.0,-1.0,M,Battery,0,0,,1,Low,0
Female,25 - 45,African-American,0,0,0,0.0,-1.0,F,Felony Battery (Dom Strang),0,0,,0,Low,0
Female,Greater than 45,Hispanic,0,0,0,4.0,-1.0,M,Battery,0,0,,4,Low,0
Male,Less than 25,African-American,0,0,0,0.0,0.0,M,Possess Cannabis/20 Grams Or Less,0,0,,0,High,0
Male,25 - 45,Hispanic,0,0,0,1.0,-1.0,F,Viol Prot Injunc Repeat Viol,0,0,,1,Low,0
Male,Less than 25,Native American,0,0,2,1.0,0.0,M,Susp Drivers Lic 1st Offense,1,1,False Imprisonment,1,Low,1
Male,Greater than 45,Caucasian,0,2,0,17.0,-1.0,F,Child Abuse,1,0,Trafficking 4-14 Grams Heroin,17,High,1
Male,25 - 45,Caucasian,0,0,0,8.0,-1.0,F,Viol Injunct Domestic Violence,1,0,Susp Drivers Lic 1st Offense,8,Medium,0
Female,25 - 45,Caucasian,0,0,0,9.0,-1.0,F,Poss Contr Subst W/o Prescript,1,0,Opert With Susp DL 2nd Offens,9,Medium,1
Male,Greater than 45,Native American,0,1,0,13.0,-1.0,F,Agg Battery Grt/Bod/Harm,1,0,,13,High,1
Female,Greater than 45,Other,0,3,0,3.0,0.0,F,Driving While License Revoked,0,0,,3,High,0
Female,25 - 45,Other,0,0,0,1.0,-1.0,F,Burglary Unoccupied Dwelling,0,0,,1,Medium,0
Male,Greater than 45,Other,0,0,0,0.0,0.0,F,Possession of Cocaine,0,0,,0,Low,0
Female,Greater than 45,Caucasian,0,0,0,0.0,0.0,F,Carrying Concealed Firearm,0,0,,0,Low,0
Female,Less than 25,African-American,0,0,0,1.0,0.0,F,Possession of Cocaine,1,0,Operating W/O Valid License,1,Medium,1
Male,25 - 45,Caucasian,0,0,0,0.0,-1.0,F,Felony Battery (Dom Strang),0,0,,0,Low,0
Female,Less than 25,African-American,0,0,0,0.0,-1.0,M,Driving Under The Influence,0,0,,0,Low,0
Female,Less than 25,Hispanic,0,1,0,10.0,0.0,F,Poss Pyrrolidinovalerophenone,1,0,,10,Medium,1
Female,Greater than 45,Caucasian,0,0,0,1.0,0.0,F,Petit Theft,0,0,,1,Low,0
Female,Less than 25,Hispanic,0,0,0,0.0,-1.0,M,Battery,0,0,,0,Low,0
Male,Less than 25,Other,0,0,0,22.0,0.0,F,Possession of Cocaine,1,0,Resist/Obstruct W/O Violence,22,High,1
Male,Less than 25,Other,0,0,0,0.0,0.0,F,Exposes Culpable Negligence,1,1,Strong Armed  Robbery,0,Medium,1
Female,Greater than 45,Native American,0,0,0,4.0,-1.0,F,Cruelty Toward Child,0,0,,4,Medium,0
Male,25 - 45,Native American,0,0,0,10.0,-8.0,F,Poss F/Arm Delinq,1,0,Susp Drivers Lic 1st Offense,10,Medium,1
Female,25 - 45,Other,0,0,0,2.0,-1.0,M,Battery,0,0,,2,Low,0
Female,25 - 45,Other,0,0,0,0.0,-7.0,M,Battery,1,0,Unlaw LicTag/Sticker Attach,0,Low,1
Female,Less than 25,African-American,0,0,1,6.0,-1.0,F,Driving While License Revoked,1,0,Petit Theft,6,Low,1
Male,Less than 25,Native American,0,0,0,0.0,-1.0,M,Leaving Acc/Unattended Veh,0,0,,0,Medium,0
Male,Greater than 45,Native American,0,0,0,1.0,-4.0,F,Pos Cannabis W/Intent Sel/Del,0,0,,1,Medium,0
Female,25 - 45,Hispanic,1,0,0,2.0,0.0,F,"Poss3,4 Methylenedioxymethcath",1,0,Driving License Suspended,2,High,1
Male,25 - 45,Other,0,0,0,0.0,0.0,M,Battery,0,0,,0,Low,0
Male,Greater than 45,Other,0,0,0,0.0,-2.0,F,Pos Cannabis W/Intent Sel/Del,0,0,,0,Low,0
Male,25 - 45,Other,0,0,0,0.0,0.0,F,Deliver Cannabis,0,0,,0,High,0
Male,Less than 25,African-American,0,0,0,0.0,-1.0,F,Possession Burglary Tools,1,0,Resist/Obstruct W/O Violence,0,Low,1
Male,Greater than 45,Caucasian,0,0,0,0.0,-2.0,M,Poss Cocaine/Intent To Del/Sel,0,0,,0,Low,0
Male,Greater than 45,Other,0,1,0,10.0,-1.0,M,DUI Property Damage/Injury,0,0,,10,Medium,0
Male,Greater than 45,African-American,0,0,0,1.0,-1.0,F,"Poss3,4 Methylenedioxymethcath",0,0,,1,Low,0
Male,25 - 45,Other,0,0,0,5.0,-1.0,F,Possession Burglary Tools,1,0,Susp Drivers Lic 1st Offense,5,Low,1
Male,25 - 45,African-American,0,0,0,1.0,0.0,F,Burglary Conveyance Unoccup,1,0,Operating W/O Valid License,1,Low,1
Male,Less than 25,Caucasian,0,0,0,2.0,0.0,M,Driving Under The Influence,1,1,Battery,2,Low,1
Female,Greater than 45,Other,0,0,0,0.0,0.0,F,Resist Officer w/Violence,0,0,,0,Low,0
Male,25 - 45,Other,0,0,0,2.0,0.0,M,Viol Prot Injunc Repeat Viol,0,1,Child Abuse,2,Low,1
Female,Greater than 45,Native American,0,0,0,3.0,-1.0,F,Possession of Cocaine,1,0,Opert With Susp DL 2nd Offens,3,High,1
Male,Greater than 45,Asian,0,1,0,3.0,-10.043613487724869,F,Battery on Law Enforc Officer,1,1,Aid/Abet Burglary Assault/Batt,3,Medium,1
Male,Less than 25,Caucasian,0,0,0,0.0,0.0,M,Disorderly Conduct,1,0,Driving License Suspended,0,Low,1
Male,Greater than 45,African-American,0,0,0,3.0,-1.0,F,Deliver Cocaine,0,0,,3,Low,0
Female,Greater than 45,Asian,0,0,0,0.0,-1.0,F,Felony Battery (Dom Strang),1,0,Susp Drivers Lic 1st Offense,0,Low,1
Female,25 - 45,Hispanic,0,0,0,0.0,-1.0,M,Assault,0,0,Opert With Susp DL 2nd Offens,0,Low,1
Male,25 - 45,African-American,0,0,0,1.0,-1.0,M,Battery,1,1,False Imprisonment,1,Low,1
Male,Greater than 45,Other,0,0,0,0.0,0.0,M,Soliciting For Prostitution,0,0,,0,Low,0
Male,25 - 45,African-American,0,0,0,13.0,-1.0,F,Felony Driving While Lic Suspd,0,0,,13,High,0
Male,Less than 25,Other,0,0,0,0.0,-1.0,M,Aggravated Assault W/dead Weap,0,0,,0,Low,0
Male,Greater than 45,Hispanic,0,0,0,5.0,-1.0,M,Battery,1,0,Operating W/O Valid License,5,Medium,1
Female,Greater than 45,Caucasian,0,0,0,0.0,-1.0,F,Aggravated Battery / Pregnant,0,0,,0,Low,0
Female,Greater than 45,Native American,0,0,0,5.0,-1.0,M,DUI Blood Alcohol Above 0.20,1,0,Opert With Susp DL 2nd Offens,5,Low,1
Male,25 - 45,Hispanic,0,0,0,2.0,-1.0,M,Exposes Culpable Negligence,0,0,,2,Low,0
Female,Less than 25,Asian,0,0,0,23.0,0.0,M,Battery,1,0,Operating W/O Valid License,23,High,1
Male,25 - 45,African-American,0,1,1,18.0,-1.0,F,Burglary Conveyance Unoccup,1,0,,18,High,1
Male,Greater than 45,Native American,0,0,0,2.0,-3.0,M,Possession of Oxycodone,0,0,,2,Low,0
Male,Less than 25,Native American,0,0,0,0.0,-1.0,M,Battery,0,0,,0,High,0
Male,25 - 45,Caucasian,0,0,0,8.0,-1.0,F,Robbery / No Weapon,1,0,Resist/Obstruct W/O Violence,8,High,1
Female,25 - 45,Other,0,0,0,2.0,-1.0,M,Battery,0,0,,2,Low,0
Female,25 - 45,African-American,0,0,0,4.0,-1.0,M,Battery,1,1,Battery,4,Medium,1
Female,Less than 25,Other,0,0,0,1.0,-1.0,F,Felony Battery (Dom Strang),1,0,Opert With Susp DL 2nd Offens,1,Low,1
Male,Greater than 45,Other,0,0,0,1.0,-2.0,M,Operating W/O Valid License,0,0,,1,Low,0
Male,Less than 25,Hispanic,0,0,0,0.0,-1.0,F,Grand Theft in the 3rd Degree,1,0,Opert With Susp DL 2nd Offens,0,Low,0
Female,25 - 45,Caucasian,0,0,0,9.0,-1.0,M,Possess Cannabis/20 Grams Or Less,1,1,Battery,9,Medium,1
Female,Less than 25,Hispanic,0,0,0,13.0,-1.0,F,Felony Driving While Lic Suspd,1,0,Driving License Suspended,13,Low,1
Female,Greater than 45,Asian,0,0,0,0.0,-1.0,M,Battery,0,0,,0,Low,0
Female,25 - 45,African-American,0,0,0,3.0,20.82757748240833,F,Criminal Mischief Damage <$200,0,0,,3,Low,0
Male,Greater than 45,Caucasian,0,0,0,0.0,-1.0,M,Battery,0,0,,0,Low,0
Female,Less than 25,African-American,0,0,0,0.0,-1.0,F,Grand Theft in the 3rd Degree,1,0,Driving License Suspended,0,Low,1
Female,Less than 25,African-American,0,3,2,10.0,0.0,F,Possession of Cocaine,1,0,Possess Cannabis/20 Grams Or Less,10,High,1
Male,25 - 45,Caucasian,0,0,0,8.0,-1.0,M,Criminal Mischief,0,0,,8,Medium,0
Female,Greater than 45,Asian,0,0,0,11.0,-1.0,F,Felony Petit Theft,1,0,Felony Petit Theft,11,Low,1
Male,Greater than 45,Asian,0,0,0,0.0,-1.0,F,Poss Pyrrolidinovalerophenone,1,0,Operating W/O Valid License,0,High,1
Female,Greater than 45,Other,0,0,0,3.0,-1.0,F,Carrying Concealed Firearm,1,1,False Imprisonment,3,High,1
Female,25 - 45,Native American,0,0,0,1.0,-1.0,F,Child Abuse,0,0,,1,Low,0
Female,Greater than 45,Native American,0,0,0,0.0,-1.0,F,Grand Theft in the 3rd Degree,0,0,,0,High,1
Male,Greater than 45,African-American,0,0,0,3.0,-21.0,F,Crimin Mischief Damage $1000+,1,0,,3,Low,1
Male,Greater than 45,Caucasian,0,0,0,3.0,-1.0,F,Grand Theft in the 3rd Degree,0,0,,3,High,0
Male,25 - 45,Asian,0,0,0,9.0,-1.0,F,Felony Driving While Lic Suspd,0,0,,9,Low,0
Female,25 - 45,Caucasian,0,0,0,3.0,21.058656507298807,M,Battery,1,0,Opert With Susp DL 2nd Offens,3,Low,1
Female,Greater than 45,African-American,0,0,0,2.0,-14.0,F,Aggravated Assault w/Firearm,0,0,,2,Low,0
Female,Greater than 45,African-American,0,0,0,0.0,-1.0,F,Grand Theft in the 3rd Degree,0,0,,0,Low,0
Male,Greater than 45,Hispanic,0,0,0,0.0,-1.0,F,Burglary Dwelling Assault/Batt,0,0,,0,High,0
Male,Greater than 45,African-American,0,0,1,8.0,-1.0,F,Felony Battery w/Prior Convict,1,0,Drink/Premises Licensed Estab,8,Medium,0
Female,Less than 25,Caucasian,0,0,0,6.0,-1.0,M,Viol Injunct Domestic Violence,0,0,,6,Medium,0
Female,Greater than 45,Caucasian,0,0,0,0.0,-1.0,F,Grand Theft in the 3rd Degree,1,0,Operating W/O Valid License,0,Low,1
Male,Less than 25,Native American,0,0,0,0.0,-3.0,M,Battery,0,0,,0,Low,0
Male,Greater than 45,Asian,0,0,0,1.0,-18.04624616449159,F,Possession of Cocaine,1,0,Operating W/O Valid License,1,Low,1
Male,Greater than 45,Asian,0,0,0,15.0,-1.0,F,Driving While License Revoked,1,0,Operating W/O Valid License,15,Low,1
Female,Greater than 45,Asian,0,0,0,27.973254901071,-1.0,F,Disorderly Intoxication,1,0,Resist/Obstruct W/O Violence,27,High,1
Male,Less than 25,Other,0,0,0,0.0,-1.0,F,Grand Theft in the 3rd Degree,1,1,Child Abuse,0,Medium,1
Male,Less than 25,African-American,0,0,0,22.0,-1.0,F,Neglect Child / No Bodily Harm,1,0,Operating W/O Valid License,22,High,1
Male,Less than 25,Caucasian,0,0,0,2.0,-17.0,M,Battery,0,0,,2,Medium,0
Male,Less than 25,Native American,0,0,0,2.0,-1.0,F,Grand Theft in the 3rd Degree,1,0,Resist/Obstruct W/O Violence,2,High,1
Male,25 - 45,African-American,0,0,0,1.0,0.0,F,Burglary Structure Unoccup,0,0,,1,Low,0
Female,Less than 25,Other,0,0,0,0.0,-1.0,F,Possession of Oxycodone,1,0,Unlaw LicTag/Sticker Attach,0,Low,1
Female,25 - 45,Caucasian,0,0,0,1.0,0.0,M,Battery,0,0,,1,Low,0
Male,Greater than 45,Native American,1,1,1,2.0,-1.0,F,Possession Of Paraphernalia,1,0,"S/M/D/P/W/I Sch 1a,1b,1d,2a,2b",2,High,1
Male,Greater than 45,Other,0,0,0,0.0,-1.0,M,DUI Property Damage/Injury,0,0,,0,Low,0
Male,25 - 45,African-American,0,0,0,0.0,-1.0,M,Battery,0,0,,0,Low,0
Female,Greater than 45,Native American,0,0,0,0.0,0.0,F,Crim Use of Personal ID Info,0,0,,0,Low,0
Male,25 - 45,African-American,0,0,0,0.0,0.0,M,DUI Property Damage/Injury,1,0,,0,Low,1
Female,25 - 45,Asian,0,0,0,0.0,0.0,F,Grand Theft in the 3rd Degree,0,0,,0,Low,0
Male,Less than 25,Native American,0,0,0,1.0,-1.0,F,Possession of Cannabis,1,0,,1,Low,0
Female,Less than 25,Native American,0,0,0,1.0,-1.0,F,Possession Of Alprazolam,1,1,Battery,1,Low,1
Male,Greater than 45,African-American,0,0,0,3.0,-1.0,F,Crimin Mischief Damage $1000+,1,0,Susp Drivers Lic 1st Offense,3,Low,1
Male,Greater than 45,Other,0,0,0,0.0,0.0,M,Driving Under The Influence,0,0,,0,Low,0
Female,25 - 45,Asian,0,0,1,2.0,0.0,F,Possession of Cocaine,0,0,,2,Medium,0
Female,Greater than 45,Asian,0,0,0,9.0,-1.0,M,Battery,1,1,Battery,9,High,1
Male,25 - 45,Asian,0,1,0,1.0,-1.0,F,False Ownership Info/Pawn Item,1,0,Trafficking 4-14 Grams Heroin,1,High,1
Female,Less than 25,Hispanic,0,0,0,0.0,0.0,F,Petit Theft,1,0,Driving License Suspended,0,Low,1
Male,Less than 25,Caucasian,0,0,0,1.0,-13.0,M,Battery,0,0,,1,Low,0
Female,Less than 25,Other,0,0,0,0.0,-1.0,F,Grand Theft in the 3rd Degree,0,0,Driving License Suspended,0,Medium,0
Male,25 - 45,Asian,0,0,0,4.0,0.0,M,Driving License Suspended,0,0,,4,Medium,0
Male,Less than 25,Other,0,0,0,6.0,-1.0,F,Burglary Unoccupied Dwelling,0,0,,6,Medium,0
Female,Less than 25,Asian,0,0,0,0.0,0.0,F,Aggravated Assault W/Dead Weap,0,0,,0,Low,0
Female,25 - 45,Native American,0,0,0,0.0,-1.0,F,Possession of Cocaine,1,1,Battery,0,High,1
Female,Greater than 45,Native American,0,0,0,2.0,-4.0,F,"Poss3,4 Methylenedioxymethcath",0,0,,2,Low,0
Male,25 - 45,Asian,0,0,0,1.0,0.0,F,Crim Use of Personal ID Info,1,0,Resist/Obstruct W/O Violence,1,Low,1
Female,Less than 25,Caucasian,0,0,0,21.000000000000004,-1.0,M,DUI Level 0.15 Or Minor In Veh,1,0,Resist/Obstruct W/O Violence,21,Medium,1
Female,25 - 45,Native American,0,1,0,14.0,-1.0,F,Aggravated Battery / Pregnant,0,0,,14,High,0
Male,25 - 45,Asian,0,0,0,5.0,-1.0,F,Grand Theft in the 3rd Degree,0,0,,5,Low,0
Female,25 - 45,Hispanic,0,0,0,2.0,-1.0,F,Possession of Cocaine,0,0,Resist/Obstruct W/O Violence,2,Low,0
Male,Less than 25,Hispanic,0,0,0,1.0,-22.0,M,Prowling/Loitering,0,0,,1,Low,0
Male,Greater than 45,Caucasian,0,0,0,3.0,-1.0,F,Aggravated Battery,1,1,Battery,3,Medium,1
Female,25 - 45,Hispanic,0,0,0,2.0,-14.454465739781334,F,Felony Driving While Lic Suspd,0,0,,2,Low,0
Male,Greater than 45,Asian,0,1,1,10.0,-4.0,F,Deliver Cocaine,1,0,Driving License Suspended,10,Low,1
Male,Less than 25,African-American,0,0,0,2.0,-1.0,F,Aggravated Battery / Pregnant,1,0,Resist/Obstruct W/O Violence,2,Low,0
Male,Greater than 45,Native American,0,0,0,0.0,-1.0,F,Grand Theft in the 3rd Degree,0,0,,0,Low,0
Female,25 - 45,Other,0,0,0,1.0,-1.0,F,Aggravated Assault W/dead Weap,0,0,,1,Low,0
Male,Less than 25,Asian,0,0,0,0.0,0.0,F,Aggravated Battery,1,0,Operating W/O Valid License,0,Low,0
Female,25 - 45,African-American,0,0,0,0.0,-1.0,F,Grand Theft in the 3rd Degree,0,0,,0,High,0
Male,Less than 25,Hispanic,0,0,1,3.0,0.0,F,Possession of Cocaine,0,0,,3,Low,0
Female,25 - 45,Asian,0,0,0,4.0,0.0,F,Possession Of Methamphetamine,1,1,Resist/Obstruct W/O Violence,4,High,1
Female,Greater than 45,Hispanic,0,0,0,2.0,-1.0,F,False Imprisonment,1,0,Resist/Obstruct W/O Violence,2,Medium,1
Female,Less than 25,Asian,0,0,0,0.0,-1.0,F,Possession of Cocaine,0,0,,0,Low,0
Female,Greater than 45,Other,0,0,0,0.0,-1.0,M,Battery,0,0,,0,Low,0
Female,25 - 45,Hispanic,0,0,0,1.0,-1.0,F,Petit Theft,1,0,Driving License Suspended,1,Low,1
Male,25 - 45,Hispanic,0,0,0,1.0,-2.0,F,Burglary Conveyance Unoccup,1,0,,1,Low,1
Male,Less than 25,Hispanic,0,0,0,0.0,-1.0,F,Neglect Child / No Bodily Harm,1,0,Resist/Obstruct W/O Violence,0,Low,1
Male,Greater than 45,African-American,0,0,0,3.0,-1.0,F,Possession of Cocaine,1,0,Resist/Obstruct W/O Violence,3,Medium,1
Male,25 - 45,Asian,0,0,0,0.0,0.0,M,Driving Under The Influence,0,0,,0,Low,0
Female,25 - 45,Other,0,0,0,0.0,-1.0,F,Tampering With Physical Evidence,1,0,Unlaw LicTag/Sticker Attach,0,Medium,1
Female,Greater than 45,Hispanic,0,0,0,1.0,-19.0,F,Felony Batt(Great Bodily Harm),1,0,Operating W/O Valid License,1,Low,1
Female,25 - 45,Native American,0,0,0,1.0,-1.0,M,Battery,0,0,,1,Low,0
Male,Less than 25,African-American,0,0,0,0.0,0.0,F,Aggravated Assault W/Dead Weap,0,0,,0,Low,0
Male,Greater than 45,Asian,0,0,0,0.0,-1.0,M,Battery,0,0,,0,Low,1
Male,Greater than 45,Other,0,0,0,2.0,0.0,F,Resist Officer w/Violence,1,0,Susp Drivers Lic 1st Offense,2,Low,1
Female,Less than 25,Caucasian,0,0,0,3.0,-1.0,M,Driving Under The Influence,0,0,,3,Low,0
Female,Less than 25,Asian,0,0,0,0.0,-1.0,M,DUI Level 0.15 Or Minor In Veh,0,0,,0,Low,0
Female,Less than 25,African-American,0,0,1,19.0,-1.0,F,Possession of Cocaine,1,0,Petit Theft,19,High,1
Female,Greater than 45,Other,0,0,0,2.0,-1.0,F,Grand Theft in the 3rd Degree,1,0,Opert With Susp DL 2nd Offens,2,Low,0
Male,25 - 45,Caucasian,0,0,0,1.0,-2.0,F,Possession Of Alprazolam,1,1,Resist/Obstruct W/O Violence,1,Low,1
Female,25 - 45,Hispanic,0,0,0,0.0,0.0,F,Agg Battery Grt/Bod/Harm,1,1,Strong Armed  Robbery,0,Low,1
Male,Less than 25,Native American,0,0,0,3.0,0.0,F,Grand Theft (Motor Vehicle),1,0,Driving License Suspended,3,High,1
Female,25 - 45,Asian,0,0,0,5.0,-1.0,M,Operating W/O Valid License,1,0,,5,High,0
Male,25 - 45,Other,0,0,0,1.0,-1.0,F,Burglary Unoccupied Dwelling,0,0,,1,High,0
Male,Less than 25,Hispanic,0,0,0,0.0,-1.0,F,Susp Drivers Lic 1st Offense,0,0,,0,Low,0
Male,Greater than 45,Asian,0,0,0,1.0,-1.0,F,Pos Cannabis W/Intent Sel/Del,0,0,,1,Medium,0
Male,25 - 45,Asian,0,0,0,13.0,-1.0,F,Aggravated Battery,0,0,,13,Medium,0
Male,Greater than 45,Native American,0,0,0,2.0,-1.0,F,Possession of Cocaine,0,0,,2,Medium,0
Male,25 - 45,Native American,0,0,1,3.0,-1.0,F,Felony Batt(Great Bodily Harm),1,1,Child Abuse,4,Low,1
Male,Less than 25,Native American,0,0,0,0.0,-1.0,M,Battery,1,0,Operating W/O Valid License,0,Low,1
Male,Less than 25,Native American,0,0,0,0.0,-1.0,F,Battery on Law Enforc Officer,0,0,,0,Low,0
Male,25 - 45,Caucasian,0,0,0,3.0,-1.0,F,False Imprisonment,1,0,,3,Low,0
Male,25 - 45,Native American,0,0,0,0.0,-5.0,F,Possession Of Heroin,0,0,,0,Low,0
Male,Less than 25,African-American,0,3,0,12.0,-1.0,M,Battery,0,0,,12,High,0
Female,25 - 45,Asian,0,0,0,0.0,-1.0,M,Battery,1,1,Aid/Abet Burglary Assault/Batt,0,Medium,0
Male,Greater than 45,Native American,0,0,0,2.0,-14.0,F,Possession of Oxycodone,0,0,,2,Low,0
Female,25 - 45,Asian,0,0,0,2.0,-1.0,F,Grand Theft (Motor Vehicle),1,0,Resist/Obstruct W/O Violence,2,Low,1
Female,Less than 25,Caucasian,0,0,0,8.0,-4.0,F,Felony Petit Theft,1,0,Susp Drivers Lic 1st Offense,8,High,1
Male,25 - 45,African-American,0,0,0,1.0,-1.0,F,Possession Of Heroin,0,0,,1,Medium,1
Male,Less than 25,Caucasian,0,0,0,12.0,0.0,F,Burglary Dwelling Assault/Batt,1,0,Fail Register Vehicle,12,Medium,1
Male,Less than 25,African-American,0,0,0,7.0,-1.0,F,Uttering a Forged Instrument,1,0,Opert With Susp DL 2nd Offens,7,Low,0
Male,25 - 45,Asian,0,0,0,1.0,-1.0,F,Dealing in Stolen Property,1,1,Battery,1,Low,1
Male,Less than 25,African-American,0,3,0,17.672791355899466,-1.0,F,Grand Theft (Motor Vehicle),1,1,Robbery / Weapon,13,High,1
Female,Greater than 45,Hispanic,0,0,0,0.0,-2.0,M,Resist/Obstruct W/O Violence,1,0,Fail Register Vehicle,0,Low,1
Male,25 - 45,Other,0,0,0,2.0,-1.0,F,Viol Prot Injunc Repeat Viol,1,0,Operating W/O Valid License,2,Low,1
Female,25 - 45,Asian,0,0,0,3.0,-1.0,F,Grand Theft in the 3rd Degree,0,0,,3,Low,0
Female,25 - 45,Hispanic,0,0,1,2.0,0.0,M,Battery,0,0,,2,Low,0
Female,Less than 25,Asian,0,0,0,9.0,-1.0,F,Driving While License Revoked,1,0,Resist/Obstruct W/O Violence,9,Low,1
Female,Less than 25,Caucasian,0,0,0,2.0,-1.0,F,Possession Of Methamphetamine,0,0,,2,Low,0
Female,Greater than 45,Asian,0,1,0,2.0,-24.0,M,Battery,1,0,,2,High,1
Male,Less than 25,Caucasian,0,0,0,1.0,-1.0,F,Felony Batt(Great Bodily Harm),1,0,Driving License Suspended,1,Low,1
Female,Less than 25,Other,0,0,0,0.0,-1.0,F,False Imprisonment,0,0,,0,Low,0
Male,Less than 25,African-American,0,0,0,0.0,-1.0,M,False Ownership Info/Pawn Item,0,0,,0,Medium,0
Male,Less than 25,African-American,0,0,1,12.0,-1.0,M,Battery,1,0,Driving License Suspended,12,High,1
Male,Less than 25,African-American,0,0,0,10.0,-1.0,M,Assault,1,0,Fail Register Vehicle,10,High,1
Male,Less than 25,Caucasian,0,0,0,13.0,0.0,M,Battery,1,1,Battery,13,Low,1
Male,Greater than 45,Native American,0,0,0,0.0,-3.0,F,Possession of Cocaine,1,0,Operating W/O Valid License,0,Low,1
Male,25 - 45,Asian,0,0,0,0.0,-1.0,M,Resist/Obstruct W/O Violence,0,0,,0,High,0
Male,Less than 25,Native American,0,0,0,0.0,-1.0,F,Aggravated Assault W/Dead Weap,0,0,,0,Low,0
Female,Less than 25,Native American,0,0,0,1.0,-1.0,M,Aggrav Battery w/Deadly Weapon,0,0,,1,Low,0
Female,25 - 45,Asian,0,0,0,1.0,0.0,F,Agg Battery Grt/Bod/Harm,1,1,Battery,1,Low,1
Male,Greater than 45,African-American,3,0,0,13.0,-8.0,F,Susp Drivers Lic 1st Offense,1,0,Trespass Structure/Conveyance,13,High,1
Female,25 - 45,Other,0,0,0,2.0,0.0,F,Possession of Cocaine,0,0,,2,Low,0
Female,25 - 45,Asian,0,0,0,0.0,-1.0,M,Battery,1,0,Operating W/O Valid License,0,Low,1
Male,Greater than 45,Asian,0,0,0,9.0,0.0,F,Burglary Conveyance Unoccup,1,0,Susp Drivers Lic 1st Offense,9,Medium,1
Female,Greater than 45,African-American,0,0,0,3.0,0.0,F,Felony Petit Theft,0,0,,3,Low,0
Male,Less than 25,Other,0,0,0,0.0,-1.0,M,Battery,1,1,Resist/Obstruct W/O Violence,0,High,1
Female,25 - 45,African-American,0,0,0,1.0,0.0,F,Agg Battery Grt/Bod/Harm,0,0,,1,Low,0
Male,Greater than 45,African-American,0,0,0,1.0,-1.0,F,Unauth Poss ID Card or DL,0,0,,1,Low,0
Male,25 - 45,African-American,0,0,0,0.0,-1.0,F,Aggrav Battery w/Deadly Weapon,0,0,,0,Low,0
Female,Less than 25,Native American,0,0,0,0.0,-1.0,F,Grand Theft in the 3rd Degree,0,0,,0,Low,0
Male,25 - 45,Hispanic,0,0,0,0.0,-1.0,F,Aggrav Battery w/Deadly Weapon,0,0,,0,Low,0
Male,Less than 25,Caucasian,0,0,2,0.0,-1.0,F,Aggravated Assault W/Dead Weap,0,0,,0,Low,0
Male,Greater than 45,Other,0,0,0,0.0,-4.0,M,Resist/Obstruct W/O Violence,1,0,,0,Low,1
Male,Greater than 45,Caucasian,0,0,0,0.0,-1.0,F,Possession Of Methamphetamine,1,0,,0,Low,1
Female,Less than 25,Native American,0,0,0,1.0,-8.230233501106557,F,Uttering a Forged Instrument,0,0,,1,Medium,0
Female,25 - 45,Other,0,0,0,1.0,0.0,M,Battery,0,0,,1,Low,0
Male,Greater than 45,Native American,0,0,0,0.0,0.0,F,Felony Battery w/Prior Convict,1,0,Operating W/O Valid License,0,High,1
Male,Less than 25,Native American,0,0,0,1.0,-15.0,F,Lve/Scen/Acc/Veh/Prop/Damage,1,0,Operating W/O Valid License,1,Medium,1
Female,Less than 25,Caucasian,0,0,0,2.0,-1.0,F,Possession of Cocaine,1,0,Operating W/O Valid License,2,High,1
Male,Greater than 45,Caucasian,0,0,0,0.0,-1.0,F,Aggravated Assault W/dead Weap,1,0,Driving License Suspended,0,Medium,1
Female,Less than 25,Caucasian,0,0,0,1.0,-1.0,F,Possession Burglary Tools,1,0,Driving License Suspended,1,Medium,0
Male,25 - 45,Other,0,0,0,0.0,-1.0,F,Aggrav Battery w/Deadly Weapon,0,0,,0,Medium,0
Male,25 - 45,Other,0,0,0,1.0,-1.0,F,Possession of Cocaine,1,1,Child Abuse,1,Low,1
Female,Greater than 45,Other,0,0,0,21.000000000000004,0.0,F,Felony Battery w/Prior Convict,1,0,Fail Register Vehicle,20,Medium,1
Male,25 - 45,Native American,0,0,0,3.0,0.0,F,Battery on Law Enforc Officer,0,0,,3,Medium,0
Female,Greater than 45,Native American,0,0,0,2.0,-1.0,F,Poss Cocaine/Intent To Del/Sel,0,0,,2,Low,0
Female,Less than 25,Native American,1,2,0,5.0,-1.0,F,Aggrav Battery w/Deadly Weapon,1,0,Driving License Suspended,5,Medium,1
Male,25 - 45,Native American,0,0,0,8.0,-1.0,M,Exposes Culpable Negligence,1,0,,8,Medium,1
Male,Greater than 45,Native American,0,0,0,2.0,-1.0,F,Burglary Unoccupied Dwelling,1,0,Opert With Susp DL 2nd Offens,2,Medium,1
Female,25 - 45,African-American,0,0,0,2.0,-1.0,F,Pos Cannabis W/Intent Sel/Del,1,0,Operating W/O Valid License,2,Low,1
Male,25 - 45,Caucasian,0,0,0,6.0,-1.0,F,Felony Petit Theft,0,0,,6,Low,0
Male,Less than 25,Caucasian,0,0,0,12.0,-26.0,F,Uttering a Forged Instrument,0,0,,12,Low,0
Female,25 - 45,Native American,0,0,0,19.0,29.039119109235834,M,Poss Cocaine/Intent To Del/Sel,1,0,Felony Petit Theft,19,Medium,1
Female,Greater than 45,Caucasian,1,1,0,2.0,-1.0,F,Possession Of Methamphetamine,1,0,Driving License Suspended,2,Medium,1
Female,Greater than 45,Native American,0,0,0,0.0,0.0,M,Aggravated Assault w/Firearm,0,0,,0,Low,0
Male,Less than 25,Asian,0,0,0,0.0,0.0,F,Crimin Mischief Damage $1000+,1,1,Aid/Abet Burglary Assault/Batt,0,Low,1
Female,25 - 45,African-American,0,1,0,8.0,0.0,F,Driving While License Revoked,1,0,,8,High,0
Male,25 - 45,Other,0,0,0,15.0,-1.0,F,Child Abuse,0,0,,15,Medium,0
Female,25 - 45,Other,0,0,0,0.0,0.0,F,False Imprisonment,0,0,,0,Low,0
Female,25 - 45,Hispanic,0,0,0,0.0,0.0,M,Viol Injunct Domestic Violence,0,0,,0,Medium,0
Female,25 - 45,Caucasian,0,0,0,2.0,-1.0,F,Possession of Cannabis,1,1,False Imprisonment,2,Low,1
Male,Greater than 45,Hispanic,0,0,0,2.0,-1.0,M,Burglary Conveyance Unoccup,0,0,,2,Low,0
Male,Greater than 45,Caucasian,0,0,0,1.0,-1.0,F,Aggravated Battery / Pregnant,0,0,,1,Low,0
Female,Greater than 45,Other,0,0,0,6.0,-1.0,F,Tampering With Physical Evidence,0,0,,6,Medium,0
Male,Less than 25,Caucasian,0,0,0,4.0,0.0,M,Battery,1,1,False Imprisonment,4,Low,1
Male,Less than 25,Caucasian,1,0,0,1.0,14.284713954161546,F,DUI Blood Alcohol Above 0.20,1,0,Operating W/O Valid License,1,Medium,1
Male,Greater than 45,Caucasian,0,0,2,6.0,0.0,F,Burglary Conveyance Unoccup,0,0,,6,High,0
Female,Less than 25,Hispanic,0,0,0,0.0,-1.0,F,Battery on Law Enforc Officer,0,0,,0,Low,0
Male,Less than 25,Asian,0,0,0,0.0,-1.0,M,Disorderly Conduct,0,0,,0,Low,0
Female,Greater than 45,African-American,0,0,0,3.0,-1.0,F,Pos Cannabis W/Intent Sel/Del,1,0,Driving License Suspended,3,High,1
Male,Less than 25,Other,0,0,1,2.0,-7.692426211589549,F,Driving While License Revoked,0,0,,2,Low,0
Male,25 - 45,African-American,0,0,0,0.0,0.0,F,Possession Of Methamphetamine,1,0,Operating W/O Valid License,0,Low,1
Male,Greater than 45,Caucasian,0,0,0,0.0,-1.0,F,Possession of Cocaine,1,0,Fail Register Vehicle,0,Low,1
Female,Greater than 45,Asian,0,0,0,0.0,-1.0,F,Grand Theft in the 3rd Degree,0,0,,0,Low,0
Male,Greater than 45,Asian,0,0,0,2.0,-1.0,F,Grand Theft (Motor Vehicle),0,0,,2,Medium,0
Male,Less than 25,Other,0,0,0,0.0,-1.0,F,Crim Use of Personal ID Info,0,0,,0,Low,0
Male,Greater than 45,African-American,0,0,0,0.0,0.0,F,Felony Driving While Lic Suspd,0,0,Unlaw LicTag/Sticker Attach,0,Medium,1
Female,25 - 45,Native American,0,0,0,0.0,0.0,M,Disorderly Intoxication,1,0,Fail Register Vehicle,0,Low,1
Male,Greater than 45,Hispanic,0,0,1,0.0,-1.0,M,Battery,1,1,Aid/Abet Burglary Assault/Batt,0,Medium,1
Female,Less than 25,Native American,0,0,0,1.0,-1.0,F,Grand Theft in the 3rd Degree,0,0,,1,Low,0
Male,Less than 25,Other,0,0,0,0.0,-1.0,M,Battery,1,0,Unlaw LicTag/Sticker Attach,0,Low,1
Male,Greater than 45,Hispanic,0,0,0,0.0,-1.0,M,Leaving Acc/Unattended Veh,0,0,,0,Low,0
Male,25 - 45,African-American,0,0,0,3.0,0.0,F,Poss Pyrrolidinovalerophenone,1,0,Driving License Suspended,3,Medium,1
Male,Greater than 45,African-American,0,0,0,0.0,0.0,M,DUI- Enhanced,0,0,,0,Low,0
Male,Less than 25,Native American,0,0,0,0.0,0.0,M,Battery,1,0,Susp Drivers Lic 1st Offense,0,Low,1
Male,25 - 45,African-American,0,0,0,9.0,-1.0,F,Possession Of Heroin,1,0,Susp Drivers Lic 1st Offense,9,Medium,1
Female,Greater than 45,Other,0,0,0,5.0,0.0,F,Tampering With Physical Evidence,1,0,Fail Register Vehicle,5,High,1
Female,Less than 25,Native American,0,0,0,2.0,-1.0,F,Aggravated Assault W/Dead Weap,0,0,,2,Low,0
Male,Less than 25,Native American,0,0,0,0.0,-1.0,M,Battery,0,0,,0,Low,0
Male,Less than 25,Asian,0,0,0,1.0,-1.0,F,Unlaw LicTag/Sticker Attach,0,0,,1,Low,0
Female,25 - 45,Native American,0,0,0,0.0,-1.0,F,Tamper With Witness/Victim/CI,0,0,,0,High,0
Male,Less than 25,Native American,0,0,0,17.0,-1.0,F,Poss Pyrrolidinovalerophenone,1,0,Resist/Obstruct W/O Violence,17,Low,1
Female,Greater than 45,Native American,0,0,0,4.0,-28.0,F,Aggravated Assault W/dead Weap,0,0,,4,Low,0
Male,Less than 25,African-American,0,0,0,5.0,-1.0,F,Cruelty Toward Child,1,0,Opert With Susp DL 2nd Offens,5,Low,0
Male,Greater than 45,African-American,0,0,0,0.0,-1.0,F,Aggravated Assault W/Dead Weap,1,1,Strong Armed  Robbery,0,High,1
Male,25 - 45,Caucasian,0,0,0,1.0,-1.0,F,Grand Theft in the 3rd Degree,1,0,Driving License Suspended,1,Medium,1
Male,Less than 25,Asian,0,0,0,0.0,-1.0,M,Lve/Scen/Acc/Veh/Prop/Damage,0,0,,0,Low,0
Male,25 - 45,African-American,0,0,0,0.0,-1.0,F,Robbery / No Weapon,1,0,,0,Low,0
Male,25 - 45,Other,0,0,0,6.0,-1.0,F,Felony Petit Theft,1,0,Operating W/O Valid License,6,Low,1
Male,Greater than 45,Hispanic,0,0,0,4.0,-1.0,M,Battery,1,0,,4,Medium,0
Male,Greater than 45,Asian,0,0,0,0.0,-2.0,F,Aggravated Assault w/Firearm,0,0,,0,Low,0
Female,25 - 45,Other,0,0,0,3.0,0.0,M,Battery,1,0,,3,High,1
Female,Less than 25,Asian,0,0,0,9.0,0.0,F,Felony Battery w/Prior Convict,1,0,,9,High,1
Male,Less than 25,African-American,0,0,0,0.0,-1.0,M,Exposes Culpable Negligence,1,0,Operating W/O Valid License,0,Low,1
Male,Greater than 45,African-American,0,0,0,6.0,0.0,F,Possession of Oxycodone,1,1,False Imprisonment,6,High,1
Male,Less than 25,Caucasian,0,0,0,1.0,-1.0,M,Battery,1,0,Operating W/O Valid License,1,Medium,1
Male,Less than 25,Hispanic,0,0,0,5.0,-11.0,F,Aggravated Battery,1,0,Resist/Obstruct W/O Violence,5,Low,1
Male,25 - 45,African-American,0,0,0,2.0,-28.0,F,Possession of Cocaine,1,0,Opert With Susp DL 2nd Offens,2,Low,1
Male,25 - 45,Other,0,0,1,1.0,-1.0,M,Felony Battery (Dom Strang),1,0,,1,High,1
Male,25 - 45,Hispanic,0,0,0,11.0,-1.0,F,Criminal Mischief Damage <$200,0,0,,11,High,0
Male,Greater than 45,Asian,0,0,0,0.0,-1.0,M,Battery,0,0,,0,Medium,0
Female,Greater than 45,Other,0,0,0,9.0,-1.0,F,Unlaw LicTag/Sticker Attach,1,1,Resist/Obstruct W/O Violence,9,High,1
Male,Less than 25,Caucasian,0,0,0,2.0,-1.0,F,Criminal Mischief,1,0,Susp Drivers Lic 1st Offense,2,Low,1
Female,Less than 25,Native American,0,0,0,2.0,-1.0,F,Grand Theft in the 3rd Degree,0,0,,2,Low,0
Female,Less than 25,Native American,0,0,0,0.0,-1.0,F,Aggravated Assault W/Dead Weap,0,0,,0,Low,0
Male,Less than 25,African-American,0,0,0,0.0,-1.0,F,Grand Theft in the 3rd Degree,0,0,,0,High,0
Female,Greater than 45,Native American,0,0,0,6.0,-1.0,F,Driving While License Revoked,1,0,Fail Register Vehicle,6,Low,1
Male,Greater than 45,Other,0,0,0,2.0,-1.0,F,Felony Petit Theft,0,0,,2,Low,0
Male,Greater than 45,Caucasian,2,3,0,24.0,-1.0,F,Burglary With Assault/battery,0,0,,24,High,0
Male,Less than 25,African-American,0,0,0,6.0,-1.0,F,Uttering a Forged Instrument,1,0,Operating W/O Valid License,6,Medium,1
Female,25 - 45,Asian,0,0,0,3.0,0.0,F,Poss Pyrrolidinovalerophenone,1,0,Resist/Obstruct W/O Violence,3,Medium,1
Male,25 - 45,Hispanic,0,0,0,12.0,-1.0,F,Driving While License Revoked,1,0,Resist/Obstruct W/O Violence,12,High,1
Male,Less than 25,Hispanic,0,0,1,1.0,-1.0,M,Battery on Law Enforc Officer,1,0,Petit Theft,1,High,1
Male,Greater than 45,Native American,0,0,0,0.0,-1.0,F,Poss Pyrrolidinovalerophenone,1,1,Child Abuse,0,High,1
Male,Greater than 45,African-American,0,0,0,6.0,-1.0,F,Aggravated Assault W/Dead Weap,1,1,Battery,6,Medium,1
Male,25 - 45,Caucasian,0,0,0,3.0,-1.0,F,Driving While License Revoked,0,0,,3,High,0
Female,Less than 25,Asian,0,0,0,6.0,-1.0,F,Possession of Cocaine,1,0,Driving License Suspended,6,Low,1
Male,Greater than 45,Native American,0,0,0,11.0,-1.0,M,Unlaw LicTag/Sticker Attach,0,0,,11,High,0
Male,Less than 25,Other,0,0,0,0.0,-1.0,F,Uttering a Forged Instrument,1,0,Susp Drivers Lic 1st Offense,0,Medium,1
Male,Less than 25,Caucasian,0,0,0,0.0,-1.0,F,Grand Theft in the 3rd Degree,0,0,,0,Medium,0
Female,25 - 45,Hispanic,0,0,0,2.0,-1.0,F,Possession Of Alprazolam,0,0,,2,Low,0
Male,Less than 25,Caucasian,0,0,0,2.0,-1.0,M,Battery,0,0,,2,High,0
Male,Greater than 45,Asian,0,0,0,0.0,-1.0,F,False Imprisonment,0,0,,0,Low,0
Male,Greater than 45,Other,0,0,0,1.0,-1.0,M,Battery,0,0,,1,Low,0
Female,25 - 45,Hispanic,0,0,3,18.0,-1.0,F,Grand Theft in the 3rd Degree,1,0,Petit Theft,18,High,1
Female,25 - 45,Hispanic,0,0,0,1.0,-1.0,F,Criminal Mischief,0,0,,1,Low,0
Male,Less than 25,Asian,0,0,0,3.0,-7.0,F,Disorderly Conduct,1,0,,3,Low,0
Female,Less than 25,Caucasian,0,0,0,1.0,-1.0,F,False Imprisonment,1,0,Fail Register Vehicle,1,Low,1
Female,Less than 25,Caucasian,0,0,0,1.0,0.0,F,Grand Theft (Motor Vehicle),0,0,,1,High,0
Female,Less than 25,Native American,0,0,0,0.0,-1.0,F,Robbery / No Weapon,0,0,Operating W/O Valid License,0,Low,0
Male,Less than 25,Caucasian,0,0,0,0.0,-1.0,F,Fleeing Or Attmp Eluding A Leo,0,0,,0,Low,0
Female,25 - 45,African-American,0,0,0,3.0,-1.0,M,Disorderly Conduct,1,0,Opert With Susp DL 2nd Offens,3,Low,1
Male,Greater than 45,African-American,0,0,0,0.0,0.0,F,Aggrav Battery w/Deadly Weapon,0,0,,0,Low,0
Female,Greater than 45,Other,0,1,0,1.0,0.0,M,Battery,0,0,,1,Medium,0
Female,Less than 25,Asian,0,0,0,1.0,-1.0,M,Battery,1,1,Battery,1,Medium,1
Male,Greater than 45,Asian,0,0,0,7.0,-2.0,F,Grand Theft (Motor Vehicle),1,0,Fail Register Vehicle,7,High,1
Male,Greater than 45,Hispanic,0,0,0,13.0,-1.0,F,Possession Of Heroin,1,0,Driving License Suspended,13,High,1
Male,25 - 45,Asian,0,0,0,1.0,-1.0,F,Tamper With Witness/Victim/CI,1,1,Resist/Obstruct W/O Violence,1,Low,1
Male,25 - 45,Caucasian,0,0,0,5.0,0.0,F,Driving While License Revoked,0,0,,5,Medium,0
Female,25 - 45,African-American,0,0,0,2.0,-18.177882270404776,M,Petit Theft,1,1,Resist/Obstruct W/O Violence,2,Low,1
Male,Less than 25,Caucasian,0,0,0,0.0,-1.0,F,DUI - Enhanced,0,0,,0,Low,0
Male,Greater than 45,Other,0,0,0,1.0,-8.0,F,Agg Battery Grt/Bod/Harm,0,0,,1,Low,0
Male,25 - 45,Native American,0,0,0,6.0,-4.0,F,Possession Of Alprazolam,1,0,,6,Low,0
Female,Less than 25,Native American,0,0,0,0.0,-1.0,M,Failure To Pay Taxi Cab Charge,0,0,,0,Medium,0
Female,Greater than 45,Hispanic,0,0,0,0.0,-1.0,F,Grand Theft in the 3rd Degree,0,0,,0,Medium,0
Male,Less than 25,African-American,0,0,0,10.0,-1.0,F,Aggrav Battery w/Deadly Weapon,1,0,Driving License Suspended,10,Low,1
Female,Greater than 45,African-American,0,0,0,0.0,-1.0,F,Grand Theft in the 3rd Degree,0,0,,0,Low,0
Male,25 - 45,Asian,0,0,0,0.0,-1.0,M,DUI Property Damage/Injury,0,0,Susp Drivers Lic 1st Offense,0,Low,1
Male,25 - 45,Asian,0,0,0,2.0,-1.0,F,Aggrav Battery w/Deadly Weapon,0,0,,2,Low,0
Female,Less than 25,Caucasian,0,0,0,8.0,-1.0,F,Burglary Conveyance Unoccup,1,0,Fail Register Vehicle,8,High,1
Female,25 - 45,African-American,0,0,0,0.0,0.0,M,Battery,0,0,,0,Low,0
Male,25 - 45,Hispanic,0,0,0,0.0,-1.0,F,Felony Battery (Dom Strang),0,0,,0,Low,0
Female,Less than 25,African-American,0,0,0,19.0,-1.0,F,Felony Driving While Lic Suspd,0,0,,19,Low,0
Male,Less than 25,Caucasian,0,0,0,2.0,-1.0,F,Aggravated Assault W/dead Weap,1,0,Driving License Suspended,2,High,1
Male,Less than 25,Caucasian,0,0,0,1.0,-1.0,F,DUI Blood Alcohol Above 0.20,0,0,,1,Low,0
Female,Less than 25,Asian,0,0,0,0.0,0.0,F,Grand Theft in the 3rd Degree,0,0,,0,Medium,0
Male,Less than 25,Native American,0,0,0,0.0,-1.0,F,Felony Battery (Dom Strang),0,0,,0,Low,0
Male,25 - 45,Other,0,0,0,3.0,0.0,F,Possession of Cannabis,1,0,Resist/Obstruct W/O Violence,3,Medium,1
Female,Less than 25,Hispanic,0,0,0,0.0,0.0,M,Battery,0,0,,0,Low,0
Male,Greater than 45,Other,0,0,0,0.0,-1.0,M,Possession of Cannabis,0,0,,0,Low,0
Female,Less than 25,Asian,0,0,0,3.0,-1.0,M,Petit Theft,1,0,Opert With Susp DL 2nd Offens,3,High,1
Female,25 - 45,Hispanic,0,0,0,6.0,-1.0,M,Battery,1,1,Child Abuse,6,Medium,1
Female,25 - 45,Caucasian,0,0,0,0.0,-1.0,M,Battery,0,0,,0,Low,0
Female,Less than 25,Asian,1,0,0,26.013997057726378,-1.0,F,Poss Cocaine/Intent To Del/Sel,1,0,Felony Petit Theft,25,High,1
Female,Less than 25,Asian,0,0,0,2.0,0.0,F,Exposes Culpable Negligence,1,0,Susp Drivers Lic 1st Offense,2,Medium,1
Female,Greater than 45,African-American,0,0,0,0.0,-1.0,F,Possession of Cocaine,0,0,Susp Drivers Lic 1st Offense,0,High,1
Female,25 - 45,Other,0,0,0,1.0,-1.0,F,Pos Cannabis W/Intent Sel/Del,1,0,Susp Drivers Lic 1st Offense,1,Low,1
Male,Greater than 45,Caucasian,0,0,0,27.965816682565954,-1.0,F,Felony Batt(Great Bodily Harm),1,0,Opert With Susp DL 2nd Offens,27,High,1
Female,Less than 25,Other,0,0,0,3.0,-1.0,M,Pos Cannabis W/Intent Sel/Del,1,0,Driving License Suspended,3,Medium,1
Female,25 - 45,Other,0,0,0,2.0,-1.0,F,Grand Theft in the 3rd Degree,0,0,,2,Low,0
Female,Greater than 45,Asian,0,0,0,1.0,-19.0,F,Petit Theft,1,0,Fail Register Vehicle,1,Low,1
Male,Less than 25,Hispanic,0,0,0,2.0,-1.0,F,Burglary Unoccupied Dwelling,1,1,Battery,2,High,0
Female,25 - 45,Other,0,0,0,0.0,-1.0,M,Battery,1,0,,0,Low,1
Female,Greater than 45,Caucasian,0,0,0,2.0,-1.0,F,Possession of Cocaine,1,0,Driving License Suspended,2,Low,1
Male,Greater than 45,Other,0,0,0,0.0,-1.0,F,Grand Theft (Motor Vehicle),0,0,,0,Medium,0
Male,25 - 45,Other,0,0,0,0.0,-1.0,F,Felony Driving While Lic Suspd,0,0,,0,Low,0
Female,Less than 25,Native American,0,0,0,1.0,-1.0,M,Battery,0,0,,1,Low,0
Female,Greater than 45,Other,0,0,0,3.0,-21.0,F,Neglect Child / No Bodily Harm,0,0,,3,Low,0
Male,Less than 25,Native American,0,0,0,4.0,-10.0,M,Battery,1,0,Fail Register Vehicle,4,Medium,1
Male,Greater than 45,Other,0,0,0,0.0,-1.0,M,DUI Property Damage/Injury,0,0,,0,Low,0
Female,25 - 45,Caucasian,0,0,0,2.0,-1.0,F,Possession Of Alprazolam,1,0,Fail Register Vehicle,2,Medium,1
Female,Greater than 45,Native American,0,0,0,29.037389691747148,-1.0,F,Poss Contr Subst W/o Prescript,1,0,Resist/Obstruct W/O Violence,28,High,1
Male,Less than 25,Hispanic,0,0,0,0.0,-3.0,F,Child Abuse,0,0,,0,Low,0
Female,Greater than 45,Native American,0,0,0,0.0,0.0,M,Battery,0,0,,0,Low,0
Male,25 - 45,Hispanic,0,0,0,1.0,-1.0,M,DUI Property Damage/Injury,0,0,,1,Low,0
Female,Greater than 45,Caucasian,0,0,0,0.0,-1.0,F,Burglary Unoccupied Dwelling,0,0,,0,Low,0
Female,Less than 25,Other,0,0,0,0.0,0.0,M,Soliciting For Prostitution,0,0,,0,Low,0
Female,Less than 25,African-American,0,0,0,0.0,-1.0,F,Possession of Cocaine,1,1,Battery,0,Medium,1
Male,Greater than 45,Hispanic,0,0,0,1.0,-1.0,F,Deliver Cocaine,1,1,Child Abuse,1,Medium,1
Female,Less than 25,African-American,0,0,0,0.0,0.0,F,Resist Officer w/Violence,0,0,,0,Medium,0
Male,Greater than 45,African-American,0,0,0,1.0,-2.0,F,"Poss3,4 Methylenedioxymethcath",0,0,,1,Low,0
Female,Greater than 45,Native American,0,0,0,6.0,-3.0,F,Tamper With Witness/Victim/CI,1,1,Battery,6,Medium,1
Male,25 - 45,Asian,0,0,0,1.0,-1.0,F,Aggrav Battery w/Deadly Weapon,0,0,,1,Low,0
Female,Less than 25,Other,0,0,0,0.0,0.0,M,Battery,1,1,Aggravated Battery / Pregnant,0,Low,1
Female,Less than 25,Native American,0,0,0,9.0,0.0,M,Battery,0,0,,9,Medium,0
Female,Less than 25,Other,0,3,1,2.0,-1.0,M,Viol Pretrial Release Dom Viol,1,1,Aggravated Assault W/dead Weap,2,Medium,1
Male,Greater than 45,Native American,0,0,0,2.0,-1.0,F,Possession Of Heroin,0,0,,2,Low,0
Female,25 - 45,Hispanic,0,0,0,0.0,-1.0,M,Battery,0,0,,0,Low,0
Male,25 - 45,Hispanic,0,0,0,0.0,-1.0,M,Battery,0,0,Operating W/O Valid License,0,Low,1
Female,25 - 45,African-American,0,0,0,0.0,-1.0,F,Aggravated Battery,1,1,Aggravated Battery / Pregnant,0,High,1
Male,25 - 45,African-American,0,0,0,4.0,-1.0,M,Disorderly Intoxication,1,0,Susp Drivers Lic 1st Offense,4,Low,0
Female,Greater than 45,Other,0,0,0,3.0,-1.0,F,Burglary Conveyance Unoccup,1,0,Susp Drivers Lic 1st Offense,3,Medium,1
Male,Greater than 45,Hispanic,0,0,0,0.0,-1.0,F,Possession of Cocaine,1,0,Susp Drivers Lic 1st Offense,0,Low,1
Female,Greater than 45,Caucasian,1,0,0,2.0,-1.0,F,Deliver Cocaine,0,0,,2,Medium,0
Male,Less than 25,Other,0,0,0,0.0,-1.0,M,Burglary Unoccupied Dwelling,0,0,,0,Low,0
Male,Greater than 45,African-American,0,0,3,0.0,-1.0,F,Pos Cannabis W/Intent Sel/Del,1,1,Retail Theft,0,High,0
Male,Less than 25,Caucasian,0,0,0,0.0,-1.0,F,"Poss3,4 Methylenedioxymethcath",0,0,,0,Low,0
Male,Less than 25,Native American,0,0,0,1.0,-26.0,M,Battery,0,0,,1,Low,0
Male,Less than 25,Caucasian,0,0,0,1.0,-1.0,M,Battery,0,0,,1,Medium,0
Male,Less than 25,Hispanic,0,0,0,1.0,-1.0,M,Driving License Suspended,1,1,Resist/Obstruct W/O Violence,1,Low,1
Female,25 - 45,African-American,0,0,0,0.0,-1.0,F,Burglary Unoccupied Dwelling,1,1,Strong Armed  Robbery,0,Medium,1
Female,Greater than 45,Other,0,0,0,2.0,-1.0,F,Possession Of Methamphetamine,1,0,,2,Medium,0
Female,25 - 45,Hispanic,0,0,0,0.0,0.0,F,Driving While License Revoked,0,0,,0,High,0
Male,25 - 45,Asian,0,0,0,1.0,-1.0,M,Battery,0,0,,1,Low,0
Male,Greater than 45,Native American,0,0,0,0.0,-2.0,F,Deliver Cocaine,0,0,,0,Low,0
Female,25 - 45,African-American,0,0,0,3.0,-1.0,F,Uttering a Forged Instrument,1,0,,3,Low,1
Female,25 - 45,Hispanic,0,0,0,1.0,-1.0,F,Possession Of Alprazolam,0,0,,1,Low,0
Male,25 - 45,African-American,0,0,0,19.0,-1.0,F,Possession of Cocaine,1,1,False Imprisonment,19,High,1
Female,Less than 25,Hispanic,0,2,2,20.0,-1.0,F,Grand Theft (Motor Vehicle),1,0,Fail Register Vehicle,20,High,1
Female,Less than 25,African-American,0,0,0,0.0,-1.0,F,Grand Theft in the 3rd Degree,1,0,,0,Medium,1
Female,Less than 25,Other,0,0,0,0.0,-1.0,M,Susp Drivers Lic 1st Offense,1,0,,0,Low,0
Female,Greater than 45,Native American,2,0,0,7.0,-1.0,M,Viol Prot Injunc Repeat Viol,1,0,Trespass Structure/Conveyance,7,High,1
Male,25 - 45,Caucasian,0,0,0,6.0,-26.0,F,Viol Injunct Domestic Violence,0,0,,6,Low,0
Male,Less than 25,Caucasian,0,0,0,0.0,0.0,F,Dealing in Stolen Property,0,0,,0,High,0
Female,Less than 25,African-American,0,0,0,0.0,-1.0,F,Battery,1,0,Resist/Obstruct W/O Violence,0,Medium,1
Female,Greater than 45,Native American,0,0,0,0.0,0.0,M,Operating W/O Valid License,0,0,,0,Low,0
Female,Less than 25,Caucasian,0,0,0,0.0,-1.0,M,Possession of Cannabis,0,0,,0,Low,0
Female,Less than 25,Other,0,0,1,0.0,-1.0,M,Battery,1,0,Driving License Suspended,0,High,1
Male,Less than 25,Hispanic,0,0,0,2.0,-1.0,M,Viol Injunct Domestic Violence,0,0,,2,Low,0
Female,Greater than 45,African-American,0,0,0,1.0,-1.0,F,Burglary Unoccupied Dwelling,1,0,Driving License Suspended,1,Medium,1
Female,25 - 45,Hispanic,0,0,0,9.0,-1.0,F,Driving While License Revoked,1,1,Battery,9,Medium,1
Male,Greater than 45,Native American,0,0,0,0.0,-1.0,F,Driving While License Revoked,0,0,,0,Low,0
Female,25 - 45,Asian,0,0,1,0.0,-2.0,F,Possession of Cocaine,1,0,Susp Drivers Lic 1st Offense,0,Low,1
Male,Greater than 45,African-American,0,0,0,2.0,-26.0,M,Possess Cannabis/20 Grams Or Less,0,0,,2,Medium,0
Female,Less than 25,Other,0,0,0,2.0,-21.0,F,Possession Of Heroin,0,0,,2,Low,0
Male,Greater than 45,Asian,19,0,0,24.0,-1.0,F,Issuing a Worthless Draft,1,1,Robbery / Weapon,24,High,1
Male,Less than 25,Caucasian,0,0,0,3.0,0.0,F,Aggravated Assault W/Dead Weap,0,0,,3,Low,0
Male,Less than 25,Other,0,0,0,1.0,-1.0,F,Poss Cocaine/Intent To Del/Sel,0,0,,1,Low,0
Female,Less than 25,African-American,0,0,0,0.0,-1.0,F,Possession of Cannabis,0,0,,0,Low,0
Male,Less than 25,Native American,1,0,0,21.000000000000004,-1.0,M,Battery,1,1,False Imprisonment,21,High,1
Male,25 - 45,Native American,0,0,0,0.0,-1.0,F,False Imprisonment,0,0,,0,Low,0
Female,25 - 45,Caucasian,1,0,1,9.0,-7.079550639470675,M,Possession of Ethylone,1,1,Child Abuse,9,High,1
Male,Less than 25,Native American,0,0,0,1.0,-1.0,M,Susp Drivers Lic 1st Offense,0,0,,1,Medium,0
Male,Greater than 45,Asian,0,0,0,1.0,-1.0,M,Battery,1,1,Battery,1,Low,1
Female,Less than 25,Native American,0,0,0,6.0,-1.0,F,Exposes Culpable Negligence,0,0,,6,Low,0
Male,25 - 45,Native American,0,0,0,2.0,-1.0,M,Battery,1,0,Susp Drivers Lic 1st Offense,2,Low,1
Male,Less than 25,Hispanic,0,0,0,3.0,-19.0,F,Carrying Concealed Firearm,1,0,Fail Register Vehicle,3,High,1
Male,25 - 45,African-American,0,0,0,0.0,0.0,F,Aggravated Battery,0,0,,0,Low,0
Male,25 - 45,Native American,1,0,3,19.0,-1.0,M,Possession of Ethylone,0,1,Aid/Abet Burglary Assault/Batt,11,High,0
Male,Less than 25,African-American,0,0,0,0.0,-1.0,M,Battery,1,0,,0,Low,0
Female,25 - 45,Hispanic,0,0,0,17.0,0.0,F,Possession of Cocaine,1,0,Driving License Suspended,17,High,1
Male,25 - 45,Hispanic,0,0,0,0.0,0.0,M,Possess Cannabis/20 Grams Or Less,0,0,,0,Low,0
Female,Less than 25,Hispanic,0,0,0,0.0,-1.0,M,Battery,0,0,,0,Low,0
Female,Greater than 45,Native American,0,0,0,0.0,-2.0,F,Grand Theft (Motor Vehicle),0,0,,0,Low,0
Male,Greater than 45,Other,0,0,0,1.0,-1.0,M,Possess Cannabis/20 Grams Or Less,1,1,Child Abuse,1,Medium,1
Female,25 - 45,African-American,1,0,0,6.0,0.0,F,Possession of Cocaine,1,0,Operating W/O Valid License,6,High,1
Female,Greater than 45,Hispanic,0,0,0,7.0,-1.0,F,Possession of Cocaine,1,0,Resist/Obstruct W/O Violence,7,High,1
Male,25 - 45,Other,0,0,0,4.0,0.0,F,Neglect Child / No Bodily Harm,0,0,,4,Medium,0
Female,25 - 45,African-American,0,0,0,2.0,-1.0,F,Pos Cannabis W/Intent Sel/Del,0,0,Driving License Suspended,2,Low,0
Female,25 - 45,Asian,0,0,0,14.0,-1.0,F,Driving While License Revoked,1,0,Susp Drivers Lic 1st Offense,14,High,1
Female,25 - 45,Caucasian,0,0,0,0.0,-1.0,M,Battery,0,0,,0,Low,0
Male,Less than 25,Caucasian,0,0,1,0.0,0.0,M,DUI Blood Alcohol Above 0.20,0,0,Petit Theft,0,High,1
Male,Greater than 45,Native American,0,0,0,6.0,0.0,F,Possession of Cocaine,1,0,Driving License Suspended,6,Low,1
Female,Greater than 45,Asian,0,0,1,4.0,-1.0,F,Grand Theft in the 3rd Degree,0,0,,4,Low,0
Female,Greater than 45,Asian,0,0,0,0.0,0.0,M,Battery,0,0,,0,Low,0
Female,Less than 25,African-American,0,0,0,0.0,-1.0,F,Grand Theft in the 3rd Degree,0,0,,0,Low,0
Male,Less than 25,Caucasian,0,0,0,2.0,0.0,M,Resist/Obstruct W/O Violence,0,0,Resist/Obstruct W/O Violence,2,Low,1
Male,25 - 45,Caucasian,0,0,0,3.0,-1.0,F,Grand Theft in the 3rd Degree,1,0,Fail Register Vehicle,3,High,1
Female,25 - 45,Native American,0,0,1,2.0,-1.0,F,Possession Burglary Tools,0,0,,2,High,0
Female,Greater than 45,Hispanic,0,1,0,2.0,-1.0,F,Possession of Cannabis,1,1,Battery,2,Medium,1
Female,Greater than 45,Asian,0,0,0,0.0,-1.0,F,Deliver Cocaine,1,0,Operating W/O Valid License,0,High,1
Male,Less than 25,Caucasian,0,0,0,0.0,-2.0,M,Battery,1,1,Resist/Obstruct W/O Violence,0,Low,1
Male,Less than 25,Caucasian,0,0,0,1.0,-2.0,M,Assault,1,0,Driving License Suspended,1,Low,0
Male,Less than 25,Other,0,0,0,0.0,-1.0,F,Grand Theft (Motor Vehicle),0,0,,0,Low,0
Male,25 - 45,Hispanic,0,0,0,0.0,-1.0,F,Grand Theft (Motor Vehicle),1,0,Driving License Suspended,0,Low,1
Male,Greater than 45,Asian,0,0,0,0.0,-1.0,F,Felony Battery (Dom Strang),0,0,,0,Low,0
Male,25 - 45,Native American,0,0,0,9.0,-1.0,F,Grand Theft (Motor Vehicle),0,0,,9,Medium,0
Female,Less than 25,Other,0,0,0,14.0,-1.0,F,Possession of Cocaine,1,0,Resist/Obstruct W/O Violence,14,High,1
Female,Less than 25,Asian,0,0,2,4.0,-10.0,M,Possess Cannabis/20 Grams Or Less,0,0,,4,High,0
Male,Less than 25,Other,0,0,0,0.0,-1.0,M,Battery,0,0,,0,Low,0
Male,25 - 45,Other,0,0,0,0.0,0.0,F,Possession of Cocaine,0,0,,0,Low,0
Female,Greater than 45,African-American,0,3,1,6.0,-1.0,F,Burglary Conveyance Unoccup,1,0,Trafficking 4-14 Grams Heroin,6,High,1
Male,Greater than 45,Hispanic,0,0,0,5.0,-1.0,F,Carrying Concealed Firearm,1,0,Driving License Suspended,5,Medium,1
Female,25 - 45,Caucasian,0,0,1,10.0,-1.0,F,Possession of Cocaine,1,0,Fail Register Vehicle,10,Medium,1
Male,Greater than 45,Caucasian,0,0,0,0.0,-1.0,M,Battery,1,0,,0,Low,0
Female,Greater than 45,African-American,0,0,0,0.0,-1.0,F,Possession of Cocaine,0,0,,0,Low,0
Male,Greater than 45,Other,0,0,0,3.0,-1.0,F,Unlaw LicTag/Sticker Attach,1,0,Resist/Obstruct W/O Violence,3,Low,1
Male,Greater than 45,Other,0,0,4,0.0,-1.0,F,Battery,0,0,Petit Theft,0,Low,0
Female,25 - 45,Caucasian,0,0,0,0.0,-1.0,M,Viol Injunct Domestic Violence,0,0,,0,Low,0
Male,Less than 25,Asian,0,0,0,2.0,-1.0,F,Felony Driving While Lic Suspd,1,1,False Imprisonment,2,Medium,1
Male,Greater than 45,Caucasian,0,0,0,1.0,-3.0,F,Battery on Law Enforc Officer,0,0,,1,Medium,0
Male,25 - 45,Hispanic,0,0,0,4.0,-13.797650375412111,F,Possession of Oxycodone,0,0,,4,Low,0
Male,25 - 45,Asian,0,0,0,0.0,-1.0,M,Battery,1,0,Unlaw LicTag/Sticker Attach,0,Low,1
Male,Greater than 45,African-American,0,0,0,0.0,-1.0,F,Aggravated Battery / Pregnant,0,0,,0,Low,0
Male,Greater than 45,Caucasian,0,0,0,0.0,-1.0,F,Possession Burglary Tools,1,0,Operating W/O Valid License,0,Low,1
Male,25 - 45,Hispanic,0,0,0,2.0,-1.0,F,Felony Batt(Great Bodily Harm),0,0,,2,Medium,0
Male,Less than 25,Native American,0,0,0,9.0,-1.0,M,Battery,1,1,Battery,9,High,1
Male,25 - 45,Other,0,0,0,1.0,0.0,M,Battery,0,0,,1,Medium,0
Female,25 - 45,Native American,0,0,0,0.0,-1.0,F,Possession of Cocaine,0,0,,0,Low,1
Male,25 - 45,Other,0,0,1,9.0,-1.0,M,Battery,1,0,Driving License Suspended,9,High,1
Male,25 - 45,Hispanic,0,0,0,3.0,-20.162077687861924,M,Felony Battery (Dom Strang),1,0,Susp Drivers Lic 1st Offense,3,High,1
Male,Less than 25,Hispanic,0,0,0,1.0,-21.0,F,Crim Use of Personal ID Info,0,0,,1,Low,0
Female,Less than 25,Hispanic,0,0,0,9.0,-1.0,F,Felony Petit Theft,1,0,Opert With Susp DL 2nd Offens,9,High,1
Female,25 - 45,Hispanic,0,0,0,0.0,0.0,M,DUI Property Damage/Injury,0,0,,0,Low,0
Female,25 - 45,Asian,0,0,0,7.0,-18.959672139973282,F,Poss Cocaine/Intent To Del/Sel,0,0,,7,Medium,0
Male,Greater than 45,Other,0,0,0,0.0,-1.0,F,Grand Theft in the 3rd Degree,0,0,Fail Register Vehicle,0,Low,1
Female,Greater than 45,Asian,0,0,0,1.0,-13.0,F,Neglect Child / No Bodily Harm,0,0,,1,Low,0
Female,Greater than 45,Asian,0,2,0,3.0,0.0,F,Aggrav Battery w/Deadly Weapon,1,1,Aid/Abet Burglary Assault/Batt,3,Medium,1
Male,Greater than 45,Other,0,0,0,2.0,-1.0,F,Neglect Child / No Bodily Harm,0,0,,2,Low,0
Female,25 - 45,Native American,0,0,0,1.0,-1.0,F,Possession of Cannabis,1,0,Operating W/O Valid License,1,Low,1
Male,25 - 45,Native American,0,0,0,0.0,-1.0,M,Battery,0,0,,0,Low,0
Female,25 - 45,Hispanic,0,0,0,0.0,-1.0,F,Possession of Cocaine,0,0,,0,Low,0
Male,Less than 25,Other,0,0,0,0.0,-1.0,F,Burglary Conveyance Unoccup,0,0,,0,Medium,0
Female,25 - 45,Hispanic,0,0,0,0.0,-1.0,M,Battery,0,0,,0,High,0
Female,25 - 45,Hispanic,0,0,1,12.0,-1.0,M,Battery,1,0,Opert With Susp DL 2nd Offens,12,High,1
Female,Greater than 45,Asian,0,0,0,0.0,-1.0,F,Burglary Unoccupied Dwelling,0,0,,0,Low,0
Female,Greater than 45,Hispanic,0,0,0,0.0,-1.0,F,Carrying Concealed Firearm,0,0,,0,Low,0
Female,Less than 25,Caucasian,0,0,1,0.0,0.0,M,Possess Cannabis/20 Grams Or Less,0,0,Drinking Alch Beverage In Open,0,Medium,1
Female,Greater than 45,African-American,0,0,0,0.0,-1.0,F,Fleeing Or Attmp Eluding A Leo,1,1,Resist/Obstruct W/O Violence,0,Low,1
Male,Greater than 45,Other,0,0,0,1.0,-1.0,F,Agg Battery Grt/Bod/Harm,0,0,,1,Low,0
Male,Less than 25,Caucasian,0,0,0,0.0,-1.0,M,DUI - Enhanced,0,0,,0,Low,0
Female,Less than 25,Asian,0,0,0,1.0,-1.0,F,Grand Theft in the 3rd Degree,1,0,Susp Drivers Lic 1st Offense,1,High,1
Male,Less than 25,Asian,0,0,0,0.0,-1.0,M,Battery,0,0,,0,Low,0
Male,Greater than 45,Caucasian,0,0,0,0.0,0.0,M,Battery,0,0,,0,Low,0
Male,Less than 25,Native American,0,0,0,15.0,-1.0,F,Possession of Cocaine,0,0,,15,High,0
Female,25 - 45,Asian,0,0,0,0.0,0.0,M,Driving Under The Influence,0,0,,0,Low,0
Male,Greater than 45,African-American,0,0,0,0.0,-1.0,F,Poss Contr Subst W/o Prescript,1,0,Drinking Alch Beverage In Open,0,Medium,1
Male,25 - 45,African-American,0,0,0,1.0,-7.893866201568613,F,Battery on Law Enforc Officer,0,0,,1,Low,0
Female,Less than 25,Native American,0,0,0,0.0,0.0,F,Possession Of Alprazolam,1,1,Child Abuse,0,Medium,1
Male,Less than 25,Caucasian,0,0,2,3.0,-1.0,F,Aggravated Assault w/Firearm,1,0,,3,Medium,0
Male,25 - 45,Asian,0,1,1,7.0,-1.0,F,Viol Prot Injunc Repeat Viol,1,0,Operating W/O Valid License,7,Medium,1
Female,Greater than 45,African-American,0,0,0,22.0,-1.0,F,Possession Of Heroin,1,0,Fail Register Vehicle,22,High,1
Male,25 - 45,Other,0,0,0,2.0,0.0,F,Possession of Cannabis,1,0,Opert With Susp DL 2nd Offens,2,Low,0
Male,Less than 25,Caucasian,0,0,0,0.0,0.0,M,Lve/Scen/Acc/Veh/Prop/Damage,0,0,,0,Low,0
Male,Greater than 45,Caucasian,0,0,0,3.0,-1.0,F,Felony Battery w/Prior Convict,0,0,,3,Low,0
Male,Less than 25,Other,0,0,0,0.0,-1.0,F,Aggravated Assault W/dead Weap,0,0,,0,Low,0
Female,25 - 45,Hispanic,0,0,0,0.0,-1.0,M,Battery,1,0,,0,Low,0
Female,Less than 25,Native American,0,0,0,0.0,-1.0,F,Uttering a Forged Instrument,0,0,,0,Medium,0
Female,Less than 25,Asian,0,0,0,0.0,0.0,F,Aggravated Assault w/Firearm,0,0,,0,Low,0
Male,Greater than 45,Asian,0,0,0,3.0,0.0,F,Felony Petit Theft,1,0,Operating W/O Valid License,3,Low,1
Male,25 - 45,Hispanic,0,0,0,4.0,0.0,M,Driving Under The Influence,0,0,,4,Low,0
Female,Greater than 45,Asian,0,0,0,4.0,-1.0,F,Grand Theft in the 3rd Degree,0,0,,4,Low,0
Male,25 - 45,Caucasian,0,0,0,1.0,-1.0,F,Possession Of Heroin,0,0,,1,High,0
Female,Less than 25,Hispanic,0,0,0,3.0,-1.0,F,Poss Contr Subst W/o Prescript,0,0,,3,High,0
Female,Less than 25,African-American,0,0,0,0.0,-1.0,M,Disorderly Intoxication,0,0,,0,High,0
Male,25 - 45,African-American,0,0,0,3.0,-1.0,F,Battery,1,0,Operating W/O Valid License,3,Low,1
Male,Greater than 45,Other,1,0,0,10.0,-1.0,F,Resist Officer w/Violence,1,0,,10,High,1
Female,25 - 45,African-American,0,0,0,0.0,0.0,M,Battery,0,0,,0,Medium,0
Male,Greater than 45,Caucasian,0,0,0,0.0,-1.0,M,Driving License Suspended,0,0,,0,Low,0
Female,Less than 25,Caucasian,0,0,0,3.0,-1.0,F,Grand Theft in the 3rd Degree,0,0,,3,Low,0
Male,Less than 25,African-American,0,0,0,0.0,-1.0,M,Battery,1,0,Unlaw LicTag/Sticker Attach,0,Medium,1
Female,Greater than 45,African-American,0,0,0,13.403682586863447,-1.0,F,Possession of Cocaine,1,1,Battery,14,High,1
Female,Greater than 45,Hispanic,0,0,0,18.0,-1.0,M,Dealing in Stolen Property,1,0,Fail Register Vehicle,17,Medium,1
Female,Less than 25,Hispanic,0,0,1,0.0,0.0,F,Deliver Cannabis,1,0,Burglary Structure Unoccup,0,Low,0
Male,Greater than 45,Native American,1,0,0,9.0,-1.0,M,Battery,1,1,Robbery / Weapon,10,High,1
Male,Greater than 45,Other,0,0,0,0.0,-1.0,M,Poss Of Controlled Substance,0,0,,0,Low,0
Male,Less than 25,African-American,0,0,0,2.0,-1.0,F,Viol Injunct Domestic Violence,1,0,,2,High,1
Male,Greater than 45,Asian,0,0,0,3.0,-1.0,M,Battery,1,1,False Imprisonment,3,Low,1
Male,Greater than 45,Native American,0,0,0,0.0,-1.0,M,Battery,0,0,,0,Low,0
Female,25 - 45,Asian,1,4,0,8.0,0.0,M,Battery,0,0,,8,Medium,0
Female,25 - 45,Caucasian,0,0,0,3.0,-1.0,M,Felony Battery (Dom Strang),1,0,Driving License Suspended,3,Low,1
Male,Less than 25,Caucasian,0,0,0,2.0,0.0,M,Battery,1,0,Driving License Suspended,2,Low,0
Female,Greater than 45,African-American,0,0,0,1.0,-1.0,F,Aggravated Assault w/Firearm,0,0,,1,Low,0
Male,25 - 45,African-American,0,0,0,8.0,0.0,F,Possession of Cannabis,0,0,,8,High,0
Female,Greater than 45,Native American,1,0,1,3.0,-1.0,F,Deliver Cocaine,0,0,,3,High,0
Male,Less than 25,Asian,0,0,0,1.0,-1.0,F,Aggravated Assault W/dead Weap,0,0,,1,Low,0
Male,25 - 45,Hispanic,0,0,0,0.0,0.0,M,Battery,0,0,,0,High,0
Female,Less than 25,Native American,0,0,0,0.0,-3.0,F,Possession Of Alprazolam,0,0,,0,Medium,0
Male,25 - 45,African-American,0,0,1,15.792905881043202,-1.0,F,Felony Battery (Dom Strang),1,0,Driving License Suspended,16,High,1
Female,25 - 45,Hispanic,0,0,0,5.0,-1.0,F,Battery,1,1,Battery,5,Medium,1
Female,Greater than 45,African-American,1,0,0,2.0,0.0,F,Pos Cannabis W/Intent Sel/Del,0,0,Operating W/O Valid License,2,High,1
Male,Less than 25,Hispanic,0,0,0,5.0,-13.0,F,Possession of Cocaine,0,0,Opert With Susp DL 2nd Offens,5,Low,0
Female,Less than 25,Other,0,0,1,1.0,-1.0,F,Pos Cannabis W/Intent Sel/Del,1,0,Fail Register Vehicle,1,High,1
Male,Less than 25,Asian,0,0,0,1.0,-1.0,F,Grand Theft in the 3rd Degree,1,0,Operating W/O Valid License,1,Low,1
Female,Greater than 45,African-American,0,0,0,0.0,-1.0,F,False Imprisonment,0,0,,0,High,0
Male,Greater than 45,Hispanic,0,0,0,3.0,-1.0,F,Burglary Conveyance Unoccup,1,1,False Imprisonment,3,High,1
Female,Less than 25,Caucasian,0,0,0,4.0,0.0,F,Felony Petit Theft,1,0,Driving License Suspended,4,Medium,1
Male,Less than 25,African-American,0,0,0,1.0,-2.0,M,Battery,1,0,,1,Low,0
Female,Greater than 45,Hispanic,0,0,0,0.0,-1.0,F,Resist Officer w/Violence,0,0,,0,Medium,0
Male,Less than 25,Asian,0,0,0,0.0,0.0,M,Battery,0,0,,0,Low,0
Male,Less than 25,Hispanic,0,0,0,0.0,0.0,F,Tampering With Physical Evidence,1,1,False Imprisonment,0,High,1
Male,Greater than 45,Other,0,0,0,2.0,-10.0,F,Grand Theft in the 3rd Degree,1,0,Susp Drivers Lic 1st Offense,2,High,1
Male,Less than 25,Caucasian,0,0,0,0.0,-2.0,F,Possession of Oxycodone,0,0,,0,Low,0
Male,Greater than 45,Other,0,0,0,0.0,-1.0,F,Pos Cannabis W/Intent Sel/Del,1,0,,0,Low,1
Female,25 - 45,Asian,0,0,0,1.0,-1.0,F,DUI - Enhanced,0,0,,1,Low,0
Male,Less than 25,Other,0,0,0,0.0,-1.0,F,Aggrav Battery w/Deadly Weapon,0,0,,0,Low,0
Female,Less than 25,Caucasian,0,0,0,5.0,-1.0,F,Possession of Cocaine,1,0,Resist/Obstruct W/O Violence,5,Low,1
Female,25 - 45,Caucasian,0,0,0,7.0,-1.0,F,Felony Battery w/Prior Convict,1,0,Driving License Suspended,7,Medium,1
Female,Greater than 45,African-American,0,0,0,0.0,-3.0,F,Grand Theft in the 3rd Degree,0,0,,0,Low,0
Female,Less than 25,Caucasian,0,0,0,4.0,-1.0,F,Felony Batt(Great Bodily Harm),0,0,,4,Low,0
Female,Greater than 45,Caucasian,0,0,0,1.0,0.0,F,Poss Cocaine/Intent To Del/Sel,0,0,,1,Low,0
Female,Less than 25,Hispanic,0,0,0,2.0,-1.0,F,Driving While License Revoked,1,0,Driving License Suspended,2,Low,1
Male,25 - 45,Caucasian,0,0,0,0.0,-1.0,M,Battery,0,0,,0,Low,0
Female,Less than 25,Native American,0,0,0,0.0,-1.0,M,Battery,0,0,,0,Low,0
Female,25 - 45,Native American,0,0,0,0.0,0.0,M,DUI Property Damage/Injury,0,0,,0,Low,0
Female,25 - 45,Caucasian,0,0,0,2.0,-1.0,M,Poss Cocaine/Intent To Del/Sel,0,0,,2,Low,0
Female,Less than 25,Hispanic,1,0,0,4.0,-1.0,F,Burglary Structure Unoccup,0,0,Susp Drivers Lic 1st Offense,4,High,1
Male,25 - 45,Asian,0,0,0,0.0,0.0,M,Battery,0,0,,0,Low,0
Female,Less than 25,Native American,0,0,0,4.0,-9.163198340171615,F,Aggravated Battery / Pregnant,0,0,,4,Low,0
Male,25 - 45,African-American,0,0,0,1.0,-1.0,M,Battery,0,0,,1,Low,0
Female,Less than 25,Native American,0,0,0,1.0,-1.0,M,Battery,1,0,Operating W/O Valid License,1,Low,0
Female,Greater than 45,Hispanic,0,0,0,0.0,0.0,M,Battery,0,0,,0,Low,1
Female,25 - 45,African-American,0,2,1,1.0,-1.0,F,Att Burgl Unoccupied Dwel,1,1,Aggravated Assault W/dead Weap,3,High,1
Male,25 - 45,African-American,0,0,0,0.0,0.0,M,Possess Cannabis/20 Grams Or Less,0,0,,0,Medium,0
Female,25 - 45,African-American,0,0,0,7.0,-1.0,F,Petit Theft,1,0,,7,High,0
Male,Greater than 45,Asian,0,0,0,7.0,-1.0,F,Possession of Cocaine,1,1,Resist/Obstruct W/O Violence,7,High,1
Female,25 - 45,Other,0,0,0,7.0,0.0,F,Possession of Cocaine,1,1,Battery,6,Medium,1
Male,Less than 25,Native American,0,0,0,1.0,-1.0,F,Grand Theft in the 3rd Degree,0,0,,1,Medium,0
Male,Less than 25,African-American,0,0,0,0.0,-1.0,M,Battery,0,0,,0,Low,0
Female,Greater than 45,Asian,0,0,0,4.0,-1.0,F,Tamper With Witness/Victim/CI,1,1,Battery,4,Low,1
Female,25 - 45,Caucasian,0,0,0,0.0,0.0,F,Grand Theft in the 3rd Degree,0,0,,0,Medium,0
Female,Greater than 45,Native American,0,0,0,0.0,-1.0,F,Battery on Law Enforc Officer,1,0,Resist/Obstruct W/O Violence,0,Low,1
Male,Greater than 45,Other,0,0,0,14.0,27.269354218121975,F,Burglary Structure Unoccup,1,0,Fail Register Vehicle,14,Medium,1
Female,25 - 45,Native American,0,0,1,5.0,-1.0,F,Aggrav Battery w/Deadly Weapon,1,1,Battery,5,Medium,1
Female,Greater than 45,Hispanic,0,0,0,0.0,-1.0,F,Possession of Cocaine,0,0,,0,Low,0
Female,Less than 25,Asian,0,0,0,1.0,-17.0,M,Battery,1,0,,1,Low,0
Male,25 - 45,African-American,0,0,0,0.0,-1.0,F,Possession of Cocaine,0,0,,0,Low,0
Female,Greater than 45,African-American,0,0,0,0.0,-1.0,F,Tamper With Witness/Victim/CI,0,0,Susp Drivers Lic 1st Offense,0,Low,0
Male,Less than 25,Hispanic,0,1,0,1.0,0.0,F,Aggravated Battery / Pregnant,1,0,Driving License Suspended,1,High,1
Female,Greater than 45,Other,0,0,0,6.0,-23.0,F,Grand Theft in the 3rd Degree,0,0,,6,Low,0
Male,Less than 25,Asian,0,1,0,1.0,-1.0,M,Battery,0,0,,1,Low,0
Female,25 - 45,Native American,0,0,0,12.0,-1.0,F,Possession of Cocaine,1,1,Child Abuse,12,Low,1
Male,Less than 25,Caucasian,0,0,1,2.0,-1.0,F,Tampering With Physical Evidence,0,0,Driving License Suspended,2,Medium,1
Male,25 - 45,Hispanic,0,0,0,0.0,-1.0,M,Battery,0,0,,0,Low,0
Male,Less than 25,Hispanic,0,0,0,8.0,0.0,M,Possess Cannabis/20 Grams Or Less,1,1,Battery,8,High,1
Male,Greater than 45,Caucasian,0,0,0,0.0,0.0,F,Possession of Cocaine,0,0,,0,Low,0
Female,Greater than 45,Native American,0,0,0,4.0,-26.0,M,Susp Drivers Lic 1st Offense,1,0,Driving License Suspended,4,Low,0
Male,25 - 45,Caucasian,0,0,0,0.0,-1.0,F,Burglary Structure Unoccup,1,1,Child Abuse,0,Low,0
Female,Less than 25,Native American,0,0,0,1.0,-1.0,F,Poss Unlaw Issue Driver Licenc,0,0,,1,Low,0
Female,25 - 45,African-American,0,0,1,1.0,-1.0,F,Pos Cannabis W/Intent Sel/Del,1,0,Susp Drivers Lic 1st Offense,1,Low,1
Female,25 - 45,Other,0,0,0,1.0,-1.0,M,Battery,0,0,,1,Low,0
Male,Less than 25,Other,0,0,0,0.0,-1.0,F,Burglary Dwelling Assault/Batt,1,0,Operating W/O Valid License,0,Low,1
Female,25 - 45,Other,0,0,0,13.0,-1.0,F,Felony Petit Theft,1,0,Felony Petit Theft,13,Medium,1
Female,Less than 25,Caucasian,0,0,1,1.0,-1.0,F,Poss Contr Subst W/o Prescript,0,0,,1,Medium,0
Male,Less than 25,Caucasian,0,0,0,0.0,-1.0,F,Uttering a Forged Instrument,0,0,,0,Low,0
Female,Less than 25,Caucasian,0,0,0,0.0,-1.0,F,Battery on Law Enforc Officer,0,0,,0,Low,0
Female,25 - 45,African-American,0,0,0,3.0,-1.0,M,Battery,0,0,,3,Low,0
Male,Less than 25,Native American,0,0,0,0.0,0.0,F,Felony Driving While Lic Suspd,0,0,,0,Low,0
Female,Less than 25,Other,0,0,0,0.0,-1.0,M,Battery,1,0,Susp Drivers Lic 1st Offense,0,Medium,1
Male,Less than 25,Hispanic,0,0,0,0.0,0.0,M,Battery,0,0,,0,Low,0
Male,25 - 45,Hispanic,0,0,0,3.0,-1.0,F,Possession of Cocaine,0,0,Resist/Obstruct W/O Violence,3,Medium,1
Male,25 - 45,Hispanic,0,0,0,0.0,-1.0,M,Battery,0,0,,0,Low,0
Female,25 - 45,Native American,0,0,0,0.0,-1.0,F,Uttering a Forged Instrument,0,0,,0,High,0
Male,25 - 45,Asian,0,0,0,0.0,-3.0,M,Driving Under The Influence,1,1,Battery,0,Low,1
Female,25 - 45,Caucasian,0,0,0,0.0,-1.0,F,Aggravated Battery / Pregnant,1,0,Driving License Suspended,0,Low,1
Male,25 - 45,Hispanic,0,0,0,2.0,-1.0,F,Possession Of Methamphetamine,1,1,Child Abuse,2,Low,1
Male,Greater than 45,Native American,0,0,0,1.0,-1.0,M,Battery,0,0,,1,Low,0
Male,25 - 45,Other,0,0,0,6.0,-1.0,M,Battery,0,0,,6,Low,0
Female,Greater than 45,Other,0,0,0,3.0,-6.237742690520015,M,Driving Under The Influence,0,0,,3,Low,0
Male,Less than 25,African-American,0,0,0,0.0,-1.0,M,Battery,0,0,,0,Low,0
Female,25 - 45,African-American,0,0,0,0.0,-1.0,F,Disorderly Intoxication,0,0,,0,Low,0
Female,Greater than 45,Caucasian,0,0,0,2.0,0.0,F,Grand Theft in the 3rd Degree,1,0,Resist/Obstruct W/O Violence,2,High,1
Male,Less than 25,Native American,0,0,0,0.0,-1.0,M,Battery,1,0,Operating W/O Valid License,0,Low,1
Male,25 - 45,African-American,0,0,0,3.0,-1.0,M,Battery,1,0,Resist/Obstruct W/O Violence,3,Low,1
Female,Less than 25,African-American,0,0,0,3.0,-23.0,F,Burglary Structure Unoccup,1,1,Battery,3,Low,1
Male,25 - 45,Asian,0,0,0,1.0,0.0,M,Battery,0,0,,1,Low,0
Female,25 - 45,African-American,0,0,0,0.0,-1.0,M,Battery,0,0,,0,Low,0
Male,25 - 45,Native American,0,0,0,0.0,-1.0,M,Grand Theft (Motor Vehicle),0,0,,0,Low,0
Female,Less than 25,Native American,0,0,0,1.0,0.0,F,Burglary Conveyance Unoccup,1,0,Opert With Susp DL 2nd Offens,1,Medium,1
Male,25 - 45,Other,0,0,0,10.0,-1.0,F,Burglary Conveyance Unoccup,0,0,,10,Medium,0
Female,25 - 45,Native American,0,0,0,0.0,-1.0,F,Burglary Dwelling Assault/Batt,0,0,,0,Low,0
Male,Less than 25,Asian,0,0,4,8.0,-1.0,F,Grand Theft (Motor Vehicle),1,0,Opert With Susp DL 2nd Offens,8,High,1
Female,Less than 25,Hispanic,0,1,1,13.0,0.0,F,Driving While License Revoked,1,0,,13,High,1
Female,Greater than 45,Asian,0,0,0,4.0,-1.0,M,Battery,1,0,Driving License Suspended,4,High,1
Male,Greater than 45,Native American,0,0,0,0.0,0.0,F,Aggrav Battery w/Deadly Weapon,0,0,,0,Low,0
Male,25 - 45,Caucasian,0,0,0,4.0,-17.3592261705614,M,Possess Cannabis/20 Grams Or Less,1,1,Child Abuse,4,Low,1
Female,25 - 45,Hispanic,0,0,0,2.0,0.0,M,Driving Under The Influence,0,0,,2,Low,0
Female,Less than 25,African-American,0,0,0,0.0,-1.0,F,Battery on Law Enforc Officer,1,0,Opert With Susp DL 2nd Offens,0,High,1
Female,Less than 25,African-American,0,0,0,0.0,-1.0,F,Possession of Oxycodone,0,0,,0,Medium,0
Female,Greater than 45,African-American,0,0,0,1.0,-1.0,M,Grand Theft (Motor Vehicle),1,0,Operating W/O Valid License,1,Medium,1
Female,25 - 45,Hispanic,0,0,0,5.0,-1.0,F,Cruelty Toward Child,1,0,Susp Drivers Lic 1st Offense,5,Low,0
Male,Greater than 45,Caucasian,0,0,0,0.0,-1.0,F,Possession of Cannabis,1,1,Resist/Obstruct W/O Violence,0,Low,0
Male,25 - 45,Asian,0,1,1,3.0,0.0,M,Battery,1,0,Harass Witness/Victm/Informnt,3,Low,1
Female,Greater than 45,Hispanic,0,0,0,5.0,0.0,F,Possession of Cocaine,1,1,Battery,5,Medium,0
Male,25 - 45,African-American,0,0,0,4.0,-1.0,F,Neglect Child / No Bodily Harm,1,0,,4,High,1
Female,25 - 45,Native American,0,0,0,7.0,-1.0,F,Felony Batt(Great Bodily Harm),0,0,,7,Low,0
Male,25 - 45,Other,0,0,0,6.0,-1.0,F,Aggrav Battery w/Deadly Weapon,1,1,Battery,6,Medium,1
Female,Greater than 45,Hispanic,0,0,0,6.0,-1.0,F,Possession of Cocaine,1,1,Resist/Obstruct W/O Violence,6,Low,1
Female,25 - 45,African-American,1,0,1,19.0,-1.0,F,Felony Petit Theft,0,0,,19,High,1
Female,Greater than 45,Asian,0,0,0,5.0,-1.0,F,Criminal Mischief,1,1,Battery,5,Medium,1
Female,25 - 45,African-American,0,0,0,4.0,-1.0,M,Battery,1,0,,4,Low,0
Male,25 - 45,Native American,0,0,0,0.0,-1.0,M,Battery,0,0,,0,Low,0
Male,Less than 25,Other,0,0,0,1.0,-1.0,M,Assault,1,0,,1,Medium,1
Male,Greater than 45,Asian,0,0,0,1.0,0.0,F,Poss Pyrrolidinovalerophenone,1,1,Battery,1,High,1
Male,Less than 25,Native American,0,0,0,12.0,-1.0,F,Possession of Cocaine,1,0,,12,High,0
Male,Greater than 45,African-American,0,0,0,0.0,-1.0,F,Possession Of Alprazolam,1,0,Fail Register Vehicle,0,High,1
Male,Less than 25,Caucasian,0,0,0,1.0,-1.0,F,Possession of Cocaine,1,0,Resist/Obstruct W/O Violence,1,High,1
Male,Less than 25,Other,0,0,0,0.0,-1.0,M,Susp Drivers Lic 1st Offense,1,1,Strong Armed  Robbery,0,Low,1
Male,25 - 45,Caucasian,0,0,0,0.0,-2.0,F,Possession Of Heroin,0,0,,0,Low,0
Male,Less than 25,African-American,0,0,0,5.0,-1.0,M,Possess Cannabis/20 Grams Or Less,0,0,,5,Low,0
Female,Greater than 45,Hispanic,0,0,2,3.0,0.0,M,Tamper With Witness/Victim/CI,1,0,Susp Drivers Lic 1st Offense,3,Low,1
Male,Less than 25,Hispanic,0,0,0,0.0,-1.0,F,Aggrav Battery w/Deadly Weapon,1,1,Resist/Obstruct W/O Violence,0,Medium,1
Female,Greater than 45,Asian,0,0,0,0.0,0.0,F,Aggravated Assault W/dead Weap,0,0,,0,Low,0
Female,25 - 45,Asian,0,0,0,1.0,-1.0,M,Burglary Dwelling Assault/Batt,0,0,,1,Low,0
Male,Greater than 45,Hispanic,0,1,0,6.0,-8.0,M,DUI Property Damage/Injury,0,0,,6,Medium,0
Male,Less than 25,African-American,0,0,0,1.0,0.0,F,Possession of Cocaine,0,0,,1,Low,0
Male,Less than 25,African-American,0,0,0,0.0,-1.0,M,Battery,1,1,Battery,0,High,1
Female,25 - 45,Other,0,0,0,0.0,-1.0,F,False Imprisonment,0,0,,0,Low,0
Female,25 - 45,Other,0,0,0,1.0,-30.0,F,Possession of Cocaine,0,0,,1,Low,0
Male,25 - 45,Hispanic,0,0,0,0.0,-1.0,M,Driving Under The Influence,1,0,Drinking Alch Beverage In Open,0,Low,1
Male,Greater than 45,Native American,0,0,0,5.0,7.136183390540488,F,Poss Contr Subst W/o Prescript,1,0,Resist/Obstruct W/O Violence,5,Low,1
Female,Greater than 45,Hispanic,0,0,0,1.0,-1.0,F,Possession Of Alprazolam,1,0,Opert With Susp DL 2nd Offens,1,Medium,1
Male,25 - 45,Native American,0,0,0,0.0,-1.0,F,Possession of Cocaine,1,0,Resist/Obstruct W/O Violence,0,High,1
Male,Greater than 45,Hispanic,0,0,0,3.0,-1.0,F,Poss Contr Subst W/o Prescript,0,0,,3,Low,0
Female,25 - 45,Hispanic,0,0,0,1.0,-3.0,F,Battery on Law Enforc Officer,1,0,Resist/Obstruct W/O Violence,1,Low,0
Male,25 - 45,Native American,0,0,0,3.0,-1.0,M,Battery,1,1,Resist/Obstruct W/O Violence,3,High,1
Male,Greater than 45,Hispanic,0,0,0,1.0,0.0,F,Carrying Concealed Firearm,0,0,,1,Low,0
Male,25 - 45,Caucasian,0,0,0,1.0,-1.0,F,Possession of Cocaine,0,0,,1,Low,0
Female,Less than 25,Caucasian,0,0,0,0.0,0.0,M,Possess Cannabis/20 Grams Or Less,0,0,,0,Low,0
Female,25 - 45,African-American,0,0,0,3.0,0.0,M,Susp Drivers Lic 1st Offense,0,0,,3,Low,0
Male,Less than 25,Caucasian,0,0,0,0.0,0.0,M,DUI Level 0.15 Or Minor In Veh,1,0,,0,Low,1
Female,Greater than 45,Caucasian,0,0,0,12.0,-1.0,F,Possession of Oxycodone,1,0,Driving License Suspended,12,High,1
Male,Greater than 45,Asian,0,0,0,0.0,-1.0,M,Battery,0,0,,0,Low,0
Female,Less than 25,Hispanic,0,0,0,9.0,-1.0,F,Felony Driving While Lic Suspd,1,0,Resist/Obstruct W/O Violence,9,Low,1
Male,Greater than 45,African-American,0,0,0,1.0,-1.0,M,Battery,0,0,,1,Low,0
Female,25 - 45,Asian,0,0,0,0.0,-1.0,M,Battery,0,0,,0,Low,0
Female,Greater than 45,Asian,0,0,0,1.0,-3.0,F,Susp Drivers Lic 1st Offense,0,0,,1,Low,0
Female,Greater than 45,Hispanic,0,0,0,0.0,-1.0,F,Burglary Structure Unoccup,1,0,Resist/Obstruct W/O Violence,0,Medium,1
Female,Less than 25,Native American,0,0,0,3.0,-1.0,M,Resist Officer w/Violence,1,0,Driving License Suspended,3,Medium,1
Female,Greater than 45,Asian,0,0,0,7.0,-1.0,M,Battery,0,0,,7,Low,0
Female,Less than 25,Asian,0,0,0,14.0,-1.0,M,Battery,1,0,Susp Drivers Lic 1st Offense,14,Medium,1
Male,25 - 45,Hispanic,0,0,3,1.0,-25.239859847838638,F,Possession of Cocaine,0,0,,1,High,0
Female,25 - 45,Native American,0,0,0,0.0,-1.0,M,DUI Level 0.15 Or Minor In Veh,0,0,,0,Low,0
Male,Less than 25,Other,0,0,0,1.0,0.0,F,Grand Theft in the 3rd Degree,0,0,,1,Medium,0
Male,Less than 25,Other,0,0,1,11.0,0.0,F,Tamper With Witness/Victim/CI,1,0,Susp Drivers Lic 1st Offense,11,Medium,1
Female,Greater than 45,Hispanic,0,0,0,1.0,-27.0,F,Possession Of Methamphetamine,0,0,Resist/Obstruct W/O Violence,1,Low,1
Male,25 - 45,African-American,0,0,0,1.0,-1.0,F,Carrying Concealed Firearm,1,1,Child Abuse,1,High,1
Male,Less than 25,Asian,0,0,0,0.0,0.0,F,Viol Injunct Domestic Violence,1,0,,0,Medium,1
Male,25 - 45,Asian,0,0,0,4.0,-1.0,M,Battery,0,0,,4,Low,0
Male,Less than 25,Native American,0,0,0,0.0,-1.0,F,Aggravated Battery / Pregnant,1,0,Susp Drivers Lic 1st Offense,0,Low,1
Male,Less than 25,Caucasian,0,0,0,0.0,0.0,F,Aggrav Battery w/Deadly Weapon,0,0,,0,High,0
Female,25 - 45,Asian,0,0,0,1.0,0.0,M,Battery,0,1,False Imprisonment,1,Medium,1
Female,Less than 25,Hispanic,0,1,0,13.0,-1.0,F,Possession of Cocaine,1,0,Driving License Suspended,13,High,1
Female,Less than 25,Hispanic,0,0,0,0.0,-1.0,F,Uttering a Forged Instrument,0,0,,0,Low,0
Male,Greater than 45,African-American,0,0,0,3.0,0.0,M,Battery,1,1,Battery,3,Medium,1
Female,25 - 45,African-American,0,0,0,1.0,0.0,F,Tamper With Witness/Victim/CI,0,0,,1,Low,0
Male,Less than 25,Caucasian,0,0,0,7.0,-1.0,F,Grand Theft (Motor Vehicle),0,0,,7,High,0
Female,25 - 45,Caucasian,0,0,0,0.0,-1.0,F,Burglary Conveyance Unoccup,0,0,,0,Medium,1
Female,Less than 25,Hispanic,2,1,3,21.000000000000004,0.0,F,Ride Tri-Rail Without Paying,1,0,DWLS Habitual Offender 2nd,21,High,1
Female,25 - 45,Other,0,0,0,0.0,0.0,F,Uttering a Forged Instrument,1,0,Unlaw LicTag/Sticker Attach,0,Medium,1
Female,Greater than 45,Hispanic,0,0,0,2.0,-1.0,F,Leave Acc/Attend Veh/More $50,0,0,,2,Medium,0
Male,Less than 25,Other,0,0,0,0.0,-1.0,M,Exposes Culpable Negligence,0,0,,0,Low,0
Male,25 - 45,Caucasian,0,0,0,1.0,-1.0,F,Crim Use of Personal ID Info,0,0,,1,Medium,0
Female,Greater than 45,Hispanic,0,0,0,0.0,0.0,F,Possession of Cannabis,0,0,,0,Low,0
Male,25 - 45,Native American,0,0,0,5.0,0.0,F,Petit Theft,1,0,Resist/Obstruct W/O Violence,5,High,1
Female,25 - 45,Caucasian,0,0,0,0.0,0.0,F,Aggrav Battery w/Deadly Weapon,0,0,,0,Low,0
Male,Less than 25,Caucasian,0,0,0,5.0,0.0,F,Poss Pyrrolidinovalerophenone,1,0,Operating W/O Valid License,5,Medium,1
Female,25 - 45,Caucasian,0,0,0,1.0,-1.0,F,"Poss3,4 Methylenedioxymethcath",0,0,,1,Medium,0
Male,Less than 25,African-American,0,1,0,1.0,0.0,M,Possess Cannabis/20 Grams Or Less,0,0,,1,Low,0
Male,25 - 45,Caucasian,0,0,0,1.0,0.0,M,Battery,1,0,Operating W/O Valid License,1,Medium,1
Male,25 - 45,Native American,0,0,0,0.0,-1.0,M,Battery,1,1,Battery,0,Low,1
Male,Greater than 45,Caucasian,0,0,0,2.0,0.0,M,Susp Drivers Lic 1st Offense,1,0,Driving License Suspended,2,Low,1
Female,Less than 25,African-American,0,0,0,1.0,-26.0,F,Aggrav Battery w/Deadly Weapon,1,0,,1,Low,0
Female,Greater than 45,Native American,0,0,0,0.0,0.0,F,Aggrav Battery w/Deadly Weapon,0,0,,0,Low,0
Female,25 - 45,Caucasian,0,1,0,11.0,-1.0,F,Grand Theft in the 3rd Degree,1,1,Battery,11,High,1
Male,Greater than 45,Native American,0,0,0,0.0,-1.0,M,Battery,0,0,,0,Low,0
Male,Greater than 45,African-American,0,0,0,5.0,-1.0,M,Battery,0,0,,5,Low,0
Male,Greater than 45,Other,0,0,1,0.0,-1.0,F,Possession of Cannabis,0,0,,0,Low,0
Female,Greater than 45,Caucasian,0,0,0,10.0,0.0,F,Driving License Suspended,1,0,Operating W/O Valid License,10,High,1
Male,Less than 25,African-American,0,1,0,2.0,-1.0,F,Possession of Cannabis,0,0,,2,High,0
Female,25 - 45,Other,0,0,0,12.0,-1.0,F,Robbery / No Weapon,1,1,Resist/Obstruct W/O Violence,12,High,1
Female,25 - 45,Asian,0,0,0,0.0,-1.0,M,Battery,0,0,,0,Low,0
Female,Greater than 45,African-American,0,0,0,13.0,-1.0,F,Grand Theft in the 3rd Degree,0,0,,13,Low,0
Male,Greater than 45,Caucasian,0,0,0,2.0,0.0,M,Battery,1,1,Resist/Obstruct W/O Violence,2,Low,1
Male,Greater than 45,African-American,0,1,0,11.0,-1.0,F,Burglary Conveyance Unoccup,1,0,Susp Drivers Lic 1st Offense,11,High,1
Female,Greater than 45,Hispanic,0,0,0,1.0,0.0,M,Battery,0,0,,1,Low,0
Female,Less than 25,Native American,0,1,0,9.0,-1.0,M,Opert With Susp DL 2nd Offens,0,0,,9,High,0
Male,Less than 25,Asian,0,0,0,2.0,-1.0,F,Dealing in Stolen Property,0,0,,2,Low,0
Female,Greater than 45,Asian,0,0,0,2.0,0.0,M,Driving Under The Influence,0,0,,2,Low,0
Female,25 - 45,African-American,0,0,0,1.0,-1.0,F,Felony Battery (Dom Strang),0,0,,1,Medium,0
Female,Less than 25,African-American,0,0,0,2.0,-1.0,F,Felony Driving While Lic Suspd,1,0,Susp Drivers Lic 1st Offense,2,Low,1
Male,25 - 45,African-American,0,1,8,2.0,-1.0,F,Grand Theft of the 2nd Degree,1,0,Reckless Driving,2,High,1
Female,25 - 45,Asian,0,0,0,0.0,-1.0,M,Battery,0,0,,0,Low,0
Male,25 - 45,Hispanic,0,0,0,0.0,-3.0,F,Resist Officer w/Violence,0,0,,0,Low,0
Male,25 - 45,Native American,0,0,1,4.0,-11.0,M,Possess Cannabis/20 Grams Or Less,1,0,Operating W/O Valid License,4,High,1
Male,Less than 25,Other,0,0,0,0.0,-1.0,F,Aggrav Battery w/Deadly Weapon,0,0,,0,Low,0
Male,Less than 25,Hispanic,0,0,0,1.0,-1.0,F,Possession of Cannabis,1,0,Opert With Susp DL 2nd Offens,1,Medium,1
Female,25 - 45,Native American,0,0,0,0.0,0.0,M,DUI Level 0.15 Or Minor In Veh,0,0,,0,Low,0
Male,25 - 45,African-American,0,0,0,0.0,-1.0,F,Viol Prot Injunc Repeat Viol,0,0,,0,Medium,0
Male,25 - 45,Other,0,0,0,2.0,-1.0,M,Disorderly Conduct,0,0,,2,Medium,0
Male,Less than 25,Native American,0,0,0,2.0,-29.0,F,Resist Officer w/Violence,1,1,False Imprisonment,2,Low,1
Male,Greater than 45,Other,0,0,0,3.0,-1.0,F,Driving While License Revoked,0,0,,3,Low,0
Male,Greater than 45,Asian,0,0,0,5.0,-1.0,M,Battery,0,0,,5,Low,0
Male,Greater than 45,Hispanic,0,0,0,0.0,-1.0,M,Assault,1,1,Child Abuse,0,Medium,0
Male,25 - 45,Caucasian,1,2,0,3.0,-1.0,M,Battery,0,0,,3,Low,0
Female,Greater than 45,Native American,0,0,0,0.0,-1.0,F,Aggravated Assault w/Firearm,0,0,,0,Low,0
Female,Less than 25,Hispanic,0,0,0,0.0,0.0,M,Battery,0,0,,0,Low,0
Male,Less than 25,African-American,0,0,0,4.0,0.0,M,Disorderly Conduct,1,0,Opert With Susp DL 2nd Offens,4,Medium,1
Male,25 - 45,Native American,0,0,0,8.0,0.0,M,DUI Level 0.15 Or Minor In Veh,1,0,Driving License Suspended,8,Low,1
Female,25 - 45,Hispanic,1,0,1,1.0,-1.0,F,False Imprisonment,1,0,Opert With Susp DL 2nd Offens,1,High,1
Male,Less than 25,Other,0,0,0,0.0,-1.0,M,Battery,1,1,Strong Armed  Robbery,0,Low,1
Male,25 - 45,Asian,0,0,0,0.0,-1.0,M,Battery,0,0,,0,Low,0
Male,Less than 25,Other,0,0,0,1.0,-1.0,F,Felony Battery (Dom Strang),0,1,Battery,1,Low,1
Male,25 - 45,Native American,0,0,0,0.0,-1.0,F,Burglary Structure Unoccup,1,1,Strong Armed  Robbery,0,Medium,1
Female,Less than 25,Asian,0,0,0,5.0,-1.0,F,Aggravated Assault w/Firearm,1,0,Resist/Obstruct W/O Violence,5,Low,1
Female,Greater than 45,Hispanic,0,0,0,0.0,-1.0,M,Battery,0,0,,0,Low,0
Female,Less than 25,Asian,0,0,0,0.0,-1.0,F,Deliver Cocaine,0,0,,0,Low,0
Female,25 - 45,Native American,0,0,0,9.0,-1.0,M,Petit Theft,1,1,Resist/Obstruct W/O Violence,9,Low,1
Male,Greater than 45,Caucasian,0,0,0,1.0,-1.0,M,Battery,1,1,Battery,1,Medium,1
Female,Less than 25,African-American,0,0,0,0.0,-1.0,M,DUI- Enhanced,0,0,,0,Low,0
Female,Greater than 45,Native American,0,0,0,0.0,0.0,F,Felony Batt(Great Bodily Harm),0,0,Driving License Suspended,0,High,1
Male,Greater than 45,Native American,0,2,0,2.0,-22.0,M,Viol Injunct Domestic Violence,0,0,,2,Low,0
Male,Less than 25,Asian,0,0,0,1.0,-1.0,F,Resist Officer w/Violence,0,0,,1,Low,0
Male,Greater than 45,Other,0,0,0,1.0,-1.0,F,Possession of Cannabis,1,0,Resist/Obstruct W/O Violence,1,Low,1
Male,25 - 45,Asian,0,0,0,4.0,-1.0,F,Burglary Unoccupied Dwelling,1,0,Driving License Suspended,4,Low,1
Male,Greater than 45,Hispanic,0,0,0,2.0,-1.0,F,Possession of Cocaine,1,0,Driving License Suspended,2,Low,1
Male,Less than 25,Asian,0,0,0,0.0,-1.0,F,Felony Battery (Dom Strang),0,0,,0,Low,0
Male,Greater than 45,Asian,0,0,0,2.0,-30.0,M,DUI Level 0.15 Or Minor In Veh,0,0,,2,Low,0
Female,Less than 25,Caucasian,0,0,0,0.0,-1.0,M,Battery,0,0,,0,Low,0
Female,25 - 45,Asian,0,0,0,1.0,0.0,F,Aggravated Assault w/Firearm,1,1,Resist/Obstruct W/O Violence,1,Low,1
Male,25 - 45,Asian,0,0,0,1.0,-1.0,F,Aggrav Battery w/Deadly Weapon,0,0,,1,Medium,0
Male,Greater than 45,Other,0,0,0,2.0,-18.0,M,Battery,0,0,,2,Low,0
Female,Greater than 45,African-American,0,0,0,2.0,-2.0,M,Battery,0,0,,2,Low,0
Female,Less than 25,African-American,0,0,0,4.0,-1.0,F,Driving While License Revoked,0,0,,4,Low,0
Male,25 - 45,Asian,0,0,0,2.0,-1.0,M,Agg Battery Grt/Bod/Harm,0,0,,2,Medium,0
Female,Less than 25,Caucasian,0,0,0,0.0,-1.0,F,Deliver Cocaine,1,0,Unlaw LicTag/Sticker Attach,0,Medium,1
Female,25 - 45,African-American,0,0,1,8.0,-1.0,F,Uttering a Forged Instrument,0,0,,8,High,0
Male,Less than 25,African-American,0,0,0,3.0,-1.0,F,Aggravated Assault w/Firearm,1,1,Resist/Obstruct W/O Violence,3,Low,1
Male,25 - 45,African-American,0,0,0,2.0,-1.0,M,Driving License Suspended,0,0,,2,Low,0
Female,Less than 25,African-American,0,2,2,11.0,-1.0,F,Attempted Robbery  No Weapon,0,0,,11,High,0
Male,Less than 25,Caucasian,0,0,0,2.0,-1.0,M,Dealing in Stolen Property,1,1,Battery,2,High,0
Female,Greater than 45,Native American,0,0,0,2.0,-1.0,F,Pos Cannabis W/Intent Sel/Del,0,0,,2,Medium,0
Male,Less than 25,Hispanic,0,0,0,0.0,-1.0,M,Battery,0,0,,0,Low,0
Male,Greater than 45,Asian,0,0,0,1.0,-1.0,M,Battery,1,0,Operating W/O Valid License,1,Medium,1
Female,Less than 25,Hispanic,0,0,0,0.0,-1.0,F,Poss Contr Subst W/o Prescript,0,0,,0,Low,0
Male,Less than 25,Hispanic,0,0,0,0.0,0.0,M,Battery,0,0,,0,Low,0
Male,Greater than 45,Asian,0,0,0,1.0,0.0,F,False Imprisonment,0,0,,1,Medium,0
Male,Less than 25,Asian,0,0,0,0.0,0.0,M,Driving Under The Influence,0,0,,0,Low,0
Male,25 - 45,Hispanic,0,0,0,3.0,-10.0,F,Agg Battery Grt/Bod/Harm,0,1,Battery,3,Low,0
Male,25 - 45,Asian,0,0,0,7.0,-1.0,F,Driving While License Revoked,0,0,,7,Medium,0
Female,25 - 45,Caucasian,0,2,2,27.355915925133225,-1.0,M,Battery,1,0,Felony Petit Theft,28,High,1
Female,25 - 45,Caucasian,0,0,0,0.0,-2.0,F,Grand Theft in the 3rd Degree,0,0,,0,Medium,0
Male,25 - 45,Asian,0,0,0,3.0,-1.0,F,Burglary Unoccupied Dwelling,0,1,Resist/Obstruct W/O Violence,3,Low,1
Female,25 - 45,Caucasian,0,0,0,5.0,0.0,F,Viol Injunct Domestic Violence,0,0,,5,Low,0
Male,25 - 45,Caucasian,0,0,0,0.0,-1.0,F,Grand Theft in the 3rd Degree,1,0,,0,Medium,1
Male,Less than 25,Hispanic,0,0,0,0.0,-1.0,F,Grand Theft (Motor Vehicle),1,0,Fail Register Vehicle,0,Low,1
Female,25 - 45,African-American,0,0,0,2.0,21.858305974180126,F,Grand Theft in the 3rd Degree,1,0,,2,High,1
Female,25 - 45,Native American,0,0,0,0.0,-3.0,M,Battery,0,0,,0,Low,0
Male,25 - 45,African-American,0,0,0,8.0,-1.0,F,Possession of Cocaine,1,0,Operating W/O Valid License,8,Medium,1
Female,Greater than 45,Other,0,0,0,2.0,-1.0,M,Battery,1,0,Operating W/O Valid License,2,Low,1
Male,25 - 45,Hispanic,0,0,0,6.0,-1.0,M,Battery,0,0,,6,Medium,0
Female,25 - 45,Asian,0,0,0,14.0,-1.0,M,Poss Of Controlled Substance,1,0,Driving License Suspended,14,Low,0
Male,Greater than 45,African-American,0,0,0,8.0,-1.0,F,Possession of Cocaine,1,1,Child Abuse,8,Medium,1
Female,25 - 45,African-American,0,0,0,1.0,-1.0,F,Burglary Unoccupied Dwelling,1,0,Driving License Suspended,1,Medium,1
Male,Greater than 45,Other,0,0,0,4.0,-3.0,F,Aggravated Assault W/Dead Weap,1,0,,4,Medium,0
Male,25 - 45,Asian,0,0,0,3.0,-1.0,F,Agg Battery Grt/Bod/Harm,1,0,,3,Low,0
Male,Greater than 45,Native American,0,0,0,0.0,-1.0,M,Battery,0,0,,0,Low,0
Female,25 - 45,Native American,0,0,0,1.0,-1.0,M,Battery,0,0,,1,Low,0
Male,Greater than 45,Native American,0,0,0,2.0,-1.0,M,Carrying Concealed Firearm,1,0,Opert With Susp DL 2nd Offens,2,Low,1
Male,Greater than 45,African-American,0,0,0,9.0,-1.0,F,Aggravated Battery,1,0,Resist/Obstruct W/O Violence,9,High,0
Male,25 - 45,African-American,0,0,1,1.0,-1.0,F,Possession Burglary Tools,0,0,,1,Medium,0
Female,25 - 45,Asian,0,0,0,0.0,0.0,F,Grand Theft in the 3rd Degree,1,0,Fail Register Vehicle,0,Low,1
Female,Greater than 45,Hispanic,0,0,0,1.0,-5.0,M,Battery,0,0,,1,Low,0
Female,Greater than 45,Other,0,0,0,0.0,-1.0,M,Battery,0,0,,0,Medium,0
Female,25 - 45,Hispanic,0,0,0,0.0,-1.0,F,Felony Battery (Dom Strang),0,0,,0,Low,0
Male,25 - 45,Hispanic,0,0,0,0.0,-1.0,M,Possess Cannabis/20 Grams Or Less,0,0,,0,High,0
Male,25 - 45,Native American,0,0,0,0.0,-1.0,M,Battery,0,0,,0,Medium,0
Male,Less than 25,African-American,0,0,0,0.0,0.0,M,Battery,1,0,,0,Low,0
Male,Less than 25,Caucasian,0,0,0,4.0,-27.0,M,Felony Battery (Dom Strang),0,0,,4,Low,0
Male,25 - 45,African-American,0,0,0,4.0,-26.0,F,Viol Prot Injunc Repeat Viol,1,1,Battery,4,High,1
Female,25 - 45,African-American,0,0,0,3.0,-1.0,M,Battery,0,0,,3,Low,0
Female,Greater than 45,African-American,0,0,0,0.0,-1.0,F,Aggravated Assault W/Dead Weap,0,0,,0,Low,0
Male,25 - 45,Caucasian,0,0,0,5.0,-1.0,F,Uttering a Forged Instrument,1,0,Opert With Susp DL 2nd Offens,5,Medium,1
Male,Less than 25,Hispanic,0,2,5,8.0,29.999898530516155,F,Unlicensed Telemarketing,1,1,Robbery / Weapon,8,High,1
Male,Less than 25,Other,0,0,0,15.0,-1.0,F,Pos Cannabis W/Intent Sel/Del,1,1,Child Abuse,15,High,1
Female,Greater than 45,Native American,0,0,0,4.0,0.0,F,Burglary Dwelling Assault/Batt,1,1,False Imprisonment,4,Medium,1
Male,Less than 25,African-American,0,0,0,14.0,-1.0,M,Unlaw LicTag/Sticker Attach,0,0,,14,High,0
Male,25 - 45,Native American,0,0,0,0.0,-1.0,F,Grand Theft in the 3rd Degree,0,0,,0,High,0
Male,25 - 45,Other,0,1,0,1.0,-1.0,F,Uttering a Forged Instrument,1,0,Operating W/O Valid License,1,Medium,1
Female,Less than 25,Caucasian,0,0,0,0.0,0.0,M,Battery,0,0,,0,Low,0
Female,Greater than 45,Asian,0,0,0,0.0,-1.0,F,Aggravated Battery,0,0,,0,High,0
Male,Less than 25,Asian,1,0,0,1.0,-20.211944892390903,F,Possession of Cocaine,0,0,,1,Medium,0
Female,25 - 45,Asian,0,0,0,0.0,-1.0,F,Leaving Acc/Unattended Veh,0,0,,0,High,0
Female,Greater than 45,Native American,0,0,0,0.0,-1.0,F,Grand Theft (Motor Vehicle),0,0,,0,Low,0
Male,Less than 25,Hispanic,0,0,0,17.0,-1.0,F,Possession of Cocaine,1,0,Susp Drivers Lic 1st Offense,16,High,1
Male,Less than 25,Native American,0,0,0,2.0,-1.0,M,Battery,1,0,,2,Low,0
Female,25 - 45,Asian,0,0,0,17.0,-24.863363772255575,F,Aggravated Assault W/dead Weap,1,0,Driving License Suspended,17,Medium,1
Male,Greater than 45,Asian,0,0,0,0.0,0.0,F,Agg Battery Grt/Bod/Harm,0,0,,0,Low,0
Male,Greater than 45,Asian,0,1,2,4.0,-1.0,M,Battery,0,0,Reckless Driving,4,High,1
Male,Greater than 45,Native American,0,0,0,0.0,-1.0,M,Battery,0,0,,0,Low,0
Male,Less than 25,Caucasian,0,0,0,2.0,-1.0,M,Possess Cannabis/20 Grams Or Less,1,0,Opert With Susp DL 2nd Offens,2,Medium,1
Male,Greater than 45,Other,0,0,0,11.0,0.0,F,Possession of Cocaine,1,1,Resist/Obstruct W/O Violence,11,High,1
Male,Less than 25,Other,0,0,0,0.0,0.0,F,Dealing in Stolen Property,0,0,,0,Low,0
Male,Greater than 45,African-American,0,0,0,0.0,-1.0,M,Battery,0,0,,0,Low,0
Male,Less than 25,Other,0,0,0,1.0,0.0,F,Driving While License Revoked,0,0,,1,Low,0
Male,25 - 45,Asian,0,0,0,1.0,-5.955966099127018,F,Petit Theft,0,0,,1,Medium,0
Male,Less than 25,African-American,0,0,0,0.0,-3.0,F,Exposes Culpable Negligence,0,0,,0,Low,0
Male,25 - 45,Caucasian,0,0,0,3.0,-1.0,F,Cruelty Toward Child,1,0,,3,Low,0
Female,Greater than 45,Asian,0,0,2,0.0,-3.0,F,Possession Of Alprazolam,0,0,,0,Medium,0
Female,Greater than 45,Other,0,0,0,1.0,-1.0,F,Felony Driving While Lic Suspd,0,0,,1,Low,0
Female,25 - 45,Asian,0,0,0,1.0,0.0,M,Driving Under The Influence,1,0,Driving License Suspended,1,Low,1
Female,25 - 45,Hispanic,0,0,0,2.0,-1.0,F,Agg Battery Grt/Bod/Harm,0,0,,2,Low,0
Female,Less than 25,Hispanic,0,0,0,0.0,-1.0,F,Possession Of Methamphetamine,0,0,,0,Low,0
Male,25 - 45,African-American,0,1,0,12.0,-1.0,F,Aggravated Assault W/Dead Weap,0,0,,12,High,0
Male,25 - 45,Other,0,0,0,0.0,-1.0,M,Driving Under The Influence,1,0,Driving License Suspended,0,Low,1
Male,Greater than 45,Other,0,0,0,2.0,-1.0,F,Possession Of Heroin,0,0,,2,Medium,0
Male,25 - 45,Caucasian,0,0,0,2.0,-1.0,F,Aggravated Battery,1,0,Opert With Susp DL 2nd Offens,2,Low,1
Male,Greater than 45,Native American,0,0,0,0.0,-1.0,F,Felony Battery w/Prior Convict,0,0,,0,Low,0
Male,Greater than 45,African-American,0,0,0,0.0,-1.0,M,Battery,1,0,Unlaw LicTag/Sticker Attach,0,Low,1
Female,Less than 25,Caucasian,0,0,0,1.0,-1.0,M,Battery,0,0,,1,Low,0
Male,Less than 25,Hispanic,0,0,0,0.0,0.0,M,Driving Under The Influence,0,0,,0,Low,0
Male,25 - 45,Caucasian,0,0,0,16.0,-1.0,F,Tampering With Physical Evidence,1,0,Driving License Suspended,16,High,1
Male,25 - 45,Native American,0,0,0,3.0,-1.0,M,Battery,0,0,,3,Low,0
Male,Greater than 45,Other,0,0,0,2.0,-24.715782524376145,F,Possession of Cocaine,0,0,,2,Low,0
Male,Less than 25,African-American,0,0,0,3.0,-1.0,F,Aggravated Battery / Pregnant,1,0,,3,Low,1
Female,25 - 45,African-American,0,0,0,0.0,0.0,M,Assault,0,0,,0,Low,0
Male,Less than 25,Native American,0,0,0,1.0,-1.0,M,Battery,0,1,False Imprisonment,1,Low,1
Male,Less than 25,Other,0,0,0,0.0,0.0,M,Battery,0,0,,0,Low,0
Female,25 - 45,Native American,0,0,0,1.0,-21.0,F,Possession of Cocaine,1,0,Resist/Obstruct W/O Violence,1,Low,1
Male,25 - 45,African-American,0,0,0,5.0,-1.0,F,Aggravated Assault w/Firearm,1,0,Opert With Susp DL 2nd Offens,5,Low,1
Female,Greater than 45,Asian,0,0,0,0.0,0.0,M,Battery,0,0,,0,Low,0
Female,25 - 45,Hispanic,0,0,0,3.0,-1.0,F,Aggrav Battery w/Deadly Weapon,0,0,,3,Medium,0
Male,Greater than 45,African-American,0,0,0,17.0,-1.0,F,Leave Acc/Attend Veh/More $50,1,0,Resist/Obstruct W/O Violence,17,High,1
Male,25 - 45,Caucasian,0,0,0,2.0,-1.0,F,Felony Driving While Lic Suspd,0,0,,2,Low,0
Female,Greater than 45,African-American,0,1,0,17.785312275089883,0.0,F,Possession of Cocaine,1,0,Opert With Susp DL 2nd Offens,18,High,1
Male,Greater than 45,Caucasian,0,0,0,7.0,-1.0,F,False Ownership Info/Pawn Item,1,0,Operating W/O Valid License,7,Medium,1
Female,25 - 45,Caucasian,0,0,0,1.0,23.483040755729213,F,Possession Of Alprazolam,1,0,Resist/Obstruct W/O Violence,1,High,1
Female,25 - 45,Other,0,0,0,0.0,-1.0,F,Burglary Unoccupied Dwelling,1,0,Susp Drivers Lic 1st Offense,0,Medium,1
Female,Greater than 45,African-American,0,0,0,5.0,-1.0,F,Deliver Cocaine,0,0,,5,High,0
Female,25 - 45,Hispanic,0,0,0,0.0,0.0,F,Burglary Dwelling Assault/Batt,0,0,,0,High,0
Female,Less than 25,Caucasian,0,3,3,8.0,-1.0,F,Exposes Culpable Negligence,1,0,Trafficking 4-14 Grams Heroin,9,Medium,1
Female,Greater than 45,Hispanic,0,0,0,8.0,-1.0,F,Crimin Mischief Damage $1000+,0,0,,8,Low,0
Male,25 - 45,Asian,0,0,0,3.0,-1.0,M,Battery,0,0,,3,Low,0
Male,25 - 45,African-American,0,0,0,3.0,0.0,F,Felony Driving While Lic Suspd,1,1,Battery,3,Medium,1
Male,25 - 45,Other,0,0,0,1.0,-8.0,F,Resist Officer w/Violence,1,0,Driving License Suspended,1,Low,1
Female,Greater than 45,Hispanic,0,0,4,2.0,-1.0,M,Assault,1,1,Battery,2,High,1
Male,25 - 45,Native American,0,0,0,0.0,0.0,F,Grand Theft (Motor Vehicle),1,0,Resist/Obstruct W/O Violence,0,Medium,1
Female,Greater than 45,Hispanic,1,5,0,21.000000000000004,-1.0,M,Neglect Child / Bodily Harm,1,1,Robbery / Weapon,23,High,1
Male,Greater than 45,Native American,0,0,0,0.0,-1.0,F,Grand Theft in the 3rd Degree,0,0,,0,Low,0
Female,Greater than 45,Caucasian,0,0,1,1.0,-1.0,M,Possess Cannabis/20 Grams Or Less,1,0,Fail Register Vehicle,1,Low,1
Female,Greater than 45,Hispanic,0,0,0,1.0,-6.0,F,Burglary Conveyance Unoccup,1,0,Driving License Suspended,1,Low,1
Male,Less than 25,African-American,0,0,0,2.0,26.085047910943175,F,Grand Theft in the 3rd Degree,0,0,,2,Low,0
Male,25 - 45,Hispanic,0,0,0,7.0,-1.0,M,Possess Cannabis/20 Grams Or Less,0,0,,7,Medium,0
Male,Less than 25,Hispanic,0,0,0,1.0,0.0,F,Possession of Cocaine,0,0,,1,Medium,0
Male,Greater than 45,Native American,0,0,0,0.0,0.0,M,DUI Level 0.15 Or Minor In Veh,1,0,Susp Drivers Lic 1st Offense,0,Low,1
Male,25 - 45,Native American,0,0,0,0.0,-1.0,M,Battery,0,0,,0,Low,0
Female,Greater than 45,Hispanic,0,0,0,1.0,-1.0,F,Aggrav Battery w/Deadly Weapon,0,0,,1,Low,0
Male,Greater than 45,Asian,0,0,0,0.0,-1.0,M,Battery,0,0,,0,Low,0
Male,25 - 45,Other,0,0,0,1.0,-1.0,M,Driving License Suspended,0,0,,1,Low,0
Female,Greater than 45,African-American,0,0,0,1.0,0.0,F,Possession Of Methamphetamine,0,0,,1,Low,0
Female,25 - 45,Asian,0,0,0,5.0,-1.0,F,Viol Injunct Domestic Violence,1,0,Susp Drivers Lic 1st Offense,5,Medium,1
Female,Less than 25,Asian,0,0,0,4.0,-1.0,F,Aggravated Assault W/Dead Weap,0,0,,4,Medium,0
Male,Greater than 45,Native American,0,0,1,4.0,-1.0,M,Possession of Cocaine,0,0,,3,Low,0
Female,Less than 25,Hispanic,0,0,0,0.0,-1.0,F,Tampering With Physical Evidence,0,0,,0,Low,0
Male,Greater than 45,African-American,0,0,0,3.0,6.527377182171946,M,Driving License Suspended,1,0,Opert With Susp DL 2nd Offens,3,High,1
Female,Greater than 45,Other,0,0,0,2.0,-1.0,F,Poss Unlaw Issue Driver Licenc,1,0,Susp Drivers Lic 1st Offense,2,Low,1
Male,Greater than 45,Asian,0,0,1,18.0,-1.0,F,Felony Petit Theft,1,0,Petit Theft,18,High,1
Male,Less than 25,African-American,0,0,0,9.0,0.0,M,Assault,1,0,,9,Low,0
Male,Greater than 45,African-American,0,0,0,0.0,0.0,F,"Poss3,4 Methylenedioxymethcath",0,0,,0,Medium,1
Male,25 - 45,Caucasian,0,0,0,0.0,0.0,M,Battery,1,0,Fail Register Vehicle,0,Low,1
Male,Greater than 45,Native American,0,0,0,0.0,0.0,M,DUI Blood Alcohol Above 0.20,0,0,,0,Low,0
Male,Less than 25,Other,0,0,0,1.0,-1.0,F,False Ownership Info/Pawn Item,1,0,Susp Drivers Lic 1st Offense,1,Low,1
Female,Less than 25,Caucasian,0,0,1,1.0,-22.0,M,Driving Under The Influence,0,0,Drink/Premises Licensed Estab,1,Low,0
Male,25 - 45,Asian,0,0,3,1.0,-24.0,F,Grand Theft in the 3rd Degree,1,0,Driving License Suspended,1,Low,1
Female,Greater than 45,Asian,0,0,0,18.0,0.0,F,Grand Theft (Motor Vehicle),1,0,,18,High,1
Male,Greater than 45,African-American,0,0,0,1.0,-2.0,M,Assault,0,0,,1,Low,0
Female,Less than 25,Caucasian,0,0,0,2.0,-1.0,F,Felony Battery (Dom Strang),0,0,,2,Low,0
Male,Greater than 45,Other,0,0,0,1.0,-1.0,M,Battery,0,0,,1,Low,0
Male,25 - 45,African-American,1,0,0,2.0,-1.0,M,Possess Cannabis/20 Grams Or Less,1,0,Susp Drivers Lic 1st Offense,2,Medium,1
Female,25 - 45,African-American,0,0,0,2.0,0.0,F,Burglary Dwelling Assault/Batt,0,1,Resist/Obstruct W/O Violence,2,Medium,1
Male,Greater than 45,Asian,0,0,0,5.0,0.0,F,Possession Of Methamphetamine,1,0,Resist/Obstruct W/O Violence,5,Low,1
Male,25 - 45,Caucasian,0,0,0,0.0,-1.0,M,Battery,0,0,,0,Low,0
Female,Less than 25,Caucasian,0,1,1,1.0,-1.0,F,Burglary Conveyance Unoccup,1,0,Grand Theft of the 2nd Degree,1,High,1
Male,25 - 45,Asian,0,0,0,1.0,-1.0,F,Burglary Structure Unoccup,0,0,,1,Low,0
Female,Less than 25,Native American,0,0,0,8.0,-1.0,M,Battery,1,0,Driving License Suspended,8,Medium,0
Female,Less than 25,Caucasian,0,0,0,14.0,-1.0,F,Possession Burglary Tools,1,0,Opert With Susp DL 2nd Offens,14,Medium,1
Male,Less than 25,Other,0,0,0,2.0,0.0,M,Dealing in Stolen Property,1,0,Operating W/O Valid License,2,High,1
Male,25 - 45,Native American,1,0,0,2.0,-1.0,M,Criminal Mischief,1,0,Fail Register Vehicle,2,Low,1
Male,Less than 25,Other,0,0,0,0.0,0.0,F,Felony Battery (Dom Strang),0,0,,0,Low,0
Female,Greater than 45,Other,0,0,0,2.0,-3.0,F,Tamper With Witness/Victim/CI,0,0,,2,Low,0
Male,Greater than 45,African-American,0,0,0,0.0,-1.0,F,Pos Cannabis W/Intent Sel/Del,0,0,Resist/Obstruct W/O Violence,0,Low,0
Male,Greater than 45,Other,0,0,0,5.0,-1.0,F,Possession of Cocaine,1,0,Fail Register Vehicle,5,High,1
Female,Less than 25,Native American,0,0,0,0.0,-1.0,M,Criminal Mischief Damage <$200,1,1,Battery,0,Low,1
Male,Less than 25,Hispanic,0,0,0,0.0,-1.0,F,Grand Theft in the 3rd Degree,0,0,,0,Low,0
Male,Less than 25,Caucasian,0,0,0,0.0,-3.0,F,Possession of Cannabis,0,0,,0,Medium,0
Female,Greater than 45,Hispanic,0,0,1,9.0,-1.0,F,Felony Driving While Lic Suspd,1,0,Driving License Suspended,9,Medium,1
Female,Greater than 45,Asian,0,0,0,4.0,-2.0,F,Aggravated Assault W/Dead Weap,1,0,Driving License Suspended,4,Low,1
Male,Less than 25,Hispanic,0,0,0,4.0,-1.0,F,Possession of Cocaine,1,0,Susp Drivers Lic 1st Offense,4,High,1
Female,25 - 45,Other,0,0,4,9.0,-1.0,F,Burglary Unoccupied Dwelling,0,0,,9,High,0
Female,Less than 25,Hispanic,0,0,0,1.0,-1.0,F,Grand Theft in the 3rd Degree,0,0,,1,Low,0
Female,25 - 45,Other,0,0,0,0.0,0.0,M,Battery,0,0,,0,Low,0
Female,Less than 25,Native American,0,0,0,9.0,-8.0,F,Carrying Concealed Firearm,1,0,Driving License Suspended,9,Low,1
Female,25 - 45,Asian,0,0,0,2.0,-1.0,F,Felony Batt(Great Bodily Harm),0,0,,2,Low,0
Female,Greater than 45,Asian,0,0,0,1.0,-18.0,F,Aggravated Assault W/dead Weap,0,0,,1,Low,0
Male,25 - 45,African-American,0,0,0,0.0,0.0,F,Grand Theft (Motor Vehicle),0,0,,0,Low,0
Female,Greater than 45,Other,0,0,0,0.0,-1.0,M,Battery,1,1,Battery,0,High,1
Male,25 - 45,Caucasian,0,0,0,8.0,-26.0,M,Felony Battery w/Prior Convict,1,0,Resist/Obstruct W/O Violence,8,High,1
Male,25 - 45,African-American,0,0,1,1.0,-10.0,F,Battery,1,0,Susp Drivers Lic 1st Offense,1,High,1
Male,25 - 45,Caucasian,0,0,3,0.0,0.0,F,Felony Battery (Dom Strang),0,0,Petit Theft,0,Low,1
Female,25 - 45,African-American,0,0,0,5.0,-1.0,F,Grand Theft in the 3rd Degree,1,0,Opert With Susp DL 2nd Offens,5,High,1
Female,Less than 25,Other,0,0,0,0.0,-1.0,M,Assault,0,0,,0,Low,0
Female,Greater than 45,Other,0,0,0,0.0,-1.0,F,Felony Batt(Great Bodily Harm),0,0,,0,Low,0
Female,Less than 25,Hispanic,0,0,0,0.0,0.0,F,Cruelty Toward Child,0,0,,0,Low,0
Male,Greater than 45,Native American,0,0,0,7.0,-23.0,F,Resist Officer w/Violence,1,1,Battery,7,Low,1
Male,25 - 45,Hispanic,0,0,0,3.0,0.0,M,DUI Level 0.15 Or Minor In Veh,1,0,,3,Medium,1
Female,25 - 45,Native American,0,0,0,2.0,-1.0,M,Driving License Suspended,0,0,,2,Low,0
Female,Less than 25,Asian,0,0,0,0.0,0.0,M,Battery,0,0,,0,Low,0
Female,Less than 25,Caucasian,0,0,0,5.0,-1.0,F,Battery on Law Enforc Officer,1,0,Driving License Suspended,5,Medium,1
Male,Less than 25,Asian,2,1,0,9.0,-1.0,M,DUI Property Damage/Injury,1,0,Susp Drivers Lic 1st Offense,9,High,0
Male,Less than 25,Asian,0,0,0,0.0,-1.0,M,Battery,0,0,,0,Low,0
Female,Less than 25,Native American,0,0,0,1.0,0.0,F,Possession of Cocaine,1,0,Opert With Susp DL 2nd Offens,1,Low,1
Male,Greater than 45,Caucasian,0,0,0,6.0,-29.0,M,Battery,0,0,,6,Medium,0
Male,25 - 45,Native American,0,0,0,0.0,-1.0,M,Viol Injunct Domestic Violence,0,0,,0,Low,0
Female,Less than 25,Caucasian,0,0,0,1.0,0.0,F,Grand Theft (Motor Vehicle),0,0,,1,High,0
Male,Less than 25,African-American,0,0,0,8.0,0.0,F,Grand Theft in the 3rd Degree,0,0,Susp Drivers Lic 1st Offense,8,Medium,1
Female,Less than 25,Native American,0,0,0,0.0,-2.0,F,Burglary Unoccupied Dwelling,1,1,Strong Armed  Robbery,0,High,1
Female,Less than 25,Asian,0,0,0,0.0,-1.0,F,Unauth Poss ID Card or DL,0,0,,0,Low,0
Female,Greater than 45,Caucasian,0,0,0,0.0,0.0,M,Possession of Cocaine,1,1,Battery,0,Low,1
Female,Less than 25,African-American,0,0,0,0.0,-1.0,F,Resist Officer w/Violence,0,0,,0,Low,0
Female,Greater than 45,Other,0,0,0,1.0,-17.0,F,Neglect Child / No Bodily Harm,0,0,,1,Low,0
Male,Greater than 45,Native American,0,0,0,0.0,-1.0,F,Possession of Cannabis,0,0,,0,High,0
Male,Greater than 45,Other,0,0,0,8.0,-1.0,F,Driving While License Revoked,1,0,Fail Register Vehicle,8,High,1
Female,25 - 45,Other,0,0,0,0.0,0.0,M,Lve/Scen/Acc/Veh/Prop/Damage,0,0,,0,Low,0
Male,25 - 45,Caucasian,0,0,0,5.0,-1.0,M,Possess Cannabis/20 Grams Or Less,0,0,,5,Medium,0
Male,Greater than 45,Native American,0,0,0,3.0,-1.0,M,Susp Drivers Lic 1st Offense,1,0,Driving License Suspended,3,Low,1
Female,Less than 25,Hispanic,0,0,0,4.0,-1.0,F,Uttering a Forged Instrument,0,0,,4,Medium,0
Male,25 - 45,African-American,0,0,0,0.0,-1.0,F,"Poss3,4 Methylenedioxymethcath",1,0,Resist/Obstruct W/O Violence,0,Medium,1
Female,Less than 25,African-American,0,0,0,0.0,-1.0,M,Battery,0,0,,0,Low,0
Female,25 - 45,Caucasian,0,0,0,0.0,-1.0,F,Possession of Cocaine,0,0,,0,Low,0
Female,25 - 45,Native American,0,0,0,2.0,-1.0,F,Possession of Cocaine,1,0,Resist/Obstruct W/O Violence,2,Medium,1
Female,Greater than 45,Asian,4,0,2,4.0,4.819206354529165,M,Possession of Ethylone,1,1,Battery,4,Medium,1
Female,25 - 45,Other,0,0,0,1.0,-2.0,F,Burglary Dwelling Assault/Batt,1,0,Opert With Susp DL 2nd Offens,1,Low,1
Male,25 - 45,Other,0,0,0,0.0,-1.0,F,Driving While License Revoked,0,0,,0,High,0
Female,Greater than 45,African-American,0,0,1,6.0,-1.0,F,Grand Theft in the 3rd Degree,1,1,False Imprisonment,6,High,1
Female,Greater than 45,Asian,0,0,0,2.0,-29.0,F,Burglary Dwelling Assault/Batt,0,0,,2,Medium,0
Female,Less than 25,Asian,0,0,0,7.0,-1.0,M,Exposes Culpable Negligence,0,0,,7,Low,0
Female,Less than 25,Native American,0,0,0,0.0,0.0,F,Tamper With Witness/Victim/CI,0,0,Operating W/O Valid License,0,Low,1
Female,25 - 45,Other,0,0,0,2.0,-1.0,F,Possession of Cocaine,1,0,Driving License Suspended,2,High,1
Female,Greater than 45,Caucasian,0,0,0,1.0,0.0,F,Aggravated Assault w/Firearm,0,0,,1,Medium,0
Female,Less than 25,Hispanic,0,0,0,3.0,-1.0,F,Burglary Conveyance Unoccup,1,0,Resist/Obstruct W/O Violence,3,Medium,1
Male,Greater than 45,Native American,0,0,0,5.0,-10.0,F,Poss Pyrrolidinovalerophenone,1,1,Child Abuse,5,High,0
Female,Less than 25,Hispanic,0,0,0,6.0,-1.0,M,Battery,1,0,Operating W/O Valid License,6,Medium,1
Male,25 - 45,Asian,0,0,0,0.0,-1.0,F,Prowling/Loitering,0,0,,0,Low,0
Female,25 - 45,Caucasian,0,0,0,2.0,-1.0,F,Crimin Mischief Damage $1000+,1,0,,2,Medium,0
Female,Less than 25,African-American,0,1,0,2.0,-1.0,F,Burglary Unoccupied Dwelling,0,0,,2,High,0
Male,Less than 25,Caucasian,0,0,0,2.0,-1.0,F,Felony Driving While Lic Suspd,0,0,,2,Low,0
Male,Less than 25,Other,0,0,0,1.0,-1.0,F,Grand Theft in the 3rd Degree,0,0,,1,Low,0
Male,Less than 25,Native American,0,0,0,0.0,0.0,F,Pos Cannabis W/Intent Sel/Del,1,0,,0,Low,0
Male,Less than 25,Hispanic,0,0,0,3.0,0.0,F,Possession of Cocaine,1,0,Opert With Susp DL 2nd Offens,3,Medium,1
Male,Less than 25,Hispanic,0,0,0,3.0,-1.0,M,Battery,0,0,,3,Low,0
Female,Greater than 45,Other,0,0,0,1.0,-1.0,F,Felony Battery w/Prior Convict,0,0,,1,Low,0
Male,25 - 45,Hispanic,0,0,0,4.0,-1.0,F,Tampering With Physical Evidence,1,1,Child Abuse,4,High,1
Female,Greater than 45,Native American,0,0,0,1.0,-1.0,F,Grand Theft (Motor Vehicle),1,0,Driving License Suspended,1,Medium,0
Male,Less than 25,Native American,0,0,1,0.0,-1.0,M,Pos Cannabis W/Intent Sel/Del,1,0,Operating W/O Valid License,0,Medium,1
Male,Less than 25,Other,0,0,0,5.0,-1.0,F,Burglary Dwelling Assault/Batt,1,0,Operating W/O Valid License,5,High,1
Female,Less than 25,African-American,0,0,0,2.0,-1.0,F,Burglary Dwelling Assault/Batt,1,1,Resist/Obstruct W/O Violence,2,Low,1
Male,25 - 45,Asian,0,0,0,0.0,-1.0,F,Resist/Obstruct W/O Violence,0,0,,0,Medium,0
Male,Less than 25,Asian,0,0,0,8.0,-1.0,F,Poss Pyrrolidinovalerophenone,0,0,,8,Low,0
Male,Greater than 45,Native American,0,0,0,2.0,-1.0,M,Viol Prot Injunc Repeat Viol,0,0,,2,Low,0
Male,25 - 45,Asian,0,0,0,1.0,-1.0,F,Tampering With Physical Evidence,1,0,,1,Low,0
Male,25 - 45,Asian,0,0,0,4.0,-1.0,F,Carrying Concealed Firearm,1,0,Resist/Obstruct W/O Violence,4,High,1
Female,Greater than 45,African-American,0,0,0,0.0,-1.0,F,Resist Officer w/Violence,1,1,False Imprisonment,0,High,1
Female,25 - 45,Other,0,0,0,0.0,-1.0,M,Battery,0,0,Resist/Obstruct W/O Violence,0,Low,0
Female,Less than 25,African-American,0,0,0,11.0,-1.0,F,Exposes Culpable Negligence,1,0,Resist/Obstruct W/O Violence,11,High,1
Male,Greater than 45,Other,0,0,0,0.0,-1.0,M,Battery,1,0,Unlaw LicTag/Sticker Attach,0,Medium,1
Male,Greater than 45,Other,0,0,0,4.0,-1.0,F,Possession of Cocaine,1,0,Driving License Suspended,4,Medium,1
Male,25 - 45,Hispanic,0,0,0,3.0,0.0,F,Possession of Cocaine,1,0,Fail Register Vehicle,3,Medium,1
Male,25 - 45,African-American,0,0,0,4.0,-1.0,M,Battery,1,0,Driving License Suspended,4,Medium,1
Female,Greater than 45,Native American,0,0,0,3.0,-15.96982470928546,F,Aggravated Battery,0,0,Operating W/O Valid License,3,Medium,0
Male,Less than 25,Hispanic,0,3,0,4.0,-1.0,F,Grand Theft (Motor Vehicle),0,0,,4,High,0
Female,Less than 25,Hispanic,0,0,0,1.0,-3.0,M,Unlaw LicTag/Sticker Attach,0,0,,1,Low,0
Male,Less than 25,Hispanic,0,0,0,0.0,-1.0,F,Pos Cannabis W/Intent Sel/Del,0,0,,0,Low,0
Female,Greater than 45,Native American,0,0,0,1.0,-1.0,F,Burglary Conveyance Unoccup,0,0,,1,Low,0
Female,Greater than 45,African-American,0,0,1,0.0,-1.0,F,Resist Officer w/Violence,1,0,Opert With Susp DL 2nd Offens,0,High,1
Male,25 - 45,Caucasian,0,0,0,0.0,-1.0,M,Disorderly Conduct,0,0,Driving License Suspended,0,Low,1
Male,Greater than 45,Asian,0,0,0,1.0,0.0,M,Battery,0,0,Opert With Susp DL 2nd Offens,1,Low,0
Female,Greater than 45,African-American,0,0,0,0.0,-6.0,M,Poss Of Controlled Substance,0,0,,0,Low,0
Male,25 - 45,Caucasian,0,0,0,5.0,-1.0,F,Burglary Conveyance Unoccup,0,0,,5,High,0
Male,Less than 25,Native American,0,0,0,6.0,-1.0,M,Viol Injunct Domestic Violence,1,0,Susp Drivers Lic 1st Offense,6,Medium,1
Male,Less than 25,African-American,0,0,0,0.0,0.0,M,Battery,0,0,,0,Low,0
Male,Less than 25,Other,0,0,0,4.0,-1.0,F,Cruelty Toward Child,0,0,,4,Medium,0
Male,Greater than 45,Caucasian,0,0,0,3.0,-1.0,F,Pos Cannabis W/Intent Sel/Del,1,0,Fail Register Vehicle,3,High,1
Female,Less than 25,Native American,0,0,0,3.0,-1.0,F,Aggravated Battery / Pregnant,1,0,,3,Medium,1
Female,Greater than 45,Hispanic,0,0,0,2.0,0.0,M,Battery,1,0,,2,Low,1
Female,Less than 25,Asian,0,0,0,0.0,-1.0,F,Grand Theft in the 3rd Degree,0,0,,0,Low,0
Female,Less than 25,Hispanic,0,0,0,0.0,-1.0,F,Child Abuse,0,0,,0,Low,0
Female,Less than 25,Caucasian,0,0,0,0.0,-1.0,M,Disorderly Conduct,0,0,,0,High,0
Female,Less than 25,Native American,0,0,0,2.0,-1.0,F,Grand Theft in the 3rd Degree,0,0,,2,Medium,0
Male,Greater than 45,Native American,0,0,0,8.0,0.0,F,Resist Officer w/Violence,1,0,Resist/Obstruct W/O Violence,8,Low,1
Female,Less than 25,African-American,0,0,0,0.0,-1.0,F,Grand Theft in the 3rd Degree,0,0,,0,Low,0
Male,25 - 45,Caucasian,0,0,0,1.0,-15.0,F,Disorderly Intoxication,0,0,,1,Low,0
Female,25 - 45,African-American,0,1,2,14.0,-1.0,F,Burglary Unoccupied Dwelling,0,0,,14,Medium,0
Female,25 - 45,African-American,0,0,0,0.0,-1.0,F,Pos Cannabis W/Intent Sel/Del,0,0,,0,Low,1
Male,Less than 25,Caucasian,0,0,0,0.0,-3.0,M,Lve/Scen/Acc/Veh/Prop/Damage,1,1,Battery,0,Low,1
Male,Greater than 45,Asian,0,0,0,6.0,-1.0,F,Poss Cocaine/Intent To Del/Sel,1,0,Driving License Suspended,6,Low,0
Female,Greater than 45,Asian,0,0,0,1.0,-1.0,F,Grand Theft in the 3rd Degree,0,0,,1,Low,0
Female,Greater than 45,African-American,0,0,0,1.0,-1.0,F,Aggrav Battery w/Deadly Weapon,1,0,Driving License Suspended,1,Low,1
Male,Less than 25,Asian,0,0,0,0.0,0.0,F,Felony Battery (Dom Strang),0,0,,0,Low,0
Female,Greater than 45,Other,0,0,0,1.0,-1.0,F,Aggravated Assault W/dead Weap,1,0,Fail Register Vehicle,1,High,1
Female,Greater than 45,Asian,0,0,0,1.0,-1.0,F,Neglect Child / No Bodily Harm,0,0,,1,Medium,1
Female,Less than 25,African-American,0,2,0,12.0,0.0,F,Tampering With Physical Evidence,1,0,Operating W/O Valid License,12,High,1
Female,Less than 25,Native American,0,0,0,0.0,0.0,M,Battery,0,0,,0,Low,0
Female,Greater than 45,Native American,0,0,0,0.0,-1.0,F,Burglary Dwelling Assault/Batt,0,0,,0,Low,0
Female,Greater than 45,Hispanic,0,0,0,0.0,-1.0,M,Battery,1,0,Resist/Obstruct W/O Violence,0,Medium,1
Male,Less than 25,Hispanic,0,0,0,2.0,-1.0,M,Aggravated Battery / Pregnant,1,0,Susp Drivers Lic 1st Offense,2,Low,0
Male,Less than 25,Native American,1,0,0,1.0,-1.0,F,Exposes Culpable Negligence,1,0,Operating W/O Valid License,1,Low,1
Male,Greater than 45,Asian,0,0,0,1.0,-15.0,M,Assault,1,0,Fail Register Vehicle,1,Low,1
Male,Less than 25,Hispanic,0,0,0,2.0,-1.0,F,Burglary Unoccupied Dwelling,0,0,Susp Drivers Lic 1st Offense,2,Low,0
Male,Less than 25,Hispanic,1,0,0,26.431800818934388,-1.0,F,Robbery Sudd Snatch No Weapon,0,1,Robbery / Weapon,27,High,1
Male,25 - 45,Caucasian,0,0,0,4.0,-1.0,F,Grand Theft in the 3rd Degree,0,0,,4,Low,0
Male,Greater than 45,Asian,0,0,0,2.0,-1.0,F,Grand Theft in the 3rd Degree,1,0,Driving License Suspended,2,Medium,0
Female,Greater than 45,Caucasian,0,0,0,9.0,-2.0,F,Possession Of Methamphetamine,0,0,,9,Medium,0
Female,Less than 25,Hispanic,0,0,0,0.0,-1.0,F,Aggravated Battery / Pregnant,0,0,,0,High,0
Female,Greater than 45,Asian,1,0,0,17.0,0.0,F,Felony Driving While Lic Suspd,1,0,Opert With Susp DL 2nd Offens,16,High,1
Male,Less than 25,Caucasian,0,0,0,3.0,-1.0,M,Battery,1,0,Driving License Suspended,3,Low,1
Male,Greater than 45,Hispanic,0,0,0,1.0,-1.0,F,Possession Of Alprazolam,1,0,Fail Register Vehicle,1,Medium,1
Male,Greater than 45,Asian,0,0,0,0.0,-1.0,M,Battery,0,0,,0,Low,0
Male,25 - 45,Native American,0,0,0,4.0,0.0,F,Viol Injunct Domestic Violence,1,1,Resist/Obstruct W/O Violence,4,Medium,1
Female,Less than 25,African-American,0,0,0,24.987073147073506,17.572106881753847,F,Possession Of Heroin,1,1,Resist/Obstruct W/O Violence,25,High,1
Female,Less than 25,Caucasian,0,0,0,3.0,-1.0,F,Resist Officer w/Violence,0,0,,3,Low,0
Male,25 - 45,Other,0,0,0,2.0,0.0,M,DUI Property Damage/Injury,0,0,,2,Low,0
Female,Less than 25,Caucasian,0,0,0,4.0,-1.0,F,"Poss3,4 Methylenedioxymethcath",0,0,,4,Medium,0
Male,Less than 25,African-American,0,0,0,2.0,-1.0,F,Felony Batt(Great Bodily Harm),0,0,,2,Low,0
Male,Greater than 45,African-American,0,0,0,0.0,0.0,M,DUI Level 0.15 Or Minor In Veh,0,0,,0,Low,0
Male,25 - 45,Caucasian,0,0,0,3.0,-1.0,F,Viol Prot Injunc Repeat Viol,1,0,Resist/Obstruct W/O Violence,3,Medium,1
Female,Greater than 45,African-American,0,0,0,0.0,0.0,F,Grand Theft in the 3rd Degree,0,0,,0,Medium,0
Male,Greater than 45,Hispanic,0,0,0,11.0,0.0,M,Battery,1,0,Fail Register Vehicle,11,Medium,1
Female,Greater than 45,Hispanic,1,0,0,1.0,-1.0,M,Battery,0,0,,1,High,0
Male,Less than 25,African-American,0,0,0,0.0,-1.0,M,Battery,0,0,,0,Low,0
Male,Less than 25,Asian,0,0,3,10.0,0.0,M,Driving License Suspended,0,1,Child Abuse,10,High,1
Female,25 - 45,Native American,0,0,0,0.0,-6.081628449489536,M,Battery,1,0,Resist/Obstruct W/O Violence,0,Low,1
Female,Less than 25,Other,0,0,0,1.0,-5.0,F,"Poss3,4 Methylenedioxymethcath",0,0,,1,Low,0
Male,25 - 45,Native American,2,0,0,4.0,0.0,F,Felony Battery (Dom Strang),1,0,Fail Register Vehicle,4,Low,1
Male,Greater than 45,Asian,0,0,0,7.0,-1.0,F,Felony Driving While Lic Suspd,0,0,,7,Low,0
Female,25 - 45,Native American,0,0,0,1.0,-1.0,F,Deliver Cocaine,0,0,,1,Low,0
Female,25 - 45,Other,0,0,0,18.0,-1.0,F,Agg Battery Grt/Bod/Harm,1,0,Susp Drivers Lic 1st Offense,18,Low,1
Male,Greater than 45,Native American,0,0,0,1.0,0.0,F,Felony Driving While Lic Suspd,0,0,,1,Medium,0
Female,Less than 25,Caucasian,0,0,0,14.0,-1.0,F,Grand Theft in the 3rd Degree,1,0,Driving License Suspended,14,High,1
Male,25 - 45,Native American,0,0,0,1.0,-1.0,M,Battery,1,0,Resist/Obstruct W/O Violence,1,Low,1
Male,Less than 25,Native American,0,0,0,7.0,0.0,F,Viol Prot Injunc Repeat Viol,1,0,Susp Drivers Lic 1st Offense,7,High,1
Male,Less than 25,Hispanic,0,2,1,3.0,-3.0,F,Att Burgl Unoccupied Dwel,1,1,Battery,3,High,1
Male,Greater than 45,Asian,0,0,0,1.0,-1.0,F,Disorderly Conduct,0,0,,1,Low,1
Female,Less than 25,African-American,0,0,0,0.0,0.0,M,DUI Property Damage/Injury,0,0,,0,Low,0
Male,Greater than 45,Native American,0,0,0,1.0,0.0,F,Possession of Cocaine,0,0,,1,Medium,0
Male,Less than 25,Hispanic,0,0,0,1.0,-13.0,M,Battery,0,0,,1,Low,0
Male,Greater than 45,Hispanic,0,0,0,2.0,-1.0,F,Agg Battery Grt/Bod/Harm,1,0,Fail Register Vehicle,2,High,1
Female,25 - 45,African-American,0,0,0,20.0,-1.0,F,Tamper With Witness/Victim/CI,1,0,,20,High,0
Male,25 - 45,Hispanic,0,0,0,4.0,0.0,F,Grand Theft in the 3rd Degree,1,0,Resist/Obstruct W/O Violence,4,Low,1
Male,Less than 25,Asian,0,0,0,0.0,-1.0,M,DUI Level 0.15 Or Minor In Veh,0,0,,0,Low,0
Female,25 - 45,Other,0,0,0,1.0,0.0,M,Operating W/O Valid License,1,0,Driving License Suspended,1,Low,1
Female,25 - 45,Hispanic,0,1,3,6.0,-1.0,F,Felony Battery (Dom Strang),1,0,Grand Theft in the 3rd Degree,6,Low,0
Male,Greater than 45,Other,0,0,0,7.0,-1.0,F,Aggravated Assault W/Dead Weap,1,0,Resist/Obstruct W/O Violence,7,Medium,1
Male,25 - 45,Asian,0,0,0,1.0,-1.0,M,DUI Property Damage/Injury,0,0,Driving License Suspended,1,Low,1
Male,Greater than 45,African-American,0,0,0,1.0,-1.0,F,Uttering a Forged Instrument,0,0,,1,Low,0
Male,25 - 45,Hispanic,0,0,0,0.0,-1.0,F,Aggravated Assault w/Firearm,0,0,,0,Low,0
Female,Less than 25,Native American,0,0,0,4.0,-1.0,F,Driving While License Revoked,0,0,,4,Low,0
Female,Greater than 45,Other,0,0,1,26.236049143294064,-1.0,F,Driving While License Revoked,1,0,Felony Petit Theft,25,High,1
Female,25 - 45,Caucasian,0,0,0,2.0,-1.0,M,Viol Injunct Domestic Violence,1,0,Opert With Susp DL 2nd Offens,2,Low,1
Male,Less than 25,Caucasian,0,0,0,0.0,-1.0,F,Agg Battery Grt/Bod/Harm,0,0,,0,Low,0
Male,25 - 45,Other,0,0,0,8.0,-1.0,F,Resist Officer w/Violence,0,0,,8,Low,0
Male,Less than 25,Hispanic,0,0,0,0.0,-1.0,F,Possession Of Methamphetamine,0,0,,0,Low,0
Male,Less than 25,Other,0,0,0,9.0,-1.0,M,Grand Theft (Motor Vehicle),1,0,Operating W/O Valid License,9,High,1
Male,Less than 25,Asian,1,0,0,5.0,-1.0,F,Aggravated Assault W/dead Weap,1,1,Resist/Obstruct W/O Violence,5,High,1
Male,Less than 25,Asian,0,0,0,3.0,0.0,F,Driving While License Revoked,0,0,,3,Low,0
Male,Greater than 45,Caucasian,0,0,0,2.0,-2.0,F,Grand Theft in the 3rd Degree,0,0,,2,Low,0
Male,25 - 45,Asian,0,0,0,0.0,-5.0,F,Dealing in Stolen Property,0,0,,0,Low,0
Male,Greater than 45,Other,0,0,0,5.0,-1.0,F,Possession of Cocaine,0,0,,5,Low,0
Male,Less than 25,African-American,0,0,0,0.0,0.0,M,DUI Property Damage/Injury,0,0,,0,Low,0
Female,Less than 25,Caucasian,0,0,0,0.0,-1.0,F,Exposes Culpable Negligence,0,0,,0,Low,0
Male,Less than 25,African-American,0,0,0,0.0,-1.0,M,Battery,0,0,,0,Low,0
Female,25 - 45,Native American,0,0,0,1.0,-1.0,F,Burglary Unoccupied Dwelling,0,0,,1,Low,0
Male,25 - 45,African-American,0,0,0,0.0,-1.0,F,Grand Theft (Motor Vehicle),0,0,,0,High,0
Male,25 - 45,Caucasian,0,0,0,1.0,0.0,M,Battery,1,0,Driving License Suspended,1,Low,1
Male,Greater than 45,Caucasian,0,0,0,0.0,-1.0,F,Driving While License Revoked,0,0,,0,Low,0
Male,Less than 25,Hispanic,0,0,0,1.0,-1.0,F,Grand Theft in the 3rd Degree,0,0,,1,Medium,0
Male,25 - 45,African-American,4,0,0,8.0,-1.0,M,Battery,1,1,Battery,8,High,1
Female,Greater than 45,Native American,0,0,0,5.0,-13.0,M,Battery,0,0,,5,Medium,0
Female,25 - 45,African-American,0,1,2,5.0,-1.0,F,Neglect Child / No Bodily Harm,1,0,Trafficking 4-14 Grams Heroin,5,High,1
Male,Greater than 45,Hispanic,0,0,0,2.0,-1.0,M,Battery,0,0,,2,Low,0
Female,Less than 25,Native American,0,0,0,4.0,-1.0,F,Grand Theft in the 3rd Degree,1,0,,4,High,0
Female,25 - 45,Caucasian,0,0,0,0.0,-1.0,F,Felony Batt(Great Bodily Harm),0,0,,0,Low,0
Female,25 - 45,Native American,0,0,0,1.0,-1.0,M,Poss Contr Subst W/o Prescript,1,0,Resist/Obstruct W/O Violence,1,Low,1
Female,25 - 45,Hispanic,0,0,0,0.0,-1.0,F,Robbery / No Weapon,0,0,,0,Medium,0
Male,Less than 25,African-American,0,1,0,7.0,-1.0,F,Resist Officer w/Violence,1,1,Child Abuse,7,High,1
Female,25 - 45,Caucasian,0,0,0,9.0,-1.0,F,Grand Theft in the 3rd Degree,1,1,Battery,9,Medium,1
Male,25 - 45,Native American,0,3,0,7.0,-1.0,F,False Ownership Info/Pawn Item,1,0,Driving License Suspended,7,Low,0
Male,25 - 45,Hispanic,0,0,0,14.0,-1.0,F,Pos Cannabis W/Intent Sel/Del,1,0,,14,High,0
Male,Less than 25,Native American,0,0,0,0.0,-1.0,F,Battery,0,0,,0,Low,0
Male,25 - 45,Native American,0,0,0,0.0,-1.0,M,Driving Under The Influence,0,1,Battery,0,Low,1
Female,Less than 25,Hispanic,0,0,0,1.0,-1.0,F,Aggravated Assault W/Dead Weap,0,0,,1,Low,0
Male,25 - 45,African-American,0,0,1,3.0,-1.0,F,"Poss3,4 Methylenedioxymethcath",0,0,,3,Medium,0
Male,25 - 45,Hispanic,0,0,1,1.0,-4.0,F,Possession Of Methamphetamine,1,0,Driving License Suspended,1,Medium,1
Male,Less than 25,Other,0,0,0,2.0,-13.0,F,False Ownership Info/Pawn Item,1,0,Susp Drivers Lic 1st Offense,2,Low,1
Male,Greater than 45,Asian,0,0,0,0.0,-1.0,F,Burglary Dwelling Assault/Batt,0,0,,0,Low,0
Female,Greater than 45,African-American,0,0,0,5.0,-1.0,F,Deliver Cannabis,1,0,Driving License Suspended,5,Medium,1
Male,25 - 45,African-American,0,0,0,2.0,-1.0,M,Battery,1,0,,2,Low,1
Male,Less than 25,Hispanic,0,0,0,4.0,-27.0,F,Neglect Child / No Bodily Harm,1,0,Driving License Suspended,4,Medium,1
Female,Greater than 45,Caucasian,0,0,0,2.0,-1.0,M,Battery,1,1,False Imprisonment,2,Low,1
Male,Greater than 45,African-American,0,0,0,2.0,-1.0,F,Criminal Mischief,0,0,,2,Low,0
Female,Less than 25,African-American,0,0,0,0.0,-3.0,M,Battery,0,0,,0,Low,0
Female,Greater than 45,Other,0,0,0,0.0,0.0,M,Possess Cannabis/20 Grams Or Less,0,0,,0,Medium,0
Female,Less than 25,Hispanic,0,0,0,0.0,-1.0,F,Grand Theft in the 3rd Degree,0,0,,0,Low,0
Male,Less than 25,Caucasian,0,0,0,3.0,-1.0,F,Grand Theft (Motor Vehicle),0,0,,3,Low,0
Female,25 - 45,Hispanic,0,0,0,2.0,-1.0,F,Tamper With Witness/Victim/CI,1,0,Resist/Obstruct W/O Violence,2,Medium,1
Male,25 - 45,Caucasian,0,0,0,1.0,-3.0,M,Criminal Mischief,0,0,,1,Low,0
Female,25 - 45,Caucasian,0,0,0,0.0,-1.0,F,Possession of Cannabis,0,0,,0,Medium,0
Female,Greater than 45,Other,0,0,0,4.0,-1.0,F,Grand Theft (Motor Vehicle),1,0,Susp Drivers Lic 1st Offense,4,High,1
Male,Less than 25,Asian,0,0,0,5.0,-1.0,F,Possession of Cocaine,0,0,,5,Medium,0
Male,Less than 25,African-American,0,0,0,0.0,-1.0,F,Burglary Conveyance Unoccup,1,0,Unlaw LicTag/Sticker Attach,0,Low,1
Male,25 - 45,African-American,0,0,0,0.0,-1.0,F,Burglary Conveyance Unoccup,1,0,Driving License Suspended,0,Low,1
Male,25 - 45,African-American,0,0,0,4.0,-1.0,F,Possession of Cocaine,0,0,,4,High,0
Female,25 - 45,Native American,0,0,0,0.0,-1.0,F,Tampering With Physical Evidence,1,0,Operating W/O Valid License,0,High,1
Female,25 - 45,Caucasian,0,0,0,0.0,-1.0,F,Assault,0,0,,0,Low,0
Female,Greater than 45,Asian,0,0,0,0.0,-1.0,F,Felony Driving While Lic Suspd,0,0,,0,Low,0
Female,Greater than 45,Asian,0,0,0,7.0,-1.0,F,Possession of Cannabis,0,0,,7,Medium,0
Female,Greater than 45,Hispanic,0,0,0,0.0,-1.0,M,Battery,0,0,,0,Low,1
Female,25 - 45,Caucasian,0,0,0,0.0,0.0,F,Pos Cannabis W/Intent Sel/Del,1,0,Resist/Obstruct W/O Violence,0,Medium,1
Male,Less than 25,Hispanic,0,0,0,0.0,0.0,M,Battery,0,0,Operating W/O Valid License,0,Low,1
Male,Less than 25,African-American,0,0,0,1.0,-1.0,M,Battery,0,0,,1,Medium,0
Female,Less than 25,African-American,0,0,0,2.0,-1.0,M,Assault,1,0,Fail Register Vehicle,2,Medium,1
Male,Greater than 45,Other,0,0,0,8.0,0.0,F,Grand Theft in the 3rd Degree,1,0,Driving License Suspended,8,High,1
Male,Less than 25,African-American,0,0,0,1.0,-1.0,F,Grand Theft in the 3rd Degree,0,0,,1,Low,0
Male,Less than 25,Hispanic,0,0,0,2.0,-1.0,M,Lve/Scen/Acc/Veh/Prop/Damage,1,1,False Imprisonment,2,Low,1
Female,Less than 25,Asian,0,1,0,1.0,-1.0,F,Grand Theft in the 3rd Degree,0,0,,1,Low,0
Female,Less than 25,Asian,0,0,0,0.0,0.0,M,Battery,0,0,,0,Medium,0
Male,Less than 25,Other,0,0,0,0.0,-1.0,M,Battery,1,0,Fail Register Vehicle,0,Medium,1
Female,Greater than 45,Caucasian,0,0,0,9.0,0.0,F,DUI Blood Alcohol Above 0.20,1,0,Opert With Susp DL 2nd Offens,9,Low,1
Male,Less than 25,Native American,0,0,0,0.0,-1.0,F,Grand Theft in the 3rd Degree,0,0,,0,High,0
Male,Greater than 45,Hispanic,1,0,1,1.0,0.28636072031779136,F,Leave Acc/Attend Veh/More $50,1,0,Drink/Premises Licensed Estab,1,Medium,1
Male,Greater than 45,Other,0,0,0,8.0,-1.0,F,Possession of Cocaine,1,0,,8,High,1
Male,Less than 25,African-American,0,0,0,1.0,0.0,F,Grand Theft (Motor Vehicle),1,0,Driving License Suspended,1,Medium,0
Male,Less than 25,Caucasian,0,0,0,0.0,-1.0,M,Battery,1,1,Battery,0,High,1
Male,Greater than 45,African-American,0,0,0,1.0,0.0,M,Driving License Suspended,1,0,Opert With Susp DL 2nd Offens,1,Low,1
Male,Greater than 45,Other,0,0,0,0.0,0.0,M,DUI Level 0.15 Or Minor In Veh,0,0,,0,Low,0
Male,Greater than 45,Caucasian,0,1,0,19.0,-1.0,F,Poss Pyrrolidinovalerophenone,1,1,Battery,19,Medium,1
Male,25 - 45,Hispanic,0,0,0,1.0,-1.0,M,Assault,0,0,,1,Low,0
Female,Less than 25,African-American,0,0,0,1.0,-10.0,F,Grand Theft in the 3rd Degree,0,0,,1,Low,0
Male,25 - 45,Native American,0,0,0,0.0,-1.0,M,DUI Level 0.15 Or Minor In Veh,0,0,,0,Low,0
Male,Less than 25,Other,0,0,0,2.0,0.0,F,Tampering With Physical Evidence,1,1,Battery,2,High,1
Male,25 - 45,African-American,0,1,0,6.0,-15.073742256658651,F,Crim Use of Personal ID Info,0,0,,6,Low,0
Male,Less than 25,Native American,0,0,0,0.0,-1.0,F,Driving While License Revoked,0,0,,0,Low,0
Male,Greater than 45,Caucasian,0,0,0,3.0,0.0,F,Aggravated Assault W/dead Weap,0,0,,3,Low,0
Female,Greater than 45,Caucasian,0,0,0,2.0,-22.0,F,Possession Of Alprazolam,1,0,Operating W/O Valid License,2,Low,0
Male,25 - 45,Other,0,0,0,0.0,-1.0,F,Battery on Law Enforc Officer,0,0,,0,Medium,0
Female,Less than 25,Other,0,0,0,0.0,-1.0,F,Grand Theft in the 3rd Degree,0,0,,0,Low,0
Female,Less than 25,Asian,0,0,0,0.0,-5.970661985408984,M,Battery,0,0,,0,Low,0
Male,Greater than 45,Other,0,0,0,0.0,-1.0,M,Battery,0,0,,0,Medium,0
Male,25 - 45,Hispanic,0,0,0,2.0,-1.0,F,Grand Theft in the 3rd Degree,1,0,Operating W/O Valid License,2,Medium,1
Male,25 - 45,Other,0,0,0,0.0,-2.0,M,Susp Drivers Lic 1st Offense,0,0,,0,Low,0
Female,Less than 25,Hispanic,0,0,0,0.0,0.0,M,Battery,0,0,,0,Low,0
Male,25 - 45,Native American,0,0,0,13.0,-1.0,F,Felony Petit Theft,1,0,Fail Register Vehicle,13,Low,1
Male,25 - 45,Hispanic,0,0,0,2.0,-1.0,F,Aggravated Battery,0,0,,2,Low,0
Male,25 - 45,Other,0,0,0,0.0,0.0,F,Grand Theft (Motor Vehicle),1,0,Fail Register Vehicle,0,Medium,1
Female,Less than 25,Other,0,0,0,0.0,-1.0,F,Grand Theft in the 3rd Degree,0,0,,0,High,0
Male,25 - 45,Hispanic,0,0,0,11.0,-1.0,M,Viol Prot Injunc Repeat Viol,1,0,,11,Low,1
Female,25 - 45,Other,0,0,0,0.0,0.0,M,Possess Cannabis/20 Grams Or Less,0,0,,0,Medium,0
Male,Less than 25,Caucasian,0,0,0,1.0,0.0,F,Pos Cannabis W/Intent Sel/Del,1,0,Operating W/O Valid License,1,Low,1
Female,Less than 25,Asian,0,0,0,4.0,0.0,F,Aggrav Battery w/Deadly Weapon,0,0,,4,Medium,0
Male,25 - 45,Asian,0,0,0,1.0,0.0,F,Possession of Cannabis,0,0,,1,High,0
Female,Greater than 45,Asian,0,0,0,0.0,-1.0,M,Battery,0,1,Battery,0,Low,1
Female,25 - 45,African-American,0,0,0,2.0,-7.507394884706962,F,Possession of Cannabis,0,0,,2,Low,0
Female,25 - 45,Other,0,0,0,0.0,0.0,M,DUI Level 0.15 Or Minor In Veh,0,0,,0,Low,0
Male,25 - 45,Asian,0,0,0,0.0,0.0,M,Resist Officer w/Violence,0,0,,0,Low,0
Male,Less than 25,Caucasian,0,0,0,0.0,-1.0,M,Battery,0,0,,0,Medium,0
Male,Less than 25,Caucasian,0,0,0,0.0,-1.0,F,Grand Theft (Motor Vehicle),0,0,,0,Low,0
Female,Less than 25,Other,0,0,0,1.0,-1.0,F,Prowling/Loitering,0,0,,1,High,0
Male,25 - 45,Caucasian,0,0,0,10.0,21.976491858712144,F,Possession of Cocaine,1,1,Battery,10,High,1
Male,25 - 45,Caucasian,0,0,0,3.0,-1.0,F,Possession of Cannabis,1,0,Opert With Susp DL 2nd Offens,3,High,1
Female,25 - 45,Hispanic,0,0,0,1.0,-1.0,F,Burglary Conveyance Unoccup,1,0,Susp Drivers Lic 1st Offense,1,Low,1
Female,Greater than 45,Other,0,0,1,0.0,-1.0,F,Grand Theft in the 3rd Degree,0,0,,0,Low,0
Male,Greater than 45,Asian,0,0,0,1.0,-1.0,M,Dealing in Stolen Property,1,0,Driving License Suspended,1,Medium,1
Male,Less than 25,Caucasian,0,0,3,3.0,-1.0,F,Aggravated Assault W/Dead Weap,1,1,Battery,3,High,1
Male,25 - 45,African-American,0,0,0,1.0,-12.263522533302176,F,Tampering With Physical Evidence,0,0,,1,Low,0
Female,Greater than 45,Native American,0,0,0,0.0,0.0,F,Burglary Structure Unoccup,0,0,,0,Low,0
Female,Less than 25,African-American,1,7,4,23.0,-1.0,F,Possession Of Paraphernalia,1,0,Deliver Cannabis 1000FTSch,23,High,1
Female,25 - 45,Hispanic,0,0,0,2.0,-1.0,M,Burglary Dwelling Assault/Batt,1,0,,2,Low,0
Female,25 - 45,Hispanic,0,0,0,0.0,-1.0,F,Possession of Cocaine,1,0,Resist/Obstruct W/O Violence,0,Low,1
Male,Greater than 45,Other,0,0,0,0.0,0.0,F,Possession of Cocaine,0,0,,0,Medium,0
Male,25 - 45,Asian,0,0,0,0.0,-1.0,F,Grand Theft in the 3rd Degree,0,0,,0,High,0
Female,Less than 25,Other,0,0,0,0.0,-1.0,M,DUI Property Damage/Injury,0,0,,0,Low,0
Male,25 - 45,Native American,0,0,0,9.0,-1.0,F,Driving While License Revoked,1,0,Susp Drivers Lic 1st Offense,9,Low,1
Female,Greater than 45,Native American,0,0,0,0.0,0.0,F,Counterfeit Lic Plates/Sticker,0,0,,0,Low,0
Female,Greater than 45,Hispanic,0,0,0,4.0,-26.0,F,Possession of Cocaine,0,0,,4,Low,0
Male,25 - 45,Other,0,0,0,2.0,0.0,F,Burglary Conveyance Unoccup,0,0,,2,Medium,0
Female,Greater than 45,Native American,0,0,0,2.0,-1.0,F,Neglect Child / No Bodily Harm,0,0,,2,Medium,0
Female,Less than 25,African-American,1,0,0,8.0,-1.0,M,DUI Property Damage/Injury,1,0,,8,Medium,0
Female,Greater than 45,Other,0,0,0,6.0,0.0,M,Susp Drivers Lic 1st Offense,0,0,,6,High,0
Male,Less than 25,Asian,0,0,0,2.0,0.0,F,Driving While License Revoked,0,0,,2,Low,0
Female,Less than 25,Asian,0,0,0,2.0,0.0,M,Operating W/O Valid License,1,0,Opert With Susp DL 2nd Offens,2,Low,0
Female,Greater than 45,Caucasian,0,0,0,2.0,-1.0,F,Possession Burglary Tools,0,0,,2,Low,0
Female,25 - 45,African-American,0,0,0,2.0,-1.0,F,Aggrav Battery w/Deadly Weapon,0,0,,2,Low,0
Male,25 - 45,Hispanic,0,0,0,1.0,-22.0,M,Resist/Obstruct W/O Violence,0,0,,1,Low,0
Male,Less than 25,African-American,0,0,0,0.0,-1.0,M,Battery,1,0,Unlaw LicTag/Sticker Attach,0,Medium,1
Female,Less than 25,Hispanic,0,0,0,0.0,-1.0,F,Burglary Structure Unoccup,0,0,,0,Medium,0
Male,Less than 25,Native American,0,0,0,0.0,-1.0,M,Battery,1,0,Operating W/O Valid License,0,Low,1
Female,Greater than 45,Native American,0,1,0,20.0,-1.0,F,Possession of Cocaine,1,0,Operating W/O Valid License,20,High,1
Female,Less than 25,Native American,0,0,1,0.0,-1.0,F,Criminal Mischief,1,0,Susp Drivers Lic 1st Offense,0,High,1
Female,Less than 25,Asian,0,0,0,1.0,0.0,M,Battery,1,0,,1,Low,0
Female,25 - 45,African-American,0,0,0,0.0,0.0,F,Grand Theft in the 3rd Degree,0,0,,0,Medium,0
Male,Less than 25,Asian,0,0,0,0.0,0.0,F,Pos Cannabis W/Intent Sel/Del,0,0,,0,Medium,0
Female,Less than 25,Other,0,0,0,2.0,0.0,F,Aggravated Battery / Pregnant,1,0,Driving License Suspended,2,Low,1
Male,25 - 45,Asian,0,0,0,6.0,-1.0,F,Possession of Cocaine,1,0,Susp Drivers Lic 1st Offense,6,Low,1
Female,25 - 45,Caucasian,0,2,0,8.0,-1.0,M,Battery,1,1,False Imprisonment,8,High,1
Male,Less than 25,Caucasian,0,0,0,0.0,-1.0,M,Battery,1,0,,0,Low,1
Male,25 - 45,Caucasian,0,0,0,3.0,-1.0,M,Battery,1,0,Driving License Suspended,3,Low,1
Male,Greater than 45,Caucasian,0,0,0,10.0,0.0,F,Possession of Cocaine,1,0,Resist/Obstruct W/O Violence,10,Low,1
Female,Less than 25,African-American,0,0,0,0.0,-1.0,M,Battery,1,1,Battery,0,Medium,1
Male,Greater than 45,African-American,0,0,0,4.0,0.0,M,Unlaw LicTag/Sticker Attach,1,1,Child Abuse,4,Medium,1
Male,Less than 25,Caucasian,0,0,0,3.0,-1.0,F,Poss Cocaine/Intent To Del/Sel,0,0,,3,Low,0
Female,25 - 45,Native American,0,0,0,0.0,-1.0,F,Aggrav Battery w/Deadly Weapon,0,0,,0,Low,0
Female,Less than 25,Hispanic,0,0,1,3.0,-1.0,F,Poss Unlaw Issue Driver Licenc,1,0,,3,Medium,1
Male,Less than 25,Asian,0,0,0,4.0,-1.0,M,Battery,1,0,Operating W/O Valid License,4,Low,1
Female,Greater than 45,Other,0,0,0,0.0,-1.0,M,Disorderly Conduct,0,0,,0,Medium,0
Male,Greater than 45,African-American,0,0,0,0.0,0.0,M,Battery,0,0,,0,Low,0
Female,25 - 45,Caucasian,0,0,0,5.0,-1.0,F,Grand Theft in the 3rd Degree,1,0,Opert With Susp DL 2nd Offens,5,Low,1
Male,Greater than 45,Native American,0,0,0,0.0,-1.0,F,Aggravated Assault W/dead Weap,0,0,,0,Low,0
Male,25 - 45,Other,0,0,0,0.0,-1.0,M,Viol Injunct Domestic Violence,1,0,,0,Medium,1
Male,Greater than 45,Caucasian,0,0,0,0.0,-1.0,F,Pos Cannabis W/Intent Sel/Del,0,0,,0,Medium,0
Male,Greater than 45,Other,0,0,0,3.0,-1.0,F,Felony Battery (Dom Strang),0,0,,3,Low,0
Male,25 - 45,Other,0,1,0,6.0,-1.0,F,Aggravated Battery,1,0,Driving License Suspended,6,Low,1
Male,Less than 25,Other,0,0,1,12.0,-1.0,F,Felony Driving While Lic Suspd,1,1,False Imprisonment,12,High,1
Male,25 - 45,Asian,0,0,0,5.0,-1.0,F,Possession Of Heroin,1,0,,5,Low,1
Female,25 - 45,Caucasian,0,0,0,16.0,-1.0,F,Poss Contr Subst W/o Prescript,1,1,Battery,16,High,1
Female,Greater than 45,Other,0,1,0,10.0,0.0,F,Crim Use of Personal ID Info,0,0,,10,High,0
Male,Greater than 45,Native American,0,0,0,0.0,-1.0,F,Grand Theft in the 3rd Degree,1,0,,0,Low,1
Female,Less than 25,Hispanic,0,0,1,0.0,-1.0,F,Viol Pretrial Release Dom Viol,1,1,Battery,0,Medium,1
Female,25 - 45,Asian,0,0,0,0.0,-1.0,M,Cruelty Toward Child,0,0,Operating W/O Valid License,0,Low,1
Male,Less than 25,Native American,0,0,0,3.0,-27.0,F,Petit Theft,1,0,Resist/Obstruct W/O Violence,3,Medium,1
Male,Less than 25,Hispanic,0,0,0,14.0,-1.0,F,Felony Driving While Lic Suspd,1,0,Driving License Suspended,14,High,1
Female,25 - 45,Caucasian,0,0,0,0.0,0.0,F,Possession of Cocaine,0,0,,0,Low,0
Female,25 - 45,African-American,0,0,0,1.0,0.0,F,Possession Burglary Tools,0,0,,1,Low,0
Female,Less than 25,Hispanic,0,0,0,0.0,0.0,M,Battery,0,0,,0,Low,0
Male,Less than 25,African-American,0,0,0,4.0,-4.335579817537884,F,Possession of Cocaine,1,0,Susp Drivers Lic 1st Offense,4,Low,1
Male,Less than 25,Hispanic,0,0,0,3.0,-1.0,M,Resist/Obstruct W/O Violence,1,0,Resist/Obstruct W/O Violence,3,Low,1
Male,25 - 45,Native American,0,0,0,1.0,-1.0,F,"Poss3,4 Methylenedioxymethcath",0,0,,1,Low,0
Male,Greater than 45,Caucasian,0,0,0,2.0,-12.0,M,DUI Level 0.15 Or Minor In Veh,1,0,Susp Drivers Lic 1st Offense,2,Low,1
Female,Greater than 45,Hispanic,0,0,0,3.0,-1.0,F,Aggravated Battery,1,0,Susp Drivers Lic 1st Offense,3,Medium,1
Male,Greater than 45,African-American,0,1,1,8.0,-1.0,F,Felony Petit Theft,1,0,Fail Register Vehicle,8,High,1
Male,Less than 25,Caucasian,0,0,0,21.000000000000004,-1.0,F,Driving While License Revoked,1,0,Driving License Suspended,21,High,1
Female,25 - 45,Hispanic,0,0,0,2.0,0.0,M,DUI Property Damage/Injury,0,0,,2,Low,0
Female,Less than 25,Hispanic,0,0,0,4.0,0.0,F,Possession of Oxycodone,0,0,,4,Low,0
Male,Greater than 45,Other,0,0,0,1.0,-1.0,M,Battery,1,0,Opert With Susp DL 2nd Offens,1,Low,0
Male,Less than 25,Caucasian,0,0,0,0.0,-2.0,M,Battery,0,0,,0,Medium,1
Male,Greater than 45,Caucasian,0,0,0,1.0,-1.0,M,DUI Level 0.15 Or Minor In Veh,0,0,,1,High,0
Female,25 - 45,Hispanic,0,0,0,5.0,16.367167990047257,F,Grand Theft in the 3rd Degree,0,0,,5,High,0
Male,Greater than 45,Other,0,0,0,1.0,-1.0,M,Possess Cannabis/20 Grams Or Less,1,0,Operating W/O Valid License,1,Medium,1
Female,Less than 25,Asian,0,0,0,0.0,0.0,M,Driving Under The Influence,0,0,,0,Low,0
Female,25 - 45,Other,0,0,0,0.0,-1.0,M,False Ownership Info/Pawn Item,0,0,,0,Medium,0
Male,Less than 25,Native American,0,0,0,0.0,0.0,M,Battery,0,0,Unlaw LicTag/Sticker Attach,0,Low,1
Male,Greater than 45,Caucasian,0,0,1,2.0,-1.0,M,Possess Cannabis/20 Grams Or Less,1,0,Drink/Premises Licensed Estab,2,Low,1
Male,Greater than 45,Hispanic,0,0,0,1.0,0.0,F,Poss Unlaw Issue Driver Licenc,1,0,Susp Drivers Lic 1st Offense,1,Low,1
Female,Greater than 45,Native American,0,0,0,1.0,-1.0,F,Grand Theft (Motor Vehicle),1,0,Driving License Suspended,1,Low,0
Male,Less than 25,Hispanic,0,0,0,4.0,-1.0,M,Possession Burglary Tools,1,1,Resist/Obstruct W/O Violence,4,Medium,1
Female,25 - 45,Native American,0,0,0,0.0,0.0,F,Child Abuse,1,0,Driving License Suspended,0,High,1
Female,25 - 45,Native American,0,0,0,2.0,-2.0,F,Possession Of Alprazolam,1,0,Fail Register Vehicle,2,Low,1
Male,25 - 45,African-American,0,0,0,16.0,-1.0,F,Driving While License Revoked,1,0,Resist/Obstruct W/O Violence,16,High,1
Male,Less than 25,African-American,0,0,0,7.0,-1.0,M,Driving Under The Influence,1,0,Driving License Suspended,7,Medium,1
Male,25 - 45,African-American,0,0,0,0.0,-1.0,F,Aggravated Assault W/dead Weap,0,1,Strong Armed  Robbery,0,Medium,1
Male,Greater than 45,Caucasian,0,0,0,0.0,-3.0,M,Crimin Mischief Damage $1000+,0,0,,0,Medium,0
Female,25 - 45,Hispanic,0,0,0,0.0,-1.0,M,Battery,0,0,,0,Low,0
Male,Less than 25,African-American,1,0,0,2.0,-1.0,F,Criminal Mischief,1,0,Operating W/O Valid License,2,Medium,1
Male,25 - 45,Other,0,0,0,2.0,0.0,M,Viol Prot Injunc Repeat Viol,1,0,Resist/Obstruct W/O Violence,2,Medium,1
Female,Less than 25,Asian,0,0,0,5.0,-1.0,F,Felony Driving While Lic Suspd,1,1,Battery,5,Low,1
Female,25 - 45,Hispanic,0,0,0,4.0,-1.0,F,Felony Driving While Lic Suspd,1,0,Susp Drivers Lic 1st Offense,4,Medium,1
Male,Greater than 45,Other,0,0,0,2.0,-3.8796202980782937,M,Possession Of Methamphetamine,1,0,Driving License Suspended,2,Low,1
Female,Less than 25,African-American,0,1,2,1.0,-1.0,F,Pos Cannabis W/Intent Sel/Del,0,0,,1,Medium,0
Male,Greater than 45,Hispanic,0,0,0,2.0,-1.0,F,Grand Theft in the 3rd Degree,0,0,,2,Low,0
Male,Less than 25,Native American,0,0,0,1.0,-1.0,F,Tampering With Physical Evidence,1,0,Resist/Obstruct W/O Violence,1,High,1
Male,Greater than 45,Native American,0,0,0,2.0,-1.0,F,Possession of Cocaine,1,0,Fail Register Vehicle,2,Low,1
Female,Greater than 45,Caucasian,0,0,0,0.0,-1.0,F,Grand Theft in the 3rd Degree,1,0,Operating W/O Valid License,0,Medium,1
Female,Less than 25,Asian,0,0,0,1.0,-1.0,F,Cruelty Toward Child,0,0,Opert With Susp DL 2nd Offens,1,Low,0
Male,Greater than 45,Caucasian,0,0,0,0.0,0.0,F,Possession Of Methamphetamine,0,0,,0,Low,0
Female,25 - 45,Native American,0,0,0,6.0,-1.0,F,Aggravated Battery / Pregnant,1,0,Opert With Susp DL 2nd Offens,6,Low,1
Female,Greater than 45,Asian,0,0,0,5.0,-1.0,M,Assault,1,0,,5,Medium,0
Male,25 - 45,African-American,0,0,0,0.0,-1.0,F,Possession of Cocaine,1,0,Driving License Suspended,0,Low,1
Female,Less than 25,Asian,0,4,0,14.0,-1.0,F,Tampering with a Victim,1,1,Child Abuse,16,High,1
Female,25 - 45,Caucasian,0,0,0,0.0,-1.0,M,DUI Level 0.15 Or Minor In Veh,0,0,,0,Low,0
Female,Greater than 45,African-American,0,0,0,2.0,-1.0,F,Grand Theft in the 3rd Degree,0,0,,2,Low,0
Female,Less than 25,Hispanic,0,0,0,1.0,17.72633061789937,F,Lve/Scen/Acc/Veh/Prop/Damage,1,0,Driving License Suspended,1,Low,1
Male,25 - 45,African-American,0,0,0,7.0,-1.0,F,Tampering With Physical Evidence,0,0,,7,Medium,0
Female,Less than 25,Asian,0,0,1,2.0,-1.0,F,Grand Theft (Motor Vehicle),1,1,Child Abuse,2,Medium,1
Female,25 - 45,Caucasian,2,0,0,6.0,-1.0,F,Felony Battery (Dom Strang),0,0,,6,Medium,0
Female,25 - 45,Asian,0,0,0,0.0,-1.0,F,Grand Theft in the 3rd Degree,1,0,Susp Drivers Lic 1st Offense,0,Medium,1
Male,Greater than 45,Other,0,0,0,1.0,-1.0,F,Cruelty Toward Child,0,0,,1,Low,0
Male,25 - 45,Other,0,1,2,1.0,-1.0,F,Carrying Concealed Firearm,0,0,,1,Medium,0
Female,Greater than 45,African-American,0,0,0,0.0,-1.0,F,Aggravated Battery / Pregnant,0,0,,0,Low,0
Male,25 - 45,African-American,0,0,0,0.0,-1.0,M,Battery,0,0,,0,Low,0
Male,Less than 25,African-American,0,0,0,0.0,-1.0,M,Battery,0,0,,0,Low,0
Male,Greater than 45,Caucasian,0,0,0,2.0,0.0,M,Possession Of Methamphetamine,0,0,,2,Low,0
Male,Greater than 45,Native American,0,0,0,4.0,0.0,F,Tamper With Witness/Victim/CI,1,1,Child Abuse,4,Low,1
Male,Greater than 45,Hispanic,0,0,0,16.0,-1.0,F,Disorderly Conduct,1,1,Battery,16,High,1
Male,Greater than 45,Hispanic,0,0,0,2.0,-1.0,F,Possession Burglary Tools,1,0,Susp Drivers Lic 1st Offense,2,Low,0
Female,25 - 45,Asian,0,0,0,0.0,-1.0,M,Battery,1,0,Opert With Susp DL 2nd Offens,0,Medium,1
Female,Greater than 45,Asian,0,0,0,0.0,-1.0,M,Battery,0,0,,0,Low,0
Male,25 - 45,Caucasian,0,0,0,2.0,-4.0,M,DUI Level 0.15 Or Minor In Veh,0,0,,2,Low,0
Male,Less than 25,African-American,0,0,1,0.0,-1.0,M,Assault,1,0,Operating W/O Valid License,0,Medium,1
Male,Greater than 45,Asian,0,0,0,0.0,0.0,F,Possession of Cocaine,0,0,,0,Low,0
Male,25 - 45,Other,0,0,0,2.0,0.0,F,"Poss3,4 Methylenedioxymethcath",1,0,,2,Low,0
Male,Less than 25,African-American,0,0,0,0.0,-1.0,F,Grand Theft in the 3rd Degree,0,0,,0,Low,0
Male,25 - 45,Other,0,0,0,5.0,-1.0,M,Felony Battery w/Prior Convict,1,0,,5,High,0
Female,Greater than 45,Other,0,0,0,16.0,-2.0,F,Driving While License Revoked,1,0,Susp Drivers Lic 1st Offense,16,High,1
Female,Less than 25,Native American,0,0,0,26.85145650855994,-1.0,F,Felony Petit Theft,1,0,Opert With Susp DL 2nd Offens,27,High,1
Male,Greater than 45,Native American,0,0,0,0.0,-1.0,F,Felony Driving While Lic Suspd,0,0,,0,Low,0
Female,Greater than 45,African-American,0,2,1,9.0,0.0,F,Dealing in Stolen Property,0,0,,9,High,0
Male,25 - 45,Caucasian,0,0,0,11.0,-2.0,F,Poss Pyrrolidinovalerophenone,1,1,Resist/Obstruct W/O Violence,11,Medium,1
Female,Greater than 45,African-American,0,0,0,0.0,-1.0,F,Child Abuse,0,0,,0,Low,0
Female,Greater than 45,African-American,0,0,0,0.0,-1.0,F,Poss Contr Subst W/o Prescript,0,0,,0,Medium,0
Female,Less than 25,Other,0,0,0,1.0,-1.0,M,Battery,1,0,Operating W/O Valid License,1,Low,1
Male,Greater than 45,Caucasian,0,0,0,0.0,0.0,M,Battery,0,0,,0,Low,0
Male,25 - 45,Caucasian,0,0,0,1.0,-1.0,F,Felony Battery (Dom Strang),1,1,Resist/Obstruct W/O Violence,1,Low,1
Male,Greater than 45,African-American,0,0,0,6.0,-1.0,F,Child Abuse,0,0,,6,Low,0
Female,Greater than 45,African-American,0,0,0,5.0,-1.0,F,Deliver Cocaine,1,1,Battery,5,Low,1
Male,25 - 45,Hispanic,0,0,0,3.0,-1.0,F,Grand Theft in the 3rd Degree,1,0,Resist/Obstruct W/O Violence,3,High,1
Female,Less than 25,Other,0,0,0,1.0,-1.0,M,Resist/Obstruct W/O Violence,0,0,,1,Low,0
Male,Greater than 45,Other,0,0,0,5.0,-1.0,F,Criminal Mischief,1,1,Resist/Obstruct W/O Violence,5,Low,0
Male,Greater than 45,Native American,0,0,0,0.0,-1.0,F,Agg Battery Grt/Bod/Harm,0,0,,0,Low,0
Male,Greater than 45,African-American,0,0,0,0.0,0.0,F,Possession of Cocaine,0,0,,0,Low,0
Male,Greater than 45,Asian,0,0,0,3.0,-1.0,F,Tamper With Witness/Victim/CI,1,0,Driving License Suspended,3,Medium,1
Female,Greater than 45,Native American,0,0,0,5.0,-1.0,F,Possession of Cocaine,1,1,Child Abuse,5,Low,1
Male,25 - 45,African-American,0,0,0,0.0,0.0,F,Aggrav Battery w/Deadly Weapon,0,0,,0,Low,0
Male,Greater than 45,Other,0,1,0,2.0,-1.0,F,Grand Theft in the 3rd Degree,0,0,,2,High,0
Male,Greater than 45,Asian,0,0,0,2.0,-3.0,F,Aggravated Assault w/Firearm,0,0,,2,Low,0
Female,25 - 45,Native American,0,0,0,9.0,-1.0,F,Disorderly Conduct,1,0,,9,Medium,1
Female,25 - 45,Asian,4,1,0,17.0,-1.0,F,Possession of Cocaine,1,0,Fail Register Vehicle,17,Medium,1
Male,Greater than 45,African-American,0,0,0,1.0,-1.0,M,Battery,0,0,,1,Low,0
Female,Less than 25,Native American,0,0,0,2.0,-1.0,M,Battery,0,0,,2,Medium,0
Female,Greater than 45,Hispanic,0,0,0,3.0,0.0,F,Tampering With Physical Evidence,1,0,Driving License Suspended,3,Medium,1
Male,Less than 25,Asian,0,0,0,1.0,-1.0,F,Burglary Unoccupied Dwelling,0,0,,1,Medium,0
Female,25 - 45,Hispanic,0,0,0,0.0,-1.0,F,Grand Theft in the 3rd Degree,0,0,,0,Low,0
Female,Greater than 45,Other,0,0,0,0.0,0.0,M,DUI Property Damage/Injury,0,0,,0,Low,0
Male,Less than 25,Caucasian,0,0,0,0.0,-1.0,M,Battery,0,0,,0,Medium,0
Female,25 - 45,Hispanic,0,0,0,3.0,-6.0,M,Battery,0,0,,3,Low,0
Male,Greater than 45,Native American,0,2,1,3.0,-1.0,F,Poss Contr Subst W/o Prescript,1,0,Poss Meth/Diox/Meth/Amp (MDMA),3,High,1
Female,25 - 45,African-American,0,0,0,1.0,-1.0,F,Crim Use of Personal ID Info,1,0,Driving License Suspended,1,Low,1
Male,Greater than 45,Native American,0,0,0,7.0,-1.0,F,Felony Petit Theft,1,0,Fail Register Vehicle,7,High,1
Female,Greater than 45,Asian,0,0,0,1.0,-1.0,F,Aggravated Battery,1,1,Battery,1,Medium,1
Female,Greater than 45,Caucasian,0,0,0,3.0,-2.0,F,Deliver Cocaine,1,1,False Imprisonment,3,Medium,1
Male,Greater than 45,Asian,0,0,0,9.0,-1.0,M,Battery,1,0,,9,Medium,1
Male,Greater than 45,Asian,0,0,0,10.0,-1.0,F,Burglary Conveyance Unoccup,1,0,Resist/Obstruct W/O Violence,10,Medium,1
Female,Less than 25,Other,0,0,3,4.0,-1.0,F,Driving While License Revoked,1,0,Fail Register Vehicle,4,High,1
Male,25 - 45,Other,0,0,0,4.0,0.0,M,Possess Cannabis/20 Grams Or Less,0,0,,4,Medium,0
Female,25 - 45,Hispanic,0,0,0,3.0,0.0,F,Deliver Cocaine,0,0,,3,Low,0
Female,25 - 45,Native American,0,0,0,2.0,-1.0,M,Susp Drivers Lic 1st Offense,0,0,,2,Low,0
Female,25 - 45,Native American,0,0,0,0.0,-1.0,F,Grand Theft in the 3rd Degree,0,1,Battery,0,Medium,0
Male,Less than 25,Other,0,0,0,0.0,-1.0,F,Lve/Scen/Acc/Veh/Prop/Damage,1,0,Drinking Alch Beverage In Open,0,Low,1
Female,Less than 25,African-American,0,0,0,0.0,-1.0,M,Battery,0,0,,0,Low,0
Female,25 - 45,Hispanic,0,0,0,8.0,-1.0,F,Felony Petit Theft,1,1,False Imprisonment,8,Medium,1
Female,25 - 45,Asian,0,0,0,0.0,-1.0,F,Grand Theft in the 3rd Degree,0,0,,0,Medium,0
Male,Less than 25,Asian,0,0,0,3.0,0.0,F,Driving While License Revoked,0,0,,3,Low,0
Female,Less than 25,African-American,0,0,0,0.0,-1.0,M,Battery,1,1,Child Abuse,0,Low,1
Male,Less than 25,Hispanic,0,0,0,4.0,-1.0,F,Prowling/Loitering,1,0,Susp Drivers Lic 1st Offense,4,Low,1
Male,Less than 25,Other,0,0,0,1.0,-1.0,F,False Ownership Info/Pawn Item,1,0,,1,Low,1
Male,25 - 45,Asian,0,0,1,7.0,0.0,M,Battery,1,1,Child Abuse,7,Medium,1
Female,Greater than 45,Asian,0,0,0,0.0,-1.0,M,Burglary Unoccupied Dwelling,0,0,,0,Low,0
Female,25 - 45,Hispanic,0,0,2,14.0,0.0,F,Possession Of Alprazolam,0,0,,14,High,0
Male,Less than 25,Asian,0,0,0,0.0,-1.0,F,False Ownership Info/Pawn Item,1,1,Aid/Abet Burglary Assault/Batt,0,Medium,1
Male,25 - 45,Asian,0,0,0,8.0,-22.0,F,Possession of Cocaine,1,0,Resist/Obstruct W/O Violence,8,Low,1
Female,25 - 45,Native American,0,0,0,0.0,-1.0,F,Burglary Unoccupied Dwelling,0,0,,0,Medium,0
Female,Greater than 45,African-American,0,0,0,2.0,-28.0,F,Disorderly Intoxication,0,0,,2,Low,0
Male,25 - 45,Hispanic,0,0,0,0.0,-1.0,F,Dealing in Stolen Property,1,0,Unlaw LicTag/Sticker Attach,0,Low,1
Female,25 - 45,Native American,0,0,0,3.0,-1.0,M,Battery,0,0,,3,Low,0
Male,Less than 25,Native American,0,0,0,3.0,-24.0,F,False Ownership Info/Pawn Item,1,0,Opert With Susp DL 2nd Offens,3,Medium,1
Male,25 - 45,African-American,0,0,0,1.0,-1.0,F,Possession Burglary Tools,1,1,Battery,1,Medium,1
Female,Greater than 45,Native American,0,0,0,4.0,-2.0,F,Possession of Cocaine,1,0,Operating W/O Valid License,4,Low,1
Male,Less than 25,Other,0,0,0,1.0,-23.0,F,Burglary Structure Unoccup,1,0,Opert With Susp DL 2nd Offens,1,Low,1
Male,Greater than 45,Other,0,0,0,0.0,-1.0,F,Possession Of Methamphetamine,0,0,,0,High,0
Female,Greater than 45,African-American,0,0,0,1.0,-1.0,M,Battery,1,1,Battery,1,High,1
Male,25 - 45,African-American,0,0,0,0.0,-2.0,M,Battery,0,0,,0,Low,0
Male,Greater than 45,African-American,0,0,0,0.0,-1.0,M,Battery,0,0,,0,Low,0
Male,Less than 25,Native American,0,0,0,0.0,-1.0,M,Exposes Culpable Negligence,0,0,,0,Low,0
Female,Less than 25,African-American,0,0,0,7.0,-1.0,F,Felony Driving While Lic Suspd,1,0,Fail Register Vehicle,7,Low,1
Female,25 - 45,Other,0,2,0,22.0,-1.0,F,Possession of Cocaine,1,1,Resist/Obstruct W/O Violence,22,High,1
Female,25 - 45,Asian,0,0,0,0.0,-1.0,F,Possession Of Heroin,0,0,,0,Low,0
Female,Greater than 45,Caucasian,0,0,0,0.0,0.0,M,DUI Level 0.15 Or Minor In Veh,0,0,,0,Low,0
Male,Greater than 45,African-American,0,0,0,0.0,15.793616849288028,F,Felony Battery (Dom Strang),1,1,Aid/Abet Burglary Assault/Batt,0,Low,1
Male,Less than 25,Native American,0,0,0,0.0,-1.0,F,Disorderly Conduct,0,0,,0,Low,0
Female,Less than 25,African-American,0,0,0,1.0,-1.0,F,Neglect Child / No Bodily Harm,1,0,,1,Low,0
Female,Greater than 45,African-American,0,0,0,1.0,-1.0,F,Resist/Obstruct W/O Violence,1,0,Operating W/O Valid License,1,Medium,1
Female,Greater than 45,Other,0,0,0,0.0,-1.0,M,Driving Under The Influence,0,0,,0,Low,0
Male,Greater than 45,Other,0,0,0,6.0,-1.0,F,Pos Cannabis W/Intent Sel/Del,0,0,,6,Low,0
Male,Greater than 45,Hispanic,0,0,0,1.0,-1.0,F,Poss Contr Subst W/o Prescript,0,0,,1,Low,0
Male,25 - 45,Native American,0,0,0,0.0,-1.0,F,Possession Of Heroin,0,0,,0,Low,0
Female,Less than 25,Caucasian,0,0,0,1.0,0.0,M,Poss Of Controlled Substance,0,0,,1,Medium,1
Male,25 - 45,Native American,0,0,0,0.0,-1.0,F,Felony Battery (Dom Strang),0,0,Operating W/O Valid License,0,Low,1
Male,Greater than 45,African-American,0,1,1,1.0,-1.0,F,Grand Theft Dwell Property,1,0,Fail Register Vehicle,1,High,1
Female,Greater than 45,African-American,0,0,0,5.0,-3.0,F,Possession of Cannabis,0,0,,5,Low,0
Male,25 - 45,Native American,0,0,0,1.0,0.0,M,Battery,0,0,,1,Low,0
Male,Less than 25,Hispanic,0,0,0,0.0,-1.0,M,Battery,0,0,,0,Low,0
Male,25 - 45,Asian,0,0,0,1.0,-1.0,F,Grand Theft in the 3rd Degree,0,0,,1,Low,0
Female,25 - 45,Other,0,0,0,8.0,-1.0,F,Felony Battery w/Prior Convict,0,1,Resist/Obstruct W/O Violence,8,Medium,1
Male,Less than 25,African-American,0,0,0,0.0,-1.0,F,Pos Cannabis W/Intent Sel/Del,0,0,,0,Low,0
Male,Less than 25,Asian,0,0,0,1.0,-1.0,M,Battery,1,0,,1,Low,0
Female,Greater than 45,Asian,0,0,0,4.0,-1.0,F,Grand Theft (Motor Vehicle),1,0,,4,High,1
Female,25 - 45,Hispanic,0,0,0,8.0,-12.99201171890697,F,Possession Of Methamphetamine,0,0,,8,Medium,0
Male,Less than 25,Hispanic,0,0,0,0.0,0.0,M,Battery,0,0,,0,Low,0
Female,Greater than 45,Native American,0,0,0,7.0,-1.0,F,Burglary Conveyance Unoccup,1,0,Susp Drivers Lic 1st Offense,7,High,1
Female,25 - 45,African-American,0,0,0,0.0,-1.0,F,Possession of Cocaine,0,1,Child Abuse,0,Low,1
Female,25 - 45,African-American,0,0,0,5.0,0.0,F,Aggrav Battery w/Deadly Weapon,0,0,,5,Low,0
Female,Greater than 45,Asian,0,0,0,1.0,-22.0,F,Possession of Cocaine,0,0,,1,Low,0
Male,Greater than 45,African-American,0,0,0,8.0,-1.0,F,Carrying Concealed Firearm,1,1,Child Abuse,8,Low,1
Female,Less than 25,Hispanic,0,0,0,0.0,-1.0,M,DUI Property Damage/Injury,1,0,,0,High,1
Male,Less than 25,Caucasian,0,0,0,11.0,-3.0,F,Possession of Cocaine,1,0,Opert With Susp DL 2nd Offens,11,High,1
Female,Less than 25,Hispanic,3,1,0,10.0,-1.0,F,DWLS Canceled Disqul 1st Off,1,1,Robbery / Weapon,10,High,1
Female,Less than 25,Native American,0,0,0,23.0,0.0,F,DUI - Enhanced,1,0,Fail Register Vehicle,23,High,1
Male,25 - 45,Hispanic,0,0,0,1.0,-23.0,M,Battery,0,0,,1,Low,0
Female,Greater than 45,Caucasian,0,0,0,0.0,0.0,F,Possession of Cannabis,0,0,,0,Low,0
Female,Less than 25,Caucasian,0,3,0,3.0,0.0,F,Possession of Cocaine,1,0,Operating W/O Valid License,3,High,1
Female,Less than 25,Asian,0,0,0,4.0,-1.0,F,Poss Unlaw Issue Driver Licenc,0,0,,4,Low,0
Male,25 - 45,Other,0,0,0,3.0,-1.0,F,Pos Cannabis W/Intent Sel/Del,0,0,,3,Low,0
Male,Greater than 45,Hispanic,0,0,0,13.0,-1.0,F,Driving While License Revoked,1,0,Susp Drivers Lic 1st Offense,13,High,1
Male,25 - 45,Other,0,0,0,5.0,0.0,F,Felony Driving While Lic Suspd,1,0,Opert With Susp DL 2nd Offens,5,High,1
Female,Greater than 45,African-American,0,0,0,2.0,0.0,M,DUI Property Damage/Injury,0,0,,2,Low,0
Male,Greater than 45,Other,0,0,0,7.0,-1.0,F,Neglect Child / No Bodily Harm,1,1,False Imprisonment,7,High,1
Male,Less than 25,African-American,0,0,0,0.0,-1.0,F,Felony Battery (Dom Strang),0,0,,0,Low,0
Male,Less than 25,Other,0,0,0,0.0,0.0,F,Criminal Mischief,0,1,Battery,0,Low,1
Female,Less than 25,Other,0,0,0,22.0,-1.0,F,Possession of Cocaine,1,0,,22,High,1
Female,Less than 25,Native American,0,1,0,5.0,-1.0,F,Pos Cannabis W/Intent Sel/Del,1,0,,5,High,1
Female,Greater than 45,Other,0,0,0,1.0,0.0,F,Possession Of Alprazolam,1,0,Driving License Suspended,1,Low,1
Female,25 - 45,Other,0,0,0,1.0,-1.0,F,Robbery / No Weapon,0,0,,1,Low,0
Female,Less than 25,Native American,0,0,0,8.0,0.0,F,Robbery / No Weapon,1,0,,8,High,0
Male,25 - 45,Asian,0,0,0,8.0,-1.0,F,Deliver Cocaine,1,1,Battery,8,High,1
Male,25 - 45,Hispanic,0,0,0,17.0,-1.0,F,Battery,1,0,Fail Register Vehicle,17,Low,1
Male,25 - 45,Other,0,0,0,2.0,-12.0,F,Grand Theft in the 3rd Degree,1,0,Opert With Susp DL 2nd Offens,2,Low,0
Male,Less than 25,Other,0,0,0,1.0,-1.0,M,Battery,1,0,Susp Drivers Lic 1st Offense,1,Medium,1
Male,Less than 25,Caucasian,0,0,0,2.0,-1.0,F,Battery on Law Enforc Officer,1,0,Resist/Obstruct W/O Violence,2,High,1
Female,25 - 45,Other,0,0,0,0.0,-1.0,M,Possess Cannabis/20 Grams Or Less,0,0,,0,Low,0
Female,Greater than 45,Hispanic,0,0,0,9.0,0.0,F,Possession of Cannabis,1,0,Driving License Suspended,9,Medium,1
Male,Less than 25,Native American,0,0,0,6.0,-1.0,M,DUI Property Damage/Injury,0,0,,6,Medium,0
Male,25 - 45,Asian,0,0,0,1.0,0.0,M,Felony Battery w/Prior Convict,0,0,,1,Low,0
Female,25 - 45,Other,0,0,0,2.0,-2.0,F,DUI Level 0.15 Or Minor In Veh,0,0,,2,Low,0
Male,Greater than 45,Other,0,0,0,0.0,-1.0,M,Petit Theft,1,0,Unlaw LicTag/Sticker Attach,0,Low,1
Female,Greater than 45,African-American,0,0,0,0.0,-1.0,M,Battery,1,0,Opert With Susp DL 2nd Offens,0,Low,1
Female,25 - 45,Caucasian,0,0,0,0.0,-1.0,M,Battery,1,1,Battery,0,Medium,1
Male,25 - 45,Hispanic,0,0,0,1.0,0.0,M,Pos Cannabis W/Intent Sel/Del,1,0,Fail Register Vehicle,1,Low,1
Female,Greater than 45,Asian,0,0,0,0.0,0.0,F,Grand Theft (Motor Vehicle),1,0,Resist/Obstruct W/O Violence,0,Medium,1
Male,25 - 45,Caucasian,3,0,0,5.0,-1.0,M,Resist/Obstruct W/O Violence,1,1,Aid/Abet Burglary Assault/Batt,4,High,0
Female,Greater than 45,Native American,0,0,0,19.0,0.0,F,Possession of Cocaine,1,0,Driving License Suspended,19,High,1
Female,Less than 25,Other,0,0,0,16.0,0.0,M,Susp Drivers Lic 1st Offense,1,1,Resist/Obstruct W/O Violence,16,High,1
Male,Less than 25,Other,0,0,0,1.0,-3.0,M,DUI Property Damage/Injury,0,0,,1,Low,0
Male,Less than 25,Caucasian,0,0,0,2.0,-1.0,F,Burglary Conveyance Unoccup,1,0,Driving License Suspended,2,Low,1
Male,25 - 45,Native American,0,12,1,21.000000000000004,0.0,F,Driving While License Revoked,1,0,Possession of Cannabis,21,High,1
Male,25 - 45,African-American,0,0,0,10.0,-1.0,F,Aggravated Assault W/dead Weap,1,0,Susp Drivers Lic 1st Offense,10,Low,1
Female,Less than 25,Caucasian,0,0,0,1.0,-1.0,F,Grand Theft in the 3rd Degree,0,0,,1,High,0
Female,25 - 45,Asian,0,0,0,2.0,-1.0,F,Possession of Cocaine,0,0,,2,Medium,0
Male,Less than 25,African-American,0,0,0,2.0,-1.0,M,Possession of Cocaine,1,0,Driving License Suspended,2,Low,1
Female,Less than 25,Other,0,0,0,0.0,-1.0,M,Battery,0,0,,0,Medium,0
Female,Less than 25,Asian,0,0,0,5.0,-1.0,M,Possession Of Heroin,0,0,,5,Low,0
Female,Greater than 45,Caucasian,0,0,0,24.63284101612852,29.0255860858408,F,Exposes Culpable Negligence,1,0,Opert With Susp DL 2nd Offens,24,High,1
Male,Less than 25,Other,0,0,0,0.0,-1.0,F,Possession Burglary Tools,1,0,Driving License Suspended,0,Low,1
Male,Greater than 45,Other,0,0,0,3.0,-1.0,F,Grand Theft in the 3rd Degree,1,1,Resist/Obstruct W/O Violence,3,Low,1
Male,Less than 25,Caucasian,0,0,0,1.0,-1.0,F,Agg Battery Grt/Bod/Harm,1,0,Resist/Obstruct W/O Violence,1,Low,1
Female,Greater than 45,Native American,0,0,0,6.0,-1.0,F,Aggravated Assault W/Dead Weap,0,0,,6,Medium,0
Male,Less than 25,Asian,0,0,0,1.0,-1.0,M,Battery,1,1,Battery,1,Low,1
Male,Less than 25,Asian,0,0,0,1.0,7.138335460092215,F,Burglary Structure Unoccup,0,0,,1,Medium,0
Female,Less than 25,Hispanic,0,0,1,7.0,-1.0,F,Dealing in Stolen Property,1,0,Drink/Premises Licensed Estab,7,High,1
Male,Greater than 45,Hispanic,0,0,0,0.0,-1.0,F,Possession of Cocaine,1,0,Unlaw LicTag/Sticker Attach,0,Low,1
Male,Less than 25,African-American,0,0,0,2.0,0.0,F,Possession of Cocaine,0,0,,2,Low,0
Male,25 - 45,Asian,0,0,0,3.0,-1.0,M,Tampering With Physical Evidence,0,0,,3,High,0
Female,25 - 45,Caucasian,0,0,0,0.0,0.0,M,Driving Under The Influence,0,0,,0,Low,0
Female,25 - 45,African-American,0,0,0,1.0,-11.908057348957875,M,Possession of Cannabis,0,0,,1,Medium,0
Female,Less than 25,Other,0,0,0,6.0,-1.0,F,Felony Driving While Lic Suspd,1,1,Resist/Obstruct W/O Violence,6,Medium,1
Male,Less than 25,Asian,0,0,0,9.0,-1.0,F,Felony Petit Theft,1,0,Susp Drivers Lic 1st Offense,9,Medium,1
Male,Greater than 45,Asian,0,0,0,2.0,0.0,F,Child Abuse,1,0,Operating W/O Valid License,2,Low,1
Male,Greater than 45,Hispanic,0,0,0,7.0,-1.0,M,Battery,0,0,,7,Medium,0
Male,Greater than 45,Caucasian,0,0,0,1.0,-1.0,F,False Ownership Info/Pawn Item,1,0,Fail Register Vehicle,1,Medium,1
Female,25 - 45,Hispanic,0,0,0,0.0,0.0,M,Battery,0,0,,0,Low,0
Male,25 - 45,Asian,0,0,0,4.0,-1.0,M,Battery,0,0,,4,Low,0
Male,25 - 45,Caucasian,0,0,1,7.0,0.0,M,Battery,0,0,,7,Low,0
Female,25 - 45,Native American,0,0,0,10.0,0.0,F,Possession Of Heroin,1,1,Battery,10,Low,1
Female,Less than 25,Native American,0,0,0,1.0,-1.0,F,Poss Pyrrolidinovalerophenone,1,0,Fail Register Vehicle,1,Medium,1
Female,Greater than 45,African-American,0,0,1,0.0,-1.0,F,Possession Of Heroin,0,0,,0,Low,0
Female,Less than 25,Asian,0,0,0,2.0,-1.0,M,Battery,1,0,Opert With Susp DL 2nd Offens,2,High,1
Male,25 - 45,Caucasian,0,0,0,0.0,-1.0,F,Grand Theft in the 3rd Degree,1,0,Driving License Suspended,0,High,1
Female,Greater than 45,Asian,0,0,0,0.0,-1.0,M,Battery,0,0,,0,Low,1
Female,Less than 25,Native American,0,0,0,1.0,-1.0,F,Possession Burglary Tools,1,0,Opert With Susp DL 2nd Offens,1,High,0
Male,Less than 25,African-American,0,0,0,5.0,0.0,F,Driving While License Revoked,1,0,,5,Medium,1
Male,25 - 45,Native American,0,0,0,3.0,6.643997651673146,F,Deliver Cocaine,0,0,,3,High,0
Male,25 - 45,Caucasian,0,0,0,1.0,0.0,M,Battery on Law Enforc Officer,1,0,Susp Drivers Lic 1st Offense,1,Low,1
Female,Greater than 45,African-American,0,0,0,0.0,-1.0,M,Prowling/Loitering,0,0,,0,Medium,0
Female,25 - 45,Hispanic,0,0,0,0.0,-1.0,M,Battery,0,0,,0,Low,0
Male,Greater than 45,African-American,0,0,0,0.0,-1.0,M,DUI Blood Alcohol Above 0.20,0,0,,0,Low,0
Male,Less than 25,Hispanic,0,0,0,0.0,-1.0,F,Battery,1,0,Unlaw LicTag/Sticker Attach,0,Low,1
Female,Greater than 45,Native American,0,0,0,1.0,0.0,M,Battery,0,0,,1,Low,0
Female,25 - 45,Hispanic,0,0,0,13.0,-1.0,F,Deliver Cannabis,1,1,Resist/Obstruct W/O Violence,13,High,1
Male,Less than 25,African-American,0,0,0,1.0,-1.0,F,Aggravated Assault W/Dead Weap,1,1,Battery,1,Low,1
Male,Greater than 45,Asian,0,0,0,1.0,-1.0,F,Prowling/Loitering,0,0,,1,Low,0
Male,Greater than 45,Asian,0,0,1,2.0,-1.0,F,Driving License Suspended,1,0,Driving License Suspended,2,Low,1
Male,Greater than 45,Hispanic,0,0,0,0.0,-1.0,F,Grand Theft in the 3rd Degree,0,0,,0,Low,0
Male,Greater than 45,Caucasian,0,0,0,5.0,-1.0,M,DUI - Enhanced,0,0,,5,Low,1
Male,25 - 45,Asian,0,0,3,12.0,0.0,F,Possession Of Alprazolam,1,1,False Imprisonment,12,Medium,1
Male,Greater than 45,Caucasian,0,0,0,0.0,-1.0,M,Battery,0,0,,0,Low,0
Male,Greater than 45,Asian,0,0,0,1.0,-1.0,F,Grand Theft in the 3rd Degree,0,0,,1,Low,0
Female,Greater than 45,Caucasian,0,0,0,1.0,-1.0,M,Battery,1,0,Resist/Obstruct W/O Violence,1,Low,1
Female,Greater than 45,African-American,0,0,0,1.0,-1.0,M,Battery,1,0,Driving License Suspended,1,Low,1
Male,Less than 25,African-American,0,0,0,5.0,0.0,M,Battery,0,0,,5,Medium,0
Female,25 - 45,Hispanic,0,1,3,4.0,-1.0,M,Battery,1,0,Susp Drivers Lic 1st Offense,4,Low,1
Male,25 - 45,Hispanic,0,0,0,0.0,-1.0,F,Poss Pyrrolidinovalerophenone,1,1,False Imprisonment,0,High,1
Female,Less than 25,African-American,0,0,0,0.0,-1.0,F,Grand Theft in the 3rd Degree,0,0,,0,High,0
Female,25 - 45,Caucasian,0,0,1,16.842500700651758,-1.0,F,Grand Theft Dwell Property,1,0,Petit Theft,17,High,1
Male,25 - 45,African-American,0,0,0,0.0,-4.0,M,Battery,0,0,,0,Low,0
Male,25 - 45,Other,0,0,0,0.0,0.0,F,Crim Use of Personal ID Info,0,0,,0,Low,0
Female,25 - 45,Caucasian,0,0,0,1.0,-2.0,M,Driving Under The Influence,1,0,Susp Drivers Lic 1st Offense,1,Low,1
Female,Greater than 45,Asian,0,0,0,2.0,-1.0,F,Driving License Suspended,0,0,,2,Low,0
Male,25 - 45,Native American,0,0,0,1.0,-1.0,M,Battery,0,0,,1,Low,0
Male,25 - 45,Asian,0,0,0,0.0,-1.0,F,Deliver Cannabis,0,0,,0,Medium,0
Male,25 - 45,Hispanic,0,0,0,1.0,0.0,M,Driving Under The Influence,1,0,Driving License Suspended,1,Low,0
Male,Greater than 45,Asian,0,0,0,0.0,0.0,M,Battery,0,0,,0,Low,1
Male,25 - 45,Caucasian,0,0,0,0.0,-2.0,F,Possession of Cocaine,0,0,,0,Low,0
Male,Greater than 45,African-American,0,0,0,1.0,-1.0,F,Burglary Structure Unoccup,1,0,Operating W/O Valid License,1,Medium,1
Female,Less than 25,Hispanic,0,0,0,20.0,-1.0,F,Battery on Law Enforc Officer,1,1,Child Abuse,20,High,1
Male,Greater than 45,Hispanic,0,0,0,2.0,-23.0,F,Crimin Mischief Damage $1000+,0,0,,2,Low,0
Female,Less than 25,African-American,0,0,0,2.0,-15.015444726366816,F,Deliver Cocaine,0,0,,2,Low,0
Female,Less than 25,Asian,2,0,0,6.0,-1.0,M,Driving License Suspended,1,0,Opert With Susp DL 2nd Offens,6,High,1
Female,Greater than 45,Hispanic,0,0,0,3.0,0.0,F,Possession of Cocaine,0,0,,3,Low,0
Female,Less than 25,Caucasian,1,0,1,7.0,-1.0,F,Felony Battery (Dom Strang),1,0,Susp Drivers Lic 1st Offense,7,Medium,1
Male,25 - 45,Native American,0,0,0,0.0,0.0,M,Battery,1,0,,0,Low,1
Male,25 - 45,Hispanic,0,0,1,1.0,-1.0,F,Burglary Conveyance Unoccup,1,0,Drink/Premises Licensed Estab,1,Medium,1
Male,Greater than 45,Caucasian,0,0,0,0.0,-1.0,M,Battery,0,0,,0,Low,0
Male,25 - 45,Other,0,0,0,5.0,-1.0,M,Operating W/O Valid License,1,0,Operating W/O Valid License,5,High,1
Female,25 - 45,Caucasian,0,0,0,0.0,-1.0,F,Felony Batt(Great Bodily Harm),0,0,,0,Low,0
Female,Greater than 45,Caucasian,0,0,1,1.0,-1.0,F,"Poss3,4 Methylenedioxymethcath",0,0,,1,High,0
Female,Greater than 45,Hispanic,0,0,0,1.0,-1.0,F,Deliver Cocaine,0,0,,1,Low,0
Male,Greater than 45,Asian,0,0,0,0.0,-1.0,M,Battery,0,0,,0,Low,0
Male,Greater than 45,Hispanic,0,0,0,0.0,-1.0,F,Possession of Oxycodone,0,0,,0,Low,0
Male,Less than 25,Native American,0,0,0,0.0,-1.0,F,Grand Theft in the 3rd Degree,0,0,,0,Medium,0
Female,25 - 45,African-American,0,0,0,4.0,-30.0,F,Felony Battery w/Prior Convict,0,0,,4,Low,0
Female,25 - 45,Hispanic,0,0,0,0.0,-1.0,F,Possession of Cocaine,0,0,,0,Low,0
Female,25 - 45,African-American,0,0,0,2.0,0.0,F,Aggravated Assault W/Dead Weap,0,0,,2,Medium,0
Female,25 - 45,Native American,0,0,0,5.0,-4.0,F,Possession of Cocaine,0,0,,5,Low,0
Female,Less than 25,African-American,0,0,0,1.0,-1.0,F,False Imprisonment,0,0,,1,Low,0
Female,Greater than 45,Native American,0,1,0,15.0,0.0,F,Operating W/O Valid License,1,0,Fail Register Vehicle,15,High,1
Female,Greater than 45,Other,0,0,0,7.0,-1.0,F,Possession Burglary Tools,0,0,,7,Low,0
Female,Greater than 45,African-American,0,0,0,0.0,-2.0,M,Aggravated Assault w/Firearm,0,0,,0,Medium,0
Male,Less than 25,Caucasian,0,1,3,14.0,0.0,F,Pos Cannabis W/Intent Sel/Del,1,0,Felon in Pos of Firearm or Amm,14,High,1
Male,Greater than 45,Caucasian,0,0,0,5.0,-1.0,F,Possession of Oxycodone,1,0,Resist/Obstruct W/O Violence,5,Low,1
Female,Greater than 45,African-American,0,0,0,3.0,-1.0,M,Driving License Suspended,1,0,Opert With Susp DL 2nd Offens,3,Low,1
Male,Less than 25,Asian,0,0,0,1.0,-1.0,F,Crim Use of Personal ID Info,1,0,Operating W/O Valid License,1,Low,0
Male,25 - 45,Caucasian,0,1,0,0.0,-1.0,M,Driving Under The Influence,1,0,Susp Drivers Lic 1st Offense,0,Medium,1
Male,25 - 45,Caucasian,0,0,0,1.0,-13.0,F,Possession of Cocaine,0,0,,1,Medium,0
Female,Less than 25,Hispanic,0,0,0,0.0,0.0,F,Agg Battery Grt/Bod/Harm,0,0,,0,Low,0
Male,Less than 25,Caucasian,0,0,4,5.0,-1.0,F,Deliver Cannabis,1,0,Susp Drivers Lic 1st Offense,5,Medium,1
Female,Greater than 45,Asian,0,0,0,11.0,-1.0,M,Resist Officer w/Violence,0,0,,11,Medium,0
Male,25 - 45,African-American,0,0,0,0.0,-1.0,F,Pos Cannabis W/Intent Sel/Del,0,0,,0,Medium,0
Male,Greater than 45,Hispanic,0,0,0,4.0,9.305205814399592,M,Leave Acc/Attend Veh/More $50,1,0,Susp Drivers Lic 1st Offense,4,High,1
Female,Greater than 45,African-American,0,0,0,2.0,-1.0,F,Grand Theft in the 3rd Degree,0,0,,2,Medium,0
Female,25 - 45,Asian,0,0,0,4.0,-1.0,F,Burglary Conveyance Unoccup,1,0,Opert With Susp DL 2nd Offens,4,Low,1
Male,25 - 45,Other,0,0,0,1.0,-15.054190460424271,M,DUI Level 0.15 Or Minor In Veh,0,0,,1,Low,0
Male,Less than 25,African-American,0,0,0,13.0,-1.0,F,Possession of Cocaine,1,0,,13,High,1
Female,Greater than 45,African-American,0,0,0,0.0,-1.0,M,Battery,0,0,Resist/Obstruct W/O Violence,0,Low,0
Female,25 - 45,Caucasian,0,0,0,8.0,-23.0,F,Criminal Mischief Damage <$200,1,0,Resist/Obstruct W/O Violence,8,Medium,0
Male,25 - 45,Other,0,0,0,2.0,-1.0,F,Grand Theft in the 3rd Degree,0,0,,2,High,0
Female,25 - 45,Asian,0,0,0,2.0,-1.0,M,Battery,0,0,,2,Low,0
Female,25 - 45,Caucasian,0,0,0,0.0,-1.0,F,Battery,0,0,,0,Low,0
Female,Greater than 45,Other,0,0,0,1.0,0.0,M,Aggrav Battery w/Deadly Weapon,0,0,,1,Medium,0
Female,Greater than 45,Native American,0,0,0,0.0,-1.0,M,Battery,0,0,Susp Drivers Lic 1st Offense,0,High,1
Male,25 - 45,Asian,0,0,0,1.0,-1.0,M,Unlaw LicTag/Sticker Attach,0,0,,1,Low,0
Male,Less than 25,Asian,0,1,0,6.0,-1.0,F,Poss Pyrrolidinovalerophenone,1,1,False Imprisonment,6,High,1
Female,Greater than 45,Caucasian,0,0,0,5.0,0.0,F,Tamper With Witness/Victim/CI,1,0,,5,Medium,1
Male,Greater than 45,Caucasian,0,0,0,1.0,-22.0,F,Cruelty Toward Child,0,0,,1,Low,0
Male,Less than 25,Hispanic,0,0,0,6.0,0.0,M,Possession Of Alprazolam,0,0,,6,Low,0
Female,25 - 45,Native American,0,0,0,2.0,-1.0,F,Unauth Poss ID Card or DL,0,0,,2,Low,0
Male,Greater than 45,Native American,0,0,0,0.0,-1.0,M,Resist/Obstruct W/O Violence,0,0,Driving License Suspended,0,Low,1
Male,25 - 45,Native American,0,0,0,2.0,-1.0,F,False Imprisonment,0,0,,2,Medium,0
Male,25 - 45,Hispanic,0,0,0,2.0,0.0,F,Burglary Conveyance Unoccup,1,1,Battery,2,Low,1
Male,Less than 25,Other,0,0,1,0.0,0.0,F,Pos Cannabis W/Intent Sel/Del,0,0,Susp Drivers Lic 1st Offense,0,Medium,1
Male,Less than 25,Other,0,0,0,0.0,0.0,M,Battery,0,0,,0,Low,0
Male,Less than 25,Asian,0,0,0,1.0,-21.0,M,Criminal Mischief,0,0,,1,Low,0
Female,Greater than 45,Hispanic,0,0,0,0.0,-3.0,F,Possession of Cocaine,0,0,,0,Low,0
Male,Greater than 45,African-American,0,0,0,2.0,-1.0,F,Grand Theft in the 3rd Degree,1,1,False Imprisonment,2,Medium,1
Female,25 - 45,Native American,0,0,0,0.0,-1.0,F,Grand Theft (Motor Vehicle),1,0,Opert With Susp DL 2nd Offens,0,Low,1
Female,Greater than 45,Caucasian,0,0,2,0.0,-3.0,F,Grand Theft in the 3rd Degree,0,0,,0,Low,0
Male,Less than 25,Other,0,0,0,0.0,0.0,M,DUI Property Damage/Injury,0,0,,0,Low,0
Male,Less than 25,Other,0,0,0,1.0,-1.0,M,Prowling/Loitering,1,0,Operating W/O Valid License,1,High,1
Male,Greater than 45,Hispanic,0,0,0,0.0,-1.0,F,Burglary Unoccupied Dwelling,1,0,Driving License Suspended,0,High,1
Male,Less than 25,African-American,0,0,0,1.0,-1.0,F,Driving While License Revoked,0,0,,1,Low,0
Male,Less than 25,African-American,0,0,0,2.0,-1.0,M,Battery,1,0,Opert With Susp DL 2nd Offens,2,Low,0
Female,Greater than 45,Hispanic,0,0,0,1.0,-1.0,M,DUI Property Damage/Injury,0,0,,1,Low,0
Male,25 - 45,Native American,0,0,0,3.0,-1.0,M,Battery,0,0,,3,Medium,1
Female,Less than 25,African-American,0,0,0,0.0,0.0,M,DUI - Enhanced,0,0,,0,Low,0
Male,Greater than 45,Native American,0,0,0,0.0,0.0,F,Child Abuse,0,0,,0,Low,0
Male,Less than 25,Hispanic,0,0,0,0.0,-2.0,F,Possession of Cocaine,0,0,,0,Low,1
Male,25 - 45,Asian,0,0,0,7.0,-1.0,F,Aggravated Assault W/dead Weap,1,0,Resist/Obstruct W/O Violence,7,Medium,1
Male,Less than 25,Hispanic,0,0,0,3.0,-1.0,F,Burglary Unoccupied Dwelling,1,0,Driving License Suspended,3,Medium,1
Male,Greater than 45,Other,0,0,0,4.0,-1.0,M,Aggravated Assault w/Firearm,1,0,Opert With Susp DL 2nd Offens,4,Low,1
Male,25 - 45,Asian,0,0,0,0.0,-1.0,F,"Poss3,4 Methylenedioxymethcath",0,0,,0,Low,0
Female,25 - 45,Native American,0,0,0,1.0,-1.0,F,Pos Cannabis W/Intent Sel/Del,1,0,Fail Register Vehicle,1,High,1
Male,25 - 45,Caucasian,0,0,0,3.0,20.599627940844854,F,False Imprisonment,1,1,Battery,3,Medium,1
Male,Greater than 45,Hispanic,0,0,0,0.0,-1.0,M,Battery,1,1,Battery,0,Low,0
Male,Less than 25,Native American,0,0,0,11.0,0.0,F,False Ownership Info/Pawn Item,1,0,Resist/Obstruct W/O Violence,11,Medium,1
Male,25 - 45,African-American,0,0,0,0.0,-1.0,M,Battery,0,0,,0,Low,0
Male,Greater than 45,Native American,0,0,0,2.0,-1.0,M,Battery,1,0,Fail Register Vehicle,2,Medium,1
Female,Greater than 45,Asian,0,0,0,0.0,-1.0,F,False Ownership Info/Pawn Item,1,0,Drinking Alch Beverage In Open,0,Medium,1
Male,Greater than 45,Native American,0,0,0,1.0,-12.0,F,Possession of Cocaine,0,0,,1,Low,0
Male,25 - 45,Asian,0,0,2,0.0,-1.0,F,Grand Theft (Motor Vehicle),0,1,Battery,0,Medium,1
Male,25 - 45,Caucasian,0,0,0,1.0,-1.0,M,Battery,0,0,Opert With Susp DL 2nd Offens,1,Low,0
Female,25 - 45,Caucasian,0,1,0,3.0,-1.0,M,Battery,1,0,,3,Medium,1
Male,25 - 45,Asian,0,0,0,4.0,-1.0,F,Poss Cocaine/Intent To Del/Sel,0,0,,4,Low,0
Male,Greater than 45,Hispanic,0,0,0,1.0,0.0,F,Pos Cannabis W/Intent Sel/Del,1,0,Susp Drivers Lic 1st Offense,1,High,1
Female,Greater than 45,Hispanic,0,0,0,0.0,-1.0,F,Possession of Cocaine,0,0,Unlaw LicTag/Sticker Attach,0,Medium,1
Female,Greater than 45,Native American,0,0,0,0.0,0.0,M,Battery,0,0,,0,Low,0
Male,25 - 45,Hispanic,0,0,0,0.0,-1.0,F,Burglary Conveyance Unoccup,1,0,Drinking Alch Beverage In Open,0,Low,1
Male,25 - 45,Other,0,0,0,0.0,-1.0,F,Fleeing Or Attmp Eluding A Leo,1,0,Operating W/O Valid License,0,Low,1
Male,Less than 25,Asian,0,0,0,2.0,-15.0,M,Resist/Obstruct W/O Violence,1,0,Resist/Obstruct W/O Violence,2,Low,1
Female,25 - 45,African-American,1,1,0,6.0,-1.0,F,Robbery / No Weapon,1,0,Driving License Suspended,6,High,1
Female,25 - 45,African-American,0,0,0,1.0,-1.0,M,Battery,0,0,,1,Low,0
Female,25 - 45,Hispanic,0,0,0,5.0,0.0,M,Driving License Suspended,1,0,,5,Medium,0
Male,Less than 25,Native American,0,0,0,0.0,-1.0,F,Possession of Cocaine,0,0,,0,High,0
Male,Greater than 45,Other,0,0,0,0.0,-3.0,M,Lve/Scen/Acc/Veh/Prop/Damage,0,0,,0,Low,0
Male,25 - 45,African-American,0,0,0,0.0,-1.0,M,Driving Under The Influence,1,0,,0,Medium,0
Female,25 - 45,African-American,0,0,0,1.0,0.0,F,"Poss3,4 Methylenedioxymethcath",1,0,Resist/Obstruct W/O Violence,1,Low,0
Female,Greater than 45,Other,0,0,0,0.0,0.0,F,"Poss3,4 Methylenedioxymethcath",0,0,,0,Low,0
Female,Greater than 45,Other,0,0,0,0.0,0.0,M,Viol Injunct Domestic Violence,0,0,,0,Low,0
Female,25 - 45,African-American,2,0,0,17.0,-7.055846008129333,F,Possession of Cocaine,1,0,Eng/Bus/Contract W/O License,17,High,1
Female,Less than 25,Other,0,1,0,4.0,-1.0,F,Petit Theft,0,0,,4,Low,0
Male,Greater than 45,Caucasian,0,0,0,1.0,0.0,M,Battery,0,0,,1,Medium,0
Male,Less than 25,African-American,2,0,0,23.0,29.999886715051858,M,Possess Cannabis/20 Grams Or Less,1,1,False Imprisonment,23,Medium,1
Male,25 - 45,Caucasian,0,0,0,0.0,-2.0,M,Driving Under The Influence,0,0,,0,Low,0
Female,Greater than 45,Hispanic,0,0,0,3.0,0.0,M,Driving Under The Influence,1,0,,3,Medium,0
Male,25 - 45,Native American,0,0,0,6.0,-1.0,F,Felony Petit Theft,1,1,Child Abuse,6,Medium,1
Female,Less than 25,Hispanic,0,0,0,5.0,-1.0,F,Aggrav Battery w/Deadly Weapon,1,0,Operating W/O Valid License,5,High,1
Female,Greater than 45,African-American,1,1,2,4.0,-1.0,F,Possession Of Paraphernalia,0,0,,4,High,0
Male,Less than 25,Other,0,0,0,0.0,-1.0,F,Cruelty Toward Child,0,0,Driving License Suspended,0,Low,0
Male,Greater than 45,African-American,0,0,0,1.0,-8.0,F,Aggravated Assault w/Firearm,1,0,Fail Register Vehicle,1,Low,0
Male,Greater than 45,African-American,0,0,0,1.0,-10.0,F,Child Abuse,0,0,,1,Low,0
Female,Less than 25,African-American,0,0,0,1.0,-5.0,M,Poss Of Controlled Substance,1,0,,1,Low,0
Female,Less than 25,Caucasian,0,0,0,0.0,-1.0,F,Felony Driving While Lic Suspd,0,0,,0,Low,0
Female,Less than 25,African-American,0,0,0,3.0,-1.0,M,Battery on Law Enforc Officer,0,0,,3,Medium,0
Female,Less than 25,African-American,0,0,0,1.0,-1.0,F,Unlaw LicTag/Sticker Attach,1,0,Driving License Suspended,1,Low,1
Male,Less than 25,Other,0,0,0,3.0,-1.0,F,Grand Theft (Motor Vehicle),0,0,,3,Medium,0
Male,25 - 45,Native American,0,0,0,0.0,-1.0,F,Grand Theft in the 3rd Degree,0,0,,0,Medium,0
Male,Less than 25,Asian,0,0,0,0.0,-1.0,M,Battery,0,0,,0,Medium,0
Male,Less than 25,Native American,0,0,0,1.0,0.0,M,Possess Cannabis/20 Grams Or Less,1,0,Operating W/O Valid License,1,Low,1
Male,Greater than 45,Native American,0,0,0,0.0,-1.0,M,Leaving Acc/Unattended Veh,0,0,,0,Medium,0
Male,Less than 25,Asian,0,1,0,22.078689811618535,-1.0,F,"Poss3,4 Methylenedioxymethcath",1,0,,22,Medium,0
Female,25 - 45,Hispanic,0,0,0,7.0,-1.0,F,Battery,1,1,False Imprisonment,7,Low,1
Female,Greater than 45,Other,0,0,0,2.0,-1.0,M,Viol Injunct Domestic Violence,1,0,Opert With Susp DL 2nd Offens,2,Low,1
Female,Less than 25,Other,0,0,0,4.0,0.0,M,Battery,1,0,,4,Low,1
Female,25 - 45,Caucasian,0,0,0,1.0,-1.0,F,Felony Driving While Lic Suspd,0,0,,1,Medium,0
Female,Greater than 45,Native American,0,0,0,0.0,-1.0,M,Battery,0,0,,0,Low,0
Male,Greater than 45,Other,0,0,0,4.0,0.0,F,Cruelty Toward Child,0,0,,4,High,0
Female,Less than 25,Native American,0,0,0,10.0,0.0,F,Possession of Cocaine,0,0,Driving License Suspended,10,High,1
Male,25 - 45,Hispanic,0,0,0,5.0,-1.0,F,Neglect Child / No Bodily Harm,1,0,Susp Drivers Lic 1st Offense,5,Medium,1
Male,25 - 45,African-American,2,0,0,13.0,-1.0,F,Possession of Cocaine,0,0,,13,High,0
Male,25 - 45,Native American,0,0,0,8.0,29.021652673383194,F,Leave Acc/Attend Veh/More $50,1,0,Susp Drivers Lic 1st Offense,8,High,1
Male,Less than 25,Hispanic,0,0,0,8.0,-1.0,M,Criminal Mischief,1,0,Felony Petit Theft,8,Medium,1
Female,Less than 25,Hispanic,0,0,6,3.0,-1.0,M,Battery,0,0,,3,Medium,0
Male,Less than 25,African-American,0,0,0,5.0,-1.0,F,Felony Battery w/Prior Convict,0,0,,5,Medium,0
Male,Greater than 45,Caucasian,0,0,0,1.0,-1.0,M,Battery,0,0,,1,Low,0
Male,Greater than 45,Asian,0,0,0,0.0,-1.0,F,Grand Theft (Motor Vehicle),1,0,Operating W/O Valid License,0,High,1
Male,Greater than 45,Asian,1,0,0,1.0,-20.917203040384734,F,Child Abuse,0,0,,1,Low,0
Male,25 - 45,Caucasian,0,1,1,7.0,-1.0,M,Battery,1,0,Susp Drivers Lic 1st Offense,7,High,1
Male,Less than 25,Other,0,0,0,0.0,-1.0,M,Unlaw LicTag/Sticker Attach,0,0,,0,Low,0
Male,25 - 45,Asian,0,0,0,0.0,-1.0,M,DUI Property Damage/Injury,0,0,,0,Low,0
Male,25 - 45,Other,0,0,1,5.0,-1.0,M,Carrying Concealed Firearm,0,0,,5,Medium,0
Male,Less than 25,Asian,0,0,0,4.0,-30.0,F,Possession Of Alprazolam,0,0,,4,High,0
Male,Less than 25,Caucasian,0,0,0,2.0,-11.866398705526482,F,Possession Burglary Tools,0,0,,2,Low,0
Female,Less than 25,Native American,0,0,0,4.0,0.0,F,Resist Officer w/Violence,0,0,,4,Medium,0
Female,Greater than 45,Hispanic,0,0,0,0.0,-1.0,F,Possession Burglary Tools,1,1,Battery,0,Low,1
Female,Less than 25,Native American,0,0,0,1.0,-1.0,F,Deliver Cannabis,0,0,,1,Low,0
Male,Less than 25,Asian,0,0,0,0.0,-2.0,M,Possess Cannabis/20 Grams Or Less,0,0,,0,Medium,0
Female,25 - 45,Hispanic,0,0,0,0.0,-1.0,M,Battery,0,0,,0,Medium,0
Male,Less than 25,Other,0,0,0,0.0,-1.0,M,Operating W/O Valid License,0,0,,0,Low,0
Male,Greater than 45,Hispanic,0,0,0,1.0,0.0,F,Deliver Cocaine,1,0,Resist/Obstruct W/O Violence,1,High,1
Female,Less than 25,Other,0,0,0,1.0,-1.0,F,Aggravated Battery,0,0,,1,Low,0
Male,Less than 25,Hispanic,0,0,0,11.0,-1.0,F,Driving While License Revoked,1,0,,11,Medium,1
Female,25 - 45,Hispanic,0,0,0,2.0,-1.0,M,Battery,0,0,,2,Low,0
Female,Less than 25,Hispanic,0,0,0,0.0,-1.0,F,Felony Battery (Dom Strang),1,1,Strong Armed  Robbery,0,Low,1
Female,25 - 45,Native American,0,0,0,0.0,-1.0,F,Aggravated Assault W/dead Weap,0,0,,0,Low,0
Male,Greater than 45,Other,0,0,0,1.0,-1.0,F,Carrying Concealed Firearm,0,0,,1,Low,0
Female,25 - 45,Caucasian,0,0,0,0.0,-2.0,M,Battery,1,1,Child Abuse,0,Low,1
Female,Less than 25,African-American,0,0,0,1.0,0.0,F,Robbery / No Weapon,0,0,,1,Medium,0
Female,Less than 25,Other,0,0,1,5.0,-1.0,F,Possession of Cocaine,1,1,Child Abuse,5,High,1
Male,Greater than 45,African-American,0,0,0,0.0,-4.0,F,Possession of Cannabis,0,0,,0,High,0
Male,Greater than 45,African-American,0,0,0,1.0,-1.0,F,Poss Cocaine/Intent To Del/Sel,1,1,Resist/Obstruct W/O Violence,1,Low,1
Male,25 - 45,Hispanic,0,0,0,0.0,-1.0,F,Possession of Cannabis,0,0,,0,Low,0
Male,Greater than 45,African-American,0,0,0,0.0,-1.0,M,Resist/Obstruct W/O Violence,0,0,,0,Medium,0
Female,Greater than 45,Other,0,0,0,1.0,-1.0,F,Battery on Law Enforc Officer,1,0,Operating W/O Valid License,1,Low,1
Male,25 - 45,Asian,0,0,0,2.0,-1.0,F,Possession Of Methamphetamine,0,0,,2,Low,0
Male,Greater than 45,Hispanic,0,0,0,0.0,-1.0,F,Pos Cannabis W/Intent Sel/Del,0,0,,0,Medium,0
Female,25 - 45,Caucasian,0,0,0,0.0,-1.0,F,Possession Of Methamphetamine,1,0,Resist/Obstruct W/O Violence,0,Low,1
Male,Greater than 45,African-American,0,0,0,6.0,-1.0,F,Burglary Unoccupied Dwelling,1,0,Resist/Obstruct W/O Violence,6,Medium,0
Male,Less than 25,Caucasian,0,0,0,0.0,-5.0,M,Assault,1,0,Fail Register Vehicle,0,Low,0
Male,Less than 25,Native American,0,0,0,24.0,21.949736049658213,F,Felony Petit Theft,0,0,,24,High,0
Male,25 - 45,Hispanic,0,0,0,0.0,-1.0,F,Possession of Cocaine,0,0,,0,Medium,0
Female,Greater than 45,African-American,0,0,0,4.0,0.0,F,Possession of Cocaine,0,0,,4,Low,0
Male,Greater than 45,Asian,0,1,0,2.0,-15.932613819284,F,Possession of Cocaine,1,0,,2,High,1
Female,25 - 45,Hispanic,0,0,0,2.0,0.0,M,Disorderly Intoxication,0,0,,2,Medium,0
Male,Less than 25,Caucasian,0,0,0,1.0,-1.0,M,Battery,0,0,,1,Low,0
Female,25 - 45,Native American,0,0,0,0.0,-1.0,M,Battery,1,0,Fail Register Vehicle,0,Medium,1
Male,25 - 45,Other,0,0,0,4.0,-1.0,M,Battery,0,0,,4,High,0
Female,25 - 45,Caucasian,0,0,0,2.0,-1.0,F,Possession of Cannabis,0,0,,2,Low,0
Male,25 - 45,Other,0,0,0,3.0,-1.0,M,Battery,0,0,,3,Low,0
Male,Greater than 45,Caucasian,0,0,0,1.0,-1.0,F,False Imprisonment,0,0,,1,Low,0
Male,Greater than 45,Native American,0,0,0,7.0,-1.0,F,False Imprisonment,1,0,Driving License Suspended,7,High,1
Female,25 - 45,Hispanic,0,0,0,3.0,-1.0,F,Possession of Cannabis,1,0,Resist/Obstruct W/O Violence,3,Medium,1
Male,25 - 45,African-American,1,0,0,1.0,-1.0,F,Poss Cocaine/Intent To Del/Sel,1,0,Opert With Susp DL 2nd Offens,1,Medium,1
Female,25 - 45,Native American,0,0,0,1.0,-1.0,M,Battery,0,0,,1,Low,0
Male,Greater than 45,Caucasian,0,0,0,1.0,-1.0,F,Dealing in Stolen Property,0,0,,1,Low,0
Male,Greater than 45,Native American,0,0,0,21.07058527288591,-1.0,F,Felony Petit Theft,1,0,Resist/Obstruct W/O Violence,21,High,1
Male,25 - 45,Caucasian,0,0,0,0.0,-1.0,M,Driving Under The Influence,0,0,,0,Low,0
Male,25 - 45,Other,0,0,0,26.871239283148718,-8.573705305608769,M,Burglary Dwelling Assault/Batt,0,0,,26,High,0
Male,Greater than 45,Asian,0,0,2,8.0,0.0,F,Felony Driving While Lic Suspd,1,0,,8,Medium,1
Female,Less than 25,African-American,0,0,0,1.0,-2.0,F,Deliver Cocaine,0,0,,1,Low,0
Male,25 - 45,Hispanic,0,1,0,11.0,-1.0,F,Agg Battery Grt/Bod/Harm,1,0,Fail Register Vehicle,11,High,1
Male,25 - 45,African-American,0,0,0,1.0,-1.0,M,Battery,0,0,,1,Low,0
Female,25 - 45,Native American,0,1,1,1.0,-1.0,F,Unauth Poss ID Card or DL,1,0,Petit Theft,1,Low,1
Male,Less than 25,African-American,0,0,0,0.0,-1.0,F,Grand Theft in the 3rd Degree,0,0,,0,Low,0
Male,Greater than 45,Native American,0,0,0,2.0,-18.728356157380887,F,Possession Of Methamphetamine,0,0,,2,Low,0
Male,Greater than 45,Hispanic,0,0,0,3.0,-1.0,M,Battery,1,1,Resist/Obstruct W/O Violence,3,Medium,1
Female,Less than 25,Hispanic,0,0,0,3.0,-1.0,F,Poss Cocaine/Intent To Del/Sel,1,0,Operating W/O Valid License,3,Low,1
Female,25 - 45,Native American,0,0,0,0.0,-1.0,F,Grand Theft (Motor Vehicle),0,0,,0,Low,0
Male,25 - 45,Native American,0,0,0,1.0,0.0,F,Grand Theft in the 3rd Degree,1,0,Operating W/O Valid License,1,Medium,1
Female,Greater than 45,Hispanic,0,1,1,8.0,0.0,F,Grand Theft Dwell Property,0,0,Harass Witness/Victm/Informnt,6,High,1
Male,25 - 45,Caucasian,0,0,0,8.0,-1.0,F,Felony Battery (Dom Strang),0,0,,8,Low,0
Female,Greater than 45,African-American,0,0,0,1.0,-12.0,F,Possession Of Heroin,0,0,,1,Medium,0
Male,Less than 25,African-American,0,0,0,2.0,-1.0,M,Burglary Dwelling Assault/Batt,0,0,,2,Low,0
Female,25 - 45,Caucasian,0,0,0,1.0,-4.0,M,Driving Under The Influence,0,0,,1,Low,0
Female,25 - 45,Caucasian,0,0,0,5.0,-1.0,F,Aggravated Assault W/dead Weap,0,0,,5,Medium,0
Female,25 - 45,Native American,0,0,0,0.0,0.0,F,Burglary Unoccupied Dwelling,1,0,Operating W/O Valid License,0,Medium,1
Male,Less than 25,African-American,0,0,0,0.0,0.0,M,Battery,0,0,,0,Low,0
Male,Less than 25,Other,0,0,0,0.0,-1.0,M,Battery,0,0,,0,Medium,0
Female,Greater than 45,Other,0,0,0,2.0,0.0,F,Possession of Cocaine,1,0,Susp Drivers Lic 1st Offense,2,High,1
Female,Less than 25,Asian,0,0,0,0.0,-1.0,F,Tampering With Physical Evidence,1,0,Resist/Obstruct W/O Violence,0,Low,1
Male,Greater than 45,Hispanic,0,0,0,1.0,-26.0,F,Grand Theft in the 3rd Degree,1,0,Driving License Suspended,1,Medium,1
Male,25 - 45,African-American,0,1,0,4.0,0.0,F,Crimin Mischief Damage $1000+,1,1,Robbery / Weapon,4,High,1
Male,Greater than 45,Other,0,0,0,3.0,0.0,F,Possession of Cocaine,1,0,Resist/Obstruct W/O Violence,3,Medium,1
Male,Greater than 45,Hispanic,0,1,0,10.0,-1.0,F,Possession of Cocaine,1,0,Driving License Suspended,10,High,1
Male,25 - 45,Native American,0,1,0,15.0,0.0,F,Driving While License Revoked,1,1,Battery,15,Medium,1
Male,Less than 25,Asian,0,1,0,9.0,-16.45605981856501,F,Susp Drivers Lic 1st Offense,0,0,,9,Medium,0
Male,25 - 45,Native American,0,0,1,8.0,-1.0,F,Aggravated Battery / Pregnant,0,0,,8,Low,0
Male,Less than 25,Asian,0,0,2,2.0,-1.0,M,Grand Theft in the 3rd Degree,1,0,Driving License Suspended,2,Medium,1
Female,Greater than 45,African-American,0,0,0,2.0,0.0,M,Criminal Mischief Damage <$200,1,0,Susp Drivers Lic 1st Offense,2,High,1
Female,Less than 25,Caucasian,0,0,0,3.0,-1.0,F,Burglary Conveyance Unoccup,1,0,Susp Drivers Lic 1st Offense,3,Medium,1
Male,Greater than 45,Asian,0,0,0,0.0,-1.0,F,Deliver Cannabis,0,0,,0,Medium,0
Female,Less than 25,African-American,0,0,0,1.0,0.0,F,Aggravated Battery / Pregnant,1,1,False Imprisonment,1,Low,1
Female,Less than 25,Caucasian,0,0,0,1.0,-27.0,F,Possession of Cocaine,0,0,Resist/Obstruct W/O Violence,1,Low,0
Female,Greater than 45,Hispanic,0,0,0,2.0,-1.0,M,DUI Property Damage/Injury,1,0,Operating W/O Valid License,2,Low,1
Male,Greater than 45,Native American,0,0,0,0.0,-1.0,F,Grand Theft in the 3rd Degree,0,0,,0,Low,0
Male,Less than 25,Other,0,0,0,0.0,-1.0,F,Possession of Cocaine,1,0,Fail Register Vehicle,0,Low,1
Female,Greater than 45,Other,0,0,0,23.0,-1.0,F,Felony Petit Theft,1,0,Operating W/O Valid License,22,Low,1
Male,Less than 25,Hispanic,0,0,0,2.0,-1.0,M,Possession of Cannabis,0,0,Opert With Susp DL 2nd Offens,2,Low,0
Female,Less than 25,Native American,0,0,0,4.0,0.0,F,Possession of Cannabis,0,0,,4,Low,0
Female,25 - 45,Hispanic,0,0,0,1.0,-1.0,M,Battery,1,0,Operating W/O Valid License,1,Medium,1
Female,Greater than 45,Asian,0,0,0,0.0,-1.0,M,Battery,0,0,,0,Low,0
Male,25 - 45,Hispanic,0,0,0,0.0,-1.0,F,Felony Driving While Lic Suspd,0,0,,0,Medium,0
Male,Greater than 45,Caucasian,0,0,1,0.0,-1.0,M,Possess Cannabis/20 Grams Or Less,0,0,,0,Medium,0
Female,Less than 25,Native American,0,0,0,1.0,-1.0,F,Robbery / No Weapon,0,0,,1,Low,0
Male,Greater than 45,African-American,0,1,0,24.0,0.0,F,Driving While License Revoked,1,1,Robbery / Weapon,24,High,1
Male,25 - 45,Native American,0,0,0,3.0,-4.0,F,Grand Theft in the 3rd Degree,0,0,,3,Medium,0
Female,Less than 25,Hispanic,0,0,0,0.0,-1.0,F,Felony Batt(Great Bodily Harm),1,0,Driving License Suspended,0,Low,1
Male,25 - 45,Caucasian,0,0,0,2.0,0.0,F,"Poss 3,4 MDMA (Ecstasy)",1,1,Battery,2,Medium,1
Male,Less than 25,Caucasian,0,0,0,0.0,0.0,M,Driving Under The Influence,0,0,,0,Low,0
Female,25 - 45,Caucasian,0,0,2,1.0,-1.0,F,Possession of Cannabis,1,0,Fail Register Vehicle,1,Low,1
Male,25 - 45,Caucasian,0,1,1,4.0,-1.0,F,Neglect Child / No Bodily Harm,1,0,,4,High,1
Female,Greater than 45,Hispanic,0,0,0,0.0,-1.0,M,Battery,0,0,,0,Low,0
Female,Greater than 45,Hispanic,0,0,2,1.0,-1.0,M,Possess Cannabis/20 Grams Or Less,0,0,,1,Low,0
Male,Less than 25,Caucasian,0,0,0,3.0,-1.0,F,Burglary Unoccupied Dwelling,1,0,Driving License Suspended,3,Low,1
Male,Greater than 45,Asian,0,0,0,1.0,0.0,F,Deliver Cannabis,0,0,,1,Medium,0
Male,Greater than 45,Other,0,0,0,0.0,-1.0,F,Dealing in Stolen Property,1,0,Unlaw LicTag/Sticker Attach,0,Low,1
Female,25 - 45,Hispanic,0,0,0,15.0,0.0,F,Viol Prot Injunc Repeat Viol,0,0,,15,High,0
Male,Less than 25,Asian,0,0,0,6.0,-1.0,M,Battery,1,0,Driving License Suspended,6,Low,1
Male,Less than 25,Hispanic,0,0,0,1.0,-2.0,F,Possession Of Methamphetamine,1,0,Fail Register Vehicle,1,Low,1
Male,Greater than 45,Asian,0,0,0,1.0,0.0,F,Grand Theft (Motor Vehicle),1,0,Resist/Obstruct W/O Violence,1,Low,1
Male,Greater than 45,African-American,1,0,0,7.0,-1.0,F,Operating W/O Valid License,1,0,,7,Medium,0
Male,25 - 45,African-American,0,0,0,6.0,-25.279843524239567,F,Carrying Concealed Firearm,0,0,,6,Low,0
Male,25 - 45,Hispanic,0,0,0,0.0,-1.0,F,Possession of Cocaine,1,0,Opert With Susp DL 2nd Offens,0,Low,1
Female,25 - 45,Hispanic,0,0,0,10.0,-1.0,M,Battery,1,1,Battery,10,Medium,1
Female,Less than 25,African-American,0,0,0,1.0,0.8954964918031258,F,Unlaw LicTag/Sticker Attach,1,0,Operating W/O Valid License,1,Low,1
Female,Greater than 45,Other,0,0,0,0.0,-1.0,M,Battery,0,0,,0,Low,0
Male,Greater than 45,Other,0,0,1,3.0,-1.0,F,Grand Theft (Motor Vehicle),1,0,Drink/Premises Licensed Estab,3,Medium,0
Male,25 - 45,African-American,0,0,1,7.0,-1.0,F,Grand Theft in the 3rd Degree,1,0,Fail Register Vehicle,7,Medium,1
Male,Greater than 45,Native American,0,0,0,0.0,-5.813310791940776,F,Dealing in Stolen Property,1,0,,0,Low,1
Male,Less than 25,Other,0,0,0,1.0,-1.0,M,Battery,1,1,Battery,1,Low,1
Male,Less than 25,Asian,0,0,0,0.0,0.0,F,Burglary Conveyance Unoccup,1,0,Resist/Obstruct W/O Violence,0,Low,1
Female,Less than 25,Native American,0,0,0,9.0,0.0,F,Robbery / No Weapon,1,1,Resist/Obstruct W/O Violence,9,Medium,1
Male,25 - 45,Hispanic,0,0,0,0.0,-1.0,F,Possession Burglary Tools,1,0,Susp Drivers Lic 1st Offense,0,Low,1
Female,Less than 25,African-American,0,0,0,0.0,0.0,F,Aggravated Battery,0,0,,0,Low,0
Male,Less than 25,African-American,0,0,0,13.0,-28.0,F,Possession of Cocaine,0,0,,13,Medium,0
Male,25 - 45,Caucasian,0,0,0,1.0,-1.0,M,Criminal Mischief Damage <$200,1,0,,1,Low,0
Male,Greater than 45,Asian,1,0,1,13.0,-1.0,M,Prowling/Loitering,1,0,Petit Theft,13,High,1
Female,Greater than 45,Native American,0,0,0,0.0,-1.0,M,Battery,1,0,,0,Low,0
Female,Greater than 45,Native American,0,0,0,1.0,-1.0,M,Prowling/Loitering,1,0,Fail Register Vehicle,1,Medium,1
Male,Greater than 45,Caucasian,0,0,0,0.0,-1.0,F,Grand Theft in the 3rd Degree,0,0,Driving License Suspended,0,Low,0
Male,Greater than 45,Asian,0,0,0,0.0,-1.0,M,Viol Injunct Domestic Violence,1,0,Resist/Obstruct W/O Violence,0,Low,1
Male,Greater than 45,African-American,0,0,0,0.0,-3.0,F,Grand Theft in the 3rd Degree,0,0,,0,Low,0
Male,Greater than 45,Other,0,0,0,1.0,-1.0,F,Grand Theft in the 3rd Degree,1,1,False Imprisonment,1,Medium,1
Female,Greater than 45,Native American,0,0,0,13.0,-1.0,F,Felony Batt(Great Bodily Harm),1,0,Resist/Obstruct W/O Violence,13,High,1
Female,25 - 45,Caucasian,0,0,0,5.0,-1.0,F,Possession of Cocaine,1,0,Operating W/O Valid License,5,High,1
