sex,age_cat,race,juv_fel_count,juv_misd_count,juv_other_count,priors_count1,days_b_screening_arrest,c_charge_degree,c_charge_desc,is_recid,is_violent_recid,r_charge_desc,priors_count2,score_text,two_year_recid
Female,25 - 45,Other,0,0,0,4.0,-1.0,F,Obstruct Officer W/Violence,1,0,Petit Theft $100- $300,4,Medium,1
Female,Greater than 45,African-American,0,0,0,0.0,-1.0,F,Grand Theft (Motor Vehicle),1,0,Possession Of Methamphetamine,0,Low,1
Female,25 - 45,African-American,0,0,0,1.0,0.0,M,DUI- Enhanced,0,0,,1,Medium,0
Male,Less than 25,African-American,0,0,0,8.0,0.0,F,"Poss Of 1,4-Butanediol",1,0,Petit Theft $100- $300,8,Medium,1
Female,25 - 45,Other,0,1,1,24.136946678546725,-1.0,M,Battery,1,0,Poss Of RX Without RX,24,High,1
Male,25 - 45,Caucasian,0,0,0,0.0,-1.0,F,Grand Theft (Motor Vehicle),1,0,,0,Medium,0
Male,25 - 45,Caucasian,0,0,2,3.0,0.0,M,Exposes Culpable Negligence,0,0,Possession Of Clonazepam,3,Medium,0
Male,Less than 25,Other,0,0,1,6.0,-1.0,M,Murder in the First Degree,1,0,DWLS Habitual Offender 2nd,6,Medium,1
Female,Less than 25,Native American,0,0,0,9.0,0.0,F,Aggravated Battery / Pregnant,1,1,Grand Theft (Motor Vehicle),9,High,1
Male,Greater than 45,Other,0,0,0,5.0,-1.0,M,Uttering Worthless Check +$150,1,0,Susp Drivers Lic 1st Offense,5,Low,1
Male,Greater than 45,African-American,0,0,0,5.0,-1.0,F,Driving While License Revoked,0,0,Unlaw LicTag/Sticker Attach,5,Low,1
Male,Less than 25,Native American,0,0,0,2.0,-1.0,M,Battery,1,0,Grand Theft (Motor Vehicle),2,Low,1
Male,25 - 45,Other,0,0,0,8.0,-1.0,F,Grand Theft of a Fire Extinquisher,1,0,Grand Theft (Motor Vehicle),8,Medium,1
Male,25 - 45,Other,0,0,0,0.0,-1.0,F,Tresspass Struct/Conveyance,0,0,,0,Low,0
Female,25 - 45,Native American,0,0,0,0.0,-1.0,F,Poss Contr Subst W/o Prescript,0,0,,0,Low,0
Female,Less than 25,Caucasian,0,0,0,2.0,-1.0,F,Grand Theft (Motor Vehicle),0,0,,2,Medium,0
Male,25 - 45,African-American,0,0,0,0.0,-1.0,M,Battery,0,0,,0,Low,0
Female,Greater than 45,Asian,0,0,0,0.0,0.0,M,Operating W/O Valid License,0,0,,0,Medium,0
Male,25 - 45,Hispanic,0,0,0,5.0,-1.0,F,Driving While License Revoked,0,0,,5,Low,0
Male,25 - 45,Caucasian,0,0,0,0.0,-4.0,F,Possession of Cocaine,0,0,,0,Low,0
Male,Less than 25,Other,0,0,0,5.0,-1.0,F,Prowling/Loitering,1,0,Possess Cannabis/20 Grams Or Less,5,High,1
Male,Greater than 45,Hispanic,0,0,0,1.0,-1.0,F,arrest case no charge,1,0,Possess Drug Paraphernalia,1,Medium,1
Female,Less than 25,African-American,0,0,0,9.0,-1.0,F,Poss of Firearm by Convic Felo,1,0,Unlaw LicTag/Sticker Attach,9,High,1
Male,25 - 45,Other,0,0,0,0.0,0.0,F,Viol Prot Injunc Repeat Viol,1,0,Unnatural/Lascivious Act,0,Low,1
Female,Less than 25,Caucasian,0,0,1,1.0,-1.0,F,Possession Of Alprazolam,1,0,Susp Drivers Lic 1st Offense,1,Low,1
Male,Greater than 45,Native American,0,0,0,0.0,-1.0,F,Harm Public Servant Or Family,1,1,Battery,0,Low,1
Female,Less than 25,Asian,0,1,0,7.0,-1.0,F,Uttering Forged Bills,1,1,Unlawful Use Of License,7,High,1
Male,25 - 45,African-American,0,0,0,10.0,-1.0,F,Possession Of Alprazolam,1,0,Unlaw LicTag/Sticker Attach,10,Low,1
Male,Less than 25,Asian,0,0,0,0.0,-1.0,M,Battery,0,0,,0,Low,0
Male,Less than 25,Caucasian,0,0,0,0.0,-1.0,M,Resist/Obstruct W/O Violence,0,0,Unnatural/Lascivious Act,0,Medium,0
Male,Less than 25,Asian,0,0,0,1.0,0.0,M,Battery,1,0,Agg Fleeing/Eluding High Speed,1,Low,1
Male,Less than 25,Caucasian,0,0,0,5.0,-1.0,F,Driving While License Revoked,1,0,Unlaw Use False Name/Identity,5,Low,1
Female,25 - 45,Hispanic,0,0,0,4.0,-9.004383850166686,M,Battery,1,0,Operating W/O Valid License,4,Medium,1
Male,25 - 45,African-American,0,0,0,0.0,-1.0,M,Battery,1,0,,0,Low,0
Male,Greater than 45,African-American,0,0,0,1.0,-1.0,M,Tresspass Struct/Conveyance,1,0,,1,Low,0
Male,Greater than 45,Asian,0,0,0,0.0,-1.0,M,Battery,0,0,,0,Low,0
Female,Greater than 45,Caucasian,0,0,0,2.0,-1.0,M,Grand Theft of a Fire Extinquisher,0,0,,2,Low,0
Female,Greater than 45,Hispanic,0,0,0,0.0,-1.0,M,Battery,1,1,Battery,0,Low,1
Male,Less than 25,Native American,0,0,0,13.0,0.0,F,Poss Of RX Without RX,1,0,Sexual Battery Victim 12 Yrs +,13,Medium,0
Female,Greater than 45,Caucasian,0,0,0,6.0,-1.0,F,Tresspass Struct/Conveyance,1,0,Possess Cannabis/20 Grams Or Less,6,Medium,1
Female,25 - 45,African-American,0,0,0,2.0,-1.0,F,arrest case no charge,0,0,,2,Medium,0
Female,Less than 25,Hispanic,0,0,0,0.0,0.0,M,DUI Property Damage/Injury,0,0,,0,Low,0
Male,Less than 25,Caucasian,0,0,0,15.0,0.0,F,Uttering Forged Bills,0,0,Fail Register Vehicle,15,Medium,0
Male,25 - 45,African-American,0,0,0,1.0,-1.0,F,arrest case no charge,0,0,,1,Low,0
Female,Less than 25,Hispanic,0,0,0,0.0,-1.0,M,Battery,0,0,,0,Low,0
Female,Greater than 45,Hispanic,0,0,0,4.0,0.0,F,Possession of Methadone,0,0,,4,Medium,0
Female,Greater than 45,Native American,0,0,0,0.0,0.0,F,False Name By Person Arrest,0,0,,0,Medium,0
Male,Greater than 45,African-American,0,0,0,3.0,-4.0,M,Operating W/O Valid License,1,0,Susp Drivers Lic 1st Offense,3,Low,1
Female,Less than 25,Other,0,0,0,0.0,-1.0,F,Tresspass Struct/Conveyance,0,0,,0,Low,0
Male,Less than 25,Caucasian,0,0,0,1.0,-2.0,M,Exposes Culpable Negligence,0,0,,1,High,0
Male,Greater than 45,Hispanic,0,0,0,2.0,0.0,M,Violation License Restrictions,0,0,,2,Medium,0
Male,25 - 45,Native American,0,0,0,4.0,-7.287572365965595,F,arrest case no charge,1,1,Unlaw Use False Name/Identity,4,High,1
Male,Greater than 45,Asian,0,0,0,0.0,-1.0,F,"Poss Of 1,4-Butanediol",1,0,Grand Theft (Motor Vehicle),0,Medium,1
Male,Less than 25,African-American,0,0,0,2.0,-1.0,F,Carry Open/Uncov Bev In Pub,0,0,,2,Low,0
Male,25 - 45,Asian,0,0,0,7.0,-1.0,F,Burglary Structure Unoccup,1,0,Possess Cannabis/20 Grams Or Less,7,Medium,1
Male,25 - 45,Caucasian,0,0,0,1.0,0.0,M,Driving Under The Influence,0,0,,1,Low,0
Female,Greater than 45,Asian,0,0,0,0.0,-1.0,M,Battery,1,0,Possess Cannabis/20 Grams Or Less,0,Low,0
Male,Less than 25,Other,0,0,0,0.0,-1.0,M,Battery,1,0,Possess Cannabis/20 Grams Or Less,0,High,1
Female,Less than 25,Asian,0,0,0,0.0,-5.0,M,Trans/Harm/Material to a Minor,1,0,Leave Acc/Attend Veh/More $50,0,Low,1
Male,Greater than 45,Other,0,0,0,7.0,-1.0,F,Harm Public Servant Or Family,1,0,Possess Cannabis/20 Grams Or Less,7,High,1
Male,25 - 45,Caucasian,0,0,0,1.0,0.0,F,Viol Prot Injunc Repeat Viol,0,0,,1,Low,1
Male,Greater than 45,Other,0,0,0,0.0,-1.0,M,Carry Open/Uncov Bev In Pub,0,0,,0,Low,0
Male,Less than 25,Native American,0,0,0,0.0,-1.0,F,Burglary Structure Unoccup,0,0,,0,Low,0
Male,25 - 45,Caucasian,0,0,0,4.0,-5.0,F,Possession of Cocaine,1,0,Susp Drivers Lic 1st Offense,4,Low,1
Female,25 - 45,Other,0,0,0,0.0,-2.0,M,DUI- Enhanced,0,0,,0,Low,0
Male,Greater than 45,Caucasian,0,0,0,2.0,-1.0,F,Uttering Worthless Check +$150,1,0,Poss Of RX Without RX,2,Medium,1
Female,25 - 45,Asian,0,0,0,0.0,-1.0,M,Battery,0,0,,0,Low,0
Male,Less than 25,African-American,0,0,0,0.0,0.0,M,Battery,0,0,,0,Low,0
Male,Less than 25,African-American,0,0,0,0.0,0.0,M,Possession of Methadone,0,0,,0,Low,0
Male,Less than 25,Other,0,0,0,7.0,-1.0,F,Resist/Obstruct W/O Violence,1,0,Agg Fleeing/Eluding High Speed,7,High,1
Male,25 - 45,Hispanic,0,0,0,0.0,-1.0,F,Possession of Codeine,0,0,,0,Medium,0
Female,Greater than 45,African-American,0,0,0,2.0,0.0,F,Felony DUI (level 3),0,0,,2,Medium,0
Female,Greater than 45,Other,0,0,0,2.0,0.0,F,Possession of Cocaine,1,0,Petit Theft $100- $300,2,Medium,1
Male,25 - 45,Asian,0,0,0,0.0,0.0,F,Grand Theft (Motor Vehicle),0,0,,0,Low,0
Female,Greater than 45,African-American,0,0,0,3.0,-1.0,F,Possession of Cocaine,0,0,,3,Medium,0
Female,Greater than 45,African-American,0,0,0,0.0,-1.0,F,Violation License Restrictions,0,0,,0,Low,0
Female,Greater than 45,Native American,2,0,0,9.0,-1.0,F,arrest case no charge,0,0,,9,High,0
Male,Greater than 45,Asian,0,0,0,0.0,0.0,F,Grand Theft (Motor Vehicle),0,0,,0,Medium,0
Male,Greater than 45,African-American,0,0,0,3.0,-1.0,M,Battery,1,0,Possession Of Alprazolam,3,Low,1
Female,Greater than 45,African-American,0,0,0,1.0,-4.0,M,Possession of Cocaine,1,0,Operating W/O Valid License,1,Low,1
Female,Less than 25,Asian,1,0,1,9.0,-9.0,M,arrest case no charge,1,1,Unlaw Pos of Prson ID of another,9,High,1
Female,Greater than 45,Caucasian,0,0,0,1.0,-11.0,F,Lewd/Lasc Battery Pers 12+/<16,0,0,,1,Low,0
Female,Less than 25,African-American,0,0,1,4.0,-1.0,F,arrest case no charge,1,0,Possession Of Alprazolam,4,Low,1
Female,25 - 45,Other,0,0,0,9.0,-20.0,F,arrest case no charge,1,0,Unlawful Use Of License,9,Low,1
Male,Less than 25,Native American,0,0,0,1.0,-1.0,M,Battery,0,0,,1,Low,0
Male,25 - 45,Asian,0,0,0,7.0,-1.0,F,Driving While License Revoked,1,0,Driving While License Revoked,7,High,1
Male,Greater than 45,Asian,0,0,0,6.0,0.0,F,Possession of Cocaine,1,0,Unlaw LicTag/Sticker Attach,6,Low,1
Female,Greater than 45,Asian,0,0,0,3.0,-1.0,M,arrest case no charge,0,0,,3,High,0
Male,Greater than 45,Native American,0,0,0,13.0,-1.0,F,Stalking (Aggravated),1,1,Burglary Conveyance Unoccup,13,High,1
Male,Less than 25,Other,0,0,0,1.0,0.0,F,Possession of Cocaine,0,0,,1,Low,0
Female,25 - 45,Hispanic,0,0,0,1.0,-2.0,M,Driving Under The Influence,1,0,Possession Of Alprazolam,1,Medium,1
Male,25 - 45,Caucasian,0,0,0,2.0,-1.0,M,arrest case no charge,0,0,,2,Low,0
Male,Greater than 45,Asian,0,2,0,9.0,-1.0,F,Refuse Submit Blood/Breath Test,1,0,Exposes Culpable Negligence,10,Medium,1
Female,Less than 25,Hispanic,0,0,0,2.0,0.0,M,DUI Property Damage/Injury,1,0,,2,Low,0
Female,Less than 25,Caucasian,0,0,0,0.0,-1.0,F,Battery,0,0,,0,Low,0
Male,Less than 25,African-American,0,0,0,2.0,0.0,F,Aggravated Battery / Pregnant,1,1,Battery,2,Medium,1
Female,Greater than 45,Native American,0,0,0,0.0,0.0,F,Grand Theft of a Fire Extinquisher,0,0,,0,Low,0
Female,Greater than 45,Asian,0,0,0,1.0,-5.0,M,Battery,1,0,Petit Theft $100- $300,1,Medium,1
Female,Greater than 45,Asian,0,0,0,0.0,-1.0,F,Aggravated Battery / Pregnant,1,0,Fail Register Vehicle,0,Low,1
Female,Less than 25,African-American,0,0,0,13.0,0.0,F,Aggravated Assault W/dead Weap,0,0,,13,High,0
Male,Greater than 45,Asian,0,0,0,0.0,-1.0,F,Viol Prot Injunc Repeat Viol,0,0,,0,Low,0
Male,25 - 45,Other,0,0,0,3.0,-1.0,F,Unl/Disturb Education/Instui,0,0,,3,Low,0
Male,25 - 45,Caucasian,0,0,0,3.0,-1.0,M,arrest case no charge,1,0,Susp Drivers Lic 1st Offense,3,Low,1
Male,25 - 45,Other,0,0,0,0.0,-7.0,M,Violation License Restrictions,0,0,,0,Low,0
Female,25 - 45,Other,0,0,0,1.0,-1.0,F,Driving While License Revoked,1,0,Felony Petit Theft,1,Medium,1
Male,25 - 45,Native American,0,0,0,0.0,-1.0,M,Battery,1,0,,0,High,0
Female,Greater than 45,Other,0,0,0,0.0,-1.0,M,Battery,0,0,,0,Low,0
Female,25 - 45,Caucasian,0,0,0,1.0,-3.0,F,Murder in the First Degree,0,0,,1,Medium,0
Female,Less than 25,Caucasian,0,0,0,1.0,-1.0,F,arrest case no charge,0,0,,1,Low,0
Female,Greater than 45,Native American,0,1,1,8.0,-1.0,F,arrest case no charge,1,0,Possess Cannabis/20 Grams Or Less,8,High,1
Female,Greater than 45,Native American,0,0,0,0.0,-1.0,M,Battery,0,0,,0,Low,0
Male,25 - 45,Asian,0,0,0,7.0,0.0,F,arrest case no charge,0,0,,7,Low,0
Female,Greater than 45,Caucasian,0,0,0,10.0,-1.0,F,arrest case no charge,1,0,Possess Cannabis/20 Grams Or Less,10,Medium,1
Female,Less than 25,African-American,0,0,0,0.0,-1.0,F,Deliver Cocaine 1000FT Church,1,0,Criminal Mischief>$200<$1000,0,Medium,0
Female,25 - 45,Native American,0,1,0,10.0,-1.0,F,arrest case no charge,1,0,Possession Burglary Tools,10,Medium,1
Female,Greater than 45,African-American,0,0,0,6.0,-1.0,M,Petit Theft,1,0,Trespass/Property/Other Structure,6,Medium,1
Male,Less than 25,Caucasian,0,0,1,2.0,-1.0,M,Purchase Cannabis,1,0,Prowling/Loitering,2,High,0
Male,25 - 45,Hispanic,0,0,0,0.0,-1.0,F,Poss of Firearm by Convic Felo,1,1,Possession Of Methamphetamine,0,Low,1
Female,Greater than 45,Caucasian,0,0,0,0.0,0.0,F,Poss Pyrrolidinovalerophenone,1,0,Possess Cannabis/20 Grams Or Less,0,Medium,1
Female,Less than 25,Native American,0,0,0,0.0,0.0,F,Agg Battery Grt/Bod/Harm,0,0,,0,Medium,0
Female,Greater than 45,Native American,0,0,0,0.0,-1.0,M,Battery,0,0,Fail Register Vehicle,0,Low,0
Male,Greater than 45,Asian,0,0,0,2.0,-28.0,F,Possession of Cocaine,1,0,Petit Theft $100- $300,2,Low,1
Male,Less than 25,Other,0,0,0,1.0,-1.0,F,arrest case no charge,0,0,,1,Low,0
Female,25 - 45,Native American,0,0,0,1.0,-1.0,M,Battery,1,1,Battery,1,Low,1
Female,25 - 45,African-American,0,0,0,2.0,-1.0,F,Burglary Conveyance Unoccup,0,0,,2,Low,0
Female,Greater than 45,African-American,0,0,0,13.0,0.0,M,Battery,1,0,Possess Cannabis/20 Grams Or Less,13,High,1
Female,Greater than 45,Hispanic,0,0,0,2.0,-1.0,F,Trans/Harm/Material to a Minor,0,0,,2,Low,0
Female,Greater than 45,African-American,0,0,0,0.0,-1.0,F,Murder in the First Degree,0,0,,0,Low,0
Female,25 - 45,Other,0,0,0,1.0,-27.0,F,Aggrav Child Abuse-Agg Battery,1,0,Criminal Mischief>$200<$1000,1,Low,1
Male,Greater than 45,Hispanic,0,0,0,9.0,0.0,F,arrest case no charge,1,0,,9,Low,0
Male,Greater than 45,African-American,0,0,0,12.0,0.0,F,Possession of Methadone,1,0,Criminal Mischief>$200<$1000,12,Medium,1
Male,Greater than 45,Caucasian,0,0,1,5.0,-1.0,F,Battery,1,0,Possess Cannabis/20 Grams Or Less,5,Medium,1
Female,Greater than 45,Native American,0,0,0,0.0,0.0,F,Depriv LEO of Protect/Communic,0,0,,0,Low,0
Male,Greater than 45,African-American,0,1,0,1.0,-1.0,F,arrest case no charge,1,0,Possess Cannabis/20 Grams Or Less,1,High,0
Female,Less than 25,Asian,0,0,1,9.0,-8.0,M,Battery,1,1,Petit Theft $100- $300,8,Medium,1
Male,25 - 45,Native American,0,0,0,9.0,-1.0,F,Possession of Cocaine,0,0,,9,High,1
Male,25 - 45,Asian,0,1,0,13.0,-1.0,M,Interfere W/Traf Cont Dev RR,1,0,Reckless Driving,13,High,1
Female,Less than 25,Caucasian,0,0,0,0.0,0.0,F,Battery,1,0,Operating W/O Valid License,0,Medium,1
Female,Greater than 45,Asian,0,0,0,1.0,0.0,F,Battery,1,0,Petit Theft $100- $300,1,Low,1
Male,Greater than 45,Native American,0,0,0,0.0,0.0,F,Lewd/Lasc Battery Pers 12+/<16,1,0,Operating W/O Valid License,0,High,1
Female,25 - 45,Caucasian,0,0,0,1.0,0.0,F,Burglary Structure Unoccup,1,0,Operating W/O Valid License,1,Low,1
Male,Greater than 45,Native American,0,0,0,6.0,0.0,F,Grand Theft of a Fire Extinquisher,1,0,Unlaw Use False Name/Identity,6,Medium,1
Male,25 - 45,Other,0,0,0,1.0,-1.0,F,arrest case no charge,0,0,,1,Low,0
Female,25 - 45,Other,0,0,0,1.0,-1.0,F,arrest case no charge,1,0,Fail Obey Driv Lic Restrictions,1,High,1
Male,Greater than 45,Asian,0,0,0,7.0,-1.0,F,arrest case no charge,1,0,,7,High,0
Male,25 - 45,African-American,0,0,0,8.0,-1.0,M,Battery,0,0,,8,Medium,0
Female,25 - 45,African-American,0,0,0,0.0,0.0,M,Unlaw Use False Name/Identity,0,0,,0,Low,0
Female,Less than 25,Native American,0,0,0,0.0,-1.0,F,Aggrav Child Abuse-Agg Battery,0,0,,0,Low,0
Male,25 - 45,Caucasian,0,0,0,7.0,-1.0,F,arrest case no charge,1,1,Possession Of Methamphetamine,7,Medium,1
Female,Less than 25,Caucasian,0,0,0,4.0,0.0,F,Poss Of RX Without RX,0,0,,4,Low,0
Male,Less than 25,Native American,0,0,0,0.0,-1.0,F,Burglary Dwelling Occupied,0,0,,0,Low,0
Male,25 - 45,Other,2,0,0,20.0,0.0,F,Possession of Codeine,1,0,Use/Poss/Drug Para/Plant/Grow,20,High,1
Male,Less than 25,African-American,0,0,0,8.0,-26.0,M,Viol Prot Injunc Repeat Viol,1,0,Viol Injunct Domestic Violence,8,Low,1
Male,Greater than 45,Other,0,0,0,1.0,-1.0,F,Viol Prot Injunc Repeat Viol,0,0,,1,Medium,0
Female,25 - 45,African-American,0,1,0,5.0,-1.0,M,Battery,0,1,Battery,5,High,1
Male,Greater than 45,Hispanic,0,0,0,4.0,-1.0,F,Fabricating Physical Evidence,1,0,Possession Of Methamphetamine,4,Medium,1
Male,Less than 25,African-American,0,0,0,3.0,0.0,F,Driving While License Revoked,1,0,Purchase Of Cocaine,3,Low,1
Female,Greater than 45,Hispanic,0,0,0,1.0,-1.0,F,Burglary Dwelling Occupied,1,0,Operating W/O Valid License,1,Medium,1
Female,Less than 25,Hispanic,0,0,0,0.0,0.0,F,Carry Open/Uncov Bev In Pub,0,0,,0,Low,0
Male,Greater than 45,Hispanic,0,0,3,4.0,-1.0,F,Driving While License Revoked,1,0,Agg Fleeing/Eluding High Speed,4,Medium,1
Female,Greater than 45,African-American,0,0,0,3.0,0.0,F,Possession Of Alprazolam,0,0,,3,Low,0
Female,Greater than 45,Caucasian,0,0,0,2.0,-1.0,F,arrest case no charge,0,0,,2,Low,1
Male,Greater than 45,Caucasian,0,0,0,22.0,-1.0,F,Possession of Cocaine,1,0,Fraud Obtain/ Use Disable Permit,21,High,1
Male,Less than 25,Native American,0,0,0,4.0,-1.0,M,Felony DUI (level 3),1,0,Operating W/O Valid License,4,Low,1
Male,Greater than 45,Other,0,0,0,13.0,-1.0,F,arrest case no charge,1,0,Burglary Structure Unoccup,13,Medium,0
Male,25 - 45,Caucasian,0,2,0,21.52359103783497,-1.0,F,Driving While License Revoked,1,1,Neglect Child / No Bodily Harm,21,High,0
Female,25 - 45,Asian,0,0,0,2.0,-26.0,F,Tresspass Struct/Conveyance,0,0,,2,Low,0
Male,25 - 45,African-American,0,0,0,0.0,0.0,M,Battery,0,0,,0,Low,0
Female,Less than 25,African-American,0,0,0,5.0,-1.0,F,Possession of Methadone,1,0,Fail Register Vehicle,5,Medium,1
Female,Greater than 45,African-American,0,0,0,2.0,-1.0,F,Grand Theft (Motor Vehicle),0,0,,2,Low,0
Female,Greater than 45,Hispanic,0,0,0,4.0,-1.0,M,Burglary Structure Unoccup,0,0,,4,Low,0
Female,Less than 25,African-American,0,0,0,0.0,-1.0,F,Possession of Cocaine,0,0,,0,Low,0
Female,Less than 25,Native American,1,4,0,8.0,0.0,M,Battery,0,0,,8,Medium,0
Male,25 - 45,Asian,0,0,0,0.0,-1.0,F,Aggravated Battery / Pregnant,1,0,,0,High,0
Male,Less than 25,African-American,0,0,0,0.0,0.0,F,Poss of Firearm by Convic Felo,1,0,Unlaw LicTag/Sticker Attach,0,Medium,1
Male,Greater than 45,Hispanic,0,0,0,12.0,0.0,F,Trespassing/Construction Site,0,0,,11,Medium,0
Female,25 - 45,Caucasian,0,0,0,8.0,-13.0,F,arrest case no charge,0,0,,8,Medium,0
Male,Greater than 45,Other,0,0,0,1.0,-1.0,M,DUI Property Damage/Injury,0,0,,1,Low,0
Male,Greater than 45,Other,0,0,0,0.0,-1.0,M,Harm Public Servant Or Family,1,0,Poss Of RX Without RX,0,Low,1
Male,Greater than 45,Other,0,0,0,11.0,0.0,M,Battery,0,0,,11,Medium,0
Male,Greater than 45,African-American,0,0,1,0.0,-1.0,F,Possession of Cocaine,1,1,Possession Of Alprazolam,0,High,1
Female,Greater than 45,Asian,0,0,0,1.0,-1.0,F,Burglary Conveyance Unoccup,0,0,,1,Low,0
Male,25 - 45,Caucasian,0,0,0,0.0,-1.0,F,Poss Cntrft Contr Sub w/Intent,0,0,,0,Low,0
Male,Greater than 45,Hispanic,0,0,0,4.0,-3.0,M,Interfere W/Traf Cont Dev RR,0,0,,4,Medium,0
Male,25 - 45,African-American,0,0,0,1.0,0.0,M,Deliver Cocaine 1000FT Church,0,0,,1,Low,0
Male,Less than 25,Asian,0,0,0,4.0,-8.0,F,arrest case no charge,0,0,,4,Low,0
Male,25 - 45,Asian,0,0,0,1.0,-4.0,M,arrest case no charge,1,0,Exposes Culpable Negligence,1,Low,1
Male,25 - 45,African-American,0,0,0,1.0,-1.0,F,Possession of Cocaine,1,0,Fail Register Vehicle,1,Low,1
Female,Greater than 45,Native American,0,0,0,6.0,-1.0,F,Poss Cocaine/Intent To Del/Sel,0,0,,6,Medium,0
Female,25 - 45,Asian,0,0,0,0.0,0.0,M,Battery,0,0,,0,Low,0
Male,25 - 45,Other,0,0,0,3.0,-1.0,M,Battery,0,0,Petit Theft $100- $300,3,Low,0
Male,Less than 25,African-American,0,0,0,0.0,-1.0,F,Poss Of RX Without RX,1,0,Petit Theft $100- $300,0,Low,0
Female,25 - 45,African-American,0,0,0,0.0,-1.0,F,DUI- Enhanced,0,0,,0,Low,0
Female,Less than 25,Hispanic,0,0,0,1.0,0.0,M,Battery,1,0,Unlaw LicTag/Sticker Attach,1,Medium,1
Male,Greater than 45,Native American,0,0,0,3.0,0.0,F,"Poss Of 1,4-Butanediol",0,0,,3,Low,0
Male,Less than 25,Other,0,2,0,8.0,-1.0,M,Battery,0,1,Susp Drivers Lic 1st Offense,8,High,1
Male,Greater than 45,Caucasian,0,0,0,1.0,1.3994751519809583,F,arrest case no charge,1,0,Unlaw LicTag/Sticker Attach,1,Low,1
Male,25 - 45,African-American,0,0,2,3.0,-1.0,F,Driving While License Revoked,0,0,,3,Medium,0
Male,Greater than 45,Hispanic,0,1,0,13.974079998963187,0.0,F,Poss Pyrrolidinovalerophenone,1,1,Felony Battery (Dom Strang),13,High,1
Male,25 - 45,Caucasian,0,0,0,0.0,-1.0,F,Aggravated Battery / Pregnant,0,0,,0,Low,0
Male,Less than 25,Hispanic,0,0,0,0.0,0.0,M,Battery,0,0,,0,Low,0
Male,25 - 45,Native American,0,0,0,2.0,-1.0,F,DUI Property Damage/Injury,0,0,,2,Low,0
Male,25 - 45,African-American,0,0,3,0.0,-1.0,M,Abuse Without Great Harm,0,0,,0,Medium,0
Male,Greater than 45,Other,0,0,0,0.0,0.0,F,Possession of Cocaine,0,0,,0,Low,0
Male,Greater than 45,Hispanic,0,0,0,3.0,0.0,F,arrest case no charge,0,0,,3,Low,0
Female,25 - 45,Hispanic,0,5,1,19.0,-1.0,M,arrest case no charge,0,0,,19,High,0
Male,Less than 25,Asian,0,0,0,5.0,-1.0,M,arrest case no charge,0,0,,5,High,0
Female,25 - 45,African-American,0,0,0,2.0,0.0,F,Driving While License Revoked,1,0,Possess Cannabis/20 Grams Or Less,2,Low,1
Male,25 - 45,Asian,0,5,4,17.0,-1.0,F,arrest case no charge,1,0,Unlawful Use Of License,17,High,1
Female,Greater than 45,Caucasian,0,0,0,3.0,0.0,F,Burglary Dwelling Assault/Batt,1,1,Battery,3,Medium,1
Female,Less than 25,Other,0,0,0,0.0,-1.0,F,False Info LEO During Invest,1,0,Possess Cannabis/20 Grams Or Less,0,Medium,1
Female,Greater than 45,Asian,0,0,0,4.0,-1.0,F,Possession of Methadone,1,0,Use of Anti-Shoplifting Device,4,Low,1
Male,Less than 25,Native American,0,0,0,13.0,-13.0,F,arrest case no charge,0,0,,13,Low,0
Female,25 - 45,Hispanic,0,0,0,8.0,-1.0,F,arrest case no charge,0,0,,8,Medium,0
Male,25 - 45,African-American,0,0,0,0.0,-1.0,F,Burglary Dwelling Occupied,1,1,Battery,0,Low,1
Male,25 - 45,Native American,0,0,0,0.0,-1.0,F,Possession of Cocaine,1,0,Driving While License Revoked,0,Medium,1
Female,25 - 45,Hispanic,0,0,0,0.0,-1.0,M,Battery,1,0,Possess Cannabis/20 Grams Or Less,0,High,1
Female,Less than 25,African-American,0,0,0,2.0,-1.0,F,Shoot Into Vehicle,0,0,,2,Low,0
Male,Greater than 45,Other,0,0,0,0.0,0.0,F,Shoot Into Vehicle,0,0,,0,Low,0
Male,Less than 25,Hispanic,0,0,0,0.0,-1.0,F,Shoot Into Vehicle,1,0,Possession Of Alprazolam,0,Low,1
Female,Less than 25,Hispanic,0,0,0,0.0,-7.0,F,Carry Open/Uncov Bev In Pub,0,0,,0,Low,0
Male,Greater than 45,Asian,0,0,0,2.0,-1.0,M,Battery,1,1,Battery,2,Low,0
Male,Greater than 45,Other,1,2,0,11.0,-1.0,F,Aggrav Battery w/Deadly Weapon,0,0,,11,High,0
Female,Greater than 45,Caucasian,0,0,0,1.0,-1.0,M,Battery,0,0,,1,Low,0
Female,Greater than 45,African-American,0,0,0,0.0,-1.0,M,Exposes Culpable Negligence,0,0,,0,Medium,0
Female,Greater than 45,Asian,0,0,0,6.0,-1.0,F,arrest case no charge,0,0,,6,Low,0
Male,Less than 25,Caucasian,0,0,0,1.0,-1.0,F,Poss Cocaine/Intent To Del/Sel,0,0,,1,High,0
Male,25 - 45,Native American,0,0,0,5.0,-1.0,F,Possession of Cocaine,1,0,Possess Drug Paraphernalia,5,Low,1
Male,25 - 45,Other,0,0,0,0.0,0.0,F,Deliver Cocaine 1000FT Church,0,0,,0,Low,0
Male,Less than 25,Caucasian,0,0,0,1.0,-1.0,F,arrest case no charge,0,0,,1,Low,0
Male,Less than 25,Hispanic,0,0,0,0.0,-1.0,F,Poss of Firearm by Convic Felo,0,0,,0,Medium,0
Male,25 - 45,African-American,0,0,0,1.0,0.0,F,Grand Theft (Motor Vehicle),1,1,POSSESS FIELD BOX WITH REGISTERED MARK,1,High,1
Male,25 - 45,Native American,0,0,4,11.0,0.0,F,Carrying Concealed Firearm,1,1,Possession Of Clonazepam,11,Medium,1
Female,Greater than 45,Hispanic,0,0,0,0.0,-4.0,F,License Suspended Revoked,1,0,Operating W/O Valid License,0,Medium,1
Female,25 - 45,Other,0,0,0,5.0,-1.0,F,Driving While License Revoked,1,0,Fail Register Vehicle,5,Low,1
Male,Greater than 45,African-American,0,0,0,1.0,-1.0,M,Battery,1,1,Battery,1,Low,1
Female,Greater than 45,Native American,0,0,0,10.0,-1.0,F,"Poss Of 1,4-Butanediol",1,0,Trespass Structure/Conveyance,10,High,1
Male,Greater than 45,Hispanic,0,0,0,2.0,-1.0,F,arrest case no charge,1,1,Murder in 2nd Degree,2,Medium,1
Female,Greater than 45,Other,0,0,0,2.0,-1.0,M,Abuse Without Great Harm,1,0,Operating W/O Valid License,2,High,1
Female,25 - 45,Other,0,0,0,1.0,-24.0,M,arrest case no charge,0,0,,1,Medium,0
Male,Greater than 45,African-American,0,0,0,1.0,-5.8787162117735505,F,Burglary Structure Unoccup,0,0,,1,High,0
Male,Greater than 45,Hispanic,0,0,0,3.0,-1.0,F,Possession Of Alprazolam,1,0,Possess Cannabis/20 Grams Or Less,3,Medium,1
Female,25 - 45,Native American,0,0,0,5.0,-1.0,F,Poss of Firearm by Convic Felo,1,0,,5,Medium,1
Female,Greater than 45,African-American,0,0,0,3.0,-1.0,F,Traffick Amphetamine 28g><200g,1,0,Possess Cannabis/20 Grams Or Less,3,High,1
Male,Less than 25,Caucasian,0,0,0,1.0,-1.0,F,Aggrav Child Abuse-Causes Harm,0,0,,1,Low,0
Female,25 - 45,Hispanic,0,0,0,1.0,0.0,F,Poss of Firearm by Convic Felo,1,0,Criminal Mischief>$200<$1000,1,Low,0
Male,Less than 25,Other,0,0,0,0.0,-1.0,F,Burglary Structure Unoccup,0,0,,0,Medium,0
Female,Less than 25,Caucasian,0,0,0,4.0,0.0,F,Lewd/Lasc Battery Pers 12+/<16,1,1,Fraudulent Use Credit Card,5,Medium,1
Female,Greater than 45,Other,0,0,0,10.0,-1.0,F,Grand Theft of a Fire Extinquisher,1,0,Possess Cannabis/20 Grams Or Less,10,Medium,1
Female,Less than 25,Asian,0,0,0,2.0,-1.0,F,Possession of Cocaine,1,0,Trespass/Property/Other Structure,2,High,1
Female,25 - 45,Caucasian,0,0,0,2.0,-1.0,F,Driving While License Revoked,1,0,,2,Medium,1
Male,25 - 45,African-American,0,0,1,4.0,-1.0,F,Possession of Cocaine,1,0,Possess Cannabis/20 Grams Or Less,4,Low,1
Male,Less than 25,African-American,0,0,0,13.0,-1.0,F,Felony Petit Theft,1,0,Unlawful Use Of License,13,Medium,1
Male,Greater than 45,Asian,0,0,0,0.0,-1.0,M,Resist/Obstruct W/O Violence,1,0,Petit Theft $100- $300,0,Low,1
Female,25 - 45,Hispanic,0,0,0,0.0,-1.0,F,Expired DL More Than 6 Months,0,0,,0,Low,0
Male,25 - 45,Caucasian,0,0,0,0.0,-1.0,F,Poss Similitude of Drivers Lic,1,0,Petit Theft $100- $300,0,Low,1
Male,25 - 45,Caucasian,0,0,0,0.0,-1.0,F,arrest case no charge,0,0,,0,Low,0
Male,Less than 25,Caucasian,0,0,0,0.0,-1.0,M,Battery,0,0,,0,Low,0
Female,Greater than 45,African-American,0,0,0,3.0,-1.0,F,License Suspended Revoked,0,0,,3,Medium,0
Male,Greater than 45,Native American,0,0,0,6.0,-1.0,M,DUI Property Damage/Injury,0,0,,6,Low,0
Male,25 - 45,Hispanic,0,0,0,3.0,-1.0,F,Possession of Methadone,1,0,Agg Fleeing/Eluding High Speed,3,Low,1
Male,Greater than 45,African-American,0,0,0,5.0,-1.0,F,Interfere W/Traf Cont Dev RR,1,0,Susp Drivers Lic 1st Offense,5,Low,1
Male,Greater than 45,African-American,1,0,0,1.0,-20.0,F,arrest case no charge,0,0,,1,Medium,0
Female,Greater than 45,African-American,0,0,0,0.0,0.0,M,Battery,0,0,,0,Low,0
Female,Greater than 45,Other,0,0,0,0.0,0.0,M,Battery,1,1,Battery,0,Low,1
Male,25 - 45,Caucasian,0,0,0,1.0,0.0,F,Driving While License Revoked,0,0,,1,Low,0
Male,25 - 45,African-American,0,0,0,5.0,-1.0,F,Possession of Codeine,0,0,,5,Low,0
Male,25 - 45,Hispanic,0,0,0,1.0,-1.0,F,Aggravated Battery / Pregnant,1,0,Unlaw LicTag/Sticker Attach,1,Low,1
Male,Greater than 45,Asian,0,0,0,0.0,-1.0,M,Trans/Harm/Material to a Minor,1,0,,0,Low,0
Male,25 - 45,Caucasian,0,0,0,1.0,-22.0,M,Prowling/Loitering,0,0,,1,Low,0
Male,Less than 25,Hispanic,0,0,0,2.0,-1.0,F,Trespassing/Construction Site,0,0,,2,Low,0
Female,Less than 25,Other,0,0,0,0.0,-1.0,F,Battery On Fire Fighter,0,0,,0,Low,0
Male,25 - 45,Native American,0,0,0,6.0,-4.0,F,Possession Of Alprazolam,0,0,,6,Medium,0
Female,25 - 45,Other,0,0,0,0.0,-1.0,M,Driving Under The Influence,0,0,,0,Low,0
Male,Less than 25,Hispanic,0,0,0,10.0,-1.0,F,Aggrav Child Abuse-Agg Battery,1,0,Criminal Mischief>$200<$1000,10,Medium,1
Male,Less than 25,Other,0,0,0,1.0,-1.0,M,Battery,0,0,,1,Low,0
Female,Greater than 45,Hispanic,0,0,0,11.0,-1.0,F,Possession of Cocaine,0,0,,11,Medium,0
Male,Greater than 45,Other,0,0,0,2.0,-1.0,F,Burglary Conveyance Unoccup,0,0,,2,Low,0
Male,Greater than 45,Other,0,0,0,1.0,-8.0,F,Possession of Cocaine,1,0,False Ownership Info/Pawn Item,1,Medium,1
Male,Less than 25,Caucasian,0,0,0,0.0,-1.0,M,Battery,0,0,,0,Medium,0
Female,Less than 25,African-American,0,0,0,17.0,0.0,F,Possession of Cocaine,1,0,Felony Driving While Lic Suspd,17,High,1
Male,Greater than 45,Native American,0,0,1,1.0,-1.0,M,Interfere W/Traf Cont Dev RR,0,0,,1,High,0
Female,Less than 25,African-American,0,0,0,0.0,-1.0,F,Aggravated Battery / Pregnant,1,0,Viol Injunct Domestic Violence,0,Low,1
Male,Less than 25,African-American,0,0,0,3.0,0.0,M,Violation License Restrictions,0,0,,3,Low,1
Female,25 - 45,Caucasian,0,0,0,0.0,-1.0,M,Battery,0,0,,0,Low,0
Male,Greater than 45,Asian,0,0,0,4.0,-1.0,F,arrest case no charge,0,0,,4,Low,0
Male,Greater than 45,African-American,0,0,0,6.0,-1.0,F,arrest case no charge,0,0,,6,Medium,0
Male,Less than 25,Asian,0,0,0,0.0,-1.0,F,Aggravated Assault W/dead Weap,0,0,,0,Low,1
Male,25 - 45,Native American,0,0,0,6.0,0.0,M,Trans/Harm/Material to a Minor,1,0,Agg Fleeing/Eluding High Speed,6,Low,1
Female,Greater than 45,Native American,0,0,0,0.0,-1.0,F,Burglary Conveyance Unoccup,0,0,,0,Low,0
Male,Less than 25,Other,0,0,0,1.0,-1.0,F,Aggravated Assault W/dead Weap,1,1,Battery,1,Low,0
Male,Greater than 45,Caucasian,0,0,0,6.0,-1.0,M,Carry Open/Uncov Bev In Pub,1,0,,6,High,1
Female,25 - 45,Other,0,0,0,0.0,-1.0,F,arrest case no charge,0,0,,0,Low,0
Male,Less than 25,Caucasian,0,0,0,0.0,-1.0,M,Burglary Dwelling Occupied,0,0,,0,Low,0
Female,Less than 25,African-American,0,0,0,1.0,0.0,M,Battery,1,0,,1,Medium,0
Female,Less than 25,Caucasian,0,0,0,1.0,-1.0,M,Driving Under The Influence,0,0,,1,Low,0
Female,25 - 45,Hispanic,0,0,0,7.0,-1.0,F,Obstruct Officer W/Violence,1,0,Possess Cannabis/20 Grams Or Less,7,Medium,1
Male,Less than 25,Hispanic,0,0,0,0.0,0.0,F,Felony Petit Theft,0,0,,0,Medium,0
Male,25 - 45,Other,0,0,0,9.0,-1.0,F,Felony Petit Theft,1,0,,9,Medium,1
Male,25 - 45,Hispanic,0,0,0,5.0,-9.127655136526005,F,Poss Pyrrolidinovalerophenone,1,1,DOC/Fighting/Threatening Words,5,High,1
Male,25 - 45,Asian,0,0,0,0.0,0.0,F,Abuse Without Great Harm,0,0,,0,Low,0
Male,Less than 25,Other,0,0,0,0.0,-1.0,F,Poss Contr Subst W/o Prescript,1,0,Trespass Structure/Conveyance,0,Low,1
Female,25 - 45,Native American,0,0,0,0.0,-1.0,M,Battery,0,0,,0,Low,0
Male,Greater than 45,African-American,0,0,0,4.0,-1.0,F,Grand Theft (Motor Vehicle),1,0,Petit Theft $100- $300,4,Medium,1
Female,Greater than 45,African-American,0,0,0,2.0,0.0,M,Battery,1,0,Viol Injunct Domestic Violence,2,Low,1
Male,Less than 25,Asian,0,0,0,4.0,-26.0,F,arrest case no charge,1,1,Battery,4,Low,1
Male,Less than 25,African-American,0,0,0,5.0,-1.0,F,arrest case no charge,1,0,Trespass/Property/Other Structure,5,Medium,1
Male,Less than 25,Hispanic,0,0,0,0.0,0.0,F,Possession of Cocaine,1,1,Unlaw Pos of Prson ID of another,0,High,1
Male,Greater than 45,African-American,0,0,0,4.0,-2.0,M,Possession of Cocaine,1,0,Unlaw LicTag/Sticker Attach,4,Low,1
Male,25 - 45,Caucasian,0,0,0,0.0,-1.0,M,Uttering Worthless Check +$150,0,0,,0,Low,0
Female,25 - 45,Hispanic,0,0,2,3.0,-26.0,M,Unlaw Use False Name/Identity,1,0,Burglary Structure Assault/Batt,3,Low,1
Female,Less than 25,Native American,0,0,0,0.0,-4.0,M,Poss Pyrrolidinovalerophenone,0,0,,0,Low,0
Male,25 - 45,Other,0,0,0,20.0,0.0,F,Driving While License Revoked,1,0,Susp Drivers Lic 1st Offense,20,High,1
Male,Less than 25,Caucasian,0,1,0,1.0,-1.0,F,Grand Theft (Motor Vehicle),0,0,,1,Low,0
Male,Less than 25,Native American,0,1,0,13.0,-1.0,F,Possession of Cocaine,1,0,Felony Driving While Lic Suspd,12,Medium,1
Male,25 - 45,Hispanic,0,0,0,15.901335409193345,-1.0,F,Poss Pyrrolidinovalerophenone,1,1,Stalking,15,High,1
Male,Less than 25,Hispanic,0,0,0,4.0,-1.0,F,False Info LEO During Invest,1,0,Operating W/O Valid License,4,Medium,1
Male,Less than 25,Hispanic,0,0,0,5.0,-1.0,F,Possession of Methadone,1,0,Possess Cannabis/20 Grams Or Less,5,Low,1
Male,25 - 45,African-American,0,0,0,14.0,-1.0,M,Battery,1,1,Burglary Structure Assault/Batt,14,High,1
Female,25 - 45,African-American,0,0,1,2.0,0.0,F,Possession of Cocaine,1,0,Unlaw Use False Name/Identity,2,Low,1
Male,Less than 25,Native American,0,0,1,0.0,-1.0,F,arrest case no charge,1,1,Child Neglect/Delinquency,0,Medium,1
Female,Less than 25,African-American,0,0,0,4.0,-1.0,F,arrest case no charge,0,0,,4,Low,0
Female,25 - 45,Hispanic,0,0,0,1.0,0.0,F,"Poss Of 1,4-Butanediol",0,0,,1,Medium,0
Male,Greater than 45,Native American,0,0,0,0.0,-1.0,M,Aide/Abet Prostitution Lewdness,0,0,,0,Low,0
Male,Less than 25,African-American,0,0,1,1.0,0.0,M,Resist/Obstruct W/O Violence,1,0,Leave Acc/Attend Veh/More $50,1,Medium,1
Female,25 - 45,Asian,0,0,0,2.0,-15.273816770391461,F,arrest case no charge,0,0,,2,Medium,0
Female,Less than 25,Caucasian,0,0,0,4.0,0.0,M,Possession Of Alprazolam,1,0,Possess Cannabis/20 Grams Or Less,4,Medium,1
Male,25 - 45,Native American,0,0,0,0.0,-1.0,F,Prowling/Loitering,0,0,,0,Low,0
Male,Greater than 45,Other,0,0,0,0.0,-2.0,M,Violation License Restrictions,0,0,,0,Medium,0
Male,25 - 45,Native American,0,0,0,10.0,-1.0,M,Battery,1,0,Exposes Culpable Negligence,10,Medium,1
Male,Greater than 45,Caucasian,1,1,0,9.0,-1.0,F,Possession of Cocaine,1,0,,9,High,1
Male,25 - 45,Asian,0,0,0,8.0,-1.0,M,Battery,0,0,Use/Poss/Drug Para/Plant/Grow,8,Medium,0
Male,25 - 45,Caucasian,0,0,0,2.0,-29.0,M,Battery,0,0,,2,Low,0
Female,25 - 45,African-American,0,0,0,0.0,-1.0,F,Refuse Submit Blood/Breath Test,0,0,Prowling/Loitering,0,Medium,0
Female,Greater than 45,African-American,0,0,0,3.0,-1.0,F,Petit Theft,1,1,Battery,3,High,1
Male,Less than 25,Native American,0,2,0,3.0,-1.0,F,Reckless Driving,1,0,Possess Cannabis/20 Grams Or Less,3,High,1
Female,Less than 25,Hispanic,0,0,0,5.0,-1.0,F,Murder in the First Degree,0,0,,5,Low,0
Male,Less than 25,Other,0,0,0,5.0,-1.0,F,Agg Battery Grt/Bod/Harm,0,0,,5,Low,0
Male,Less than 25,Hispanic,0,0,0,0.0,-1.0,F,"Poss Of 1,4-Butanediol",0,0,,0,Medium,0
Female,Less than 25,Hispanic,0,0,0,1.0,-1.0,M,Exposes Culpable Negligence,0,0,,1,Medium,0
Male,Less than 25,Hispanic,0,0,0,0.0,-1.0,M,Battery,0,0,,0,Low,0
Male,Greater than 45,Native American,0,0,0,0.0,-1.0,F,Grand Theft (Motor Vehicle),1,0,Operating W/O Valid License,0,High,1
Male,Less than 25,Asian,0,0,0,11.0,0.0,F,Burglary Dwelling Occupied,1,0,Petit Theft $100- $300,11,Medium,1
Female,25 - 45,Other,0,0,0,0.0,-1.0,F,Aggravated Assault W/Dead Weap,0,0,,0,Low,0
Male,25 - 45,Hispanic,0,1,0,4.0,-27.0,F,Possession of Cocaine,1,0,Fail Register Vehicle,4,High,1
Female,25 - 45,Other,0,0,0,0.0,-1.0,M,Battery,0,0,,0,Medium,0
Female,Less than 25,Hispanic,0,0,0,0.0,-1.0,F,Violation License Restrictions,0,0,,0,Low,0
Male,25 - 45,Caucasian,0,0,0,0.0,-3.0,M,Battery,0,0,,0,Low,0
Female,25 - 45,Other,0,0,0,0.0,0.0,F,DUI Property Damage/Injury,0,0,,0,Low,0
Male,Less than 25,Other,0,0,0,3.0,-1.0,M,Grand Theft (Motor Vehicle),1,0,Possession Of Methamphetamine,3,Medium,1
Male,Greater than 45,Caucasian,0,0,0,0.0,0.0,F,False Info LEO During Invest,0,0,,0,Medium,0
Male,Less than 25,Native American,0,0,0,0.0,-1.0,M,Battery,0,0,,0,Low,0
Female,Less than 25,Hispanic,0,1,0,1.0,-1.0,F,Possession of Cocaine,0,0,,1,Medium,0
Male,Less than 25,Asian,0,0,0,3.0,-1.0,F,Deliver Cocaine 1000FT Church,1,0,Susp Drivers Lic 1st Offense,3,Low,1
Male,Less than 25,Asian,0,0,0,0.0,0.0,F,arrest case no charge,1,1,Battery,0,Low,1
Male,Less than 25,African-American,0,0,0,3.0,23.817219757886683,F,Unlaw Use False Name/Identity,1,0,Stalking,3,Low,1
Female,Less than 25,Other,0,0,0,8.0,0.0,F,Exposes Culpable Negligence,1,0,Viol Injunct Domestic Violence,8,Low,0
Male,25 - 45,Other,0,0,0,0.0,0.0,F,Driving While License Revoked,0,0,,0,Low,0
Male,Less than 25,Native American,0,0,0,0.0,-1.0,M,Battery,0,0,,0,Low,0
Male,Greater than 45,Caucasian,0,0,0,0.0,-1.0,F,Uttering Worthless Check +$150,0,0,,0,Low,0
Female,Less than 25,Native American,0,0,0,2.0,-1.0,F,arrest case no charge,0,0,,2,High,0
Female,Greater than 45,African-American,0,0,0,3.0,0.0,M,Battery,1,1,Unauth C/P/S Sounds>1000/Audio,3,Medium,1
Female,Greater than 45,Native American,0,0,0,0.0,-1.0,M,Aggravated Battery / Pregnant,0,0,,0,Low,0
Male,Less than 25,Caucasian,0,0,1,0.0,0.0,F,Uttering Forged Bills,1,0,Operating W/O Valid License,0,Low,0
Female,Greater than 45,Hispanic,0,0,0,0.0,-3.0,M,Petit Theft $100- $300,0,0,,0,Medium,0
Male,Greater than 45,Native American,0,0,0,8.0,-1.0,M,Battery,1,0,Unlaw LicTag/Sticker Attach,8,Low,1
Female,Less than 25,Other,0,0,1,3.0,-1.0,F,arrest case no charge,0,0,,3,Low,0
Female,Greater than 45,African-American,0,1,0,27.060195489371797,-1.0,M,Battery,0,0,,27,Medium,0
Female,Greater than 45,African-American,0,0,0,0.0,-1.0,M,Battery,0,0,,0,Medium,0
Male,25 - 45,Caucasian,0,0,0,2.0,-1.0,M,Battery,0,0,,2,Low,0
Male,25 - 45,Native American,0,0,0,1.0,-1.0,F,Violation License Restrictions,0,0,,1,Low,0
Male,Greater than 45,Asian,0,0,0,9.0,0.0,F,Driving While License Revoked,1,1,Possess Drug Paraphernalia,9,High,1
Male,Greater than 45,Hispanic,0,0,0,1.0,-1.0,F,arrest case no charge,0,0,,1,Low,0
Female,Greater than 45,African-American,0,0,1,3.0,-1.0,F,Burglary Dwelling Occupied,1,0,,3,Medium,1
Female,25 - 45,Caucasian,0,0,0,5.0,-1.0,M,Exposes Culpable Negligence,0,0,Sexual Battery Victim 12 Yrs +,5,Low,0
Male,25 - 45,Caucasian,0,0,0,0.0,0.0,M,Driving Under The Influence,0,0,,0,Low,0
Male,Less than 25,African-American,0,0,2,1.0,-1.0,F,arrest case no charge,0,0,,1,Low,0
Male,Less than 25,Other,0,0,0,1.0,-1.0,M,Battery,0,0,,1,Low,0
Female,25 - 45,Native American,2,0,1,15.181335646396962,-1.0,M,Battery,1,0,D.U.I. Serious Bodily Injury,15,High,1
Female,25 - 45,Caucasian,0,0,0,1.0,0.0,F,Possession of Cocaine,0,0,,1,High,0
Male,25 - 45,Caucasian,0,0,0,2.0,-24.590607042621514,F,Possession of Cocaine,1,0,False Ownership Info/Pawn Item,2,Medium,1
Male,Less than 25,African-American,0,0,1,0.0,-1.0,F,Shoot Into Vehicle,0,0,,0,Low,0
Male,Less than 25,Asian,0,1,0,7.0,-1.0,F,Burglary Dwelling Assault/Batt,1,1,Felony Battery (Dom Strang),5,High,1
Female,Less than 25,Other,0,0,0,1.0,-1.0,M,Battery,1,0,,1,Medium,0
Male,25 - 45,Other,0,0,0,3.0,0.0,F,Violation License Restrictions,0,0,,3,Low,0
Male,25 - 45,Caucasian,0,0,0,0.0,-1.0,F,Viol Prot Injunc Repeat Viol,1,1,Trespass Struct/Conveyance,0,Medium,1
Female,Greater than 45,Hispanic,0,0,0,2.0,-1.0,F,arrest case no charge,1,1,Operating W/O Valid License,2,High,0
Male,Less than 25,African-American,1,0,0,21.036182043389356,-1.0,M,Battery,1,1,Fraudulent Use Credit Card,21,High,1
Male,25 - 45,Native American,0,0,0,1.0,-1.0,M,Traffick Amphetamine 28g><200g,0,0,,1,Medium,0
Male,25 - 45,Other,0,0,0,0.0,-1.0,F,Grand Theft (Motor Vehicle),0,0,Prostitution,0,Low,1
Male,Less than 25,Asian,0,0,0,5.0,0.0,M,Murder in the First Degree,0,0,,5,Medium,0
Male,Less than 25,African-American,0,0,0,10.0,-1.0,M,Driving Under The Influence,1,0,Viol Injunct Domestic Violence,10,High,1
Female,Less than 25,Native American,0,0,0,0.0,-1.0,F,"Aggr Child Abuse-Torture,Punish",0,1,Felony Battery (Dom Strang),0,Low,0
Male,25 - 45,Native American,0,0,0,0.0,-1.0,F,Aide/Abet Prostitution Lewdness,0,0,,0,Low,0
Female,Greater than 45,African-American,0,0,0,14.0,-1.0,F,Aggrav Child Abuse-Agg Battery,0,0,,14,High,0
Male,25 - 45,Native American,0,0,0,13.0,0.0,F,Interfere W/Traf Cont Dev RR,0,0,Felony Petit Theft,12,Low,1
Female,Less than 25,Other,0,0,0,0.0,0.0,M,Abuse Without Great Harm,0,0,,0,Low,0
Male,Less than 25,Caucasian,0,0,0,0.0,-6.0,M,Poss Of RX Without RX,0,0,,0,High,0
Female,Greater than 45,Hispanic,0,0,0,14.0,-1.0,F,Driving While License Revoked,1,0,Stalking,14,Low,1
Female,25 - 45,Native American,0,0,0,0.0,-1.0,M,Battery,0,0,,0,Low,0
Male,25 - 45,African-American,0,0,0,5.0,0.0,F,Poss Cntrft Contr Sub w/Intent,0,0,,5,Low,0
Female,Greater than 45,Caucasian,0,0,0,15.0,0.0,F,Poss Pyrrolidinovalerophenone,0,0,,15,Medium,0
Female,25 - 45,Other,0,0,0,0.0,-1.0,M,DUI- Enhanced,1,0,Reckless Driving,0,Medium,1
Female,25 - 45,Hispanic,0,0,0,0.0,-1.0,F,Aggravated Assault W/Dead Weap,1,0,Viol Injunct Domestic Violence,0,Low,1
Male,Greater than 45,Other,0,0,0,1.0,0.0,M,Aggrav Child Abuse-Causes Harm,1,0,Operating W/O Valid License,1,Low,1
Male,Less than 25,Asian,0,0,0,1.0,-1.0,F,Felony DUI (level 3),1,0,Trespass Struct/Conveyance,1,Low,1
Female,Less than 25,Native American,0,0,0,0.0,-1.0,F,Possession of Cocaine,0,0,,0,Low,0
Male,Less than 25,African-American,0,0,0,11.0,-1.0,F,Possession of Cocaine,0,0,,11,High,0
Female,Greater than 45,Hispanic,0,3,1,3.0,-1.0,M,Battery,1,1,Battery,3,Medium,1
Male,Less than 25,Asian,0,0,0,0.0,-3.0,F,Poss of Firearm by Convic Felo,1,0,Trespass Structure/Conveyance,0,Low,1
Female,Greater than 45,Native American,0,0,0,2.0,-1.0,F,Aggravated Assault W/Dead Weap,1,0,Possess Cannabis/20 Grams Or Less,2,Low,1
Female,Greater than 45,Other,0,0,0,1.0,0.0,F,Resist/Obstruct W/O Violence,1,0,,1,Medium,0
Female,Less than 25,Other,0,0,0,9.0,-1.0,F,arrest case no charge,1,0,Susp Drivers Lic 1st Offense,9,High,1
Male,Less than 25,Caucasian,0,0,0,3.0,-1.0,F,arrest case no charge,0,0,,3,Low,0
Female,Less than 25,Hispanic,0,0,0,8.0,-1.0,F,Possession of Codeine,1,0,Felony Petit Theft,8,High,1
Male,Greater than 45,African-American,0,0,0,0.0,-1.0,F,Battery,0,0,,0,Low,0
Female,Less than 25,African-American,0,0,0,1.0,-1.0,M,Trans/Harm/Material to a Minor,0,0,,1,Low,0
Male,25 - 45,Hispanic,0,0,0,8.0,0.0,M,"Poss Of 1,4-Butanediol",1,0,Driving While License Revoked,8,Low,1
Female,25 - 45,Caucasian,0,0,0,0.0,-1.0,M,DUI Property Damage/Injury,0,0,,0,Low,0
Male,Less than 25,African-American,0,0,0,1.0,-1.0,M,Battery,1,1,Battery,1,Low,1
Male,Less than 25,Other,0,0,0,1.0,-4.0,F,Refuse Submit Blood/Breath Test,0,0,,1,Medium,0
Male,Less than 25,Asian,0,0,0,17.0,-1.0,M,arrest case no charge,1,0,Possess Drug Paraphernalia,17,Medium,1
Female,Greater than 45,Caucasian,0,0,0,4.0,-1.0,M,Battery,0,0,,4,Medium,0
Female,Greater than 45,African-American,0,0,0,0.0,-2.0,M,Unlaw Use False Name/Identity,1,0,Prostitution,0,Low,1
Male,25 - 45,Asian,0,0,0,1.0,-1.0,F,arrest case no charge,0,0,,1,Medium,1
Female,25 - 45,African-American,1,1,0,6.0,-1.0,F,False Name By Person Arrest,1,0,Possess Countrfeit Credit Card,6,High,1
Male,25 - 45,Caucasian,0,0,0,0.0,-1.0,M,Battery,0,0,,0,Medium,0
Male,Less than 25,Caucasian,0,0,0,1.0,-1.0,M,Battery,0,0,Petit Theft $100- $300,1,High,0
Male,25 - 45,Caucasian,0,0,0,1.0,-30.0,F,arrest case no charge,1,1,Possession of Ethylone,1,High,1
Female,Less than 25,Native American,0,0,0,1.0,-1.0,F,arrest case no charge,1,0,Petit Theft $100- $300,1,Low,1
Male,Less than 25,Other,0,0,0,3.0,-1.0,M,Battery,1,0,Fail Obey Driv Lic Restrictions,3,High,1
Male,Greater than 45,African-American,0,0,0,0.0,-1.0,M,Petit Theft,1,0,Possess Cannabis/20 Grams Or Less,0,Medium,1
Male,Less than 25,Other,0,0,0,17.0,-1.0,F,Felony Petit Theft,1,0,,17,Medium,1
Male,Greater than 45,African-American,0,0,0,0.0,0.0,F,Uttering Forged Bills,0,0,,0,Low,0
Male,Greater than 45,Caucasian,0,0,0,7.0,-1.0,F,Interfere W/Traf Cont Dev RR,1,0,Leave Acc/Attend Veh/More $50,7,High,1
Female,25 - 45,Caucasian,0,0,0,3.0,-1.0,F,Burglary Dwelling Occupied,1,0,Trespass Structure/Conveyance,3,Medium,1
Female,Greater than 45,Hispanic,0,0,0,0.0,-1.0,M,Battery,0,0,,0,Low,0
Male,Less than 25,African-American,0,0,0,1.0,-1.0,F,Reckless Driving,1,0,,1,Low,0
Female,Less than 25,Native American,0,0,0,2.0,-1.0,F,Possession of Codeine,0,0,,2,Low,0
Male,25 - 45,African-American,0,0,0,3.0,-1.0,M,Battery,1,0,Possess Cannabis/20 Grams Or Less,3,Low,1
Male,Less than 25,Native American,0,0,0,5.0,-1.0,F,arrest case no charge,0,0,,5,Medium,0
Male,Less than 25,Other,0,0,0,0.0,-1.0,M,Battery,1,0,Possess Cannabis/20 Grams Or Less,0,Low,1
Male,Less than 25,Asian,0,0,0,1.0,-1.0,F,Traffick Amphetamine 28g><200g,1,0,Unlaw LicTag/Sticker Attach,1,Low,1
Female,25 - 45,African-American,0,0,0,2.0,-1.0,M,Possession Of Alprazolam,1,0,Unlaw Use False Name/Identity,2,Low,1
Male,Greater than 45,Asian,0,0,0,2.0,0.0,M,Battery,1,0,Possess Drug Paraphernalia,2,Low,1
Male,25 - 45,Native American,0,0,0,1.0,-1.0,F,Harm Public Servant Or Family,1,0,,1,Low,0
Male,25 - 45,African-American,0,0,1,5.0,-1.0,F,Prostitution,1,1,Battery,5,Medium,1
Male,25 - 45,Caucasian,0,0,0,11.0,-1.0,M,Poss Similitude of Drivers Lic,1,1,Susp Drivers Lic 1st Offense,11,Low,1
Female,25 - 45,Caucasian,0,0,0,1.0,-1.0,F,Reckless Driving,1,1,Viol Injunct Domestic Violence,1,Low,1
Female,25 - 45,Other,0,0,0,2.0,-1.0,F,Unl/Disturb Education/Instui,0,0,,2,Low,0
Male,Greater than 45,Asian,0,0,0,0.0,-1.0,M,Driving Under The Influence,0,0,,0,Low,0
Male,25 - 45,Native American,1,2,0,4.0,-1.0,F,Possession of Cocaine,1,0,Unlawful Use Of License,4,High,1
Male,25 - 45,Caucasian,0,0,0,1.0,-1.0,F,arrest case no charge,0,0,,1,High,0
Male,Less than 25,Other,0,0,0,2.0,-1.0,F,Aggravated Battery / Pregnant,1,0,Poss Of RX Without RX,2,Medium,1
Female,25 - 45,African-American,0,0,1,26.05476458466963,-1.0,F,Driving While License Revoked,0,0,Driving While License Revoked,26,High,1
Male,25 - 45,Native American,0,0,0,1.0,-1.0,F,Shoot Into Vehicle,1,0,Possess Cannabis/20 Grams Or Less,1,Medium,1
Male,25 - 45,Hispanic,0,0,0,0.0,-1.0,M,Battery,1,0,Petit Theft $100- $300,0,Medium,1
Female,Greater than 45,Caucasian,0,0,0,1.0,-1.0,F,Battery,0,0,,1,High,0
Male,Greater than 45,Hispanic,0,0,0,2.0,0.0,M,Battery,0,0,,2,Low,0
Male,25 - 45,Other,0,0,0,2.0,-1.0,M,Battery,1,1,Battery,2,High,1
Female,25 - 45,African-American,0,0,0,0.0,-1.0,F,Violation License Restrictions,0,0,,0,Low,0
Female,25 - 45,Caucasian,0,0,0,0.0,0.0,M,Battery,0,0,,0,Low,0
Male,Greater than 45,Caucasian,0,0,0,0.0,-1.0,M,arrest case no charge,0,0,,0,Low,0
Female,Greater than 45,Native American,0,0,0,8.0,-1.0,F,Possession of Cocaine,1,0,Fail Register Vehicle,8,Medium,1
Female,25 - 45,African-American,0,0,0,0.0,0.0,F,Lewd/Lasc Battery Pers 12+/<16,0,0,,0,Low,0
Male,Greater than 45,Native American,0,0,0,13.0,-1.0,F,Tamper With Witness,0,0,,13,Low,0
Female,25 - 45,Hispanic,0,0,0,7.0,0.0,F,Shoot Into Vehicle,1,0,Susp Drivers Lic 1st Offense,7,Low,1
Male,Greater than 45,Hispanic,0,0,0,0.0,-1.0,M,Battery,0,0,,0,Low,0
Male,Less than 25,Other,0,0,0,9.67179484035618,-1.0,F,Poss Pyrrolidinovalerophenone,1,0,Petit Theft $100- $300,10,Low,1
Male,25 - 45,Other,0,0,1,5.0,-1.0,M,arrest case no charge,0,1,Unauth C/P/S Sounds>1000/Audio,5,High,1
Male,Less than 25,Native American,0,1,0,4.0,0.0,F,arrest case no charge,1,1,Possession Of Alprazolam,4,High,1
Male,25 - 45,Caucasian,0,0,2,1.0,-1.0,M,DUI Property Damage/Injury,0,0,,1,Medium,0
Male,Greater than 45,Asian,0,0,0,1.0,-1.0,F,Aggravated Battery / Pregnant,1,0,DWLS Habitual Offender 2nd,1,High,1
Female,25 - 45,Hispanic,0,0,0,0.0,0.0,M,Battery,1,0,,0,Low,0
Male,Less than 25,Hispanic,0,0,0,8.0,-1.0,F,Possession of Cocaine,1,1,Burglary Structure Assault/Batt,8,Medium,1
Male,25 - 45,Other,0,0,0,0.0,-1.0,M,License Suspended Revoked,0,0,,0,Low,0
Female,25 - 45,Other,0,0,0,0.0,0.0,F,arrest case no charge,0,0,Grand Theft (Motor Vehicle),0,Low,0
Male,25 - 45,Native American,0,0,1,5.0,-1.0,F,arrest case no charge,1,0,Burglary Structure Assault/Batt,5,High,1
Male,25 - 45,Other,0,0,0,6.0,-1.0,F,arrest case no charge,1,1,Operating W/O Valid License,6,Medium,1
Female,Greater than 45,Native American,0,0,0,0.0,-1.0,F,Poss Cocaine/Intent To Del/Sel,0,0,,0,Low,0
Male,Less than 25,African-American,0,0,0,2.0,0.0,M,Battery,1,1,Unlaw Pos of Prson ID of another,2,High,1
Male,Less than 25,Native American,0,0,0,0.0,-1.0,F,Prowling/Loitering,1,1,Prowling/Loitering,0,Low,1
Male,Less than 25,Asian,0,0,0,2.0,-1.0,M,Shoot Into Vehicle,1,0,Susp Drivers Lic 1st Offense,2,Medium,1
Male,25 - 45,Caucasian,0,0,0,1.0,-1.0,F,Interfere W/Traf Cont Dev RR,0,0,,1,Low,0
Female,Greater than 45,Other,0,0,0,4.0,-1.0,F,Driving While License Revoked,0,0,,4,Low,0
Male,Greater than 45,Native American,0,0,0,0.0,-1.0,F,"Poss Of 1,4-Butanediol",0,0,,0,Low,0
Male,Greater than 45,African-American,0,0,0,0.0,0.0,M,Uttering Worthless Check +$150,1,0,Operating W/O Valid License,0,High,1
Female,Less than 25,Asian,0,1,0,5.0,-1.0,M,arrest case no charge,0,0,,5,Medium,0
Male,25 - 45,Other,0,0,0,4.0,-1.0,F,Uttering Worthless Check +$150,0,0,,4,High,0
Male,Less than 25,African-American,0,0,0,15.0,-1.0,F,Driving While License Revoked,1,0,Operating W/O Valid License,15,Medium,1
Male,Less than 25,Asian,0,0,0,4.0,-1.0,M,Resist/Obstruct W/O Violence,0,0,,4,Low,0
Male,Less than 25,Native American,0,0,0,0.0,-1.0,F,Shoot Into Vehicle,0,0,,0,Low,0
Male,Less than 25,Other,0,0,0,2.0,-1.0,M,Aggravated Assault W/Dead Weap,1,0,Criminal Mischief>$200<$1000,2,High,1
Female,Greater than 45,Caucasian,0,0,0,0.0,-1.0,M,Battery,0,0,,0,Low,0
Female,Less than 25,Caucasian,0,0,0,0.0,-1.0,F,Harm Public Servant Or Family,1,0,Operating W/O Valid License,0,Low,1
Male,25 - 45,Other,0,0,0,2.0,-1.0,F,Felony Petit Theft,1,0,Trespass Structure/Conveyance,2,Low,1
Female,Less than 25,Hispanic,0,0,0,4.0,0.0,F,Murder in the First Degree,0,0,,4,Low,0
Female,Greater than 45,Other,0,0,0,2.0,0.0,M,Driving Under The Influence,1,1,Unlaw Pos of Prson ID of another,2,Low,1
Male,25 - 45,African-American,0,0,0,1.0,-10.515253170007224,F,Grand Theft (Motor Vehicle),1,0,Unlaw Use False Name/Identity,1,Low,1
Female,Greater than 45,Other,0,0,0,3.0,-1.0,F,Interfere W/Traf Cont Dev RR,0,0,Possess Cannabis/20 Grams Or Less,3,Medium,1
Male,25 - 45,Hispanic,0,0,0,2.0,-1.0,F,Burglary Structure Unoccup,1,0,,2,Low,0
Female,Less than 25,African-American,0,0,0,7.0,0.0,F,Possession of Cocaine,1,0,Susp Drivers Lic 1st Offense,7,Medium,1
Female,Less than 25,African-American,0,0,0,0.0,0.0,F,Driving While License Revoked,1,1,Possess Cannabis/20 Grams Or Less,0,Medium,1
Male,25 - 45,African-American,0,0,0,0.0,-1.0,M,Battery,0,0,,0,Low,0
Female,Less than 25,Native American,0,0,0,0.0,-1.0,M,Viol Prot Injunc Repeat Viol,0,0,,0,Medium,0
Female,Less than 25,Other,0,0,2,3.0,-1.0,F,Grand Theft (Motor Vehicle),1,1,Battery,3,High,1
Female,25 - 45,Hispanic,0,2,0,15.0,-1.0,F,Possession of Cocaine,1,0,Trespass/Property/Other Structure,15,High,1
Male,Greater than 45,Hispanic,0,0,0,0.0,0.0,F,Burglary Conveyance Unoccup,1,0,Petit Theft $100- $300,0,Medium,1
Male,25 - 45,Other,0,0,1,1.0,-1.0,F,Shoot Into Vehicle,1,0,Possess Cannabis/20 Grams Or Less,1,Low,1
Female,Less than 25,Caucasian,0,0,0,1.0,-2.0,F,Burglary Dwelling Occupied,0,0,,1,Low,0
Male,25 - 45,Asian,0,0,0,0.0,0.0,F,Unl/Disturb Education/Instui,0,0,,0,Low,0
Male,Greater than 45,Native American,0,0,0,8.0,-1.0,F,Uttering Forged Bills,1,0,Trespass Struct/Conveyance,8,Medium,1
Male,25 - 45,Native American,0,0,0,2.0,-1.0,M,Battery,1,1,Battery,2,Low,1
Male,Less than 25,African-American,0,0,0,4.0,-1.0,F,Driving While License Revoked,1,0,Felony Petit Theft,4,High,0
Female,Less than 25,Native American,0,0,2,1.0,-1.0,F,Poss Cocaine/Intent To Del/Sel,1,0,Possess Cannabis/20 Grams Or Less,1,Medium,1
Male,Greater than 45,African-American,0,0,0,3.0,-1.0,M,Resist/Obstruct W/O Violence,1,0,Trespass Struct/Conveyance,3,Low,1
Male,25 - 45,African-American,0,0,0,4.0,-1.0,F,Aggrav Child Abuse-Causes Harm,1,0,Possess Cannabis/20 Grams Or Less,4,Low,1
Male,Greater than 45,Other,0,0,2,3.0,0.0,F,Possession of Cocaine,0,0,,3,Low,0
Female,Greater than 45,Hispanic,0,0,0,0.0,-1.0,M,Battery,0,0,,0,Low,0
Male,Greater than 45,Caucasian,0,0,0,1.0,-1.0,F,Burglary Conveyance Unoccup,0,0,,1,Low,0
Male,25 - 45,African-American,0,0,0,0.0,0.0,M,Battery,1,0,,0,Medium,0
Male,25 - 45,Asian,0,0,1,0.0,-1.0,F,arrest case no charge,1,0,Possess Cannabis/20 Grams Or Less,0,Low,1
Female,Greater than 45,Asian,0,0,0,5.0,-1.0,F,arrest case no charge,1,0,Susp Drivers Lic 1st Offense,5,Medium,1
Male,25 - 45,Caucasian,0,0,0,7.0,-1.0,F,Carry Open/Uncov Bev In Pub,1,0,Reckless Driving,7,Low,1
Female,25 - 45,Caucasian,0,0,0,3.0,-1.0,F,arrest case no charge,0,0,,3,Low,0
Male,25 - 45,Native American,0,0,0,2.0,-23.975808022195277,F,arrest case no charge,0,0,,2,Low,0
Male,Greater than 45,Caucasian,0,0,0,2.0,-1.0,F,License Suspended Revoked,1,0,Agg Fleeing/Eluding High Speed,2,High,1
Male,Greater than 45,Native American,0,0,0,4.0,-1.0,F,Possession of Cocaine,1,0,Grand Theft (Motor Vehicle),4,High,1
Male,Less than 25,Asian,0,0,0,0.0,0.0,M,Poss Cocaine/Intent To Del/Sel,0,0,,0,Low,0
Male,Greater than 45,African-American,0,0,0,0.0,-1.0,F,Possession of Cocaine,1,0,Possess Countrfeit Credit Card,0,Medium,1
Female,25 - 45,African-American,0,0,0,0.0,-1.0,F,arrest case no charge,0,0,,0,Low,0
Female,Less than 25,Native American,0,0,0,2.0,-14.0,F,arrest case no charge,0,0,,2,Low,0
Male,Less than 25,Hispanic,0,0,0,1.0,-1.0,F,Poss of Firearm by Convic Felo,1,0,Trespass/Property/Other Structure,1,High,1
Female,Greater than 45,Hispanic,0,0,0,2.0,0.0,M,Battery,0,0,,2,Low,0
Male,Greater than 45,Other,0,0,0,2.0,-1.0,F,arrest case no charge,0,0,,2,Low,0
Male,25 - 45,Caucasian,0,0,0,1.0,-1.0,F,Poss Similitude of Drivers Lic,0,0,,1,High,0
Male,25 - 45,Asian,0,0,0,0.0,0.0,F,Possession of Benzylpiperazine,0,0,,0,Low,0
Female,Greater than 45,African-American,0,0,0,0.0,-1.0,M,Battery,0,0,,0,Low,0
Male,Greater than 45,Hispanic,0,0,0,0.0,-5.0,F,arrest case no charge,0,0,,0,Low,0
Female,25 - 45,Asian,0,0,0,1.0,0.0,F,Possession of Codeine,0,0,,1,Medium,0
Male,Greater than 45,Caucasian,0,0,0,2.0,-1.0,F,Grand Theft (Motor Vehicle),0,0,,2,Medium,0
Male,Greater than 45,Hispanic,0,0,0,1.0,-30.0,F,Possession of Cocaine,0,0,Petit Theft $100- $300,1,Low,0
Male,25 - 45,Caucasian,0,0,0,1.0,-1.0,M,Prowling/Loitering,1,0,Possess Drug Paraphernalia,1,High,1
Male,Greater than 45,Asian,0,0,0,3.0,-2.0,M,Battery,0,0,,3,Medium,0
Female,Less than 25,Asian,0,0,0,0.0,-1.0,F,Agg Battery Grt/Bod/Harm,0,0,,0,Low,0
Male,Less than 25,African-American,0,0,0,0.0,-1.0,M,Battery,0,0,,0,Low,0
Female,Less than 25,Other,0,0,0,5.0,0.0,F,Poss Pyrrolidinovalerophenone,1,0,Fail Register Vehicle,5,Medium,1
Female,25 - 45,Asian,0,0,0,1.0,-1.0,F,Shoot Into Vehicle,0,0,,1,Medium,0
Male,Less than 25,Other,0,1,0,9.0,-1.0,F,Possession of Cocaine,1,1,Unlaw Pos of Prson ID of another,9,Medium,1
Male,25 - 45,Native American,0,0,0,8.0,-10.0,F,arrest case no charge,0,0,,8,Low,0
Male,25 - 45,Hispanic,0,0,0,4.0,-1.0,F,Burglary Dwelling Occupied,1,0,Unnatural/Lascivious Act,4,Medium,1
Female,Greater than 45,African-American,0,0,0,1.0,-3.0,F,Aggravated Assault W/Dead Weap,0,0,,1,Low,0
Male,25 - 45,Caucasian,0,0,0,0.0,-2.0,F,Poss Cocaine/Intent To Del/Sel,0,0,,0,Low,0
Male,25 - 45,African-American,2,0,0,4.0,0.0,F,Driving While License Revoked,1,0,Fail Register Vehicle,4,Low,1
Female,Less than 25,African-American,0,3,1,4.0,-1.0,M,arrest case no charge,1,0,DWLS Canceled Disqul 1st Off,4,High,1
Male,Greater than 45,African-American,0,0,0,2.0,-1.0,F,arrest case no charge,1,0,Driving While License Revoked,2,Low,1
Female,Less than 25,Asian,0,0,0,1.0,-1.0,M,Reckless Driving,0,0,,1,Low,0
Male,Less than 25,Hispanic,0,0,0,1.0,-30.0,M,Battery,0,0,,1,Low,0
Female,25 - 45,Hispanic,0,0,0,0.0,-1.0,M,Battery,0,0,,0,Low,0
Male,25 - 45,Hispanic,0,0,0,2.0,-1.0,F,Poss of Firearm by Convic Felo,0,0,,2,Low,1
Female,Greater than 45,Asian,0,0,0,2.0,-14.0,F,Uttering Worthless Check +$150,1,0,Susp Drivers Lic 1st Offense,2,Low,1
Male,Less than 25,Native American,0,0,0,0.0,-4.0,M,Battery,1,0,Fail Register Vehicle,0,Low,1
Male,Greater than 45,African-American,0,0,1,0.0,-1.0,F,Poss Meth/Diox/Meth/Amp (MDMA),1,0,Unnatural/Lascivious Act,0,High,1
Female,Greater than 45,African-American,0,0,0,0.0,-1.0,M,Battery,0,0,,0,Low,0
Female,Greater than 45,Caucasian,0,0,0,6.0,-1.0,M,arrest case no charge,0,1,POSSESS FIELD BOX WITH REGISTERED MARK,6,High,1
Female,Less than 25,Caucasian,0,0,0,1.0,-1.0,F,arrest case no charge,0,0,,1,Low,0
Male,25 - 45,Caucasian,0,0,0,5.0,-1.0,F,arrest case no charge,1,1,Battery,5,High,1
Female,25 - 45,Caucasian,0,0,0,13.0,0.0,F,Violation License Restrictions,1,0,Prostitution,13,Low,1
Male,25 - 45,Asian,0,0,0,0.0,-1.0,F,Uttering Forged Bills,0,0,,0,Low,0
Male,25 - 45,Caucasian,0,0,0,0.0,-1.0,F,Shoot Into Vehicle,0,0,Possess Cannabis/20 Grams Or Less,0,Low,1
Male,Greater than 45,Asian,0,0,0,0.0,-1.0,M,DUI- Enhanced,0,0,,0,Low,0
Male,Less than 25,Asian,0,0,0,5.0,-1.0,F,Poss Of RX Without RX,1,1,Grand Theft (Motor Vehicle),5,Low,1
Male,25 - 45,Other,0,0,0,13.0,-1.0,F,Possession Of Alprazolam,1,0,Petit Theft $100- $300,13,Low,1
Male,Greater than 45,African-American,0,0,0,4.0,0.0,F,Burglary Dwelling Occupied,1,1,Felony Petit Theft,4,Medium,1
Female,Less than 25,Native American,0,0,0,1.0,-23.0,F,Aide/Abet Prostitution Lewdness,0,0,,1,Low,0
Female,25 - 45,Hispanic,0,0,0,0.0,-1.0,F,Possession of Cocaine,0,0,,0,Low,0
Male,25 - 45,Native American,0,0,0,3.0,-1.0,F,DUI Property Damage/Injury,0,0,,3,Low,0
Female,25 - 45,Hispanic,0,0,0,0.0,0.0,F,Possession of Cocaine,0,0,,0,Low,0
Male,Less than 25,Caucasian,0,0,0,0.0,-1.0,M,Possession of Cocaine,0,0,,0,Medium,0
Male,25 - 45,Other,0,0,0,1.0,0.0,F,Poss of Firearm by Convic Felo,0,0,,1,Low,0
Male,Greater than 45,Asian,0,0,2,0.0,-1.0,F,Aggravated Assault W/Dead Weap,0,0,,0,Low,0
Male,Less than 25,Native American,0,0,0,1.0,-13.0,F,Possession of Cocaine,0,0,,1,Low,0
Male,25 - 45,Native American,0,0,0,5.0,0.0,M,Battery,0,0,,5,High,0
Male,Less than 25,African-American,1,1,1,2.0,-1.0,F,arrest case no charge,1,0,Tresspass Struct/Conveyance,2,High,1
Male,Greater than 45,African-American,0,0,0,2.0,-3.0,F,Felony DUI (level 3),0,0,,2,Low,0
Female,Less than 25,Caucasian,0,0,0,1.0,22.78941398344226,F,Possession Of Alprazolam,1,0,Prowling/Loitering,1,Low,1
Male,25 - 45,Hispanic,0,0,0,2.0,-1.0,M,arrest case no charge,0,1,Unlawful Use Of License,2,Low,0
Male,25 - 45,Hispanic,0,0,0,1.0,-1.0,F,Possession of Cocaine,1,0,Unlaw Use False Name/Identity,1,Medium,1
Male,Less than 25,Asian,0,0,1,0.0,-1.0,M,Trans/Harm/Material to a Minor,1,0,Crimin Mischief Damage $1000+,0,Low,1
Male,Less than 25,Caucasian,0,0,0,1.0,0.0,M,arrest case no charge,0,0,,1,High,0
Male,Less than 25,Caucasian,0,0,0,0.0,-1.0,M,Refuse Submit Blood/Breath Test,0,0,,0,Low,0
Male,Less than 25,Other,0,0,0,0.0,-1.0,M,DUI- Enhanced,0,0,,0,Low,0
Male,Greater than 45,Asian,0,1,0,1.0,-1.0,F,False Name By Person Arrest,1,0,Fail Obey Driv Lic Restrictions,1,High,1
Female,Less than 25,Native American,0,0,0,1.0,0.0,M,Driving Under The Influence,0,0,,1,Low,0
Female,Less than 25,Native American,1,5,0,13.0,-1.0,F,Viol Prot Injunc Repeat Viol,0,0,,13,Medium,0
Female,Less than 25,Asian,0,0,0,0.0,0.0,M,Driving Under The Influence,0,0,,0,Low,0
Female,Greater than 45,Asian,0,0,0,7.0,-1.0,F,Aggravated Assault W/Dead Weap,1,0,Purchase Of Cocaine,7,Medium,1
Female,Less than 25,African-American,0,0,0,0.0,-2.0,F,Possession of Cocaine,1,0,Unlaw LicTag/Sticker Attach,0,Medium,1
Male,Greater than 45,African-American,0,0,0,0.0,-1.0,F,Viol Prot Injunc Repeat Viol,0,0,,0,Low,0
Male,25 - 45,African-American,0,0,0,2.0,-1.0,F,Possession of Benzylpiperazine,1,0,Possession Burglary Tools,2,High,1
Male,Less than 25,Hispanic,0,0,0,0.0,0.0,M,Battery,1,0,Petit Theft $100- $300,0,Low,1
Female,Less than 25,Caucasian,0,0,0,0.0,-1.0,F,Battery On Fire Fighter,0,0,,0,Low,0
Male,Greater than 45,Hispanic,0,0,0,0.0,-4.0,M,Battery,0,0,,0,Medium,0
Female,Greater than 45,Hispanic,0,0,0,3.0,-2.0,F,Driving While License Revoked,0,0,,3,Low,0
Female,25 - 45,Hispanic,0,0,2,1.0,0.0,M,Murder in the First Degree,1,1,Possession Of Clonazepam,1,Low,1
Male,Less than 25,Native American,0,0,0,0.0,0.0,M,Driving Under The Influence,0,0,,0,Low,0
Female,25 - 45,African-American,0,0,0,5.0,-1.0,F,Uttering Forged Bills,0,0,,5,Medium,0
Female,Less than 25,Caucasian,0,0,0,5.0,-1.0,F,Tresspass Struct/Conveyance,1,0,Grand Theft (Motor Vehicle),5,Medium,1
Female,Less than 25,Other,0,0,0,4.0,-1.0,F,Burglary Dwelling Occupied,1,0,Purchase Of Cocaine,4,High,1
Male,25 - 45,Other,0,0,0,16.0,-1.0,F,Poss of Firearm by Convic Felo,1,0,Possess Cannabis/20 Grams Or Less,15,Medium,1
Male,25 - 45,Caucasian,0,0,0,9.0,0.0,F,arrest case no charge,1,0,Agg Fleeing/Eluding High Speed,9,Low,1
Male,25 - 45,Hispanic,0,0,0,5.0,-1.0,F,Felony Petit Theft,0,0,Felony Petit Theft,5,Low,1
Male,Greater than 45,Native American,0,0,0,4.0,5.3138215178769315,M,Battery,1,0,Leave Acc/Attend Veh/More $50,4,Medium,1
Female,Less than 25,Native American,0,0,0,0.0,0.0,M,Battery,1,0,Criminal Mischief>$200<$1000,0,Low,1
Female,Greater than 45,Caucasian,0,0,0,0.0,-1.0,F,Possession of Cocaine,0,0,,0,Low,0
Male,Less than 25,African-American,0,0,0,1.0,-1.0,F,Felony Petit Theft,1,0,Possess Cannabis/20 Grams Or Less,1,Medium,1
Female,Less than 25,African-American,0,0,0,9.0,0.0,F,arrest case no charge,1,1,Battery,9,Medium,1
Male,Less than 25,Caucasian,0,0,0,0.0,-1.0,M,Operating W/O Valid License,0,0,,0,Low,0
Female,25 - 45,Hispanic,0,0,0,0.0,0.0,M,Battery,1,0,,0,Low,0
Female,Greater than 45,African-American,0,0,0,2.0,-1.0,F,Possession of Cocaine,0,0,Purchase Of Cocaine,2,Low,1
Female,Less than 25,African-American,0,0,0,1.0,-20.518740971652246,F,Possession of Cocaine,1,0,Petit Theft $100- $300,1,Low,1
Male,Less than 25,African-American,0,0,0,0.0,-1.0,F,Unl/Disturb Education/Instui,0,1,Prowling/Loitering,0,High,1
Male,25 - 45,Caucasian,0,0,0,0.0,-1.0,F,Lewd/Lasc Battery Pers 12+/<16,0,0,,0,Low,0
Female,25 - 45,Other,0,0,0,1.0,-1.0,F,arrest case no charge,0,0,,1,Low,0
Male,25 - 45,Caucasian,0,0,2,14.832756320541048,0.0,F,Grand Theft (Motor Vehicle),1,0,Petit Theft,14,High,1
Female,Greater than 45,Asian,0,0,0,0.0,-1.0,F,Deliver Cocaine 1000FT Church,1,0,Unlaw LicTag/Sticker Attach,0,High,1
Male,Greater than 45,African-American,0,0,0,5.0,-23.0,F,arrest case no charge,1,0,Grand Theft (Motor Vehicle),5,Medium,1
Male,Less than 25,Caucasian,0,0,0,0.0,-1.0,M,Battery,1,0,Operating W/O Valid License,0,Low,1
Female,Greater than 45,Hispanic,0,0,0,0.0,-1.0,M,Resist/Obstruct W/O Violence,0,0,,0,Low,1
Female,Greater than 45,Other,0,0,0,1.0,0.0,M,Battery,1,0,Unlaw Use False Name/Identity,1,Low,1
Male,Less than 25,Caucasian,0,0,1,0.0,0.0,F,Driving While License Revoked,1,0,Petit Theft $100- $300,0,High,1
Male,Less than 25,Native American,0,0,0,2.0,-1.0,F,Poss of Firearm by Convic Felo,0,0,Exposes Culpable Negligence,2,Medium,0
Male,25 - 45,Other,0,0,0,1.0,-1.0,M,Battery,0,0,,1,Medium,0
Male,25 - 45,Hispanic,0,0,0,0.0,-1.0,M,Battery,1,0,Susp Drivers Lic 1st Offense,0,High,1
Female,Less than 25,Caucasian,0,0,0,4.0,-1.0,M,Battery,0,0,,4,High,0
Female,Less than 25,Asian,0,0,0,2.0,-1.0,F,Abuse Without Great Harm,0,0,,2,Low,0
Male,25 - 45,African-American,0,0,0,8.0,-4.0,F,Felony Petit Theft,1,0,DOC/Fighting/Threatening Words,8,High,1
Male,Greater than 45,Asian,0,0,0,6.0,-1.0,F,Viol Prot Injunc Repeat Viol,1,1,Fail Register Vehicle,6,Medium,1
Male,Less than 25,African-American,0,0,0,0.0,-1.0,F,Driving While License Revoked,1,0,Burglary Structure Assault/Batt,0,Medium,1
Female,25 - 45,Hispanic,0,0,0,0.0,-1.0,M,Battery,0,0,,0,Medium,0
Male,Greater than 45,Other,0,0,0,5.0,-1.0,F,Agg Battery Grt/Bod/Harm,1,0,Prostitution,5,High,1
Male,Greater than 45,Native American,0,0,1,0.0,-1.0,M,Battery,0,0,,0,Low,0
Male,25 - 45,Hispanic,0,0,0,1.0,-1.0,F,Tresspass Struct/Conveyance,1,1,Possess Cannabis/20 Grams Or Less,1,Low,1
Male,25 - 45,Hispanic,0,0,0,1.0,-1.0,F,Burglary Structure Unoccup,1,0,DUI Level 0.15 Or Minor In Veh,1,Low,1
Female,Greater than 45,Native American,0,0,0,1.0,-1.0,M,Battery,0,0,,1,Low,0
Female,25 - 45,African-American,1,0,0,12.438338992430547,-1.0,M,License Suspended Revoked,1,0,Prowling/Loitering,11,High,1
Male,Less than 25,Other,0,0,0,6.0,-1.0,F,Poss Pyrrolidinovalerophenone,1,0,Unlaw Use False Name/Identity,6,Medium,1
Female,Less than 25,African-American,0,0,0,5.0,0.0,F,Deliver Cocaine 1000FT Church,1,0,Unlaw Use False Name/Identity,5,High,1
Male,25 - 45,Caucasian,0,0,0,1.0,-1.0,M,Battery,0,0,,1,Low,0
Female,Greater than 45,Asian,0,0,0,0.0,0.0,M,Battery,0,0,,0,Low,0
Female,Less than 25,Caucasian,0,0,0,0.0,0.0,F,Battery On Fire Fighter,1,0,Fail Register Vehicle,0,Medium,1
Female,25 - 45,African-American,0,0,0,4.0,-1.0,F,arrest case no charge,1,0,Susp Drivers Lic 1st Offense,4,Low,1
Male,Less than 25,African-American,0,0,0,3.0,-1.0,F,arrest case no charge,1,0,Burglary Structure Assault/Batt,3,Medium,1
Female,Less than 25,Native American,0,0,0,4.0,0.0,F,Grand Theft (Motor Vehicle),1,0,Fraud Obtain/ Use Disable Permit,4,Low,1
Female,Less than 25,Native American,0,0,0,0.0,-5.0,M,Depriv LEO of Protect/Communic,0,0,,0,Medium,0
Male,Greater than 45,Native American,0,0,0,1.0,-1.0,M,Battery,0,0,,1,Low,0
Female,25 - 45,Hispanic,0,0,0,2.0,-26.0,F,Felony Petit Theft,1,0,Driving While License Revoked,2,Medium,1
Male,Greater than 45,Caucasian,0,0,0,0.0,0.0,M,Aggravated Assault W/dead Weap,0,0,,0,Low,0
Male,Greater than 45,Other,0,0,0,0.0,0.0,F,Trespassing/Construction Site,0,0,,0,Low,0
Male,Less than 25,African-American,0,2,1,3.0,-3.0,F,Unlaw Lic Use/Disply Of Others,1,1,Battery,3,High,1
Male,25 - 45,Caucasian,0,0,0,0.0,0.0,F,Agg Battery Grt/Bod/Harm,1,1,Battery,0,Low,1
Female,Greater than 45,Hispanic,0,0,0,0.0,-6.0,M,Battery,0,0,,0,Low,0
Male,25 - 45,African-American,0,0,0,2.0,-1.0,F,arrest case no charge,0,0,,2,Medium,0
Male,25 - 45,Native American,0,0,0,0.0,-1.0,F,Aggravated Battery / Pregnant,0,0,,0,Medium,0
Female,Less than 25,Other,0,0,0,19.0,-1.0,F,Possession of Cocaine,1,0,Possession Burglary Tools,19,High,1
Female,Greater than 45,Native American,0,0,0,0.0,-1.0,M,Resist/Obstruct W/O Violence,0,0,,0,Low,0
Male,Greater than 45,Other,0,1,0,5.0,-1.0,F,Fabricating Physical Evidence,1,0,Fail Obey Driv Lic Restrictions,5,Medium,1
Female,Less than 25,Caucasian,0,0,0,1.0,-1.0,M,Battery,0,0,,1,Low,0
Female,25 - 45,Hispanic,0,0,2,0.0,-1.0,F,Pos Cannabis W/Intent Sel/Del,0,0,,0,Medium,0
Female,Greater than 45,Asian,0,0,0,1.0,-1.0,F,Aide/Abet Prostitution Lewdness,0,0,,1,Medium,0
Male,Greater than 45,Other,0,0,0,3.0,-1.0,F,Possession of Methadone,0,0,,3,Medium,0
Male,Greater than 45,Native American,0,0,0,0.0,-1.0,F,Poss Pyrrolidinovalerophenone,0,0,,0,Low,0
Female,Less than 25,Native American,0,0,0,1.0,-1.0,F,Uttering Forged Bills,1,0,Unlawful Use Of License,1,High,1
Female,25 - 45,African-American,0,0,0,3.0,0.0,F,arrest case no charge,1,0,Use/Poss/Drug Para/Plant/Grow,3,Low,1
Male,Less than 25,African-American,0,0,0,1.0,-1.0,F,Fabricating Physical Evidence,0,0,,1,Low,1
Female,Less than 25,Asian,0,0,2,0.0,-1.0,F,Burglary Conveyance Unoccup,0,0,,0,Low,0
Female,Less than 25,African-American,0,0,0,20.0,-1.0,F,Driving While License Revoked,0,0,,20,Medium,0
Male,Greater than 45,Asian,0,0,0,3.0,-1.0,M,Petit Theft $100- $300,1,0,Purchase Of Cocaine,3,Low,1
Male,Less than 25,Native American,0,0,0,0.0,-1.0,M,Viol Prot Injunc Repeat Viol,1,0,Prowling/Loitering,0,Low,1
Female,Less than 25,Native American,0,0,0,2.0,-1.0,M,Petit Theft,0,0,,2,Low,0
Male,25 - 45,Native American,1,0,0,3.0,-1.0,F,Refuse Submit Blood/Breath Test,1,0,Prowling/Loitering,3,High,1
Male,25 - 45,Asian,0,0,0,9.0,-1.0,M,Petit Theft,1,0,Unnatural/Lascivious Act,9,Medium,1
Male,25 - 45,Caucasian,1,0,0,18.0,-1.0,M,Viol Prot Injunc Repeat Viol,1,0,Unlaw Use False Name/Identity,18,High,1
Male,Less than 25,African-American,0,1,0,11.0,-1.0,F,Burglary Conveyance Unoccup,1,0,Prowling/Loitering,11,High,1
Male,25 - 45,African-American,0,0,0,2.0,-1.0,F,Agg Battery Grt/Bod/Harm,0,0,,2,Medium,0
Male,Less than 25,African-American,0,0,0,2.0,-1.0,M,Viol Prot Injunc Repeat Viol,1,0,Viol Injunct Domestic Violence,2,Low,1
Female,25 - 45,Native American,0,0,0,0.0,-3.0,M,Resist/Obstruct W/O Violence,0,0,,0,Low,0
Male,Less than 25,Caucasian,0,0,0,1.0,0.0,F,Possession of Codeine,0,0,,1,Low,0
Male,Less than 25,Native American,0,0,0,3.0,-1.0,F,Possession of Cocaine,1,0,Possession Of Alprazolam,3,Low,1
Male,Less than 25,Caucasian,0,0,0,0.0,-1.0,M,Poss Cntrft Contr Sub w/Intent,1,0,Unnatural/Lascivious Act,0,High,1
Female,Greater than 45,Hispanic,0,0,0,1.0,0.0,F,arrest case no charge,1,0,Agg Fleeing/Eluding High Speed,1,Low,1
Male,Less than 25,African-American,0,0,0,7.0,-1.0,F,Resist/Obstruct W/O Violence,0,0,,7,Low,0
Male,25 - 45,African-American,0,0,0,7.0,0.0,F,arrest case no charge,0,0,,7,Low,0
Male,25 - 45,Asian,0,0,0,0.0,-1.0,F,Poss Similitude of Drivers Lic,0,0,,0,Low,0
Male,25 - 45,African-American,0,0,0,4.0,-1.0,F,Possession of Cocaine,1,1,Possess Cannabis/20 Grams Or Less,4,High,1
Male,25 - 45,Asian,0,0,0,0.0,0.0,F,Burglary Conveyance Unoccup,0,0,,0,High,0
Male,Greater than 45,Native American,0,0,0,0.0,-1.0,F,Possession of Cocaine,1,1,Fraud Obtain Driver License,0,High,1
Male,25 - 45,Caucasian,0,0,0,2.0,-19.941641605174304,F,Prowling/Loitering,0,0,,2,Low,0
Female,Greater than 45,Caucasian,0,0,0,0.0,-1.0,M,Viol Prot Injunc Repeat Viol,0,0,,0,Low,0
Female,25 - 45,Other,0,0,0,3.0,0.0,F,Driving While License Revoked,0,0,,3,Low,0
Male,25 - 45,Hispanic,0,0,0,0.0,-1.0,M,Battery,0,0,,0,Low,0
Male,25 - 45,Caucasian,0,0,0,0.0,0.0,M,Battery,0,0,,0,Low,0
Female,Less than 25,Other,0,0,0,2.0,-1.0,F,Agg Battery Grt/Bod/Harm,0,0,,2,Low,0
Female,Greater than 45,African-American,0,0,0,0.0,-1.0,F,Fabricating Physical Evidence,1,0,Susp Drivers Lic 1st Offense,0,Low,1
Male,Greater than 45,African-American,0,0,0,0.0,-1.0,F,Aggravated Battery / Pregnant,1,0,Operating W/O Valid License,0,Low,1
Female,Less than 25,Hispanic,0,0,0,0.0,-1.0,F,Reckless Driving,0,0,,0,Low,0
Male,Greater than 45,Asian,0,0,0,0.0,0.0,M,DUI- Enhanced,0,0,Possession Burglary Tools,0,Low,0
Male,25 - 45,Native American,0,0,0,5.0,-1.0,F,arrest case no charge,0,0,,5,Medium,0
Male,25 - 45,Hispanic,0,0,0,0.0,-3.0,M,arrest case no charge,0,0,,0,Low,0
Female,Less than 25,Native American,0,0,0,9.0,-1.0,M,Driving Under The Influence,1,0,Susp Drivers Lic 1st Offense,9,Medium,1
Female,25 - 45,Hispanic,0,0,0,0.0,-1.0,M,Battery,1,0,Use/Poss/Drug Para/Plant/Grow,0,Low,1
Female,Greater than 45,Caucasian,0,0,0,0.0,-1.0,F,Aggravated Assault W/dead Weap,1,0,Unlaw LicTag/Sticker Attach,0,Low,1
Male,Less than 25,Caucasian,0,0,0,0.0,0.0,F,arrest case no charge,0,0,,0,Low,0
Male,Less than 25,Other,0,0,1,0.0,0.0,F,Possession of Cocaine,1,1,Armed False Imprisonment,0,High,1
Male,25 - 45,Asian,0,0,0,0.0,0.0,F,Violation License Restrictions,0,0,,0,Low,0
Male,Less than 25,Hispanic,0,0,0,0.0,0.0,M,Battery,0,0,,0,Low,0
Female,Less than 25,Caucasian,0,0,0,2.0,-1.0,M,Aide/Abet Prostitution Lewdness,0,0,,2,Low,0
Female,Less than 25,Hispanic,0,0,0,5.0,-1.0,F,Possession of Cocaine,0,0,,5,Low,0
Female,Greater than 45,Other,2,0,0,13.0,-1.0,F,Driving While License Revoked,0,0,,13,Low,0
Male,Greater than 45,Hispanic,0,0,0,1.0,0.0,F,arrest case no charge,0,0,,1,Low,0
Male,25 - 45,Native American,0,0,0,3.0,0.0,F,Aggravated Assault W/dead Weap,0,0,,3,Low,0
Male,25 - 45,African-American,0,0,0,3.0,-1.0,F,arrest case no charge,1,0,Fail Obey Driv Lic Restrictions,3,Low,1
Female,Less than 25,Other,0,12,1,21.409806042985146,0.0,F,Driving While License Revoked,1,0,Tresspass Struct/Conveyance,21,High,1
Male,Greater than 45,African-American,0,0,0,1.0,-1.0,M,Aggravated Battery / Pregnant,1,1,Felony Battery (Dom Strang),1,Medium,0
Male,Less than 25,Other,0,0,0,0.0,0.0,M,Battery,1,0,Prowling/Loitering,0,Medium,1
Female,Less than 25,Hispanic,1,0,0,1.0,-2.0,F,arrest case no charge,0,0,,1,Medium,0
Male,Greater than 45,Caucasian,0,0,0,10.0,-1.0,F,arrest case no charge,1,0,Possession Of Alprazolam,10,Medium,1
Male,25 - 45,Asian,0,0,0,5.0,-10.700247181385663,F,Refuse Submit Blood/Breath Test,1,0,Reckless Driving,5,Low,1
Male,Less than 25,Hispanic,0,0,0,0.0,-4.0,F,Agg Battery Grt/Bod/Harm,0,0,,0,Low,0
Male,Less than 25,Caucasian,0,0,0,0.0,-1.0,F,Driving While License Revoked,0,0,,0,Low,0
Male,25 - 45,African-American,0,0,0,10.0,0.0,F,Possession of Cocaine,1,0,Unlawful Use Of License,10,High,1
Female,Less than 25,Other,0,0,0,9.0,0.0,F,arrest case no charge,0,0,,9,Medium,0
Male,25 - 45,African-American,0,0,0,0.0,0.0,M,DUI Property Damage/Injury,0,0,,0,Low,0
Female,Greater than 45,Other,0,0,0,4.0,-25.0,F,Unl/Disturb Education/Instui,0,0,,4,Low,0
Male,Less than 25,Native American,0,0,0,0.0,-4.0,M,Driving Under The Influence,0,0,,0,Medium,0
Female,Greater than 45,Hispanic,0,0,0,3.0,0.0,F,arrest case no charge,0,0,,3,Medium,0
Male,25 - 45,Caucasian,0,0,0,2.0,-1.0,M,Battery,0,0,,2,Low,0
Male,Greater than 45,Other,0,0,0,0.0,-1.0,F,arrest case no charge,0,0,,0,Low,0
Male,Greater than 45,African-American,0,1,0,4.0,-1.0,M,Battery,0,0,,4,Medium,0
Female,Less than 25,African-American,0,0,0,0.0,-1.0,F,Aggravated Battery / Pregnant,0,0,,0,Low,0
Female,25 - 45,Other,0,0,0,0.0,-2.0,M,Battery,0,0,,0,Low,0
Male,Greater than 45,African-American,0,1,0,14.0,-1.0,F,Aggravated Battery / Pregnant,0,0,,14,High,0
Male,Less than 25,Asian,0,0,1,0.0,-1.0,F,False Imprisonment,1,1,Possession Of Paraphernalia,0,Medium,0
Male,Less than 25,African-American,0,0,0,1.0,-1.0,M,Battery,1,0,Prostitution,1,Low,1
Male,Less than 25,Asian,0,0,0,8.0,0.0,F,Aggravated Assault W/dead Weap,0,0,,8,Medium,0
Female,Greater than 45,African-American,0,0,0,2.0,0.0,F,Viol Prot Injunc Repeat Viol,1,1,Felony Battery (Dom Strang),2,Low,1
Female,Greater than 45,Caucasian,0,0,0,0.0,-1.0,F,Tresspass Struct/Conveyance,0,0,,0,Low,0
Male,Less than 25,Native American,0,0,0,0.0,-1.0,F,Grand Theft (Motor Vehicle),0,0,,0,Medium,0
Male,Less than 25,Native American,0,0,0,6.0,-1.0,M,Battery,0,0,,6,Low,0
Male,Greater than 45,Native American,0,0,0,3.0,-8.0,F,arrest case no charge,1,0,Possess Cannabis/20 Grams Or Less,3,Low,0
Male,25 - 45,Asian,0,0,0,0.0,0.0,F,Burglary Structure Unoccup,0,0,,0,Medium,0
Female,Less than 25,Native American,0,0,0,0.0,-1.0,F,Burglary Structure Unoccup,0,0,,0,Medium,0
Male,Greater than 45,Other,0,0,1,9.0,-1.0,M,Battery,1,0,Unlawful Use Of License,9,High,1
Male,Greater than 45,Caucasian,0,0,0,0.0,-1.0,M,Prowling/Loitering,0,0,,0,Low,0
Female,Less than 25,Native American,0,0,0,2.0,-1.0,F,Burglary Conveyance Unoccup,1,0,Petit Theft $100- $300,2,Low,1
Male,25 - 45,Native American,0,0,1,3.0,0.0,F,Burglary Structure Unoccup,0,0,,3,High,0
Male,25 - 45,Hispanic,0,1,0,4.0,-3.0,M,Petit Theft $100- $300,1,0,False Ownership Info/Pawn Item,4,Medium,1
Male,25 - 45,Hispanic,0,0,0,0.0,-1.0,F,Burglary Conveyance Unoccup,0,0,,0,Low,0
Male,25 - 45,Caucasian,0,0,0,5.0,0.0,F,Possession of Cocaine,1,0,Exposes Culpable Negligence,5,High,1
Male,25 - 45,Native American,0,0,0,5.0,0.0,F,arrest case no charge,0,0,,5,Medium,0
Male,25 - 45,Other,0,0,0,0.0,-2.0,F,Harm Public Servant Or Family,1,1,Purchase Of Cocaine,0,Low,1
Female,25 - 45,Native American,0,0,0,0.0,-1.0,M,Battery,0,0,,0,Medium,0
Female,Less than 25,Hispanic,0,0,0,1.0,0.0,M,Burglary Structure Unoccup,0,0,,1,High,0
Female,Less than 25,Caucasian,0,0,0,9.0,-1.0,F,Driving While License Revoked,1,0,Driving While License Revoked,9,Low,1
Female,25 - 45,African-American,0,0,0,0.0,-1.0,M,Battery,0,0,,0,Low,0
Male,Less than 25,Caucasian,0,0,0,0.0,-6.0,M,Driving Under The Influence,1,0,Possession Of Methamphetamine,0,Low,1
Male,25 - 45,Asian,0,0,0,4.0,-1.0,F,arrest case no charge,1,0,Unlaw Use False Name/Identity,4,Medium,1
Male,25 - 45,Caucasian,0,0,0,2.0,0.0,M,Battery,1,0,Possess Drug Paraphernalia,2,Low,0
Male,Greater than 45,Hispanic,0,0,0,1.0,0.0,M,Battery,1,0,Unnatural/Lascivious Act,1,Low,0
Male,Less than 25,Hispanic,0,0,0,2.0,-1.0,F,arrest case no charge,1,1,DOC/Fighting/Threatening Words,2,Low,1
Male,25 - 45,Hispanic,0,0,0,3.0,-1.0,F,Trans/Harm/Material to a Minor,0,0,,3,Medium,0
Female,Less than 25,African-American,0,0,0,5.0,0.0,F,Driving While License Revoked,0,0,,5,Medium,0
Male,Less than 25,African-American,0,0,0,0.0,0.0,M,Obstruct Officer W/Violence,0,0,,0,Low,0
Male,25 - 45,Hispanic,0,0,0,20.0,-1.0,F,Poss Of RX Without RX,0,0,,20,Low,0
Male,Greater than 45,Native American,0,4,1,15.0,-1.0,F,Poss/Sell/Del Cocaine 1000FT Sch,1,1,Battery,15,High,1
Female,Greater than 45,African-American,0,0,0,0.0,0.0,M,Battery,0,0,,0,Low,0
Male,25 - 45,Hispanic,0,0,0,6.0,-1.0,F,Trans/Harm/Material to a Minor,0,0,,6,Medium,0
Male,Less than 25,Other,0,0,0,0.0,-1.0,F,Agg Battery Grt/Bod/Harm,0,0,,0,Low,0
Female,Less than 25,Hispanic,0,0,0,1.0,-1.0,F,Agg Battery Grt/Bod/Harm,1,0,Possess Cannabis/20 Grams Or Less,1,Low,1
Female,Greater than 45,African-American,0,0,0,3.0,0.0,F,Aggravated Battery / Pregnant,1,0,,3,Low,1
Male,25 - 45,Asian,0,0,0,2.0,-1.0,F,Battery,0,0,,2,Medium,0
Male,25 - 45,Caucasian,0,0,0,1.0,-16.076527752798075,F,Agg Battery Grt/Bod/Harm,0,0,,1,Low,0
Male,Greater than 45,African-American,0,0,0,0.0,-1.0,F,Possession of Cocaine,0,0,,0,Medium,0
Male,25 - 45,Native American,0,0,0,1.0,-1.0,M,Battery,1,1,Battery,1,Low,1
Male,Greater than 45,Caucasian,0,0,0,1.0,-2.0,F,Obstruct Officer W/Violence,1,0,Leave Acc/Attend Veh/More $50,1,Low,1
Female,25 - 45,Caucasian,0,0,0,8.0,0.0,M,Interfere W/Traf Cont Dev RR,1,0,Petit Theft $100- $300,8,Low,0
Female,Less than 25,Caucasian,0,0,0,0.0,0.0,F,Possession of Cocaine,0,0,,0,Low,0
Female,25 - 45,Other,0,0,0,1.0,-1.0,M,Battery,0,0,,1,Low,0
Male,Greater than 45,Asian,0,0,0,3.0,-1.0,F,License Suspended Revoked,1,0,,3,High,0
Male,Less than 25,Caucasian,0,0,0,0.0,-1.0,F,Possession of Methadone,0,0,,0,Low,0
Male,25 - 45,Hispanic,0,0,0,3.0,-2.0,F,Poss Pyrrolidinovalerophenone,1,1,DOC/Fighting/Threatening Words,3,Medium,1
Male,Less than 25,Caucasian,0,0,0,0.0,-1.0,M,Battery,0,0,,0,Medium,0
Male,25 - 45,African-American,0,0,0,10.0,0.0,M,Battery On Fire Fighter,1,0,Burglary Structure Unoccup,10,Low,0
Male,Greater than 45,Hispanic,0,0,0,1.0,0.0,F,Abuse Without Great Harm,1,0,Operating W/O Valid License,1,Medium,1
Male,Greater than 45,Native American,0,0,0,1.0,-1.0,F,Uttering Worthless Check +$150,0,0,,1,Low,0
Male,25 - 45,African-American,0,0,0,4.0,-1.0,F,arrest case no charge,0,0,,4,Medium,0
Female,Less than 25,African-American,0,0,0,4.0,-1.0,F,Carrying Concealed Firearm,1,1,Felony Battery (Dom Strang),4,Low,1
Female,Greater than 45,Hispanic,0,0,0,1.0,-27.0,F,Possession of Cocaine,0,0,,1,Low,0
Female,Greater than 45,African-American,0,0,0,3.0,-1.0,M,Tamper With Witness,0,0,,3,Medium,0
Female,Greater than 45,Other,0,0,0,0.0,-1.0,M,Battery,1,0,Grand Theft (Motor Vehicle),0,Medium,1
Female,Less than 25,Caucasian,0,0,1,1.0,-1.0,M,Unl/Disturb Education/Instui,1,0,Grand Theft (Motor Vehicle),1,Low,1
Male,Greater than 45,Hispanic,0,0,0,25.042926241131074,-1.0,F,Felony Petit Theft,1,0,Felony Petit Theft,24,High,1
Female,Greater than 45,Caucasian,0,0,0,2.0,-1.0,F,Shoot Into Vehicle,1,0,Susp Drivers Lic 1st Offense,2,Low,1
Male,Less than 25,Hispanic,0,0,0,1.0,-1.0,F,Grand Theft of a Fire Extinquisher,1,0,Viol Injunct Domestic Violence,1,Low,1
Male,25 - 45,Asian,0,0,0,9.0,-1.0,F,arrest case no charge,0,0,,9,Low,0
Male,Greater than 45,Other,0,0,0,0.0,-1.0,F,Carry Open/Uncov Bev In Pub,0,0,,0,High,0
Male,Less than 25,Native American,0,0,0,3.0,-1.0,F,arrest case no charge,0,0,,3,Low,0
Female,25 - 45,Caucasian,0,0,0,13.0,0.0,M,Battery,1,1,Battery,13,Low,1
Female,Greater than 45,Caucasian,0,0,0,2.0,0.0,F,Aggravated Assault W/Dead Weap,0,0,,2,Low,0
Male,Less than 25,Asian,0,0,0,5.0,-1.0,M,Battery,1,1,Unauth C/P/S Sounds>1000/Audio,5,Medium,1
Female,25 - 45,Other,1,0,0,9.0,-1.0,F,Driving While License Revoked,1,0,Unlaw Use False Name/Identity,9,Medium,1
Female,25 - 45,African-American,0,0,0,3.0,-1.0,F,Possession of Cocaine,1,0,Possess Cannabis/20 Grams Or Less,3,High,1
Female,Greater than 45,Caucasian,0,0,0,4.0,-1.0,F,DUI- Enhanced,1,0,Unlaw LicTag/Sticker Attach,4,Medium,1
Male,Less than 25,Caucasian,0,0,0,0.0,0.0,M,Driving Under The Influence,1,0,Susp Drivers Lic 1st Offense,0,Low,1
Male,Less than 25,Native American,0,0,0,0.0,0.0,M,Battery,1,0,Viol Injunct Domestic Violence,0,Low,1
Female,Greater than 45,Hispanic,0,0,0,3.0,0.0,F,Felony Petit Theft,1,0,Felony Petit Theft,3,Low,1
Male,Less than 25,Caucasian,0,0,0,5.0,-1.0,F,Aggravated Assault W/dead Weap,0,0,,5,Medium,0
Male,25 - 45,African-American,0,0,0,3.0,0.0,F,Possession of Cocaine,0,0,,3,Medium,0
Female,25 - 45,Native American,0,0,0,0.0,0.0,F,Abuse Without Great Harm,1,0,,0,Low,0
Male,Greater than 45,Hispanic,0,0,0,0.0,-1.0,M,Burglary Conveyance Assault/Bat,1,1,Fraud Obtain/ Use Disable Permit,0,Low,0
Male,Greater than 45,Hispanic,0,0,0,1.0,0.0,M,Battery,1,0,Poss Of RX Without RX,1,Low,1
Male,Greater than 45,Caucasian,0,0,0,0.0,-1.0,F,Grand Theft of a Fire Extinquisher,0,0,,0,Low,0
Female,Less than 25,African-American,1,0,0,4.0,-1.0,M,Battery,1,1,Trespass Struct/Conveyance,4,Medium,1
Male,25 - 45,Caucasian,0,1,0,6.0,-16.7592577810264,F,arrest case no charge,0,0,,6,Low,0
Male,25 - 45,Asian,0,0,0,0.0,-1.0,M,Battery,0,0,Stalking,0,Medium,0
Male,25 - 45,African-American,0,0,0,2.0,-1.0,F,Driving While License Revoked,1,0,Driving While License Revoked,2,Low,1
Male,Greater than 45,Native American,0,0,0,1.0,-1.0,M,Felony DUI (level 3),0,0,,1,Medium,0
Female,Less than 25,Other,0,0,0,0.0,-1.0,F,Possession of Codeine,1,0,,0,Low,0
Female,25 - 45,Other,0,0,0,0.0,-6.0,M,License Suspended Revoked,0,0,,0,Low,0
Male,Less than 25,Hispanic,0,0,0,1.0,-29.0,F,Trans/Harm/Material to a Minor,0,0,,1,Low,0
Male,Greater than 45,Native American,0,0,0,4.0,-1.0,F,DUI- Enhanced,1,0,Stalking,4,Low,1
Male,Greater than 45,African-American,0,0,0,8.0,0.0,F,arrest case no charge,1,0,Operating W/O Valid License,8,High,0
Male,Greater than 45,Other,0,0,0,1.0,-5.0,M,Exposes Culpable Negligence,0,0,,1,Low,0
Male,25 - 45,Native American,0,0,0,1.0,-2.0,F,Possession of Cocaine,0,0,,1,Medium,0
Female,Greater than 45,Caucasian,0,1,0,12.0,-1.0,F,Possession of Cocaine,1,1,Neglect Child / No Bodily Harm,12,High,1
Male,Greater than 45,African-American,0,0,0,1.0,-23.97727764763262,F,Possession of Cocaine,1,0,,1,Low,1
Male,Less than 25,Caucasian,0,0,0,5.0,15.549558606196733,F,Poss Similitude of Drivers Lic,0,0,Petit Theft $100- $300,5,High,0
Female,Greater than 45,Other,0,0,0,0.0,-1.0,M,Grand Theft (Motor Vehicle),0,0,,0,Medium,0
Female,25 - 45,African-American,0,0,0,0.0,-1.0,M,Battery,1,0,Petit Theft $100- $300,0,Low,1
Male,Less than 25,Hispanic,0,1,0,2.0,-1.0,F,Aggravated Battery / Pregnant,1,0,Trespassing,2,Medium,1
Male,25 - 45,Caucasian,0,0,0,3.0,-1.0,F,Driving While License Revoked,1,0,Susp Drivers Lic 1st Offense,3,Medium,1
Male,25 - 45,Caucasian,1,0,1,12.0,-1.0,M,Burglary Unoccupied Dwelling,1,0,Trespass Struct/Conveyance,12,High,1
Female,Greater than 45,African-American,0,0,0,4.0,-1.0,F,Poss Pyrrolidinovalerophenone,0,0,,4,Medium,0
Male,Less than 25,African-American,0,0,0,11.0,-1.0,M,Poss Cocaine/Intent To Del/Sel,1,0,Burglary Structure Assault/Batt,11,Medium,1
Male,25 - 45,Asian,0,0,0,3.0,-1.0,F,arrest case no charge,1,1,Grand Theft (Motor Vehicle),3,Low,1
Male,25 - 45,Other,0,0,0,1.0,-1.0,F,arrest case no charge,1,0,Grand Theft (Motor Vehicle),1,Medium,1
Male,25 - 45,Native American,0,0,0,7.0,-1.0,F,Felony Petit Theft,1,0,False Ownership Info/Pawn Item,7,High,1
Female,Less than 25,African-American,0,0,0,4.0,-1.0,M,arrest case no charge,1,0,Burglary Structure Unoccup,4,Low,1
Male,Greater than 45,Native American,0,0,0,3.0,-1.0,F,arrest case no charge,1,1,Murder in 2nd Degree,3,Medium,1
Male,Greater than 45,Asian,0,0,0,0.0,-1.0,F,Uttering Worthless Check +$150,1,0,Felony Petit Theft,0,Low,1
Female,25 - 45,Hispanic,0,0,0,0.0,-1.0,F,Driving While License Revoked,0,0,,0,Low,0
Female,Less than 25,Hispanic,0,0,0,2.0,0.0,F,Burglary Conveyance Unoccup,1,1,Battery,2,Low,1
Male,Greater than 45,Hispanic,0,0,0,2.0,-1.0,F,Driving While License Revoked,0,0,,2,Low,1
Male,Less than 25,Native American,0,0,0,5.0,-1.0,M,Battery,0,0,,5,Low,0
Female,25 - 45,Native American,0,0,0,2.0,0.0,F,"Poss Of 1,4-Butanediol",0,0,,2,High,0
Male,25 - 45,African-American,0,0,0,8.0,-1.0,F,Possession of Cocaine,1,0,Operating W/O Valid License,8,Medium,1
Male,25 - 45,Other,0,0,0,8.0,-1.0,F,arrest case no charge,0,0,Possession Of Alprazolam,8,Low,0
Male,Less than 25,Other,0,0,0,0.0,-7.0,F,Aggravated Battery / Pregnant,0,0,,0,Low,0
Female,Less than 25,Native American,0,0,1,2.0,-1.0,M,Battery,1,0,,2,Low,0
Female,Greater than 45,Asian,0,0,0,4.0,-12.0,M,Grand Theft of a Fire Extinquisher,0,0,,4,Medium,0
Male,Greater than 45,Native American,0,2,0,3.0,-1.0,F,Driving While License Revoked,1,0,Possess Cannabis/20 Grams Or Less,3,Low,1
Female,Greater than 45,Native American,0,0,0,0.0,-1.0,M,Battery,0,0,,0,Low,0
Male,25 - 45,Native American,0,0,0,0.0,-1.0,F,Burglary Structure Unoccup,0,0,,0,Low,0
Male,Less than 25,Caucasian,0,0,0,22.0,-1.0,M,Possession of Cocaine,1,0,Unlawful Use Of License,21,Medium,1
Female,25 - 45,Caucasian,0,0,0,1.0,-23.0,M,Driving Under The Influence,0,0,,1,Low,0
Male,25 - 45,African-American,0,0,0,13.0,-1.0,F,arrest case no charge,1,1,Burglary Structure Assault/Batt,13,Medium,1
Female,Less than 25,Native American,4,0,0,8.0,-1.0,M,Battery,1,1,Agg Fleeing/Eluding High Speed,8,High,1
Female,25 - 45,Asian,0,0,0,4.0,-1.0,M,Battery,1,1,Battery,4,Low,1
Female,Greater than 45,Asian,1,0,0,19.0,-1.0,F,Possession of Cocaine,1,0,Petit Theft $100- $300,19,High,1
Male,Less than 25,Native American,2,0,0,6.0,-1.0,F,Burglary Dwelling Assault/Batt,1,1,Battery,6,Low,1
Male,Less than 25,African-American,0,0,0,6.0,0.0,F,arrest case no charge,1,1,Possess Cannabis/20 Grams Or Less,6,High,1
Female,25 - 45,Native American,0,0,0,6.0,-26.0,F,License Suspended Revoked,0,0,,6,Low,0
Female,25 - 45,Caucasian,0,0,0,2.0,-1.0,M,Aide/Abet Prostitution Lewdness,0,0,,2,Low,0
Female,Greater than 45,Other,0,0,0,0.0,-1.0,M,Prostitution,0,0,,0,Low,0
Male,25 - 45,Other,0,0,0,1.0,-1.0,F,Prostitution,0,0,,1,Low,0
Male,Greater than 45,Hispanic,3,0,0,13.0,-1.0,F,Felony Petit Theft,1,0,Trespass Structure/Conveyance,12,High,1
Male,Greater than 45,Other,0,0,0,2.0,0.0,M,Driving Under The Influence,0,0,,2,Low,0
Male,Less than 25,Native American,0,0,0,0.0,0.0,M,Operating W/O Valid License,0,0,,0,Low,0
Male,Greater than 45,Caucasian,0,0,0,3.0,0.0,M,Deliver Cocaine 1000FT Church,0,0,,3,High,0
Female,Less than 25,Hispanic,0,0,0,13.0,-1.0,F,arrest case no charge,1,0,Viol Injunct Domestic Violence,12,High,1
Male,Less than 25,Asian,0,0,0,4.0,-1.0,F,arrest case no charge,1,1,Battery,4,Medium,0
Female,25 - 45,Caucasian,0,0,0,2.0,-1.0,M,Resist/Obstruct W/O Violence,1,0,Sexual Battery Victim 12 Yrs +,2,Low,1
Male,25 - 45,Asian,0,0,0,1.0,-18.0,F,Aggravated Assault W/dead Weap,0,0,,1,Low,0
Male,Less than 25,Hispanic,0,0,0,0.0,-1.0,M,Battery,0,0,,0,Low,0
Female,Greater than 45,Caucasian,0,0,0,0.0,-1.0,F,Refuse Submit Blood/Breath Test,0,0,,0,Low,0
Male,Less than 25,Asian,0,0,0,0.0,0.0,F,Grand Theft (Motor Vehicle),0,0,,0,High,0
Female,Greater than 45,Native American,0,0,0,2.0,-1.0,F,Aggrav Child Abuse-Agg Battery,1,0,Possess Cannabis/20 Grams Or Less,2,High,1
Female,Greater than 45,Hispanic,0,0,1,7.0,-1.0,F,Carry Open/Uncov Bev In Pub,1,0,Petit Theft $100- $300,7,Medium,1
Male,Less than 25,Hispanic,0,0,0,0.0,-1.0,F,Harm Public Servant Or Family,0,0,,0,Low,0
Female,Less than 25,Asian,0,0,0,0.0,-1.0,F,Resist/Obstruct W/O Violence,0,0,,0,Low,0
Female,Less than 25,Native American,0,0,0,4.0,-1.0,F,Harm Public Servant Or Family,0,0,,4,Low,0
Male,Greater than 45,Native American,0,0,0,0.0,-1.0,M,arrest case no charge,1,0,Possess Cannabis/20 Grams Or Less,0,Medium,1
Male,Greater than 45,African-American,0,0,0,6.0,-1.0,F,arrest case no charge,1,0,,6,Low,0
Female,Greater than 45,Caucasian,0,0,0,7.0,0.0,F,Prostitution,1,1,False Ownership Info/Pawn Item,6,High,0
Female,Greater than 45,African-American,0,0,0,0.0,-1.0,F,Reckless Driving,0,0,,0,Low,0
Male,Less than 25,African-American,0,0,0,1.0,-1.0,F,Unlaw Use False Name/Identity,1,0,Driving While License Revoked,1,Medium,1
Female,25 - 45,Other,0,0,0,0.0,-1.0,F,Battery On Fire Fighter,0,0,Reckless Display Of Weapon,0,Low,0
Male,Less than 25,African-American,0,0,1,1.0,0.0,F,Uttering Worthless Check +$150,0,0,,1,Medium,0
Male,Less than 25,Native American,0,0,0,0.0,-4.0,F,Deliver Cocaine 1000FT Church,1,0,Fail Register Vehicle,0,Low,1
Female,Greater than 45,Native American,3,0,1,14.0,-1.0,F,Felony Battery (Dom Strang),1,0,Felony Petit Theft,14,High,1
Male,Greater than 45,African-American,0,0,0,0.0,-1.0,M,Battery,0,0,,0,Low,0
Male,Greater than 45,Asian,0,0,0,0.0,-1.0,F,Possession of Cocaine,0,0,,0,Medium,0
Female,25 - 45,Caucasian,0,0,0,0.0,0.0,M,Harm Public Servant Or Family,0,0,,0,Low,0
Female,Greater than 45,Caucasian,0,0,0,0.0,-1.0,F,Battery,1,0,Petit Theft $100- $300,0,Low,1
Male,25 - 45,Native American,0,0,0,0.0,-1.0,F,Fabricating Physical Evidence,0,0,,0,Medium,0
Male,25 - 45,Hispanic,0,0,0,10.0,-1.0,M,Obstruct Officer W/Violence,1,1,Battery,10,Medium,1
Male,Greater than 45,Hispanic,0,0,0,2.0,-1.0,F,Grand Theft (Motor Vehicle),1,0,Poss Of RX Without RX,2,Low,1
Male,25 - 45,Caucasian,0,0,0,1.0,-22.0,F,Possession of Cocaine,1,0,,1,Low,1
Female,Less than 25,Other,0,0,0,4.0,-5.0,M,Battery,0,0,,4,Low,0
Female,Less than 25,Native American,0,0,0,2.0,-1.0,F,Interfere W/Traf Cont Dev RR,0,0,,2,Medium,0
Female,Greater than 45,African-American,0,0,0,8.0,-1.0,F,arrest case no charge,1,0,Exposes Culpable Negligence,8,High,1
Female,25 - 45,Other,0,0,1,6.0,0.0,M,Agg Battery Grt/Bod/Harm,1,0,Trespass Struct/Conveyance,6,High,1
Male,Less than 25,Hispanic,0,0,0,2.0,-1.0,F,Violation License Restrictions,0,0,,2,Low,0
Male,25 - 45,Asian,0,0,0,1.0,-1.0,M,Refuse Submit Blood/Breath Test,1,0,,1,Low,1
Male,25 - 45,African-American,0,0,0,9.0,0.0,M,arrest case no charge,1,0,Possession Of Alprazolam,9,Low,1
Female,Greater than 45,Hispanic,0,0,0,1.0,-1.0,F,Fabricating Physical Evidence,1,1,Battery,1,Low,1
Male,25 - 45,Native American,0,0,0,1.0,-1.0,F,Felony Petit Theft,1,1,Battery,1,Low,0
Male,25 - 45,Hispanic,0,1,0,17.0,0.0,F,Harm Public Servant Or Family,1,0,Possess Cannabis/20 Grams Or Less,17,Medium,1
Female,Greater than 45,Hispanic,0,0,0,1.0,-1.0,F,Felony Petit Theft,0,0,,1,Low,0
Male,Less than 25,African-American,0,0,1,3.0,16.681154544893886,F,arrest case no charge,1,0,Unlaw LicTag/Sticker Attach,3,Medium,1
Male,Less than 25,African-American,1,0,1,5.0,0.0,M,"Poss Of 1,4-Butanediol",1,0,Burglary Structure Unoccup,5,Medium,1
Female,Less than 25,Other,0,0,0,0.0,-1.0,M,Battery,0,0,,0,Low,0
Female,25 - 45,African-American,0,0,0,0.0,-1.0,M,Driving Under The Influence,1,0,Unlaw Use False Name/Identity,0,Low,1
Male,Less than 25,Asian,0,0,0,1.0,-1.0,F,Grand Theft (Motor Vehicle),0,0,,1,Low,0
Female,Less than 25,Caucasian,0,0,0,0.0,-1.0,F,Poss Pyrrolidinovalerophenone,1,0,Criminal Mischief>$200<$1000,0,High,1
Male,Greater than 45,Caucasian,0,0,0,0.0,-1.0,M,Battery,1,0,Unlaw Use False Name/Identity,0,Medium,1
Male,Less than 25,Hispanic,0,0,0,5.0,0.0,F,Driving While License Revoked,1,0,Agg Fleeing/Eluding High Speed,5,Medium,1
Female,25 - 45,Asian,0,0,0,1.0,-1.0,M,Resist/Obstruct W/O Violence,1,1,Battery,1,Low,1
Female,Less than 25,Asian,0,0,0,0.0,-1.0,F,Driving While License Revoked,0,0,,0,Low,0
Female,25 - 45,Asian,2,1,0,9.0,-1.0,F,Poss Unlaw Issue Id,0,0,,9,High,0
Female,Less than 25,African-American,0,0,1,0.0,0.0,M,Deliver Cocaine 1000FT Church,1,0,Possess Cannabis/20 Grams Or Less,0,Medium,1
Male,25 - 45,African-American,0,0,0,0.0,0.0,M,Battery,0,0,,0,Medium,0
Female,25 - 45,Other,0,0,0,0.0,0.0,M,Aggravated Assault W/Dead Weap,0,0,,0,Low,0
Female,Greater than 45,Caucasian,0,0,0,4.0,0.0,F,"Poss Of 1,4-Butanediol",1,0,Susp Drivers Lic 1st Offense,4,High,1
Female,Greater than 45,Native American,0,0,0,0.0,-1.0,M,Battery,0,0,,0,Low,0
Male,Less than 25,Asian,0,0,0,0.0,-1.0,F,Possession of Methadone,0,0,,0,Medium,0
Female,25 - 45,African-American,0,0,0,8.0,-1.0,F,Unl/Disturb Education/Instui,1,1,Felony Battery (Dom Strang),8,Medium,1
Male,Greater than 45,Asian,0,0,0,5.0,-1.0,M,Battery,1,0,Prowling/Loitering,5,High,1
Female,Less than 25,Native American,0,0,0,1.0,-1.0,F,Possession of Cocaine,1,1,Fraudulent Use Credit Card,1,Low,1
Male,Less than 25,Native American,0,1,0,3.0,-1.0,F,Unl/Disturb Education/Instui,1,0,Possess Countrfeit Credit Card,3,High,1
Male,Greater than 45,African-American,0,0,2,4.0,-1.0,F,Prostitution,1,0,Possess Cannabis/20 Grams Or Less,4,High,1
Female,25 - 45,African-American,0,0,0,1.0,-21.0,F,Agg Battery Grt/Bod/Harm,1,0,Prowling/Loitering,1,Medium,1
Male,Less than 25,African-American,0,0,0,4.0,0.0,F,Expired DL More Than 6 Months,1,1,Prowling/Loitering,4,High,1
Female,Greater than 45,African-American,0,0,0,0.0,-1.0,F,arrest case no charge,0,0,,0,Low,0
Male,25 - 45,African-American,0,0,0,2.0,-1.0,F,Battery On Fire Fighter,0,0,,2,Low,0
Female,25 - 45,Hispanic,0,0,0,2.0,-1.0,F,arrest case no charge,1,0,Trespass/Property/Other Structure,2,Medium,1
Female,Less than 25,Caucasian,0,0,0,19.0,-1.0,F,Possession of Cocaine,0,0,,19,Medium,0
Male,Less than 25,African-American,0,0,0,3.0,-1.0,M,arrest case no charge,1,0,Operating W/O Valid License,3,Medium,0
Female,Greater than 45,Asian,0,0,2,1.0,-1.0,F,Possession Of Alprazolam,0,0,,1,Low,0
Female,Less than 25,Hispanic,0,0,0,0.0,0.0,M,DUI Property Damage/Injury,0,0,,0,Low,0
Male,25 - 45,Hispanic,0,0,0,7.0,21.121671196825744,F,Resist/Obstruct W/O Violence,1,0,Viol Injunct Domestic Violence,7,Low,1
Female,Greater than 45,Asian,0,0,0,12.0,-1.0,F,Possession of Cocaine,1,0,,12,High,0
Female,Less than 25,Caucasian,0,0,0,1.0,-1.0,M,Expired DL More Than 6 Months,0,0,,1,Low,0
Male,25 - 45,African-American,0,0,0,1.0,-1.0,M,Battery,1,0,Susp Drivers Lic 1st Offense,1,Low,1
Female,Less than 25,Hispanic,0,0,0,1.0,-8.0,M,Petit Theft,1,0,Poss Of RX Without RX,1,Low,1
Male,Less than 25,Asian,0,0,0,1.0,-23.0,F,Burglary Structure Unoccup,1,0,Possess Cannabis/20 Grams Or Less,1,Low,1
Female,Less than 25,Asian,0,0,0,3.0,0.0,M,Battery,1,0,Trespass Structure/Conveyance,3,Medium,1
Male,25 - 45,Asian,2,0,0,4.0,-1.0,F,arrest case no charge,1,0,Trespass Structure/Conveyance,4,High,1
Male,25 - 45,Caucasian,0,0,0,4.0,0.0,M,Obstruct Officer W/Violence,1,1,Possess Countrfeit Credit Card,4,Medium,1
Male,25 - 45,African-American,0,0,0,0.0,-1.0,F,License Suspended Revoked,1,1,Battery,0,Low,1
Female,Greater than 45,Other,0,0,0,0.0,-2.0,F,Murder in the First Degree,1,0,Unlaw LicTag/Sticker Attach,0,Low,1
Female,Greater than 45,Other,1,0,0,12.0,-1.0,F,Poss Cocaine/Intent To Del/Sel,0,0,,12,Medium,0
Male,Greater than 45,Hispanic,0,0,0,0.0,-1.0,F,Poss Similitude of Drivers Lic,0,0,,0,Low,0
Male,25 - 45,Native American,0,0,0,11.0,-1.0,F,Possession of Cocaine,1,0,Possess Drug Paraphernalia,11,High,1
Male,25 - 45,Asian,0,0,0,5.0,-1.0,F,Burglary Conveyance Assault/Bat,0,1,Petit Theft $100- $300,5,High,1
Male,Less than 25,African-American,2,2,1,19.86006085034562,-1.0,F,Tampering With Physical Evidence,1,0,Trespass Struct/Convey Occupy,20,High,1
Male,25 - 45,Native American,0,0,0,0.0,0.0,F,Burglary Conveyance Unoccup,0,0,,0,Low,0
Male,Greater than 45,Other,0,1,0,7.0,-1.0,F,Carry Open/Uncov Bev In Pub,1,1,Battery,7,High,1
Male,Less than 25,Caucasian,0,0,0,0.0,-1.0,F,Agg Battery Grt/Bod/Harm,0,0,,0,Low,0
Female,25 - 45,Other,0,0,0,1.0,-1.0,F,arrest case no charge,0,0,,1,Low,1
Male,25 - 45,African-American,0,0,0,0.0,-1.0,M,Battery,0,0,,0,Low,0
Male,25 - 45,African-American,0,1,0,3.0,-21.838820518940217,F,Interfere W/Traf Cont Dev RR,1,0,Possess Cannabis/20 Grams Or Less,3,Medium,0
Female,Less than 25,Native American,0,0,0,0.0,0.0,M,Driving Under The Influence,0,0,,0,Low,0
Male,Less than 25,Hispanic,0,0,0,0.0,-2.0,F,Burglary Conveyance Unoccup,0,0,,0,Low,0
Male,Greater than 45,Caucasian,0,0,0,17.0,-2.0,F,Possession of Cocaine,1,0,Purchase Of Cocaine,17,High,1
Female,25 - 45,Native American,0,0,0,5.0,-1.0,M,Carry Open/Uncov Bev In Pub,1,1,Battery,5,High,1
Male,25 - 45,Native American,0,0,0,6.0,-1.0,F,arrest case no charge,0,0,,6,Medium,0
Female,25 - 45,Native American,0,0,0,19.0,0.0,F,Possession of Cocaine,1,0,Unlaw LicTag/Sticker Attach,19,High,1
Male,25 - 45,African-American,0,0,0,2.0,-1.0,F,arrest case no charge,0,0,,2,Low,0
Female,Less than 25,Caucasian,0,0,0,2.0,-1.0,F,Possession of Cocaine,0,0,,2,Medium,0
Female,Greater than 45,Other,0,0,0,3.0,0.0,M,Reckless Driving,1,1,POSSESS FIELD BOX WITH REGISTERED MARK,3,Low,1
Male,Greater than 45,Other,0,0,0,12.0,-1.0,F,Poss Pyrrolidinovalerophenone,1,0,Possess Cannabis/20 Grams Or Less,12,High,1
Male,Less than 25,Asian,0,0,0,4.0,-1.0,M,Battery,1,0,Operating W/O Valid License,4,High,1
Female,25 - 45,Hispanic,0,0,0,1.0,0.0,M,Possession of Methadone,0,0,,1,Medium,0
Male,Greater than 45,Native American,0,0,0,0.0,-1.0,F,Possession of Benzylpiperazine,1,0,Operating W/O Valid License,0,High,1
Female,Less than 25,Caucasian,0,0,0,0.0,0.0,F,Prowling/Loitering,0,0,,0,Low,0
Female,Less than 25,African-American,0,0,0,7.0,-1.0,M,Battery,0,0,,7,Low,0
Male,Less than 25,African-American,0,0,0,9.0,-1.0,F,Carrying Concealed Firearm,1,1,Felony Petit Theft,9,Medium,1
Male,Less than 25,Caucasian,0,0,0,2.0,-1.0,M,Battery,1,0,Unnatural/Lascivious Act,2,Low,1
Male,Less than 25,African-American,0,3,1,6.0,-1.0,M,Grand Theft of a Fire Extinquisher,0,0,,6,Medium,0
Male,Less than 25,Hispanic,0,0,0,0.0,0.0,M,Battery,0,0,,0,Low,0
Female,Less than 25,Asian,0,0,0,0.0,-1.0,M,Battery,0,0,,0,Low,0
Female,25 - 45,Asian,0,0,0,1.0,-1.0,M,Battery,1,1,POSSESS FIELD BOX WITH REGISTERED MARK,1,Medium,0
Male,25 - 45,Caucasian,0,0,0,0.0,-1.0,F,Aide/Abet Prostitution Lewdness,0,0,,0,Medium,0
Male,25 - 45,Hispanic,0,0,0,0.0,-1.0,F,Poss Of RX Without RX,0,0,,0,Low,0
Male,Less than 25,Caucasian,0,0,0,2.0,0.0,F,Petit Theft,1,0,DUI Level 0.15 Or Minor In Veh,2,Low,1
Male,Greater than 45,Caucasian,0,0,0,0.0,-1.0,F,arrest case no charge,0,0,,0,Low,0
Male,25 - 45,Hispanic,0,0,0,28.263188450500436,-1.0,F,Possession of Cocaine,1,0,Sexual Battery Victim 12 Yrs +,28,High,1
Female,Less than 25,Other,0,0,0,19.0,-1.0,F,Driving While License Revoked,1,0,Operating W/O Valid License,18,High,1
Male,Less than 25,Caucasian,0,0,0,2.0,-1.0,F,Tamper With Witness,1,0,,2,Low,1
Female,Less than 25,Hispanic,0,0,0,3.0,-1.0,F,Possession of Cocaine,1,0,Possess Countrfeit Credit Card,3,Medium,1
Male,Less than 25,Asian,0,0,0,0.0,-1.0,F,Uttering Forged Bills,0,0,,0,Low,0
Female,Less than 25,Native American,0,0,0,3.0,-1.0,F,Burglary Structure Unoccup,1,0,Operating W/O Valid License,3,Low,1
Male,Less than 25,Other,0,0,0,0.0,-1.0,F,Carry Open/Uncov Bev In Pub,0,0,,0,Low,0
Female,Greater than 45,Other,0,0,0,0.0,0.0,M,Obstruct Officer W/Violence,0,0,,0,Low,0
Male,Less than 25,Asian,0,0,0,1.0,-1.0,F,Viol Prot Injunc Repeat Viol,0,0,,1,Low,0
Male,25 - 45,Asian,0,0,0,0.0,0.0,F,DUI- Enhanced,0,0,,0,Medium,0
Female,25 - 45,Caucasian,0,0,1,2.0,-1.0,F,"Poss Of 1,4-Butanediol",1,0,,2,High,1
Male,Less than 25,Asian,0,0,0,0.0,-1.0,M,DUI Property Damage/Injury,0,0,,0,Low,0
Male,Greater than 45,Hispanic,0,0,0,1.0,0.0,F,Grand Theft (Motor Vehicle),1,0,Unlawful Use Of License,1,Medium,0
Female,Greater than 45,African-American,0,0,0,0.0,-1.0,F,Possession of Cocaine,1,1,Prostitution,0,Low,0
Female,25 - 45,Caucasian,0,0,0,14.0,-1.0,F,Harm Public Servant Or Family,1,0,,14,Medium,0
Female,25 - 45,African-American,0,0,0,0.0,-1.0,M,Viol Prot Injunc Repeat Viol,0,0,,0,Low,0
Female,25 - 45,Native American,0,0,0,1.0,-1.0,M,DUI- Enhanced,1,0,Operating W/O Valid License,1,Medium,1
Male,Greater than 45,African-American,1,1,2,15.044530601094165,-1.0,F,Driving While License Revoked,1,0,Petit Theft,15,High,1
Female,Greater than 45,Native American,0,0,0,2.0,-5.0,F,arrest case no charge,0,0,,2,Low,0
Male,Less than 25,Caucasian,0,0,2,4.0,-10.0,M,Prostitution/Lewd Act Assignation,0,0,,4,High,0
Male,Less than 25,African-American,0,0,0,0.0,0.0,F,Possession of Cocaine,0,0,,0,Low,0
Male,25 - 45,Hispanic,0,0,0,0.0,0.0,F,arrest case no charge,0,0,,0,Low,0
Male,Less than 25,Asian,0,1,0,6.0,0.0,F,Reckless Driving,1,0,Possess Cannabis/20 Grams Or Less,6,Medium,1
Male,25 - 45,African-American,0,0,0,0.0,-1.0,M,DUI Property Damage/Injury,0,0,,0,Low,0
Male,25 - 45,Asian,0,0,0,4.0,-1.0,M,Possession of Cocaine,1,0,Poss Of RX Without RX,4,Medium,0
Female,25 - 45,Native American,0,0,0,0.0,-1.0,F,Petit Theft,1,1,Sale of Alcoholic Bev to Minor,0,High,1
Male,Less than 25,Native American,0,0,0,3.0,-1.0,F,Aide/Abet Prostitution Lewdness,1,0,Reckless Driving,3,Low,1
Female,Greater than 45,Caucasian,0,0,0,9.0,-1.0,F,Driving While License Revoked,0,0,,9,Low,0
Female,Less than 25,Hispanic,0,0,0,0.0,0.0,F,Harm Public Servant Or Family,1,0,DUI Level 0.15 Or Minor In Veh,0,Medium,1
Female,25 - 45,Hispanic,0,0,0,5.0,-1.0,M,Battery,1,0,Burglary Structure Unoccup,5,Medium,1
Female,25 - 45,Native American,0,0,0,2.0,-1.0,M,arrest case no charge,0,0,,2,Low,0
Male,Less than 25,Native American,0,0,0,0.0,-1.0,M,Driving Under The Influence,0,0,,0,Low,0
Male,Greater than 45,Other,0,0,0,1.0,-1.0,M,Battery,0,0,,1,Low,0
Female,25 - 45,Native American,0,1,0,3.0,0.0,F,Lewd/Lasc Battery Pers 12+/<16,0,0,,3,Medium,0
Female,25 - 45,Caucasian,0,0,0,0.0,-1.0,F,Poss of Firearm by Convic Felo,1,0,,0,Low,1
Male,25 - 45,Caucasian,0,0,0,1.0,-10.0,F,Viol Prot Injunc Repeat Viol,0,0,,1,Low,0
Female,Greater than 45,Hispanic,0,0,0,0.0,-3.0,M,Expired DL More Than 6 Months,1,1,Battery,0,Low,1
Female,25 - 45,Hispanic,0,0,0,3.0,-17.468733911644417,F,DUI- Enhanced,0,0,,3,Low,0
Male,Greater than 45,Asian,0,0,0,6.0,0.0,M,Battery,1,0,Unnatural/Lascivious Act,6,Low,1
Male,Less than 25,African-American,0,0,0,0.0,-1.0,F,Burglary Conveyance Unoccup,1,0,Petit Theft $100- $300,0,High,1
Male,Less than 25,African-American,0,0,0,3.0,0.0,F,Expired DL More Than 6 Months,1,0,Fail Register Vehicle,3,Low,1
Male,Greater than 45,African-American,0,0,0,0.0,-1.0,F,Grand Theft (Motor Vehicle),0,0,,0,Medium,0
Male,25 - 45,Caucasian,0,0,0,1.0,-1.0,F,arrest case no charge,0,0,,1,Low,0
Female,Less than 25,Hispanic,0,0,0,0.0,-1.0,M,Battery,1,0,Operating W/O Valid License,0,Low,0
Female,25 - 45,Hispanic,0,0,0,2.0,-1.0,F,Driving While License Revoked,0,0,,2,Medium,1
Male,Greater than 45,Caucasian,0,0,0,3.0,-1.0,F,Driving While License Revoked,0,0,,3,Low,0
Female,Less than 25,Native American,0,0,0,2.0,-1.0,F,Possession of Cocaine,1,0,Possession Of Alprazolam,2,Low,1
Male,Greater than 45,African-American,0,0,0,0.0,-1.0,M,Aide/Abet Prostitution Lewdness,0,0,,0,Low,0
Female,Less than 25,Caucasian,0,0,0,3.0,-1.0,M,Battery,0,0,,3,Low,1
Male,Less than 25,Other,0,0,0,0.0,-1.0,M,DUI Property Damage/Injury,0,0,,0,Low,0
Female,25 - 45,Native American,0,0,0,0.0,-1.0,M,Battery,0,0,,0,Low,0
Male,25 - 45,African-American,0,0,0,0.0,-1.0,F,Uttering Worthless Check +$150,0,0,,0,Low,0
Male,Greater than 45,Native American,0,1,2,2.0,-2.0,F,Interfere W/Traf Cont Dev RR,1,0,Deliver Cannabis,2,Medium,1
Male,Greater than 45,Caucasian,0,0,0,1.0,-1.0,M,Battery,1,1,Battery,1,Medium,1
Female,Greater than 45,Caucasian,0,0,0,4.0,-1.0,F,Aggravated Battery / Pregnant,1,0,Unlaw LicTag/Sticker Attach,4,Low,1
Female,Greater than 45,Caucasian,0,0,0,0.0,-1.0,M,Aggravated Battery / Pregnant,1,1,Battery,0,Low,0
Male,Less than 25,Asian,0,0,0,0.0,0.0,M,Battery,0,0,,0,Low,0
Male,25 - 45,Other,0,1,1,10.0,-4.0,F,Poss of Firearm by Convic Felo,1,0,Sexual Battery Victim 12 Yrs +,10,High,1
Female,Less than 25,Hispanic,1,0,0,5.0,-1.0,M,arrest case no charge,0,0,,5,High,0
Female,Greater than 45,Caucasian,0,0,3,0.0,0.0,F,Poss Meth/Diox/Meth/Amp (MDMA),1,0,Possess Cannabis/20 Grams Or Less,0,Low,1
Male,Greater than 45,Caucasian,0,0,0,0.0,-1.0,F,Agg Battery Grt/Bod/Harm,0,0,,0,Low,0
Male,Less than 25,Caucasian,0,0,0,7.0,-1.0,F,Uttering Worthless Check +$150,1,0,Stalking,7,Medium,1
Male,Less than 25,Native American,0,0,0,0.0,-1.0,M,Battery,0,0,,0,Low,0
Female,Less than 25,Other,0,1,0,18.0,0.0,F,Driving While License Revoked,1,1,Neglect Child / No Bodily Harm,14,Medium,1
Female,Greater than 45,Other,0,0,0,1.0,0.0,M,Battery,0,0,,1,Low,0
Female,25 - 45,Other,0,0,0,0.0,-1.0,F,Possession of Benzylpiperazine,0,0,,0,Low,0
Female,25 - 45,Hispanic,0,0,0,0.0,-1.0,M,Battery,0,0,,0,Low,0
Male,Less than 25,Asian,0,0,0,10.0,13.229574561866556,M,Operating W/O Valid License,1,0,Possess Cannabis/20 Grams Or Less,9,Medium,1
Male,Less than 25,Other,0,0,0,0.0,-1.0,M,Interfere W/Traf Cont Dev RR,0,0,,0,Low,0
Male,25 - 45,Asian,0,0,0,3.0,-1.0,F,Carry Open/Uncov Bev In Pub,0,0,,3,Low,0
Male,Greater than 45,Asian,0,0,0,0.0,-1.0,M,Battery,1,1,Battery,0,Low,1
Female,Greater than 45,Native American,1,2,0,9.0,-1.0,F,Aggrav Battery w/Deadly Weapon,1,0,Felony Driving While Lic Suspd,9,High,1
Male,25 - 45,Native American,0,0,0,0.0,-4.0,F,arrest case no charge,0,0,,0,Low,0
Male,25 - 45,Caucasian,0,0,0,0.0,0.0,F,Felony DUI (level 3),0,0,,0,Medium,0
Female,Less than 25,Asian,0,0,0,0.0,0.0,F,Possession Of Alprazolam,1,1,Battery,0,Medium,1
Male,25 - 45,African-American,0,1,0,4.0,-1.0,F,arrest case no charge,1,0,Possess Cannabis/20 Grams Or Less,4,High,1
Female,Less than 25,Native American,0,0,0,0.0,-1.0,M,Battery,0,0,,0,Low,0
Male,25 - 45,Hispanic,0,0,0,12.0,-1.0,F,Possession of Cocaine,1,0,Petit Theft $100- $300,12,High,1
Male,25 - 45,Native American,0,0,0,0.0,0.0,M,Poss Of RX Without RX,1,0,Prowling/Loitering,0,Low,1
Female,25 - 45,Caucasian,0,0,0,4.0,6.748146451677826,M,DUI- Enhanced,1,0,Felony Petit Theft,4,High,1
Female,Less than 25,Native American,0,0,1,9.0,-1.0,M,arrest case no charge,1,1,Fraudulent Use Credit Card,9,Medium,1
Male,25 - 45,Caucasian,0,0,0,8.0,-23.0,M,arrest case no charge,1,0,Fail Register Vehicle,8,Medium,0
Male,Greater than 45,Hispanic,0,0,0,0.0,-1.0,F,Possession of Methadone,0,0,Driving While License Revoked,0,Low,1
Female,Less than 25,African-American,0,0,0,0.0,-1.0,F,Tamper With Witness,0,0,,0,Low,0
Male,Greater than 45,Caucasian,0,0,0,4.0,-1.0,M,Battery,0,0,,4,Low,0
Male,Less than 25,African-American,0,0,0,0.0,-1.0,F,False Info LEO During Invest,0,0,,0,Low,1
Female,Greater than 45,African-American,0,0,0,1.0,-21.0,M,Battery,0,0,,1,Low,0
Male,25 - 45,Asian,0,0,0,1.0,-5.0,F,arrest case no charge,0,0,,1,Medium,0
Male,Greater than 45,Other,0,0,0,3.0,-1.0,M,Tamper With Witness,0,0,Leave Acc/Attend Veh/More $50,3,Medium,0
Male,Less than 25,African-American,0,0,0,2.0,-1.0,M,Battery,0,0,,2,Low,0
Female,Greater than 45,Asian,0,0,0,7.0,-23.0,F,Felony Petit Theft,1,1,Battery,7,Low,1
Female,25 - 45,Native American,0,0,0,1.0,-1.0,F,arrest case no charge,0,0,Grand Theft (Motor Vehicle),1,Low,0
Male,Less than 25,Other,0,0,0,0.0,0.0,F,License Suspended Revoked,0,0,,0,Low,0
Male,Greater than 45,Asian,0,0,0,0.0,0.0,M,Burglary Dwelling Occupied,0,0,,0,Low,0
Male,Greater than 45,Caucasian,0,0,0,7.0,-1.0,M,Tresspass Struct/Conveyance,1,0,Susp Drivers Lic 1st Offense,7,Low,1
Male,Greater than 45,African-American,0,0,0,4.0,-26.0,F,Possession of Cocaine,0,0,,4,Low,0
Female,Less than 25,Caucasian,0,0,0,6.0,-4.0,M,Petit Theft,1,0,Possess Drug Paraphernalia,7,Medium,1
Female,25 - 45,African-American,0,0,0,3.0,-1.0,M,Reckless Driving,1,1,Fraudulent Use Credit Card,3,Low,1
Female,Greater than 45,Native American,0,0,0,4.0,0.0,F,Driving While License Revoked,1,0,Driving While License Revoked,4,Medium,1
Female,Less than 25,African-American,0,0,0,1.0,-1.0,M,Aggravated Assault W/Dead Weap,0,0,,1,Low,0
Female,25 - 45,African-American,0,0,0,1.0,-18.0,F,arrest case no charge,1,0,Possess Cannabis/20 Grams Or Less,1,Low,1
Female,Less than 25,African-American,0,0,0,0.0,-1.0,F,Traffick Amphetamine 28g><200g,1,0,Possess Countrfeit Credit Card,0,Low,1
Male,Less than 25,African-American,0,0,0,0.0,0.0,F,Uttering Forged Bills,0,0,,0,High,0
Female,25 - 45,Asian,0,0,0,9.0,-1.0,F,Depriv LEO of Protect/Communic,1,1,Viol Injunct Domestic Violence,6,Low,1
Female,25 - 45,Caucasian,0,0,0,1.0,0.0,M,Battery,0,0,,1,Medium,0
Male,Greater than 45,African-American,0,0,0,0.0,-3.0,F,Burglary Conveyance Unoccup,1,0,Possess Cannabis/20 Grams Or Less,0,Medium,1
Female,Greater than 45,African-American,0,0,0,1.0,-1.0,F,Aggravated Battery / Pregnant,1,0,Possess Cannabis/20 Grams Or Less,1,Medium,1
Female,25 - 45,Native American,0,5,0,36.667706973783346,-1.0,F,arrest case no charge,1,1,POSSESS FIELD BOX WITH REGISTERED MARK,36,Medium,1
Male,Less than 25,Native American,0,1,0,26.168689621936842,-1.0,F,Driving While License Revoked,1,0,Grand Theft (Motor Vehicle),26,High,1
Female,25 - 45,Caucasian,0,0,0,0.0,-3.0,F,Grand Theft of a Fire Extinquisher,1,0,Leave Acc/Attend Veh/More $50,0,Low,1
Female,Greater than 45,Other,0,0,0,0.0,-1.0,F,arrest case no charge,0,0,,0,Low,0
Female,Less than 25,African-American,0,0,0,1.0,0.0,M,Battery,1,1,Battery,1,Medium,1
Female,25 - 45,Asian,0,0,0,2.0,-1.0,F,Violation License Restrictions,0,0,,2,Low,0
Male,25 - 45,Native American,0,0,0,5.0,-1.0,F,arrest case no charge,1,0,Possess Cannabis/20 Grams Or Less,5,Low,1
Female,25 - 45,Caucasian,0,0,0,1.0,-1.0,F,arrest case no charge,0,0,,1,Low,0
Male,Less than 25,Other,0,0,0,1.0,-1.0,M,arrest case no charge,0,0,,1,Low,0
Female,25 - 45,Caucasian,0,0,0,1.0,-1.0,F,Battery,1,0,Possession Of Alprazolam,1,Low,1
Female,Less than 25,Hispanic,0,0,0,0.0,-1.0,M,Battery,0,0,,0,Low,0
Male,Less than 25,Other,0,0,0,0.0,-1.0,F,Traffick Amphetamine 28g><200g,0,0,,0,Low,0
Male,Less than 25,African-American,0,0,1,10.0,0.0,F,Poss Similitude of Drivers Lic,0,0,Petit Theft,10,Low,1
Male,25 - 45,Caucasian,0,0,0,4.0,0.0,F,arrest case no charge,1,0,Susp Drivers Lic 1st Offense,4,Medium,1
Male,25 - 45,Asian,0,0,0,0.0,-1.0,F,Poss Cocaine/Intent To Del/Sel,0,0,,0,Low,0
Female,Greater than 45,Caucasian,0,0,0,1.0,-20.0,F,Aggrav Child Abuse-Agg Battery,0,0,,1,Low,0
Male,Greater than 45,Hispanic,0,0,0,2.0,0.0,M,Battery,0,0,,2,Medium,0
Male,Less than 25,African-American,0,0,0,4.0,0.0,F,Possession of Cocaine,0,0,,4,Low,0
Female,25 - 45,Caucasian,0,0,0,1.0,0.0,M,Battery,1,0,,1,High,0
Female,25 - 45,African-American,0,0,0,0.0,-1.0,M,Battery,1,0,Unlaw Use False Name/Identity,0,Medium,1
Female,Greater than 45,African-American,0,0,0,4.0,-1.0,M,Battery,1,1,No/Improper Drivers License,4,Medium,1
Female,25 - 45,Caucasian,0,0,0,0.0,0.0,F,Battery,1,0,Fail Register Vehicle,0,Low,1
Female,Greater than 45,African-American,0,1,0,2.0,-15.0,F,Possession of Cocaine,1,0,Possess Cannabis/20 Grams Or Less,2,High,1
Female,Less than 25,African-American,0,0,0,4.0,-1.0,M,Battery,1,1,Battery,4,Low,1
Female,Less than 25,Caucasian,0,1,0,2.0,-1.0,F,Murder in the First Degree,1,1,No/Improper Drivers License,3,High,1
Male,Greater than 45,Caucasian,0,0,0,9.0,-1.0,F,Felony Petit Theft,1,0,Felony Petit Theft,9,High,1
Male,Greater than 45,Native American,0,0,0,2.0,-1.0,F,Viol Prot Injunc Repeat Viol,1,0,Leave Acc/Attend Veh/More $50,2,Low,1
Male,25 - 45,Caucasian,0,0,0,3.0,-1.0,F,arrest case no charge,0,0,,3,Low,0
Female,Less than 25,Hispanic,0,0,0,0.0,0.0,M,Battery,0,0,,0,Low,0
Male,25 - 45,African-American,0,1,0,11.0,-1.0,F,Possession of Cocaine,1,0,DWLS Habitual Offender 2nd,11,High,1
Female,25 - 45,Asian,0,0,0,1.0,-1.0,M,Unlaw Use False Name/Identity,0,0,,1,Medium,0
Male,Less than 25,Asian,0,0,0,0.0,-1.0,M,Battery,0,0,,0,Low,0
Male,Less than 25,Other,0,0,0,2.0,-1.0,F,Obstruct Officer W/Violence,0,0,,2,Medium,0
Female,Greater than 45,Hispanic,0,0,0,12.0,-1.0,F,Aggrav Child Abuse-Agg Battery,1,1,Possess Countrfeit Credit Card,12,High,1
Male,25 - 45,Hispanic,0,0,0,0.0,-1.0,F,Resist/Obstruct W/O Violence,1,0,Unnatural/Lascivious Act,0,Low,1
Male,25 - 45,Hispanic,0,0,0,4.0,-1.0,F,arrest case no charge,1,0,Operating W/O Valid License,4,High,1
Female,25 - 45,Asian,0,0,0,6.0,-1.0,F,arrest case no charge,1,1,Possess Drug Paraphernalia,6,Medium,1
Male,Greater than 45,African-American,0,0,0,2.0,-1.0,F,Possession of Cocaine,1,0,Sexual Battery Victim 12 Yrs +,2,Medium,1
Male,Less than 25,Other,0,0,0,9.0,-8.0,F,arrest case no charge,1,0,Grand Theft (Motor Vehicle),9,High,1
Female,25 - 45,Hispanic,0,0,0,0.0,-1.0,M,"Poss Of 1,4-Butanediol",1,0,Possess Cannabis/20 Grams Or Less,0,Medium,1
Female,Less than 25,Hispanic,0,0,0,0.0,-6.0,F,Poss Cocaine/Intent To Del/Sel,0,0,,0,High,0
Female,25 - 45,Other,0,0,0,1.0,-1.0,F,arrest case no charge,0,0,,1,Low,0
Female,Less than 25,Other,0,0,0,13.0,-1.0,M,Poss Similitude of Drivers Lic,1,1,Battery,13,High,1
Male,25 - 45,Caucasian,0,0,0,0.0,-1.0,M,Battery,1,0,,0,Medium,0
Female,Greater than 45,Native American,0,0,0,0.0,-1.0,F,arrest case no charge,1,0,Susp Drivers Lic 1st Offense,0,Low,1
Female,Greater than 45,African-American,0,0,0,0.0,-1.0,M,Battery,1,1,Battery,0,Low,1
Female,Less than 25,Caucasian,0,0,3,1.0,-24.0,F,Prostitution/Lewd Act Assignation,1,0,Petit Theft $100- $300,1,Low,1
Male,Greater than 45,Caucasian,0,2,0,2.0,-22.0,M,Aide/Abet Prostitution Lewdness,0,0,,2,Low,0
Male,Greater than 45,Caucasian,0,0,0,1.0,-4.0,M,Driving Under The Influence,0,0,,1,Low,0
Female,Greater than 45,Caucasian,1,0,0,2.0,-1.0,M,"Poss Of 1,4-Butanediol",1,0,Driving While License Revoked,2,Low,1
Male,Greater than 45,Other,0,0,0,0.0,0.0,F,Tamper With Witness,0,0,,0,Medium,0
Male,Greater than 45,Other,0,0,0,1.0,-1.0,F,Burglary Structure Unoccup,1,1,Battery,1,Low,1
Female,25 - 45,Asian,0,0,0,7.0,-1.0,F,Felony DUI (level 3),1,0,Operating W/O Valid License,7,High,1
Male,25 - 45,Native American,0,0,0,6.0,-1.0,F,arrest case no charge,1,0,Fail Register Vehicle,6,Medium,1
Male,25 - 45,Other,0,1,0,3.0,-1.0,F,Poss Cntrft Contr Sub w/Intent,1,0,Possess Cannabis/20 Grams Or Less,3,Low,0
Female,25 - 45,African-American,0,0,0,2.0,-1.0,F,arrest case no charge,1,0,Unlaw LicTag/Sticker Attach,2,Medium,1
Male,Greater than 45,African-American,0,0,0,1.0,-1.0,M,Expired DL More Than 6 Months,1,1,Battery,1,Low,1
Male,Greater than 45,Caucasian,0,0,0,0.0,-1.0,F,Grand Theft (Motor Vehicle),1,0,Unlaw LicTag/Sticker Attach,0,Low,1
Male,25 - 45,Caucasian,0,0,0,4.0,-1.0,M,Battery,0,0,,4,Low,0
Female,25 - 45,Caucasian,0,0,0,0.0,0.0,M,Battery,1,0,Unlaw Use False Name/Identity,0,Low,1
Female,25 - 45,Hispanic,0,0,0,1.0,0.0,M,Reckless Driving,0,0,,1,Low,0
Male,Greater than 45,African-American,0,0,0,4.0,-1.0,F,arrest case no charge,0,0,,4,High,0
Male,25 - 45,Caucasian,0,0,0,10.0,0.0,F,Operating W/O Valid License,1,1,Unlawful Use Of License,10,Low,1
Male,25 - 45,Other,0,0,0,3.0,0.0,F,Viol Prot Injunc Repeat Viol,0,0,,3,Medium,0
Male,25 - 45,Asian,0,1,0,6.0,26.76918598457773,M,Hiring with Intent to Defraud,1,1,Assault,6,Medium,1
Male,Less than 25,African-American,0,0,0,0.0,-1.0,F,Felony DUI (level 3),0,0,,0,Low,0
Female,Greater than 45,Asian,0,0,0,1.0,-2.0,F,Depriv LEO of Protect/Communic,0,0,,1,Low,0
Female,Greater than 45,Other,0,0,0,0.0,-1.0,F,Driving While License Revoked,1,0,Possess Cannabis/20 Grams Or Less,0,Medium,1
Female,Greater than 45,Hispanic,0,0,0,0.0,-1.0,M,Battery,0,0,,0,Low,0
Male,25 - 45,Hispanic,0,0,0,21.000000000000004,-1.0,F,Poss Cocaine/Intent To Del/Sel,1,0,Fail Register Vehicle,21,Medium,1
Male,25 - 45,Native American,0,0,0,11.0,-1.0,F,Driving While License Revoked,0,0,,11,Low,0
Male,Greater than 45,Other,0,0,0,1.0,-13.0,M,Battery,1,1,Felony Battery (Dom Strang),1,Low,1
Male,Greater than 45,Other,0,0,0,7.0,-1.0,F,Grand Theft of a Fire Extinquisher,0,0,,7,Low,0
Male,Less than 25,Other,0,0,0,9.0,-1.0,F,Driving While License Revoked,0,0,,9,Medium,0
Male,Greater than 45,Native American,0,0,0,14.0,-1.0,F,Poss Similitude of Drivers Lic,0,0,,14,High,0
Female,Greater than 45,Native American,0,0,0,0.0,-2.0,M,Battery,0,0,,0,Low,0
Male,25 - 45,African-American,0,0,0,0.0,0.0,F,Possession of Cocaine,0,0,,0,Low,0
Female,25 - 45,Asian,0,0,0,0.0,-1.0,M,Battery,0,0,,0,Low,0
Female,25 - 45,Native American,0,0,0,3.0,-1.0,F,arrest case no charge,1,0,Stalking,3,Low,1
Male,Greater than 45,African-American,0,0,0,1.0,-8.0,F,arrest case no charge,0,0,,1,High,0
Male,25 - 45,African-American,0,4,0,12.0,0.0,M,arrest case no charge,1,1,POSSESS FIELD BOX WITH REGISTERED MARK,13,High,1
Male,25 - 45,Native American,0,0,0,22.0,0.0,F,Harm Public Servant Or Family,1,1,Viol Injunct Domestic Violence,22,High,1
Female,Less than 25,Asian,0,0,0,0.0,-1.0,F,Prostitution,0,0,,0,Low,0
Female,Greater than 45,Other,0,0,0,1.0,-1.0,F,Trespassing/Construction Site,1,0,Possess Cannabis/20 Grams Or Less,1,Low,1
Male,Greater than 45,African-American,1,2,1,6.783024253732679,-1.0,M,arrest case no charge,0,0,DWLS Canceled Disqul 1st Off,6,High,0
Male,25 - 45,Asian,0,0,0,0.0,0.0,M,Tamper With Witness,0,0,,0,Low,0
Male,Greater than 45,Caucasian,0,0,0,1.0,-8.0,M,Battery,0,0,,1,Low,0
Male,Less than 25,Hispanic,0,0,0,1.0,-1.0,F,Reckless Driving,1,1,Battery,1,Low,1
Male,25 - 45,African-American,0,0,0,0.0,-1.0,M,Driving While License Revoked,0,0,,0,Medium,0
Female,Greater than 45,Native American,0,0,0,0.0,-1.0,F,Agg Battery Grt/Bod/Harm,0,0,,0,Low,0
Female,25 - 45,Caucasian,0,0,0,0.0,-1.0,M,Battery,0,0,,0,Low,0
Male,Greater than 45,Hispanic,0,0,0,0.0,0.0,M,Battery,0,0,,0,Low,0
Female,Greater than 45,Hispanic,0,0,0,0.0,0.0,M,Battery,0,0,,0,Low,0
Female,Less than 25,Other,0,0,0,0.0,-1.0,M,Battery,0,0,,0,Low,0
Male,Greater than 45,African-American,0,0,0,0.0,-1.0,M,Battery,1,1,Battery,0,Low,0
Male,Greater than 45,Caucasian,0,0,0,4.0,0.0,F,Burglary Structure Unoccup,0,0,,4,Low,0
Male,25 - 45,Other,0,0,0,4.0,-19.310984862274367,M,Viol Prot Injunc Repeat Viol,0,1,Robbery Sudd Snatch No Weapon,3,Medium,1
Male,25 - 45,Other,0,0,0,2.0,0.0,F,Possession of Cocaine,1,0,Viol Injunct Domestic Violence,2,Low,1
Male,25 - 45,African-American,0,0,0,1.0,0.0,M,Battery,1,0,Possession Of Methamphetamine,1,Medium,1
Male,Less than 25,Native American,0,0,0,1.0,-13.812059157622716,F,False Info LEO During Invest,0,0,,1,Low,1
Male,25 - 45,Caucasian,1,2,0,14.0,-1.0,F,Possession of Cocaine,1,0,Possess Cannabis/20 Grams Or Less,14,High,1
Female,Greater than 45,Other,1,0,0,5.0,-1.0,F,Possession of Codeine,1,0,Trespass/Property/Other Structure,6,Medium,1
Female,25 - 45,African-American,0,0,0,0.0,-1.0,F,Possession of Cocaine,0,0,,0,Low,0
Female,25 - 45,Caucasian,0,0,0,0.0,-2.0,F,Exposes Culpable Negligence,0,0,,0,Low,0
Male,Greater than 45,Hispanic,1,0,0,2.0,-1.0,F,Aggravated Battery / Pregnant,0,0,,2,Medium,0
Male,Less than 25,Native American,0,0,0,0.0,-1.0,M,Battery,0,0,,0,Low,0
Male,Greater than 45,Caucasian,0,0,0,1.0,0.0,F,Possession of Cocaine,0,0,,1,Low,0
Male,25 - 45,Asian,0,0,0,8.0,29.026426875828577,F,arrest case no charge,1,0,Unlaw Use False Name/Identity,8,High,1
Female,Greater than 45,Other,0,0,0,3.0,19.488722347566437,M,Battery,1,0,Viol Injunct Domestic Violence,3,Low,1
Male,25 - 45,Asian,0,0,0,2.0,-28.0,F,License Suspended Revoked,0,0,,2,Low,0
Male,Less than 25,Native American,0,0,0,15.0,-1.0,F,Aggravated Battery / Pregnant,1,0,Unnatural/Lascivious Act,15,High,1
Male,Less than 25,Caucasian,0,0,0,1.0,-5.0,M,Battery,0,0,,1,Low,0
Female,Greater than 45,Native American,0,0,0,4.0,-1.0,F,Aggrav Child Abuse-Agg Battery,0,0,Petit Theft $100- $300,4,Low,0
Male,25 - 45,Other,0,0,3,15.0,-1.0,F,Trans/Harm/Material to a Minor,1,1,Felony Batt(Great Bodily Harm),13,High,1
Female,Less than 25,Caucasian,0,0,0,0.0,0.0,M,Driving Under The Influence,0,0,,0,Low,0
Male,25 - 45,Hispanic,0,0,0,1.0,-1.0,F,Possession of Codeine,0,0,,1,Medium,0
Female,25 - 45,Hispanic,0,0,0,3.0,-1.0,M,Battery,0,0,,3,Low,0
Male,25 - 45,Other,0,0,0,0.0,-1.0,M,Carry Open/Uncov Bev In Pub,0,0,,0,Low,0
Male,Greater than 45,Native American,0,0,0,3.0,-1.0,F,License Suspended Revoked,0,0,,3,Medium,0
Female,Greater than 45,Hispanic,0,0,0,0.0,-1.0,M,Grand Theft (Motor Vehicle),0,0,,0,High,0
Male,Greater than 45,Asian,2,3,0,17.0,27.629942951560857,M,Hiring with Intent to Defraud,1,1,Poss Counterfeit Payment Inst,17,High,0
Male,Greater than 45,Asian,1,0,0,1.0,-1.0,F,Burglary Dwelling Assault/Batt,1,1,Possess Cannabis/20 Grams Or Less,1,Medium,1
Female,Greater than 45,African-American,0,0,0,0.0,-1.0,F,Carry Open/Uncov Bev In Pub,0,0,,0,Medium,0
Male,Greater than 45,African-American,0,0,0,0.0,-1.0,F,Viol Prot Injunc Repeat Viol,0,0,,0,Low,0
Male,25 - 45,Asian,0,0,0,8.0,-1.0,F,Trespassing/Construction Site,0,0,,8,Low,0
Male,Greater than 45,African-American,0,0,0,1.0,-1.0,F,arrest case no charge,0,0,,1,Low,0
Female,Greater than 45,Native American,0,0,0,0.0,-1.0,M,Fabricating Physical Evidence,1,0,Unlaw Use False Name/Identity,0,Low,1
Male,Greater than 45,Hispanic,0,0,0,4.0,0.0,M,Driving Under The Influence,0,0,,4,Low,0
Male,Greater than 45,Native American,0,0,0,0.0,-1.0,F,Possession of Cocaine,0,0,Reckless Display Of Weapon,0,High,0
Female,Greater than 45,Other,0,0,0,4.0,-1.0,F,Poss of Firearm by Convic Felo,0,0,,4,Medium,0
Female,Less than 25,Asian,0,1,0,2.0,-1.0,F,Burglary Dwelling Assault/Batt,1,1,Battery,2,Medium,1
Male,Greater than 45,African-American,0,0,0,5.0,-1.0,F,Aggravated Assault W/dead Weap,1,0,Possess Cannabis/20 Grams Or Less,5,High,0
Male,25 - 45,Other,0,0,0,0.0,-1.0,F,Viol Prot Injunc Repeat Viol,1,0,,0,High,1
Male,Greater than 45,African-American,0,0,0,6.0,-1.0,M,arrest case no charge,1,0,Susp Drivers Lic 1st Offense,6,Low,1
Male,Greater than 45,Asian,0,1,1,3.0,0.0,M,Battery,1,0,Trespassing,3,Low,1
Male,25 - 45,Asian,0,0,0,17.0,-1.0,M,Resist/Obstruct W/O Violence,0,0,,17,High,0
Female,Less than 25,Native American,0,0,0,2.0,0.0,F,Driving While License Revoked,0,0,,2,Low,0
Male,25 - 45,Caucasian,0,0,0,0.0,-1.0,F,Possession of Methadone,1,0,Burglary Structure Assault/Batt,0,Low,1
Male,Greater than 45,Asian,0,0,0,5.0,0.0,M,False Name By Person Arrest,1,0,Operating W/O Valid License,5,Low,1
Male,Greater than 45,Caucasian,0,0,0,1.0,-1.0,M,Battery,1,1,Battery,1,Medium,1
Female,25 - 45,Other,0,0,0,2.0,-1.0,F,Trans/Harm/Material to a Minor,1,0,Driving While License Revoked,2,Low,1
Female,25 - 45,Asian,0,0,0,0.0,-1.0,M,Battery,0,0,,0,Low,0
Female,Greater than 45,Native American,0,0,2,6.0,0.0,M,Driving Under The Influence,0,0,,6,Medium,0
Male,25 - 45,Other,0,0,0,1.0,-1.0,F,Fabricating Physical Evidence,1,0,Driving While License Revoked,1,Medium,1
Female,Greater than 45,Hispanic,0,0,0,1.0,-1.0,M,Battery,1,0,Viol Injunct Domestic Violence,1,Low,1
Male,Greater than 45,African-American,0,0,0,0.0,-1.0,F,Burglary Conveyance Unoccup,1,0,Petit Theft $100- $300,0,Medium,1
Male,Less than 25,African-American,0,0,0,5.0,-1.0,F,Possession of Cocaine,1,0,Trespass/Property/Other Structure,5,Low,1
Male,25 - 45,African-American,0,0,0,0.0,0.0,M,Resist/Obstruct W/O Violence,1,0,Burglary Structure Unoccup,0,Medium,0
Female,25 - 45,Native American,0,0,0,1.0,-1.0,M,Battery,0,0,,1,Low,0
Female,25 - 45,African-American,0,0,0,1.0,-1.0,M,Battery,0,0,,1,Low,0
Male,Greater than 45,Caucasian,1,0,2,4.0,-1.0,F,Fighting/Baiting Animals,0,0,,4,High,0
Male,Greater than 45,Asian,0,0,1,8.0,-1.0,F,Poss Pyrrolidinovalerophenone,1,0,Fail Register Vehicle,6,Medium,1
Male,Less than 25,Asian,0,0,0,3.0,-1.0,F,Burglary Structure Unoccup,0,0,,3,Low,0
Male,Less than 25,African-American,0,3,0,3.0,0.0,F,Possession of Cocaine,1,0,Purchase Of Cocaine,3,High,1
Male,25 - 45,Asian,0,0,0,4.0,-1.0,F,Possession of Cocaine,1,0,Operating W/O Valid License,4,High,1
Male,25 - 45,African-American,0,0,1,1.0,-1.0,F,Tresspass Struct/Conveyance,0,0,,1,Medium,0
Female,Less than 25,Other,0,0,1,4.0,-1.0,F,DUI Property Damage/Injury,0,0,,4,Low,0
Male,Greater than 45,Hispanic,0,0,0,0.0,-1.0,M,Battery,0,0,,0,Low,0
Male,Greater than 45,Asian,0,0,0,4.0,-1.0,F,arrest case no charge,0,0,,4,Low,0
Male,Greater than 45,Hispanic,0,0,0,7.0,-1.0,M,Battery,0,0,,7,Low,0
Female,Greater than 45,Native American,0,0,0,2.0,-1.0,F,Driving While License Revoked,0,0,,2,Low,0
Female,Greater than 45,Native American,0,0,0,0.0,-1.0,F,Poss Cocaine/Intent To Del/Sel,0,0,,0,Low,0
Female,Less than 25,Hispanic,0,0,0,0.0,-1.0,F,Burglary Dwelling Occupied,1,1,Possess Countrfeit Credit Card,0,Low,1
Female,Less than 25,Asian,0,1,2,14.0,-1.0,F,Armed Trafficking in Cannabis,0,0,,14,Medium,0
Female,Greater than 45,Other,0,0,0,5.0,-1.0,M,Battery,0,0,,5,Low,0
Male,Less than 25,Hispanic,0,0,0,0.0,-1.0,F,Exposes Culpable Negligence,0,0,,0,Low,0
Female,25 - 45,African-American,0,0,0,0.0,0.0,M,Battery,0,0,,0,Low,0
Female,25 - 45,Native American,0,0,0,0.0,-1.0,M,Battery,1,0,Operating W/O Valid License,0,High,1
Male,Less than 25,Hispanic,0,0,0,1.0,-1.0,F,Burglary Structure Unoccup,1,0,Possess Cannabis/20 Grams Or Less,1,Low,1
Male,Greater than 45,Caucasian,0,0,0,0.0,-1.0,F,Depriv LEO of Protect/Communic,0,0,,0,Low,0
Female,25 - 45,African-American,0,0,0,3.0,-1.0,F,arrest case no charge,1,0,Prostitution,3,Low,1
Male,Less than 25,Other,0,0,0,0.0,0.0,M,Battery,1,0,Petit Theft $100- $300,0,Low,1
Male,Less than 25,Other,0,0,0,2.0,-1.0,M,Battery,1,1,No/Improper Drivers License,2,Medium,1
Female,Greater than 45,Asian,0,0,0,3.0,-1.0,F,arrest case no charge,0,0,,3,Medium,0
Female,25 - 45,Native American,0,0,1,0.0,-1.0,M,Battery,1,1,Trafficking In Cocaine 200-400,0,Medium,1
Female,Less than 25,Caucasian,0,1,0,0.0,-1.0,M,Driving Under The Influence,1,0,Susp Drivers Lic 1st Offense,0,Medium,1
Male,Less than 25,Caucasian,0,0,0,9.0,-1.0,F,Aggravated Battery / Pregnant,1,1,Grand Theft (Motor Vehicle),9,High,1
Male,25 - 45,African-American,0,0,0,1.0,-1.0,F,Aggravated Assault W/dead Weap,0,0,,1,Low,0
Male,25 - 45,African-American,0,0,0,0.0,-1.0,F,Possession Of Alprazolam,1,0,Prowling/Loitering,0,High,1
Female,25 - 45,Hispanic,0,2,0,7.0,-1.0,M,Aggravated Battery / Pregnant,0,0,,7,High,0
Male,25 - 45,Hispanic,0,0,0,2.0,-1.0,F,Possession of Cocaine,1,0,Fail Register Vehicle,2,Low,1
Male,25 - 45,Asian,0,0,0,0.0,-1.0,F,Carry Open/Uncov Bev In Pub,0,0,,0,Low,0
Male,Less than 25,Native American,0,0,0,0.0,-1.0,F,Lewd/Lasc Battery Pers 12+/<16,0,0,,0,Low,0
Female,Less than 25,Asian,0,0,0,1.0,-17.948782410796937,F,Possession of Cocaine,0,0,,1,Low,0
Female,25 - 45,Asian,0,0,0,0.0,-1.0,F,Possession of Cocaine,1,0,Petit Theft $100- $300,0,Low,1
Female,25 - 45,Caucasian,0,0,0,5.0,-1.0,M,Reckless Driving,0,0,,5,Medium,0
Female,Greater than 45,Caucasian,0,0,0,6.0,0.0,F,Driving While License Revoked,0,0,,6,High,0
Female,25 - 45,Other,0,0,0,1.0,-1.0,M,Deliver Cocaine 1000FT Church,0,0,,1,Low,0
Female,25 - 45,Native American,2,0,1,8.0,-1.0,F,Possession of Cocaine,1,0,Trespass Struct/Conveyance,8,Medium,1
Female,25 - 45,African-American,0,0,0,1.0,0.0,F,arrest case no charge,0,0,,1,Low,0
Male,Less than 25,Asian,0,0,0,0.0,-4.0,M,Prowling/Loitering,0,0,,0,Low,0
Male,25 - 45,Hispanic,0,0,0,15.413232963312247,0.0,M,Battery,1,0,Unlawful Use Of License,15,High,1
Female,25 - 45,Caucasian,0,0,0,6.0,-1.0,F,arrest case no charge,0,0,,6,Low,0
Female,25 - 45,African-American,0,0,0,0.0,0.0,M,Battery,0,0,,0,Low,0
Male,25 - 45,Native American,0,1,0,3.0,0.0,F,Battery,0,0,,3,Low,0
Male,25 - 45,Native American,0,0,0,3.0,-1.0,F,Possession of Cocaine,1,1,Battery,3,Medium,1
Male,Less than 25,Hispanic,0,0,0,1.0,-1.0,F,Tresspass Struct/Conveyance,0,0,,1,Low,0
Female,25 - 45,African-American,2,0,0,23.0,30.0,M,Sound Articles Over 100,1,1,Assault,23,Medium,1
Male,Less than 25,Asian,0,0,0,1.0,-1.0,M,Battery,1,0,Stalking,1,Low,1
Female,Less than 25,Caucasian,0,0,0,1.0,0.0,F,Possession of Cocaine,0,0,Possess Cannabis/20 Grams Or Less,1,Low,1
Male,Less than 25,Asian,0,0,0,8.0,-1.0,F,Uttering Worthless Check +$150,0,0,,8,Low,0
Female,25 - 45,African-American,0,0,0,4.0,-1.0,F,arrest case no charge,0,0,Petit Theft $100- $300,4,Low,0
Male,25 - 45,African-American,0,0,0,0.0,-1.0,M,Battery,0,0,,0,Low,0
Female,25 - 45,Native American,0,0,0,2.0,0.0,F,arrest case no charge,0,0,,2,Low,0
Male,25 - 45,Native American,0,0,0,1.0,-1.0,F,arrest case no charge,0,0,,1,Low,0
Female,Less than 25,Hispanic,0,0,0,5.0,-1.0,F,Possession of Codeine,1,0,Operating W/O Valid License,5,High,1
Male,25 - 45,Asian,0,0,0,2.0,-1.0,M,False Name By Person Arrest,1,0,Operating W/O Valid License,2,Low,1
Male,Greater than 45,Hispanic,0,0,1,22.0,0.0,F,arrest case no charge,1,1,Viol Injunct Domestic Violence,22,High,1
Female,Less than 25,Hispanic,0,0,0,14.0,0.0,F,Possession of Cocaine,1,0,Driving While License Revoked,14,Medium,1
Male,25 - 45,Hispanic,0,0,0,0.0,-1.0,M,Battery,0,0,,0,Low,0
Female,Greater than 45,African-American,0,0,0,2.0,0.0,F,Obstruct Officer W/Violence,1,0,Unnatural/Lascivious Act,2,Medium,1
Female,25 - 45,Hispanic,0,0,0,3.0,-4.0,F,arrest case no charge,0,0,,3,Low,0
Female,Less than 25,Native American,0,0,0,1.0,-1.0,F,"Poss Of 1,4-Butanediol",0,0,,1,Low,0
Female,25 - 45,Native American,2,1,0,9.0,-1.0,F,Shoot In Occupied Dwell,1,0,Possess Countrfeit Credit Card,9,Medium,1
Male,Less than 25,Other,1,0,0,1.0,-1.0,F,arrest case no charge,0,0,,1,Low,0
Male,Greater than 45,Caucasian,0,0,0,15.0,-1.0,F,Burglary Dwelling Occupied,1,0,Felony Petit Theft,15,High,1
Female,Greater than 45,Native American,0,0,0,10.0,6.91645757787532,F,Driving While License Revoked,1,0,Burglary Structure Assault/Batt,10,High,1
Female,Greater than 45,Asian,0,0,0,0.0,-1.0,F,Grand Theft of a Fire Extinquisher,0,0,,0,Low,0
Female,25 - 45,Caucasian,0,0,0,0.0,-1.0,M,Battery,1,1,Felony Battery (Dom Strang),0,High,1
Male,25 - 45,Caucasian,0,0,0,5.0,-1.0,M,Battery,1,1,Agg Fleeing/Eluding High Speed,5,High,1
Female,25 - 45,African-American,0,0,0,19.0,-1.0,F,Fabricating Physical Evidence,0,0,,19,Medium,0
Male,Greater than 45,Native American,0,0,0,0.0,0.0,M,Battery,0,0,,0,Low,0
Male,25 - 45,Native American,0,0,0,6.0,0.0,F,Uttering Forged Bills,1,0,Possess Drug Paraphernalia,6,Low,1
Male,Greater than 45,African-American,0,0,0,1.0,-1.0,F,arrest case no charge,0,0,,1,Low,0
Male,Greater than 45,Other,0,0,0,0.0,-1.0,F,Obstruct Officer W/Violence,0,0,,0,Medium,0
Male,25 - 45,Native American,0,0,0,11.0,-1.0,F,arrest case no charge,0,0,,11,Medium,0
Female,Less than 25,Caucasian,0,0,0,4.0,-1.0,F,Felony Petit Theft,1,0,Viol Injunct Domestic Violence,4,Low,1
Male,25 - 45,Caucasian,0,0,0,9.0,0.0,M,Battery,0,0,,9,Medium,0
Male,25 - 45,Native American,0,0,0,4.0,0.0,M,Exposes Culpable Negligence,0,0,,4,Medium,0
Female,25 - 45,Caucasian,0,0,0,0.0,-1.0,M,License Suspended Revoked,0,0,,0,Low,0
Male,25 - 45,Caucasian,0,0,0,2.0,-1.0,F,Driving While License Revoked,1,0,Unlawful Use Of License,2,Medium,1
Female,Less than 25,Caucasian,0,0,0,0.0,-1.0,F,Possession of Cocaine,1,0,Fail Register Vehicle,0,Low,1
Female,Less than 25,Caucasian,0,0,1,0.0,0.0,F,False Imprisonment,1,1,Battery,0,High,1
Female,Greater than 45,African-American,0,0,0,0.0,0.0,M,Driving Under The Influence,1,0,Possession Of Alprazolam,0,Low,1
Female,Greater than 45,Hispanic,0,0,0,1.0,-1.0,M,Driving While License Revoked,0,1,Battery,1,Medium,0
Female,Less than 25,Native American,0,0,0,0.0,-1.0,M,Battery,0,0,,0,Low,0
Male,Greater than 45,Caucasian,0,0,0,17.0,0.0,F,Possession of Cocaine,1,0,Driving While License Revoked,17,Medium,1
Male,25 - 45,African-American,0,0,0,4.0,-1.0,F,Possession of Cocaine,1,1,Sexual Battery Victim 12 Yrs +,4,Low,1
Female,25 - 45,Native American,0,3,0,25.716006222235382,-1.0,M,Hiring with Intent to Defraud,1,1,Grand Theft Firearm,25,High,1
Male,25 - 45,Caucasian,0,0,0,5.0,0.0,F,Driving While License Revoked,0,0,,5,Low,0
Male,25 - 45,Native American,0,0,0,0.0,-1.0,F,Felony DUI (level 3),1,0,Petit Theft $100- $300,0,Low,1
Male,Less than 25,Other,0,0,0,2.0,-9.54773978243982,F,Burglary Conveyance Unoccup,1,0,Petit Theft $100- $300,2,High,1
Male,25 - 45,Caucasian,0,0,0,1.0,-6.0,M,Agg Battery Grt/Bod/Harm,0,0,,1,Low,0
Female,25 - 45,Other,0,0,0,0.0,-1.0,F,Deliver Cocaine 1000FT Church,1,0,Susp Drivers Lic 1st Offense,0,High,1
Male,Greater than 45,Caucasian,0,0,0,0.0,-1.0,M,Aggravated Assault w/Firearm,0,0,,0,Low,0
Male,25 - 45,African-American,1,1,0,3.0,0.0,M,Battery,1,0,Viol Injunct Domestic Violence,3,Medium,1
Male,Greater than 45,Caucasian,0,0,0,3.0,-1.0,M,Driving Under The Influence,0,0,,3,Low,0
Male,25 - 45,Native American,0,1,0,21.000000000000004,-14.0,F,arrest case no charge,1,0,Use of Anti-Shoplifting Device,21,High,1
Female,Less than 25,African-American,0,0,0,5.0,0.0,F,Possession of Cocaine,0,0,,5,High,0
Female,Less than 25,African-American,0,0,0,0.0,-1.0,F,Burglary Dwelling Assault/Batt,1,1,Sexual Battery Victim 12 Yrs +,0,Low,1
Female,25 - 45,Hispanic,0,0,0,2.0,-1.0,M,Burglary Dwelling Occupied,1,0,Operating W/O Valid License,2,Low,1
Female,Greater than 45,Caucasian,0,0,0,0.0,-3.0,M,Battery,1,0,,0,Low,0
Male,25 - 45,Native American,0,0,0,2.0,-1.0,M,Battery,0,0,,2,High,0
Female,Greater than 45,Asian,0,0,1,5.0,-1.0,F,Shoot Into Vehicle,1,0,Tampering with a Victim,5,High,1
Male,Greater than 45,Hispanic,0,0,0,3.0,-1.0,M,Battery,0,0,,3,Medium,0
Female,25 - 45,Other,0,0,0,0.0,-1.0,F,Burglary Structure Unoccup,0,0,,0,Low,0
Male,Greater than 45,Native American,0,0,0,2.0,-1.0,M,arrest case no charge,0,0,,2,Low,0
Male,25 - 45,Caucasian,0,0,0,0.0,0.0,F,Burglary Conveyance Unoccup,1,0,Susp Drivers Lic 1st Offense,0,Low,1
Male,25 - 45,African-American,0,0,0,3.0,-1.0,F,Unlaw Use False Name/Identity,1,0,Prowling/Loitering,3,High,1
Female,25 - 45,Hispanic,0,0,0,0.0,-1.0,M,Operating W/O Valid License,0,0,,0,Low,0
Male,Greater than 45,Hispanic,0,0,0,3.0,-1.0,F,Aide/Abet Prostitution Lewdness,1,0,Operating W/O Valid License,3,Low,1
Female,Greater than 45,Hispanic,0,0,0,6.0,-1.0,F,Possession of Cocaine,1,0,Possess Cannabis/20 Grams Or Less,6,Low,1
Female,25 - 45,Native American,0,0,0,4.0,0.0,F,Felony Petit Theft,1,1,Sexual Battery Victim 12 Yrs +,4,Medium,1
Female,Less than 25,Caucasian,0,1,0,4.0,-1.0,F,Poss of Firearm by Convic Felo,0,0,,4,Medium,0
Male,25 - 45,Caucasian,0,0,0,0.0,-1.0,F,False Name By Person Arrest,0,0,,0,High,0
Female,25 - 45,Other,0,0,2,14.0,0.0,F,"Poss Of 1,4-Butanediol",0,0,,14,High,0
Female,25 - 45,Other,0,0,1,1.0,-23.0,F,Possession of Morphine,0,0,,1,Low,0
Male,Greater than 45,Hispanic,0,0,0,2.0,-1.0,F,Possession of Cocaine,1,0,Unlawful Use Of License,2,Medium,1
Male,Greater than 45,Other,0,0,0,0.0,0.0,F,License Suspended Revoked,1,0,Viol Injunct Domestic Violence,0,Low,1
Male,25 - 45,Native American,0,0,0,1.0,0.0,F,Possession of Cocaine,0,0,,1,Low,0
Male,Greater than 45,African-American,0,0,0,0.0,-1.0,F,Deliver Cocaine 1000FT Church,0,0,,0,Low,0
Male,Greater than 45,African-American,0,0,0,0.0,-1.0,F,Possession Of Alprazolam,0,0,,0,Low,0
Male,Greater than 45,African-American,0,0,0,0.0,0.0,M,Battery,0,0,,0,Low,0
Female,25 - 45,Caucasian,0,0,0,1.0,0.0,F,Obstruct Officer W/Violence,1,1,Purchase Of Cocaine,1,Low,1
Female,Greater than 45,Caucasian,0,1,1,4.0,-1.0,F,Uttering Worthless Check +$150,1,0,Viol Injunct Domestic Violence,4,Low,1
Female,Greater than 45,African-American,0,0,0,1.0,-1.0,M,Battery,0,0,,1,Low,0
Male,25 - 45,African-American,0,0,0,1.0,0.0,F,Agg Battery Grt/Bod/Harm,0,0,,1,Low,0
Female,Greater than 45,Asian,0,0,0,10.0,0.0,F,Abuse Without Great Harm,0,0,,10,Low,0
Male,Less than 25,Hispanic,0,0,0,1.0,-1.0,F,Trans/Harm/Material to a Minor,0,0,,1,High,0
Female,25 - 45,Hispanic,0,0,0,8.0,0.0,M,Felony DUI (level 3),1,0,Petit Theft $100- $300,8,Medium,1
Female,25 - 45,Caucasian,0,0,0,0.0,-1.0,F,Possession of Cocaine,0,0,,0,Low,0
Female,Greater than 45,Caucasian,0,0,0,0.0,-1.0,F,Aggravated Assault W/Dead Weap,0,1,Battery,0,Low,0
Female,Greater than 45,Other,0,0,1,1.0,-1.0,F,Burglary Conveyance Unoccup,1,0,Possess Drug Paraphernalia,1,Medium,1
Male,Less than 25,Other,0,0,1,1.0,-1.0,F,arrest case no charge,1,0,Prostitution,1,Medium,1
Female,25 - 45,Hispanic,0,0,0,1.0,-1.0,M,DUI Property Damage/Injury,0,0,Unnatural/Lascivious Act,1,Low,0
Female,25 - 45,Other,0,0,0,0.0,0.0,F,Uttering Worthless Check +$150,0,0,,0,Low,1
Male,Less than 25,African-American,0,0,0,0.0,-1.0,F,Trans/Harm/Material to a Minor,0,0,,0,Medium,0
Female,Greater than 45,African-American,0,0,0,0.0,-1.0,M,Battery,0,0,,0,Low,0
Male,25 - 45,Hispanic,0,0,0,0.0,-1.0,M,Driving Under The Influence,0,0,,0,Low,0
Female,25 - 45,African-American,0,0,0,5.0,-1.0,M,Depriv LEO of Protect/Communic,0,0,,5,Medium,0
Male,Greater than 45,Native American,0,0,0,1.0,0.0,F,Possession of Cocaine,0,0,,1,Low,0
Female,25 - 45,Native American,0,0,0,4.0,-1.0,F,Battery,0,0,,4,Medium,0
Male,25 - 45,Native American,0,0,0,4.0,-1.0,F,arrest case no charge,0,0,,4,Low,0
Female,Greater than 45,Native American,0,0,0,0.0,-2.0,F,Driving Under The Influence,0,0,,0,Low,0
Male,Greater than 45,Caucasian,0,0,0,1.0,-1.0,F,Burglary Conveyance Unoccup,1,0,Possession Of Methamphetamine,1,Low,1
Female,25 - 45,Native American,0,0,0,2.0,-1.0,M,Lewd/Lasc Battery Pers 12+/<16,0,0,,2,Low,0
Male,Greater than 45,Hispanic,0,0,0,0.0,-1.0,F,Murder in the First Degree,0,0,,0,Low,0
Male,25 - 45,Native American,0,0,0,0.0,-1.0,M,Operating W/O Valid License,0,0,,0,High,0
Male,Less than 25,Caucasian,0,0,0,0.0,0.0,F,Burglary Structure Unoccup,0,0,,0,Low,0
Female,25 - 45,Hispanic,0,0,0,5.0,-1.0,F,Resist/Obstruct W/O Violence,1,0,Possess Cannabis/20 Grams Or Less,5,Low,0
Male,25 - 45,Asian,0,0,0,3.0,-4.0,M,arrest case no charge,0,0,,3,Low,0
Male,Less than 25,Caucasian,0,0,0,0.0,0.0,F,Possession of Cocaine,1,1,Battery,0,Low,1
Female,25 - 45,Hispanic,0,0,0,0.0,-1.0,M,Possession Of Alprazolam,0,0,,0,Medium,0
Male,25 - 45,Hispanic,0,0,0,0.0,-1.0,M,Battery,0,0,,0,Medium,0
Female,25 - 45,Other,0,1,0,19.0,-1.0,F,Driving While License Revoked,1,1,Assault,19,Medium,1
Male,Greater than 45,Caucasian,0,0,0,0.0,-1.0,F,Viol Prot Injunc Repeat Viol,0,0,,0,Low,0
Female,Greater than 45,Asian,0,0,0,4.0,-8.387915587902068,M,arrest case no charge,0,0,,4,Low,0
Male,25 - 45,Caucasian,0,0,0,1.0,-24.664354400448655,F,False Info LEO During Invest,1,0,Reckless Driving,1,Low,1
Female,Greater than 45,African-American,0,0,0,3.0,6.976032386408271,M,Fabricating Physical Evidence,1,0,Criminal Mischief>$200<$1000,3,High,1
Male,25 - 45,Other,0,0,0,1.0,-1.0,F,arrest case no charge,1,0,Operating W/O Valid License,1,Low,1
Female,25 - 45,Hispanic,0,0,0,19.0,-1.0,F,arrest case no charge,1,0,Prowling/Loitering,19,High,1
Male,Greater than 45,Asian,0,0,0,0.0,0.0,M,DUI Property Damage/Injury,0,0,,0,Low,0
Female,Greater than 45,Asian,0,0,0,0.0,-1.0,M,Battery,0,0,,0,Low,0
Female,Less than 25,Asian,0,1,1,4.0,0.0,F,arrest case no charge,1,1,Sexual Battery Victim 12 Yrs +,4,High,1
Male,Less than 25,Caucasian,0,0,0,0.0,0.0,M,Battery,0,0,,0,Medium,0
Male,Greater than 45,Hispanic,0,1,8,2.0,-1.0,F,Possession of Cocaine,1,0,Possess Cannabis/20 Grams Or Less,2,High,1
Female,Greater than 45,Other,0,0,0,15.0,-5.48940374954481,F,arrest case no charge,0,0,,15,Medium,1
Female,Less than 25,Caucasian,0,0,0,2.0,0.0,F,Uttering Forged Bills,0,0,,2,High,0
Male,25 - 45,Hispanic,0,0,0,0.0,0.0,M,Battery,0,0,,0,Low,0
Female,25 - 45,Other,0,0,0,2.0,-29.0,F,Uttering Forged Bills,0,0,,2,Low,0
Male,Less than 25,African-American,0,1,0,6.0,-1.0,F,Poss Pyrrolidinovalerophenone,1,1,Grand Theft (Motor Vehicle),6,High,1
Male,Less than 25,Native American,0,0,0,0.0,0.0,F,False Name By Person Arrest,0,0,,0,Low,0
Male,Less than 25,Asian,0,0,0,2.0,-1.0,F,arrest case no charge,1,1,DOC/Fighting/Threatening Words,2,Low,1
Male,Greater than 45,Native American,0,0,0,9.0,-1.0,F,Poss Pyrrolidinovalerophenone,1,0,DUI Level 0.15 Or Minor In Veh,9,Medium,1
Male,Greater than 45,Hispanic,0,0,0,0.0,-1.0,M,DUI Property Damage/Injury,0,0,,0,Low,0
Male,Greater than 45,African-American,0,0,0,2.0,0.0,M,Battery,0,0,,2,Medium,0
Male,25 - 45,African-American,0,0,0,0.0,0.0,F,Aggravated Assault W/dead Weap,0,0,Tampering with a Victim,0,Low,0
Male,Greater than 45,Hispanic,0,0,0,11.0,-1.0,F,Possession Of Alprazolam,1,0,Use/Poss/Drug Para/Plant/Grow,11,High,1
Female,Less than 25,Hispanic,0,0,0,0.0,-1.0,F,Harm Public Servant Or Family,1,1,Battery,0,Low,1
Male,25 - 45,Caucasian,0,0,0,0.0,-1.0,F,Prowling/Loitering,0,0,,0,Low,0
Male,Greater than 45,Native American,0,0,0,0.0,-1.0,F,Grand Theft of a Fire Extinquisher,0,0,,0,Low,0
Male,Greater than 45,Asian,0,0,0,5.0,0.0,F,Possession of Cocaine,1,0,Possess Cannabis/20 Grams Or Less,5,Medium,1
Male,Greater than 45,Caucasian,0,0,0,0.0,-1.0,M,Battery,1,1,Possess Cannabis/20 Grams Or Less,0,Low,1
Female,25 - 45,Asian,0,0,0,1.0,0.0,M,Tresspass Struct/Conveyance,0,0,,1,Low,0
Male,Less than 25,Caucasian,0,0,0,3.0,0.0,F,Driving While License Revoked,0,0,,3,Medium,0
Male,Greater than 45,Caucasian,0,0,0,0.0,0.0,M,Battery,1,0,,0,Low,0
Male,Greater than 45,Asian,0,0,0,5.0,-1.0,M,Battery,1,0,Possess Cannabis/20 Grams Or Less,5,Medium,1
Male,25 - 45,Hispanic,0,0,0,11.0,-1.0,M,arrest case no charge,1,0,,11,High,1
Male,25 - 45,Other,0,0,0,1.0,-1.0,M,Trans/Harm/Material to a Minor,1,0,Fail Obey Driv Lic Restrictions,1,Low,1
Male,Greater than 45,Hispanic,0,0,0,11.0,0.0,F,Driving While License Revoked,1,0,Sexual Battery Victim 12 Yrs +,11,High,1
Male,Less than 25,Hispanic,2,0,0,6.0,-1.0,M,Aggravated Battery / Pregnant,1,0,Grand Theft (Motor Vehicle),6,High,1
Male,Greater than 45,Other,0,0,0,3.0,-1.0,F,arrest case no charge,1,1,Battery,3,Low,1
Male,Less than 25,Other,0,0,0,1.0,-1.0,M,Battery,1,0,Purchase Of Cocaine,1,Low,1
Male,Less than 25,Other,0,0,0,2.0,-1.0,F,arrest case no charge,1,0,Possess Cannabis/20 Grams Or Less,2,Low,1
Female,Less than 25,African-American,0,0,0,6.0,-1.0,M,Battery,0,0,Grand Theft (Motor Vehicle),6,Medium,1
Male,Greater than 45,Other,0,0,0,1.0,-1.0,F,Felony Petit Theft,0,0,,1,Medium,0
Male,Greater than 45,Hispanic,0,1,0,2.0,-12.0,F,Driving While License Revoked,1,0,Trespassing,2,Medium,0
Female,Greater than 45,Hispanic,0,0,0,1.0,-1.0,F,Viol Prot Injunc Repeat Viol,1,1,Battery,1,Low,1
Male,Greater than 45,Caucasian,0,0,0,6.0,-1.0,M,Resist/Obstruct W/O Violence,1,1,Fail Register Vehicle,6,Medium,1
Male,Greater than 45,African-American,0,0,0,1.0,-10.0,F,arrest case no charge,1,0,,1,Low,0
Female,Less than 25,Caucasian,0,0,0,0.0,0.0,F,Aggravated Battery / Pregnant,0,0,,0,Low,0
Female,Less than 25,Hispanic,0,0,0,0.0,-1.0,M,Possession of Cocaine,0,0,,0,Low,1
Female,25 - 45,African-American,0,0,0,6.0,-1.0,F,Driving While License Revoked,1,0,Susp Drivers Lic 1st Offense,6,Low,1
Female,Greater than 45,African-American,0,0,0,5.0,0.0,F,Viol Prot Injunc Repeat Viol,0,0,,5,Low,0
Female,Greater than 45,Asian,0,0,0,2.0,0.0,F,False Name By Person Arrest,1,0,Operating W/O Valid License,2,Medium,1
Male,Less than 25,Native American,0,0,0,2.0,-1.0,F,Unl/Disturb Education/Instui,1,0,,2,High,1
Female,Greater than 45,Caucasian,0,0,0,4.0,-1.0,M,Battery,0,0,,4,Low,0
Male,Greater than 45,Hispanic,0,0,0,3.0,-1.0,F,Refuse Submit Blood/Breath Test,1,0,Possess Cannabis/20 Grams Or Less,3,High,1
Female,Greater than 45,Caucasian,0,0,0,0.0,-1.0,F,Poss Pyrrolidinovalerophenone,1,0,Viol Injunct Domestic Violence,0,Medium,1
Female,25 - 45,Other,0,0,0,7.0,-1.0,F,Depriv LEO of Protect/Communic,1,1,Battery,7,High,1
Male,Greater than 45,African-American,0,0,0,6.0,-1.0,F,Driving While License Revoked,1,0,Grand Theft (Motor Vehicle),6,Medium,0
Male,25 - 45,Caucasian,0,1,0,1.0,-1.0,M,Aggravated Battery / Pregnant,0,0,,1,Low,0
Male,Less than 25,Other,0,0,0,10.0,-1.0,F,Aggravated Assault W/dead Weap,0,0,,10,Medium,0
Female,25 - 45,African-American,0,0,0,2.0,-2.0,F,Possession of Cocaine,1,0,Possess Drug Paraphernalia,2,High,1
Male,Greater than 45,Other,0,0,0,0.0,-1.0,M,Battery,1,0,Prostitution,0,Low,1
Female,Less than 25,Native American,0,0,0,0.0,0.0,F,Felony Petit Theft,0,0,,0,High,0
Male,Greater than 45,African-American,0,0,3,2.0,-1.0,F,arrest case no charge,1,0,Sexual Battery Victim 12 Yrs +,2,High,1
Male,Greater than 45,African-American,0,0,0,1.0,-1.0,F,Grand Theft (Motor Vehicle),1,0,Purchase Of Cocaine,1,High,1
Male,Less than 25,African-American,0,0,0,0.0,-1.0,F,Reckless Driving,0,0,,0,Low,0
Male,Greater than 45,African-American,0,0,0,0.0,-1.0,F,Battery,0,0,,0,Low,0
Female,25 - 45,Other,0,0,0,4.0,-1.0,M,Resist/Obstruct W/O Violence,1,0,Trespass/Property/Other Structure,4,Medium,1
Male,Less than 25,African-American,0,0,0,4.0,-1.0,M,Unlaw Use False Name/Identity,1,0,Operating W/O Valid License,4,Low,1
Female,Greater than 45,African-American,0,0,0,0.0,-1.0,M,Driving Under The Influence,0,0,,0,Low,0
Male,Less than 25,Native American,0,0,0,0.0,-1.0,M,arrest case no charge,0,0,,0,Low,0
Male,Less than 25,Hispanic,0,0,0,3.0,-1.0,M,Battery,1,0,Petit Theft $100- $300,3,High,1
Female,Greater than 45,Other,0,0,1,5.0,0.0,F,Traffick Amphetamine 28g><200g,1,0,Possess Cannabis/20 Grams Or Less,5,Medium,1
Female,Greater than 45,Hispanic,0,0,0,1.0,0.0,F,Aide/Abet Prostitution Lewdness,0,0,,1,Low,0
Female,Greater than 45,Caucasian,0,0,0,4.0,-1.0,F,Possession of Cocaine,0,0,,4,High,0
Male,25 - 45,Hispanic,0,0,0,9.0,-1.0,F,Viol Prot Injunc Repeat Viol,1,0,Prowling/Loitering,9,Medium,1
Male,Less than 25,Caucasian,0,0,0,17.0,-1.0,F,Viol Prot Injunc Repeat Viol,1,0,Driving While License Revoked,17,High,1
Male,Less than 25,African-American,0,0,0,0.0,-1.0,F,Trans/Harm/Material to a Minor,0,0,,0,Low,0
Male,25 - 45,Other,0,0,0,0.0,-1.0,F,arrest case no charge,0,0,,0,Low,0
Female,Less than 25,Other,0,0,0,1.0,-1.0,M,Battery,1,0,Grand Theft (Motor Vehicle),1,Low,1
Female,Greater than 45,African-American,0,0,0,1.0,-1.0,F,arrest case no charge,0,0,,1,Low,0
Female,25 - 45,Caucasian,0,0,0,2.0,-1.0,F,Possession of Cocaine,0,0,,2,Low,0
Male,Greater than 45,African-American,0,3,1,6.0,-1.0,F,Burglary Conveyance Unoccup,1,0,Tampering with a Victim,6,High,1
Male,Greater than 45,Caucasian,0,0,0,0.0,0.0,M,Battery,0,0,,0,Low,0
Female,25 - 45,Other,0,0,0,1.0,0.0,F,arrest case no charge,1,0,Operating W/O Valid License,1,High,1
Female,Less than 25,Hispanic,0,0,0,0.0,-1.0,F,DUI Property Damage/Injury,0,0,,0,Low,0
Male,25 - 45,African-American,0,0,0,21.000000000000004,-1.0,F,Possession of Cocaine,0,0,,21,Medium,0
Female,Greater than 45,Hispanic,0,0,0,0.0,-1.0,M,Battery,0,0,Agg Fleeing/Eluding High Speed,0,Medium,0
Female,25 - 45,Native American,4,0,0,5.769344133631566,-1.0,M,Resist/Obstruct W/O Violence,1,1,Possession False Prescription,6,Low,0
Male,25 - 45,Caucasian,0,0,0,2.0,-2.0,F,Expired DL More Than 6 Months,1,0,Leave Acc/Attend Veh/More $50,2,High,1
Male,Less than 25,Other,0,0,0,13.0,0.0,F,Driving While License Revoked,1,0,Prowling/Loitering,13,Low,1
Female,Greater than 45,Native American,0,0,0,1.0,-10.0,F,Traffick Amphetamine 28g><200g,0,0,,1,Low,0
Male,25 - 45,African-American,0,1,1,8.0,-1.0,F,Poss Pyrrolidinovalerophenone,1,0,Susp Drivers Lic 1st Offense,8,High,1
Male,25 - 45,Other,0,0,0,3.0,-1.0,F,Grand Theft (Motor Vehicle),1,0,Petit Theft $100- $300,3,High,1
Female,Less than 25,Other,0,0,0,0.0,0.0,F,Possession of Cocaine,0,0,,0,Low,0
Male,25 - 45,Asian,0,0,0,1.0,0.0,F,Interfere W/Traf Cont Dev RR,1,0,Reckless Driving,1,Medium,1
Female,Less than 25,Caucasian,0,0,0,0.0,-1.0,M,Battery,1,1,Felony Battery (Dom Strang),0,Medium,1
Female,Less than 25,Native American,0,0,0,0.0,0.0,F,arrest case no charge,1,1,Battery,0,High,1
Female,Greater than 45,Hispanic,0,0,0,0.0,-1.0,F,Poss Pyrrolidinovalerophenone,1,0,Trespassing,0,Low,1
Female,Less than 25,Hispanic,0,0,0,2.0,-1.0,F,Agg Battery Grt/Bod/Harm,0,0,,2,Low,0
Male,25 - 45,African-American,0,0,0,5.0,-29.0,F,Possession of Cocaine,0,0,,5,Medium,0
Female,Less than 25,Asian,0,0,0,0.0,-2.0,F,Burglary Dwelling Assault/Batt,1,1,Purchase Of Cocaine,0,Low,0
Male,25 - 45,Asian,0,0,0,0.0,-1.0,F,Possession of Cocaine,1,0,Operating W/O Valid License,0,Medium,1
Female,25 - 45,Hispanic,0,0,0,0.0,-2.0,M,Battery,1,0,Trespassing,0,Low,1
Male,Greater than 45,Other,0,0,0,13.526403773256977,0.0,F,Aggrav Child Abuse-Agg Battery,1,0,,13,Low,1
Male,Less than 25,Caucasian,0,0,0,0.0,-1.0,F,arrest case no charge,0,0,,0,Low,0
Male,Less than 25,Native American,0,0,0,6.0,0.0,F,Grand Theft (Motor Vehicle),1,1,Agg Fleeing/Eluding High Speed,6,High,1
Female,Greater than 45,Other,0,0,0,0.0,-1.0,F,Exposes Culpable Negligence,0,0,,0,Low,0
Female,25 - 45,Caucasian,0,0,0,0.0,0.0,M,Battery,0,0,,0,Low,0
Female,Less than 25,Other,0,0,1,9.0,-1.0,M,Battery,0,0,,9,High,0
Male,Greater than 45,Native American,0,0,0,0.0,-1.0,F,Burglary Structure Unoccup,1,0,Possession Burglary Tools,0,Medium,1
Male,Less than 25,Other,0,0,0,0.0,-1.0,F,Possession Of Alprazolam,0,0,,0,Low,0
Female,25 - 45,African-American,0,0,0,1.0,-1.0,F,Poss Of RX Without RX,0,0,,1,High,0
Female,25 - 45,Asian,2,0,1,14.0,-1.0,M,Possession of Cocaine,1,0,Introduce Contraband Into Jail,14,High,1
Male,Less than 25,Asian,0,0,0,0.0,-1.0,F,Battery,0,0,,0,Low,0
Male,Greater than 45,Native American,0,0,0,4.0,-11.47319588849846,F,arrest case no charge,1,0,Possession Of Methamphetamine,4,Medium,1
Male,Less than 25,African-American,0,0,0,0.0,-1.0,F,Possession of Cocaine,1,0,Possess Drug Paraphernalia,0,Low,1
Male,Greater than 45,Caucasian,0,0,0,4.0,-1.0,F,Abuse Without Great Harm,0,0,,4,Low,0
Female,Greater than 45,Native American,0,0,0,5.0,-1.0,F,Fabricating Physical Evidence,1,0,,5,Medium,1
Female,Greater than 45,Hispanic,0,0,0,3.0,-3.0,F,Possession of Cocaine,1,0,Possess Cannabis/20 Grams Or Less,3,Medium,1
Male,Greater than 45,Other,0,0,0,1.0,-1.0,F,arrest case no charge,0,0,,1,Low,0
Female,25 - 45,Caucasian,0,0,0,2.0,13.960101784954233,F,False Name By Person Arrest,1,1,Contempt Of Court,2,High,1
Male,Greater than 45,African-American,0,0,0,0.0,0.0,F,Burglary Structure Unoccup,1,0,Possess Cannabis/20 Grams Or Less,0,Low,1
Female,Greater than 45,Hispanic,0,0,0,4.0,0.0,F,arrest case no charge,0,0,,4,Medium,0
Female,25 - 45,Asian,0,0,0,1.0,-6.0,F,Burglary Conveyance Unoccup,1,0,Possession Of Alprazolam,1,Low,0
Male,25 - 45,African-American,0,0,0,1.0,-1.0,F,Burglary Structure Unoccup,0,0,,1,Low,1
Male,25 - 45,Hispanic,0,0,1,10.0,-8.0,F,arrest case no charge,1,0,DWLS Habitual Offender 2nd,10,Medium,1
Female,25 - 45,African-American,0,0,0,2.0,26.09625660442891,F,Uttering Worthless Check +$150,0,0,,2,Low,0
Male,Less than 25,Caucasian,0,0,0,0.0,0.0,F,Driving While License Revoked,1,0,Driving While License Revoked,0,High,1
Male,Less than 25,Asian,0,0,0,2.0,-25.0,F,arrest case no charge,1,0,Sexual Battery Victim 12 Yrs +,2,Medium,1
Male,Greater than 45,Caucasian,0,0,0,0.0,0.0,M,Poss Cocaine/Intent To Del/Sel,0,0,Prostitution,0,Low,0
Male,Less than 25,Native American,0,0,0,1.0,-2.0,M,Aide/Abet Prostitution Lewdness,1,0,Fraud Obtain/ Use Disable Permit,1,Low,0
Male,Less than 25,Native American,0,0,0,13.0,-1.0,M,arrest case no charge,0,0,,13,Medium,0
Male,Greater than 45,Hispanic,0,0,2,12.0,-1.0,M,Battery,1,1,Unlawful Use Of License,11,High,1
Female,25 - 45,Asian,0,0,0,2.0,-28.0,F,Lewd/Lasc Battery Pers 12+/<16,1,1,Grand Theft (Motor Vehicle),2,Low,1
Male,Less than 25,Asian,0,0,0,10.0,-1.0,M,Battery,1,1,Fraudulent Use Credit Card,10,Medium,1
Male,Greater than 45,Asian,0,0,0,13.0,-1.0,F,arrest case no charge,1,1,Burglary Structure Assault/Batt,13,High,1
Male,Greater than 45,Caucasian,0,0,0,4.0,-14.742591970536438,F,Poss Cocaine/Intent To Del/Sel,0,0,,4,Low,0
Male,Greater than 45,Asian,0,0,0,4.0,0.0,F,arrest case no charge,1,0,Sexual Battery Victim 12 Yrs +,4,Medium,1
Female,Less than 25,African-American,0,0,0,0.0,-1.0,M,Battery,1,0,Exposes Culpable Negligence,0,Low,1
Female,25 - 45,Caucasian,0,0,0,1.0,0.0,M,Possession of Methadone,0,0,,1,Low,0
Female,Greater than 45,Asian,0,0,0,2.0,-1.0,F,Aggrav Child Abuse-Agg Battery,0,0,,2,Medium,0
Female,25 - 45,Asian,0,0,0,0.0,-1.0,M,Prostitution,1,0,,0,Medium,0
Female,25 - 45,Asian,0,0,0,0.0,-1.0,F,Aide/Abet Prostitution Lewdness,0,0,,0,Low,0
Female,25 - 45,African-American,0,0,0,1.0,-1.0,M,Battery,0,0,,1,Medium,0
Male,25 - 45,African-American,0,1,0,18.0,0.0,F,Possession of Cocaine,1,0,Unlaw LicTag/Sticker Attach,18,High,1
Female,Greater than 45,Asian,0,0,0,0.0,-1.0,F,Burglary Structure Unoccup,0,0,,0,Low,0
Male,25 - 45,Caucasian,0,0,0,1.0,0.0,F,arrest case no charge,0,0,,1,Low,0
Male,Greater than 45,Other,0,0,0,2.0,0.0,F,Burglary Dwelling Assault/Batt,1,1,POSSESS FIELD BOX WITH REGISTERED MARK,2,Medium,1
Male,Less than 25,Caucasian,0,0,0,11.0,-1.0,F,Driving While License Revoked,1,0,Trespass Struct/Conveyance,11,Medium,1
Male,25 - 45,Asian,0,0,0,1.0,-1.0,F,"Poss Of 1,4-Butanediol",0,0,,1,Low,0
Female,Greater than 45,Other,0,0,0,4.0,-1.0,F,arrest case no charge,0,0,,4,Medium,0
Male,25 - 45,Asian,0,1,1,8.0,0.0,F,Burglary Structure Unoccup,1,0,Felony Driving While Lic Suspd,9,High,1
Female,Greater than 45,Hispanic,0,0,0,18.0,-1.0,M,Unlaw Use False Name/Identity,1,0,Unlaw Use False Name/Identity,18,Medium,1
Male,25 - 45,Caucasian,0,0,0,0.0,-1.0,F,Poss Pyrrolidinovalerophenone,1,0,Susp Drivers Lic 1st Offense,0,Low,1
Male,Less than 25,African-American,0,0,0,3.0,-1.0,M,Uttering Worthless Check +$150,1,0,Possess Countrfeit Credit Card,3,Low,1
Male,Greater than 45,Other,0,0,0,1.0,-1.0,F,Fabricating Physical Evidence,0,0,,1,Medium,0
Female,Less than 25,Hispanic,0,0,0,1.0,0.0,M,Battery,0,0,,1,Medium,0
Male,Greater than 45,Native American,0,0,0,4.0,-26.0,M,Felony DUI (level 3),1,0,Unlaw LicTag/Sticker Attach,4,Low,0
Female,Less than 25,Caucasian,0,0,1,1.0,0.0,F,Burglary Conveyance Unoccup,0,0,,1,Low,0
Male,25 - 45,Other,0,0,1,1.0,-20.571870102453822,M,Battery,0,0,,1,Medium,0
Female,25 - 45,African-American,0,1,0,2.0,-1.0,F,Aggravated Assault W/dead Weap,1,0,Unlawful Use Of License,2,Medium,1
Female,Less than 25,African-American,0,0,0,4.0,0.0,F,Viol Prot Injunc Repeat Viol,0,0,,4,Medium,0
Female,Greater than 45,Other,0,0,0,2.0,-1.0,M,"Poss Of 1,4-Butanediol",0,0,,2,Medium,0
Female,Less than 25,Other,0,0,0,3.0,-1.0,M,DUI Property Damage/Injury,1,0,Felony Petit Theft,3,Low,1
Female,Less than 25,Other,0,0,0,1.0,0.0,F,Poss Of RX Without RX,1,0,Possess Cannabis/20 Grams Or Less,1,Low,1
Male,Less than 25,Caucasian,0,0,0,20.0,0.0,F,Driving While License Revoked,1,0,Operating W/O Valid License,20,High,1
Female,Less than 25,Caucasian,0,0,0,2.0,0.0,M,Battery,0,0,,2,Low,0
Male,Greater than 45,Native American,0,0,0,0.0,0.0,M,Battery,0,0,,0,Low,0
Female,25 - 45,Caucasian,0,0,0,2.0,-1.0,M,Harm Public Servant Or Family,0,0,,2,Medium,0
Male,25 - 45,Hispanic,0,0,0,4.0,-1.0,F,Obstruct Officer W/Violence,1,0,Possess Countrfeit Credit Card,4,Low,1
Male,25 - 45,Other,0,0,0,3.0,-4.01601921652453,F,arrest case no charge,0,0,,3,Low,0
Male,Less than 25,African-American,0,0,0,1.0,-1.0,M,Battery,0,0,,1,Low,0
Female,Greater than 45,Caucasian,0,0,0,2.0,-1.0,M,Poss of Firearm by Convic Felo,1,1,Viol Injunct Domestic Violence,2,Low,1
Male,25 - 45,Native American,0,0,0,0.0,0.0,M,Battery,1,1,False Ownership Info/Pawn Item,0,Low,1
Female,Greater than 45,Caucasian,0,0,0,2.0,-1.0,F,Trans/Harm/Material to a Minor,1,0,,2,Medium,1
Male,Less than 25,Native American,3,0,1,13.0,-1.0,F,arrest case no charge,1,0,DOC/Fighting/Threatening Words,13,Low,1
Male,Less than 25,Caucasian,0,0,0,2.0,0.0,F,Burglary Conveyance Unoccup,0,0,,2,Low,0
Male,Greater than 45,Caucasian,0,0,0,2.0,-1.0,M,Battery,1,0,Unlawful Use Of License,2,Low,1
Male,Greater than 45,Hispanic,0,0,0,1.0,-1.0,F,Possession of Cocaine,1,0,Burglary Structure Assault/Batt,1,Low,1
Male,Less than 25,Hispanic,0,0,0,1.0,-1.0,F,arrest case no charge,0,0,,1,High,0
Male,25 - 45,Native American,0,0,0,1.0,-1.0,F,Possession Of Alprazolam,1,0,Criminal Mischief>$200<$1000,1,Medium,1
Female,Less than 25,Hispanic,0,0,0,0.0,-1.0,F,Expired DL More Than 6 Months,0,0,,0,Low,1
Male,Greater than 45,Hispanic,0,1,0,16.0,-1.0,F,Driving While License Revoked,1,0,Reckless Driving,17,High,1
Female,Greater than 45,Native American,0,0,0,0.0,-1.0,M,Battery,0,0,,0,Low,0
Male,Less than 25,African-American,0,0,0,0.0,0.0,M,Possession Of Alprazolam,1,0,Possess Cannabis/20 Grams Or Less,0,Low,1
Male,Greater than 45,Native American,0,0,0,0.0,0.0,F,Possession of Cocaine,1,1,No/Improper Drivers License,0,High,1
Male,Greater than 45,African-American,0,0,0,0.0,-1.0,M,Battery,1,0,,0,Low,0
Male,25 - 45,African-American,0,1,0,2.0,-1.0,F,Poss Of RX Without RX,0,0,,2,High,0
Male,25 - 45,Native American,0,0,0,0.0,0.0,F,Grand Theft (Motor Vehicle),1,0,Trespass Struct/Conveyance,0,Medium,1
Female,Greater than 45,Other,0,0,0,1.0,-13.535154029057903,M,Battery,0,0,,1,Medium,0
Female,Greater than 45,Native American,0,0,0,7.0,-1.0,F,arrest case no charge,1,0,Sexual Battery Victim 12 Yrs +,7,Low,0
Female,Less than 25,African-American,0,0,0,3.0,-15.0,F,Unl/Disturb Education/Instui,0,0,,3,Medium,0
Male,25 - 45,Other,0,0,0,0.0,-1.0,F,Poss Cocaine/Intent To Del/Sel,1,0,Trespass Structure/Conveyance,0,High,1
Male,Less than 25,Native American,0,0,0,0.0,0.0,M,Battery,1,1,Possession Of Alprazolam,0,Low,1
Male,25 - 45,Hispanic,0,0,0,4.0,-1.0,M,Battery,0,0,,4,Low,0
Male,25 - 45,African-American,0,0,0,15.0,-1.0,F,Poss Pyrrolidinovalerophenone,1,0,Criminal Mischief>$200<$1000,15,High,1
Female,25 - 45,Native American,0,0,1,0.0,-1.0,M,Battery,1,0,Fail Register Vehicle,0,Medium,0
Female,25 - 45,African-American,0,0,0,0.0,-1.0,F,Tresspass Struct/Conveyance,0,0,,0,Low,0
Female,Greater than 45,African-American,0,0,0,0.0,-1.0,M,Reckless Driving,0,0,,0,Low,0
Female,Greater than 45,Caucasian,0,0,0,2.0,0.0,M,Battery,0,0,,2,Low,0
Female,25 - 45,Caucasian,0,0,0,11.0,0.0,F,Tamper With Witness,0,0,,11,Medium,0
Male,25 - 45,Hispanic,1,0,0,18.0,0.0,F,arrest case no charge,1,0,Possess Cannabis/20 Grams Or Less,17,Medium,1
Female,Less than 25,Asian,0,0,0,1.0,-1.0,F,False Name By Person Arrest,0,0,,1,Low,0
Male,Greater than 45,African-American,0,1,0,9.0,-1.0,M,Exposes Culpable Negligence,0,0,,10,Medium,0
Female,Greater than 45,Caucasian,0,0,0,0.0,-1.0,M,Battery,1,0,Possess Drug Paraphernalia,0,Low,1
Male,25 - 45,Asian,0,0,0,0.0,-1.0,F,Grand Theft (Motor Vehicle),0,0,,0,Low,0
Female,Less than 25,Native American,0,0,0,16.0,-1.0,F,Grand Theft (Motor Vehicle),1,0,Purchase Of Cocaine,16,High,1
Female,25 - 45,Hispanic,0,0,0,0.0,0.0,M,Grand Theft of a Fire Extinquisher,0,0,,0,Medium,0
Female,Greater than 45,African-American,0,0,0,3.0,-1.0,M,Poss Similitude of Drivers Lic,1,1,Viol Injunct Domestic Violence,3,Low,1
Male,Less than 25,Hispanic,0,0,0,2.0,-1.0,M,Tamper With Witness,0,0,Unlaw Use False Name/Identity,2,High,1
Female,25 - 45,Native American,0,0,0,0.0,-1.0,M,Battery,0,0,,0,Low,0
Female,Greater than 45,Other,0,0,0,13.0,-1.0,M,Deliver Cocaine 1000FT Church,1,1,Burglary Conveyance Unoccup,12,Medium,1
Male,Greater than 45,Hispanic,0,0,0,0.0,-1.0,F,Burglary Dwelling Occupied,0,0,,0,Low,0
Male,Greater than 45,Native American,0,0,0,1.0,-1.0,M,arrest case no charge,0,0,,1,Medium,0
Female,Less than 25,African-American,0,0,0,1.0,-1.0,F,arrest case no charge,1,0,Exposes Culpable Negligence,1,High,1
Female,Greater than 45,African-American,0,0,0,2.0,-29.0,F,arrest case no charge,1,1,Grand Theft (Motor Vehicle),2,Low,1
Male,Less than 25,African-American,0,0,0,1.0,-2.0,F,Burglary Conveyance Unoccup,1,0,Unlaw LicTag/Sticker Attach,1,Low,1
Male,25 - 45,Native American,0,0,0,11.0,0.0,M,Battery,0,0,,11,Low,0
Male,25 - 45,Caucasian,0,0,2,6.0,0.0,F,Possession of Codeine,0,0,,6,High,0
Male,25 - 45,African-American,0,0,0,4.0,-1.0,M,Harm Public Servant Or Family,0,0,,4,High,0
Female,Less than 25,Native American,0,0,1,0.0,-1.0,F,arrest case no charge,0,0,,0,Low,0
Male,25 - 45,Caucasian,0,1,1,3.0,0.0,M,Battery,1,0,Petit Theft,3,High,1
Female,Greater than 45,Caucasian,0,0,0,0.0,0.0,M,Battery,1,0,Unlaw LicTag/Sticker Attach,0,Low,1
Male,Less than 25,Other,0,0,0,1.0,-1.0,F,Obstruct Officer W/Violence,1,1,Reckless Driving,1,Low,1
Female,Less than 25,African-American,0,0,0,0.0,-1.0,M,Viol Prot Injunc Repeat Viol,1,0,Petit Theft $100- $300,0,Low,1
Male,Greater than 45,Other,0,0,0,0.0,-1.0,F,Aggravated Assault W/dead Weap,0,0,,0,Low,0
Female,25 - 45,Other,0,0,0,5.0,-1.0,M,Petit Theft,1,0,Prowling/Loitering,5,Medium,1
Male,25 - 45,African-American,0,0,0,10.0,-1.0,F,Interfere W/Traf Cont Dev RR,0,0,,10,Low,0
Female,Greater than 45,Caucasian,0,0,0,0.0,15.094265797591888,F,Murder in the First Degree,1,1,Possession Of Alprazolam,0,Low,1
Female,Less than 25,Hispanic,0,0,0,1.0,-10.0,M,Battery,0,0,,1,Low,0
Female,25 - 45,African-American,0,0,0,2.0,-1.0,F,Possession of Cocaine,1,0,Trespass Structure/Conveyance,2,High,0
Female,Greater than 45,Hispanic,0,0,0,4.0,0.0,M,Battery,0,0,,4,Low,0
Female,Less than 25,Hispanic,0,0,0,16.0,-1.0,F,False Name By Person Arrest,1,0,Unlaw Use False Name/Identity,15,Medium,1
Male,25 - 45,Hispanic,0,0,0,2.0,-1.0,F,Burglary Conveyance Unoccup,1,0,Purchase Of Cocaine,2,Medium,1
Male,25 - 45,Native American,0,0,0,0.0,0.0,F,Poss Cocaine/Intent To Del/Sel,1,0,Prowling/Loitering,0,Medium,1
Male,25 - 45,Other,0,1,2,1.0,-1.0,F,Burglary Conveyance Unoccup,0,0,,1,High,0
Male,25 - 45,Caucasian,0,0,0,0.0,-7.0,M,Deliver Cocaine 1000FT Church,0,0,,0,Low,0
Female,Greater than 45,Other,0,0,0,4.0,-1.0,F,arrest case no charge,0,0,,4,Low,0
Male,Less than 25,Asian,0,0,0,2.0,-1.0,F,Felony Petit Theft,1,0,Possess Countrfeit Credit Card,2,Medium,1
Male,Less than 25,Native American,0,0,0,1.0,-26.0,M,Prowling/Loitering,0,0,,1,Low,0
Female,Less than 25,Native American,0,0,0,1.0,-1.0,F,Possession of Methadone,1,0,Viol Injunct Domestic Violence,1,Medium,1
Female,Less than 25,Caucasian,0,0,0,7.0,-1.0,F,Burglary Conveyance Unoccup,1,0,Criminal Mischief>$200<$1000,7,High,1
Female,Greater than 45,Hispanic,0,0,0,0.0,-1.0,M,Battery,1,0,Possession Burglary Tools,0,Low,1
Male,25 - 45,African-American,0,0,0,1.0,0.0,F,arrest case no charge,0,0,,1,Low,0
Female,25 - 45,Caucasian,0,0,0,3.0,0.0,M,Battery,1,0,Susp Drivers Lic 1st Offense,3,Medium,1
Male,25 - 45,Caucasian,0,0,1,1.0,0.0,F,Poss Pyrrolidinovalerophenone,0,0,,1,Low,0
Female,Less than 25,Hispanic,0,0,0,0.0,-1.0,M,Poss Contr Subst W/o Prescript,1,1,Viol Injunct Domestic Violence,0,High,1
Male,Greater than 45,Native American,0,0,0,0.0,-1.0,M,Possession of Cocaine,0,0,,0,Low,0
Female,25 - 45,African-American,0,0,1,7.0,-1.0,F,Possession of Cocaine,1,0,Possess Cannabis/20 Grams Or Less,7,High,1
Male,Less than 25,African-American,0,0,0,1.0,-1.0,M,Unl/Disturb Education/Instui,0,0,,1,Low,0
Male,Less than 25,African-American,0,0,0,7.0,-1.0,F,arrest case no charge,1,0,Unlaw Use False Name/Identity,7,Medium,1
Male,Greater than 45,Asian,0,0,0,0.0,-1.0,F,Poss Of RX Without RX,0,0,,0,Medium,0
Male,25 - 45,Other,0,0,0,25.133185649626107,18.13784656887627,F,arrest case no charge,1,1,Unlawful Use Of License,25,High,1
Female,Less than 25,Asian,0,0,0,0.0,-1.0,F,Unl/Disturb Education/Instui,0,0,,0,Medium,0
Female,25 - 45,Other,0,0,0,3.0,-1.0,F,Carrying Concealed Firearm,1,1,Fraud Obtain Driver License,3,High,1
Female,25 - 45,African-American,0,0,0,1.0,-1.0,F,Depriv LEO of Protect/Communic,1,1,Unlaw Pos of Prson ID of another,1,Low,1
Male,Greater than 45,Native American,0,0,0,4.0,-1.0,F,Burglary Conveyance Unoccup,1,0,Susp Drivers Lic 1st Offense,4,Medium,1
Female,Greater than 45,Caucasian,0,0,0,0.0,0.0,F,Grand Theft (Motor Vehicle),1,0,,0,Medium,1
Female,Greater than 45,Caucasian,0,0,0,3.0,-1.0,F,Possession of Cocaine,1,0,Operating W/O Valid License,3,High,1
Male,25 - 45,African-American,0,0,0,1.0,-3.0,M,Obstruct Officer W/Violence,0,0,,1,Low,0
Male,Greater than 45,African-American,0,0,0,0.0,-3.0,M,Driving Under The Influence,0,0,,0,Low,0
Male,25 - 45,Hispanic,0,0,0,1.0,-1.0,F,arrest case no charge,1,0,DUI Level 0.15 Or Minor In Veh,1,Medium,1
Female,Greater than 45,Native American,0,0,0,0.0,-1.0,M,Agg Battery Grt/Bod/Harm,1,0,,0,Low,0
Male,Less than 25,African-American,0,0,0,9.0,-1.0,F,Driving While License Revoked,1,1,Battery,9,Medium,1
Male,Greater than 45,Caucasian,0,0,0,2.0,0.0,M,Battery,1,1,Robbery Sudd Snatch No Weapon,2,Low,1
Male,Less than 25,Native American,0,0,0,0.0,-1.0,M,Driving Under The Influence,0,0,,0,Low,0
Male,Greater than 45,Asian,0,0,0,0.0,-1.0,M,Battery,0,0,,0,Medium,0
Female,Greater than 45,African-American,0,2,1,13.0,0.0,F,arrest case no charge,1,0,Trespass After Warning,13,Medium,1
Male,Less than 25,Asian,0,0,0,1.0,-14.657180974921962,M,Poss Similitude of Drivers Lic,0,0,,1,Low,0
Female,25 - 45,Caucasian,0,0,0,0.0,-1.0,M,Harm Public Servant Or Family,0,0,,0,Low,0
Male,Less than 25,Caucasian,0,0,0,4.0,0.0,F,Possession of Cocaine,0,0,,4,High,0
Male,25 - 45,Asian,0,0,0,0.0,0.0,M,Battery,1,0,Unlaw Use False Name/Identity,0,Low,1
Male,25 - 45,Caucasian,0,0,0,2.0,-1.0,M,Battery,1,0,Possess Cannabis/20 Grams Or Less,2,Low,0
Female,Greater than 45,Caucasian,0,0,0,1.0,0.0,F,Depriv LEO of Protect/Communic,1,1,Battery,1,Low,1
Female,Less than 25,Other,0,0,0,0.0,0.0,F,DUI Property Damage/Injury,0,0,,0,Low,0
Male,25 - 45,Hispanic,0,0,0,1.0,0.0,F,Poss Cocaine/Intent To Del/Sel,0,0,,1,Low,0
Female,Greater than 45,Hispanic,0,0,0,4.0,-1.0,F,Refuse Submit Blood/Breath Test,0,0,,4,High,0
Female,25 - 45,African-American,0,0,0,21.000000000000004,-1.0,F,arrest case no charge,1,0,Driving While License Revoked,21,High,1
Female,25 - 45,Native American,0,0,0,2.0,0.0,M,Exposes Culpable Negligence,0,0,,2,Medium,0
Male,Less than 25,Hispanic,0,0,0,1.0,-1.0,M,Refuse Submit Blood/Breath Test,1,0,Stalking,1,Medium,1
Male,Less than 25,Asian,0,0,0,0.0,-1.0,F,Burglary Structure Unoccup,0,0,,0,Low,0
Male,25 - 45,Asian,0,0,0,0.0,-1.0,F,Fabricating Physical Evidence,0,0,,0,Low,0
Female,25 - 45,Native American,0,0,0,1.0,-1.0,F,Aggravated Assault W/Dead Weap,1,0,Unlawful Use Of License,1,Medium,1
Male,Greater than 45,Native American,0,0,0,1.0,-1.0,F,Agg Battery Grt/Bod/Harm,1,0,Exposes Culpable Negligence,1,Medium,1
Female,Greater than 45,Caucasian,0,0,4,4.0,0.0,F,Poss Pyrrolidinovalerophenone,1,1,Battery Upon Detainee,4,Medium,1
Male,Greater than 45,Caucasian,0,1,3,1.0,-1.0,F,Possession of Cocaine,1,0,Possess Drug Paraphernalia,1,High,1
Male,25 - 45,African-American,0,0,0,0.0,-1.0,M,Battery,0,0,,0,High,0
Male,25 - 45,Asian,0,0,0,3.0,-1.0,F,arrest case no charge,1,0,Fail Register Vehicle,3,Medium,1
Male,Greater than 45,Asian,0,0,0,2.0,-1.0,F,False Name By Person Arrest,1,0,Burglary Structure Unoccup,2,Low,1
Female,25 - 45,Caucasian,0,0,1,2.0,-1.0,M,Battery,1,0,Operating W/O Valid License,2,Medium,1
Female,Less than 25,Native American,0,0,0,5.0,-1.0,F,Exposes Culpable Negligence,0,0,,5,Low,0
Male,25 - 45,Native American,0,0,0,7.0,-1.0,F,Aggrav Child Abuse-Agg Battery,0,0,,7,Low,0
Female,Less than 25,Hispanic,0,0,0,0.0,0.0,F,Possession of Cocaine,1,0,Driving While License Revoked,0,Medium,1
Female,25 - 45,Native American,0,0,0,0.0,-1.0,F,Burglary Dwelling Assault/Batt,1,1,DUI Level 0.15 Or Minor In Veh,0,Low,1
Female,25 - 45,African-American,0,0,0,1.0,-1.0,M,Battery,0,0,,1,Low,0
Male,Greater than 45,Asian,0,0,0,5.0,-8.92794806933583,F,arrest case no charge,1,0,,5,Medium,0
Female,Greater than 45,African-American,0,0,0,3.0,-1.0,F,Burglary Structure Unoccup,0,0,,3,High,0
Male,Less than 25,Other,0,0,0,6.0,-1.0,F,Possession of Cocaine,1,0,Unnatural/Lascivious Act,6,High,1
Male,Less than 25,Caucasian,0,0,0,9.0,-4.0,M,arrest case no charge,1,1,Possession of Ethylone,8,Low,1
Male,Greater than 45,African-American,0,0,0,3.0,-1.0,F,License Suspended Revoked,0,0,,3,Low,0
Female,Less than 25,African-American,0,0,0,3.0,0.0,F,arrest case no charge,1,0,Unlaw Use False Name/Identity,3,Medium,1
Male,25 - 45,Native American,0,0,0,2.0,-1.0,F,Unl/Disturb Education/Instui,1,0,Possess Cannabis/20 Grams Or Less,2,Medium,1
Female,Less than 25,Hispanic,0,0,0,0.0,-1.0,M,Battery,0,0,,0,Low,0
Female,Less than 25,Native American,0,0,1,0.0,0.0,F,Possession of Cocaine,0,0,,0,Low,0
Female,Greater than 45,Hispanic,0,0,0,1.0,-27.905194619033217,F,Murder in the First Degree,0,0,,1,Medium,0
Male,25 - 45,Other,0,0,0,1.0,-1.0,F,Possession of Cocaine,1,0,Leave Acc/Attend Veh/More $50,1,Low,1
Female,Greater than 45,Other,0,0,0,10.0,0.0,M,Battery,1,1,Possess Cannabis/20 Grams Or Less,10,High,1
Female,25 - 45,Caucasian,0,2,2,13.0,0.0,F,Grand Theft (Motor Vehicle),1,0,Unnatural/Lascivious Act,14,High,1
Male,Less than 25,Caucasian,0,0,0,6.0,0.0,M,Unlaw Use False Name/Identity,0,0,,6,High,0
Male,Greater than 45,Caucasian,0,0,0,0.0,-1.0,F,Burglary Structure Unoccup,1,0,Grand Theft (Motor Vehicle),0,Medium,1
Female,Less than 25,Caucasian,0,0,0,1.0,-1.0,F,arrest case no charge,0,0,Fraud Obtain/ Use Disable Permit,1,Medium,0
Female,25 - 45,Caucasian,0,0,0,3.0,-1.0,F,Harm Public Servant Or Family,1,0,Grand Theft (Motor Vehicle),3,Medium,1
Female,Less than 25,Asian,0,0,0,0.0,0.0,M,Battery,1,1,Agg Fleeing/Eluding High Speed,0,High,1
Female,25 - 45,Asian,0,0,0,3.0,-1.0,F,DUI Property Damage/Injury,0,0,,3,Low,0
Female,Less than 25,Caucasian,0,0,0,0.0,0.0,M,Poss of Firearm by Convic Felo,0,0,,0,Low,0
Male,Greater than 45,Caucasian,0,0,0,2.0,-1.0,F,Interfere W/Traf Cont Dev RR,0,0,,2,High,0
Female,25 - 45,Hispanic,1,0,0,4.0,-1.0,F,arrest case no charge,1,0,,4,High,1
Male,25 - 45,Asian,0,0,0,13.0,-1.0,M,Uttering Worthless Check +$150,1,0,Fraud Obtain/ Use Disable Permit,13,High,1
Female,Greater than 45,Hispanic,0,0,0,0.0,-1.0,M,Possession of Benzylpiperazine,0,0,,0,Low,0
Male,Less than 25,African-American,0,0,0,2.0,0.0,F,Fabricating Physical Evidence,0,0,,2,Medium,0
Male,Less than 25,Native American,0,0,0,35.977298805145125,-6.797746469536058,F,Possession of Methadone,1,0,Use/Poss/Drug Para/Plant/Grow,35,Medium,1
Female,Less than 25,Hispanic,0,0,0,7.0,-1.0,F,Possession of Cocaine,1,0,Sexual Battery Victim 12 Yrs +,7,High,1
Male,25 - 45,Asian,1,0,0,3.0,-1.0,M,Battery,1,1,Robbery Sudd Snatch No Weapon,3,High,1
Female,Greater than 45,Hispanic,0,0,0,1.0,-1.0,F,Viol Prot Injunc Repeat Viol,0,0,,1,Low,0
Female,Greater than 45,African-American,0,0,0,1.0,-1.0,F,arrest case no charge,1,0,Operating W/O Valid License,1,Medium,1
Female,Less than 25,Native American,0,0,0,2.0,-1.0,F,Poss Similitude of Drivers Lic,0,0,,2,Low,0
Female,25 - 45,African-American,0,0,0,0.0,0.0,M,Driving Under The Influence,0,0,,0,Low,0
Male,Less than 25,Hispanic,0,0,0,6.0,-1.0,F,Poss Pyrrolidinovalerophenone,1,0,Driving While License Revoked,6,High,1
Male,25 - 45,Native American,0,0,3,2.0,-1.0,F,"Poss Of 1,4-Butanediol",1,0,Exposes Culpable Negligence,2,Medium,1
Female,25 - 45,African-American,0,0,0,1.0,-1.0,F,Agg Battery Grt/Bod/Harm,0,0,,1,Low,1
Male,Less than 25,Native American,0,0,0,24.734885277594742,28.89548700392239,F,arrest case no charge,1,0,Burglary Structure Unoccup,25,High,1
Female,25 - 45,Caucasian,0,0,0,0.0,-1.0,M,Battery,0,0,,0,Low,1
Male,25 - 45,African-American,0,0,0,2.0,-1.0,F,arrest case no charge,0,0,,2,Medium,1
Male,25 - 45,African-American,0,0,0,1.0,-1.0,F,Deliver Cocaine 1000FT Church,1,1,Possession Of Methamphetamine,1,Low,1
Female,25 - 45,Caucasian,0,0,0,0.0,-1.0,M,Battery,0,0,,0,High,0
Male,Greater than 45,African-American,0,0,0,0.0,0.0,F,Uttering Forged Bills,0,0,,0,Low,0
Female,Greater than 45,Asian,0,0,0,0.0,-2.0,M,Aggravated Assault W/Dead Weap,0,0,,0,Low,0
Female,25 - 45,Asian,0,0,0,0.0,-1.0,F,Driving While License Revoked,1,0,Unlaw LicTag/Sticker Attach,0,Low,1
Male,Less than 25,African-American,0,0,0,5.0,-1.0,F,License Suspended Revoked,1,0,Possess Cannabis/20 Grams Or Less,5,Low,1
Male,Greater than 45,Native American,0,0,0,0.0,-1.0,M,Battery,1,0,Fail Obey Driv Lic Restrictions,0,Low,1
Male,Less than 25,Asian,0,0,0,0.0,-1.0,M,Battery,0,0,,0,Low,0
Female,Less than 25,African-American,0,0,0,1.0,-1.0,F,Possession of Cocaine,0,0,,1,Low,0
Female,25 - 45,African-American,0,0,0,0.0,-1.0,F,Driving While License Revoked,0,0,,0,Low,0
Male,Less than 25,Caucasian,0,0,0,0.0,0.0,M,Battery,0,0,,0,Low,0
Female,Greater than 45,Caucasian,0,0,0,0.0,-1.0,M,Battery,0,0,,0,Low,0
Male,25 - 45,Native American,0,0,0,7.0,-1.0,M,Battery,0,0,,7,Low,0
Female,Greater than 45,Asian,0,0,0,1.0,-1.0,F,Felony Petit Theft,1,0,Possess Cannabis/20 Grams Or Less,1,Low,1
Male,25 - 45,Caucasian,0,0,0,4.0,0.0,M,Battery,1,1,Operating W/O Valid License,4,Low,1
Male,Less than 25,Asian,0,0,1,0.0,-1.0,F,Possession Of Alprazolam,1,0,Criminal Mischief>$200<$1000,0,High,1
Male,Greater than 45,African-American,0,0,0,7.0,-1.0,F,Felony Petit Theft,1,0,Felony Petit Theft,7,Medium,1
Male,Greater than 45,African-American,0,0,3,18.894803515680753,-1.0,F,Battery On Fire Fighter,1,0,Use/Poss/Drug Para/Plant/Grow,17,Low,1
Female,Less than 25,Hispanic,0,0,0,3.0,-1.0,M,License Suspended Revoked,0,0,,3,Low,0
Male,Less than 25,Caucasian,0,0,0,4.0,0.0,F,Resist/Obstruct W/O Violence,1,0,Unlawful Use Of License,4,Low,1
Female,Less than 25,Hispanic,0,0,0,0.0,-2.0,M,Battery,0,0,,0,Low,0
Female,Less than 25,Native American,0,0,0,0.0,-1.0,M,Battery,0,0,,0,High,0
Female,Less than 25,Native American,0,0,0,0.0,-1.0,F,Agg Battery Grt/Bod/Harm,0,0,,0,High,0
Female,25 - 45,Native American,0,0,0,0.0,-1.0,F,arrest case no charge,1,0,Reckless Driving,0,Low,1
Female,25 - 45,Hispanic,0,0,0,3.0,-1.0,M,arrest case no charge,0,0,,3,Medium,0
Male,Greater than 45,Caucasian,0,0,0,1.0,-15.570873514515336,F,Felony Petit Theft,0,0,,1,High,0
Male,25 - 45,African-American,0,1,0,9.0,-1.0,F,Possession of Cocaine,1,0,DOC/Fighting/Threatening Words,9,High,1
Female,Less than 25,Asian,0,0,0,0.0,-3.0,F,Possession Of Alprazolam,0,0,,0,Medium,0
Male,Less than 25,Hispanic,0,0,0,0.0,-1.0,F,Agg Battery Grt/Bod/Harm,1,0,Use/Poss/Drug Para/Plant/Grow,0,Low,1
Male,25 - 45,Hispanic,0,0,0,1.0,-1.0,F,Aggravated Assault W/Dead Weap,1,1,Driving While License Revoked,1,Medium,1
Male,Greater than 45,Hispanic,0,0,0,1.0,-1.0,F,arrest case no charge,0,0,,1,Low,0
Male,Less than 25,Caucasian,0,0,0,1.0,-1.0,F,Grand Theft (Motor Vehicle),0,0,,1,High,0
Male,25 - 45,Caucasian,0,0,0,4.0,0.0,M,Petit Theft,1,0,Viol Injunct Domestic Violence,4,Medium,1
Male,25 - 45,African-American,0,0,1,1.0,-22.0,M,Driving Under The Influence,0,0,,1,Low,0
Male,Less than 25,Caucasian,0,0,0,4.0,-1.0,F,Poss Of RX Without RX,1,1,DWLS Habitual Offender 2nd,4,High,1
Male,Greater than 45,Other,0,0,0,9.0,-1.0,F,Grand Theft (Motor Vehicle),0,0,,9,Medium,0
Female,25 - 45,Other,0,0,0,0.0,0.0,M,Resist/Obstruct W/O Violence,0,0,,0,Low,0
Male,25 - 45,Hispanic,0,0,0,0.0,-1.0,F,Poss Contr Subst W/o Prescript,0,0,,0,High,0
Male,25 - 45,Native American,0,0,0,0.0,-2.0,M,Battery,0,0,,0,Low,0
Male,25 - 45,Other,0,0,0,1.0,-23.0,F,Possession Of Alprazolam,0,0,,1,Medium,0
Female,Less than 25,Asian,0,0,0,0.0,-1.0,M,Expired DL More Than 6 Months,1,0,Operating W/O Valid License,0,Low,1
Female,25 - 45,Other,0,0,0,0.0,-1.0,M,Battery,0,0,,0,Low,0
Female,Greater than 45,African-American,0,0,0,7.0,-1.0,F,Aggravated Battery / Pregnant,1,0,Viol Injunct Domestic Violence,7,High,1
Female,25 - 45,Native American,0,0,0,5.0,-1.0,F,Murder in the First Degree,0,0,,5,Low,0
Male,Greater than 45,African-American,0,0,0,0.0,-1.0,F,Possession of Cocaine,1,1,Battery,0,Medium,1
Male,Less than 25,Asian,0,0,0,2.0,-12.758147356873721,F,arrest case no charge,1,0,Petit Theft $100- $300,2,Low,0
Male,Greater than 45,Hispanic,0,0,0,0.0,-1.0,F,Felony Petit Theft,1,0,Possession Of Alprazolam,0,Low,1
Female,25 - 45,Native American,0,0,0,0.0,-1.0,M,DUI Property Damage/Injury,1,0,Susp Drivers Lic 1st Offense,0,Low,0
Male,Greater than 45,Other,0,0,0,0.0,-1.0,F,Possession of Cocaine,1,0,Grand Theft (Motor Vehicle),0,High,0
Male,25 - 45,Caucasian,0,0,0,5.0,0.0,M,Fabricating Physical Evidence,1,0,Unlaw Use False Name/Identity,5,Medium,1
Male,Less than 25,Caucasian,0,0,0,3.0,-1.0,F,Harm Public Servant Or Family,0,0,,3,Low,0
Male,Greater than 45,African-American,0,0,0,0.0,-3.0,M,Poss Cocaine/Intent To Del/Sel,1,0,Possess Cannabis/20 Grams Or Less,0,Low,1
Female,25 - 45,Asian,0,0,0,5.0,-4.0,F,Petit Theft $100- $300,1,0,Trespass Structure/Conveyance,5,Medium,1
Male,Greater than 45,Other,0,0,0,0.0,-1.0,F,Fabricating Physical Evidence,0,0,,0,Low,0
Female,Greater than 45,African-American,0,0,0,0.0,-3.0,M,Burglary Structure Unoccup,0,0,,0,High,0
Male,Greater than 45,African-American,0,0,0,15.0,-1.0,F,Felony Petit Theft,1,0,DOC/Fighting/Threatening Words,15,Medium,1
Male,25 - 45,African-American,0,0,0,9.0,-1.0,M,Battery,1,0,Fail Register Vehicle,9,Medium,1
Male,25 - 45,Other,0,0,0,0.0,0.0,F,Possession of Cocaine,0,0,,0,Low,0
Female,25 - 45,Other,0,2,1,20.0,-1.0,F,Poss Unlaw Issue Id,1,0,DWLS Habitual Offender 2nd,20,High,1
Male,Greater than 45,Hispanic,0,0,0,1.0,-1.0,F,Depriv LEO of Protect/Communic,0,0,,1,Medium,0
Female,Less than 25,Caucasian,1,0,0,7.0,-1.0,F,Driving While License Revoked,0,0,,8,Low,0
Male,25 - 45,Native American,0,0,0,1.0,0.0,M,Aggravated Battery / Pregnant,0,0,,1,Medium,0
Female,Less than 25,Caucasian,0,0,0,13.0,-2.0,F,Fabricating Physical Evidence,1,0,Unlaw Use False Name/Identity,13,High,1
Female,25 - 45,Asian,0,0,1,1.0,-1.0,M,Battery,1,1,No/Improper Drivers License,1,High,1
Female,Less than 25,African-American,0,0,0,0.0,-1.0,M,Driving Under The Influence,0,0,,0,Low,0
Female,25 - 45,African-American,0,0,0,0.0,0.0,M,Battery,0,0,,0,Medium,0
Female,25 - 45,African-American,0,0,0,3.0,0.0,F,Shoot Into Vehicle,1,0,Criminal Mischief>$200<$1000,3,Medium,1
Male,25 - 45,African-American,0,0,0,0.0,-1.0,F,Possession of Benzylpiperazine,0,0,,0,High,0
Male,Greater than 45,African-American,0,0,0,1.0,0.0,M,Carry Open/Uncov Bev In Pub,1,1,Contempt Of Court,1,Medium,1
Male,Less than 25,African-American,0,0,0,2.0,-1.0,F,Grand Theft of a Fire Extinquisher,0,0,,2,Low,0
Female,Greater than 45,Hispanic,3,0,0,13.0,-8.0,F,arrest case no charge,1,0,Poss Of RX Without RX,13,High,1
Male,Greater than 45,Caucasian,0,0,0,1.0,-1.0,M,Battery,1,1,Sexual Battery Victim 12 Yrs +,1,High,1
Male,Greater than 45,Caucasian,0,0,0,2.0,-1.0,M,Battery,0,0,,2,Low,0
Female,Less than 25,Other,0,0,0,0.0,-3.0,F,Possession of Cocaine,1,0,Fraud Obtain/ Use Disable Permit,0,Low,1
Female,Less than 25,Other,0,0,0,0.0,0.0,F,Murder in the First Degree,0,0,,0,Low,0
Male,25 - 45,African-American,0,0,0,0.0,-1.0,M,Operating W/O Valid License,0,0,,0,Low,0
Male,25 - 45,Hispanic,0,0,0,8.0,-1.0,M,Poss Pyrrolidinovalerophenone,1,0,Susp Drivers Lic 1st Offense,8,Low,1
Female,25 - 45,Hispanic,0,0,1,0.0,0.0,F,Pos Cannabis W/Intent Sel/Del,1,0,Susp Drivers Lic 1st Offense,0,Medium,1
Male,Greater than 45,African-American,0,0,0,2.0,-1.0,M,Battery,0,0,,2,Low,0
Female,Greater than 45,Hispanic,0,0,0,10.0,-1.0,F,Carry Open/Uncov Bev In Pub,1,0,Felony Driving While Lic Suspd,10,High,1
Female,25 - 45,Native American,0,0,0,0.0,0.0,M,Driving Under The Influence,0,0,,0,Low,0
Male,Less than 25,Asian,0,0,0,0.0,-2.0,F,"Poss Of 1,4-Butanediol",0,0,,0,Low,0
Female,25 - 45,Hispanic,0,0,0,0.0,-1.0,F,Burglary Dwelling Occupied,0,0,,0,Low,0
Male,Less than 25,Caucasian,0,0,0,1.0,0.0,M,Driving Under The Influence,1,0,,1,Low,0
Male,Greater than 45,Native American,0,0,0,0.0,-1.0,F,Harm Public Servant Or Family,1,1,Battery,0,Low,1
Male,25 - 45,Native American,0,0,0,2.0,-14.88165453657038,F,Murder in the First Degree,0,0,Possession Burglary Tools,2,Low,0
Female,25 - 45,Other,0,0,0,21.000000000000004,-1.0,F,Driving While License Revoked,1,0,Driving While License Revoked,21,High,1
Female,Greater than 45,Native American,0,0,0,0.0,-1.0,M,Tamper With Witness,1,0,Driving While License Revoked,0,Low,1
Male,Greater than 45,Caucasian,0,0,0,6.0,-1.0,M,arrest case no charge,1,0,Viol Injunct Domestic Violence,6,High,1
Female,Greater than 45,Native American,0,0,0,0.0,-1.0,F,Grand Theft (Motor Vehicle),0,0,,0,Low,0
Male,Less than 25,Native American,0,0,0,6.0,-24.13738234279296,F,arrest case no charge,1,1,Operating W/O Valid License,6,Medium,1
Female,Less than 25,African-American,0,0,1,1.0,-2.0,M,Uttering Forged Bills,1,0,Prowling/Loitering,1,Medium,1
Female,Less than 25,Native American,0,0,0,1.0,-1.0,M,Battery,1,1,Battery,1,Low,1
Male,25 - 45,African-American,0,0,0,2.0,-4.0,M,Obstruct Officer W/Violence,0,0,,2,Low,0
Female,Greater than 45,Hispanic,0,0,0,5.0,0.0,M,Fabricating Physical Evidence,1,0,Unlaw LicTag/Sticker Attach,5,High,1
Male,25 - 45,Other,0,0,0,2.0,0.0,M,Battery,1,0,,2,Low,0
Female,25 - 45,African-American,0,0,1,0.0,-1.0,F,Shoot Into Vehicle,1,0,Reckless Driving,0,Medium,1
Male,Greater than 45,Hispanic,0,0,0,7.0,-1.0,F,Possession of Cocaine,1,0,Purchase Of Cocaine,7,High,1
Male,Greater than 45,Native American,0,0,6,3.0,-1.0,M,Battery,0,0,,3,Medium,0
Male,25 - 45,Caucasian,0,0,0,1.0,-1.0,F,arrest case no charge,0,0,Petit Theft $100- $300,1,Low,0
Male,Less than 25,Hispanic,0,0,0,1.0,0.0,F,Burglary Dwelling Occupied,0,0,,1,High,0
Female,Less than 25,Caucasian,0,0,0,0.0,-2.0,F,Poss Contr Subst W/o Prescript,0,0,,0,Medium,0
Female,Greater than 45,Hispanic,0,0,0,8.0,-1.0,F,Possession of Cocaine,1,0,,8,Medium,1
Male,25 - 45,Native American,0,0,0,0.0,-1.0,F,Shoot Into Vehicle,0,0,,0,Low,0
Male,Greater than 45,Other,0,0,0,3.0,-23.0,F,Obstruct Officer W/Violence,1,0,Unlaw LicTag/Sticker Attach,3,Low,1
Female,Greater than 45,Hispanic,0,0,0,0.0,0.0,F,Burglary Structure Unoccup,0,0,,0,Low,0
Female,25 - 45,Native American,0,0,0,1.0,0.0,F,Shoot Into Vehicle,1,0,Fail Register Vehicle,1,Low,1
Female,Greater than 45,Caucasian,0,0,0,0.0,0.0,M,Battery,0,0,,0,Low,0
Male,25 - 45,African-American,0,0,0,0.0,-1.0,F,Aggravated Assault W/Dead Weap,0,0,,0,Low,0
Male,Greater than 45,Hispanic,0,0,0,0.0,0.0,F,Possession of Cocaine,1,1,False Ownership Info/Pawn Item,0,Medium,1
Female,Less than 25,Caucasian,0,0,0,0.0,0.0,M,Uttering Forged Bills,0,0,,0,Low,0
Male,Greater than 45,Hispanic,0,0,0,5.0,-1.0,F,Reckless Driving,0,0,,5,Medium,0
Male,25 - 45,Asian,0,0,0,2.0,-1.0,F,Depriv LEO of Protect/Communic,0,0,,2,Medium,0
Male,25 - 45,Native American,0,0,0,1.0,-1.0,F,Burglary Dwelling Occupied,0,0,,1,Low,0
Male,Greater than 45,Caucasian,0,0,0,15.0,-1.0,F,Driving While License Revoked,1,0,Operating W/O Valid License,15,Low,1
Male,Greater than 45,Native American,0,0,0,1.0,-28.0,M,Shoot Into Vehicle,0,0,,1,Medium,0
Male,Greater than 45,Caucasian,0,0,0,23.0,0.0,F,Poss Pyrrolidinovalerophenone,1,0,DOC/Fighting/Threatening Words,23,High,1
Female,Greater than 45,Hispanic,0,0,1,7.0,0.0,F,Possess Tobacco Product Under 18,1,1,Fraud Obtain Driver License,8,High,1
Female,Greater than 45,Asian,0,0,0,5.0,-1.0,F,Possession of Cocaine,1,0,Felony Petit Theft,5,Low,1
Male,Less than 25,Other,0,0,0,6.0,-1.0,M,Battery,1,0,Grand Theft (Motor Vehicle),6,Low,1
Male,25 - 45,Other,0,0,0,1.0,-1.0,F,Poss Of RX Without RX,0,0,,1,Medium,0
Male,Greater than 45,Caucasian,0,0,0,2.0,-1.0,F,arrest case no charge,0,0,,2,Low,0
Male,Greater than 45,Caucasian,0,0,0,1.0,0.0,F,Murder in the First Degree,1,0,Operating W/O Valid License,1,Medium,1
Male,Greater than 45,African-American,0,0,0,0.0,-1.0,M,Battery,0,0,,0,Medium,0
Female,Greater than 45,Other,0,0,0,1.0,-1.0,F,arrest case no charge,0,0,,1,Low,0
Female,25 - 45,Asian,0,0,0,3.0,-1.0,F,Grand Theft (Motor Vehicle),0,0,Tampering with a Victim,3,High,0
Male,Less than 25,Caucasian,0,0,1,0.0,-1.0,F,Agg Battery Grt/Bod/Harm,0,0,Unlaw LicTag/Sticker Attach,0,Low,0
Male,Less than 25,Native American,0,0,0,0.0,-1.0,M,Driving Under The Influence,0,0,,0,Low,0
Female,Greater than 45,Caucasian,0,0,0,9.0,-1.0,M,False Name By Person Arrest,1,1,Burglary Structure Assault/Batt,9,Medium,1
Male,Less than 25,Asian,0,0,0,0.0,-1.0,F,Poss of Firearm by Convic Felo,1,0,Susp Drivers Lic 1st Offense,0,Medium,1
Male,Greater than 45,Caucasian,0,0,0,0.0,0.0,F,Uttering Worthless Check +$150,0,0,,0,Low,0
Male,25 - 45,Hispanic,0,0,0,0.0,-1.0,M,Deliver Cocaine 1000FT Church,0,0,,0,Low,0
Male,25 - 45,Native American,0,0,0,5.0,-1.0,F,Felony DUI (level 3),1,0,DOC/Fighting/Threatening Words,5,High,1
Male,25 - 45,Asian,0,0,0,1.0,0.0,F,Fabricating Physical Evidence,0,0,,1,Low,0
Female,Greater than 45,Other,0,0,0,0.0,-1.0,F,Poss of Firearm by Convic Felo,1,0,Petit Theft $100- $300,0,Medium,1
Male,25 - 45,Other,0,0,0,1.0,-2.0,M,Poss Similitude of Drivers Lic,0,0,,1,Low,0
Female,Greater than 45,Native American,0,0,0,0.0,-1.0,M,Unlaw Use False Name/Identity,1,0,Leave Acc/Attend Veh/More $50,0,Low,1
Female,Greater than 45,Native American,0,0,0,0.0,-1.0,F,Murder in the First Degree,0,0,,0,Low,0
Female,Less than 25,Asian,0,0,0,2.0,-1.0,F,Possession of Cocaine,0,0,,2,Low,0
Male,Greater than 45,Caucasian,0,0,0,5.0,-1.0,F,Prowling/Loitering,0,0,,5,High,0
Male,Less than 25,Native American,0,0,0,0.0,-1.0,M,Resist/Obstruct W/O Violence,1,0,Operating W/O Valid License,0,Low,1
Male,Less than 25,Asian,0,0,0,0.0,-1.0,F,DUI- Enhanced,0,0,,0,Low,0
Male,Less than 25,Asian,0,0,0,3.0,0.0,F,arrest case no charge,0,0,,3,Medium,0
Male,25 - 45,African-American,0,0,0,2.0,-1.0,F,Possession of Cocaine,0,0,,2,Low,0
Male,Less than 25,African-American,0,0,0,4.0,-1.0,F,Poss Cocaine/Intent To Del/Sel,0,0,,4,Medium,0
Male,25 - 45,Other,0,1,0,1.0,-1.0,F,Expired DL More Than 6 Months,1,0,Leave Acc/Attend Veh/More $50,1,High,0
Female,25 - 45,African-American,0,0,0,0.0,0.0,M,Burglary Conveyance Unoccup,1,0,Unlaw LicTag/Sticker Attach,0,Low,0
Male,25 - 45,African-American,0,0,0,0.0,-1.0,F,Carry Open/Uncov Bev In Pub,0,0,,0,Low,0
Female,Less than 25,Hispanic,0,0,0,19.0,-1.0,F,Harm Public Servant Or Family,0,0,,19,Low,0
Male,25 - 45,Asian,0,1,0,2.0,-1.0,M,Battery,1,1,No/Improper Drivers License,3,Low,1
Male,Greater than 45,Hispanic,0,0,0,1.0,-1.0,M,Battery,0,0,,1,Low,0
Male,Greater than 45,Other,0,0,0,0.0,-1.0,M,Battery,0,0,,0,Low,0
Female,Greater than 45,Other,0,0,0,2.0,-1.0,F,Possession of Cocaine,0,0,,2,Medium,0
Female,25 - 45,Asian,0,0,0,2.0,-1.0,F,Possession of Cocaine,0,0,,2,Low,0
Female,25 - 45,Asian,0,0,0,0.0,0.0,F,arrest case no charge,1,1,DUI Level 0.15 Or Minor In Veh,0,Low,1
Male,Greater than 45,Caucasian,0,2,6,2.0,-4.0,F,Resist Officer w/Violence,1,1,Deliver Cannabis,2,High,1
Male,Less than 25,Asian,0,0,0,18.0,-1.0,F,False Info LEO During Invest,1,1,Possess Cannabis/20 Grams Or Less,18,High,1
Female,Greater than 45,Caucasian,0,0,0,2.0,-1.0,M,"Poss Of 1,4-Butanediol",1,0,Possess Cannabis/20 Grams Or Less,2,Medium,1
Male,Greater than 45,Caucasian,0,0,0,0.0,-1.0,M,Battery,1,0,Susp Drivers Lic 1st Offense,0,High,1
Male,25 - 45,African-American,0,0,0,2.0,0.0,F,arrest case no charge,0,0,,2,High,0
Female,Greater than 45,Hispanic,0,1,0,6.0,0.0,F,Grand Theft of a Fire Extinquisher,0,0,,6,Medium,0
Female,25 - 45,Other,0,0,0,5.0,-1.0,F,Aggravated Assault W/Dead Weap,0,0,,5,Medium,0
Male,Greater than 45,Native American,0,0,0,1.0,-1.0,M,Harm Public Servant Or Family,1,1,Retaliate Wit/Vict No Injury,1,Low,1
Male,Greater than 45,African-American,0,0,0,15.0,0.0,M,Battery,1,0,Operating W/O Valid License,15,High,1
Male,Greater than 45,Other,0,0,0,1.0,0.0,M,Battery,0,0,,1,Low,0
Female,Less than 25,African-American,0,0,0,2.0,-1.0,F,Agg Battery Grt/Bod/Harm,0,0,,2,Medium,0
Female,25 - 45,African-American,0,0,0,0.0,-1.0,M,Burglary Structure Unoccup,1,1,Battery,0,Medium,1
Male,25 - 45,African-American,0,0,3,3.0,-1.0,M,Unl/Disturb Education/Instui,1,1,Susp Drivers Lic 1st Offense,2,High,1
Male,Greater than 45,Native American,0,0,0,2.0,-1.0,M,arrest case no charge,0,0,,2,Medium,0
Male,Greater than 45,African-American,0,0,0,0.0,-1.0,F,Uttering Worthless Check +$150,1,0,,0,Medium,1
Female,Greater than 45,Caucasian,0,0,0,2.0,-1.0,M,arrest case no charge,0,0,,2,Low,0
Male,25 - 45,Hispanic,0,0,0,1.0,0.0,M,Battery,1,0,Susp Drivers Lic 1st Offense,1,Low,1
Male,Less than 25,Native American,0,0,0,2.0,-1.0,F,arrest case no charge,1,0,Operating W/O Valid License,2,Low,1
Male,25 - 45,African-American,0,0,0,1.0,-1.0,M,Battery,0,0,,1,Low,0
Male,25 - 45,Asian,0,0,0,15.0,-1.0,F,Possession of Cocaine,0,0,,15,High,0
Male,Greater than 45,Hispanic,0,1,0,2.0,-1.0,F,arrest case no charge,1,0,,2,High,1
Male,Greater than 45,Native American,0,0,0,1.0,-7.0,F,arrest case no charge,1,1,Battery,1,Low,1
Male,25 - 45,Caucasian,0,0,0,1.0,-1.0,M,Battery,1,0,Possess Cannabis/20 Grams Or Less,1,Low,1
Female,Greater than 45,African-American,0,0,0,0.0,-1.0,F,Felony Petit Theft,1,1,Operating W/O Valid License,0,Low,1
Female,Greater than 45,African-American,0,0,0,6.0,-1.0,F,Possession of Cocaine,1,0,Burglary Structure Assault/Batt,6,Low,1
Female,25 - 45,Other,0,0,0,3.0,-1.0,M,Battery,0,0,,3,Low,0
Female,Greater than 45,Other,0,0,0,0.0,-1.0,F,Burglary Dwelling Occupied,0,0,,0,Low,0
Female,Greater than 45,Asian,0,0,0,2.0,28.94551188797748,M,Carry Open/Uncov Bev In Pub,1,0,Reckless Driving,2,Low,1
Male,Greater than 45,Hispanic,0,0,0,1.0,-1.0,F,arrest case no charge,1,0,Operating W/O Valid License,1,High,1
Male,Greater than 45,Native American,0,0,0,5.0,-22.025571859557036,F,Violation License Restrictions,1,0,Stalking,5,High,1
Female,Greater than 45,Native American,0,0,0,0.0,-1.0,M,Poss of Firearm by Convic Felo,1,0,Possess Cannabis/20 Grams Or Less,0,Low,1
Male,Less than 25,Caucasian,0,0,0,5.0,-1.0,F,Possession of Codeine,1,0,Possession Burglary Tools,5,Low,1
Female,25 - 45,Caucasian,0,1,0,2.0,-1.0,F,Burglary Dwelling Occupied,1,1,Battery,2,Medium,1
Male,Less than 25,Caucasian,0,0,0,0.0,-1.0,M,Battery,0,0,,0,Low,0
Female,Greater than 45,Other,0,0,0,0.0,-1.0,F,Resist/Obstruct W/O Violence,1,0,Operating W/O Valid License,0,Low,1
Male,25 - 45,Other,0,0,0,0.0,-1.0,M,Battery,0,0,,0,Low,0
Female,25 - 45,Caucasian,0,0,0,8.0,-1.0,F,Burglary Structure Unoccup,1,1,Trespass Struct/Conveyance,8,High,1
Male,Greater than 45,Other,0,0,2,0.0,-1.0,F,Aide/Abet Prostitution Lewdness,1,0,Crimin Mischief Damage $1000+,0,High,1
Male,Greater than 45,Native American,0,0,0,1.0,-1.0,F,Burglary Conveyance Unoccup,0,0,,1,Low,0
Male,Greater than 45,African-American,0,0,0,1.0,-3.0,F,Tresspass Struct/Conveyance,0,0,,1,Medium,0
Male,25 - 45,Hispanic,0,0,0,1.0,-1.0,F,Possession of Cocaine,0,0,,1,Low,0
Male,Greater than 45,Caucasian,0,0,0,10.0,-1.0,M,arrest case no charge,1,0,Leave Acc/Attend Veh/More $50,10,Medium,1
Female,Greater than 45,African-American,0,0,0,0.0,-1.0,F,Prowling/Loitering,1,0,Susp Drivers Lic 1st Offense,0,Low,1
Male,25 - 45,Hispanic,0,0,0,2.0,-1.0,F,Felony Petit Theft,1,0,Susp Drivers Lic 1st Offense,2,High,1
Male,Less than 25,Native American,0,0,0,7.0,-1.0,F,Obstruct Officer W/Violence,1,0,Possess Cannabis/20 Grams Or Less,7,Low,1
Male,Less than 25,Hispanic,0,1,1,7.0,-1.0,M,Battery,0,0,,7,High,0
Male,25 - 45,Other,0,0,0,0.0,0.0,M,Carry Open/Uncov Bev In Pub,0,0,,0,Low,0
Male,Greater than 45,African-American,0,0,0,0.0,-1.0,F,Possession Of Alprazolam,1,0,Possession Burglary Tools,0,Medium,1
Female,Less than 25,Other,0,0,1,0.0,0.0,F,False Info LEO During Invest,0,0,,0,Low,0
Female,Less than 25,Native American,0,0,0,0.0,-1.0,M,Battery,0,0,,0,Low,0
Female,Greater than 45,Hispanic,1,0,0,7.0,0.0,F,Possession of Cocaine,1,0,Use of Anti-Shoplifting Device,7,High,1
Female,Greater than 45,Caucasian,0,2,0,12.0,0.0,F,Poss Pyrrolidinovalerophenone,1,0,Reckless Driving,12,High,1
Female,25 - 45,Native American,0,0,0,3.0,0.0,F,Possession of Cocaine,0,0,,3,Low,0
Male,Greater than 45,African-American,0,1,0,6.0,-1.0,F,Burglary Dwelling Occupied,1,1,Sexual Battery Victim 12 Yrs +,6,High,1
Male,Less than 25,Asian,0,0,1,9.0,0.0,F,Driving While License Revoked,0,0,,9,Medium,0
Female,25 - 45,Other,0,1,1,1.0,-1.0,F,arrest case no charge,1,0,Burglary Structure Assault/Batt,1,Low,1
Male,Greater than 45,Caucasian,0,0,0,0.0,-1.0,M,DUI Property Damage/Injury,0,0,,0,Low,0
Male,25 - 45,Native American,0,0,0,11.0,-1.0,F,Aggravated Battery / Pregnant,0,0,,11,Low,0
Male,25 - 45,Caucasian,0,0,0,0.0,0.0,M,DUI Property Damage/Injury,0,0,Trespassing,0,Low,0
Female,25 - 45,African-American,0,1,1,3.0,0.0,M,"Poss Of 1,4-Butanediol",0,0,Susp Drivers Lic 1st Offense,3,High,1
Male,25 - 45,Other,0,0,0,2.0,-1.0,F,arrest case no charge,0,0,,2,Medium,0
Male,25 - 45,Caucasian,0,0,0,0.0,-1.0,F,Unlaw Use False Name/Identity,0,0,,0,Low,0
Female,25 - 45,Native American,2,0,0,6.0,-1.0,F,Burglary Dwelling Assault/Batt,1,1,Unlaw Pos of Prson ID of another,6,High,1
Male,Greater than 45,African-American,0,0,0,3.0,-1.0,M,Driving Under The Influence,0,0,,3,Low,0
Female,25 - 45,Caucasian,0,0,0,1.0,-1.0,F,Aggrav Child Abuse-Agg Battery,1,0,Exposes Culpable Negligence,1,Medium,1
Female,25 - 45,Caucasian,0,0,0,2.0,-22.0,F,License Suspended Revoked,1,0,Agg Fleeing/Eluding High Speed,2,Low,1
Male,Greater than 45,Hispanic,0,0,0,0.0,-1.0,F,Grand Theft of a Fire Extinquisher,0,0,,0,Low,0
Male,25 - 45,Other,0,0,0,0.0,-1.0,F,Battery,0,0,,0,Low,0
Female,Less than 25,Hispanic,0,0,0,9.0,2.6142663165433575,M,Petit Theft,1,0,False Ownership Info/Pawn Item,9,Low,1
Male,Greater than 45,Hispanic,0,0,0,2.0,-1.0,F,Depriv LEO of Protect/Communic,1,0,Unlaw Use False Name/Identity,2,Medium,1
Male,Less than 25,African-American,0,0,1,7.0,-1.0,F,Driving While License Revoked,1,1,Stalking,4,Medium,1
Male,25 - 45,Caucasian,0,0,1,5.0,-1.0,F,Trans/Harm/Material to a Minor,1,0,Purchase Of Cocaine,5,Medium,1
Female,25 - 45,Caucasian,0,0,0,0.0,-1.0,M,License Suspended Revoked,1,0,Sexual Battery Victim 12 Yrs +,0,Low,1
Female,Greater than 45,Native American,0,0,0,0.0,-1.0,F,Burglary Structure Unoccup,0,0,,0,Low,0
Female,Greater than 45,Asian,0,0,0,1.0,-1.0,F,Driving While License Revoked,0,0,,1,Low,0
Female,Less than 25,African-American,0,0,0,5.0,-1.0,F,Poss of Firearm by Convic Felo,1,0,False Ownership Info/Pawn Item,5,Low,1
Male,Greater than 45,Native American,0,0,0,6.0,0.0,F,Trans/Harm/Material to a Minor,0,0,,6,Low,0
Female,25 - 45,African-American,3,0,0,22.355247188301508,0.0,F,Possession of Cocaine,1,0,Operating W/O Valid License,22,High,1
Female,Less than 25,Other,0,0,0,0.0,-1.0,F,Aggrav Child Abuse-Causes Harm,0,0,,0,Medium,0
Female,25 - 45,Hispanic,0,0,0,1.0,-3.0,M,Driving While License Revoked,1,0,Burglary Structure Unoccup,1,Medium,1
Male,Less than 25,Asian,0,0,0,2.0,0.0,F,arrest case no charge,1,0,Susp Drivers Lic 1st Offense,2,Medium,1
Male,Greater than 45,African-American,0,0,0,0.0,0.0,M,Driving Under The Influence,0,0,,0,Low,0
Male,Less than 25,Hispanic,0,0,0,3.0,-1.0,F,Poss Pyrrolidinovalerophenone,0,0,,3,Low,0
Male,25 - 45,Other,0,0,0,0.0,-1.0,F,Expired DL More Than 6 Months,1,0,,0,Medium,0
Female,Greater than 45,Native American,0,0,0,0.0,-1.0,F,Fabricating Physical Evidence,0,0,,0,Low,0
Male,Greater than 45,Caucasian,0,0,0,2.0,-1.0,F,Lewd/Lasc Battery Pers 12+/<16,1,1,Unlaw LicTag/Sticker Attach,2,Low,1
Female,Greater than 45,Native American,0,0,0,1.0,-1.0,M,Operating W/O Valid License,1,0,Susp Drivers Lic 1st Offense,1,Low,1
Male,Less than 25,African-American,0,0,0,11.0,-1.0,F,Tresspass Struct/Conveyance,1,1,Burglary Conveyance Unoccup,11,Medium,1
Male,Greater than 45,African-American,0,0,0,8.0,-1.0,M,Petit Theft $100- $300,1,0,Felony Petit Theft,8,Medium,1
Male,Less than 25,Hispanic,0,0,0,4.0,-1.0,M,Possession of Cocaine,1,0,Possess Cannabis/20 Grams Or Less,4,Medium,1
Female,Less than 25,Caucasian,0,0,0,0.0,-1.0,M,Battery,1,0,Possess Cannabis/20 Grams Or Less,0,Medium,0
Female,25 - 45,Other,0,0,0,1.0,-1.0,M,Trans/Harm/Material to a Minor,0,0,,1,Low,0
Male,25 - 45,Hispanic,0,0,0,1.0,-1.0,F,Aggravated Battery / Pregnant,0,0,,1,Low,0
Male,25 - 45,Caucasian,0,1,0,1.0,0.0,M,Battery,0,0,,1,Low,0
Male,Less than 25,Native American,0,0,0,3.0,-1.0,F,Grand Theft (Motor Vehicle),1,0,,3,Low,0
Male,Less than 25,Caucasian,0,0,0,1.0,-1.0,F,Poss Pyrrolidinovalerophenone,1,0,Petit Theft $100- $300,1,Low,1
Male,25 - 45,Caucasian,0,0,0,1.0,-1.0,F,arrest case no charge,0,0,,1,Low,0
Female,Greater than 45,African-American,0,0,0,8.0,-1.0,F,arrest case no charge,1,0,Poss Of RX Without RX,8,Low,1
Male,Greater than 45,African-American,0,0,0,24.12526442824037,21.43133180937747,F,Felony Petit Theft,0,0,,23,High,0
Female,Greater than 45,Caucasian,0,0,0,0.0,0.0,M,Battery,0,0,,0,Low,0
Male,Greater than 45,African-American,0,0,0,13.0,-1.0,F,arrest case no charge,1,0,Possess Cannabis/20 Grams Or Less,13,High,1
Male,25 - 45,African-American,0,0,0,0.0,0.0,M,Aggravated Assault W/Dead Weap,1,0,Agg Fleeing/Eluding High Speed,0,High,1
Male,25 - 45,Other,0,0,0,2.0,-1.0,M,DUI Property Damage/Injury,0,0,,2,Low,0
Female,Greater than 45,Asian,0,0,0,1.0,0.0,F,Battery,1,0,Fail Register Vehicle,1,Low,1
Female,Less than 25,Hispanic,0,0,0,0.0,-1.0,F,Possession of Cocaine,1,1,Sale of Alcoholic Bev to Minor,0,Medium,1
Female,Less than 25,African-American,0,0,0,0.0,-3.0,F,Possession of Cocaine,0,0,,0,Low,0
Male,Less than 25,Native American,0,0,0,5.0,-1.0,M,Driving Under The Influence,0,0,,5,Low,0
Male,Less than 25,African-American,0,0,0,2.0,-1.0,F,Aide/Abet Prostitution Lewdness,1,0,DUI Level 0.15 Or Minor In Veh,2,High,1
Female,25 - 45,Caucasian,0,0,0,0.0,-1.0,M,Carry Open/Uncov Bev In Pub,1,0,Viol Injunct Domestic Violence,0,Low,1
Male,Less than 25,Caucasian,0,0,0,0.0,-1.0,M,Battery,0,0,,0,Low,0
Male,Greater than 45,Caucasian,0,0,1,3.0,-1.0,F,arrest case no charge,1,0,Possession Of Clonazepam,3,Low,1
Male,Greater than 45,African-American,0,0,2,0.0,-3.0,F,Abuse Without Great Harm,0,0,,0,Medium,0
Female,Greater than 45,Native American,0,0,0,6.0,-1.0,F,Aggravated Battery / Pregnant,1,0,Burglary Structure Assault/Batt,6,High,1
Male,Less than 25,African-American,0,0,0,1.0,-1.0,M,Battery,0,0,,1,Low,0
Female,25 - 45,Hispanic,1,0,1,9.0,-1.0,F,Poss Pyrrolidinovalerophenone,1,0,Agg Fleeing/Eluding High Speed,9,High,1
Male,Less than 25,Native American,0,0,0,0.0,0.0,M,Driving Under The Influence,1,0,Susp Drivers Lic 1st Offense,0,Low,1
Male,Less than 25,Native American,0,0,0,0.0,0.0,F,Tresspass Struct/Conveyance,0,0,,0,Low,0
Male,25 - 45,Asian,0,0,0,0.0,-1.0,M,Battery,0,0,,0,Low,0
Male,25 - 45,Caucasian,0,0,0,0.0,-2.0,M,Battery,0,0,,0,Low,0
Male,25 - 45,Other,0,0,0,0.0,0.0,M,DUI- Enhanced,1,0,Operating W/O Valid License,0,Low,1
Male,Greater than 45,Caucasian,0,0,0,0.0,-1.0,M,Battery,1,1,Assault,0,Low,0
Female,Less than 25,African-American,0,0,0,6.0,-1.0,F,arrest case no charge,0,0,,6,Medium,0
Female,25 - 45,Caucasian,0,0,0,0.0,-1.0,F,Battery,1,0,Viol Injunct Domestic Violence,0,High,1
Female,Greater than 45,Asian,0,0,0,3.0,-1.0,F,Driving While License Revoked,0,0,,3,Low,0
Male,Less than 25,Hispanic,0,0,0,9.0,-1.0,F,Driving While License Revoked,1,0,Driving While License Revoked,9,Low,1
Female,25 - 45,Native American,0,0,0,1.0,-2.0,F,Possession Of Alprazolam,1,1,Battery,1,Low,1
Female,Greater than 45,Asian,0,0,4,1.0,-24.0,M,Battery,0,0,,1,Low,0
Male,Less than 25,Asian,0,0,0,0.0,-1.0,M,Battery,0,0,,0,High,0
Male,Greater than 45,Other,0,0,0,8.0,-1.0,F,Carrying Concealed Firearm,1,1,Agg Fleeing/Eluding High Speed,8,Low,1
Female,Greater than 45,Hispanic,0,0,0,0.0,0.0,M,DUI Property Damage/Injury,0,0,,0,Low,0
Male,Less than 25,Other,0,0,0,0.0,-1.0,F,Uttering Worthless Check +$150,1,0,Operating W/O Valid License,0,Medium,0
Male,Greater than 45,African-American,0,0,0,2.0,0.0,F,Driving While License Revoked,1,0,Driving While License Revoked,2,Medium,1
Female,Greater than 45,African-American,0,0,0,1.0,-1.0,F,Grand Theft (Motor Vehicle),1,0,Unlaw Use False Name/Identity,1,Low,0
Male,Less than 25,Native American,0,0,0,1.0,0.0,F,arrest case no charge,0,0,,1,Low,0
Male,Less than 25,Caucasian,0,0,0,0.0,-1.0,F,Burglary Conveyance Unoccup,0,0,,0,Low,0
Male,Greater than 45,Hispanic,0,0,0,1.0,-1.0,M,Battery,0,0,,1,Low,0
Female,Less than 25,Other,0,0,0,2.0,-10.0,F,Possession of Cocaine,0,0,,2,Low,0
Male,Greater than 45,African-American,0,0,0,14.0,-1.0,M,Battery,0,0,,14,Medium,0
Female,Greater than 45,Native American,0,0,0,2.0,-1.0,M,Battery,1,0,Leave Acc/Attend Veh/More $50,2,Medium,1
Male,Less than 25,Hispanic,0,0,0,0.0,-1.0,F,Possession of Codeine,0,0,,0,Low,0
Female,Greater than 45,Native American,0,0,0,1.0,0.0,F,Possession of Cocaine,0,0,,1,Medium,0
Male,Greater than 45,Caucasian,0,0,0,3.0,-4.0,M,License Suspended Revoked,0,0,,3,Low,0
Male,25 - 45,African-American,0,0,0,0.0,-1.0,F,Tamper With Witness,0,0,,0,High,0
Male,25 - 45,African-American,0,0,0,10.0,0.0,F,Possession of Cocaine,0,0,Petit Theft $100- $300,10,Medium,0
Male,25 - 45,Asian,0,0,0,0.0,-1.0,M,Battery,0,0,,0,Medium,0
Male,Less than 25,Hispanic,0,0,0,0.0,-1.0,F,Violation License Restrictions,0,0,,0,Low,0
Male,25 - 45,Asian,0,0,0,6.0,-1.0,M,Battery,1,0,Possess Cannabis/20 Grams Or Less,6,Low,0
Male,25 - 45,Hispanic,0,0,0,7.0,-1.0,F,arrest case no charge,0,0,Agg Fleeing/Eluding High Speed,7,Medium,1
Female,Greater than 45,Asian,0,0,0,7.0,-1.0,F,License Suspended Revoked,1,0,Fail Register Vehicle,7,Low,1
Male,Less than 25,Asian,0,0,0,1.0,0.0,F,Deliver Cocaine 1000FT School,0,0,,1,Low,0
Female,25 - 45,Caucasian,0,0,0,2.0,0.0,F,Aggravated Assault W/dead Weap,1,0,,2,Low,0
Female,Less than 25,Caucasian,0,0,0,2.0,-1.0,F,Possession of Cocaine,1,0,Poss Of RX Without RX,2,High,1
Female,25 - 45,African-American,0,0,0,14.0,-1.0,F,False Name By Person Arrest,1,0,Prostitution,14,Medium,1
Female,Less than 25,African-American,0,0,0,1.0,-3.0,M,Battery,0,0,,1,Low,0
Male,Less than 25,Caucasian,0,0,0,2.0,-1.0,F,Driving While License Revoked,0,0,Burglary Structure Assault/Batt,2,Medium,0
Male,Greater than 45,Caucasian,0,0,0,0.0,0.0,F,Prostitution,0,0,,0,Low,0
Female,Greater than 45,Asian,0,0,0,16.0,-4.0,F,Abuse Without Great Harm,1,0,Agg Fleeing/Eluding High Speed,16,High,1
Male,25 - 45,Native American,0,0,0,0.0,0.0,F,Harm Public Servant Or Family,0,0,,0,Low,0
Female,Greater than 45,African-American,0,0,0,0.0,-4.0,F,Aide/Abet Prostitution Lewdness,1,0,Purchase Of Cocaine,0,Low,1
Male,25 - 45,Asian,1,2,0,6.0,0.0,F,Aggrav Battery w/Deadly Weapon,1,0,Possession of Cannabis,6,Medium,1
Male,Less than 25,Other,0,0,0,1.0,-1.0,M,Battery,0,0,,1,Low,0
Female,Less than 25,Hispanic,0,0,0,0.0,-1.0,M,Battery,1,0,Petit Theft $100- $300,0,Medium,1
Male,Greater than 45,Other,0,0,0,20.0,0.0,F,Possession of Cocaine,1,0,Trespass Struct/Conveyance,19,Medium,1
Male,Less than 25,Other,0,0,0,11.0,0.0,F,Possession of Cocaine,1,1,DWLS Habitual Offender 2nd,11,High,1
Female,Greater than 45,Asian,0,0,0,1.0,-1.0,F,Burglary Structure Unoccup,0,0,,1,Medium,0
Male,Less than 25,Other,0,0,0,8.0,-1.0,F,Driving While License Revoked,1,0,Driving While License Revoked,8,Low,1
Female,Greater than 45,African-American,0,0,1,0.0,-2.0,F,Battery,1,0,Trespass Struct/Conveyance,0,Low,1
Male,Less than 25,African-American,0,0,0,2.0,-8.0,F,arrest case no charge,0,0,,2,Low,1
Male,Less than 25,Other,0,0,0,2.0,-1.0,M,arrest case no charge,1,0,,2,Low,1
Female,Less than 25,Native American,0,0,0,0.0,-1.0,M,Battery,1,0,Possess Cannabis/20 Grams Or Less,0,Low,1
Male,25 - 45,Caucasian,0,0,0,0.0,-1.0,M,Battery,0,0,,0,Low,0
Male,Greater than 45,Asian,0,0,0,0.0,-1.0,M,Battery,0,0,,0,Low,0
Female,Less than 25,African-American,0,0,0,1.0,0.0,F,Driving While License Revoked,0,0,,1,Low,0
Female,Less than 25,Other,0,0,2,0.0,-1.0,F,Armed Trafficking in Cannabis,1,0,DOC/Fighting/Threatening Words,0,High,1
Male,Greater than 45,Native American,0,0,0,0.0,0.0,M,Battery,1,0,Possession Of Methamphetamine,0,Low,1
Male,Less than 25,African-American,0,0,0,2.0,-1.0,F,Violation License Restrictions,1,0,Driving While License Revoked,2,Low,1
Female,25 - 45,Caucasian,0,0,0,2.0,-1.0,M,Battery On Fire Fighter,0,0,,2,Low,0
Male,Less than 25,Caucasian,0,0,0,22.0,-1.0,F,Possession of Methadone,1,0,Fraud Obtain/ Use Disable Permit,22,High,1
Female,Less than 25,African-American,0,0,0,4.0,-1.0,M,Battery,1,0,Purchase Of Cocaine,4,Medium,1
Male,Greater than 45,Other,0,0,0,1.0,-1.0,F,arrest case no charge,0,0,,1,Low,0
Female,Greater than 45,Hispanic,0,0,0,10.0,-1.0,F,Possession of Cocaine,1,0,Burglary Structure Assault/Batt,10,High,1
Male,Less than 25,Native American,0,0,0,0.0,-1.0,M,Depriv LEO of Protect/Communic,0,0,,0,Low,0
Male,25 - 45,Hispanic,1,0,0,2.0,-1.0,M,Battery,1,0,DUI Level 0.15 Or Minor In Veh,2,High,1
Male,Greater than 45,Asian,0,0,0,11.0,-1.0,F,Possession of Cocaine,1,0,Operating W/O Valid License,11,Medium,1
Male,Less than 25,Hispanic,1,0,0,1.0,-13.0,F,arrest case no charge,1,1,Battery,1,High,0
Female,Less than 25,Hispanic,0,0,0,1.0,-1.0,F,Uttering Forged Bills,1,0,,1,High,1
Male,Greater than 45,Asian,0,0,0,0.0,-1.0,M,Abuse Without Great Harm,0,0,,0,Medium,0
Female,25 - 45,African-American,0,0,0,23.0,0.0,M,Battery,0,0,Operating W/O Valid License,23,High,1
Male,25 - 45,Asian,0,0,0,0.0,0.0,F,Possession of Benzylpiperazine,0,0,,0,High,0
Female,25 - 45,Asian,0,0,0,2.0,-1.0,F,Possession Of Alprazolam,1,0,Petit Theft $100- $300,2,Medium,1
Male,Less than 25,African-American,0,0,0,3.0,-1.0,F,Driving While License Revoked,0,0,,3,Medium,0
Female,Greater than 45,Asian,0,0,0,0.0,-1.0,F,Unl/Disturb Education/Instui,0,0,,0,Low,0
Male,Less than 25,Asian,0,3,2,10.0,0.0,F,Battery On A Person Over 65,1,0,Possess Cannabis/20 Grams Or Less,10,High,1
Male,Greater than 45,African-American,0,0,0,1.0,-1.0,M,Prostitution,0,0,,1,High,0
Female,Greater than 45,African-American,0,1,1,5.0,0.0,F,arrest case no charge,1,1,Neglect Child / No Bodily Harm,4,High,1
Female,25 - 45,Native American,0,0,0,0.0,-1.0,F,Burglary Conveyance Unoccup,1,0,Fail Register Vehicle,0,Low,1
Male,25 - 45,Other,0,0,0,3.0,-21.0,F,Interfere W/Traf Cont Dev RR,1,0,Operating W/O Valid License,3,Low,1
Male,Less than 25,African-American,0,0,0,0.0,-1.0,F,Depriv LEO of Protect/Communic,0,0,,0,Low,0
Male,Less than 25,Native American,0,0,0,11.0,0.0,M,Battery,1,0,Unlaw Use False Name/Identity,11,Medium,1
Female,Less than 25,Caucasian,0,0,0,0.0,-1.0,M,Expired DL More Than 6 Months,0,0,,0,Low,0
Male,25 - 45,African-American,0,0,0,0.0,0.0,F,Possession of Cocaine,0,0,Trespassing,0,Low,0
Female,25 - 45,Asian,0,0,0,4.0,0.0,M,Aggravated Battery / Pregnant,1,1,Viol Injunct Domestic Violence,4,Low,1
Male,25 - 45,Caucasian,0,0,0,0.0,-1.0,F,Driving While License Revoked,1,0,Unlaw LicTag/Sticker Attach,0,Low,1
Male,Greater than 45,Other,1,0,0,5.0,0.0,F,Possession Of Alprazolam,0,0,,5,Medium,0
Female,Greater than 45,Other,0,0,0,1.0,-1.0,F,Driving While License Revoked,0,0,,1,Low,0
Male,25 - 45,Caucasian,0,0,0,1.0,-1.0,M,Battery,1,0,,1,High,0
Male,Greater than 45,African-American,0,0,0,1.0,-1.0,F,arrest case no charge,0,0,,1,Medium,0
Female,25 - 45,Caucasian,0,1,0,4.0,-1.0,M,Battery,1,1,Battery,4,High,1
Male,Greater than 45,Asian,0,0,0,0.0,-1.0,M,Aggrav Child Abuse-Agg Battery,0,0,,0,Medium,0
Male,Greater than 45,Native American,0,0,1,2.0,-1.0,F,Shoot Into Vehicle,1,0,Possess Cannabis/20 Grams Or Less,2,High,1
Male,25 - 45,Other,0,0,0,0.0,-1.0,F,Petit Theft $100- $300,0,0,,0,Low,0
Female,Greater than 45,Asian,0,0,0,0.0,-1.0,M,Battery,0,0,,0,Low,0
Male,Greater than 45,African-American,0,0,0,0.0,-1.0,F,Felony Petit Theft,0,0,,0,Low,0
Male,Less than 25,Hispanic,0,0,0,3.0,0.0,F,Grand Theft (Motor Vehicle),1,0,Unlaw Use False Name/Identity,3,High,1
Female,Less than 25,Asian,0,0,0,2.0,-1.0,F,Poss of Firearm by Convic Felo,1,1,Burglary Structure Assault/Batt,2,Low,1
Female,Greater than 45,Hispanic,0,0,0,16.0,0.0,F,Felony DUI (level 3),1,0,Felony Petit Theft,16,High,1
Male,Less than 25,Hispanic,0,0,0,0.0,-1.0,M,Battery,0,0,,0,Medium,0
Female,25 - 45,Caucasian,0,0,0,2.0,-1.0,F,Tamper With Witness,1,0,Possess Countrfeit Credit Card,2,Medium,1
Female,Less than 25,Hispanic,0,0,0,1.0,0.0,F,Poss Cntrft Contr Sub w/Intent,1,0,Criminal Mischief>$200<$1000,1,Medium,1
Female,25 - 45,African-American,0,0,0,1.0,-1.0,M,Battery,0,0,,1,Low,0
Male,Greater than 45,Hispanic,0,0,0,3.0,-1.0,F,arrest case no charge,0,0,,3,Low,0
Female,Less than 25,Other,0,0,0,0.0,-2.0,M,Murder in the First Degree,1,0,DUI Level 0.15 Or Minor In Veh,0,Medium,1
Female,Greater than 45,Asian,0,0,0,3.0,-1.0,M,DUI Property Damage/Injury,0,0,,3,Low,0
Male,Greater than 45,African-American,0,0,0,0.0,0.0,F,Felony Petit Theft,0,0,,0,Medium,0
Female,Greater than 45,Asian,0,2,0,17.0,-1.0,F,arrest case no charge,1,0,Unnatural/Lascivious Act,17,High,1
Female,Less than 25,Hispanic,0,0,0,0.0,-1.0,M,Battery,0,0,,0,Low,0
Male,25 - 45,Hispanic,0,0,0,4.0,-1.0,F,arrest case no charge,1,1,Unlaw Use False Name/Identity,4,Medium,0
Male,Greater than 45,Native American,0,1,0,4.0,-1.0,M,Battery,1,1,Battery,4,High,1
Male,Less than 25,African-American,0,0,0,0.0,-1.0,F,Reckless Driving,0,0,Possess Cannabis/20 Grams Or Less,0,Low,1
Female,25 - 45,Asian,0,0,0,17.92155330275193,-26.0,M,Driving Under The Influence,1,0,Trespass/Property/Other Structure,18,Low,1
Female,Greater than 45,Other,0,0,0,0.0,-1.0,M,Battery,1,1,Reckless Display Of Weapon,0,Medium,1
Male,Less than 25,Hispanic,0,0,0,0.0,-1.0,M,Battery,0,0,,0,Low,0
Male,25 - 45,Caucasian,0,0,0,0.0,0.0,F,Aggrav Child Abuse-Agg Battery,0,0,,0,Low,0
Female,Less than 25,Hispanic,0,0,0,0.0,-1.0,F,Possession of Cocaine,0,0,Prostitution,0,Low,0
Male,Less than 25,Native American,0,0,0,1.0,0.0,M,Operating W/O Valid License,1,0,Burglary Structure Assault/Batt,1,Low,1
Female,Less than 25,Hispanic,1,0,0,15.224770447883447,-1.0,F,arrest case no charge,0,0,,15,High,0
Male,Greater than 45,African-American,0,0,0,0.0,0.0,M,Operating W/O Valid License,1,0,Operating W/O Valid License,0,Low,1
Female,25 - 45,Native American,0,0,1,0.0,-1.0,M,Battery,0,0,,0,Low,0
Male,Greater than 45,Asian,0,0,1,2.0,-1.0,F,Interfere W/Traf Cont Dev RR,0,0,,2,High,0
Male,25 - 45,Native American,0,0,0,0.0,-1.0,F,Possession of Codeine,0,0,,0,Low,0
Male,Less than 25,Other,0,0,0,0.0,-5.0,F,Murder in the First Degree,0,0,,0,Low,0
Female,Greater than 45,African-American,0,0,0,0.0,-1.0,F,Grand Theft (Motor Vehicle),1,1,Possess Cannabis/20 Grams Or Less,0,Low,1
Male,25 - 45,African-American,0,0,1,5.0,-18.937072899256165,F,arrest case no charge,0,0,,5,High,1
Male,Less than 25,African-American,0,0,0,3.0,-24.08304538967981,F,arrest case no charge,1,0,Possess Drug Paraphernalia,3,Medium,1
Female,Greater than 45,Caucasian,0,0,0,6.0,-1.0,F,Driving While License Revoked,1,0,Unlaw LicTag/Sticker Attach,6,High,1
Male,Greater than 45,Caucasian,0,0,3,1.0,-25.114650690033535,F,Possession of Cocaine,0,0,,1,High,0
Male,25 - 45,Other,0,0,0,0.0,-3.0,F,Uttering Forged Bills,0,0,,0,Low,0
Female,Less than 25,Asian,0,0,0,5.0,0.0,F,Possession of Cocaine,1,1,Prostitution,5,Medium,0
Female,Less than 25,Other,0,0,0,0.0,0.0,M,Battery,0,0,,0,Low,0
Male,25 - 45,Caucasian,0,0,0,0.0,-1.0,M,Uttering Forged Bills,0,0,,0,Low,0
Male,Greater than 45,Hispanic,0,0,0,30.981946788434573,-22.0,F,Possession of Cocaine,1,0,Trespass/Property/Other Structure,30,Medium,1
Female,25 - 45,African-American,0,0,0,0.0,-1.0,F,arrest case no charge,0,0,,0,Low,0
Female,Greater than 45,Asian,0,0,0,1.0,-1.0,M,Driving Under The Influence,0,0,,1,Low,0
Male,Greater than 45,Caucasian,0,0,0,0.0,-2.0,F,DUI- Enhanced,0,0,,0,Low,0
Female,25 - 45,Native American,0,0,0,3.0,-1.0,F,Burglary Dwelling Assault/Batt,1,1,Viol Injunct Domestic Violence,3,Low,1
Male,Less than 25,Native American,0,0,0,1.0,0.0,F,Reckless Driving,1,1,Assault,1,Low,1
Male,25 - 45,African-American,0,0,0,6.0,-1.0,F,Possession of Cocaine,1,0,Fail Register Vehicle,6,Medium,1
Male,25 - 45,Other,0,0,0,5.0,-1.0,F,Felony DUI (level 3),1,1,Unlawful Use Of License,5,Low,1
Male,Less than 25,Caucasian,0,0,0,1.0,-4.0,F,arrest case no charge,0,0,,1,Low,0
Male,Greater than 45,Caucasian,0,0,0,0.0,0.0,M,Unlaw Use False Name/Identity,0,0,,0,Low,0
Female,Less than 25,Other,0,0,0,0.0,-1.0,F,Aggravated Assault W/Dead Weap,0,0,,0,Low,0
Male,25 - 45,Caucasian,0,0,0,1.0,-1.0,M,Burglary Dwelling Occupied,1,0,Viol Injunct Domestic Violence,1,Low,0
Male,25 - 45,African-American,0,2,2,4.0,-1.0,F,Burglary Dwelling Occupied,1,0,Fraud Obtain/ Use Disable Permit,4,Medium,1
Female,Greater than 45,Native American,0,0,0,6.0,-1.0,M,Possession of Cocaine,0,0,,6,Medium,0
Male,Greater than 45,Caucasian,0,0,0,1.0,-1.0,F,Harm Public Servant Or Family,0,0,Operating W/O Valid License,1,Low,0
Female,Greater than 45,Caucasian,0,0,0,0.0,0.0,F,Trans/Harm/Material to a Minor,1,0,Unlaw LicTag/Sticker Attach,0,Low,1
Female,25 - 45,Other,0,0,0,8.0,0.0,F,arrest case no charge,1,0,Trespass Structure/Conveyance,8,High,1
Male,Greater than 45,Native American,0,0,0,3.0,-1.0,F,Driving While License Revoked,0,0,,3,Low,0
Female,25 - 45,African-American,0,0,0,2.0,-1.0,M,arrest case no charge,0,0,,2,Low,0
Male,Less than 25,Caucasian,0,0,0,9.0,-1.0,F,arrest case no charge,1,0,Possess Cannabis/20 Grams Or Less,9,Medium,1
Male,Less than 25,Other,0,0,0,1.0,-1.0,M,Battery,0,0,,1,High,0
Female,25 - 45,Caucasian,0,0,3,0.0,0.0,F,Lewd/Lasc Battery Pers 12+/<16,1,0,Possess Cannabis/20 Grams Or Less,0,Low,1
Female,25 - 45,Hispanic,0,0,0,1.0,-6.0,F,Driving While License Revoked,0,0,,1,Medium,0
Male,Greater than 45,Hispanic,0,0,1,8.0,-1.0,F,Aggravated Battery / Pregnant,0,0,,8,Low,0
Female,Greater than 45,Hispanic,0,1,0,1.0,-1.0,F,Aggravated Battery / Pregnant,0,0,,1,Low,0
Female,25 - 45,Native American,0,0,0,7.0,-1.0,F,Possession of Cocaine,1,0,Possess Countrfeit Credit Card,7,Medium,1
Female,Less than 25,Asian,0,0,0,2.0,-1.0,F,Possession of Codeine,1,0,Petit Theft $100- $300,2,High,1
Male,25 - 45,Other,0,0,0,0.0,-1.0,F,Uttering Worthless Check +$150,1,0,Prostitution,0,Low,1
Female,25 - 45,African-American,0,0,0,1.0,-1.0,F,arrest case no charge,0,0,,1,Low,0
Female,Less than 25,Asian,0,0,0,0.0,0.0,F,Refuse Submit Blood/Breath Test,0,0,,0,Medium,0
Male,25 - 45,African-American,0,0,0,7.0,-1.0,F,Possession of Cocaine,1,0,Possess Cannabis/20 Grams Or Less,7,High,1
Female,25 - 45,African-American,0,0,0,6.0,-1.0,F,Lewd/Lasc Battery Pers 12+/<16,0,0,,6,Medium,0
Female,Less than 25,Native American,0,0,0,0.0,-2.0,M,Battery,0,0,,0,Low,0
Male,25 - 45,Hispanic,0,1,0,4.0,-1.0,F,Lewd/Lasc Battery Pers 12+/<16,1,0,Possess Countrfeit Credit Card,4,High,0
Male,Less than 25,Native American,0,0,0,5.0,0.0,M,Battery,0,0,,5,Medium,0
Male,Greater than 45,African-American,0,0,0,0.0,-1.0,F,Expired DL More Than 6 Months,0,0,,0,Low,0
Male,Less than 25,African-American,0,0,1,6.0,0.0,F,Resist/Obstruct W/O Violence,1,0,Possess Cannabis/20 Grams Or Less,6,Medium,1
Male,Greater than 45,Caucasian,0,0,0,6.0,-2.0,F,Harm Public Servant Or Family,0,0,,6,Low,0
Male,25 - 45,Hispanic,0,0,0,1.0,-1.0,F,Tresspass Struct/Conveyance,0,0,,1,Low,0
Female,Greater than 45,Native American,0,0,0,0.0,-3.0,F,DUI Property Damage/Injury,0,0,,0,Low,0
Female,Greater than 45,Hispanic,0,0,0,2.0,-1.0,F,Prostitution,0,0,,2,Low,0
Male,Less than 25,Native American,1,0,0,6.0,-1.0,F,Possession Of Alprazolam,0,0,,6,Medium,0
Male,25 - 45,Caucasian,0,0,0,2.0,-1.0,F,Burglary Dwelling Occupied,0,0,,2,Low,0
Female,25 - 45,Native American,0,0,0,0.0,-1.0,M,Battery,0,0,,0,Low,0
Male,Greater than 45,African-American,0,2,1,3.0,-1.0,M,Battery,1,0,Unlaw LicTag/Sticker Attach,3,Low,1
Female,Less than 25,Caucasian,0,0,0,0.0,-2.0,F,Possession of Cocaine,0,0,,0,Low,0
Male,Less than 25,Other,0,0,0,2.0,-1.0,F,Aggravated Battery / Pregnant,0,0,,2,High,0
Female,Greater than 45,Asian,0,0,0,2.0,0.0,F,DUI- Enhanced,0,0,,2,Low,0
Female,Greater than 45,Caucasian,0,0,0,2.0,22.01733561151898,F,Unl/Disturb Education/Instui,1,0,Unlaw Use False Name/Identity,2,High,1
Female,25 - 45,Caucasian,1,2,0,5.0,-1.0,F,Aggrav Battery w/Deadly Weapon,1,0,Fail Obey Driv Lic Restrictions,5,Medium,1
Male,25 - 45,African-American,0,0,0,6.0,-1.0,F,Fabricating Physical Evidence,0,0,,6,Medium,0
Male,25 - 45,Caucasian,0,0,0,0.0,-1.0,F,False Info LEO During Invest,0,0,,0,Low,1
Male,Greater than 45,Caucasian,0,0,0,4.0,-1.0,M,arrest case no charge,0,0,,4,Low,0
Female,25 - 45,Caucasian,0,0,0,0.0,-1.0,F,Burglary Dwelling Occupied,1,1,Fraud Obtain Driver License,0,Medium,1
Male,25 - 45,Caucasian,0,0,0,0.0,-1.0,M,Poss Cntrft Contr Sub w/Intent,0,0,,0,Low,0
Female,25 - 45,Hispanic,0,0,0,2.0,0.0,F,arrest case no charge,0,0,,2,Medium,0
Female,Less than 25,African-American,0,0,0,4.0,0.0,M,Battery,0,0,,4,Low,0
Female,Less than 25,Hispanic,0,0,0,2.0,-1.0,M,arrest case no charge,0,0,,2,Low,0
Male,Greater than 45,African-American,0,0,0,3.0,-1.0,M,Battery,0,0,,3,Medium,0
Male,Greater than 45,African-American,0,0,1,12.0,-1.0,M,Battery,1,0,Agg Fleeing/Eluding High Speed,12,High,1
Female,Less than 25,Asian,0,0,0,2.0,-1.0,F,Trespassing/Construction Site,1,0,Possession Of Methamphetamine,2,Medium,1
Female,Less than 25,Asian,0,0,0,2.0,-1.0,F,Possession of Cocaine,1,0,Purchase Of Cocaine,2,Medium,0
Female,Less than 25,African-American,0,0,0,9.0,-1.0,F,Possession of Cocaine,1,1,Burglary Conveyance Unoccup,8,High,1
Female,25 - 45,Asian,0,0,0,16.0,-1.0,F,Driving While License Revoked,1,0,Trespass Structure/Conveyance,16,Medium,1
Female,25 - 45,Asian,0,0,1,0.0,-2.0,F,Possession of Cocaine,1,0,Susp Drivers Lic 1st Offense,0,Low,1
Female,25 - 45,Caucasian,0,0,0,0.0,0.0,M,Poss Pyrrolidinovalerophenone,1,0,Reckless Driving,0,High,1
Male,25 - 45,Caucasian,0,0,0,0.0,-1.0,M,Battery,0,1,Battery,0,Low,0
Male,25 - 45,African-American,0,0,0,4.0,-10.0,F,Fabricating Physical Evidence,1,0,Fail Register Vehicle,4,High,1
Male,25 - 45,Asian,0,0,0,2.0,0.0,M,Resist/Obstruct W/O Violence,1,0,Unlawful Use Of License,2,Medium,1
Male,25 - 45,Asian,0,0,0,1.0,0.0,M,Battery,0,0,,1,Low,0
Male,Greater than 45,Caucasian,0,0,0,0.0,-1.0,F,"Poss Of 1,4-Butanediol",0,0,,0,Low,0
Male,25 - 45,Native American,0,0,0,6.0,-1.0,F,Possession of Codeine,1,0,Exposes Culpable Negligence,6,Low,1
Female,Greater than 45,Caucasian,0,0,0,3.0,-1.0,F,arrest case no charge,1,0,Leave Acc/Attend Veh/More $50,3,Low,1
Female,25 - 45,Caucasian,0,0,0,9.0,-1.0,F,Uttering Forged Bills,1,0,Criminal Mischief>$200<$1000,9,High,1
Female,25 - 45,Other,0,0,0,0.0,-1.0,F,False Info LEO During Invest,1,0,Possess Drug Paraphernalia,0,Low,1
Male,Less than 25,African-American,0,0,0,2.0,-1.0,M,Driving Under The Influence,1,0,Susp Drivers Lic 1st Offense,2,Low,1
Male,25 - 45,Hispanic,0,0,0,5.0,-1.0,F,False Name By Person Arrest,0,0,,5,Medium,0
Female,Greater than 45,Other,0,0,0,0.0,0.0,M,"Poss Of 1,4-Butanediol",0,0,,0,Low,0
Male,Greater than 45,Native American,0,0,0,7.0,-1.0,F,Driving While License Revoked,0,0,,7,High,0
Male,25 - 45,Native American,0,0,0,2.0,0.0,M,Driving Under The Influence,0,0,,2,Low,0
Female,Greater than 45,Hispanic,0,1,3,2.0,-1.0,F,Driving While License Revoked,0,0,,2,Medium,0
Male,25 - 45,Asian,0,0,1,17.0,-1.0,F,Grand Theft (Motor Vehicle),1,0,,17,High,1
Female,Greater than 45,African-American,0,1,1,1.0,-1.0,F,Neglect Child / No Bodily Harm,1,1,Battery,1,High,0
Male,Greater than 45,Hispanic,0,0,0,0.0,0.0,F,Possession of Cocaine,0,0,,0,High,0
Male,Greater than 45,Caucasian,0,0,0,0.0,-1.0,M,Battery,0,0,,0,Low,0
Female,Greater than 45,Hispanic,0,0,0,0.0,-1.0,F,Possession of Cocaine,0,0,,0,High,0
Female,Less than 25,African-American,0,0,0,0.0,-1.0,F,Possession of Cocaine,1,1,Assault,0,Medium,1
Male,Less than 25,Caucasian,0,0,0,5.0,6.803878835696253,F,Trans/Harm/Material to a Minor,1,0,Trespass/Property/Other Structure,5,Low,1
Female,Less than 25,African-American,0,0,0,2.0,-1.0,F,Possession of Cocaine,1,0,Possess Cannabis/20 Grams Or Less,2,Low,1
Female,Greater than 45,Asian,0,0,0,0.0,-1.0,F,Possession of Cocaine,1,0,Possess Drug Paraphernalia,0,Low,1
Male,25 - 45,Caucasian,0,0,0,2.0,-9.772525355800767,F,arrest case no charge,0,0,,2,Low,0
Male,Less than 25,Caucasian,0,0,0,3.0,-1.0,M,Driving Under The Influence,0,0,,3,Low,0
Male,Less than 25,African-American,0,0,0,1.0,-1.0,M,Battery,0,0,,1,Low,0
Male,Less than 25,Hispanic,0,0,0,0.0,-1.0,M,Driving Under The Influence,0,0,Unnatural/Lascivious Act,0,Low,0
Male,Greater than 45,Caucasian,0,0,0,0.0,-1.0,F,Depriv LEO of Protect/Communic,0,0,,0,Low,0
Female,25 - 45,Asian,0,0,0,0.0,-1.0,M,Battery,0,0,Grand Theft (Motor Vehicle),0,Low,0
Male,Less than 25,Other,1,0,0,3.0,-1.0,F,Poss of Firearm by Convic Felo,1,0,Trespass Structure/Conveyance,3,High,1
Male,Less than 25,African-American,0,0,0,0.0,-1.0,M,Burglary Dwelling Occupied,0,0,,0,Low,0
Male,25 - 45,Caucasian,0,0,0,9.0,-1.0,M,arrest case no charge,1,1,Possess Cannabis/20 Grams Or Less,9,Low,1
Female,Greater than 45,Other,0,0,0,0.0,-1.0,M,False Info LEO During Invest,1,0,Possess Cannabis/20 Grams Or Less,0,Medium,1
Male,Less than 25,Hispanic,0,0,0,9.0,-1.0,F,Burglary Dwelling Occupied,1,0,Operating W/O Valid License,9,High,0
Male,25 - 45,Native American,0,0,0,0.0,-1.0,F,Possession of Codeine,1,0,Sexual Battery Victim 12 Yrs +,0,Medium,1
Male,Greater than 45,Other,0,0,0,1.0,-1.0,M,Battery,1,0,Operating W/O Valid License,1,Medium,1
Male,Greater than 45,Caucasian,0,0,0,3.0,0.0,M,Fabricating Physical Evidence,0,0,,3,Low,0
Male,Greater than 45,Hispanic,0,0,0,2.0,-22.0,M,Poss Pyrrolidinovalerophenone,0,0,,2,Medium,1
Male,Greater than 45,Asian,0,0,0,5.0,-1.0,F,Possession of Codeine,1,0,Petit Theft $100- $300,5,High,0
Male,Less than 25,Caucasian,1,0,0,1.0,-1.0,M,Poss Cocaine/Intent To Del/Sel,0,0,,1,Low,0
Female,Less than 25,African-American,0,1,3,12.0,-1.0,M,Battery,1,1,DWLS Habitual Offender 2nd,13,High,1
Male,Greater than 45,Hispanic,0,0,0,0.0,0.0,M,Battery,1,1,Felony Battery (Dom Strang),0,Low,1
Male,Greater than 45,Caucasian,0,0,0,1.0,0.0,F,arrest case no charge,0,0,,1,Low,0
Female,Greater than 45,African-American,0,0,0,0.0,0.0,F,arrest case no charge,1,0,Prowling/Loitering,0,Medium,1
Male,Greater than 45,Asian,0,0,0,6.0,-1.0,F,Possession of Cocaine,1,0,Susp Drivers Lic 1st Offense,6,Low,1
Male,Greater than 45,Asian,0,0,0,1.0,-1.0,M,Driving Under The Influence,1,0,Poss Of RX Without RX,1,Low,1
Male,Less than 25,Other,0,0,1,1.0,-1.0,F,Trans/Harm/Material to a Minor,0,0,,1,Low,0
Male,Greater than 45,Caucasian,0,0,0,0.0,-1.0,F,arrest case no charge,1,1,Viol Injunct Domestic Violence,0,Low,1
Female,25 - 45,African-American,0,0,1,3.0,0.0,F,"Poss Of 1,4-Butanediol",1,0,Exposes Culpable Negligence,3,High,1
Male,Less than 25,Asian,0,0,0,1.0,-1.0,F,Possession of Cocaine,1,0,Possess Cannabis/20 Grams Or Less,1,Medium,1
Male,25 - 45,Hispanic,0,0,1,2.0,-1.0,M,Exposes Culpable Negligence,0,0,,2,Low,0
Male,25 - 45,Hispanic,0,0,0,4.0,-1.0,M,Viol Prot Injunc Repeat Viol,1,0,Unnatural/Lascivious Act,4,Low,1
Female,25 - 45,Asian,0,0,0,5.0,-2.0,F,Aide/Abet Prostitution Lewdness,0,0,,5,Low,0
Male,25 - 45,Caucasian,0,0,0,0.0,0.0,F,Grand Theft (Motor Vehicle),0,0,,0,Low,0
Male,Less than 25,Caucasian,0,0,0,4.0,-1.0,F,Felony Petit Theft,1,0,Prowling/Loitering,4,Medium,1
Female,Greater than 45,Other,0,0,0,1.0,-16.936196080162365,M,Battery,1,0,Unlaw LicTag/Sticker Attach,1,Low,1
Male,25 - 45,Other,0,0,0,3.0,-1.0,F,False Name By Person Arrest,1,0,Prowling/Loitering,3,Medium,1
Female,25 - 45,Hispanic,1,0,0,9.0,-1.0,F,arrest case no charge,0,0,,9,High,0
Male,Less than 25,Asian,0,1,2,4.0,-1.0,M,Battery,1,0,Reckless Driving,4,High,1
Male,Greater than 45,Hispanic,0,0,0,0.0,-5.0,M,Driving Under The Influence,0,0,,0,Low,0
Female,25 - 45,Native American,19,0,0,24.9795570860315,-1.0,F,arrest case no charge,1,1,Battery,24,High,1
Female,Greater than 45,Other,0,0,0,1.0,-1.0,F,Abuse Without Great Harm,1,0,Agg Fleeing/Eluding High Speed,1,Low,1
Female,Greater than 45,African-American,0,0,0,2.0,0.0,M,Battery,1,1,Battery,2,Medium,1
Female,25 - 45,African-American,0,0,0,0.0,0.0,F,Agg Battery Grt/Bod/Harm,0,0,,0,Low,0
Female,25 - 45,African-American,0,0,0,1.0,-2.0,F,Poss Pyrrolidinovalerophenone,1,0,Unlaw LicTag/Sticker Attach,1,Low,1
Male,25 - 45,Other,0,0,0,1.0,0.0,F,Grand Theft (Motor Vehicle),0,0,,1,High,0
Female,Less than 25,Caucasian,0,0,0,0.0,0.0,M,Battery,0,0,,0,Medium,0
Male,25 - 45,Hispanic,0,0,0,4.0,-1.0,F,Uttering Forged Bills,1,0,Purchase Of Cocaine,4,High,1
Male,25 - 45,Hispanic,0,0,0,0.0,0.0,M,Aggravated Battery / Pregnant,0,0,,0,Low,0
Male,25 - 45,Hispanic,0,0,0,0.0,-1.0,F,Driving Under The Influence,0,0,,0,Low,0
Male,Less than 25,Other,0,1,2,1.0,-1.0,F,Unl/Disturb Education/Instui,0,0,,1,Medium,0
Female,Less than 25,Caucasian,0,0,0,0.0,-2.0,M,Harm Public Servant Or Family,0,0,,0,Low,0
Male,Greater than 45,Caucasian,0,0,0,6.0,-22.0,F,arrest case no charge,1,0,Stalking,6,Medium,1
Male,25 - 45,Other,0,0,0,3.0,-1.0,F,Trans/Harm/Material to a Minor,1,0,Viol Injunct Domestic Violence,3,Medium,1
Male,Greater than 45,African-American,0,0,0,1.0,-1.0,M,Obstruct Officer W/Violence,1,1,Burglary Structure Assault/Batt,1,Low,1
Female,Greater than 45,Asian,0,0,0,0.0,-1.0,M,Battery,0,0,,0,Low,0
Male,25 - 45,Native American,0,0,0,14.0,-1.0,F,Driving While License Revoked,1,0,Criminal Mischief>$200<$1000,14,High,1
Male,25 - 45,African-American,1,0,0,1.0,-21.0,F,arrest case no charge,0,0,,1,Low,0
Male,Greater than 45,Hispanic,0,0,0,0.0,-1.0,F,Trans/Harm/Material to a Minor,0,0,,0,Low,1
Male,Greater than 45,Caucasian,0,0,0,4.0,-1.0,F,Poss Of RX Without RX,0,0,,4,Low,0
Male,Less than 25,Hispanic,0,0,0,1.0,-1.0,F,Tresspass Struct/Conveyance,0,0,,1,Low,0
Female,Less than 25,Other,0,1,0,9.0,-1.0,F,Burglary Dwelling Occupied,1,0,Operating W/O Valid License,9,High,1
Female,25 - 45,African-American,0,2,0,6.0,-3.0,M,Poss of Firearm by Convic Felo,1,0,Viol Injunct Domestic Violence,5,Medium,1
Male,25 - 45,Hispanic,0,0,0,2.0,-1.0,F,Trans/Harm/Material to a Minor,1,0,Trespass Struct/Conveyance,2,High,1
Male,Greater than 45,Caucasian,0,0,0,1.0,-1.0,F,Grand Theft of a Fire Extinquisher,0,0,,1,Low,0
Male,Greater than 45,Hispanic,0,0,0,9.0,-1.0,F,Aggravated Battery / Pregnant,1,0,Unlaw LicTag/Sticker Attach,9,High,0
Male,25 - 45,Asian,0,0,0,1.0,-1.0,M,Battery,0,0,,1,Low,0
Female,Less than 25,Asian,0,0,0,0.0,0.0,F,Possession of Cocaine,0,0,,0,Medium,0
Female,25 - 45,African-American,0,0,0,0.0,-1.0,M,Battery,1,1,Reckless Driving,0,Low,1
Male,25 - 45,Native American,0,0,0,8.0,0.0,F,Driving While License Revoked,1,0,Fail Register Vehicle,8,Low,1
Female,Greater than 45,Native American,0,0,0,8.0,-1.0,F,Felony Petit Theft,1,1,DWLS Habitual Offender 2nd,8,Medium,1
Female,Greater than 45,Other,0,0,0,0.0,-1.0,F,Burglary Structure Unoccup,1,0,Petit Theft $100- $300,0,Low,1
Female,25 - 45,African-American,0,0,0,4.0,-1.0,M,Obstruct Officer W/Violence,1,0,Possession Of Methamphetamine,4,Low,0
Female,25 - 45,Hispanic,0,0,0,4.0,0.0,F,Grand Theft (Motor Vehicle),1,0,Viol Injunct Domestic Violence,4,High,1
Male,Greater than 45,Caucasian,0,0,0,1.0,-2.0,F,Poss of Firearm by Convic Felo,1,0,Possession Burglary Tools,1,Low,1
Female,Greater than 45,Native American,0,0,0,4.0,-1.0,F,Viol Prot Injunc Repeat Viol,0,0,,4,Medium,0
Female,25 - 45,Native American,0,0,0,0.0,-1.0,F,Shoot Into Vehicle,0,0,Petit Theft $100- $300,0,High,0
Male,25 - 45,Native American,0,0,0,14.0,27.249939708272862,F,arrest case no charge,1,0,Use of Anti-Shoplifting Device,14,Medium,1
Female,Less than 25,Other,0,0,0,1.0,-27.0,M,Battery,0,0,,1,Low,0
Female,Less than 25,Caucasian,0,0,0,5.0,0.0,F,Driving While License Revoked,1,0,Unlaw Use False Name/Identity,5,Medium,1
Female,Less than 25,Other,0,0,0,0.0,-1.0,M,Battery,0,0,,0,High,0
Female,25 - 45,African-American,0,0,0,3.0,-1.0,M,Battery,1,0,Burglary Structure Assault/Batt,3,Medium,1
Female,25 - 45,Asian,0,0,0,1.0,-24.0,F,Possession of Cocaine,0,0,,1,Low,0
Female,Greater than 45,Asian,0,0,0,3.0,-1.0,F,Possession of Cocaine,1,0,Unlaw LicTag/Sticker Attach,3,High,0
Female,Less than 25,African-American,0,0,0,3.0,-23.0,F,Burglary Structure Unoccup,1,1,Battery,3,Low,1
Male,25 - 45,African-American,0,0,0,3.0,-1.0,F,Possession of Cocaine,1,0,Grand Theft (Motor Vehicle),3,High,1
Male,25 - 45,Other,0,0,0,0.0,-1.0,M,Battery,1,0,Operating W/O Valid License,0,Low,1
Male,25 - 45,Hispanic,0,0,0,7.0,-1.0,F,Harm Public Servant Or Family,0,0,Prowling/Loitering,7,Medium,0
Male,Greater than 45,Hispanic,0,0,0,1.0,24.231400707537567,F,Burglary Structure Unoccup,1,1,Battery,1,Medium,1
Male,25 - 45,African-American,0,0,0,0.0,0.0,F,arrest case no charge,0,0,,0,Low,0
Male,Less than 25,Asian,0,0,0,3.0,-1.0,M,arrest case no charge,1,0,Trespass/Property/Other Structure,3,Medium,1
Male,Less than 25,Native American,0,0,0,2.0,-1.0,F,Burglary Conveyance Unoccup,1,0,Susp Drivers Lic 1st Offense,2,Low,1
Female,Greater than 45,Caucasian,0,0,0,7.0,-1.0,F,Driving While License Revoked,1,0,,7,Low,0
Male,25 - 45,African-American,0,0,0,0.0,-1.0,F,Poss Cntrft Contr Sub w/Intent,0,0,,0,Low,0
Male,Greater than 45,Other,0,0,1,1.0,-1.0,F,arrest case no charge,1,0,Possession Of Alprazolam,1,Low,1
Female,Greater than 45,Caucasian,0,0,2,2.0,-1.0,F,Fabricating Physical Evidence,1,0,Petit Theft $100- $300,2,Medium,1
Male,Greater than 45,African-American,0,0,0,1.0,-1.0,F,Poss of Firearm by Convic Felo,0,0,,1,Low,0
Female,25 - 45,Native American,0,0,0,1.0,-1.0,F,Burglary Conveyance Unoccup,1,0,Viol Injunct Domestic Violence,1,Low,1
Female,Greater than 45,Native American,0,0,0,0.0,-1.0,F,Aggrav Child Abuse-Agg Battery,1,0,Trespass Struct/Conveyance,0,Low,1
Female,Less than 25,African-American,0,0,0,3.0,-1.0,F,arrest case no charge,1,0,Susp Drivers Lic 1st Offense,3,Medium,1
Male,Less than 25,Hispanic,0,0,0,1.0,-2.0,M,Agg Battery Grt/Bod/Harm,1,0,Burglary Structure Unoccup,1,Low,0
Male,Greater than 45,Hispanic,0,0,0,0.0,-1.0,M,Battery,0,0,,0,Low,0
Female,Greater than 45,Hispanic,0,0,0,0.0,0.0,M,Driving Under The Influence,0,0,,0,Low,0
Female,Greater than 45,Caucasian,0,0,0,2.0,-1.0,M,Battery,0,0,,2,Low,0
Female,25 - 45,Native American,0,0,0,5.0,-1.0,F,False Name By Person Arrest,1,1,Prostitution,5,Low,1
Male,Less than 25,African-American,0,0,0,1.0,0.0,F,Agg Battery Grt/Bod/Harm,1,0,Petit Theft $100- $300,1,Low,0
Female,Less than 25,Native American,0,0,0,2.0,-1.0,F,Burglary Conveyance Assault/Bat,1,1,Unlaw Pos of Prson ID of another,1,High,1
Female,Less than 25,Native American,0,0,0,1.0,-1.0,F,Possession of Methadone,0,0,,1,Low,0
Female,25 - 45,Hispanic,0,0,0,1.0,-14.240261268849748,F,arrest case no charge,1,0,Operating W/O Valid License,1,Medium,1
Female,Less than 25,African-American,0,0,0,0.0,-1.0,M,Abuse Without Great Harm,0,0,,0,Medium,0
Female,Less than 25,African-American,0,0,0,0.0,0.0,F,Possession Of Alprazolam,0,0,,0,High,0
Female,Greater than 45,African-American,0,0,0,0.0,-1.0,F,Felony DUI (level 3),1,0,Grand Theft (Motor Vehicle),0,High,1
Male,25 - 45,African-American,0,0,0,9.0,0.0,F,Possession of Cocaine,1,0,Driving While License Revoked,9,High,1
Female,25 - 45,Other,1,1,1,13.0,-1.0,M,Deliver Cocaine,1,0,Operating W/O Valid License,12,High,1
Male,25 - 45,Native American,0,0,0,1.0,-1.0,M,Aggravated Assault W/dead Weap,0,0,,1,Low,0
Female,25 - 45,African-American,0,0,0,6.0,-1.0,F,Uttering Forged Bills,1,0,Purchase Of Cocaine,6,High,1
Male,Less than 25,Native American,0,0,0,20.0,-1.0,F,Felony Petit Theft,1,0,Petit Theft $100- $300,20,Low,0
Male,Greater than 45,Native American,0,0,0,0.0,-1.0,F,arrest case no charge,1,0,Susp Drivers Lic 1st Offense,0,Low,1
Female,25 - 45,Asian,0,0,0,3.0,-1.0,F,Tresspass Struct/Conveyance,1,0,Poss Of RX Without RX,3,Medium,1
Male,25 - 45,Caucasian,0,0,0,0.0,-1.0,F,Possession of Cocaine,1,0,Possess Countrfeit Credit Card,0,Medium,1
Male,25 - 45,Caucasian,0,0,0,7.0,-1.0,F,Driving While License Revoked,0,0,,7,Low,0
Female,25 - 45,Native American,0,0,0,0.0,-1.0,F,Battery On Fire Fighter,1,0,Sexual Battery Victim 12 Yrs +,0,Medium,1
Male,25 - 45,Native American,0,0,0,0.0,-1.0,M,Petit Theft,1,1,Possession False Prescription,0,High,1
Female,Greater than 45,Other,0,0,0,0.0,-1.0,M,Exposes Culpable Negligence,0,0,Petit Theft $100- $300,0,Medium,0
Female,25 - 45,Other,0,0,0,1.0,-2.0,M,Murder in the First Degree,0,0,,1,Low,0
Male,Greater than 45,African-American,0,0,0,3.0,-1.0,M,Harm Public Servant Or Family,0,0,,3,Medium,0
Female,25 - 45,African-American,0,0,0,2.0,-2.0,M,Viol Prot Injunc Repeat Viol,0,0,,2,Medium,0
Female,Greater than 45,Other,0,0,0,4.0,-3.0,F,Poss of Firearm by Convic Felo,1,0,Possess Cannabis/20 Grams Or Less,4,Low,1
Male,25 - 45,Hispanic,0,0,0,22.0,-1.0,F,Driving While License Revoked,1,0,Driving While License Revoked,22,Medium,1
Male,Less than 25,Caucasian,0,0,0,1.0,-20.00140632247931,F,arrest case no charge,1,0,Grand Theft (Motor Vehicle),1,Low,1
Male,Greater than 45,Caucasian,0,0,0,0.0,-1.0,F,Grand Theft (Motor Vehicle),1,0,Possess Cannabis/20 Grams Or Less,0,Low,1
Male,Less than 25,Other,0,0,0,15.0,0.0,M,arrest case no charge,0,0,,15,High,0
Female,Greater than 45,Hispanic,0,0,0,0.0,-1.0,M,Exposes Culpable Negligence,0,0,,0,Low,0
Male,Less than 25,Other,0,0,0,0.0,-2.0,F,Resist/Obstruct W/O Violence,1,0,Fraud Obtain/ Use Disable Permit,0,Medium,1
Male,Less than 25,Asian,0,2,5,8.0,29.999863205532627,F,False Imprisonment,1,1,Possession Of Paraphernalia,9,High,1
Female,25 - 45,Asian,0,0,0,1.0,-1.0,F,Poss of Firearm by Convic Felo,0,0,,1,Medium,0
Male,Less than 25,Hispanic,0,0,0,1.0,-1.0,M,Battery,0,0,,1,Low,0
Female,Greater than 45,Caucasian,0,0,0,15.0,-10.0,F,Felony Petit Theft,0,0,,15,Medium,0
Female,25 - 45,Hispanic,0,0,0,0.0,0.0,F,Driving While License Revoked,0,0,,0,Medium,0
Male,Greater than 45,Other,0,0,0,2.0,-1.0,M,arrest case no charge,0,0,,2,Low,0
Female,Greater than 45,Caucasian,0,0,0,1.0,-1.0,F,arrest case no charge,0,0,,1,Low,0
Female,Less than 25,Hispanic,0,0,0,1.0,0.0,F,Reckless Driving,1,0,Unlawful Use Of License,1,High,1
Female,25 - 45,Other,0,0,0,2.0,-1.0,F,Unl/Disturb Education/Instui,0,0,,2,Low,0
Male,25 - 45,Other,0,0,0,8.0,0.0,M,Battery,1,0,Purchase Of Cocaine,8,Medium,1
Male,Less than 25,Caucasian,0,0,0,0.0,-1.0,F,Trans/Harm/Material to a Minor,0,0,,0,Low,0
Female,Greater than 45,Asian,0,0,2,5.0,-2.0,F,Possession Of Alprazolam,1,1,Unauth C/P/S Sounds>1000/Audio,5,High,1
Male,Greater than 45,African-American,0,0,0,0.0,0.0,M,Possession of Codeine,0,0,,0,Low,0
Female,Less than 25,Caucasian,0,0,0,2.0,-1.0,M,False Info LEO During Invest,1,1,Possess Cannabis/20 Grams Or Less,2,Medium,1
Male,25 - 45,Other,0,0,1,12.0,0.0,M,Battery,1,0,Leave Acc/Attend Veh/More $50,12,Medium,1
Male,Greater than 45,Native American,0,0,0,11.0,-1.0,M,Unlaw Use False Name/Identity,0,0,,11,High,0
Male,Greater than 45,Asian,0,0,0,3.0,-1.0,M,Battery,1,0,Possess Cannabis/20 Grams Or Less,3,Low,1
Male,25 - 45,Asian,0,0,0,1.0,-1.0,F,Uttering Worthless Check +$150,1,0,Unnatural/Lascivious Act,1,Medium,1
Female,Greater than 45,Caucasian,2,0,0,16.73053550857485,-1.0,M,Driving Under The Influence,0,0,,16,Medium,0
Female,25 - 45,Caucasian,0,0,0,3.0,-7.0,F,Poss Cocaine/Intent To Del/Sel,0,0,,3,Low,0
Female,Greater than 45,Other,0,0,0,4.0,-1.0,M,arrest case no charge,0,0,,4,Low,0
Male,Greater than 45,Asian,0,0,0,2.0,-18.708211499406985,M,"Poss Of 1,4-Butanediol",1,0,Possess Cannabis/20 Grams Or Less,2,Medium,1
Male,25 - 45,Native American,0,0,0,0.0,-2.0,M,arrest case no charge,0,0,,0,Low,0
Female,25 - 45,Asian,0,0,0,1.0,-1.0,M,Battery,1,0,,1,Medium,0
Male,Less than 25,Native American,0,0,0,1.0,-1.0,M,Violation License Restrictions,0,0,,1,Low,0
Female,25 - 45,Hispanic,0,0,0,1.0,-7.7257889658374985,M,Petit Theft $100- $300,1,0,Poss Of RX Without RX,1,High,1
Female,25 - 45,Asian,0,0,0,2.0,0.0,F,Grand Theft (Motor Vehicle),1,0,False Ownership Info/Pawn Item,2,Low,1
Male,Less than 25,African-American,0,0,0,0.0,-1.0,F,Grand Theft (Motor Vehicle),0,0,,0,High,0
Male,Less than 25,Caucasian,0,0,0,20.0,-1.0,F,Driving While License Revoked,0,0,,20,Low,0
Female,Less than 25,Native American,0,0,0,10.0,-1.0,F,Aggravated Assault W/Dead Weap,1,0,Susp Drivers Lic 1st Offense,9,High,1
Female,Less than 25,Asian,0,0,0,0.0,0.0,M,Battery,0,0,,0,Low,0
Female,Less than 25,Asian,0,0,0,1.0,-2.0,F,Poss Pyrrolidinovalerophenone,1,0,,1,Medium,1
Female,Less than 25,Other,0,0,0,1.0,-1.0,F,Aggrav Child Abuse-Agg Battery,0,0,,1,Low,0
Female,25 - 45,Other,0,0,0,1.0,-1.0,F,Fabricating Physical Evidence,1,0,Operating W/O Valid License,1,Low,1
Male,Greater than 45,African-American,0,0,0,0.0,0.0,F,Poss Pyrrolidinovalerophenone,1,0,Trespass Struct/Conveyance,0,High,1
Female,Less than 25,Other,0,0,0,0.0,0.0,M,Battery,0,0,,0,Low,0
Female,Less than 25,Caucasian,0,0,1,0.0,-1.0,M,Battery,0,0,,0,Low,0
Male,Greater than 45,Caucasian,0,0,0,0.0,-1.0,F,Petit Theft,1,0,Petit Theft $100- $300,0,Medium,1
Male,Greater than 45,Other,0,0,0,3.0,0.0,M,Possession of Cocaine,0,0,,3,Low,0
Male,Less than 25,Caucasian,0,0,0,0.0,-1.0,F,Aggravated Battery / Pregnant,1,0,Petit Theft $100- $300,0,Low,1
Male,25 - 45,African-American,0,0,0,14.0,23.119478924378654,F,arrest case no charge,1,0,Trespass/Property/Other Structure,14,High,1
Male,Less than 25,Hispanic,0,0,0,4.0,-1.0,F,Aggravated Assault W/Dead Weap,0,0,,4,Medium,0
Male,Less than 25,African-American,0,0,0,3.0,-1.0,F,Possession of Cocaine,1,0,Possession Burglary Tools,3,Medium,1
Female,25 - 45,Caucasian,0,0,0,4.0,-11.0,F,arrest case no charge,0,0,,4,Low,0
Female,Less than 25,Native American,0,0,0,9.0,-1.0,F,Viol Prot Injunc Repeat Viol,0,0,,9,Medium,0
Female,Greater than 45,Other,0,0,0,0.0,-1.0,M,Battery,0,0,,0,Low,0
Female,25 - 45,Other,0,0,0,0.0,-1.0,F,Uttering Worthless Check +$150,1,0,Operating W/O Valid License,0,Low,1
Male,25 - 45,African-American,0,0,0,0.0,-1.0,F,Aggravated Assault W/Dead Weap,1,1,Battery,0,Low,1
Male,Less than 25,Native American,0,0,0,11.0,-1.0,F,Refuse Submit Blood/Breath Test,1,0,Viol Injunct Domestic Violence,11,High,1
Male,Less than 25,Caucasian,0,0,0,4.0,-14.0,F,Harm Public Servant Or Family,1,1,Possession Of Methamphetamine,4,Low,1
Female,Greater than 45,African-American,0,0,0,0.0,0.0,M,Prowling/Loitering,0,0,,0,Low,0
Female,25 - 45,Other,0,0,0,2.0,-1.0,M,Battery,1,0,Fail Register Vehicle,2,Medium,1
Male,Less than 25,Other,0,0,0,7.0,-1.0,F,Prostitution,1,0,Use/Poss/Drug Para/Plant/Grow,7,Low,1
Male,Less than 25,Native American,0,0,0,4.0,-1.0,F,Grand Theft (Motor Vehicle),1,0,Unlaw Use False Name/Identity,4,Low,1
Male,Greater than 45,Other,0,0,0,2.0,-1.0,F,arrest case no charge,0,0,,2,Low,0
Male,Greater than 45,Asian,0,0,0,0.0,-1.0,M,Battery,0,0,,0,Low,0
Male,25 - 45,Caucasian,0,0,0,5.0,-1.0,F,arrest case no charge,1,1,Possession Burglary Tools,5,Medium,1
Female,25 - 45,Caucasian,0,0,0,14.0,-10.487253084657524,F,arrest case no charge,0,0,Petit Theft $100- $300,14,Medium,0
Female,Less than 25,Other,0,0,0,0.0,-3.0,M,Depriv LEO of Protect/Communic,0,0,,0,Low,0
Female,Less than 25,Other,0,0,0,0.0,-1.0,M,Battery,0,0,,0,High,0
Female,25 - 45,Asian,0,1,0,9.0,-1.0,M,arrest case no charge,0,0,,9,High,0
Male,25 - 45,Caucasian,0,0,0,2.0,-1.0,F,Poss Of RX Without RX,0,0,,2,Medium,0
Male,Greater than 45,Caucasian,0,0,0,10.0,0.0,F,arrest case no charge,1,0,Operating W/O Valid License,10,High,1
Male,25 - 45,Caucasian,0,0,0,3.0,0.0,F,Poss Pyrrolidinovalerophenone,1,0,Petit Theft $100- $300,3,Medium,1
Male,25 - 45,Native American,0,0,0,2.0,0.0,F,Murder in the First Degree,1,0,Stalking,2,Medium,0
Male,Greater than 45,Native American,0,0,0,12.0,-1.0,F,Possession of Cocaine,0,0,,12,High,0
Male,Greater than 45,Asian,0,0,0,0.0,-1.0,F,Harm Public Servant Or Family,0,0,,0,High,0
Male,Greater than 45,African-American,0,0,0,8.0,-1.0,M,Battery,1,0,Fail Obey Driv Lic Restrictions,8,Low,1
Male,Greater than 45,African-American,0,0,0,0.0,-1.0,F,Aggravated Battery / Pregnant,0,0,,0,Medium,0
Male,25 - 45,Other,0,0,0,4.0,0.0,M,Battery,0,0,,4,Low,0
Female,Less than 25,Native American,0,0,0,15.0,-1.0,F,False Info LEO During Invest,1,0,DOC/Fighting/Threatening Words,15,Low,1
Female,Less than 25,Caucasian,0,0,0,4.0,-1.0,F,Possession of Methadone,0,0,,4,Medium,0
Male,Greater than 45,Asian,0,0,0,3.0,-1.0,M,Battery,1,0,Possession Of Alprazolam,3,Low,1
Female,Greater than 45,Caucasian,0,0,0,0.0,-1.0,F,Trans/Harm/Material to a Minor,1,0,Possession Of Methamphetamine,0,Low,1
Female,Less than 25,African-American,0,0,0,1.0,-8.0,M,Battery,0,0,,1,Low,0
Male,Greater than 45,African-American,0,0,0,1.0,-1.0,F,Poss Cocaine/Intent To Del/Sel,0,0,,1,Medium,0
Female,25 - 45,Hispanic,0,0,0,0.0,-4.0,F,Poss Contr Subst W/o Prescript,1,1,Unlaw Use False Name/Identity,0,Low,1
Male,25 - 45,African-American,0,0,0,3.0,-1.0,M,Grand Theft (Motor Vehicle),0,0,,3,Low,0
Male,25 - 45,African-American,0,0,0,2.0,-1.0,F,Poss Cntrft Contr Sub w/Intent,1,0,Driving While License Revoked,2,Low,1
Male,Greater than 45,Asian,0,0,0,0.0,-1.0,M,Battery,0,0,,0,Low,0
Male,25 - 45,Native American,0,0,0,0.0,-1.0,M,Battery,0,0,,0,Low,0
Male,Greater than 45,Native American,0,0,0,2.0,-1.0,F,arrest case no charge,0,0,,2,High,0
Male,Less than 25,Caucasian,0,0,0,4.0,-1.0,F,Possession of Cocaine,1,0,Possess Drug Paraphernalia,4,Low,0
Female,Greater than 45,African-American,0,1,0,7.0,0.0,F,Aggravated Assault W/dead Weap,1,0,Prostitution,7,Medium,1
Male,Less than 25,Native American,0,0,0,0.0,0.0,M,Driving Under The Influence,0,0,,0,Low,0
Male,25 - 45,Hispanic,0,0,0,1.0,-1.0,M,Battery,0,0,,1,Low,0
Female,25 - 45,Native American,0,0,0,2.0,-1.0,F,Poss of Firearm by Convic Felo,1,0,Purchase Of Cocaine,2,Medium,1
Male,Less than 25,Caucasian,0,0,0,0.0,-1.0,F,Grand Theft of a Fire Extinquisher,1,0,False Ownership Info/Pawn Item,0,High,1
Female,Greater than 45,Asian,0,0,0,1.0,-1.0,M,Battery,1,0,Possess Drug Paraphernalia,1,Medium,1
Male,25 - 45,Native American,0,0,0,4.0,-30.0,F,Possession Of Alprazolam,0,0,,4,High,0
Male,Greater than 45,Caucasian,0,0,0,3.0,-1.0,F,Burglary Conveyance Unoccup,1,0,Unlaw LicTag/Sticker Attach,3,Medium,1
Female,25 - 45,Native American,0,0,0,9.0,0.0,F,Violation License Restrictions,1,0,Trespass/Property/Other Structure,9,Medium,1
Male,25 - 45,Hispanic,0,0,1,0.0,-1.0,F,Computer Pornography,1,1,Felony Battery (Dom Strang),0,High,1
Male,Less than 25,Native American,0,0,0,4.0,-26.0,F,Battery,0,0,,4,Low,0
Male,Less than 25,African-American,0,0,1,0.0,-1.0,F,Possession of Codeine,0,0,,0,Low,0
Male,Less than 25,Hispanic,0,0,0,22.740768449370886,-1.0,M,Poss Cocaine/Intent To Del/Sel,1,0,Criminal Mischief>$200<$1000,23,High,1
Male,Greater than 45,Other,0,1,0,5.0,-1.0,F,Felony Petit Theft,0,0,,5,Medium,0
Male,25 - 45,Other,0,0,1,7.0,0.0,M,Battery,1,1,Purchase Of Cocaine,7,Medium,1
Female,Less than 25,Hispanic,0,0,0,0.0,-1.0,F,arrest case no charge,1,1,DOC/Fighting/Threatening Words,0,Low,1
Female,Greater than 45,Native American,0,0,0,0.0,-2.0,M,Viol Prot Injunc Repeat Viol,0,0,,0,Low,0
Female,Less than 25,Asian,0,0,0,0.0,0.0,F,Trans/Harm/Material to a Minor,0,0,,0,Low,0
Female,25 - 45,African-American,0,0,0,8.0,-1.0,F,Possession of Cocaine,1,0,Possess Cannabis/20 Grams Or Less,8,High,1
Female,Less than 25,African-American,0,0,0,0.0,-1.0,M,Battery,0,0,,0,Medium,0
Female,Greater than 45,Asian,0,0,0,1.0,0.0,M,Battery,0,0,,1,Low,0
Female,Greater than 45,Other,0,0,0,0.0,-1.0,M,Battery,0,0,,0,Low,0
Female,Less than 25,Caucasian,0,0,0,1.0,-1.0,M,arrest case no charge,0,0,,1,Low,0
Male,Less than 25,African-American,0,0,0,3.0,-1.0,M,Trans/Harm/Material to a Minor,1,0,Unlaw Use False Name/Identity,3,Medium,1
Male,25 - 45,Other,0,0,0,4.0,-1.0,F,Fabricating Physical Evidence,1,0,False Ownership Info/Pawn Item,4,Low,1
Male,Greater than 45,African-American,0,0,0,1.0,-1.0,F,arrest case no charge,1,0,Driving While License Revoked,1,Low,1
Male,25 - 45,Native American,0,0,0,1.0,-1.0,F,Felony DUI (level 3),0,0,,1,High,0
Female,Greater than 45,Asian,0,0,0,1.0,-1.0,F,Deliver Cocaine 1000FT Church,0,0,,1,Low,0
Male,25 - 45,African-American,0,0,0,1.0,0.0,M,Battery,0,0,,1,Low,0
Female,Less than 25,Asian,0,0,0,1.0,-1.0,F,Depriv LEO of Protect/Communic,1,0,Unlaw LicTag/Sticker Attach,1,Low,1
Male,25 - 45,Caucasian,0,0,0,0.0,0.0,M,False Info LEO During Invest,0,0,,0,Low,0
Male,Less than 25,Hispanic,0,0,0,6.0,0.0,M,Abuse Without Great Harm,0,0,,6,Medium,0
Male,25 - 45,Native American,0,0,0,1.0,-1.0,F,False Info LEO During Invest,0,0,,1,Low,0
Male,Greater than 45,Caucasian,0,0,0,2.0,0.0,M,Uttering Worthless Check +$150,1,0,Stalking,2,Low,1
Male,25 - 45,African-American,0,0,0,0.0,-1.0,F,Grand Theft (Motor Vehicle),0,0,,0,Low,0
Female,Less than 25,African-American,0,0,0,1.0,-1.0,F,Depriv LEO of Protect/Communic,0,0,,1,Low,1
Male,25 - 45,Caucasian,0,0,0,2.0,-1.0,F,Grand Theft (Motor Vehicle),0,0,,2,Medium,0
Male,Less than 25,Native American,0,0,0,0.0,-1.0,F,Prostitution,0,0,,0,Low,0
Male,Greater than 45,African-American,0,0,0,1.0,0.0,F,Grand Theft (Motor Vehicle),0,0,,1,Medium,0
Female,Less than 25,Native American,0,0,0,0.0,-1.0,M,Depriv LEO of Protect/Communic,1,0,Burglary Structure Unoccup,0,High,0
Female,25 - 45,Other,0,0,0,0.0,-1.0,F,Abuse Without Great Harm,0,0,,0,Medium,0
Male,Less than 25,Asian,0,0,0,0.0,-1.0,F,Interfere W/Traf Cont Dev RR,1,0,Petit Theft $100- $300,0,Medium,1
Male,Greater than 45,African-American,0,0,0,0.0,0.0,M,Operating W/O Valid License,0,0,,0,Low,0
Male,Less than 25,Other,0,0,0,1.0,-1.0,F,Fabricating Physical Evidence,1,0,Possess Cannabis/20 Grams Or Less,1,High,1
Male,25 - 45,Hispanic,0,0,0,9.0,0.0,F,Burglary Structure Unoccup,1,0,Possession Burglary Tools,9,Medium,1
Female,Greater than 45,Hispanic,0,0,0,1.0,-1.0,F,Lewd/Lasc Battery Pers 12+/<16,0,0,,1,Low,0
Female,25 - 45,Asian,0,0,0,3.0,-1.0,F,Possession of Benzylpiperazine,0,0,,3,Low,0
Female,25 - 45,African-American,0,0,0,2.0,0.0,F,arrest case no charge,0,0,,2,Low,0
Male,25 - 45,Native American,0,0,0,3.0,-1.0,M,Battery,1,0,Petit Theft $100- $300,3,Low,0
Male,Less than 25,Hispanic,0,0,0,1.0,0.0,F,Poss Pyrrolidinovalerophenone,1,0,Use/Poss/Drug Para/Plant/Grow,1,Low,1
Male,25 - 45,Native American,0,0,0,14.76384862723429,-1.0,F,Possession of Cocaine,1,1,DUI Level 0.15 Or Minor In Veh,14,High,1
Female,Greater than 45,Caucasian,0,0,0,0.0,0.0,M,Battery,0,0,,0,Low,0
Male,Greater than 45,Native American,0,0,0,0.0,-1.0,M,Poss Contr Subst W/o Prescript,0,0,,0,Low,0
Female,Less than 25,Other,0,0,0,4.0,-1.0,F,Grand Theft of a Fire Extinquisher,0,0,,4,Low,0
Male,Less than 25,Hispanic,4,1,0,11.0,0.0,F,Hiring with Intent to Defraud,1,1,Aggravated Battery On 65/Older,10,High,1
Male,Greater than 45,African-American,0,0,0,2.0,-1.0,F,Fabricating Physical Evidence,1,0,Possess Countrfeit Credit Card,2,Medium,0
Male,25 - 45,Other,0,0,0,1.0,-13.247392889985274,M,Battery,0,0,,1,Low,1
Male,Greater than 45,Native American,0,0,0,1.0,-21.294227307566615,F,Unl/Disturb Education/Instui,0,0,,1,Low,0
Female,25 - 45,Asian,0,1,0,1.0,-5.0,F,arrest case no charge,1,1,Stalking,1,High,1
Male,Less than 25,Caucasian,0,0,0,0.0,-1.0,F,"Poss Of 1,4-Butanediol",0,0,,0,Low,0
Male,Less than 25,African-American,0,0,0,0.0,-1.0,M,Battery,0,0,,0,Low,0
Male,Greater than 45,Other,0,0,0,0.0,-1.0,F,"Aggr Child Abuse-Torture,Punish",1,1,Battery,0,Low,1
Female,Less than 25,Hispanic,0,0,0,7.0,-1.0,F,Burglary Dwelling Occupied,1,1,Petit Theft $100- $300,7,Medium,1
Female,25 - 45,Native American,0,0,1,11.962020934347525,-2.0,M,Poss Meth/Diox/Meth/Amp (MDMA),1,0,Unlawful Use Of License,12,Medium,1
Male,Greater than 45,Hispanic,0,0,1,1.0,0.0,F,Obstruct Officer W/Violence,1,0,Possession Of Alprazolam,1,High,1
Female,25 - 45,African-American,0,0,0,0.0,-1.0,F,Deliver Cocaine 1000FT Church,1,0,Possess Drug Paraphernalia,0,Low,1
Male,Less than 25,Asian,0,1,0,8.0,-1.0,F,Carry Open/Uncov Bev In Pub,1,1,Fraud Obtain/ Use Disable Permit,8,Low,1
Male,Less than 25,Caucasian,0,0,0,2.0,-1.0,F,License Suspended Revoked,0,0,,2,Low,0
Female,Less than 25,Asian,0,0,0,1.0,-1.0,F,arrest case no charge,1,0,Grand Theft (Motor Vehicle),1,Low,1
Male,25 - 45,African-American,0,0,0,3.0,-1.0,M,Poss Pyrrolidinovalerophenone,1,0,Prostitution,3,Medium,1
Female,Greater than 45,Other,0,0,0,0.0,-1.0,F,Burglary Conveyance Unoccup,1,0,Unlaw LicTag/Sticker Attach,0,High,1
Male,25 - 45,Other,0,0,0,0.0,-1.0,F,Aggrav Child Abuse-Causes Harm,0,0,,0,Low,0
Female,Greater than 45,African-American,0,0,0,0.0,-1.0,M,Battery,0,0,,0,Low,0
Male,25 - 45,Hispanic,0,0,0,3.0,0.0,M,Battery,1,0,Possess Drug Paraphernalia,3,Medium,1
Female,Less than 25,Native American,0,0,0,9.0,-1.0,F,Reckless Driving,1,0,Possess Cannabis/20 Grams Or Less,9,Medium,1
Male,25 - 45,Hispanic,0,0,0,5.0,-1.0,M,arrest case no charge,0,0,,5,High,0
Female,Greater than 45,Native American,0,0,0,4.0,0.0,F,Depriv LEO of Protect/Communic,1,0,Possess Cannabis/20 Grams Or Less,4,Low,1
Male,25 - 45,Asian,0,0,0,1.0,-1.0,F,arrest case no charge,0,0,,1,Low,0
Female,Greater than 45,Other,0,0,0,2.0,0.0,F,Driving While License Revoked,1,0,Unlaw LicTag/Sticker Attach,2,Low,0
Male,Greater than 45,African-American,0,0,0,0.0,0.0,M,Driving Under The Influence,0,0,,0,Low,0
Male,Greater than 45,Other,0,0,0,0.0,-1.0,F,arrest case no charge,0,0,,0,Low,0
Male,25 - 45,Native American,0,0,0,13.0,-1.0,F,Possession of Codeine,0,0,,13,Medium,0
Male,25 - 45,Native American,0,0,0,0.0,0.0,F,Grand Theft (Motor Vehicle),0,0,,0,Low,0
Male,25 - 45,Caucasian,0,0,0,2.0,-1.0,F,False Info LEO During Invest,0,0,,2,Low,0
Male,Less than 25,Asian,0,0,0,0.0,0.0,F,Possession Of Alprazolam,0,0,,0,Medium,0
Female,Greater than 45,Other,0,0,0,0.0,-1.0,M,Unl/Disturb Education/Instui,1,0,,0,Low,0
Male,25 - 45,Native American,0,0,0,0.0,0.0,M,DUI Property Damage/Injury,0,0,,0,Low,0
Female,25 - 45,Other,0,0,0,2.0,-1.0,F,Poss Cntrft Contr Sub w/Intent,0,0,,2,Low,0
Female,Greater than 45,Other,0,0,0,0.0,0.0,M,Battery,0,0,,0,Low,0
Female,Less than 25,Other,0,0,0,2.0,-1.0,F,Trans/Harm/Material to a Minor,1,0,Petit Theft $100- $300,2,Low,1
Male,Less than 25,African-American,0,0,0,4.0,0.0,F,Possession of Cocaine,1,1,Possess Cannabis/20 Grams Or Less,4,High,1
Male,Greater than 45,Hispanic,0,0,0,5.0,-1.0,F,Burglary Dwelling Occupied,1,0,False Ownership Info/Pawn Item,5,Medium,1
Female,Greater than 45,African-American,0,2,0,3.0,0.0,F,Possession of Benzylpiperazine,0,0,,3,High,0
Male,Less than 25,Native American,0,0,0,0.0,0.0,F,Obstruct Officer W/Violence,0,0,,0,Medium,0
Female,Less than 25,Hispanic,0,0,0,0.0,-1.0,M,Battery,0,0,,0,Low,0
Male,25 - 45,Asian,0,0,0,0.0,-1.0,M,DUI- Enhanced,0,0,,0,Low,0
Male,25 - 45,African-American,0,0,0,1.0,-5.0,F,Aggravated Assault W/Dead Weap,0,0,,1,Medium,0
Male,Less than 25,Hispanic,0,0,0,0.0,-2.0,M,Driving Under The Influence,0,0,,0,Low,0
Female,Less than 25,Native American,0,0,0,0.0,-1.0,M,Battery,0,0,,0,Medium,0
Female,Less than 25,Native American,0,0,0,0.0,0.0,M,Battery,0,0,,0,Low,0
Female,25 - 45,Asian,0,0,0,14.0,-28.0,F,arrest case no charge,1,0,Unlaw Use False Name/Identity,14,Low,1
Male,Less than 25,African-American,0,0,0,7.0,0.0,F,Possession of Cocaine,1,0,Possess Cannabis/20 Grams Or Less,7,Medium,1
Male,25 - 45,African-American,0,0,0,0.0,-1.0,F,Trans/Harm/Material to a Minor,0,0,,0,Low,0
Female,Greater than 45,African-American,0,0,0,1.0,-1.0,M,Battery,1,0,DOC/Fighting/Threatening Words,1,Medium,1
Male,Greater than 45,African-American,0,0,0,0.0,0.0,F,Aggrav Child Abuse-Causes Harm,0,0,,0,Low,0
Male,25 - 45,Hispanic,0,0,0,1.0,-1.0,F,Felony Petit Theft,0,0,,1,High,1
Male,Less than 25,Caucasian,0,0,0,3.0,-4.0,M,License Suspended Revoked,0,0,,3,Low,0
Male,Greater than 45,Caucasian,0,0,1,1.0,-1.0,F,Possession of Cocaine,0,0,,1,Low,0
Male,Less than 25,Asian,0,0,0,0.0,0.0,F,Felony DUI (level 3),0,0,,0,Low,0
Female,Less than 25,Caucasian,0,0,0,0.0,-1.0,F,Burglary Dwelling Occupied,0,0,,0,Low,0
Female,25 - 45,African-American,0,0,0,0.0,0.0,F,Depriv LEO of Protect/Communic,0,0,,0,High,0
Female,Greater than 45,Hispanic,0,0,0,5.0,-1.0,M,Abuse Without Great Harm,0,0,,5,Low,1
Male,Greater than 45,Native American,0,0,0,0.0,-1.0,F,Battery On Fire Fighter,0,0,,0,Low,0
Male,Greater than 45,Caucasian,0,0,0,3.0,-1.0,F,Possession of Methadone,0,0,,3,Low,0
Male,25 - 45,Native American,0,0,0,0.0,-1.0,M,Battery,0,0,Unlaw Use False Name/Identity,0,Low,0
Female,Greater than 45,Hispanic,0,0,0,3.0,0.0,F,Poss Cntrft Contr Sub w/Intent,0,0,,3,Low,0
Female,25 - 45,Native American,0,0,0,6.0,-1.0,M,Exposes Culpable Negligence,0,0,,6,Low,0
Female,Less than 25,Native American,0,0,0,22.392542566191153,-1.0,M,Felony Petit Theft,1,0,Felony Petit Theft,22,Medium,1
Female,Greater than 45,Asian,0,0,1,0.0,-1.0,F,Possession of Methadone,0,0,,0,Low,0
Female,25 - 45,Asian,0,1,1,9.0,-1.0,M,Unlaw Use False Name/Identity,1,0,Petit Theft,9,High,1
Male,Less than 25,African-American,0,0,0,1.0,0.0,M,Murder in the First Degree,0,0,,1,Low,0
Male,Greater than 45,Caucasian,0,0,0,6.0,-1.0,F,Driving While License Revoked,1,0,Unlaw LicTag/Sticker Attach,6,Low,1
Female,Greater than 45,Native American,0,0,0,0.0,-1.0,F,Unl/Disturb Education/Instui,1,0,Exposes Culpable Negligence,0,Low,1
Male,Greater than 45,Native American,1,1,0,20.0,0.0,F,arrest case no charge,0,0,,20,High,0
Male,Greater than 45,Hispanic,0,3,0,7.0,-10.301807147782842,F,arrest case no charge,1,0,Purchase Of Cocaine,7,High,1
Male,Less than 25,Native American,0,0,0,0.0,0.0,M,Battery,0,0,,0,Low,0
Female,Greater than 45,African-American,0,0,0,1.0,-1.0,F,arrest case no charge,1,0,DOC/Fighting/Threatening Words,1,Medium,1
Female,25 - 45,Other,0,0,0,1.0,29.99988322294565,F,Burglary Conveyance Assault/Bat,1,1,Possession False Prescription,1,Low,1
Female,25 - 45,Native American,0,0,1,1.0,-1.0,F,Trans/Harm/Material to a Minor,1,0,Possess Cannabis/20 Grams Or Less,1,Low,1
Male,Less than 25,Other,0,0,0,0.0,0.0,F,Driving While License Revoked,0,0,,0,Low,0
Male,25 - 45,Caucasian,0,0,1,8.0,-1.0,F,Fabricating Physical Evidence,1,0,Grand Theft (Motor Vehicle),8,Medium,1
Male,25 - 45,Caucasian,0,0,0,11.0,-1.0,M,arrest case no charge,1,0,Operating W/O Valid License,11,High,1
Male,Less than 25,Other,0,0,0,0.0,-1.0,F,Grand Theft of a Fire Extinquisher,1,0,Unlaw LicTag/Sticker Attach,0,Low,1
Male,Less than 25,Native American,0,0,0,19.0,0.0,F,Agg Battery Grt/Bod/Harm,1,0,Grand Theft (Motor Vehicle),19,High,0
Male,Greater than 45,Hispanic,0,0,0,1.0,-1.0,F,Carry Open/Uncov Bev In Pub,1,0,Prowling/Loitering,1,Medium,1
Male,Less than 25,Other,0,0,0,0.0,-1.0,F,Prostitution,0,0,,0,Medium,0
Male,Less than 25,Asian,0,0,1,19.0,-1.0,F,Possession of Cocaine,1,0,Driving While License Revoked,19,High,1
Female,Less than 25,Hispanic,0,0,0,1.0,-1.0,F,Uttering Worthless Check +$150,1,0,Trespass Struct/Conveyance,1,Low,1
Male,Less than 25,Asian,0,0,0,0.0,-1.0,F,Prostitution,0,0,,0,Medium,0
Male,Less than 25,Native American,0,0,0,0.0,-1.0,M,DUI Property Damage/Injury,0,0,Sell Cocaine 1000FT School,0,Low,0
Male,Greater than 45,Native American,0,0,0,1.0,-1.0,F,Violation License Restrictions,0,0,,1,Low,0
Male,Less than 25,Asian,0,0,0,0.0,-1.0,F,Murder in the First Degree,0,0,,0,Low,0
Female,Less than 25,Asian,0,0,0,6.0,0.0,M,Battery,1,0,Possess Cannabis/20 Grams Or Less,6,Low,1
Male,25 - 45,Hispanic,0,0,0,0.0,-2.0,M,Battery,1,1,Unlaw Pos of Prson ID of another,0,Low,1
Male,Greater than 45,Other,0,0,0,9.0,-1.0,F,Felony Petit Theft,1,0,Felony Petit Theft,9,High,1
Male,Greater than 45,African-American,0,0,0,0.0,-4.0,M,Driving Under The Influence,0,0,,0,Low,0
Male,Greater than 45,Native American,0,0,0,0.0,-1.0,M,Battery,0,0,,0,Low,0
Female,Less than 25,Asian,0,0,0,0.0,-1.0,F,arrest case no charge,1,1,POSSESS FIELD BOX WITH REGISTERED MARK,0,Low,1
Male,Less than 25,African-American,0,0,0,1.0,-1.0,F,Poss Cntrft Contr Sub w/Intent,0,0,,1,Low,0
Female,25 - 45,Asian,0,0,0,1.0,-1.0,M,Battery,1,0,Possession Of Alprazolam,1,Low,1
Female,25 - 45,Hispanic,0,0,0,0.0,-1.0,F,Grand Theft (Motor Vehicle),0,0,,0,Low,0
Female,Less than 25,Other,0,1,0,12.0,-1.0,F,arrest case no charge,1,1,DWLS Habitual Offender 2nd,12,High,1
Male,Less than 25,African-American,0,0,0,0.0,0.0,M,Battery,0,0,,0,Low,0
Male,25 - 45,Native American,0,3,0,4.0,-1.0,F,Grand Theft (Motor Vehicle),0,0,,4,High,0
Male,Greater than 45,Hispanic,0,0,0,2.0,0.0,M,Driving Under The Influence,0,0,,2,Low,0
Female,Less than 25,Hispanic,0,0,0,17.0,-25.0,F,arrest case no charge,1,0,Poss Of RX Without RX,17,Medium,1
Male,Greater than 45,Hispanic,0,0,0,0.0,-1.0,F,Burglary Conveyance Unoccup,1,0,Possession Of Alprazolam,0,Low,1
Male,25 - 45,Hispanic,0,0,0,0.0,-1.0,F,Poss Contr Subst W/o Prescript,1,0,Possession Of Methamphetamine,0,High,1
Female,Greater than 45,Caucasian,0,0,0,0.0,-1.0,M,False Name By Person Arrest,1,0,Operating W/O Valid License,0,Low,1
Female,Less than 25,African-American,0,0,0,2.0,-1.0,F,Grand Theft (Motor Vehicle),1,1,Prowling/Loitering,2,Low,1
Female,Greater than 45,African-American,0,0,0,0.0,-1.0,F,Traffick Amphetamine 28g><200g,0,0,,0,Low,0
Male,Greater than 45,Hispanic,0,0,0,1.0,-1.0,F,Aggravated Assault W/Dead Weap,0,0,,1,Low,0
Male,Greater than 45,Caucasian,0,0,0,2.0,-1.0,F,License Suspended Revoked,0,0,,2,Low,1
Male,Less than 25,African-American,0,0,0,2.0,-1.0,F,arrest case no charge,1,1,Possess Drug Paraphernalia,2,Low,1
Male,Less than 25,African-American,0,0,0,2.0,0.0,M,Grand Theft of a Fire Extinquisher,1,0,Unlawful Use Of License,2,Medium,1
Male,Greater than 45,Hispanic,0,3,0,25.13391825296482,-1.0,M,Resist/Obstruct W/O Violence,1,0,Burglary Structure Assault/Batt,25,High,1
Male,Less than 25,Native American,0,0,0,0.0,-1.0,M,Battery,1,0,Trespassing,0,Low,1
Female,25 - 45,Native American,0,1,0,14.257713184706795,28.88195119196279,M,Resist/Obstruct W/O Violence,1,1,Grand Theft (Motor Vehicle),14,Medium,1
Male,Less than 25,Asian,0,0,0,0.0,-1.0,F,Burglary Conveyance Unoccup,1,0,Possess Cannabis/20 Grams Or Less,0,Low,1
Female,Less than 25,Asian,0,0,0,5.0,0.0,F,Grand Theft (Motor Vehicle),1,0,Operating W/O Valid License,5,Medium,1
Male,Less than 25,African-American,0,0,2,1.0,-1.0,M,Battery,0,0,,1,Medium,0
Female,Greater than 45,Native American,0,0,0,0.0,-1.0,M,DUI Property Damage/Injury,0,0,,0,Low,0
Female,25 - 45,Hispanic,0,0,0,2.0,-1.0,F,Possession of Codeine,1,0,Fail Obey Driv Lic Restrictions,2,Low,1
Female,25 - 45,Asian,0,0,0,3.0,0.0,F,Grand Theft (Motor Vehicle),0,0,,3,Medium,0
Male,Greater than 45,Other,0,0,0,3.0,0.0,M,Driving Under The Influence,0,0,,3,Low,0
Female,Greater than 45,Native American,0,0,0,0.0,-1.0,F,Harm Public Servant Or Family,0,0,,0,Low,0
Male,25 - 45,African-American,0,0,0,0.0,0.0,M,Battery,1,0,,0,Low,0
Male,Less than 25,African-American,0,0,0,0.0,-1.0,F,Murder in the First Degree,0,0,,0,Medium,0
Male,Less than 25,Asian,0,0,0,1.0,-1.0,F,arrest case no charge,1,0,Possess Drug Paraphernalia,1,Low,1
Female,Less than 25,Native American,0,0,0,0.0,-1.0,F,Uttering Forged Bills,1,0,Petit Theft $100- $300,0,High,1
Female,Less than 25,Hispanic,0,0,0,4.0,-1.0,F,Poss Similitude of Drivers Lic,1,0,Exposes Culpable Negligence,4,Medium,1
Male,25 - 45,African-American,0,0,0,0.0,-1.0,F,Expired DL More Than 6 Months,1,0,Petit Theft $100- $300,0,Medium,1
Female,Greater than 45,Native American,0,0,0,2.0,-1.0,F,Burglary Dwelling Assault/Batt,1,1,Unlaw LicTag/Sticker Attach,2,Medium,1
Female,Greater than 45,Native American,0,0,0,1.0,-16.96141023179456,F,Aggravated Assault W/dead Weap,0,0,,1,Low,0
Male,Greater than 45,Other,0,0,0,2.0,0.0,F,Agg Battery Grt/Bod/Harm,1,0,,2,Low,0
Male,25 - 45,Caucasian,0,0,0,9.0,-1.0,F,Felony Petit Theft,1,1,Battery,9,High,1
Male,Greater than 45,African-American,0,0,0,0.0,-1.0,M,Battery,0,0,,0,Low,0
Female,25 - 45,Other,0,0,0,6.0,-13.0,F,arrest case no charge,0,0,,6,Low,0
Male,Greater than 45,African-American,0,0,0,1.0,-1.0,F,Grand Theft of a Fire Extinquisher,1,0,Possess Cannabis/20 Grams Or Less,1,Low,1
Male,Greater than 45,African-American,0,0,0,2.0,-1.0,F,Tresspass Struct/Conveyance,1,0,Possess Drug Paraphernalia,2,Low,1
Female,25 - 45,African-American,0,0,0,0.0,-1.0,F,Tresspass Struct/Conveyance,0,0,,0,Low,0
Female,Greater than 45,Caucasian,0,0,0,11.0,-1.0,F,Possession of Cocaine,0,0,,11,Low,0
Female,Greater than 45,Hispanic,0,0,0,0.0,-1.0,F,Burglary Conveyance Unoccup,1,0,Prowling/Loitering,0,Low,1
Male,25 - 45,Caucasian,0,0,0,0.0,-1.0,F,Aggravated Battery / Pregnant,0,0,,0,Low,0
Male,Less than 25,African-American,0,0,0,0.0,-1.0,F,Resist/Obstruct W/O Violence,0,0,,0,Low,0
Male,Less than 25,Caucasian,0,0,0,10.0,0.0,F,Possession of Methadone,1,0,,10,High,0
Female,Greater than 45,Other,0,0,0,5.0,-1.0,F,Fabricating Physical Evidence,0,0,,5,Medium,0
Male,Greater than 45,Caucasian,0,0,0,1.0,-2.0,F,Interfere W/Traf Cont Dev RR,0,0,,1,Low,1
Male,Greater than 45,Native American,0,0,0,5.0,-13.0,M,Possession of Cocaine,0,0,,5,Low,0
Male,Greater than 45,Hispanic,0,0,0,0.0,-1.0,M,Battery,0,0,,0,Low,0
Female,25 - 45,African-American,0,0,0,2.0,-1.0,M,Uttering Forged Bills,0,0,,2,Medium,0
Male,Greater than 45,Asian,0,0,0,0.0,-1.0,M,Battery,1,1,Criminal Mischief>$200<$1000,0,High,1
Male,Greater than 45,Other,0,0,0,4.0,0.0,F,DUI- Enhanced,1,0,Use/Poss/Drug Para/Plant/Grow,4,Medium,1
Male,Less than 25,Caucasian,0,0,0,12.0,-26.0,F,arrest case no charge,0,0,,12,Low,0
Male,25 - 45,Hispanic,0,0,0,1.0,-1.0,F,arrest case no charge,0,0,,1,Medium,0
Male,Greater than 45,Asian,0,0,0,2.0,-1.0,F,Poss of Firearm by Convic Felo,1,0,Use/Poss/Drug Para/Plant/Grow,2,Medium,1
Female,25 - 45,Other,0,0,0,10.0,-1.0,F,Aggravated Assault W/dead Weap,1,0,Driving While License Revoked,10,High,1
Male,25 - 45,Caucasian,0,0,0,2.0,0.0,F,Possession of Cocaine,0,0,,2,Medium,0
Female,Less than 25,Caucasian,0,0,0,0.0,-1.0,F,Poss Pyrrolidinovalerophenone,1,0,Fraud Obtain/ Use Disable Permit,0,High,1
Female,Less than 25,Caucasian,0,0,0,6.0,-1.0,M,Battery,1,0,Fail Register Vehicle,6,Medium,1
Female,Less than 25,Asian,0,0,0,0.0,0.0,M,Battery,0,0,Reckless Display Of Weapon,0,Low,0
Male,25 - 45,Native American,0,0,1,9.0,0.0,F,arrest case no charge,1,0,Driving While License Revoked,9,Medium,1
Male,Less than 25,Native American,0,0,0,0.0,-1.0,M,Battery,0,0,,0,Low,0
Male,Greater than 45,Hispanic,0,0,0,20.0,0.0,F,Possession of Cocaine,1,0,Possess Cannabis/20 Grams Or Less,20,High,1
Male,25 - 45,Asian,0,0,0,0.0,-1.0,M,Battery,0,0,,0,Low,0
Male,Less than 25,Hispanic,0,0,0,4.0,-1.0,M,Battery,1,0,Possess Drug Paraphernalia,4,Low,1
Male,Greater than 45,Native American,0,0,0,4.0,0.0,F,Possession of Cocaine,1,0,,4,Medium,0
Female,25 - 45,Asian,0,0,0,1.0,-25.0,M,Violation License Restrictions,0,0,,1,Low,0
Female,Greater than 45,African-American,0,0,0,0.0,-1.0,M,Battery,1,1,Unlaw Pos of Prson ID of another,0,High,1
Female,Less than 25,Asian,0,0,0,0.0,0.0,F,Battery On Fire Fighter,0,0,,0,Medium,0
Male,25 - 45,Native American,0,0,0,2.0,0.0,F,arrest case no charge,0,0,,2,Low,0
Male,Less than 25,Asian,0,0,0,0.0,-1.0,F,Harm Public Servant Or Family,0,0,,0,Low,0
Male,25 - 45,African-American,0,0,0,0.0,-1.0,F,Possession of Cocaine,0,0,,0,Low,0
Female,25 - 45,Asian,0,0,0,1.0,-1.0,F,Possession Of Alprazolam,1,0,Fail Register Vehicle,1,Low,1
Female,25 - 45,Caucasian,0,0,0,0.0,0.0,F,arrest case no charge,0,0,,0,Low,1
Female,Less than 25,Asian,0,0,0,0.0,-1.0,M,Operating W/O Valid License,0,0,,0,Low,0
Female,25 - 45,Hispanic,0,0,0,1.0,-1.0,F,arrest case no charge,0,0,,1,High,0
Female,Less than 25,Hispanic,0,0,0,0.0,-2.0,F,Battery On Fire Fighter,0,0,,0,Low,0
Female,25 - 45,African-American,0,0,0,0.0,0.0,F,False Name By Person Arrest,0,0,,0,Low,0
Male,25 - 45,Other,0,0,0,0.0,-1.0,F,Felony DUI (level 3),0,0,,0,High,0
Female,Greater than 45,Asian,0,0,0,9.0,0.0,M,Harm Public Servant Or Family,1,1,Unlaw Pos of Prson ID of another,9,Low,1
Male,Greater than 45,Other,0,0,0,0.0,0.0,F,Depriv LEO of Protect/Communic,0,0,,0,Low,0
Female,Less than 25,Hispanic,0,0,0,3.0,-1.0,M,Trans/Harm/Material to a Minor,1,0,Trespass/Property/Other Structure,3,High,0
Female,Less than 25,Native American,0,0,0,4.0,-1.0,F,Grand Theft (Motor Vehicle),1,0,Petit Theft $100- $300,4,High,1
Female,Greater than 45,Caucasian,0,0,0,3.0,-1.0,F,Possession of Cocaine,0,0,,3,Low,0
Male,Less than 25,Caucasian,0,0,0,5.0,0.0,M,Murder in the First Degree,0,0,,5,Low,0
Female,Greater than 45,Caucasian,0,0,0,0.0,-1.0,F,Burglary Conveyance Unoccup,1,0,Unlaw LicTag/Sticker Attach,0,Medium,1
Female,25 - 45,Other,1,0,0,8.0,-1.0,F,Possession of Cocaine,1,1,Possession Burglary Tools,8,High,1
Male,Greater than 45,Other,0,0,0,7.0,0.0,M,Felony Petit Theft,1,0,Susp Drivers Lic 1st Offense,7,High,1
Female,Greater than 45,Other,0,0,0,1.0,-1.0,F,Uttering Forged Bills,1,0,Possess Cannabis/20 Grams Or Less,1,High,0
Male,25 - 45,Caucasian,0,0,0,1.0,-22.0,F,Possession of Cocaine,0,0,,1,Low,0
Male,Less than 25,African-American,0,0,0,1.0,-6.0,F,arrest case no charge,0,0,,1,Low,0
Female,Less than 25,African-American,0,0,0,0.0,-1.0,M,Abuse Without Great Harm,1,0,DOC/Fighting/Threatening Words,0,Low,1
Female,25 - 45,Other,0,0,0,1.0,-1.0,F,Agg Battery Grt/Bod/Harm,0,0,,1,High,0
Male,25 - 45,African-American,0,0,0,0.0,-1.0,M,Battery,0,0,,0,Medium,0
Female,Less than 25,Other,0,0,0,1.0,0.0,M,Battery,0,0,,1,Low,0
Female,Less than 25,African-American,0,0,0,1.0,-1.0,M,License Suspended Revoked,0,0,,1,Low,0
Female,Less than 25,Other,0,0,0,7.0,-1.0,F,Possession of Cocaine,1,0,False Ownership Info/Pawn Item,7,Medium,1
Female,Greater than 45,African-American,0,0,0,0.0,-2.0,F,Agg Battery Grt/Bod/Harm,0,0,,0,Low,0
Male,Greater than 45,African-American,0,0,0,0.0,0.0,M,Operating W/O Valid License,0,0,,0,Low,0
Female,Greater than 45,African-American,0,0,0,0.0,-1.0,F,Harm Public Servant Or Family,1,0,,0,Medium,1
Female,Less than 25,African-American,0,0,0,4.0,0.0,F,Reckless Driving,1,1,Unlawful Use Of License,4,High,1
Female,25 - 45,African-American,0,0,0,0.0,-1.0,M,Battery,0,0,,0,Low,0
Male,Greater than 45,Caucasian,0,0,1,0.0,-1.0,M,Battery,0,0,,0,Medium,0
Female,25 - 45,African-American,0,0,0,1.0,-11.0,M,Reckless Driving,0,0,,1,Low,0
Male,25 - 45,Asian,0,0,0,7.0,-1.0,F,arrest case no charge,1,0,Unlaw Use False Name/Identity,7,High,1
Male,25 - 45,Caucasian,0,0,0,0.0,-1.0,F,Prostitution,1,0,,0,Low,1
Female,Less than 25,Asian,0,0,0,0.0,-1.0,M,Battery,0,0,,0,Low,0
Male,Greater than 45,African-American,0,0,0,3.0,-1.0,F,False Info LEO During Invest,1,0,Fail Register Vehicle,3,Medium,1
Female,25 - 45,Native American,0,0,0,0.0,0.0,F,License Suspended Revoked,0,0,Leave Acc/Attend Veh/More $50,0,Medium,0
Female,Greater than 45,Hispanic,0,0,0,3.0,-1.0,F,Viol Prot Injunc Repeat Viol,1,0,Possess Cannabis/20 Grams Or Less,3,Low,1
Male,Greater than 45,African-American,0,0,0,4.0,-1.0,M,Battery,1,1,Unlaw LicTag/Sticker Attach,4,Low,1
Male,25 - 45,African-American,0,0,0,0.0,-1.0,M,Battery,1,0,Prowling/Loitering,0,Medium,1
Male,Less than 25,Hispanic,0,0,0,0.0,-1.0,F,Obstruct Officer W/Violence,0,0,Prowling/Loitering,0,Medium,0
Female,Less than 25,Caucasian,0,0,0,6.0,-1.0,M,Battery,0,0,,6,Medium,0
Female,Greater than 45,Asian,0,0,0,0.0,-1.0,F,Harm Public Servant Or Family,1,0,Fail Obey Driv Lic Restrictions,0,Low,1
Female,Greater than 45,Hispanic,0,0,0,0.0,-1.0,M,Burglary Dwelling Occupied,1,0,Operating W/O Valid License,0,Medium,0
Male,Less than 25,Asian,0,0,0,5.0,-1.0,F,Poss of Firearm by Convic Felo,1,0,Possess Cannabis/20 Grams Or Less,5,Medium,1
Male,Less than 25,Native American,0,0,0,2.0,-1.0,M,False Info LEO During Invest,1,0,Fail Register Vehicle,2,Medium,1
Female,25 - 45,African-American,0,0,0,0.0,-1.0,F,Driving While License Revoked,0,0,,0,Low,0
Female,25 - 45,Hispanic,0,0,0,1.0,0.0,M,Resist/Obstruct W/O Violence,0,0,,1,Low,0
Female,25 - 45,Other,0,0,0,0.0,-1.0,F,arrest case no charge,0,0,,0,Low,0
Female,Greater than 45,Caucasian,0,0,0,0.0,0.0,F,Aggravated Battery / Pregnant,1,0,Unnatural/Lascivious Act,0,Low,1
Female,25 - 45,Hispanic,0,0,0,0.0,-1.0,F,Possession of Cocaine,0,0,,0,Low,0
Female,25 - 45,Caucasian,0,0,0,0.0,-2.0,F,Felony DUI (level 3),1,1,Petit Theft $100- $300,0,High,1
Male,Greater than 45,Caucasian,0,0,0,10.0,0.0,F,Possession of Cocaine,1,0,Prowling/Loitering,10,High,1
Male,Greater than 45,Caucasian,0,0,0,0.0,0.0,F,Possession of Cocaine,1,0,,0,Low,0
Male,Greater than 45,Other,0,0,0,10.0,-1.0,F,Possession of Cocaine,1,0,Prowling/Loitering,10,Medium,1
Male,25 - 45,Caucasian,0,0,0,0.0,-1.0,F,Deliver Cocaine 1000FT Church,1,1,Fail Obey Driv Lic Restrictions,0,Low,1
Male,25 - 45,Hispanic,0,0,0,0.0,-1.0,M,Harm Public Servant Or Family,0,0,,0,Low,0
Female,Less than 25,Native American,0,0,0,7.0,-7.0,F,arrest case no charge,1,0,Unlaw Use False Name/Identity,7,Medium,1
Female,25 - 45,Other,0,0,0,1.0,-1.0,M,Battery,0,0,,1,Medium,0
Male,Less than 25,Other,0,0,0,1.0,-1.0,F,arrest case no charge,0,0,,1,Low,0
Female,25 - 45,Caucasian,0,0,0,2.0,0.0,M,Felony Petit Theft,0,0,,2,Low,0
Male,25 - 45,Caucasian,0,0,0,3.0,0.0,F,"Poss Of 1,4-Butanediol",1,0,Possession Of Methamphetamine,3,Medium,1
Female,Greater than 45,African-American,0,0,0,0.0,-1.0,M,Battery,0,0,,0,Low,0
Male,Greater than 45,Hispanic,0,0,0,7.0,-1.0,F,Driving While License Revoked,0,0,,7,Medium,0
Male,25 - 45,African-American,0,0,0,8.0,-1.0,M,Carry Open/Uncov Bev In Pub,1,0,Leave Acc/Attend Veh/More $50,8,Medium,0
Male,25 - 45,Other,0,0,0,1.0,-1.0,M,Battery,0,0,,1,Low,0
Male,25 - 45,Asian,4,1,0,17.0,-1.0,F,Burglary Structure Occupied,1,0,Fail Register Vehicle,17,Medium,1
Female,25 - 45,Hispanic,0,0,0,0.0,-1.0,F,Uttering Worthless Check +$150,0,0,,0,High,0
Male,Less than 25,Asian,0,0,0,5.0,0.0,F,Possession of Codeine,1,0,Possess Cannabis/20 Grams Or Less,5,Medium,1
Female,Greater than 45,African-American,1,0,0,1.0,-1.0,M,Battery,0,0,,1,High,0
Male,Less than 25,Caucasian,0,0,0,1.0,-1.0,F,Agg Battery Grt/Bod/Harm,1,0,Prostitution,1,Low,0
Female,Greater than 45,Hispanic,0,0,0,0.0,0.0,F,Poss of Firearm by Convic Felo,1,1,Felony Battery (Dom Strang),0,Low,1
Male,25 - 45,Caucasian,0,0,0,3.0,-1.0,F,Driving While License Revoked,0,0,,3,High,0
Male,25 - 45,African-American,0,0,0,7.0,-1.0,F,Driving While License Revoked,1,0,Operating W/O Valid License,7,Low,1
Male,Greater than 45,African-American,0,0,0,0.0,-1.0,M,Battery,1,0,Unlaw LicTag/Sticker Attach,0,Low,1
Male,Less than 25,Other,0,0,0,0.0,-1.0,F,Driving While License Revoked,0,0,,0,Low,0
Male,25 - 45,African-American,0,0,0,0.0,-1.0,F,Poss Of RX Without RX,0,0,,0,Low,0
Female,Less than 25,Caucasian,0,0,0,3.0,-1.0,F,Battery On Fire Fighter,1,0,,3,Low,0
Male,Less than 25,Caucasian,0,0,0,1.0,0.0,F,arrest case no charge,1,0,Operating W/O Valid License,1,Low,1
Male,Less than 25,Caucasian,0,0,0,15.0,-1.0,F,arrest case no charge,0,0,,15,High,0
Male,25 - 45,Caucasian,0,0,0,3.0,-1.0,F,Lewd/Lasc Battery Pers 12+/<16,1,1,Murder in 2nd Degree,3,High,1
Female,Greater than 45,Other,0,0,0,1.0,-5.120059721660162,F,arrest case no charge,0,0,,1,Low,0
Female,25 - 45,African-American,0,0,0,0.0,-1.0,F,Aggrav Child Abuse-Causes Harm,0,0,,0,Low,0
Female,Less than 25,Other,0,0,0,0.0,-1.0,M,Battery,0,0,,0,Low,0
Male,Greater than 45,African-American,0,0,0,10.0,-1.0,F,Unlaw Use False Name/Identity,1,0,Criminal Mischief>$200<$1000,10,Low,1
Female,25 - 45,African-American,1,0,0,8.0,-1.0,F,Trans/Harm/Material to a Minor,1,1,Operating W/O Valid License,7,High,1
Male,25 - 45,Asian,0,0,1,1.0,-1.0,F,Burglary Conveyance Unoccup,1,0,Prowling/Loitering,1,Medium,1
Female,Less than 25,Asian,0,0,0,0.0,-1.0,F,Possession Of Alprazolam,1,0,,0,Low,0
Male,Less than 25,Other,0,0,0,1.0,-13.0,F,Depriv LEO of Protect/Communic,0,0,,1,Low,0
Female,Greater than 45,Native American,0,0,0,5.0,-3.0,F,Poss Of RX Without RX,0,0,,5,Low,0
Female,Less than 25,Caucasian,0,0,0,0.0,-1.0,M,Battery,0,0,,0,Low,0
Male,25 - 45,Caucasian,1,0,0,9.0,-1.0,M,Viol Prot Injunc Repeat Viol,1,0,Possess Cannabis/20 Grams Or Less,9,Low,1
Male,25 - 45,Caucasian,0,0,0,0.0,-1.0,M,Battery,1,1,Battery,0,Low,1
Female,25 - 45,Caucasian,0,0,0,3.0,-1.0,F,Burglary Conveyance Unoccup,1,0,Exposes Culpable Negligence,3,Medium,1
Female,Less than 25,Native American,0,0,0,9.0,-1.0,F,DUI- Enhanced,0,0,,9,Medium,0
Female,Greater than 45,Hispanic,0,0,0,3.0,-1.0,F,arrest case no charge,0,0,Possess Cannabis/20 Grams Or Less,3,Low,0
Male,Less than 25,Other,0,0,0,0.0,-1.0,M,Battery,1,0,Operating W/O Valid License,0,Low,1
Male,Greater than 45,Caucasian,0,0,0,2.0,-1.0,F,Possession of Cocaine,1,0,Possess Cannabis/20 Grams Or Less,2,High,1
Male,Less than 25,African-American,0,0,1,5.0,-1.0,F,Grand Theft (Motor Vehicle),1,0,Prostitution,5,Medium,1
Male,Less than 25,Hispanic,0,0,0,1.0,0.0,M,Battery,0,0,,1,Low,0
Female,Greater than 45,Native American,0,0,0,1.0,-1.0,F,Poss Cocaine/Intent To Del/Sel,1,0,Possess Cannabis/20 Grams Or Less,1,Medium,1
Female,25 - 45,Hispanic,1,0,0,10.0,-1.0,F,Burglary Structure Occupied,1,0,Unnatural/Lascivious Act,10,High,1
Male,25 - 45,Native American,0,0,0,0.0,-5.0,M,Battery,0,0,,0,Low,0
Male,25 - 45,African-American,0,0,0,1.0,-1.0,M,Battery,1,0,Operating W/O Valid License,1,Medium,1
Female,25 - 45,Native American,0,0,0,0.0,-1.0,M,Battery,1,0,False Ownership Info/Pawn Item,0,Low,1
Female,Greater than 45,Caucasian,0,0,0,0.0,-1.0,M,DUI Property Damage/Injury,1,0,Possess Drug Paraphernalia,0,Low,1
Male,Less than 25,Other,0,0,0,7.0,-2.0,M,arrest case no charge,1,0,Criminal Mischief>$200<$1000,7,Low,0
Male,Greater than 45,African-American,0,0,0,3.0,-1.0,F,Trans/Harm/Material to a Minor,1,1,Battery,3,High,1
Male,Greater than 45,Native American,0,0,0,4.0,-1.0,M,Battery,1,1,Stalking,4,Medium,1
Female,Less than 25,Other,0,0,0,7.0,-1.0,F,Murder in the First Degree,1,0,Stalking,7,Medium,1
Female,25 - 45,Caucasian,0,0,0,0.0,0.0,F,Poss Of RX Without RX,0,0,,0,Low,0
Female,Greater than 45,African-American,0,0,0,6.0,-1.0,F,Possession of Cocaine,1,0,Possess Cannabis/20 Grams Or Less,6,High,1
Male,Greater than 45,Native American,0,0,0,1.0,-1.0,F,arrest case no charge,1,1,Unlawful Use Of License,1,Low,0
Male,Greater than 45,African-American,0,0,0,0.0,0.0,M,DUI Property Damage/Injury,0,0,,0,Low,0
Female,Less than 25,Native American,0,0,0,0.0,0.0,F,False Info LEO During Invest,0,0,,0,Low,0
Female,25 - 45,African-American,0,0,1,16.0,-1.0,F,Exposes Culpable Negligence,1,0,Unnatural/Lascivious Act,16,High,1
Male,25 - 45,Native American,0,0,0,2.0,-1.0,M,DUI- Enhanced,0,0,,2,Low,0
Male,Less than 25,Asian,0,0,0,0.0,-1.0,M,Battery,0,0,,0,High,0
Male,25 - 45,Asian,0,0,0,0.0,0.0,F,Poss Cntrft Contr Sub w/Intent,0,0,,0,Medium,0
Female,Less than 25,Caucasian,0,0,0,9.0,-1.0,F,Possession of Cocaine,1,0,Possess Countrfeit Credit Card,9,Low,1
Female,Less than 25,African-American,0,0,0,14.0,-1.0,M,Battery,1,0,Driving While License Revoked,14,Low,1
Female,Less than 25,Caucasian,0,0,0,0.0,-1.0,F,Possession of Cocaine,0,0,,0,High,0
Male,Less than 25,Hispanic,0,0,0,3.0,-1.0,M,Battery,1,1,Fail Obey Driv Lic Restrictions,3,Medium,1
Male,25 - 45,Other,0,0,0,2.0,-13.0,M,Petit Theft $100- $300,1,0,Fail Register Vehicle,2,Low,1
Female,Less than 25,African-American,0,0,0,6.0,-1.0,F,arrest case no charge,1,1,Battery,6,Low,1
Female,25 - 45,Caucasian,0,0,0,0.0,-1.0,F,Poss Contr Subst W/o Prescript,0,0,,0,Low,0
Male,25 - 45,Hispanic,0,0,0,3.0,-1.0,M,Driving Under The Influence,0,0,,3,Low,0
Male,Greater than 45,Other,0,0,0,0.0,-1.0,M,"Aggr Child Abuse-Torture,Punish",1,1,Felony Battery (Dom Strang),0,High,1
Male,25 - 45,Other,0,0,0,3.0,0.0,F,Possession of Cocaine,1,0,Petit Theft $100- $300,3,Medium,1
Female,25 - 45,Hispanic,0,0,0,10.0,-1.0,F,Felony Petit Theft,1,0,Possess Cannabis/20 Grams Or Less,10,Medium,1
Male,Greater than 45,Other,0,0,0,1.0,-1.0,F,Possession of Codeine,0,0,,1,Low,0
Female,25 - 45,Native American,0,0,0,4.0,-1.0,F,Burglary Conveyance Unoccup,1,0,Reckless Driving,4,Low,1
Female,25 - 45,Hispanic,0,0,0,5.0,-1.0,F,Possession of Cocaine,0,0,,5,Low,0
Male,Less than 25,Hispanic,0,0,0,2.0,0.0,F,arrest case no charge,0,0,,2,Low,0
Male,25 - 45,Native American,0,0,0,5.0,-1.0,F,Poss of Firearm by Convic Felo,0,0,,5,Low,0
Male,Less than 25,Caucasian,0,0,0,1.0,-1.0,F,Unl/Disturb Education/Instui,0,0,,1,Medium,0
Male,Greater than 45,African-American,0,0,0,2.0,-1.0,M,Driving Under The Influence,1,0,Prostitution,2,Medium,1
Male,Less than 25,Native American,0,0,0,0.0,-1.0,F,Possession of Codeine,1,0,,0,Medium,0
Female,Greater than 45,African-American,0,1,0,10.0,-1.0,F,arrest case no charge,1,0,Stalking,10,High,1
Male,Less than 25,Caucasian,0,0,0,0.0,-1.0,F,Aggravated Assault W/Dead Weap,1,1,Battery,0,Low,1
Female,Less than 25,Caucasian,0,0,0,1.0,-1.0,F,Battery,0,0,,1,Low,0
Male,Greater than 45,Asian,0,0,0,0.0,-1.0,F,Aggravated Assault W/Dead Weap,0,0,,0,Low,0
Male,25 - 45,Asian,0,0,0,0.0,0.0,F,Battery On Fire Fighter,0,0,,0,High,0
Female,Less than 25,Asian,0,0,0,5.0,-1.0,M,Uttering Worthless Check +$150,0,0,,5,Medium,0
Female,25 - 45,Other,0,0,0,4.0,-1.0,F,arrest case no charge,0,0,,4,Low,0
Male,Greater than 45,Hispanic,0,0,0,0.0,-1.0,M,False Info LEO During Invest,1,1,Battery,0,Low,0
Male,Greater than 45,Other,0,0,0,9.0,-1.0,M,Trans/Harm/Material to a Minor,1,0,Fraud Obtain/ Use Disable Permit,9,High,1
Male,Less than 25,Native American,0,0,0,2.0,-1.0,F,arrest case no charge,0,0,,2,Low,0
Male,Less than 25,Other,0,0,0,3.0,0.0,F,Possession of Methadone,1,0,Trespass Structure/Conveyance,3,Medium,1
Male,Greater than 45,African-American,0,0,0,13.0,-1.0,F,Felony Petit Theft,1,0,Felony Petit Theft,13,Low,1
Male,Less than 25,Asian,0,0,0,0.0,-2.0,F,Abuse Without Great Harm,0,0,,0,Low,0
Female,25 - 45,Other,0,0,0,0.0,-1.0,F,Throw Deadly Missile Into Veh,0,0,,0,High,0
Male,Greater than 45,African-American,0,0,0,0.0,-1.0,M,Grand Theft of a Fire Extinquisher,0,0,,0,Medium,0
Male,Less than 25,Caucasian,0,0,0,6.0,-1.0,F,Possession of Cocaine,0,0,,6,Medium,1
Male,Greater than 45,Asian,0,0,0,1.0,-1.0,M,arrest case no charge,0,0,,1,Low,0
Female,Less than 25,Asian,0,0,0,9.0,0.0,F,Grand Theft of a Fire Extinquisher,0,0,,9,Low,0
Female,25 - 45,Native American,0,0,0,0.0,-1.0,M,Battery,1,0,Fail Register Vehicle,0,Low,1
Male,Less than 25,Native American,0,0,0,0.0,-1.0,F,Felony Petit Theft,1,0,,0,Low,0
Male,Greater than 45,African-American,0,0,0,5.0,0.0,M,Battery,1,1,Murder in 2nd Degree,5,Low,1
Male,25 - 45,Native American,0,0,0,5.0,-1.0,F,Driving While License Revoked,1,0,Unlaw LicTag/Sticker Attach,5,Medium,1
Male,Greater than 45,Caucasian,0,1,1,2.0,-1.0,F,Cruelty Toward Child,1,0,Possess Cannabis/20 Grams Or Less,2,High,1
Female,25 - 45,Caucasian,0,0,0,0.0,0.0,M,Battery,1,0,Leave Acc/Attend Veh/More $50,0,Low,1
Female,Greater than 45,Caucasian,0,0,0,21.000000000000004,-1.0,F,Burglary Dwelling Occupied,0,0,,21,Medium,0
Female,Greater than 45,Caucasian,0,0,0,1.0,0.0,F,Petit Theft $100- $300,1,0,Sexual Battery Victim 12 Yrs +,1,Low,1
Female,Less than 25,Caucasian,0,2,2,2.0,-1.0,F,Possession of Methadone,1,0,Driving While License Revoked,2,High,1
Male,Less than 25,Asian,0,0,0,0.0,0.0,F,Possession of Cocaine,0,0,,0,High,0
Female,25 - 45,Caucasian,0,0,0,1.0,-1.0,F,Possession of Cocaine,0,0,,1,Low,0
Male,25 - 45,Hispanic,0,0,0,8.0,-1.0,F,Driving While License Revoked,1,0,Possession Of Alprazolam,8,Low,1
Female,Greater than 45,Hispanic,0,0,0,0.0,-1.0,F,Aggravated Assault W/Dead Weap,0,0,,0,Low,0
Male,Less than 25,Native American,0,0,0,0.0,0.0,M,Battery,1,0,,0,Low,1
Male,Greater than 45,African-American,0,0,0,0.0,0.0,F,Felony DUI (level 3),0,0,,0,Medium,0
Female,25 - 45,Hispanic,0,0,0,0.0,0.0,F,License Suspended Revoked,0,0,,0,Low,0
Male,Greater than 45,Asian,0,0,0,0.0,-1.0,M,DUI Property Damage/Injury,0,0,,0,Low,0
Female,25 - 45,Caucasian,0,0,1,2.0,0.0,M,False Info LEO During Invest,1,0,,2,Medium,0
Female,Greater than 45,Caucasian,0,0,0,1.0,-2.0,M,Battery,0,0,,1,Low,0
Male,Less than 25,Caucasian,0,0,0,1.0,-21.490481554614426,F,Depriv LEO of Protect/Communic,0,0,,1,Low,0
Male,Less than 25,African-American,0,0,0,12.0,0.0,M,Refuse Submit Blood/Breath Test,0,0,,12,Medium,0
Male,Less than 25,Native American,0,0,0,2.0,-1.0,M,Burglary Structure Unoccup,1,0,Possess Drug Paraphernalia,2,Low,1
Male,25 - 45,African-American,0,0,0,10.0,-20.0,F,Possession of Cocaine,1,0,Operating W/O Valid License,10,Medium,1
Male,Greater than 45,Native American,0,1,0,7.0,-1.0,F,Burglary Conveyance Unoccup,1,0,Trespass/Property/Other Structure,7,High,1
Female,Greater than 45,Asian,0,0,0,2.0,-1.0,M,Exposes Culpable Negligence,0,0,,2,Low,0
Female,Greater than 45,Hispanic,0,0,0,0.0,-1.0,M,Battery,0,0,,0,Low,0
Male,25 - 45,Asian,0,0,0,0.0,0.0,M,Battery,0,0,,0,Medium,0
Male,Less than 25,African-American,1,1,0,10.079174678663518,-1.0,F,Hiring with Intent to Defraud,1,1,Fraudulent Use Credit Card,10,High,1
Female,25 - 45,Hispanic,0,0,0,0.0,0.0,M,Obstruct Officer W/Violence,1,0,,0,Low,0
Female,Greater than 45,Hispanic,0,0,0,7.0,-1.0,F,Poss Cntrft Contr Sub w/Intent,1,0,Fail Obey Driv Lic Restrictions,7,High,1
Female,Less than 25,Caucasian,0,1,0,5.0,-10.0,F,arrest case no charge,0,0,,5,Low,0
Male,Greater than 45,Other,0,0,0,0.0,-1.0,M,Battery,0,0,,0,Low,0
Male,Greater than 45,Caucasian,0,0,1,8.0,-1.0,F,Possession of Cocaine,1,0,Prostitution,8,High,1
Male,Greater than 45,Other,0,0,0,0.0,0.0,M,Battery,0,0,,0,Low,0
Female,Greater than 45,African-American,0,0,1,1.0,0.0,F,Possession of Cocaine,1,0,Unlaw LicTag/Sticker Attach,1,High,1
Male,Less than 25,African-American,0,0,0,17.058430557753148,-1.0,F,Possession of Cocaine,1,0,DOC/Fighting/Threatening Words,17,High,1
Female,Greater than 45,African-American,0,0,0,7.0,0.0,F,arrest case no charge,1,1,Possession False Prescription,6,Medium,1
Male,25 - 45,Asian,0,0,0,0.0,-2.0,M,Battery,0,0,,0,Low,0
Male,Greater than 45,Other,0,0,0,0.0,-1.0,M,Battery,0,0,,0,Low,0
Female,25 - 45,Other,0,0,0,0.0,0.0,M,Battery,0,0,,0,Low,0
Male,Less than 25,Other,0,0,0,3.0,-1.0,F,Burglary Conveyance Unoccup,1,0,Grand Theft (Motor Vehicle),3,Medium,1
Female,Greater than 45,Hispanic,0,0,0,1.0,-1.0,F,Grand Theft of a Fire Extinquisher,0,0,,1,Low,0
Female,Less than 25,Hispanic,0,0,0,0.0,-1.0,M,Battery,0,0,,0,Low,0
Male,Less than 25,Hispanic,0,0,0,7.0,-1.0,F,Aggravated Assault W/Dead Weap,1,1,Sell Cocaine 1000FT School,6,Medium,1
Male,Less than 25,Caucasian,0,0,0,0.0,0.0,F,Burglary Conveyance Unoccup,1,0,Possess Drug Paraphernalia,0,Low,1
Female,Greater than 45,Caucasian,0,0,0,8.0,-1.0,F,Driving While License Revoked,1,0,Possess Cannabis/20 Grams Or Less,8,High,1
Male,Less than 25,Asian,0,0,0,1.0,-1.0,M,Battery,1,1,Felony Battery (Dom Strang),1,Medium,0
Female,Greater than 45,Hispanic,0,1,0,3.0,-2.0,M,Battery,0,0,,3,High,0
Female,Greater than 45,Native American,0,0,0,0.0,0.0,M,Driving Under The Influence,0,0,,0,Low,0
Male,25 - 45,African-American,0,0,0,1.0,0.0,F,Trans/Harm/Material to a Minor,1,1,Battery,1,Medium,1
Male,Greater than 45,Asian,0,0,0,1.0,-5.0,F,arrest case no charge,0,0,Grand Theft (Motor Vehicle),1,Low,0
Male,25 - 45,Asian,1,0,0,1.0,-1.0,F,Possession of Cocaine,1,0,Agg Fleeing/Eluding High Speed,1,High,1
Male,Less than 25,Caucasian,0,0,0,0.0,0.0,F,Possession of Cocaine,0,0,,0,Low,0
Male,Greater than 45,Asian,0,0,0,0.0,-1.0,M,DUI Property Damage/Injury,0,0,,0,Low,0
Male,Greater than 45,Asian,0,0,0,5.0,-1.0,F,arrest case no charge,0,0,,5,Low,0
Female,Less than 25,African-American,0,0,0,1.0,0.0,F,Tresspass Struct/Conveyance,0,0,,1,High,0
Male,Less than 25,African-American,0,0,0,5.0,-1.0,F,Poss Pyrrolidinovalerophenone,1,0,Possession Of Methamphetamine,5,Medium,1
Male,25 - 45,Hispanic,0,0,0,8.0,-1.0,M,Battery,0,0,,8,Medium,0
Male,Greater than 45,Other,1,0,0,3.0,-1.0,F,Harm Public Servant Or Family,1,1,Possess Cannabis/20 Grams Or Less,3,High,1
Female,25 - 45,Native American,0,0,0,0.0,-1.0,F,Possession of Cocaine,1,0,Possess Drug Paraphernalia,0,Low,1
Female,Less than 25,Native American,0,0,0,1.0,-1.0,F,arrest case no charge,0,0,,1,Low,0
Male,Less than 25,Native American,0,0,0,3.0,0.0,F,Possession of Cocaine,0,0,,3,Low,0
Male,Greater than 45,African-American,0,0,0,1.0,-3.0,M,False Info LEO During Invest,0,0,,1,Low,1
Female,Less than 25,African-American,0,0,0,1.0,-1.0,F,Burglary Structure Unoccup,1,0,Unlaw Use False Name/Identity,1,High,1
Male,25 - 45,Caucasian,0,0,0,1.0,-1.0,F,Possession of Benzylpiperazine,1,1,False Ownership Info/Pawn Item,1,High,1
Female,25 - 45,African-American,0,0,0,0.0,0.0,F,False Name By Person Arrest,1,0,Prowling/Loitering,0,High,1
Male,25 - 45,Native American,0,0,1,1.0,-1.0,F,arrest case no charge,0,0,,1,Low,0
Female,Greater than 45,Other,0,0,0,1.0,0.0,M,Battery,0,0,,1,Low,0
Female,25 - 45,African-American,0,1,3,14.203303142871196,0.0,F,Poss/Sell/Del Cocaine 1000FT Sch,1,0,Possess Drug Paraphernalia,15,High,1
Female,Greater than 45,Hispanic,0,0,1,2.0,-1.0,F,Possession Of Alprazolam,0,0,Agg Fleeing/Eluding High Speed,2,Medium,0
Female,Greater than 45,African-American,0,0,0,1.0,-1.0,F,Possession of Cocaine,0,0,,1,Medium,0
Male,Greater than 45,Native American,0,0,0,0.0,-1.0,M,Murder in the First Degree,1,0,Burglary Structure Unoccup,0,Low,1
Female,Greater than 45,Asian,0,0,1,0.0,-1.0,M,Burglary Structure Unoccup,0,0,,0,Low,0
Male,25 - 45,Caucasian,0,0,0,1.0,-13.539821691697739,F,Trespassing/Construction Site,0,0,,1,Low,0
Male,25 - 45,Hispanic,0,0,0,6.0,-1.0,F,Tamper With Witness,1,0,Sexual Battery Victim 12 Yrs +,6,High,1
Female,Greater than 45,Caucasian,0,0,0,0.0,-1.0,M,Battery,0,0,,0,Low,0
Male,Less than 25,Other,0,0,0,1.0,-1.0,F,Poss Pyrrolidinovalerophenone,1,1,Battery,1,Medium,1
Male,Greater than 45,Native American,0,0,0,1.0,-4.0,F,Exposes Culpable Negligence,0,0,,1,Low,0
Male,25 - 45,African-American,0,0,0,2.0,-1.0,F,Grand Theft (Motor Vehicle),1,0,Unlaw LicTag/Sticker Attach,2,Low,1
Female,Greater than 45,Hispanic,0,0,0,2.0,-1.0,M,DUI Property Damage/Injury,0,0,,2,Low,0
Male,25 - 45,Caucasian,0,0,0,1.0,-1.0,M,Battery,1,1,Unauth C/P/S Sounds>1000/Audio,1,Low,1
Male,Less than 25,Other,0,0,0,3.0,0.0,F,Reckless Driving,1,0,False Ownership Info/Pawn Item,3,Medium,1
Male,25 - 45,Asian,0,0,0,9.0,-1.0,F,Burglary Structure Unoccup,1,0,Use/Poss/Drug Para/Plant/Grow,9,Low,1
Male,Greater than 45,Hispanic,0,0,0,13.0,-1.0,F,Possession of Cocaine,1,0,Sexual Battery Victim 12 Yrs +,13,Medium,1
Male,25 - 45,Hispanic,0,0,0,6.0,-1.0,F,Grand Theft (Motor Vehicle),0,0,,6,High,0
Male,Greater than 45,Asian,0,0,0,0.0,-1.0,F,Aggravated Assault W/dead Weap,1,1,Possession False Prescription,0,Medium,1
Female,Greater than 45,African-American,0,0,2,0.0,0.0,F,Possession of Cocaine,1,0,Trespass Struct/Conveyance,0,Medium,1
Female,25 - 45,Other,0,0,0,2.0,0.0,F,Exposes Culpable Negligence,0,0,,2,Low,0
Male,Less than 25,Hispanic,0,0,0,2.0,-12.395518909543231,M,Violation License Restrictions,1,0,Susp Drivers Lic 1st Offense,2,Low,1
Female,Less than 25,Caucasian,0,0,0,0.0,-1.0,F,Uttering Worthless Check +$150,0,0,,0,Low,0
Male,25 - 45,African-American,0,0,0,1.0,-1.0,F,DUI Property Damage/Injury,0,0,,1,Medium,0
Female,25 - 45,Caucasian,0,0,0,0.0,0.0,F,Harm Public Servant Or Family,0,0,,0,Low,0
Female,Less than 25,Asian,0,0,0,0.0,0.0,F,Possession of Cocaine,0,0,,0,Low,0
Male,Greater than 45,Hispanic,0,0,0,13.0,-1.0,F,Driving While License Revoked,1,0,,13,High,1
Male,25 - 45,Hispanic,0,0,1,3.0,-1.0,F,Lewd Act Presence Child 16-,1,1,DWLS Habitual Offender 2nd,2,Medium,1
Female,Greater than 45,Caucasian,0,0,0,7.0,-1.0,F,Possession of Benzylpiperazine,1,1,Susp Drivers Lic 1st Offense,7,Medium,1
Female,Less than 25,Caucasian,0,0,0,0.0,-2.0,F,Uttering Forged Bills,0,0,,0,Low,0
Female,25 - 45,Other,0,0,0,2.0,-1.0,F,Possession of Cocaine,1,0,,2,Low,1
Female,Less than 25,Native American,0,0,0,0.0,0.0,M,Battery,0,0,,0,Low,0
Male,Greater than 45,Native American,0,0,0,15.0,0.0,F,Felony DUI (level 3),1,0,Operating W/O Valid License,15,Medium,0
Male,25 - 45,Hispanic,0,0,0,19.0,-1.0,M,Battery,1,0,Possession Of Methamphetamine,19,Medium,1
Male,Less than 25,Native American,0,1,0,1.0,-1.0,F,Burglary Dwelling Occupied,0,0,,1,Medium,0
Female,25 - 45,Hispanic,0,0,0,1.0,-1.0,F,arrest case no charge,0,0,,1,Low,0
Female,Greater than 45,Asian,0,0,1,3.0,0.0,F,Possession of Cocaine,0,0,,3,Low,0
Male,25 - 45,African-American,1,0,0,7.0,-1.0,F,Unl/Disturb Education/Instui,0,0,Prowling/Loitering,7,Medium,0
Female,Less than 25,Other,0,0,0,0.0,0.0,M,Burglary Dwelling Occupied,1,1,Assault,0,High,1
Female,25 - 45,Asian,0,0,0,0.0,-1.0,M,Battery,0,0,,0,Low,0
Male,25 - 45,Hispanic,0,0,0,0.0,-2.0,M,Battery,0,0,,0,Low,0
Female,25 - 45,Native American,1,0,0,2.0,13.394419730245097,M,arrest case no charge,1,0,Possess Cannabis/20 Grams Or Less,2,Medium,1
Female,25 - 45,Hispanic,0,0,0,0.0,-1.0,M,Battery,0,0,,0,Low,0
Male,Less than 25,Native American,0,0,0,3.0,-4.0,F,Prostitution,0,0,,3,Medium,0
Male,Less than 25,Other,0,0,0,9.0,-1.0,F,Prowling/Loitering,1,1,Trespass Struct/Conveyance,9,Medium,1
Male,25 - 45,Other,0,1,0,2.0,-1.0,F,Felony DUI (level 3),0,0,,2,High,0
Male,Less than 25,Other,0,0,0,0.0,-1.0,F,Burglary Conveyance Unoccup,1,0,Possess Cannabis/20 Grams Or Less,0,Low,1
Male,25 - 45,Hispanic,0,0,0,3.0,-1.0,M,Possession of Codeine,0,0,,3,Low,0
Male,Greater than 45,Asian,0,0,2,1.0,-1.0,M,Harm Public Servant Or Family,0,0,Reckless Driving,1,Low,0
Female,Greater than 45,Native American,0,0,0,0.0,-6.858201853677961,F,Traffick Amphetamine 28g><200g,0,0,,0,Low,0
Male,25 - 45,Caucasian,0,2,1,13.0,-1.0,F,Agg Battery Grt/Bod/Harm,0,0,,11,High,0
Female,25 - 45,Asian,0,0,0,12.0,-1.0,M,Poss Cocaine/Intent To Del/Sel,0,0,,12,Medium,0
Female,Greater than 45,Hispanic,0,0,0,2.0,-1.0,F,Petit Theft,1,0,Purchase Of Cocaine,2,High,1
Male,Greater than 45,Caucasian,0,0,0,18.0,0.0,M,Operating W/O Valid License,1,0,Operating W/O Valid License,17,High,1
Female,Greater than 45,Hispanic,0,0,0,2.0,-4.0,F,Trans/Harm/Material to a Minor,1,0,,2,Low,0
Male,25 - 45,Hispanic,0,0,0,0.0,-1.0,F,False Info LEO During Invest,0,0,,0,Low,0
Male,Greater than 45,Hispanic,0,0,0,2.0,-21.0,F,Burglary Conveyance Unoccup,0,0,,2,Low,1
Female,25 - 45,Other,0,0,0,0.0,-1.0,F,arrest case no charge,1,0,Operating W/O Valid License,0,Low,1
Female,Less than 25,Native American,0,0,0,0.0,0.0,M,Battery,0,0,,0,Low,0
Female,Less than 25,Native American,0,0,0,27.821251595956465,-1.0,F,Murder in the First Degree,1,0,DUI Level 0.15 Or Minor In Veh,27,High,1
Male,Less than 25,Hispanic,0,0,0,0.0,0.0,M,Battery,1,0,,0,Low,0
Female,25 - 45,Hispanic,0,0,0,13.0,-1.0,F,Driving While License Revoked,0,0,,13,Medium,0
Male,Greater than 45,African-American,0,0,0,7.0,-1.0,M,Viol Prot Injunc Repeat Viol,0,0,,7,Medium,0
Female,Less than 25,Other,0,0,0,1.0,0.0,F,arrest case no charge,0,0,,1,Low,0
Male,25 - 45,Asian,0,2,0,7.0,0.0,F,Burglary Conveyance Assault/Bat,1,1,Fraudulent Use Credit Card,7,Medium,1
Male,Less than 25,African-American,0,0,0,13.0,-13.192969337648972,F,Depriv LEO of Protect/Communic,0,0,,13,Low,0
Male,Less than 25,Asian,0,0,0,0.0,0.0,M,Battery,0,0,,0,Low,0
Male,25 - 45,Native American,0,0,0,0.0,-1.0,M,Operating W/O Valid License,1,1,Possession Of Alprazolam,0,Low,1
Female,Greater than 45,Asian,0,1,0,2.0,0.0,F,Possession of Cocaine,1,1,Unauth C/P/S Sounds>1000/Audio,2,High,1
Female,25 - 45,Asian,0,0,0,2.0,0.0,F,Violation License Restrictions,1,0,Tampering with a Victim,2,Low,1
Male,Greater than 45,Asian,0,0,0,2.0,0.0,F,arrest case no charge,1,0,Possession Burglary Tools,2,Medium,1
Male,Less than 25,Hispanic,0,0,0,2.0,-4.880333660412191,M,Possession of Cocaine,0,0,,2,Low,0
Male,Less than 25,Native American,0,0,0,0.0,-1.0,F,Driving While License Revoked,0,0,,0,Medium,0
Female,Greater than 45,Caucasian,0,0,0,1.0,-1.0,F,Murder in the First Degree,0,0,,1,Low,0
Male,Greater than 45,Hispanic,0,0,0,1.0,-1.0,F,Grand Theft of a Fire Extinquisher,0,0,,1,Low,0
Male,Greater than 45,Other,0,0,0,0.0,-1.0,F,False Info LEO During Invest,1,0,Possession Of Methamphetamine,0,Low,1
Male,Less than 25,Other,1,0,0,1.0,-1.0,F,arrest case no charge,1,0,,1,Medium,1
Female,25 - 45,African-American,0,0,1,1.0,-1.0,F,arrest case no charge,1,0,Unlawful Use Of License,1,High,1
Male,Greater than 45,Native American,0,0,0,1.0,-1.0,F,arrest case no charge,0,0,,1,Low,0
Female,25 - 45,Other,0,1,0,11.0,-1.0,F,arrest case no charge,1,0,Burglary Structure Assault/Batt,11,High,1
Male,Less than 25,African-American,0,0,0,2.0,-1.0,F,Possession of Cocaine,0,0,,2,Low,0
Female,Less than 25,Other,0,0,0,3.0,-6.0,M,Driving Under The Influence,0,0,,3,Low,0
Female,Greater than 45,Caucasian,0,0,0,3.0,-1.0,F,arrest case no charge,0,0,,3,Low,0
Male,25 - 45,African-American,0,0,0,0.0,-1.0,M,Battery,0,0,,0,Low,0
Female,25 - 45,Asian,0,0,0,0.0,-1.0,M,Exposes Culpable Negligence,1,0,Operating W/O Valid License,0,Low,0
Female,25 - 45,African-American,0,0,0,18.0,0.0,F,arrest case no charge,0,0,,18,Low,0
Male,25 - 45,Other,0,0,0,1.0,0.0,F,Possession of Cocaine,0,0,,1,Low,0
Male,Less than 25,Other,0,0,0,1.0,0.0,M,arrest case no charge,0,0,,1,Medium,0
Female,Greater than 45,Native American,0,0,0,0.0,-1.0,F,Possession of Cocaine,0,0,,0,Low,0
Male,25 - 45,Native American,0,0,0,5.0,-1.0,F,Burglary Structure Unoccup,0,0,,5,Medium,0
Male,Less than 25,African-American,0,0,0,2.0,-1.0,M,Battery,0,0,,2,Low,0
Female,Less than 25,Other,0,0,0,2.0,-6.60603430012733,M,arrest case no charge,0,0,,2,Low,0
Female,Less than 25,Native American,0,0,0,4.0,0.0,F,Possession of Cocaine,1,0,Operating W/O Valid License,4,High,1
Female,Less than 25,Caucasian,0,0,0,7.0,0.0,F,Tresspass Struct/Conveyance,0,0,,7,Low,0
Male,Greater than 45,Caucasian,0,0,0,1.0,-1.0,F,arrest case no charge,1,1,Petit Theft $100- $300,1,Medium,1
Male,Less than 25,African-American,0,1,0,17.0,-1.0,M,Battery,1,1,Unauth C/P/S Sounds>1000/Audio,17,Medium,1
Male,Less than 25,Asian,0,0,0,1.0,-1.0,M,Battery,0,0,,1,Low,0
Male,Greater than 45,Asian,0,0,0,1.0,-1.0,F,Poss Pyrrolidinovalerophenone,1,0,Possess Cannabis/20 Grams Or Less,1,Low,1
Female,Less than 25,Asian,0,0,0,0.0,-1.0,F,Burglary Conveyance Unoccup,0,0,,0,Low,0
Male,25 - 45,Other,0,0,0,12.0,0.0,F,Driving While License Revoked,1,0,Driving While License Revoked,12,Low,1
Male,25 - 45,Hispanic,0,0,0,4.0,-1.0,M,Depriv LEO of Protect/Communic,1,1,Viol Injunct Domestic Violence,4,Medium,1
Male,Greater than 45,Other,0,0,0,0.0,-1.0,F,Grand Theft (Motor Vehicle),0,0,,0,Medium,0
Female,25 - 45,Hispanic,0,0,0,12.0,-24.05951648534634,M,arrest case no charge,0,0,,12,Medium,0
Female,Greater than 45,African-American,0,0,0,2.0,-1.0,M,arrest case no charge,0,0,,2,Low,0
Female,25 - 45,Asian,0,0,0,9.0,-1.0,M,Battery,1,0,Susp Drivers Lic 1st Offense,9,Medium,1
Male,25 - 45,Native American,0,0,0,0.0,-1.0,F,Burglary Dwelling Assault/Batt,1,1,Battery,0,Low,1
Female,Greater than 45,Asian,0,1,2,1.0,-1.0,F,Aggrav Child Abuse-Causes Harm,0,0,,1,Medium,0
Female,Greater than 45,Native American,0,0,0,1.0,-1.0,M,Battery,1,1,Battery,1,High,1
Male,Greater than 45,Hispanic,0,0,0,2.0,-1.0,F,Uttering Worthless Check +$150,1,0,Driving While License Revoked,2,Low,1
Male,Less than 25,Hispanic,0,0,0,1.0,-1.0,F,arrest case no charge,0,0,,1,Low,0
Male,25 - 45,African-American,0,0,0,0.0,-1.0,F,Possession of Cocaine,1,0,Prostitution,0,Low,1
Male,Greater than 45,Native American,1,0,0,1.0,-1.0,M,Resist/Obstruct W/O Violence,0,0,,1,Medium,0
Male,Greater than 45,Hispanic,0,0,0,0.0,0.0,M,Battery,0,0,,0,Low,0
Male,25 - 45,Native American,1,0,0,25.83965883997966,-1.0,F,Poss Cocaine/Intent To Del/Sel,1,0,DUI Level 0.15 Or Minor In Veh,26,High,1
Male,25 - 45,Native American,0,1,0,7.0,-1.0,F,arrest case no charge,1,0,Operating W/O Valid License,7,Low,1
Male,Greater than 45,Caucasian,0,0,0,1.0,-1.0,F,Possession of Cocaine,1,0,Possess Drug Paraphernalia,1,Low,1
Male,Less than 25,African-American,0,0,0,0.0,-1.0,M,DUI Property Damage/Injury,0,0,,0,Low,0
Female,25 - 45,Other,0,0,0,10.0,18.54029825005373,F,arrest case no charge,1,0,Purchase Of Cocaine,10,Medium,1
Male,25 - 45,African-American,0,0,0,0.0,-1.0,M,Battery,0,0,,0,Low,0
Male,25 - 45,Asian,0,0,0,2.0,-1.0,M,Operating W/O Valid License,0,0,,2,Low,0
Male,25 - 45,Native American,0,0,0,0.0,-1.0,M,Battery,0,0,,0,Low,0
Male,Greater than 45,Native American,0,0,1,10.0,-1.0,F,Possession of Cocaine,1,0,Burglary Structure Unoccup,10,Medium,1
Female,Less than 25,Caucasian,0,0,0,1.0,-1.0,F,arrest case no charge,0,0,,1,Medium,0
Male,25 - 45,Hispanic,0,0,0,0.0,0.0,M,Battery,0,0,,0,Low,0
Male,Less than 25,Other,0,0,0,0.0,-2.0,F,arrest case no charge,0,0,,0,Low,0
Female,25 - 45,Hispanic,0,0,0,0.0,0.0,F,Poss Pyrrolidinovalerophenone,1,0,Leave Acc/Attend Veh/More $50,0,Medium,1
Female,Less than 25,Caucasian,0,0,0,1.0,-1.0,M,arrest case no charge,0,0,,1,Low,0
Female,Less than 25,Hispanic,0,0,0,1.0,-8.0,M,Depriv LEO of Protect/Communic,0,0,,1,Low,0
Male,Greater than 45,Other,0,0,0,6.0,-1.0,F,Possession of Cocaine,0,0,,6,Low,0
Female,Greater than 45,Native American,0,0,0,8.0,-23.997932461443668,F,Aggravated Assault W/dead Weap,0,0,,8,Low,0
Male,Greater than 45,African-American,0,0,0,0.0,-1.0,F,Felony DUI (level 3),0,0,,0,High,0
Male,25 - 45,Native American,0,0,0,0.0,-1.0,M,Battery,1,0,,0,Low,0
Female,25 - 45,Asian,0,0,0,3.0,-1.0,M,arrest case no charge,1,1,Operating W/O Valid License,3,Medium,1
Female,25 - 45,Native American,0,0,0,4.0,-1.0,M,Battery,0,0,,4,Low,0
Male,Less than 25,Hispanic,0,0,2,2.0,-1.0,F,Possession Of Alprazolam,0,0,,2,Medium,0
Male,Less than 25,Hispanic,0,0,0,3.0,-1.0,F,Harm Public Servant Or Family,1,0,DUI Level 0.15 Or Minor In Veh,3,Low,1
Male,Greater than 45,African-American,0,0,0,0.0,0.0,M,Battery,0,0,,0,Low,0
Male,Less than 25,Asian,0,0,0,0.0,-1.0,F,Burglary Conveyance Unoccup,1,0,Petit Theft $100- $300,0,Medium,1
Male,Greater than 45,Asian,0,0,0,3.0,-1.0,M,Petit Theft,0,0,Possess Countrfeit Credit Card,3,High,1
Female,Less than 25,African-American,0,0,0,9.0,0.0,F,Poss Cocaine/Intent To Del/Sel,1,1,POSSESS FIELD BOX WITH REGISTERED MARK,9,Medium,1
Female,Greater than 45,Hispanic,0,0,0,1.0,-21.0,M,arrest case no charge,0,0,,1,Low,0
Male,Less than 25,Other,0,0,2,0.0,-1.0,F,Burglary Conveyance Unoccup,1,0,Trespass Struct/Conveyance,0,Low,1
Female,Greater than 45,African-American,0,0,0,9.0,-1.0,F,License Suspended Revoked,1,1,Unlawful Use Of License,9,High,1
Female,25 - 45,Hispanic,0,0,0,3.0,0.0,F,Possession of Cocaine,0,0,,3,Low,0
Female,Less than 25,Hispanic,0,0,0,0.0,-1.0,F,Resist/Obstruct W/O Violence,0,0,,0,Low,0
Male,25 - 45,Asian,0,0,0,0.0,-1.0,F,Grand Theft (Motor Vehicle),0,0,,0,Low,0
Female,25 - 45,Caucasian,0,2,4,15.328249950478362,-1.0,F,Agg Fleeing and Eluding,1,0,Driving While License Revoked,15,Medium,1
Male,Greater than 45,Caucasian,0,0,1,1.0,-1.0,M,DUI Property Damage/Injury,0,0,,1,Low,0
Female,25 - 45,African-American,0,0,0,0.0,0.0,F,Uttering Worthless Check +$150,0,0,,0,Low,1
Male,Greater than 45,Other,0,2,1,2.0,-1.0,F,Burglary Conveyance Unoccup,1,0,Resist Merchant W Or W/O Viol,3,High,1
Male,25 - 45,Caucasian,0,0,0,0.0,-1.0,M,Battery,0,0,,0,Low,0
Male,Less than 25,Other,0,0,0,0.0,-1.0,M,Petit Theft,1,0,Burglary Structure Assault/Batt,0,High,1
Female,Less than 25,Asian,0,0,0,5.0,0.0,F,False Name By Person Arrest,1,0,Criminal Mischief>$200<$1000,5,High,1
Male,Less than 25,Native American,0,0,0,3.0,-1.0,M,Trespassing/Construction Site,1,0,,3,Low,1
Female,Greater than 45,African-American,0,0,0,1.0,8.24346095974488,F,arrest case no charge,0,0,,1,Medium,0
Male,Less than 25,African-American,0,1,1,3.0,0.0,F,arrest case no charge,1,0,Operating W/O Valid License,3,High,1
Female,Less than 25,African-American,0,0,0,0.0,0.0,F,Expired DL More Than 6 Months,0,0,,0,Low,0
Female,25 - 45,Native American,0,0,0,4.0,0.0,M,Poss Unlaw Issue Id,0,0,,4,Medium,0
Male,Less than 25,Other,0,0,0,1.0,-1.0,F,Possession of Cocaine,1,0,Use/Poss/Drug Para/Plant/Grow,1,Low,1
Female,25 - 45,African-American,0,0,1,10.0,-1.0,F,License Suspended Revoked,1,0,Sexual Battery Victim 12 Yrs +,9,Medium,1
Female,Less than 25,African-American,0,0,0,23.0,-1.0,F,Felony Petit Theft,1,0,Fail Obey Driv Lic Restrictions,23,Low,1
Male,Greater than 45,African-American,0,0,0,2.0,0.0,F,License Suspended Revoked,1,0,Unlaw LicTag/Sticker Attach,2,Medium,1
Female,Less than 25,Hispanic,0,0,0,2.0,14.359158815603756,F,Harm Public Servant Or Family,1,1,Unauth C/P/S Sounds>1000/Audio,2,High,1
Male,25 - 45,Native American,0,0,0,21.000000000000004,0.0,F,Driving While License Revoked,1,0,Fail Obey Driv Lic Restrictions,21,Medium,1
Male,Less than 25,African-American,0,0,0,0.0,-1.0,M,Battery,0,0,,0,Low,0
Female,Less than 25,African-American,0,0,0,1.0,-4.0,F,Driving While License Revoked,0,0,,1,Low,0
Male,Less than 25,Native American,0,0,0,0.0,-1.0,F,Driving While License Revoked,0,0,,0,Low,0
Male,Less than 25,African-American,0,0,0,1.0,-1.0,M,DUI Property Damage/Injury,0,0,,1,Low,0
Male,Greater than 45,Hispanic,0,0,0,28.093541285201255,-1.0,F,Expired DL More Than 6 Months,1,0,Prowling/Loitering,27,High,1
Female,25 - 45,Other,0,0,0,0.0,-1.0,M,Battery,0,0,,0,Low,0
Male,Greater than 45,African-American,0,0,1,0.0,0.0,F,Burglary Structure Unoccup,0,0,,0,Medium,0
Female,Less than 25,Native American,0,0,0,0.0,0.0,F,Refuse Submit Blood/Breath Test,0,0,,0,Low,0
Female,Greater than 45,Caucasian,0,0,0,8.0,0.0,F,Possession of Cocaine,1,0,Exposes Culpable Negligence,8,Low,1
Male,25 - 45,Asian,0,0,0,0.0,0.0,F,Traffick Amphetamine 28g><200g,1,0,,0,Medium,0
Female,Greater than 45,Native American,0,0,0,1.0,-1.0,F,Interfere W/Traf Cont Dev RR,1,0,Petit Theft $100- $300,1,Low,1
Female,Greater than 45,Other,0,0,0,4.0,-1.0,F,Exposes Culpable Negligence,1,0,Susp Drivers Lic 1st Offense,4,Medium,1
Female,25 - 45,African-American,0,0,0,0.0,-1.0,F,Driving While License Revoked,0,0,,0,Low,0
Female,Greater than 45,Hispanic,1,0,0,10.0,0.0,F,Burglary Structure Unoccup,1,1,Felony Batt(Great Bodily Harm),10,Low,1
Male,Less than 25,African-American,0,0,0,1.0,-1.0,M,Battery,1,0,Trespass Structure/Conveyance,1,High,1
Male,25 - 45,Caucasian,0,0,0,4.0,-1.0,M,Trans/Harm/Material to a Minor,1,0,Grand Theft (Motor Vehicle),4,High,1
Male,Less than 25,Native American,0,0,3,3.0,-1.0,F,Aggravated Assault W/Dead Weap,1,1,Battery,3,High,1
Male,Greater than 45,Caucasian,0,0,0,0.0,-1.0,F,Burglary Structure Unoccup,0,0,,0,Low,0
Male,25 - 45,Caucasian,0,2,1,3.0,-1.0,F,arrest case no charge,1,0,Possess Drug Paraphernalia,3,High,1
Female,25 - 45,Caucasian,0,0,0,12.0,-1.0,F,Fabricating Physical Evidence,0,0,,12,Medium,0
Male,Greater than 45,Native American,0,0,0,1.0,-1.0,M,Murder in the First Degree,1,0,Use/Poss/Drug Para/Plant/Grow,1,High,1
Female,Greater than 45,Other,0,0,0,0.0,0.0,M,Battery,0,0,,0,Low,0
Female,25 - 45,Other,0,0,0,0.0,-1.0,M,Battery,0,0,,0,Low,0
Male,25 - 45,Other,0,0,0,0.0,0.0,M,Battery,0,0,,0,Low,0
Female,Greater than 45,Caucasian,0,0,0,3.0,-1.0,M,Battery,1,1,Neglect Child / No Bodily Harm,3,Medium,1
Female,Less than 25,African-American,0,1,2,5.0,-1.0,F,arrest case no charge,1,0,Present Proof of Invalid Insur,5,High,1
Male,Greater than 45,Asian,0,0,0,1.0,-1.0,F,arrest case no charge,1,0,Unlawful Use Of License,1,Low,0
Female,Less than 25,African-American,0,0,0,3.0,-1.0,F,arrest case no charge,1,0,Possess Drug Paraphernalia,3,High,1
Female,Less than 25,Hispanic,0,0,0,0.0,-1.0,F,Possession of Cocaine,0,0,,0,Low,0
Female,Greater than 45,Caucasian,0,0,0,1.0,-1.0,F,Poss Similitude of Drivers Lic,0,0,,1,Low,0
Female,Less than 25,Hispanic,0,0,1,0.0,-1.0,M,Battery,1,0,Operating W/O Valid License,0,Medium,1
Male,Less than 25,Other,1,2,1,15.0,-1.0,F,Possess Tobacco Product Under 18,1,1,Tresspass in Structure or Conveyance,11,High,1
Male,Greater than 45,Other,0,0,0,9.0,-1.0,F,Fabricating Physical Evidence,1,0,,8,Low,0
Female,Greater than 45,Native American,0,1,1,4.0,-1.0,F,arrest case no charge,1,0,Opert With Susp DL 2nd Offens,4,High,1
Female,25 - 45,Native American,0,0,0,0.0,-1.0,M,Poss Contr Subst W/o Prescript,0,0,,0,Medium,0
Male,25 - 45,Other,0,0,0,5.0,-1.0,M,Battery,1,0,Prowling/Loitering,5,Low,1
Female,25 - 45,Other,0,0,0,1.0,-1.0,F,arrest case no charge,1,0,,1,Low,1
Female,Less than 25,African-American,0,0,0,15.0,-4.0,F,Possession of Cocaine,1,0,Sexual Battery Victim 12 Yrs +,15,High,1
Male,Less than 25,Native American,0,0,0,1.0,-6.0,M,Driving Under The Influence,0,0,,1,Medium,0
Male,Greater than 45,Native American,0,0,0,7.0,-1.0,M,Battery On Fire Fighter,0,0,,7,Medium,0
Female,25 - 45,Hispanic,0,0,0,0.0,0.0,M,Battery,0,0,,0,Low,0
Male,25 - 45,Other,0,0,0,8.0,-1.0,F,License Suspended Revoked,1,0,Susp Drivers Lic 1st Offense,8,Medium,0
Male,Greater than 45,Other,0,0,0,0.0,-1.0,F,Obstruct Officer W/Violence,0,0,,0,Medium,0
Male,25 - 45,Other,0,0,0,22.0,-1.0,F,arrest case no charge,1,0,Operating W/O Valid License,22,High,1
Male,Greater than 45,African-American,0,0,0,0.0,-1.0,F,arrest case no charge,0,0,,0,Low,0
Male,Greater than 45,Asian,0,0,0,0.0,0.0,F,Poss Contr Subst W/o Prescript,0,0,,0,Medium,0
Male,Greater than 45,Other,0,0,0,0.0,-1.0,F,Expired DL More Than 6 Months,0,0,,0,Medium,0
Male,Greater than 45,African-American,1,2,0,5.0,-1.0,F,Possession of Cocaine,1,0,Petit Theft $100- $300,5,High,1
Male,25 - 45,Other,0,0,0,2.0,-1.0,M,Battery,0,0,,2,Low,0
Male,25 - 45,African-American,0,0,0,3.0,-1.0,M,Battery,1,0,Fail Register Vehicle,3,Low,1
Male,Less than 25,Caucasian,0,0,0,6.0,-1.0,F,arrest case no charge,1,1,Battery,5,Medium,1
Female,Greater than 45,Other,0,0,0,0.0,-1.0,M,Battery,0,0,,0,Low,0
Male,25 - 45,Other,0,0,0,0.0,0.0,M,Battery,0,0,,0,Low,0
Female,Greater than 45,Native American,0,0,0,5.0,-1.0,F,Agg Battery Grt/Bod/Harm,1,0,Poss Of RX Without RX,5,Medium,1
Male,25 - 45,Asian,0,0,0,0.0,-1.0,F,Possession of Cocaine,1,1,Battery,0,High,1
Male,Less than 25,Hispanic,0,0,0,0.0,-1.0,M,Battery,0,0,,0,Medium,0
Male,Greater than 45,African-American,0,0,0,21.000000000000004,-1.0,M,arrest case no charge,1,0,Susp Drivers Lic 1st Offense,21,Medium,1
Female,Less than 25,Asian,0,0,0,1.0,-5.0,F,arrest case no charge,0,0,,1,Low,0
Female,25 - 45,Hispanic,0,0,0,3.0,0.0,M,Battery,0,0,,3,Low,0
Male,25 - 45,African-American,0,0,0,1.0,-1.0,F,Grand Theft (Motor Vehicle),0,0,,1,Medium,0
Male,Greater than 45,Other,0,0,0,1.0,-1.0,F,Uttering Worthless Check +$150,0,0,,1,Low,0
Male,25 - 45,African-American,0,0,1,1.0,0.0,F,Possession of Cocaine,1,0,,1,Medium,1
Male,Less than 25,Other,0,0,0,5.0,-1.0,M,Reckless Driving,0,0,,5,Low,0
Male,Greater than 45,Hispanic,0,0,0,2.0,0.0,F,Possession of Cocaine,1,0,Petit Theft $100- $300,2,Medium,1
Female,Greater than 45,Caucasian,0,0,0,0.0,0.0,M,Battery,0,0,,0,Low,0
Male,Greater than 45,Native American,0,0,0,0.0,-1.0,M,DUI- Enhanced,0,0,,0,Low,0
Male,25 - 45,Hispanic,0,0,0,0.0,-1.0,M,Carry Open/Uncov Bev In Pub,0,0,,0,Low,0
Female,Less than 25,Asian,0,0,0,0.0,-1.0,F,Tamper With Witness,0,0,,0,Low,0
Male,25 - 45,African-American,0,0,0,18.0,-1.0,F,arrest case no charge,1,0,Susp Drivers Lic 1st Offense,18,Low,1
Male,Greater than 45,Native American,0,0,0,8.0,-1.0,F,Driving While License Revoked,1,0,Driving While License Revoked,8,Low,1
Male,Less than 25,Native American,0,0,0,5.0,-1.0,F,Harm Public Servant Or Family,1,1,Unauth C/P/S Sounds>1000/Audio,5,Low,0
Male,25 - 45,Caucasian,0,0,0,6.0,0.0,M,arrest case no charge,1,0,Possess Cannabis/20 Grams Or Less,6,Low,1
Female,Greater than 45,Other,0,0,0,0.0,-5.586278381336488,F,Tresspass Struct/Conveyance,1,1,Operating W/O Valid License,0,High,1
Female,25 - 45,African-American,0,0,1,4.0,-1.0,F,Interfere W/Traf Cont Dev RR,0,0,,4,Low,0
Female,Less than 25,Other,0,0,0,2.0,-8.877635035325149,F,Murder in the First Degree,0,0,,2,Low,0
Male,25 - 45,Other,0,0,0,0.0,-1.0,F,Aide/Abet Prostitution Lewdness,0,0,,0,Low,0
Male,Less than 25,Hispanic,0,0,0,17.0,-1.0,F,Felony Petit Theft,0,0,,17,High,0
Female,25 - 45,Caucasian,0,0,0,0.0,-1.0,M,Battery,0,0,,0,Low,0
Female,Less than 25,Hispanic,0,0,1,11.0,-1.0,M,Petit Theft,1,0,Possession Of Clonazepam,11,High,1
Female,Greater than 45,Asian,0,0,0,1.0,-1.0,M,Battery,1,0,Prowling/Loitering,1,Low,1
Female,25 - 45,African-American,0,0,0,8.0,0.0,F,arrest case no charge,1,0,Petit Theft $100- $300,8,High,1
Male,Greater than 45,Caucasian,0,0,0,1.0,-1.0,M,False Info LEO During Invest,1,1,Burglary Structure Assault/Batt,1,Low,1
Female,Less than 25,African-American,0,0,0,0.0,-2.0,F,Possession Of Alprazolam,0,0,,0,Medium,0
Female,Less than 25,Asian,0,0,0,1.0,-1.0,F,Petit Theft $100- $300,0,0,,1,Medium,0
Male,25 - 45,Caucasian,0,0,0,1.0,0.0,M,DUI Property Damage/Injury,1,0,Unlaw LicTag/Sticker Attach,1,Low,0
Female,Greater than 45,Asian,0,0,0,1.0,-1.0,F,Murder in the First Degree,1,0,Fail Obey Driv Lic Restrictions,1,Low,1
Male,Greater than 45,Asian,0,0,0,1.0,-15.0,F,arrest case no charge,1,0,Petit Theft $100- $300,1,Low,1
Female,Greater than 45,Other,0,0,0,0.0,0.0,F,Agg Battery Grt/Bod/Harm,0,0,,0,Low,0
Female,25 - 45,Native American,0,0,1,2.0,-1.0,F,Driving While License Revoked,1,0,Exposes Culpable Negligence,2,Medium,1
Female,Greater than 45,Hispanic,0,0,0,3.0,-1.0,F,arrest case no charge,0,0,,3,Low,0
Male,Greater than 45,African-American,0,0,0,1.0,-1.0,M,Battery,0,0,,1,Medium,0
Male,Greater than 45,Caucasian,0,0,0,11.0,13.254999578161431,F,Felony DUI (level 3),1,1,Unauth C/P/S Sounds>1000/Audio,11,Medium,1
Male,25 - 45,African-American,0,0,0,3.0,-1.0,F,Petit Theft,1,0,False Ownership Info/Pawn Item,3,Low,1
Female,25 - 45,Caucasian,0,0,0,0.0,-1.0,M,Aggravated Assault w/Firearm,1,1,Possession Burglary Tools,0,Low,0
Female,Less than 25,African-American,0,0,0,1.0,-1.0,M,Battery,0,0,,1,Medium,0
Female,Greater than 45,African-American,0,0,0,8.0,0.0,F,arrest case no charge,1,0,Stalking,8,High,0
Male,Greater than 45,Hispanic,0,0,0,0.0,0.0,F,Battery On Fire Fighter,0,0,,0,Low,0
Male,Greater than 45,African-American,0,0,0,2.0,-1.0,F,Grand Theft (Motor Vehicle),1,1,Battery,2,Medium,0
Female,Less than 25,Caucasian,0,0,0,1.0,0.0,F,Viol Prot Injunc Repeat Viol,0,0,,1,Medium,0
Female,Greater than 45,Caucasian,0,0,0,1.0,-1.0,F,arrest case no charge,0,0,,1,Low,0
Male,Greater than 45,Native American,0,0,0,0.0,-1.0,M,Battery,0,0,,0,Low,0
Male,Greater than 45,Caucasian,0,0,0,1.0,-22.0,M,Prowling/Loitering,0,0,,1,Low,0
Male,Greater than 45,Caucasian,0,0,0,0.0,-1.0,M,Driving Under The Influence,0,0,,0,Low,0
Female,25 - 45,Asian,0,0,0,0.0,0.0,M,DUI Property Damage/Injury,0,0,,0,Low,0
Male,Less than 25,Other,0,0,0,1.0,-1.0,F,arrest case no charge,1,0,Possess Drug Paraphernalia,1,Low,1
Male,Less than 25,African-American,0,0,0,0.0,-1.0,M,Obstruct Officer W/Violence,0,0,,0,Low,0
Male,Less than 25,Caucasian,0,0,0,0.0,-1.0,F,Poss Contr Subst W/o Prescript,1,0,Viol Injunct Domestic Violence,0,Low,1
Male,Less than 25,Native American,0,0,0,5.0,-1.0,F,Poss Cntrft Contr Sub w/Intent,0,0,,5,Low,0
Male,25 - 45,African-American,0,0,0,1.0,-1.0,F,Operating W/O Valid License,0,0,,1,Low,0
Male,Less than 25,Other,0,0,0,0.0,0.0,M,Battery,0,0,,0,Low,0
Female,25 - 45,Caucasian,0,0,0,0.0,-1.0,F,Aggravated Assault W/dead Weap,0,0,,0,Low,0
Male,Greater than 45,Native American,0,0,0,4.0,-1.0,F,Tamper With Witness,0,0,,4,Medium,0
Male,Greater than 45,Other,0,0,0,0.0,-1.0,M,Battery,0,0,,0,Low,0
Male,25 - 45,African-American,1,0,1,1.0,0.0,F,Agg Fleeing and Eluding,1,0,Possess Cannabis/20 Grams Or Less,1,Medium,1
Female,Greater than 45,Native American,0,0,3,0.0,-1.0,F,False Imprisonment,1,1,Unlaw Use False Name/Identity,0,High,1
Male,25 - 45,African-American,0,0,0,8.0,0.0,F,Aggravated Battery / Pregnant,0,0,,8,High,0
Female,25 - 45,Caucasian,0,0,0,4.0,-1.0,F,Murder in the First Degree,1,1,Tampering with a Victim,4,Low,1
Male,Less than 25,Native American,0,0,0,2.0,-1.0,F,Resist/Obstruct W/O Violence,0,0,,2,Low,0
Female,Less than 25,Native American,0,0,0,2.0,0.0,M,Tresspass Struct/Conveyance,1,0,Criminal Mischief>$200<$1000,2,High,1
Male,Greater than 45,African-American,0,0,0,0.0,-1.0,M,Driving Under The Influence,0,0,,0,Low,0
Male,Greater than 45,Other,0,0,0,1.0,-1.0,M,Aggravated Battery / Pregnant,0,0,,1,Low,0
Female,25 - 45,Asian,0,0,0,2.0,-1.0,M,Battery,0,0,,2,Low,0
Female,Greater than 45,Asian,0,0,0,0.0,-2.0,M,Battery,0,0,,0,Low,0
Male,25 - 45,Asian,0,3,0,18.0,-1.0,M,Battery,1,0,,18,High,0
Female,Less than 25,Hispanic,0,0,0,4.0,0.0,F,Exposes Culpable Negligence,1,1,Viol Injunct Domestic Violence,4,Medium,1
Male,Less than 25,Caucasian,0,0,0,0.0,0.0,F,DUI- Enhanced,0,0,,0,Low,0
Female,Less than 25,Other,0,0,0,1.0,-1.0,F,Aide/Abet Prostitution Lewdness,0,0,Fail Register Vehicle,1,Medium,0
Male,25 - 45,Asian,0,1,0,3.0,-1.0,F,False Name By Person Arrest,1,0,Operating W/O Valid License,3,Medium,1
Male,Less than 25,Other,1,0,0,7.0,-1.0,M,Battery,1,0,Driving While License Revoked,7,High,1
Female,Less than 25,Asian,0,0,0,0.0,-1.0,M,Viol Prot Injunc Repeat Viol,0,0,,0,Low,0
Female,25 - 45,Hispanic,1,1,2,4.0,-1.0,F,Agg Fleeing and Eluding,0,0,Trespass Struct/Convey Occupy,4,High,0
Female,Greater than 45,Native American,0,0,0,4.0,-3.0,F,Expired DL More Than 6 Months,1,0,,4,Low,1
Male,25 - 45,Asian,0,0,0,0.0,-1.0,M,Battery,0,0,,0,Low,0
Female,Less than 25,Caucasian,0,0,0,5.0,-18.0,M,Grand Theft (Motor Vehicle),1,0,Purchase Of Cocaine,5,Medium,1
Female,25 - 45,Native American,2,0,1,2.0,-1.0,F,Possession of Cocaine,1,0,Possession of Cocaine,2,High,1
Male,25 - 45,Asian,0,0,0,22.0,-29.0,F,Driving While License Revoked,0,0,,22,Medium,0
Female,25 - 45,Hispanic,0,0,0,0.0,-3.0,M,Prowling/Loitering,0,0,Possess Countrfeit Credit Card,0,Low,0
Male,Less than 25,Hispanic,0,0,0,3.0,0.0,M,Battery,0,0,,3,High,0
Male,Greater than 45,Caucasian,0,0,1,8.0,-1.0,F,Interfere W/Traf Cont Dev RR,1,0,Operating W/O Valid License,8,Medium,1
Female,25 - 45,Hispanic,0,1,0,15.0,-1.0,F,Possession of Cocaine,0,0,,15,Medium,0
Male,Greater than 45,Asian,0,0,0,5.0,-1.0,F,Aggravated Battery / Pregnant,1,0,,5,Medium,0
Male,Less than 25,African-American,0,0,0,0.0,-1.0,F,Aggravated Battery / Pregnant,1,0,Unlaw LicTag/Sticker Attach,0,Low,1
Male,25 - 45,Native American,0,0,0,0.0,-1.0,M,Aide/Abet Prostitution Lewdness,0,0,,0,Low,0
Female,Greater than 45,Other,0,0,0,0.0,-1.0,F,Grand Theft (Motor Vehicle),1,0,DUI Level 0.15 Or Minor In Veh,0,Low,1
Male,Less than 25,Asian,0,0,0,3.0,-1.0,M,Unlaw Use False Name/Identity,0,0,,3,Low,0
Female,25 - 45,Asian,0,0,0,1.0,0.0,F,False Info LEO During Invest,0,0,,1,High,0
Male,Less than 25,Hispanic,0,0,0,1.0,-1.0,M,Resist/Obstruct W/O Violence,1,1,Possess Countrfeit Credit Card,1,Medium,1
Female,25 - 45,Caucasian,0,0,0,0.0,-1.0,F,Burglary Dwelling Occupied,0,0,,0,Low,0
Female,Greater than 45,Hispanic,0,0,0,0.0,0.0,F,arrest case no charge,0,0,,0,Low,0
Female,Less than 25,African-American,0,0,0,0.0,-1.0,F,Viol Prot Injunc Repeat Viol,1,1,Battery,0,Medium,1
Female,Greater than 45,Other,0,0,0,0.0,0.0,M,Deliver Cocaine 1000FT Church,1,0,Possess Cannabis/20 Grams Or Less,0,Low,0
Female,25 - 45,Hispanic,0,0,0,1.0,-1.0,F,Poss Cocaine/Intent To Del/Sel,1,0,Driving While License Revoked,1,Medium,1
Male,25 - 45,Hispanic,0,0,0,8.0,-1.0,F,Felony Petit Theft,0,0,,8,Medium,0
Male,Less than 25,Hispanic,0,0,0,2.0,-1.0,M,Battery,0,0,,2,Low,0
Male,Greater than 45,African-American,0,0,0,0.0,0.0,F,Obstruct Officer W/Violence,1,1,Possess Cannabis/20 Grams Or Less,0,Low,1
Male,25 - 45,Asian,0,0,0,0.0,-3.0,F,Grand Theft (Motor Vehicle),0,0,,0,Low,0
Female,25 - 45,Other,0,0,0,5.0,-2.0,F,Aggrav Child Abuse-Agg Battery,1,0,Trespass/Property/Other Structure,5,Medium,1
Female,Greater than 45,Hispanic,1,0,1,11.0,0.0,F,Possession of Cocaine,1,0,Exposes Culpable Negligence,11,High,1
Female,25 - 45,Native American,0,0,0,0.0,-1.0,F,arrest case no charge,0,0,,0,Low,0
Male,Greater than 45,African-American,0,0,0,6.0,-1.0,F,Possession of Cocaine,1,0,Unlaw Use False Name/Identity,6,Medium,1
Male,Greater than 45,Caucasian,0,0,0,0.0,-1.0,F,Depriv LEO of Protect/Communic,0,0,,0,Medium,0
Male,25 - 45,Other,0,0,0,0.0,0.0,M,Battery,1,0,,0,Low,0
Female,Less than 25,Asian,0,0,0,11.0,-1.0,F,Petit Theft $100- $300,1,0,False Ownership Info/Pawn Item,11,High,1
Male,Less than 25,Caucasian,0,0,0,2.0,-23.0,F,arrest case no charge,1,0,Petit Theft $100- $300,2,Low,1
Female,Less than 25,African-American,0,0,0,2.0,-1.0,M,Battery,1,1,Reckless Driving,2,Low,1
Female,Greater than 45,Other,0,0,0,0.0,0.0,F,Trespassing/Construction Site,0,0,,0,Medium,0
Male,25 - 45,Caucasian,0,0,0,4.0,0.0,M,Resist/Obstruct W/O Violence,1,1,Retaliate Wit/Vict No Injury,4,Medium,1
Female,25 - 45,Native American,0,0,0,0.0,0.0,F,Aggravated Assault W/Dead Weap,1,0,Sexual Battery Victim 12 Yrs +,0,Low,1
Male,Less than 25,Native American,0,0,0,1.0,-1.0,F,Carrying Concealed Firearm,1,1,Contempt Of Court,1,High,1
Female,25 - 45,Asian,0,0,0,0.0,-2.0,F,"Poss Of 1,4-Butanediol",0,0,,0,Low,0
Male,25 - 45,Other,0,0,0,6.0,-1.0,F,arrest case no charge,0,0,,6,Medium,0
Male,Less than 25,Hispanic,0,2,0,7.0,-1.0,F,arrest case no charge,1,0,Purchase Of Cocaine,7,Medium,1
Male,Greater than 45,Asian,0,0,0,0.0,-1.0,F,Aggravated Assault W/Dead Weap,1,1,Criminal Mischief>$200<$1000,0,High,1
Male,25 - 45,Asian,0,1,0,6.0,-1.0,F,arrest case no charge,1,0,Poss Of RX Without RX,6,Low,1
Male,Greater than 45,Native American,0,0,0,8.0,-1.0,F,arrest case no charge,1,0,Petit Theft $100- $300,8,Medium,0
Male,25 - 45,Native American,0,0,0,2.0,-3.0,F,Burglary Dwelling Occupied,0,0,,2,Low,0
Male,Less than 25,Native American,0,0,0,0.0,-1.0,F,Aggravated Assault W/Dead Weap,1,0,Unlaw LicTag/Sticker Attach,0,Medium,1
Male,Less than 25,Native American,0,0,0,0.0,-1.0,M,Battery,1,1,Battery,0,Medium,1
Male,25 - 45,Caucasian,0,0,1,2.0,-1.0,F,Abuse Without Great Harm,1,0,Unlaw Use False Name/Identity,2,Low,1
Male,25 - 45,Native American,0,0,0,1.0,-1.0,F,Grand Theft of a Fire Extinquisher,1,0,Unnatural/Lascivious Act,1,Low,1
Male,Less than 25,African-American,0,0,0,0.0,-1.0,F,Burglary Dwelling Occupied,0,0,Viol Injunct Domestic Violence,0,Low,1
Female,25 - 45,Asian,0,1,0,2.0,-1.0,F,Battery,0,0,,2,High,0
Male,Greater than 45,Native American,0,0,0,4.0,0.0,F,Burglary Dwelling Assault/Batt,1,1,Leave Acc/Attend Veh/More $50,4,Low,1
Female,25 - 45,Asian,0,0,0,1.0,-1.0,F,Aggravated Battery / Pregnant,1,1,Possession False Prescription,1,Low,1
Male,Less than 25,Caucasian,0,0,0,0.0,-1.0,F,Poss Cntrft Contr Sub w/Intent,1,0,Operating W/O Valid License,0,Medium,1
Male,25 - 45,African-American,0,0,0,7.0,0.0,F,arrest case no charge,0,0,,7,High,1
Male,Less than 25,Caucasian,0,0,0,2.0,-27.0,F,Possession Of Alprazolam,0,0,,2,Medium,0
Male,Less than 25,African-American,0,0,0,5.0,-1.0,F,arrest case no charge,1,0,,5,Low,0
Male,25 - 45,Asian,0,0,0,1.0,-1.0,F,Burglary Conveyance Unoccup,1,0,Felony Driving While Lic Suspd,1,Low,1
Male,Less than 25,African-American,0,0,0,5.0,-1.0,F,Burglary Conveyance Unoccup,1,0,Trespass Structure/Conveyance,5,Low,1
Female,Greater than 45,Hispanic,0,0,0,2.0,-1.0,M,arrest case no charge,1,1,Battery,2,High,0
Male,25 - 45,Other,0,0,0,1.0,-1.0,M,arrest case no charge,1,0,Susp Drivers Lic 1st Offense,1,Medium,1
Male,25 - 45,Asian,0,0,0,3.0,-1.0,F,Trespassing/Construction Site,1,0,Possession Burglary Tools,3,Medium,1
Female,25 - 45,Hispanic,0,0,0,3.0,-1.0,M,Possession of Methadone,1,0,Possess Cannabis/20 Grams Or Less,3,Medium,1
Female,Less than 25,Caucasian,0,0,0,0.0,-1.0,F,Agg Battery Grt/Bod/Harm,1,0,,0,Low,1
Female,Greater than 45,Asian,0,0,0,1.0,-1.0,F,Possession of Cocaine,0,0,,1,Low,0
Female,Greater than 45,Caucasian,0,0,0,2.0,-1.0,F,Driving While License Revoked,0,0,,2,Low,0
Male,Greater than 45,Caucasian,0,0,0,0.0,0.0,M,Battery,0,0,,0,Low,0
Female,Less than 25,Other,0,0,0,0.0,-4.0,M,Poss Of RX Without RX,1,0,Possess Drug Paraphernalia,0,Low,1
Male,Less than 25,African-American,0,0,0,0.0,-1.0,M,Burglary Dwelling Occupied,1,0,Possess Cannabis/20 Grams Or Less,0,Medium,1
Male,Less than 25,Asian,0,0,1,15.0,-4.0,F,Possession of Methadone,1,0,DWLS Habitual Offender 2nd,15,High,1
Male,Less than 25,African-American,0,0,0,2.0,-1.0,F,arrest case no charge,0,0,,2,Low,0
Male,Greater than 45,Asian,0,0,0,1.0,-17.61816997577498,F,Burglary Conveyance Unoccup,0,0,,1,Low,0
Male,Greater than 45,Native American,0,0,0,1.0,-1.0,M,arrest case no charge,0,0,,1,Low,0
Male,25 - 45,Caucasian,0,0,0,0.0,-1.0,M,DUI Property Damage/Injury,0,0,,0,Low,0
Male,Less than 25,Native American,0,0,0,7.0,-30.0,F,Possession of Codeine,1,0,Burglary Structure Assault/Batt,7,Medium,1
Female,Less than 25,Native American,0,0,1,0.0,-1.0,M,Battery,1,0,Possession Of Alprazolam,0,Medium,1
Male,Greater than 45,Asian,0,0,0,5.0,-1.0,M,Shoot Into Vehicle,0,0,,5,Low,0
Male,Greater than 45,African-American,0,0,0,2.0,-1.0,F,arrest case no charge,1,0,Unlaw LicTag/Sticker Attach,2,High,1
Female,25 - 45,Other,0,0,0,5.0,0.0,F,Aggravated Assault W/Dead Weap,1,0,Possess Cannabis/20 Grams Or Less,5,Medium,1
Female,25 - 45,Asian,0,0,0,1.0,-5.0,M,Battery,0,0,,1,Low,0
Male,Greater than 45,Asian,0,0,0,0.0,-1.0,F,Battery,0,0,,0,Low,0
Female,Greater than 45,Asian,5,2,0,11.0,-1.0,F,Poss Cntrft Contr Sub w/Intent,1,0,Prowling/Loitering,11,High,1
Male,Less than 25,Other,0,0,0,0.0,-1.0,F,Burglary Structure Unoccup,0,0,,0,Low,0
Female,25 - 45,African-American,0,0,0,2.0,-1.0,F,Carry Open/Uncov Bev In Pub,0,0,,2,Medium,0
Male,Greater than 45,African-American,0,0,1,6.0,0.0,F,Harm Public Servant Or Family,1,0,Sell Cocaine 1000FT School,6,High,1
Male,25 - 45,African-American,0,0,0,5.0,-1.0,F,Expired DL More Than 6 Months,0,0,,5,Medium,0
Female,Less than 25,Native American,0,0,0,0.0,-2.0,M,Battery,0,0,,0,Low,0
Male,25 - 45,Hispanic,0,0,0,0.0,0.0,M,Battery,0,0,,0,Low,0
Male,Less than 25,Caucasian,0,0,0,3.0,-1.0,F,Tresspass Struct/Conveyance,0,0,,3,Low,0
Male,25 - 45,Other,0,0,0,2.0,-1.0,M,Resist/Obstruct W/O Violence,1,0,,2,Low,1
Male,Greater than 45,Caucasian,0,0,0,0.0,-1.0,F,Prostitution,0,0,,0,Medium,0
Female,Less than 25,Native American,0,0,0,3.0,-1.0,F,Possession of Cocaine,0,0,,3,Low,0
Female,25 - 45,Other,0,0,0,0.0,-3.0,F,Unlaw Use False Name/Identity,0,0,,0,Low,0
Male,Greater than 45,Native American,0,0,0,4.0,-1.0,F,License Suspended Revoked,0,0,,4,Medium,0
Male,Less than 25,Native American,0,0,0,0.0,-1.0,M,Battery,0,0,,0,Low,0
Female,Less than 25,Caucasian,0,0,0,1.0,-17.79382224520475,M,Battery,1,1,Possess Cannabis/20 Grams Or Less,1,Medium,1
Male,Greater than 45,Caucasian,0,0,0,1.0,-1.0,F,Aggrav Child Abuse-Causes Harm,0,0,,1,Low,0
Female,Greater than 45,Caucasian,0,1,0,5.0,0.0,M,Battery,0,0,,5,Low,0
Female,25 - 45,Other,0,0,0,14.0,-1.0,F,Grand Theft (Motor Vehicle),1,1,Fraud Obtain Driver License,14,High,1
Male,Greater than 45,Other,0,0,0,1.0,-1.0,M,Battery,0,0,,1,Low,0
Female,Greater than 45,Other,0,0,0,0.0,-1.0,M,Battery,0,0,,0,Low,0
Male,25 - 45,Native American,0,0,0,14.0,-1.0,F,Battery On Fire Fighter,1,0,Purchase Of Cocaine,14,High,1
Female,Greater than 45,Other,0,0,0,5.0,0.0,F,Poss Of RX Without RX,1,0,Criminal Mischief>$200<$1000,5,Medium,1
Female,Less than 25,Other,0,1,1,3.0,-1.0,M,Battery,0,0,,3,Low,0
Male,25 - 45,Native American,0,0,0,1.0,-1.0,M,Battery,0,0,,1,Low,0
Male,Greater than 45,Native American,0,0,0,3.0,0.0,F,Aggravated Assault W/Dead Weap,0,0,,3,Low,0
Female,25 - 45,African-American,0,0,0,2.0,0.0,M,Battery,0,0,,2,Low,0
Male,25 - 45,Caucasian,0,0,0,1.0,-1.0,F,Viol Prot Injunc Repeat Viol,0,0,,1,Medium,0
Male,Less than 25,Caucasian,0,0,0,7.0,0.0,F,arrest case no charge,0,0,,7,Medium,0
Female,25 - 45,Native American,0,0,0,2.0,0.0,M,Poss of Firearm by Convic Felo,1,1,DUI Level 0.15 Or Minor In Veh,2,High,1
Female,Greater than 45,Caucasian,0,0,0,1.0,-1.0,F,Trans/Harm/Material to a Minor,0,0,,1,Low,0
Female,Greater than 45,Native American,0,0,0,4.0,-1.0,F,Abuse Without Great Harm,1,1,Burglary Conveyance Unoccup,4,Low,1
Male,Less than 25,Asian,0,0,0,2.0,-1.0,F,DUI Property Damage/Injury,1,0,Leave Acc/Attend Veh/More $50,2,Low,1
Female,25 - 45,African-American,0,0,0,4.0,-1.0,M,Reckless Driving,1,1,Possess Cannabis/20 Grams Or Less,4,High,1
Male,25 - 45,Other,0,0,1,11.0,0.0,F,Grand Theft (Motor Vehicle),1,0,Operating W/O Valid License,11,Medium,1
Female,25 - 45,Other,0,0,0,0.0,-1.0,M,Battery,1,0,Grand Theft (Motor Vehicle),0,Low,1
Female,25 - 45,Hispanic,0,0,0,11.0,-1.0,M,arrest case no charge,0,0,,11,Medium,0
Female,25 - 45,Caucasian,0,0,0,7.0,-1.0,M,Driving Under The Influence,1,0,Possession Of Methamphetamine,7,Medium,1
Male,Greater than 45,Hispanic,0,0,0,0.0,0.0,F,Aide/Abet Prostitution Lewdness,0,0,,0,Low,0
Male,Greater than 45,Caucasian,0,0,0,0.0,0.0,F,Aide/Abet Prostitution Lewdness,0,0,,0,Low,0
Female,Greater than 45,Other,0,0,0,5.0,-1.0,M,Uttering Worthless Check +$150,1,0,Fail Register Vehicle,5,Low,1
Male,Less than 25,Caucasian,0,0,0,0.0,-1.0,M,Battery,1,0,Grand Theft (Motor Vehicle),0,Low,1
Male,Less than 25,Caucasian,1,1,0,18.88999036561825,-1.0,F,Grand Theft (Motor Vehicle),1,0,Fail Obey Driv Lic Restrictions,19,High,1
Male,Greater than 45,Caucasian,0,0,0,1.0,-1.0,M,arrest case no charge,0,0,,1,Medium,0
Male,Less than 25,Caucasian,0,2,0,21.000000000000004,-1.0,F,arrest case no charge,1,0,Driving While License Revoked,21,Medium,1
Male,Less than 25,Caucasian,0,0,0,1.0,-1.0,F,arrest case no charge,0,0,,1,Low,0
Female,Greater than 45,African-American,0,0,0,3.0,-1.0,F,Burglary Structure Unoccup,0,0,,3,Low,0
Male,Less than 25,Other,0,0,2,2.0,0.0,F,Poss Unlaw Issue Id,1,0,Prowling/Loitering,2,High,1
Male,25 - 45,African-American,0,0,0,1.0,-2.0,F,Possession of Cocaine,0,0,,1,Low,0
Male,Greater than 45,Caucasian,0,2,0,3.0,-1.0,F,Poss Unlaw Issue Id,1,0,Operating W/O Valid License,3,Low,1
Male,Greater than 45,Asian,0,0,0,14.0,-1.0,F,Driving While License Revoked,1,0,Use/Poss/Drug Para/Plant/Grow,14,High,1
Male,Greater than 45,African-American,0,0,0,0.0,-1.0,F,Aggravated Assault W/dead Weap,0,0,,0,Low,0
Male,Less than 25,Other,0,0,0,0.0,0.0,F,DUI- Enhanced,1,0,Viol Injunct Domestic Violence,0,Medium,1
Male,Greater than 45,African-American,0,0,0,0.0,0.0,F,Petit Theft,1,0,Possession Burglary Tools,0,Medium,1
Female,25 - 45,Native American,0,0,0,1.0,0.0,M,Driving Under The Influence,1,0,Grand Theft (Motor Vehicle),1,Low,1
Male,Greater than 45,Hispanic,0,0,0,0.0,0.0,F,Carry Open/Uncov Bev In Pub,0,0,,0,Low,0
Female,Less than 25,Native American,0,0,0,28.944583036984852,-1.0,F,Grand Theft (Motor Vehicle),1,0,Unlaw LicTag/Sticker Attach,28,Medium,0
Male,Less than 25,Other,0,0,0,3.0,0.0,F,Possession of Cocaine,1,0,,3,Medium,1
Male,Greater than 45,Hispanic,0,0,0,0.0,0.0,F,Grand Theft (Motor Vehicle),0,0,,0,Low,0
Male,25 - 45,African-American,0,0,0,0.0,-1.0,F,Depriv LEO of Protect/Communic,0,0,,0,Low,0
Male,Greater than 45,African-American,0,0,0,1.0,-1.0,F,Burglary Conveyance Unoccup,0,0,,1,High,0
Male,Greater than 45,Native American,0,0,0,0.0,-3.0,M,DUI Property Damage/Injury,0,0,,0,Low,0
Male,Greater than 45,African-American,0,0,0,0.0,-1.0,M,Battery,0,0,,0,Low,0
Female,Greater than 45,Other,0,0,0,0.0,0.0,M,Battery,1,1,Battery,0,Low,1
Female,Less than 25,Native American,0,0,0,2.0,-23.0,M,DUI Property Damage/Injury,0,0,,2,Low,0
Female,Less than 25,Hispanic,0,0,0,20.0,-1.0,F,Aggravated Assault W/Dead Weap,1,1,Fraud Obtain/ Use Disable Permit,20,High,1
Male,Less than 25,Asian,0,0,0,0.0,-1.0,F,Murder in the First Degree,0,0,,0,Low,0
Female,25 - 45,Native American,0,0,1,0.0,-1.0,M,Battery,1,0,Crimin Mischief Damage $1000+,0,Low,1
Male,Less than 25,Native American,0,0,0,5.0,-1.0,F,arrest case no charge,1,0,False Ownership Info/Pawn Item,5,Medium,1
Female,Greater than 45,Native American,0,0,0,0.0,-1.0,F,Grand Theft of a Fire Extinquisher,0,0,,0,High,0
Male,Less than 25,African-American,0,0,0,2.0,-23.0,F,arrest case no charge,0,0,,2,Low,0
Male,Greater than 45,African-American,0,1,0,2.0,-5.0,F,Uttering Worthless Check +$150,1,0,Petit Theft $100- $300,2,Medium,1
Male,25 - 45,Caucasian,0,0,0,0.0,-1.0,F,Burglary Conveyance Assault/Bat,1,1,Battery,0,Medium,1
Male,Less than 25,African-American,0,0,0,10.0,-28.0,F,arrest case no charge,1,0,Grand Theft (Motor Vehicle),10,Medium,1
Male,25 - 45,African-American,0,0,0,0.0,-1.0,M,DUI Property Damage/Injury,1,0,,0,Low,0
Male,25 - 45,Other,0,0,0,1.0,-1.0,M,Battery,1,1,Battery,1,Low,1
Male,Greater than 45,Hispanic,0,2,1,3.0,-1.0,M,Battery,1,1,Battery,3,High,1
Male,Greater than 45,Asian,0,0,0,1.0,0.0,F,Aggravated Battery / Pregnant,0,0,,1,Medium,0
Female,25 - 45,Other,0,0,0,2.0,-2.0,M,Battery,1,0,,2,Low,0
Female,Less than 25,African-American,0,0,0,1.0,-8.213112790344027,F,Resist/Obstruct W/O Violence,1,0,,1,Low,1
Male,Less than 25,African-American,0,0,0,0.0,-1.0,F,Carry Open/Uncov Bev In Pub,0,0,,0,High,0
Male,Greater than 45,African-American,0,0,0,2.0,-1.0,M,Tresspass Struct/Conveyance,0,0,,2,Medium,0
Male,Less than 25,Caucasian,0,0,0,0.0,-1.0,F,Poss Contr Subst W/o Prescript,0,0,,0,Low,0
Male,Less than 25,Hispanic,0,0,0,1.0,-1.0,F,arrest case no charge,0,0,,1,Low,0
Male,25 - 45,African-American,0,0,0,0.0,-1.0,F,Aggravated Assault W/Dead Weap,0,0,,0,Low,0
Male,25 - 45,Other,0,0,0,2.0,-14.827637631127367,M,arrest case no charge,0,0,,2,Low,0
Male,25 - 45,Hispanic,0,0,0,7.0,0.0,F,Fabricating Physical Evidence,1,0,Felony Petit Theft,7,High,1
Male,Greater than 45,Caucasian,0,0,1,1.0,-1.0,F,arrest case no charge,0,0,,1,Medium,0
Female,Greater than 45,Other,0,0,0,1.0,-1.0,F,arrest case no charge,0,0,,1,Low,0
Male,Less than 25,Caucasian,0,0,0,5.0,-1.0,F,Felony DUI (level 3),1,0,Possess Cannabis/20 Grams Or Less,5,Medium,0
Female,Less than 25,Hispanic,1,1,0,9.0,-1.0,M,False Info LEO During Invest,1,0,Susp Drivers Lic 1st Offense,9,High,0
Female,Less than 25,Native American,0,0,0,0.0,-3.0,F,Expired DL More Than 6 Months,0,0,,0,Low,0
Male,Less than 25,African-American,0,0,0,0.0,-1.0,F,Exposes Culpable Negligence,0,0,,0,High,0
Female,Greater than 45,Native American,0,0,0,1.0,-1.0,M,arrest case no charge,0,0,,1,Low,0
Male,Greater than 45,Other,0,0,0,3.0,0.0,F,arrest case no charge,1,1,Trespass Struct/Conveyance,3,Low,1
Male,Greater than 45,Caucasian,1,0,1,10.0,-1.0,F,Deliver Cocaine 1000FT School,1,0,Present Proof of Invalid Insur,9,High,1
Male,Greater than 45,Asian,0,0,0,2.0,-2.0,F,arrest case no charge,0,0,,2,Low,0
Female,25 - 45,African-American,0,0,1,7.0,-1.0,M,Tamper With Witness,1,0,Viol Injunct Domestic Violence,7,High,1
Male,25 - 45,Hispanic,0,0,0,1.0,-1.0,F,arrest case no charge,0,0,,1,Medium,0
Male,Less than 25,Hispanic,0,0,0,0.0,-1.0,M,Aggravated Battery / Pregnant,0,0,,0,Low,0
Male,Greater than 45,Native American,0,0,1,9.0,-23.0,M,Shoot Into Vehicle,1,1,Deliver Cannabis,9,Low,1
Male,Greater than 45,African-American,0,0,0,2.0,-1.0,M,Battery,0,0,,2,Low,0
Male,25 - 45,Caucasian,0,0,0,1.0,-11.0,M,Battery,0,0,,1,Low,0
Female,Less than 25,Asian,0,0,0,0.0,-1.0,M,Harm Public Servant Or Family,0,0,,0,Low,0
Male,Greater than 45,Native American,0,0,0,5.0,-1.0,F,arrest case no charge,1,1,Battery,5,Medium,1
Male,Less than 25,Other,0,0,0,1.0,-1.0,F,Harm Public Servant Or Family,1,1,Trespass Struct/Conveyance,1,Low,1
Male,Less than 25,Caucasian,0,0,0,2.0,-1.0,M,Battery,1,0,Purchase Of Cocaine,2,Low,1
Female,25 - 45,Hispanic,2,0,0,8.0,0.0,F,Poss Cocaine/Intent To Del/Sel,1,0,Trespass/Property/Other Structure,8,High,1
Male,Less than 25,Caucasian,0,0,0,20.0,-1.0,M,License Suspended Revoked,1,0,Burglary Structure Assault/Batt,20,Low,1
Male,Greater than 45,Asian,0,0,0,2.0,-1.0,F,Poss Cocaine/Intent To Del/Sel,1,0,,2,Medium,1
Male,Greater than 45,Other,0,0,0,9.0,-1.0,M,Battery,1,1,Unlawful Use Of License,9,High,1
Female,25 - 45,Native American,0,0,0,0.0,-1.0,F,Burglary Conveyance Unoccup,0,0,,0,Low,0
Female,25 - 45,Caucasian,0,0,0,6.0,24.15951287810409,F,Driving While License Revoked,1,0,Unlaw Use False Name/Identity,6,Medium,1
Male,Less than 25,Asian,0,0,0,0.0,-3.0,F,Grand Theft of a Fire Extinquisher,1,0,,0,Low,0
Female,Less than 25,Caucasian,0,0,0,0.0,-1.0,F,Battery,1,0,Possess Cannabis/20 Grams Or Less,0,Low,1
Male,Less than 25,Caucasian,0,0,0,4.0,-1.0,F,Driving While License Revoked,0,0,,4,Low,0
Female,Less than 25,Native American,0,0,0,2.0,-13.0,F,arrest case no charge,1,0,Agg Fleeing/Eluding High Speed,2,Low,1
Male,Less than 25,Caucasian,0,0,0,0.0,-1.0,F,Battery,0,0,,0,Medium,0
Female,Greater than 45,Asian,0,0,0,2.0,-1.0,M,Grand Theft of a Fire Extinquisher,1,0,Possess Cannabis/20 Grams Or Less,2,Medium,1
Male,Greater than 45,African-American,1,0,1,1.0,-1.0,F,arrest case no charge,1,0,Possess Cannabis/20 Grams Or Less,1,High,1
Male,Greater than 45,Other,0,0,0,2.0,0.0,F,Poss Cocaine/Intent To Del/Sel,0,0,,2,Low,0
Female,Less than 25,Asian,0,0,0,1.0,-1.0,F,Possession Of Alprazolam,0,0,,1,Low,0
Male,Greater than 45,Asian,0,0,0,3.0,-1.0,F,arrest case no charge,0,0,,3,Low,0
Male,Greater than 45,Hispanic,0,0,0,6.0,-1.0,F,arrest case no charge,0,0,,6,Low,0
Male,25 - 45,Caucasian,0,0,0,6.0,-2.0,F,Possession of Cocaine,1,0,Susp Drivers Lic 1st Offense,6,Medium,1
Male,25 - 45,Caucasian,0,0,0,1.0,-1.0,F,Deliver Cocaine 1000FT Church,0,0,,1,Low,0
Female,25 - 45,African-American,0,0,0,3.0,-1.0,F,arrest case no charge,0,0,,3,Low,0
Male,Less than 25,Asian,0,0,0,1.0,-12.0,M,Battery,0,0,,1,Low,0
Male,Greater than 45,Other,0,0,0,8.0,0.0,F,Aggravated Assault W/Dead Weap,0,0,,8,Medium,0
Male,25 - 45,Native American,0,0,0,5.0,-4.0,F,Possession of Cocaine,0,0,,5,Low,0
Female,Less than 25,Native American,0,0,0,2.0,0.0,F,Expired DL More Than 6 Months,0,0,,2,Medium,0
Female,Greater than 45,Native American,0,0,0,0.0,0.0,M,Aggravated Assault W/Dead Weap,1,0,Operating W/O Valid License,0,Medium,1
Male,Less than 25,African-American,0,0,0,7.0,-1.0,F,Possession of Cocaine,1,0,Possess Cannabis/20 Grams Or Less,7,Low,0
Male,Greater than 45,Asian,0,0,0,0.0,-3.0,F,arrest case no charge,0,0,,0,Medium,0
Male,25 - 45,Asian,0,0,1,2.0,-1.0,F,Possession of Cocaine,1,0,Possess Cannabis/20 Grams Or Less,2,Medium,1
Male,25 - 45,Asian,0,0,0,0.0,0.0,F,Reckless Driving,1,0,Petit Theft $100- $300,0,High,1
Female,Less than 25,Hispanic,1,0,0,6.0,-1.0,F,Fabricating Physical Evidence,1,0,Possess Countrfeit Credit Card,6,High,1
Female,25 - 45,African-American,0,0,0,2.0,-1.0,F,Poss Cntrft Contr Sub w/Intent,1,0,Fail Register Vehicle,2,Medium,1
Male,25 - 45,Hispanic,0,0,0,1.0,-8.694393737911732,F,arrest case no charge,0,0,,1,Medium,0
Female,Less than 25,Asian,0,0,0,0.0,-1.0,M,Battery,0,0,,0,Low,0
Male,Less than 25,Caucasian,0,0,0,0.0,-2.0,F,Aggrav Child Abuse-Agg Battery,0,0,,0,Low,0
Male,Less than 25,Caucasian,0,0,0,0.0,-1.0,F,Grand Theft (Motor Vehicle),1,0,Unlaw Use False Name/Identity,0,Medium,1
Female,Less than 25,Asian,0,0,0,1.0,-1.0,F,arrest case no charge,0,0,,1,Medium,0
Male,Less than 25,Other,0,0,0,0.0,-1.0,F,Possession of Cocaine,1,0,Fail Register Vehicle,0,Medium,1
Male,25 - 45,Other,0,0,0,1.0,0.0,F,Burglary Dwelling Occupied,0,0,,1,Medium,0
Female,Less than 25,Hispanic,0,0,0,1.0,-1.0,F,Driving While License Revoked,1,1,Criminal Mischief>$200<$1000,1,Low,1
Male,Greater than 45,Other,0,0,0,2.0,-1.0,M,Resist/Obstruct W/O Violence,0,0,,2,Low,0
Female,Less than 25,Asian,0,0,0,0.0,-1.0,F,Grand Theft (Motor Vehicle),1,0,Petit Theft $100- $300,0,Low,1
Female,25 - 45,Caucasian,2,0,0,13.0,-1.0,F,Possession of Cocaine,0,0,,13,High,0
Female,25 - 45,Asian,0,0,1,5.0,-1.0,M,arrest case no charge,0,0,,5,Medium,0
Female,Less than 25,Asian,0,0,0,0.0,-1.0,M,Battery,0,0,,0,Low,0
Female,Less than 25,Asian,0,0,1,4.0,-1.0,F,False Imprisonment,1,1,Battery,4,Low,1
Female,Greater than 45,African-American,0,2,0,10.0,-3.0,F,Shoot Into Vehicle,0,0,,10,High,0
Female,25 - 45,Other,0,0,0,0.0,-1.0,F,Uttering Forged Bills,0,0,,0,Medium,0
Male,Greater than 45,Caucasian,1,0,0,1.0,14.464058096578597,F,arrest case no charge,1,0,Possess Cannabis/20 Grams Or Less,1,Medium,1
Female,Less than 25,Other,0,0,0,0.0,0.0,M,Battery,0,0,Petit Theft $100- $300,0,Low,0
Female,25 - 45,Other,0,1,0,8.0,0.0,F,Driving While License Revoked,0,0,Susp Drivers Lic 1st Offense,8,High,0
Female,Greater than 45,Asian,0,0,0,0.0,-1.0,F,Burglary Structure Unoccup,0,0,,0,Low,0
Male,Less than 25,Hispanic,0,0,0,5.0,-1.0,F,arrest case no charge,1,0,Stalking,5,Medium,0
Female,25 - 45,Other,0,0,0,0.0,-6.0,M,Petit Theft,1,0,Possess Cannabis/20 Grams Or Less,0,Medium,1
Female,Greater than 45,Caucasian,0,0,0,0.0,0.0,F,Agg Battery Grt/Bod/Harm,0,0,,0,Low,0
Male,25 - 45,Other,0,0,0,4.0,0.0,F,Possession of Cocaine,0,0,,4,Low,0
Male,25 - 45,Other,0,0,0,3.0,-3.0,M,Battery,0,0,,3,Low,0
Female,Less than 25,Native American,0,0,0,3.0,-1.0,F,Violation License Restrictions,0,0,,3,Low,0
Female,Greater than 45,Other,0,0,1,1.0,-1.0,M,Aggravated Battery / Pregnant,1,0,Prostitution,1,High,1
Male,Less than 25,Native American,0,0,0,1.0,-1.0,F,arrest case no charge,1,1,Battery,1,Medium,1
Male,Greater than 45,Other,0,0,1,1.0,-1.0,F,Possession of Methadone,0,0,,1,Medium,0
Female,25 - 45,Caucasian,0,0,2,1.0,-19.48123784121043,F,Burglary Conveyance Unoccup,1,0,Deliver Cannabis,1,Medium,1
Female,25 - 45,Native American,0,0,0,1.0,-1.0,M,Depriv LEO of Protect/Communic,1,0,Viol Injunct Domestic Violence,1,Medium,1
Male,Less than 25,Hispanic,0,0,0,1.0,0.0,F,Possession of Methadone,1,0,Possess Cannabis/20 Grams Or Less,1,High,1
Female,Greater than 45,Native American,0,0,0,3.0,0.0,M,arrest case no charge,0,0,,3,Low,0
Male,25 - 45,Hispanic,2,0,0,13.0,0.0,F,Possession of Benzylpiperazine,1,0,Fail Obey Driv Lic Restrictions,14,Medium,1
Female,Greater than 45,Caucasian,0,0,0,0.0,0.0,M,Operating W/O Valid License,0,0,,0,Medium,0
Female,Less than 25,Other,0,0,0,8.0,0.0,F,Fabricating Physical Evidence,1,0,Prowling/Loitering,8,Medium,1
Female,Less than 25,African-American,1,0,0,12.0,-1.0,F,arrest case no charge,1,1,Fraudulent Use Credit Card,12,High,1
Male,Greater than 45,Hispanic,0,0,0,4.0,-1.0,F,Aggravated Assault W/Dead Weap,0,0,,4,Medium,0
Female,Less than 25,African-American,0,2,2,20.0,-1.0,F,Grand Theft (Motor Vehicle),1,0,Tresspass Struct/Conveyance,20,High,1
Male,Greater than 45,African-American,0,0,0,0.0,0.0,F,Battery On Fire Fighter,0,0,,0,Medium,0
Female,Greater than 45,Other,0,0,0,0.0,-1.0,F,Tresspass Struct/Conveyance,0,0,,0,Low,0
Male,25 - 45,Caucasian,0,0,0,8.0,0.0,M,Unlaw Use False Name/Identity,1,0,Criminal Mischief>$200<$1000,8,High,1
Female,Less than 25,Other,0,0,0,5.0,-20.0,M,Prowling/Loitering,1,0,Agg Fleeing/Eluding High Speed,5,High,1
Female,Less than 25,Hispanic,0,0,0,1.0,-1.0,M,Resist/Obstruct W/O Violence,0,0,,1,Medium,0
Female,Greater than 45,Other,0,0,0,1.0,-1.0,F,arrest case no charge,1,0,Prowling/Loitering,1,Low,1
Male,25 - 45,Native American,0,0,0,1.0,-1.0,F,Possession of Cocaine,0,0,,1,High,0
Female,25 - 45,Hispanic,0,0,0,1.0,-1.0,M,Unl/Disturb Education/Instui,1,0,Possess Cannabis/20 Grams Or Less,1,Medium,1
Male,25 - 45,Hispanic,0,0,1,3.0,-1.0,M,Battery,0,0,,3,Low,0
Female,25 - 45,African-American,0,0,0,8.0,-14.0,F,arrest case no charge,0,0,,8,Low,0
Male,25 - 45,African-American,0,0,0,0.0,0.0,M,Driving Under The Influence,0,0,,0,Low,0
Female,25 - 45,Other,0,0,0,1.0,-1.0,M,Battery,0,0,,1,Low,0
Male,25 - 45,Hispanic,0,0,0,1.0,-1.0,F,Aggravated Assault W/dead Weap,0,0,,1,Low,0
Female,Greater than 45,Caucasian,0,0,0,7.0,-1.0,M,Battery,1,1,Fraudulent Use Credit Card,7,High,1
Male,Greater than 45,Other,0,0,0,1.0,-1.0,M,Tamper With Witness,1,0,Susp Drivers Lic 1st Offense,1,Low,1
Male,25 - 45,Asian,0,0,0,0.0,-2.0,M,Driving Under The Influence,0,0,,0,Medium,0
Male,Less than 25,Caucasian,0,0,0,7.0,-1.0,F,Poss Similitude of Drivers Lic,1,0,Unnatural/Lascivious Act,7,High,1
Male,Less than 25,Other,0,0,0,0.0,-1.0,M,Battery,1,1,Unlawful Use Of License,0,High,1
Male,Less than 25,Caucasian,0,0,0,1.0,-1.0,M,DUI Property Damage/Injury,0,0,,1,Low,0
Male,Less than 25,Hispanic,0,0,0,0.0,0.0,M,Battery,0,0,,0,Low,0
Female,25 - 45,African-American,0,0,0,0.0,0.0,M,DUI Property Damage/Injury,0,0,,0,Low,0
Female,Greater than 45,Other,0,0,0,8.0,-1.0,F,Poss Pyrrolidinovalerophenone,1,0,Grand Theft (Motor Vehicle),8,Medium,1
Female,25 - 45,Hispanic,0,0,0,2.0,-1.0,M,Violation License Restrictions,0,0,,2,Low,0
Male,25 - 45,Asian,0,0,0,5.0,-1.0,F,arrest case no charge,0,0,,5,Low,0
Male,Greater than 45,Native American,0,0,0,0.0,-1.0,M,Battery,1,0,Possess Drug Paraphernalia,0,Low,1
Female,25 - 45,African-American,0,0,0,1.0,0.0,M,Poss Similitude of Drivers Lic,0,0,,1,Low,0
Female,25 - 45,Hispanic,0,0,0,5.0,0.0,M,Prostitution,0,0,,5,High,0
Male,25 - 45,Asian,0,0,0,0.0,0.0,F,Aggravated Assault W/dead Weap,0,0,,0,Low,0
Female,Less than 25,Hispanic,0,0,0,4.0,-1.0,M,Battery,1,0,Felony Driving While Lic Suspd,4,Low,1
Female,Less than 25,African-American,0,0,0,0.0,-1.0,M,License Suspended Revoked,0,0,,0,Low,0
Female,Less than 25,Other,0,0,0,0.0,0.0,M,Battery,0,0,,0,Low,0
Female,Greater than 45,Native American,0,0,0,0.0,0.0,F,Lewd/Lasc Battery Pers 12+/<16,1,0,Susp Drivers Lic 1st Offense,0,Low,1
Male,25 - 45,Caucasian,0,0,0,4.0,-1.0,F,Trespassing/Construction Site,0,0,,4,Low,0
Male,Greater than 45,Caucasian,0,0,0,0.0,0.0,M,Expired DL More Than 6 Months,0,0,,0,Low,0
Female,Greater than 45,African-American,0,0,0,0.0,0.0,F,Burglary Conveyance Unoccup,1,0,Viol Injunct Domestic Violence,0,Medium,1
Female,Greater than 45,Native American,0,0,0,0.0,-5.0,M,Felony Petit Theft,0,0,,0,Low,0
Female,Less than 25,Caucasian,0,0,0,0.0,-1.0,M,arrest case no charge,0,0,,0,Low,0
Female,Less than 25,Other,0,0,0,10.0,-1.0,F,Driving While License Revoked,1,0,Felony Petit Theft,10,High,1
Male,Less than 25,Hispanic,0,0,0,1.0,-1.0,M,Depriv LEO of Protect/Communic,0,0,,1,Low,0
Female,Greater than 45,African-American,0,0,0,1.0,-21.0,M,Battery,0,0,Possession Of Methamphetamine,1,Low,0
Female,Greater than 45,Hispanic,0,0,0,2.0,-3.0,F,Felony DUI (level 3),1,0,,2,Low,0
Male,Greater than 45,Native American,0,0,0,0.0,-1.0,F,Burglary Dwelling Occupied,0,0,,0,Low,0
Male,25 - 45,Asian,0,0,1,2.0,-7.064966253436523,F,Driving While License Revoked,0,0,,2,Low,0
Male,Greater than 45,Asian,0,0,0,1.0,-1.0,F,arrest case no charge,0,0,,1,Low,0
Female,Less than 25,Other,0,0,0,12.0,-1.0,F,False Name By Person Arrest,1,0,Criminal Mischief>$200<$1000,12,Low,1
Male,Greater than 45,African-American,0,11,2,28.628145011164015,-1.0,F,Poss/Sell/Del Cocaine 1000FT Sch,1,0,Tresspass Struct/Conveyance,28,High,1
Male,Less than 25,Caucasian,0,0,0,0.0,-1.0,F,Possession Of Alprazolam,0,0,,0,Medium,0
Male,Less than 25,Other,0,0,0,5.0,-1.0,F,Possession of Cocaine,1,1,Contempt Of Court,5,Low,1
Female,Greater than 45,African-American,0,0,0,3.0,-1.0,F,Trans/Harm/Material to a Minor,1,0,Criminal Mischief>$200<$1000,3,Medium,1
Male,Less than 25,Native American,0,0,0,2.0,0.0,F,Resist/Obstruct W/O Violence,1,0,,2,High,0
Male,25 - 45,Native American,0,0,1,5.0,-1.0,F,Poss Pyrrolidinovalerophenone,1,1,Burglary Conveyance Unoccup,5,High,1
Female,25 - 45,Caucasian,0,0,0,0.0,-1.0,F,Driving While License Revoked,1,0,Possession Of Methamphetamine,0,Medium,1
Male,Less than 25,Native American,0,0,0,3.0,-1.0,M,Expired DL More Than 6 Months,1,0,Tampering with a Victim,3,Medium,1
Male,Less than 25,African-American,0,0,0,0.0,-1.0,M,Battery,1,0,Susp Drivers Lic 1st Offense,0,Low,1
Male,Less than 25,Native American,0,0,0,2.0,-1.0,F,Interfere W/Traf Cont Dev RR,1,0,Unlaw Use False Name/Identity,2,Low,1
Male,25 - 45,Native American,0,0,0,2.0,-1.0,F,arrest case no charge,1,0,Fail Register Vehicle,2,Medium,1
Male,Less than 25,Hispanic,1,0,0,6.0,-1.0,F,arrest case no charge,1,0,Unlaw Use False Name/Identity,6,High,1
Male,25 - 45,African-American,0,0,0,4.0,-4.0,F,Poss Pyrrolidinovalerophenone,1,0,Possess Cannabis/20 Grams Or Less,4,Medium,1
Male,25 - 45,Native American,0,0,0,1.0,-18.0,F,arrest case no charge,0,0,,1,Low,0
Male,Less than 25,African-American,0,0,0,0.0,0.0,F,License Suspended Revoked,1,0,,0,Medium,0
Female,25 - 45,Hispanic,0,0,0,0.0,0.0,F,DUI- Enhanced,1,0,Prostitution,0,High,1
Male,25 - 45,Caucasian,0,0,0,7.0,-1.0,F,Poss Of RX Without RX,0,0,,7,Low,1
Female,Less than 25,Native American,0,0,0,0.0,-1.0,M,Battery,1,0,Viol Injunct Domestic Violence,0,Low,1
Female,Greater than 45,Native American,0,0,0,0.0,-1.0,F,Possession of Cocaine,0,0,,0,Medium,0
Male,Greater than 45,Other,0,0,0,3.0,-1.0,F,arrest case no charge,1,0,Grand Theft (Motor Vehicle),3,Low,1
Female,25 - 45,African-American,0,0,0,17.0,-1.0,F,Poss Pyrrolidinovalerophenone,1,0,Possess Drug Paraphernalia,17,Low,1
Female,Greater than 45,Hispanic,0,0,0,0.0,-1.0,F,"Poss Of 1,4-Butanediol",0,0,,0,Low,0
Male,25 - 45,Other,0,0,2,8.0,-1.0,F,Felony Petit Theft,1,0,Sexual Battery Victim 12 Yrs +,8,High,1
Female,25 - 45,African-American,0,0,0,2.0,-13.0,F,Tresspass Struct/Conveyance,0,0,Fail Obey Driv Lic Restrictions,2,Low,0
Female,25 - 45,Asian,0,0,0,0.0,0.0,F,Aggravated Assault W/Dead Weap,1,0,Sexual Battery Victim 12 Yrs +,0,Low,1
Female,25 - 45,Caucasian,0,0,0,1.0,-1.0,F,Grand Theft of a Fire Extinquisher,0,0,,1,Low,0
Male,Less than 25,Caucasian,0,0,0,4.0,-11.79319880509308,F,Deliver Cocaine 1000FT Church,0,0,,4,Low,0
Male,Greater than 45,Native American,0,0,0,0.0,-1.0,M,Battery,0,0,,0,Low,0
Female,Greater than 45,Asian,0,1,0,2.0,-1.0,M,Battery,1,0,Possess Cannabis/20 Grams Or Less,2,High,1
Female,Greater than 45,Asian,0,0,0,4.0,-27.0,F,Possession Of Alprazolam,0,0,,4,High,0
Female,Less than 25,African-American,0,0,0,0.0,-1.0,M,Battery,1,0,Operating W/O Valid License,0,Low,1
Male,Less than 25,Caucasian,0,0,0,1.0,-1.0,M,Battery,1,0,Fail Register Vehicle,1,Medium,1
Male,25 - 45,Caucasian,0,0,0,23.0,-1.0,F,DUI- Enhanced,1,0,Fraud Obtain/ Use Disable Permit,22,High,1
Female,25 - 45,Native American,0,0,0,2.0,-1.0,M,Viol Prot Injunc Repeat Viol,1,0,Felony Petit Theft,2,Low,1
Female,Greater than 45,Hispanic,0,0,0,12.0,-1.0,F,Unlaw Use False Name/Identity,0,0,,12,Low,0
Female,Greater than 45,Asian,0,0,0,4.0,0.0,M,Battery,1,0,Leave Acc/Attend Veh/More $50,4,Low,1
Male,Less than 25,Caucasian,0,0,0,4.0,0.0,F,arrest case no charge,0,0,,4,High,0
Male,Less than 25,Caucasian,0,0,0,2.0,-1.0,F,Agg Battery Grt/Bod/Harm,0,0,,2,Low,0
Male,Less than 25,Other,0,0,0,1.0,0.0,M,Operating W/O Valid License,1,0,Operating W/O Valid License,1,Low,0
Female,25 - 45,Hispanic,0,0,0,0.0,-1.0,F,Grand Theft (Motor Vehicle),0,0,,0,Low,0
Male,Greater than 45,African-American,0,0,0,7.0,0.0,M,Aggravated Battery / Pregnant,1,0,Trespass/Property/Other Structure,7,Low,1
Male,25 - 45,Native American,0,0,0,2.0,-1.0,F,Grand Theft (Motor Vehicle),1,0,Fail Register Vehicle,2,Low,1
Female,Less than 25,Other,0,0,0,0.0,-1.0,M,Possession of Benzylpiperazine,0,0,,0,Low,0
Female,Less than 25,Asian,0,0,0,0.0,-3.0,F,Lewd/Lasc Battery Pers 12+/<16,0,0,,0,Medium,0
Male,Less than 25,Other,0,0,0,0.0,-1.0,M,Battery,0,0,,0,Low,0
Male,25 - 45,Other,4,0,0,12.0,0.0,F,Possession of Cocaine,1,0,Operating W/O Valid License,11,High,0
Female,Greater than 45,African-American,0,0,0,11.0,-1.0,F,Felony Petit Theft,1,0,Sexual Battery Victim 12 Yrs +,11,Low,1
Male,Greater than 45,Hispanic,0,0,0,0.0,-3.0,F,Burglary Dwelling Occupied,1,0,Operating W/O Valid License,0,Low,1
Female,25 - 45,Caucasian,0,0,0,8.0,-29.0,F,Possession of Cocaine,1,0,Petit Theft $100- $300,8,Medium,1
Male,Greater than 45,Caucasian,0,0,0,0.0,0.0,M,Prostitution,1,0,Possession Of Alprazolam,0,Low,1
Female,Greater than 45,African-American,0,1,0,1.0,0.0,M,Battery,0,0,,1,Medium,0
Male,25 - 45,Other,0,0,0,2.0,-1.0,F,Violation License Restrictions,1,1,Possession Of Methamphetamine,2,Low,1
Male,Greater than 45,Other,0,0,0,1.0,0.0,F,Battery,0,0,,1,Low,0
Female,25 - 45,Caucasian,0,0,0,0.0,-1.0,F,Aggravated Assault W/Dead Weap,0,0,,0,Low,0
Male,Less than 25,Asian,2,0,0,11.0,-1.0,F,Battery On Fire Fighter,0,0,,11,Low,0
Male,Greater than 45,Caucasian,0,0,0,0.0,0.0,F,Aggravated Assault W/Dead Weap,0,0,,0,Low,0
Male,25 - 45,Hispanic,0,1,3,4.0,-1.0,M,Battery,1,0,Possess Cannabis/20 Grams Or Less,4,Low,1
Male,25 - 45,Asian,0,0,0,8.0,-1.0,F,arrest case no charge,0,0,,8,High,0
Male,Greater than 45,African-American,0,0,0,2.0,-1.0,F,arrest case no charge,0,0,,2,Low,0
Male,Greater than 45,Caucasian,2,0,0,15.0,-1.0,F,Driving While License Revoked,1,0,Fail Obey Driv Lic Restrictions,15,High,1
Male,25 - 45,Hispanic,1,0,0,26.051583999611772,-1.0,F,arrest case no charge,1,1,Retaliate Wit/Vict No Injury,24,High,1
Male,Less than 25,Native American,0,0,0,6.0,-1.0,M,Battery,0,0,,6,Medium,0
Male,25 - 45,Other,0,0,0,0.0,0.0,F,Burglary Structure Unoccup,1,0,Prowling/Loitering,0,Low,1
Female,25 - 45,Native American,0,7,2,12.0,-1.0,F,Possession of Cocaine,1,0,DOC/Fighting/Threatening Words,12,High,1
Male,25 - 45,Other,0,1,0,24.940199496499794,0.0,M,Driving While License Revoked,1,1,Driving While License Revoked,24,High,1
Male,25 - 45,Hispanic,0,0,1,2.0,0.0,M,Battery,0,0,,2,Low,0
Male,Less than 25,Hispanic,0,0,0,0.0,-1.0,F,Deliver Cocaine 1000FT Church,1,0,Trespass Struct/Conveyance,0,Medium,1
Female,Less than 25,Hispanic,0,0,0,12.0,-22.015097264239408,F,Interfere W/Traf Cont Dev RR,1,0,Trespass/Property/Other Structure,12,Low,1
Female,25 - 45,Hispanic,0,0,0,0.0,-1.0,F,Aggravated Assault W/Dead Weap,0,0,,0,Medium,0
Female,25 - 45,Asian,0,0,0,2.0,-1.0,M,arrest case no charge,0,0,,2,Medium,0
Male,Greater than 45,Other,0,0,0,0.0,-1.0,M,Battery,0,0,,0,Low,0
Female,Greater than 45,Asian,0,1,0,2.0,-1.0,F,arrest case no charge,1,0,Possess Cannabis/20 Grams Or Less,2,Medium,1
Female,25 - 45,Asian,0,0,0,4.0,0.0,M,Battery,1,1,POSSESS FIELD BOX WITH REGISTERED MARK,4,Low,1
Male,Greater than 45,Other,0,0,0,3.0,-10.0,F,Agg Battery Grt/Bod/Harm,1,1,Battery,3,Low,0
Female,25 - 45,Native American,0,0,0,1.0,-1.0,M,Battery,1,0,DUI Level 0.15 Or Minor In Veh,1,Low,1
Male,25 - 45,Native American,0,0,0,3.0,0.0,M,Expired DL More Than 6 Months,1,0,Susp Drivers Lic 1st Offense,3,Medium,1
Female,25 - 45,Hispanic,0,0,0,0.0,-1.0,F,Poss Of RX Without RX,1,0,Grand Theft (Motor Vehicle),0,Low,1
Male,Less than 25,Other,0,0,0,1.0,-6.0,M,Petit Theft,0,0,,1,Low,0
Female,25 - 45,Hispanic,0,0,0,7.0,-1.0,F,arrest case no charge,0,0,,7,Low,0
Female,25 - 45,Hispanic,0,0,0,0.0,0.0,M,Battery,0,0,,0,Low,0
Female,Greater than 45,Asian,0,0,0,4.0,0.0,M,DUI Property Damage/Injury,0,0,,4,Medium,0
Female,Less than 25,Hispanic,0,0,0,0.0,-1.0,M,Battery,0,0,,0,Low,0
Female,Greater than 45,Caucasian,0,0,0,0.0,-1.0,M,Battery,0,0,,0,Low,0
Female,Greater than 45,African-American,0,0,0,1.0,-1.0,M,Battery,0,0,,1,Low,0
Male,Greater than 45,Other,0,0,0,8.0,-8.0,F,Agg Battery Grt/Bod/Harm,1,0,Possession Of Alprazolam,8,Low,1
Male,Less than 25,Hispanic,0,0,0,2.0,-15.0,F,Possession of Cocaine,0,0,,2,Low,0
Female,Less than 25,Asian,0,0,0,3.0,-21.0,F,arrest case no charge,0,0,,3,Low,0
Male,Less than 25,African-American,0,0,1,2.0,-1.0,F,Deliver Cocaine 1000FT Church,1,0,Felony Driving While Lic Suspd,2,Low,1
Male,Greater than 45,Caucasian,0,0,0,1.0,-7.936093336519448,F,Poss Pyrrolidinovalerophenone,0,0,,1,Low,0
Male,Less than 25,Native American,0,0,0,1.0,-1.0,F,arrest case no charge,0,0,,1,Medium,0
Female,25 - 45,African-American,0,0,0,10.0,-8.0,F,arrest case no charge,1,0,Susp Drivers Lic 1st Offense,10,Medium,1
Male,Less than 25,African-American,0,1,0,3.0,-1.0,F,arrest case no charge,0,0,,3,Medium,0
Male,25 - 45,African-American,0,0,0,0.0,-1.0,F,Burglary Structure Unoccup,0,0,,0,Medium,0
Female,Less than 25,Native American,0,0,0,0.0,-1.0,F,Obstruct Officer W/Violence,1,0,Poss Of RX Without RX,0,Low,1
Male,Less than 25,Asian,0,0,0,6.0,-1.0,M,Battery,1,0,DOC/Fighting/Threatening Words,6,Medium,1
Male,25 - 45,Caucasian,0,0,0,0.0,0.0,F,Viol Prot Injunc Repeat Viol,1,0,Operating W/O Valid License,0,Low,1
Female,Greater than 45,African-American,0,0,0,3.0,-1.0,M,Battery,0,0,,3,Low,0
Male,25 - 45,Other,0,0,0,1.0,-30.0,F,arrest case no charge,0,0,,1,Low,0
Male,Less than 25,Asian,0,0,0,0.0,0.0,M,Grand Theft of a Fire Extinquisher,1,0,Possess Cannabis/20 Grams Or Less,0,Low,1
Male,Greater than 45,Hispanic,0,0,0,4.0,-6.0,F,arrest case no charge,1,0,,4,Low,1
Male,Less than 25,Other,0,0,0,3.0,-26.996643024739964,F,arrest case no charge,1,0,Criminal Mischief>$200<$1000,3,Medium,1
Female,25 - 45,Caucasian,0,0,0,0.0,-1.0,F,Grand Theft (Motor Vehicle),1,0,,0,Low,0
Female,Less than 25,Native American,0,1,0,14.0,-1.0,M,Battery,1,0,Grand Theft (Motor Vehicle),14,High,1
Male,Less than 25,Asian,0,0,0,1.0,-1.0,M,Battery,0,0,,1,Medium,0
Male,Greater than 45,Asian,0,0,0,0.0,0.0,M,Battery,0,0,,0,Low,0
Male,25 - 45,Hispanic,0,0,0,1.0,-1.0,F,arrest case no charge,0,0,,1,Low,0
Female,Greater than 45,Asian,0,0,0,2.0,-1.0,F,Poss Cntrft Contr Sub w/Intent,0,0,,2,Medium,0
Male,25 - 45,Asian,0,0,0,0.0,-1.0,M,Battery,0,0,,0,Low,0
Female,Less than 25,Hispanic,0,0,0,2.0,-1.0,F,arrest case no charge,0,0,,2,Medium,0
Female,Less than 25,African-American,0,0,0,0.0,0.0,F,Murder in the First Degree,0,0,,0,Medium,0
Male,25 - 45,African-American,0,0,0,0.0,0.0,F,Battery,0,0,,0,Low,0
Male,Greater than 45,Other,0,0,0,0.0,-1.0,M,Driving Under The Influence,0,0,,0,Low,0
Female,25 - 45,African-American,0,2,0,7.0,-1.0,F,Possession of Cocaine,1,0,Possess Cannabis/20 Grams Or Less,7,Medium,1
Male,Greater than 45,Caucasian,0,0,0,1.0,-1.0,F,Possession of Cocaine,1,0,Petit Theft $100- $300,1,Low,1
Female,Less than 25,Caucasian,0,0,1,8.0,-1.0,F,arrest case no charge,1,1,Trespass Struct/Conveyance,10,High,1
Male,Less than 25,Asian,0,0,0,3.0,0.0,F,Abuse Without Great Harm,1,0,,3,Low,1
Female,Greater than 45,African-American,0,0,0,8.0,-1.0,F,Driving While License Revoked,0,0,,8,Low,0
Female,Greater than 45,Hispanic,0,0,0,0.0,-1.0,M,Driving Under The Influence,1,0,Fraud Obtain/ Use Disable Permit,0,Low,1
Female,Less than 25,Hispanic,0,0,0,1.0,-1.0,M,Battery,1,1,Agg Fleeing/Eluding High Speed,1,High,1
Male,25 - 45,Native American,0,0,0,7.0,-1.0,F,Fabricating Physical Evidence,1,0,,6,Medium,1
Male,Greater than 45,Other,0,0,0,3.0,0.0,F,Aggrav Child Abuse-Agg Battery,0,0,,3,Low,0
Male,Greater than 45,African-American,0,0,0,1.0,-1.0,F,Possession of Cocaine,0,0,,1,Low,0
Male,Greater than 45,African-American,0,0,0,4.0,-1.0,F,Burglary Conveyance Unoccup,1,0,Trespass Struct/Conveyance,4,Low,1
Male,Greater than 45,Native American,0,0,2,10.0,-1.0,F,Resist Officer w/Violence,1,1,Fraudulent Use Credit Card,6,Medium,1
Female,25 - 45,African-American,0,0,0,27.044377162252932,-1.0,F,Felony Petit Theft,1,0,Unlawful Use Of License,26,High,1
Female,25 - 45,Asian,0,0,0,1.0,-1.0,F,Resist/Obstruct W/O Violence,1,0,Possess Cannabis/20 Grams Or Less,1,Low,1
Male,Less than 25,Caucasian,0,0,0,1.0,-1.0,F,arrest case no charge,1,0,,1,Low,0
Female,Greater than 45,Asian,1,2,0,3.0,-1.0,F,Battery,0,0,,3,Low,0
Male,25 - 45,African-American,0,0,0,3.0,0.0,F,Possession of Cocaine,0,0,,3,Low,0
Female,Greater than 45,Native American,0,0,0,0.0,0.0,F,Possession of Cocaine,0,0,,0,Low,0
Male,Less than 25,African-American,0,1,0,13.0,-1.0,F,Agg Battery Grt/Bod/Harm,1,0,Possess Cannabis/20 Grams Or Less,13,High,1
Male,25 - 45,Hispanic,0,0,0,1.0,-1.0,M,Battery,0,1,Fail Obey Driv Lic Restrictions,1,Low,1
Female,Greater than 45,Native American,0,0,0,4.0,0.0,F,arrest case no charge,1,0,Susp Drivers Lic 1st Offense,4,Medium,1
Male,25 - 45,Asian,0,0,0,2.0,-23.0,M,Grand Theft (Motor Vehicle),0,0,,2,Low,1
Female,25 - 45,Hispanic,0,0,0,4.0,-1.0,F,Tresspass Struct/Conveyance,1,0,Operating W/O Valid License,4,Low,1
Male,Greater than 45,African-American,0,0,0,1.0,-1.0,F,Felony DUI (level 3),0,0,,1,Low,0
Male,Less than 25,Hispanic,0,0,0,1.0,-1.0,F,Burglary Conveyance Unoccup,0,0,Grand Theft (Motor Vehicle),1,Low,0
Female,Less than 25,Other,0,0,0,3.0,-1.0,M,Battery,1,1,Felony Battery (Dom Strang),3,High,1
Male,Less than 25,Asian,2,0,0,6.0,-26.0,F,arrest case no charge,0,0,,6,Low,0
Female,Greater than 45,Asian,0,0,0,0.0,-7.0,F,Burglary Dwelling Occupied,0,0,,0,Low,0
Male,Greater than 45,Hispanic,0,0,0,3.0,-1.0,F,Possession of Cocaine,1,0,Purchase Of Cocaine,3,High,1
Female,Less than 25,Asian,0,0,0,10.0,0.0,F,Carry Open/Uncov Bev In Pub,0,0,,10,Low,0
Male,Greater than 45,African-American,0,0,0,2.0,-30.0,M,arrest case no charge,0,0,,2,Low,0
Female,Greater than 45,Hispanic,0,0,0,0.0,0.0,F,Grand Theft of a Fire Extinquisher,1,0,Prostitution,0,Medium,0
Male,Greater than 45,Caucasian,0,0,0,5.0,-1.0,F,Battery On Fire Fighter,1,1,Battery,5,Low,1
Male,Less than 25,Caucasian,0,0,0,0.0,-1.0,M,Resist/Obstruct W/O Violence,0,0,,0,Medium,0
Male,Greater than 45,Other,0,0,0,0.0,-1.0,F,Poss of Firearm by Convic Felo,1,0,Susp Drivers Lic 1st Offense,0,Low,1
Male,Less than 25,Caucasian,0,0,0,0.0,-1.0,F,Obstruct Officer W/Violence,0,0,,0,Low,0
Male,Greater than 45,Other,0,0,0,16.0,0.0,F,arrest case no charge,1,0,,16,High,1
Female,25 - 45,African-American,0,0,0,3.0,0.0,F,Possession of Cocaine,0,0,,3,Low,0
Male,Less than 25,Other,0,0,0,0.0,0.0,M,Driving Under The Influence,1,0,Operating W/O Valid License,0,Low,1
Female,Less than 25,Caucasian,0,1,0,1.0,0.0,F,arrest case no charge,1,0,Possess Cannabis/20 Grams Or Less,1,High,1
Female,25 - 45,Caucasian,0,0,0,1.0,0.0,M,Battery,0,0,,1,Low,0
Female,Greater than 45,African-American,0,0,0,1.0,0.0,M,Driving Under The Influence,0,0,,1,Low,0
Female,Less than 25,Caucasian,0,0,0,0.0,0.0,F,Battery,0,0,,0,Low,0
Female,25 - 45,Caucasian,0,0,0,1.0,-2.0,M,Possession of Benzylpiperazine,0,0,,1,Low,0
Female,Less than 25,Hispanic,0,0,0,9.0,-1.0,M,Battery,0,0,Petit Theft $100- $300,9,Medium,0
Male,25 - 45,Asian,0,0,0,1.0,-10.0,F,Murder in the First Degree,0,0,,1,Low,0
Female,Less than 25,Native American,0,0,0,10.0,20.807063891112506,F,Possession of Cocaine,1,1,Battery,10,High,1
Female,25 - 45,Native American,0,0,0,0.0,-1.0,F,Possession Of Alprazolam,0,0,,0,Low,0
Female,25 - 45,Caucasian,0,1,0,3.0,0.0,F,Possession of Benzylpiperazine,1,0,Possess Cannabis/20 Grams Or Less,3,Low,1
Female,Less than 25,Hispanic,0,0,0,12.0,-1.0,F,Driving While License Revoked,0,0,,12,Low,0
Male,25 - 45,Asian,0,0,0,1.0,0.0,F,Aggrav Child Abuse-Agg Battery,0,0,,1,Medium,0
Female,Less than 25,Native American,0,0,0,19.0,-1.0,F,Possession of Cocaine,1,1,Battery,19,Low,1
Male,25 - 45,Asian,0,0,0,0.0,-1.0,F,Driving While License Revoked,1,0,Operating W/O Valid License,0,Low,0
Female,Less than 25,Native American,0,1,0,6.0,-1.0,M,arrest case no charge,0,0,,6,Medium,0
Female,Greater than 45,Hispanic,1,1,0,6.0,-1.0,F,arrest case no charge,1,1,Battery,6,Medium,1
Female,25 - 45,African-American,0,0,0,0.0,-1.0,M,Driving Under The Influence,1,0,,0,Low,0
Male,25 - 45,African-American,0,0,0,0.0,-1.0,M,Viol Prot Injunc Repeat Viol,0,0,,0,Low,0
Female,25 - 45,African-American,0,0,0,9.0,-1.0,F,Poss Similitude of Drivers Lic,1,0,Criminal Mischief>$200<$1000,9,Medium,1
Male,Greater than 45,Asian,0,0,0,2.0,0.0,F,Poss Of RX Without RX,1,0,Possess Cannabis/20 Grams Or Less,2,Medium,1
Female,Greater than 45,Other,0,0,0,0.0,0.0,F,Poss Cntrft Contr Sub w/Intent,0,0,,0,Low,0
Male,Less than 25,Native American,0,0,0,9.0,-2.0,F,Lewd/Lasc Battery Pers 12+/<16,0,0,,9,Medium,0
Male,Less than 25,African-American,0,0,0,2.0,-1.0,M,Aggravated Battery / Pregnant,1,0,Felony Driving While Lic Suspd,2,Low,0
Female,Less than 25,Asian,0,0,0,0.0,-1.0,F,Possession of Cocaine,0,0,,0,High,0
Male,25 - 45,Caucasian,0,0,0,2.0,0.0,F,arrest case no charge,0,0,,2,Low,0
Female,Greater than 45,Hispanic,0,0,0,3.0,-1.0,F,Grand Theft (Motor Vehicle),1,1,Purchase Of Cocaine,2,High,1
Male,Greater than 45,Other,0,0,0,2.0,-1.0,F,arrest case no charge,0,0,,2,Low,1
Female,25 - 45,Native American,0,0,0,0.0,-1.0,F,Poss of Firearm by Convic Felo,0,0,,0,High,0
Female,25 - 45,Hispanic,0,0,0,2.0,0.0,F,Battery On Fire Fighter,1,0,Unlaw LicTag/Sticker Attach,2,Low,1
Female,Less than 25,African-American,0,0,0,2.0,-1.0,F,Poss Cntrft Contr Sub w/Intent,1,0,Susp Drivers Lic 1st Offense,2,Low,1
Male,25 - 45,African-American,0,0,0,1.0,-1.0,F,arrest case no charge,0,0,,1,Low,0
Female,Greater than 45,African-American,0,0,0,1.0,-1.0,F,Driving While License Revoked,1,0,Agg Fleeing/Eluding High Speed,1,High,1
Male,Less than 25,Hispanic,0,0,0,8.0,-1.0,M,Burglary Conveyance Assault/Bat,1,1,Agg Fleeing/Eluding High Speed,8,Medium,0
Female,Greater than 45,Other,0,0,0,2.0,-1.0,M,Prostitution,0,0,,2,Medium,0
Male,Less than 25,Caucasian,0,0,0,0.0,-1.0,M,Battery,0,0,,0,Low,0
Female,Greater than 45,Native American,0,0,0,2.0,-1.0,F,arrest case no charge,0,0,,2,Low,0
Male,Less than 25,Caucasian,0,0,0,0.0,-1.0,M,Battery,0,0,,0,Low,0
Male,25 - 45,Hispanic,0,0,0,5.0,16.232287187696386,F,Driving While License Revoked,1,0,Possess Drug Paraphernalia,5,Medium,1
Male,Less than 25,Hispanic,0,0,0,8.0,-1.0,F,Possession of Codeine,0,0,,8,Low,0
Male,Greater than 45,Caucasian,0,0,0,0.0,0.0,M,Driving Under The Influence,0,0,,0,Low,0
Female,Greater than 45,Native American,0,0,0,0.0,-1.0,F,Exposes Culpable Negligence,0,0,,0,Low,0
Male,25 - 45,Asian,0,0,0,8.0,0.0,M,Carry Open/Uncov Bev In Pub,1,0,,8,High,0
Female,Less than 25,Native American,0,0,0,0.0,-1.0,F,Possession of Cocaine,0,0,,0,Low,0
Female,25 - 45,African-American,0,0,0,2.0,-1.0,F,Possession Of Alprazolam,0,0,,2,Low,0
Female,25 - 45,Other,0,0,0,3.0,-1.0,F,Driving While License Revoked,0,0,,3,Low,0
Male,Less than 25,Other,0,0,0,0.0,0.0,F,Battery On Fire Fighter,1,0,Operating W/O Valid License,0,Low,0
Female,25 - 45,Other,0,0,0,1.0,-1.0,F,Felony Petit Theft,1,0,Petit Theft $100- $300,1,High,1
Female,Less than 25,Caucasian,0,0,0,1.0,-1.0,F,Possession of Cocaine,1,0,Possess Drug Paraphernalia,1,Low,1
Male,Less than 25,Caucasian,0,0,0,0.0,-1.0,M,Battery,0,0,,0,Low,0
Female,Greater than 45,Caucasian,0,0,0,1.0,-21.0,F,Aggravated Assault W/Dead Weap,0,0,,1,Low,0
Female,25 - 45,African-American,0,0,0,0.0,0.0,M,Battery,1,0,Prostitution,0,Medium,1
Male,Less than 25,Native American,0,1,0,1.0,-1.0,F,Carry Open/Uncov Bev In Pub,1,0,Driving While License Revoked,1,High,1
Female,Greater than 45,Other,0,0,0,16.0,-1.0,F,arrest case no charge,1,0,Possess Cannabis/20 Grams Or Less,16,High,1
Male,Less than 25,Hispanic,0,0,0,0.0,-1.0,F,Burglary Dwelling Occupied,0,0,,0,Low,0
Male,25 - 45,Hispanic,0,0,0,0.0,0.0,F,Possession of Benzylpiperazine,0,0,,0,Medium,0
Male,25 - 45,Hispanic,0,0,0,3.0,-1.0,F,Aggrav Child Abuse-Agg Battery,1,0,Fail Register Vehicle,3,Low,1
Female,25 - 45,Hispanic,0,0,0,4.0,-1.0,F,Possession of Cocaine,0,0,,4,High,0
Male,25 - 45,African-American,0,0,0,0.0,0.0,F,Unlaw Use False Name/Identity,0,0,,0,High,0
Female,25 - 45,Asian,0,0,0,0.0,0.0,M,Battery,0,0,,0,Low,0
Male,25 - 45,Caucasian,0,0,1,11.0,-1.0,F,Possession of Cocaine,1,0,Grand Theft (Motor Vehicle),11,High,1
Male,Greater than 45,Native American,0,1,3,10.0,-1.0,F,Interfere W/Traf Cont Dev RR,1,0,DWLS Habitual Offender 2nd,10,Medium,1
Male,25 - 45,Other,0,0,0,1.0,0.0,M,Murder in the First Degree,0,0,,1,High,0
Female,Greater than 45,Other,0,2,0,6.0,-1.0,F,arrest case no charge,0,0,,6,High,0
Male,Greater than 45,African-American,0,0,0,1.0,0.0,F,Poss Similitude of Drivers Lic,0,0,,1,Low,0
Male,25 - 45,African-American,0,0,0,9.0,-1.0,F,False Name By Person Arrest,1,0,,9,High,1
Female,Greater than 45,Caucasian,0,0,0,7.0,-1.0,F,Possession of Cocaine,1,1,Possess Drug Paraphernalia,7,High,1
Male,Less than 25,Native American,0,1,0,1.0,0.0,M,Aggravated Assault w/Firearm,1,1,Fraud Obtain Driver License,1,High,0
Male,Greater than 45,African-American,1,0,0,2.0,-1.0,F,arrest case no charge,0,0,,2,High,0
Female,Less than 25,African-American,0,0,0,1.0,-1.0,M,Driving Under The Influence,0,0,,1,Low,0
Male,25 - 45,African-American,0,2,1,13.0,-1.0,F,Resist Officer w/Violence,1,1,Deliver Cannabis,13,High,1
Female,25 - 45,African-American,0,0,0,6.0,0.0,F,Interfere W/Traf Cont Dev RR,1,0,,6,High,1
Male,25 - 45,Native American,0,0,0,3.0,0.0,M,Battery,1,0,Leave Acc/Attend Veh/More $50,3,Low,1
Female,Less than 25,Native American,0,0,0,1.0,-7.532214397883301,F,Abuse Without Great Harm,1,0,Fail Register Vehicle,1,Low,0
Male,25 - 45,Other,0,0,0,3.0,0.0,M,Driving Under The Influence,0,0,,3,Medium,0
Female,25 - 45,Native American,0,0,0,0.0,0.0,M,Driving Under The Influence,0,0,,0,Low,0
Male,Greater than 45,Caucasian,0,0,0,2.0,-26.0,M,Battery,0,0,,2,Low,0
Female,Less than 25,Hispanic,0,1,0,6.0,-8.0,M,arrest case no charge,0,0,,6,Medium,0
Female,Greater than 45,Caucasian,0,0,0,0.0,-1.0,F,Burglary Conveyance Unoccup,0,0,,0,Low,0
Male,Greater than 45,Native American,0,0,1,1.0,-1.0,F,Aggrav Child Abuse-Agg Battery,1,0,Possess Cannabis/20 Grams Or Less,1,High,1
Male,25 - 45,Caucasian,0,0,0,0.0,-1.0,M,DUI Property Damage/Injury,0,0,,0,Low,0
Female,25 - 45,Hispanic,0,0,0,0.0,0.0,M,Battery,0,0,,0,Low,0
Female,Greater than 45,African-American,0,0,0,1.0,-1.0,F,Abuse Without Great Harm,0,0,,1,High,0
Male,Less than 25,Asian,0,0,0,0.0,-1.0,M,Battery,1,0,Felony Driving While Lic Suspd,0,Medium,1
Female,Greater than 45,African-American,0,0,0,0.0,-1.0,M,Possession of Cocaine,1,0,Possession Of Alprazolam,0,Medium,0
Female,25 - 45,Hispanic,0,0,0,2.0,-17.012870454286983,M,Viol Prot Injunc Repeat Viol,0,0,,2,Low,0
Male,Greater than 45,Caucasian,0,0,0,2.0,-1.0,F,Abuse Without Great Harm,0,0,,2,Medium,0
Male,25 - 45,African-American,0,1,1,4.0,-1.0,M,Leaving the Scene of Accident,1,1,Deliver Cannabis,5,Medium,1
Female,Greater than 45,Caucasian,0,0,1,11.0,-1.0,F,arrest case no charge,1,1,Battery,10,Medium,1
Male,25 - 45,African-American,0,0,0,0.0,-1.0,F,Poss Of RX Without RX,1,0,Possession Of Methamphetamine,0,Low,1
Female,25 - 45,Native American,0,0,0,2.0,0.0,F,Obstruct Officer W/Violence,1,0,DUI Level 0.15 Or Minor In Veh,2,Medium,1
Male,25 - 45,Other,0,0,0,2.0,-1.0,F,Aggrav Child Abuse-Agg Battery,0,0,,2,Low,0
Female,Greater than 45,Hispanic,0,0,0,8.0,-1.0,F,Fabricating Physical Evidence,1,0,Trespass Struct/Conveyance,8,High,1
Female,25 - 45,African-American,0,0,0,1.0,-1.0,M,DUI Property Damage/Injury,0,0,,1,Low,1
Female,Greater than 45,Caucasian,0,0,0,5.0,-20.852515500657866,F,Depriv LEO of Protect/Communic,0,0,,5,Low,0
Female,25 - 45,African-American,0,0,0,2.0,-1.0,M,Tamper With Witness,0,0,,2,Low,0
Male,25 - 45,Native American,0,0,0,4.0,-1.0,M,Battery,1,0,Operating W/O Valid License,4,Low,1
Male,Less than 25,Other,0,0,0,6.0,-10.0,M,Burglary Conveyance Unoccup,1,0,Driving While License Revoked,6,Low,1
Male,Greater than 45,Asian,1,0,0,1.0,-1.0,F,arrest case no charge,1,0,Prowling/Loitering,1,High,1
Male,Less than 25,Native American,0,0,0,3.0,-1.0,F,Driving While License Revoked,1,0,Operating W/O Valid License,3,Medium,1
Male,Greater than 45,African-American,0,0,0,2.0,0.0,M,Aggrav Child Abuse-Causes Harm,1,0,Susp Drivers Lic 1st Offense,2,Low,1
Male,Less than 25,Caucasian,0,0,0,1.0,0.0,M,Possession of Benzylpiperazine,0,0,,1,Low,0
Male,Less than 25,Other,0,0,0,2.0,-1.0,F,Violation License Restrictions,1,1,Unlawful Use Of License,2,High,1
Male,25 - 45,Caucasian,0,0,0,0.0,0.0,F,Carry Open/Uncov Bev In Pub,1,1,DUI Level 0.15 Or Minor In Veh,0,Low,1
Male,Less than 25,African-American,0,0,0,0.0,-1.0,M,DUI Property Damage/Injury,0,0,,0,Low,0
Female,Greater than 45,Hispanic,0,0,0,0.0,0.0,M,arrest case no charge,0,0,,0,Low,0
Male,Less than 25,Hispanic,0,0,0,11.0,-1.0,F,Felony Petit Theft,0,0,,11,Low,0
Female,25 - 45,Asian,0,0,0,25.225514462953427,-1.0,F,Possession of Cocaine,1,1,Battery,25,High,1
Female,25 - 45,Asian,0,0,0,2.0,-1.0,F,arrest case no charge,0,0,,2,Low,0
Male,Greater than 45,Hispanic,0,0,0,0.0,-1.0,M,Abuse Without Great Harm,0,0,,0,Medium,0
Male,Less than 25,African-American,0,0,0,0.0,0.0,M,Trans/Harm/Material to a Minor,0,0,,0,Low,0
Male,Less than 25,African-American,0,0,0,0.0,-1.0,F,Driving While License Revoked,0,0,,0,Low,0
Male,Greater than 45,Other,1,0,0,5.0,28.956135231291256,F,Possession of Cocaine,0,0,,5,Low,0
Female,25 - 45,Other,0,0,0,5.0,-1.0,F,Carry Open/Uncov Bev In Pub,0,0,,5,Low,0
Male,Greater than 45,Caucasian,1,0,0,7.0,-1.0,M,Viol Prot Injunc Repeat Viol,1,0,Burglary Structure Unoccup,7,High,1
Male,Greater than 45,Native American,0,1,0,1.0,0.0,F,Possession of Cocaine,1,0,Reckless Driving,1,High,1
Female,Greater than 45,Hispanic,0,0,0,1.0,-1.0,M,Shoot Into Vehicle,0,0,,1,Medium,0
Male,25 - 45,Native American,0,0,0,2.0,0.0,F,Possession Of Alprazolam,0,0,,2,Medium,0
Male,Greater than 45,Hispanic,0,0,0,0.0,0.0,M,Poss Of RX Without RX,0,0,,0,Low,0
Female,25 - 45,Hispanic,0,0,0,0.0,-1.0,M,Battery,1,0,Petit Theft $100- $300,0,Low,1
Male,25 - 45,Native American,0,0,0,1.0,-3.0,F,arrest case no charge,0,0,,1,Low,0
Male,Greater than 45,Hispanic,0,0,0,0.0,0.0,M,Driving Under The Influence,0,0,,0,Low,0
Male,25 - 45,Caucasian,0,0,0,0.0,-1.0,F,Possession of Cocaine,0,0,,0,Medium,0
Female,Less than 25,Asian,0,0,0,5.0,-1.0,F,Unl/Disturb Education/Instui,0,0,Susp Drivers Lic 1st Offense,5,High,1
Male,25 - 45,African-American,0,0,0,0.0,-1.0,M,Driving Under The Influence,0,0,,0,Low,0
Male,Less than 25,Caucasian,0,0,0,0.0,0.0,M,Battery,1,1,Battery,0,Medium,1
Female,Greater than 45,Hispanic,0,0,0,5.0,-1.0,M,Reckless Driving,1,1,Battery,5,Medium,1
Male,Greater than 45,Asian,0,0,0,0.0,-1.0,M,Trans/Harm/Material to a Minor,0,0,,0,Low,1
Female,Less than 25,Caucasian,0,0,0,4.0,-1.0,M,Battery,1,0,Susp Drivers Lic 1st Offense,4,Low,1
Male,Greater than 45,African-American,0,2,0,19.0,-1.0,F,Possession of Cocaine,1,0,Driving While License Revoked,19,High,1
Male,Greater than 45,Asian,0,0,0,0.0,-3.0,M,Grand Theft of a Fire Extinquisher,0,0,,0,Low,0
Female,Greater than 45,Asian,0,0,0,0.0,0.0,F,Uttering Forged Bills,0,0,,0,Low,0
Male,25 - 45,Hispanic,0,0,0,2.0,0.0,F,arrest case no charge,0,0,,2,Low,0
Male,Less than 25,Native American,0,0,0,2.0,-1.0,F,Uttering Worthless Check +$150,1,0,Unlaw LicTag/Sticker Attach,2,Low,1
Male,Greater than 45,Asian,0,0,0,8.0,-1.0,F,Driving While License Revoked,0,0,,8,Low,0
Female,Less than 25,Caucasian,0,0,0,4.0,-1.0,F,arrest case no charge,1,0,Sexual Battery Victim 12 Yrs +,4,High,1
Male,25 - 45,Hispanic,0,0,0,0.0,-1.0,F,License Suspended Revoked,0,0,,0,Low,0
Female,25 - 45,Native American,0,0,0,0.0,-1.0,F,Grand Theft (Motor Vehicle),0,0,,0,Low,0
Male,Less than 25,Other,0,0,0,3.0,-1.0,M,Battery,1,1,Unlaw Pos of Prson ID of another,3,Low,1
Male,Less than 25,Other,0,0,0,3.0,-1.0,F,Agg Battery Grt/Bod/Harm,0,0,,3,Low,0
Female,Greater than 45,Native American,0,0,0,1.0,-11.069352040702004,F,Aggravated Assault W/Dead Weap,0,0,,1,Low,0
Male,25 - 45,African-American,0,0,0,0.0,-1.0,M,Battery,0,0,,0,Low,0
Male,Less than 25,Caucasian,0,0,0,0.0,-1.0,F,arrest case no charge,0,0,,0,High,0
Male,25 - 45,Caucasian,0,0,0,0.0,-1.0,M,Uttering Worthless Check +$150,1,0,Possess Cannabis/20 Grams Or Less,0,Low,1
Male,Less than 25,Native American,0,0,0,0.0,-1.0,F,Harm Public Servant Or Family,0,0,,0,Low,0
Male,Less than 25,Caucasian,0,0,0,0.0,0.0,M,DUI Property Damage/Injury,0,0,,0,Low,0
Female,25 - 45,Asian,0,0,0,0.0,0.0,F,Possession of Cocaine,0,0,,0,Low,0
Female,Greater than 45,Hispanic,0,0,0,3.0,-1.0,M,Battery,0,0,,3,Medium,0
Female,Less than 25,Hispanic,1,0,1,3.0,-1.0,F,Burglary Unoccupied Dwelling,0,0,,3,High,0
Male,Greater than 45,African-American,0,0,0,1.0,-1.0,F,Viol Prot Injunc Repeat Viol,0,0,,1,Low,0
Female,25 - 45,African-American,0,0,0,3.0,0.0,M,Viol Prot Injunc Repeat Viol,1,0,Petit Theft $100- $300,3,Low,1
Male,Less than 25,Hispanic,0,0,0,0.0,-1.0,M,Battery,0,0,,0,Low,0
Female,25 - 45,Caucasian,0,0,0,1.0,-1.0,M,Battery,0,0,,1,Medium,1
Female,Less than 25,Hispanic,0,0,0,3.0,-19.4930806772664,F,Uttering Forged Bills,1,0,Burglary Structure Unoccup,3,Low,1
Female,25 - 45,Other,0,0,0,0.0,-1.0,M,arrest case no charge,0,0,,0,Low,0
Female,Greater than 45,Hispanic,0,0,0,28.6527286538748,-1.0,F,Poss Pyrrolidinovalerophenone,1,0,Driving While License Revoked,28,Medium,1
Male,Less than 25,Other,0,1,1,2.0,-1.0,F,arrest case no charge,1,0,Exposes Culpable Negligence,2,Low,1
Male,25 - 45,Caucasian,0,0,0,3.0,-1.0,M,arrest case no charge,0,0,,3,Medium,0
Male,Greater than 45,Hispanic,0,0,0,11.0,-1.0,F,Unlaw Use False Name/Identity,1,0,Grand Theft (Motor Vehicle),11,High,0
Male,25 - 45,Native American,0,0,0,0.0,-2.0,M,Petit Theft,0,0,,0,Medium,0
Male,25 - 45,Caucasian,0,0,0,1.0,-1.0,F,Burglary Structure Unoccup,0,0,,1,Low,0
Male,Less than 25,Caucasian,0,0,0,8.0,-1.0,F,Prostitution,1,1,Felony Battery (Dom Strang),8,Medium,1
Male,25 - 45,Asian,0,0,0,0.0,0.0,F,"Poss Of 1,4-Butanediol",0,0,,0,Low,0
Male,Less than 25,African-American,0,0,0,0.0,0.0,F,Burglary Dwelling Occupied,0,0,,0,Low,0
Male,25 - 45,Caucasian,0,0,0,11.0,-13.0,F,Possession of Cocaine,1,0,Exposes Culpable Negligence,11,Low,1
Male,25 - 45,Native American,0,0,0,2.0,-1.0,F,arrest case no charge,1,0,Petit Theft $100- $300,2,Low,0
Male,Greater than 45,Caucasian,0,0,0,1.0,0.0,M,Battery,0,0,,1,Low,0
Female,Less than 25,African-American,0,0,0,0.0,0.0,F,Agg Battery Grt/Bod/Harm,1,0,Felony Petit Theft,0,Medium,1
Male,Greater than 45,Native American,0,0,0,0.0,-1.0,F,Poss Pyrrolidinovalerophenone,1,0,Petit Theft $100- $300,0,Medium,1
Female,25 - 45,Caucasian,0,0,0,0.0,-2.0,F,Unl/Disturb Education/Instui,0,0,,0,Low,0
Male,Greater than 45,Native American,0,0,0,1.0,-3.0,F,arrest case no charge,0,0,,1,Low,0
Male,Greater than 45,African-American,0,0,0,0.0,-1.0,M,Driving Under The Influence,0,0,,0,Low,0
Male,Greater than 45,Other,0,0,0,0.0,-1.0,F,License Suspended Revoked,1,1,DOC/Fighting/Threatening Words,0,Medium,1
Female,Greater than 45,Hispanic,0,0,0,4.0,-1.0,M,Battery,1,0,Susp Drivers Lic 1st Offense,4,Medium,1
Male,Less than 25,Asian,0,0,1,0.0,-1.0,F,Battery On Fire Fighter,0,0,Felony Petit Theft,0,High,1
Female,25 - 45,Other,0,0,0,8.0,-1.0,F,arrest case no charge,0,0,,8,Medium,0
Female,25 - 45,African-American,0,0,0,0.0,-2.0,M,Aide/Abet Prostitution Lewdness,0,0,,0,Low,0
Female,Greater than 45,African-American,0,0,0,15.0,-1.0,F,Poss of Firearm by Convic Felo,1,0,Purchase Of Cocaine,15,High,1
Male,Greater than 45,Asian,0,1,0,14.0,-1.0,F,Driving While License Revoked,1,0,Trespassing,14,Medium,1
Male,Less than 25,African-American,0,0,0,1.0,-1.0,F,Aide/Abet Prostitution Lewdness,1,0,Prowling/Loitering,1,Medium,1
Male,Greater than 45,Caucasian,0,0,0,6.0,22.2211297190185,F,Driving While License Revoked,1,0,Susp Drivers Lic 1st Offense,6,Low,1
Female,Greater than 45,Native American,0,0,0,0.0,0.0,M,DUI Property Damage/Injury,0,0,,0,Low,0
Male,Less than 25,Asian,0,0,1,1.0,-4.0,F,arrest case no charge,1,0,Unlaw LicTag/Sticker Attach,1,Medium,1
Female,25 - 45,Asian,0,0,1,2.0,0.0,F,Possession of Cocaine,0,0,,2,Medium,0
Female,25 - 45,African-American,0,0,0,0.0,-1.0,F,Tresspass Struct/Conveyance,1,0,Petit Theft $100- $300,0,Low,1
Female,Less than 25,African-American,0,0,1,1.0,-1.0,F,arrest case no charge,0,0,,1,High,0
Male,25 - 45,African-American,0,0,0,0.0,0.0,M,Resist/Obstruct W/O Violence,0,0,,0,Low,0
Female,25 - 45,Asian,0,0,0,2.0,-3.0,F,Possession of Cocaine,1,0,Prostitution,2,Medium,1
Male,25 - 45,Native American,0,0,0,1.0,-1.0,F,Possession Of Alprazolam,1,1,Battery,1,Low,1
Male,25 - 45,Native American,0,0,0,1.0,-1.0,F,Possession of Cocaine,1,1,POSSESS FIELD BOX WITH REGISTERED MARK,1,High,1
Male,Less than 25,Other,0,0,0,7.0,0.0,F,Abuse Without Great Harm,1,0,Petit Theft $100- $300,7,High,1
Male,Greater than 45,Hispanic,0,0,0,0.0,-1.0,M,DUI Property Damage/Injury,0,0,,0,Medium,0
Female,25 - 45,Native American,0,0,0,0.0,-5.0,F,Refuse Submit Blood/Breath Test,0,0,,0,Medium,0
Male,25 - 45,Asian,0,0,0,0.0,0.0,F,Battery,0,0,,0,Low,0
Male,Greater than 45,Other,0,0,0,3.0,6.1710955295367,F,Tresspass Struct/Conveyance,0,0,,3,High,0
Male,Less than 25,Native American,0,0,0,0.0,0.0,M,Battery,0,0,,0,Low,0
Male,Greater than 45,Other,0,0,0,1.0,-3.0,F,Poss Cntrft Contr Sub w/Intent,0,0,,1,Low,0
Male,Greater than 45,Asian,0,0,0,0.0,0.0,F,Aggravated Assault W/Dead Weap,1,0,Sexual Battery Victim 12 Yrs +,0,Low,1
Male,Greater than 45,Hispanic,0,0,0,2.0,0.0,F,arrest case no charge,0,0,,2,Medium,0
Male,25 - 45,Caucasian,0,0,0,7.0,0.0,F,Grand Theft (Motor Vehicle),1,1,Purchase Of Cocaine,7,High,1
Female,Less than 25,Native American,0,0,0,0.0,-1.0,M,Aide/Abet Prostitution Lewdness,0,0,,0,Low,0
Female,Less than 25,Hispanic,0,0,0,1.0,-15.659331553166695,F,Tresspass Struct/Conveyance,1,0,Possess Drug Paraphernalia,1,Low,1
Male,Less than 25,African-American,0,0,0,6.0,-1.0,F,Grand Theft (Motor Vehicle),1,0,Possess Cannabis/20 Grams Or Less,6,High,1
Male,25 - 45,Native American,0,0,0,2.0,-1.0,F,Aggravated Assault W/Dead Weap,1,0,Fail Register Vehicle,2,Medium,1
Female,25 - 45,Hispanic,0,0,0,1.0,-1.0,F,Grand Theft of a Fire Extinquisher,0,0,,1,Medium,0
Male,Less than 25,Other,0,0,0,2.0,-1.0,M,Battery,0,0,,2,Low,0
Male,25 - 45,Asian,0,0,0,1.0,1.6055960980129065,F,Expired DL More Than 6 Months,1,0,Unlaw LicTag/Sticker Attach,1,Low,1
Male,Less than 25,Other,0,0,0,2.0,0.0,M,Resist/Obstruct W/O Violence,0,0,Criminal Mischief>$200<$1000,2,Low,0
Female,25 - 45,Hispanic,0,0,1,2.0,-2.0,F,Shoot Into Vehicle,0,0,,2,High,0
Female,Less than 25,Asian,0,0,0,1.0,0.0,M,Tresspass Struct/Conveyance,0,0,,1,Medium,0
Female,Greater than 45,Hispanic,0,0,0,5.0,-1.0,M,arrest case no charge,0,0,,5,Low,0
Male,Less than 25,Asian,0,0,0,11.0,-1.0,F,arrest case no charge,1,0,Trespass Structure/Conveyance,11,Medium,1
Female,25 - 45,Native American,0,0,0,2.0,-20.0,F,Aggravated Assault W/Dead Weap,0,0,,2,Medium,0
Male,Greater than 45,Caucasian,0,0,0,7.0,-18.828510593598768,F,arrest case no charge,1,0,Operating W/O Valid License,7,Low,1
Female,Less than 25,African-American,0,0,0,2.0,-1.0,F,Trespassing/Construction Site,0,0,,2,Medium,0
Female,Greater than 45,Native American,0,0,0,3.0,-1.0,M,Murder in the First Degree,1,0,Burglary Structure Unoccup,3,Low,0
Male,Greater than 45,Native American,0,0,0,1.0,-1.0,F,Possession of Cocaine,1,0,Susp Drivers Lic 1st Offense,1,Low,1
Male,Less than 25,Caucasian,0,0,0,0.0,-2.0,M,Trespassing/Construction Site,0,0,,0,Medium,0
Male,Greater than 45,Other,0,0,0,0.0,-2.0,F,Viol Prot Injunc Repeat Viol,0,0,,0,Low,0
Male,25 - 45,Asian,0,0,0,0.0,-1.0,M,Battery,1,0,Trespass Struct/Conveyance,0,Medium,1
Male,Greater than 45,Native American,0,0,0,0.0,-1.0,F,Aide/Abet Prostitution Lewdness,0,0,Trespass Struct/Conveyance,0,Low,0
Male,Less than 25,Caucasian,0,0,0,0.0,-1.0,F,Possession of Benzylpiperazine,0,0,,0,Low,0
Male,Greater than 45,Caucasian,0,0,0,0.0,-1.0,M,Battery,0,0,,0,Low,0
Female,Less than 25,Caucasian,2,0,0,12.948636143604036,-1.0,M,arrest case no charge,0,0,,12,High,0
Female,25 - 45,African-American,0,0,0,0.0,-1.0,M,Battery,1,1,Prostitution,0,Low,1
Male,25 - 45,Asian,0,0,0,2.0,-1.0,M,Deliver Cocaine 1000FT Church,0,0,,2,Low,0
Male,Greater than 45,Other,0,0,0,2.0,0.0,M,Driving Under The Influence,1,0,Viol Injunct Domestic Violence,2,Low,1
Female,Greater than 45,African-American,0,0,0,4.0,-2.0,F,Driving Under The Influence,1,0,Possess Cannabis/20 Grams Or Less,4,Low,1
Female,Greater than 45,African-American,0,0,0,0.0,-1.0,M,Battery,0,0,,0,Low,0
Male,25 - 45,Asian,1,0,0,1.0,27.300950695362232,F,Deliver Cocaine 1000FT School,1,0,Sexual Battery Victim 12 Yrs +,1,High,1
Female,Greater than 45,Caucasian,0,0,0,0.0,-1.0,F,Agg Battery Grt/Bod/Harm,0,0,,0,Low,0
Female,25 - 45,African-American,0,0,0,0.0,0.0,F,Aggravated Battery / Pregnant,0,0,,0,Medium,0
Male,Greater than 45,African-American,0,0,0,0.0,-1.0,M,Operating W/O Valid License,0,0,,0,Low,1
Male,25 - 45,African-American,0,0,0,1.0,0.0,F,Burglary Structure Unoccup,0,0,,1,Low,0
Female,Less than 25,Asian,0,0,0,0.0,-2.0,M,Aide/Abet Prostitution Lewdness,0,0,,0,Low,0
Male,Less than 25,Caucasian,0,0,0,0.0,0.0,F,Possession Of Alprazolam,0,0,,0,Low,0
Female,Greater than 45,Other,0,0,0,3.0,-16.259239410138466,M,Battery,1,1,Fraud Obtain Driver License,3,Low,1
Male,Less than 25,Hispanic,0,0,0,6.0,-1.0,F,Felony Petit Theft,1,0,Possess Cannabis/20 Grams Or Less,6,Low,1
Male,Greater than 45,Asian,0,0,0,6.0,-1.0,F,Prostitution,0,0,,6,Low,0
Female,Less than 25,Native American,0,0,0,0.0,-1.0,M,Battery,0,0,,0,Low,0
Male,Less than 25,Hispanic,0,0,0,6.0,-18.0,M,Operating W/O Valid License,0,0,,6,Medium,0
Male,Greater than 45,Asian,0,0,0,0.0,-1.0,M,Battery,0,0,,0,Low,0
Male,Less than 25,Asian,0,0,0,0.0,-1.0,F,Harm Public Servant Or Family,1,0,Petit Theft $100- $300,0,Medium,1
Male,25 - 45,Hispanic,0,0,0,0.0,-3.0,F,Tresspass Struct/Conveyance,0,0,,0,Low,0
Male,25 - 45,Asian,0,0,0,1.0,-1.0,M,Deliver Cocaine 1000FT Church,1,1,Susp Drivers Lic 1st Offense,1,Low,1
Female,25 - 45,Caucasian,0,0,0,28.053629722610395,0.0,F,Possession of Cocaine,1,1,Felony Battery (Dom Strang),28,High,1
Female,25 - 45,Caucasian,0,1,2,1.0,-1.0,M,Possession of Cocaine,1,0,Possess Cannabis/20 Grams Or Less,1,Low,1
Male,Greater than 45,Asian,0,0,0,0.0,-1.0,F,Grand Theft (Motor Vehicle),0,0,,0,Low,0
Female,25 - 45,Caucasian,0,0,0,1.0,-22.0,F,arrest case no charge,0,0,,1,Low,0
Male,25 - 45,Asian,0,0,0,2.0,0.0,F,Possession of Cocaine,0,0,,2,Low,0
Male,Less than 25,Hispanic,0,0,0,0.0,0.0,F,Possession of Cocaine,0,0,,0,Low,0
Female,25 - 45,African-American,0,0,1,1.0,0.0,F,Poss of Firearm by Convic Felo,1,0,,1,Medium,1
Female,25 - 45,Native American,0,0,0,0.0,-1.0,M,Exposes Culpable Negligence,0,0,,0,Low,0
Male,25 - 45,African-American,0,0,0,0.0,-1.0,F,Driving Under The Influence,0,0,,0,Low,1
Male,Greater than 45,Other,0,0,0,4.0,-1.0,M,Battery,0,0,,4,Low,0
Male,25 - 45,Hispanic,0,0,0,32.77298110980477,-1.0,F,Felony Petit Theft,1,0,Felony Petit Theft,32,High,1
Female,25 - 45,Asian,0,0,0,17.0,-1.0,F,arrest case no charge,1,0,DOC/Fighting/Threatening Words,17,Medium,1
Male,Less than 25,African-American,0,0,0,1.0,-11.0,F,Fabricating Physical Evidence,0,0,,1,Medium,0
Female,25 - 45,Asian,0,0,0,3.0,-1.0,M,Battery,0,0,,3,Low,0
Male,Greater than 45,Other,0,0,0,1.0,-1.0,M,Battery,1,0,Stalking,1,Low,1
Male,25 - 45,Asian,0,0,0,2.0,-1.0,F,False Info LEO During Invest,0,0,,2,Low,0
Male,Greater than 45,Native American,0,0,1,1.0,-1.0,F,arrest case no charge,1,0,Sexual Battery Victim 12 Yrs +,1,Medium,1
Female,25 - 45,Native American,0,0,1,3.0,-1.0,M,Viol Prot Injunc Repeat Viol,0,0,,3,Medium,0
Male,Greater than 45,Native American,0,0,0,3.0,-1.0,F,arrest case no charge,0,0,,3,Low,0
Male,Greater than 45,African-American,0,0,3,2.0,0.0,F,False Ownership Info/Pawn Item,1,0,Reckless Driving,2,Low,1
Male,25 - 45,African-American,0,0,0,1.0,-1.0,F,Possession of Cocaine,0,0,,1,Low,0
Female,25 - 45,Asian,2,0,0,17.0,-8.0,F,Possession of Cocaine,1,0,Exposes Culpable Negligence,17,High,1
Female,Greater than 45,Caucasian,0,0,0,2.0,-1.0,F,Prowling/Loitering,1,0,False Ownership Info/Pawn Item,2,Low,1
Female,Greater than 45,Native American,0,0,0,6.0,-1.0,F,arrest case no charge,0,0,,6,High,0
Female,25 - 45,Hispanic,0,0,0,3.0,-1.0,F,Grand Theft (Motor Vehicle),0,0,,3,Low,0
Male,25 - 45,Hispanic,0,0,0,0.0,-1.0,F,Lewd/Lasc Battery Pers 12+/<16,0,0,,0,Low,0
Male,25 - 45,Native American,0,0,0,0.0,-1.0,F,Expired DL More Than 6 Months,1,0,Fraud Obtain/ Use Disable Permit,0,High,1
Male,Less than 25,African-American,0,0,0,0.0,0.0,F,Felony Petit Theft,1,1,Operating W/O Valid License,0,Medium,1
Male,Less than 25,Caucasian,0,0,0,12.0,0.0,M,arrest case no charge,1,0,Trespass Structure/Conveyance,12,Medium,1
Male,25 - 45,African-American,0,0,0,2.0,-1.0,F,arrest case no charge,0,0,,2,High,0
Female,25 - 45,African-American,0,0,0,0.0,-1.0,M,Battery,1,0,Possession Of Alprazolam,0,Low,1
Female,Greater than 45,African-American,0,0,0,0.0,-1.0,F,Burglary Dwelling Occupied,1,1,Battery,0,Low,1
Male,25 - 45,Caucasian,1,0,0,10.0,-1.0,F,Trans/Harm/Material to a Minor,1,0,Agg Fleeing/Eluding High Speed,10,Medium,1
Male,Greater than 45,Hispanic,0,0,0,6.0,-1.0,F,Driving While License Revoked,1,1,Stalking,6,Medium,1
Male,Less than 25,Other,0,0,1,6.0,0.0,F,Battery On Fire Fighter,1,1,Battery,6,High,1
Female,Greater than 45,Native American,0,0,0,15.748523906377878,-2.0,F,Driving While License Revoked,1,0,Sexual Battery Victim 12 Yrs +,15,High,1
Male,Less than 25,African-American,0,0,0,3.0,-1.0,M,arrest case no charge,1,1,Unlawful Use Of License,3,High,1
Male,25 - 45,Native American,0,0,0,0.0,-3.0,F,Poss Cocaine/Intent To Del/Sel,0,0,,0,Medium,0
Male,25 - 45,Other,0,0,0,0.0,-1.0,F,Possession of Cocaine,0,0,,0,Low,0
Female,Less than 25,Caucasian,0,0,0,0.0,-1.0,M,Burglary Structure Unoccup,0,0,,0,Medium,0
Female,Greater than 45,Caucasian,0,0,0,6.0,-1.0,F,Prostitution,1,0,Fail Register Vehicle,6,Medium,1
Male,Greater than 45,Asian,0,0,0,0.0,-1.0,M,Resist/Obstruct W/O Violence,0,0,,0,Medium,0
Female,25 - 45,Asian,0,0,0,1.0,-1.0,F,arrest case no charge,1,0,Prostitution,1,Low,1
Female,Greater than 45,Native American,0,0,0,2.0,-1.0,F,arrest case no charge,0,0,,2,Medium,0
Male,Less than 25,Hispanic,0,2,1,9.0,0.0,F,arrest case no charge,0,0,,9,High,0
Male,Less than 25,Native American,0,0,2,9.0,-28.0,M,Battery,1,1,Possess Cannabis/20 Grams Or Less,9,Medium,1
Female,25 - 45,African-American,0,0,0,2.0,0.0,M,Aggravated Battery / Pregnant,0,0,,2,Low,0
Male,Greater than 45,Asian,0,0,0,0.0,-1.0,M,Battery,0,0,,0,Medium,0
Male,Greater than 45,African-American,0,0,0,1.0,-1.0,F,Tresspass Struct/Conveyance,0,0,,1,Low,0
Male,Less than 25,Native American,0,0,0,0.0,-1.0,F,Petit Theft $100- $300,1,0,Grand Theft (Motor Vehicle),0,Low,1
Male,Less than 25,Caucasian,0,0,0,3.0,0.0,F,arrest case no charge,1,0,Possession Of Methamphetamine,3,Medium,1
Male,Greater than 45,Other,0,0,0,7.0,-1.0,F,arrest case no charge,0,0,,7,High,0
Male,Less than 25,Other,0,0,0,2.0,-1.0,F,arrest case no charge,1,0,Possess Countrfeit Credit Card,2,High,1
Male,Greater than 45,African-American,0,0,0,10.0,-3.0,F,Possession of Cocaine,1,0,Sexual Battery Victim 12 Yrs +,10,Medium,1
Male,Less than 25,Other,0,0,0,5.0,-1.0,F,Poss Pyrrolidinovalerophenone,1,1,Prostitution,5,High,1
Male,25 - 45,Asian,0,0,0,1.0,-1.0,F,arrest case no charge,0,0,,1,Low,0
Male,Less than 25,African-American,0,0,0,6.0,-1.0,F,License Suspended Revoked,1,0,Possess Cannabis/20 Grams Or Less,6,Low,1
Male,25 - 45,Caucasian,0,0,0,8.0,-1.0,M,arrest case no charge,0,0,,8,Low,0
Female,Greater than 45,Asian,0,0,0,0.0,-1.0,F,Murder in the First Degree,0,0,,0,Low,0
Female,25 - 45,Other,0,0,0,9.0,-1.0,F,Unl/Disturb Education/Instui,1,1,Possess Countrfeit Credit Card,9,Medium,1
Female,25 - 45,Asian,0,0,0,1.0,0.0,F,Driving While License Revoked,0,0,,1,Medium,0
Female,25 - 45,Hispanic,0,0,0,0.0,0.0,F,Abuse Without Great Harm,0,0,,0,Low,0
Male,Less than 25,Hispanic,0,0,0,1.0,-4.0,F,Violation License Restrictions,1,0,Prowling/Loitering,1,Low,1
Male,25 - 45,African-American,0,0,0,3.0,-1.0,M,Battery,1,0,Agg Fleeing/Eluding High Speed,3,Low,1
Male,25 - 45,Other,0,0,0,3.0,0.0,F,Prostitution,1,1,Unlawful Use Of License,3,High,1
Male,Greater than 45,Other,0,0,0,5.0,-1.0,M,Battery,0,0,,5,Low,0
Male,25 - 45,Asian,1,0,0,4.0,-1.0,F,Aggravated Assault W/Dead Weap,1,1,Fraudulent Use Credit Card,4,Medium,1
Male,Greater than 45,Native American,0,0,0,5.0,-1.0,M,"Poss Of 1,4-Butanediol",1,0,Grand Theft (Motor Vehicle),5,Medium,0
Male,Greater than 45,African-American,0,0,0,1.0,-1.0,F,arrest case no charge,0,0,,1,High,0
Female,Less than 25,Caucasian,0,0,0,1.0,-1.0,M,Battery,0,0,,1,Low,0
Male,Less than 25,Native American,0,0,0,1.0,-2.0,F,Unl/Disturb Education/Instui,0,0,,1,Low,0
Male,Greater than 45,Caucasian,0,0,0,2.0,-1.0,M,False Info LEO During Invest,0,0,,2,Low,0
Male,25 - 45,Hispanic,0,0,0,6.0,0.0,F,arrest case no charge,1,0,Fail Register Vehicle,6,Low,1
Male,Greater than 45,Other,0,0,0,3.0,0.0,M,Battery,0,0,,3,Medium,0
Male,Less than 25,African-American,0,1,0,12.0,-1.0,F,Felony DUI (level 3),0,0,,12,High,0
Female,25 - 45,African-American,0,1,0,14.0,-1.0,F,Grand Theft (Motor Vehicle),1,0,Operating W/O Valid License,14,High,1
Male,Less than 25,Native American,0,0,0,8.0,-23.0,F,arrest case no charge,1,0,Sexual Battery Victim 12 Yrs +,8,High,1
Male,Less than 25,Other,0,0,0,0.0,0.0,M,Battery,0,0,,0,Low,0
Female,25 - 45,Native American,0,0,0,1.0,-1.0,F,"Poss Of 1,4-Butanediol",1,0,Purchase Of Cocaine,1,Low,1
Male,25 - 45,African-American,0,0,0,4.0,-1.0,F,Driving While License Revoked,0,0,,4,Low,0
Female,Greater than 45,Asian,0,0,0,4.0,-1.0,M,arrest case no charge,0,0,,4,Low,0
Female,25 - 45,Hispanic,0,0,0,0.0,-1.0,M,Battery,1,1,Battery,0,High,1
Male,Greater than 45,African-American,0,0,0,0.0,-1.0,F,Poss Cntrft Contr Sub w/Intent,0,0,,0,Medium,0
Male,25 - 45,Caucasian,0,0,0,4.0,-30.0,F,Abuse Without Great Harm,0,0,,4,Low,0
Male,Greater than 45,African-American,0,0,0,1.0,0.0,M,Depriv LEO of Protect/Communic,1,1,Battery,1,High,1
Male,Greater than 45,Caucasian,0,0,0,7.0,-1.0,M,Agg Battery Grt/Bod/Harm,1,0,Possess Cannabis/20 Grams Or Less,7,Medium,1
Female,Greater than 45,Caucasian,0,0,0,0.0,-1.0,F,Harm Public Servant Or Family,0,0,,0,High,0
Female,25 - 45,Other,1,0,0,1.0,-1.0,F,arrest case no charge,1,0,Operating W/O Valid License,1,Medium,1
Female,Less than 25,African-American,0,0,0,0.0,-1.0,F,Burglary Conveyance Unoccup,0,0,,0,Low,0
Female,25 - 45,Hispanic,0,2,0,3.0,0.0,F,arrest case no charge,1,1,Fraud Obtain/ Use Disable Permit,3,Medium,1
Female,Less than 25,Caucasian,0,0,0,3.0,-1.0,M,DUI- Enhanced,0,0,,3,High,0
Female,Greater than 45,Hispanic,0,0,0,0.0,-1.0,M,Battery,0,0,,0,Medium,0
Male,25 - 45,Caucasian,0,0,0,0.0,0.0,F,Unlaw Use False Name/Identity,0,0,,0,Low,0
Male,25 - 45,African-American,0,0,0,0.0,-1.0,M,Battery,1,0,Purchase Of Cocaine,0,Low,1
Male,25 - 45,Other,0,0,0,0.0,0.0,F,Aggravated Assault W/Dead Weap,1,0,Leave Acc/Attend Veh/More $50,0,Medium,1
Female,Greater than 45,Hispanic,0,0,0,1.0,-1.0,M,Battery,1,1,Battery,1,Low,1
Male,25 - 45,Native American,0,0,0,1.0,0.0,F,arrest case no charge,0,0,,1,Low,0
Female,Greater than 45,Hispanic,0,0,0,1.0,-1.0,F,Refuse Submit Blood/Breath Test,0,0,,1,Low,0
Male,Greater than 45,Native American,0,0,0,1.0,0.0,F,Burglary Conveyance Unoccup,0,0,,1,Medium,0
Female,25 - 45,Caucasian,0,0,0,2.0,-1.0,M,Battery,0,0,,2,Low,0
Female,Greater than 45,Hispanic,0,0,0,0.0,-1.0,F,Burglary Conveyance Unoccup,1,1,Operating W/O Valid License,0,Medium,1
Male,Less than 25,African-American,0,0,0,7.0,-1.0,F,arrest case no charge,1,1,Possess Cannabis/20 Grams Or Less,7,Medium,1
Male,25 - 45,Caucasian,0,0,0,17.0,-1.0,F,arrest case no charge,1,0,Operating W/O Valid License,17,High,1
Male,Less than 25,Hispanic,0,0,0,13.0,-1.0,F,arrest case no charge,1,0,Fail Obey Driv Lic Restrictions,13,High,1
Male,Greater than 45,Native American,0,0,0,12.0,0.0,F,Driving While License Revoked,1,0,Criminal Mischief>$200<$1000,12,High,0
Male,25 - 45,Native American,0,0,0,0.0,-1.0,M,Battery,0,0,,0,Low,0
Female,25 - 45,Hispanic,0,0,0,10.0,-1.0,F,arrest case no charge,0,0,,10,High,0
Male,Greater than 45,Asian,0,0,0,9.0,-1.0,F,Aggravated Battery / Pregnant,1,1,Possession Of Methamphetamine,9,High,1
Male,Greater than 45,Other,0,0,0,0.0,-1.0,M,"Poss Of 1,4-Butanediol",0,0,,0,Low,0
Female,Greater than 45,African-American,0,0,0,1.0,-11.101583380338539,M,Murder in the First Degree,0,0,,1,Low,0
Female,25 - 45,Asian,0,0,0,1.0,-1.0,F,arrest case no charge,0,0,Fraud Obtain/ Use Disable Permit,1,Medium,0
Female,Less than 25,Caucasian,0,0,0,0.0,0.0,M,Driving Under The Influence,0,0,,0,Low,0
Male,Greater than 45,Native American,0,0,0,0.0,0.0,M,Tamper With Witness,0,0,,0,Medium,0
Female,Less than 25,Hispanic,0,0,0,1.0,-27.0,M,Petit Theft $100- $300,0,0,,1,Low,0
Male,Greater than 45,African-American,0,0,1,4.0,-1.0,F,Possession of Cocaine,1,0,Possess Cannabis/20 Grams Or Less,4,Medium,1
Female,Greater than 45,Other,0,0,0,0.0,0.0,F,Poss of Firearm by Convic Felo,1,0,Possess Drug Paraphernalia,0,Low,1
Male,Greater than 45,African-American,0,0,0,6.0,0.0,F,Possession of Cocaine,0,0,,6,High,0
Male,Less than 25,African-American,0,0,0,0.0,-1.0,F,Aggravated Assault w/Firearm,0,0,,0,Medium,0
Male,Greater than 45,Asian,0,0,0,19.0,-1.0,F,Felony Petit Theft,1,0,,19,Medium,1
Male,25 - 45,Caucasian,0,1,0,1.0,-1.0,M,Battery,0,0,,1,Low,0
Male,Greater than 45,Native American,0,0,0,0.0,-1.0,M,arrest case no charge,0,0,,0,Low,0
Male,Less than 25,Other,0,0,0,9.0,0.0,F,Felony Petit Theft,1,0,Possess Cannabis/20 Grams Or Less,9,Medium,1
Female,Greater than 45,Hispanic,0,0,0,6.0,-1.0,M,Battery,0,0,Agg Fleeing/Eluding High Speed,6,Low,0
Male,25 - 45,Asian,0,0,2,0.0,-1.0,F,arrest case no charge,1,0,Unlaw Use False Name/Identity,0,Medium,1
Female,Greater than 45,Asian,0,0,0,0.0,-1.0,M,Battery,1,0,,0,Medium,0
Male,Greater than 45,African-American,0,0,0,0.0,0.0,F,Possession of Cocaine,0,0,,0,Low,0
Female,Less than 25,Caucasian,0,0,0,0.0,-1.0,F,Possession of Cocaine,0,0,,0,Medium,0
Male,Greater than 45,Other,0,0,0,0.0,-1.0,F,Harm Public Servant Or Family,0,0,,0,Low,0
Male,25 - 45,African-American,0,0,0,7.0,-1.0,F,arrest case no charge,0,0,,7,Medium,0
Female,25 - 45,African-American,0,0,0,4.0,-1.0,F,Interfere W/Traf Cont Dev RR,1,0,Unlaw LicTag/Sticker Attach,4,High,1
Male,Greater than 45,African-American,0,0,0,7.0,-1.0,F,arrest case no charge,0,0,,7,Low,0
Male,25 - 45,Caucasian,0,0,0,3.0,0.0,M,Battery,0,0,,3,Low,0
Female,Less than 25,Caucasian,0,1,0,2.0,-1.0,F,Interfere W/Traf Cont Dev RR,0,0,,2,Low,0
Male,25 - 45,Asian,0,0,0,0.0,-2.0,M,False Info LEO During Invest,0,0,,0,Low,0
Female,Less than 25,Native American,0,0,0,1.0,-26.0,F,arrest case no charge,0,0,,1,Low,0
Female,Less than 25,Caucasian,0,0,0,5.0,-1.0,F,Fabricating Physical Evidence,0,0,,5,High,0
Male,Less than 25,Other,0,1,0,1.0,-1.0,F,Aide/Abet Prostitution Lewdness,0,0,,1,Low,0
Male,25 - 45,Native American,0,0,0,9.0,0.0,M,arrest case no charge,0,0,,9,High,0
Male,Greater than 45,Other,0,0,0,4.0,-1.0,M,Battery,0,0,,4,Low,0
Female,Greater than 45,Other,0,0,0,2.0,-1.0,F,Possession of Methadone,0,0,,2,High,0
Male,Greater than 45,African-American,1,0,0,16.0,-1.0,F,Possession of Cocaine,0,0,Trespass/Property/Other Structure,16,Medium,0
Male,Greater than 45,Other,0,0,1,15.0,-1.0,F,Traffick Amphetamine 28g><200g,1,0,Operating W/O Valid License,15,Medium,0
Female,Less than 25,Native American,0,0,1,1.0,-1.0,F,Driving While License Revoked,0,0,,1,High,0
Male,Less than 25,Hispanic,0,0,0,2.0,-1.0,F,arrest case no charge,0,0,,2,Medium,0
Male,Less than 25,Caucasian,0,0,0,1.0,-1.0,F,Violation License Restrictions,0,0,,1,Low,0
Female,Greater than 45,Hispanic,0,0,0,0.0,-1.0,F,Lewd/Lasc Battery Pers 12+/<16,0,0,,0,Low,0
Male,Greater than 45,African-American,0,0,0,12.0,-1.0,M,Driving Under The Influence,1,0,DUI Level 0.15 Or Minor In Veh,12,Medium,1
Male,Less than 25,Hispanic,0,0,0,1.0,-11.0,F,Aggravated Assault W/dead Weap,0,0,,1,Low,0
Female,25 - 45,Other,0,0,0,1.0,0.0,F,Traffick Amphetamine 28g><200g,1,0,Possess Cannabis/20 Grams Or Less,1,Low,0
Female,Less than 25,Hispanic,0,0,0,7.0,0.0,F,Aggravated Battery / Pregnant,1,1,Felony Battery (Dom Strang),7,High,1
Female,25 - 45,Other,0,0,0,3.0,-1.0,F,Possession of Cocaine,1,0,Possess Cannabis/20 Grams Or Less,3,Medium,1
Female,Less than 25,Native American,2,1,0,11.0,-1.0,F,DWLS Susp/Cancel Revoked,0,0,,12,High,1
Female,25 - 45,Asian,0,0,0,13.0,-1.0,F,Harm Public Servant Or Family,1,1,Contempt Of Court,13,High,1
Female,Less than 25,African-American,0,0,0,2.0,-17.497036682793606,M,Battery,0,0,,2,Low,0
Male,25 - 45,African-American,0,0,0,1.0,-1.0,F,Poss Similitude of Drivers Lic,1,0,Possess Cannabis/20 Grams Or Less,1,Low,1
Female,Greater than 45,Other,0,0,0,2.0,-1.0,F,arrest case no charge,0,0,,2,Low,0
Male,25 - 45,Hispanic,0,0,0,6.0,-1.0,F,Aide/Abet Prostitution Lewdness,1,0,Operating W/O Valid License,6,High,1
Male,25 - 45,African-American,0,0,0,0.0,-1.0,F,Aggravated Assault W/Dead Weap,0,0,,0,Low,0
Male,25 - 45,Caucasian,0,0,0,15.0,-1.0,M,arrest case no charge,1,0,Unlaw LicTag/Sticker Attach,15,Medium,1
Female,25 - 45,African-American,0,0,0,1.0,-18.0,F,Petit Theft $100- $300,1,0,,1,Low,0
Female,Less than 25,Other,0,0,0,0.0,-3.0,F,Driving While License Revoked,0,0,,0,Low,0
Female,25 - 45,Other,0,0,0,11.0,-2.0,F,Poss Pyrrolidinovalerophenone,1,1,Driving While License Revoked,11,Medium,1
Female,Less than 25,Hispanic,0,0,0,1.0,-1.0,F,Expired DL More Than 6 Months,1,0,Unlaw LicTag/Sticker Attach,1,Low,1
Male,Greater than 45,Native American,0,0,0,2.0,-1.0,F,Poss Cocaine/Intent To Del/Sel,0,0,,2,Medium,0
Male,25 - 45,Caucasian,0,0,0,1.0,-1.0,F,arrest case no charge,0,0,,1,Medium,1
Female,25 - 45,Native American,2,0,0,8.0,-1.0,F,arrest case no charge,1,1,Battery,8,Medium,0
Female,Less than 25,Asian,0,0,0,2.0,-1.0,M,Possession of Methadone,0,0,,2,Medium,0
Female,Less than 25,Caucasian,0,0,1,10.0,-1.0,F,arrest case no charge,1,0,Grand Theft (Motor Vehicle),10,Medium,0
Male,Less than 25,Asian,0,0,0,0.0,-2.0,F,Burglary Structure Unoccup,0,0,,0,Medium,0
Male,Less than 25,Asian,0,0,0,0.0,-1.0,F,Depriv LEO of Protect/Communic,0,0,,0,Low,0
Female,Less than 25,Other,0,0,0,6.0,-1.0,F,Unl/Disturb Education/Instui,1,0,Possession Burglary Tools,6,Low,1
Male,Greater than 45,Caucasian,0,0,0,0.0,-1.0,M,Driving Under The Influence,1,1,Battery,0,Low,1
Male,25 - 45,Native American,0,0,0,6.0,-1.0,F,Possession of Cocaine,0,0,,6,Medium,0
Female,Less than 25,Caucasian,0,0,0,0.0,0.0,F,"Poss Of 1,4-Butanediol",0,0,,0,Low,0
Male,Less than 25,Asian,0,0,0,0.0,-1.0,F,Aggravated Battery / Pregnant,0,0,,0,Low,0
Male,Greater than 45,Native American,0,0,0,0.0,-1.0,F,Harm Public Servant Or Family,1,0,,0,Medium,1
Female,Greater than 45,African-American,0,0,0,7.0,-1.0,M,Battery,1,1,Contempt Of Court,7,High,1
Female,Greater than 45,Caucasian,0,0,0,1.0,-1.0,M,Possession of Methadone,0,0,,1,Low,0
Female,Less than 25,African-American,0,0,1,3.0,-1.0,F,Grand Theft (Motor Vehicle),1,0,,3,Medium,1
Female,Greater than 45,Other,0,0,0,0.0,-1.0,M,Battery,0,0,,0,Low,0
Male,Greater than 45,Native American,0,0,0,0.0,-1.0,M,Petit Theft,1,0,Unlaw Use False Name/Identity,0,Medium,1
Male,Greater than 45,Other,0,0,0,1.0,0.0,F,arrest case no charge,1,1,Battery,1,High,1
Female,25 - 45,Other,0,0,0,7.0,-1.0,F,Possession of Cocaine,1,1,Viol Injunct Domestic Violence,7,High,1
Male,25 - 45,Caucasian,0,0,0,0.0,-7.0,M,Petit Theft $100- $300,1,0,Possess Drug Paraphernalia,0,Low,1
Male,Greater than 45,Native American,0,0,0,0.0,-1.0,F,Possession Of Alprazolam,0,0,,0,Low,0
Female,Less than 25,Hispanic,0,0,0,1.0,0.0,M,Battery,0,0,,1,Low,0
Male,25 - 45,African-American,0,0,0,0.0,-1.0,F,Interfere W/Traf Cont Dev RR,0,0,,0,Low,0
Female,Less than 25,African-American,0,0,0,2.0,-1.0,M,Exposes Culpable Negligence,0,0,,2,Low,0
Female,25 - 45,Caucasian,0,0,1,3.0,-1.0,F,Interfere W/Traf Cont Dev RR,0,0,,3,Low,0
Female,25 - 45,Native American,0,0,0,1.0,-1.0,M,Battery,0,0,,1,Low,0
Female,25 - 45,Asian,0,0,0,5.0,-1.0,F,Driving While License Revoked,0,0,,5,High,0
Female,25 - 45,Other,0,0,2,0.0,0.0,F,Pos Cannabis W/Intent Sel/Del,0,0,,0,Medium,0
Male,Greater than 45,Other,0,0,0,0.0,0.0,M,False Info LEO During Invest,0,0,,0,Low,0
Female,Greater than 45,Asian,0,0,0,8.0,-1.0,M,"Poss Of 1,4-Butanediol",0,0,,8,Low,0
Female,Greater than 45,Asian,0,0,0,0.0,-2.0,M,Battery,0,0,,0,Medium,0
Female,Less than 25,African-American,0,0,0,0.0,-1.0,F,Poss Of RX Without RX,0,0,,0,High,0
Female,Less than 25,Native American,0,0,0,0.0,-1.0,F,Felony Petit Theft,0,0,,0,Low,0
Female,25 - 45,Other,1,1,3,21.587774722649833,0.0,F,Poss Unlaw Issue Driver Licenc,1,0,Credit Card Theft,21,High,1
Female,Greater than 45,Caucasian,0,0,0,0.0,-1.0,F,Aggravated Assault W/Dead Weap,0,0,,0,Medium,0
Male,Greater than 45,Hispanic,0,0,0,2.0,-1.0,F,Interfere W/Traf Cont Dev RR,1,0,Burglary Structure Unoccup,2,Low,1
Male,Greater than 45,Native American,0,0,0,9.0,-24.0,M,Battery,1,0,Unlaw Use False Name/Identity,9,Low,0
Female,Less than 25,Hispanic,0,0,0,0.0,0.0,F,"Poss Of 1,4-Butanediol",0,0,,0,Medium,0
Male,25 - 45,Asian,0,0,0,1.0,-2.0,M,Operating W/O Valid License,0,0,,1,Medium,0
Female,25 - 45,Caucasian,0,0,0,1.0,-1.0,F,Fabricating Physical Evidence,1,0,Possess Cannabis/20 Grams Or Less,1,Low,1
Female,Greater than 45,African-American,0,0,0,4.0,0.0,F,Traffick Amphetamine 28g><200g,1,0,Possess Cannabis/20 Grams Or Less,4,Medium,1
Male,Less than 25,Caucasian,0,0,1,2.0,0.0,M,Driving Under The Influence,1,0,Possess Cannabis/20 Grams Or Less,2,Low,1
Male,Greater than 45,Other,0,0,0,0.0,-1.0,F,Poss Similitude of Drivers Lic,0,0,,0,Low,0
Male,Less than 25,Native American,0,0,0,2.0,0.0,F,Possession of Cocaine,1,0,Prowling/Loitering,2,Low,1
Male,Less than 25,Hispanic,0,0,0,0.0,0.0,M,Battery,1,0,Possess Drug Paraphernalia,0,Low,1
Male,Less than 25,Hispanic,0,0,0,1.0,-1.0,F,Aggravated Assault W/Dead Weap,1,0,Unlawful Use Of License,1,Low,1
Female,Greater than 45,Other,0,0,0,6.0,-1.0,F,Poss Cocaine/Intent To Del/Sel,1,0,Leave Acc/Attend Veh/More $50,6,Medium,1
Male,25 - 45,Hispanic,0,0,1,4.0,-11.382847023349075,M,Battery,1,0,Possess Cannabis/20 Grams Or Less,4,High,1
Male,25 - 45,Native American,0,0,0,0.0,-1.0,F,Grand Theft (Motor Vehicle),1,1,Possess Cannabis/20 Grams Or Less,0,Low,1
Male,Less than 25,Native American,0,0,0,1.0,-1.0,M,arrest case no charge,0,0,,1,Medium,0
Male,Less than 25,Other,0,0,0,0.0,-1.0,M,Battery,0,0,,0,Low,0
Female,Less than 25,African-American,0,0,0,5.0,-1.0,F,Agg Battery Grt/Bod/Harm,0,0,,5,Low,0
Male,Greater than 45,African-American,0,0,0,5.0,-1.0,F,Grand Theft (Motor Vehicle),1,0,Susp Drivers Lic 1st Offense,5,Low,1
Male,Less than 25,Asian,0,0,0,0.0,0.0,F,Possession Of Alprazolam,0,0,,0,High,0
Male,Greater than 45,Native American,0,0,0,3.0,-1.0,M,"Poss Of 1,4-Butanediol",1,0,Operating W/O Valid License,3,Low,1
Male,25 - 45,Asian,0,0,0,9.0,0.0,M,Violation License Restrictions,1,0,,9,High,0
Male,25 - 45,Asian,0,0,0,4.0,-1.0,F,Agg Battery Grt/Bod/Harm,1,0,Susp Drivers Lic 1st Offense,4,Low,1
Female,Greater than 45,African-American,0,0,1,6.0,-1.0,F,arrest case no charge,1,0,Driving While License Revoked,6,Low,1
Female,25 - 45,Other,0,0,0,7.0,-18.193606929593038,M,arrest case no charge,0,0,Petit Theft $100- $300,7,Medium,0
Female,Less than 25,African-American,0,0,0,1.0,-1.0,F,Felony Petit Theft,0,0,,1,High,0
Male,25 - 45,Other,0,0,0,0.0,0.0,M,Battery,0,0,,0,Medium,0
Male,Greater than 45,Other,0,0,0,0.0,-1.0,M,Battery,1,0,Possess Cannabis/20 Grams Or Less,0,High,1
Male,25 - 45,Hispanic,0,0,0,4.0,-1.0,F,Possession Of Alprazolam,1,0,Exposes Culpable Negligence,4,High,1
Male,25 - 45,African-American,0,0,0,5.0,-1.0,F,Felony Petit Theft,1,0,Poss Of RX Without RX,5,High,1
Female,Greater than 45,Native American,0,0,0,0.0,-1.0,F,Burglary Conveyance Unoccup,1,0,Agg Fleeing/Eluding High Speed,0,Low,1
Male,Less than 25,Hispanic,0,0,0,0.0,-1.0,M,Battery,1,0,Fail Register Vehicle,0,Low,1
Female,Less than 25,Hispanic,0,0,0,4.0,-1.0,F,arrest case no charge,1,1,Fraud Obtain Driver License,4,Medium,1
Male,Less than 25,Hispanic,0,0,0,0.0,0.0,F,Possession of Cocaine,0,0,,0,Low,0
Male,Greater than 45,Native American,0,0,0,1.0,-1.0,F,Felony Petit Theft,1,1,Possess Drug Paraphernalia,1,Medium,1
Female,Greater than 45,African-American,0,0,0,1.0,-1.0,F,Driving While License Revoked,1,0,Poss Of RX Without RX,1,Medium,1
Male,25 - 45,Caucasian,0,0,0,6.0,-1.0,M,arrest case no charge,1,0,Possession Burglary Tools,6,Low,0
Male,Greater than 45,Asian,0,0,1,2.0,-1.0,M,Traffick Amphetamine 28g><200g,1,0,Agg Fleeing/Eluding High Speed,2,Low,1
Female,Greater than 45,African-American,0,0,0,5.0,-1.0,F,Possession of Benzylpiperazine,1,0,Susp Drivers Lic 1st Offense,5,High,1
Male,25 - 45,Caucasian,0,0,0,14.0,-1.0,F,Battery On Fire Fighter,1,0,Possess Cannabis/20 Grams Or Less,14,Medium,1
Male,Greater than 45,Native American,0,0,0,13.0,-1.0,F,arrest case no charge,1,0,Viol Injunct Domestic Violence,13,Medium,1
Male,Less than 25,African-American,0,0,0,0.0,-1.0,F,Abuse Without Great Harm,0,0,,0,High,0
Male,Less than 25,Native American,0,0,0,0.0,0.0,M,Driving Under The Influence,0,0,,0,Low,0
Male,Greater than 45,Asian,1,2,2,6.0,-1.0,F,Possess Tobacco Product Under 18,1,1,Battery on Law Enforc Officer,6,Medium,0
Female,Greater than 45,Native American,0,0,0,0.0,0.0,M,Battery,1,0,,0,Low,1
Female,Greater than 45,Hispanic,0,0,0,7.0,-21.0,F,Agg Battery Grt/Bod/Harm,0,0,,7,High,0
Female,Less than 25,Caucasian,0,0,0,0.0,-1.0,M,Battery,0,0,,0,Low,0
Female,Less than 25,Hispanic,0,0,0,0.0,-1.0,F,DUI- Enhanced,0,0,,0,Low,0
Female,Less than 25,Caucasian,0,0,0,0.0,-1.0,F,Burglary Conveyance Unoccup,1,0,,0,High,1
Female,Less than 25,Native American,0,0,0,0.0,-4.0,M,Battery,0,0,,0,Low,0
Male,Greater than 45,Native American,0,0,0,1.0,0.0,M,Battery,1,1,Purchase Of Cocaine,1,Low,1
Female,Less than 25,African-American,0,0,0,0.0,-1.0,F,Burglary Structure Unoccup,0,0,,0,Low,0
Male,25 - 45,Asian,0,0,0,0.0,-1.0,M,Battery,1,0,Susp Drivers Lic 1st Offense,0,Low,1
Female,25 - 45,African-American,0,0,0,0.0,-1.0,F,Aggravated Assault W/Dead Weap,0,0,,0,Low,0
Female,25 - 45,African-American,0,0,0,2.0,-1.0,F,Burglary Structure Unoccup,1,0,Use/Poss/Drug Para/Plant/Grow,2,Low,0
Male,Less than 25,Asian,0,0,0,6.0,-1.0,M,Battery,1,0,Operating W/O Valid License,6,Low,1
Male,Greater than 45,Asian,0,0,0,0.0,0.0,M,License Suspended Revoked,1,0,Susp Drivers Lic 1st Offense,0,Low,1
Female,Greater than 45,African-American,0,0,0,1.0,-1.0,M,DUI Property Damage/Injury,0,0,,1,Low,0
Female,25 - 45,African-American,0,0,0,14.0,-1.0,F,False Name By Person Arrest,1,0,Grand Theft (Motor Vehicle),14,High,1
Male,Less than 25,Asian,0,0,0,3.0,0.0,M,Harm Public Servant Or Family,0,0,,3,Medium,0
Female,Greater than 45,Native American,0,0,0,3.0,-1.0,M,Exposes Culpable Negligence,1,0,Grand Theft (Motor Vehicle),3,High,1
Female,Greater than 45,African-American,0,0,0,20.0,0.0,F,Driving While License Revoked,1,0,Unlaw LicTag/Sticker Attach,20,High,1
Female,Less than 25,African-American,0,0,1,3.0,26.503777381574842,F,Viol Prot Injunc Repeat Viol,1,0,Operating W/O Valid License,3,High,1
Female,Less than 25,Native American,0,0,0,0.0,-1.0,M,Unl/Disturb Education/Instui,1,0,Susp Drivers Lic 1st Offense,0,Low,1
Female,Greater than 45,Native American,0,0,0,0.0,0.0,F,Burglary Dwelling Occupied,1,0,Fail Register Vehicle,0,Low,0
Female,Greater than 45,Hispanic,0,0,0,1.0,-1.0,M,Battery,0,0,,1,Low,0
Male,Less than 25,Caucasian,0,0,0,1.0,-1.0,F,Tamper With Witness,1,0,Trespass Struct/Conveyance,1,Low,1
Male,Less than 25,Native American,0,0,0,33.16406418050163,0.0,F,Lewd/Lasc Battery Pers 12+/<16,1,0,Possess Cannabis/20 Grams Or Less,32,Medium,1
Male,Greater than 45,Asian,0,0,0,1.0,-22.0,M,Battery,1,0,Operating W/O Valid License,1,Low,0
Male,Less than 25,Hispanic,0,0,0,2.0,-1.0,F,arrest case no charge,0,0,Reckless Driving,2,Low,0
Male,Less than 25,Hispanic,0,0,0,6.0,0.0,F,Possession of Cocaine,0,0,Fail Register Vehicle,6,Low,1
Male,25 - 45,Caucasian,0,0,0,13.0,-1.0,F,Battery On Fire Fighter,1,1,Possession Of Methamphetamine,12,High,1
Male,Greater than 45,Asian,0,0,0,0.0,-1.0,F,Unlaw Use False Name/Identity,1,0,Petit Theft $100- $300,0,Medium,0
Female,Greater than 45,Asian,0,0,0,0.0,-1.0,M,Petit Theft $100- $300,0,0,,0,Low,0
Female,Less than 25,Hispanic,0,1,0,10.0,-1.0,F,Poss of Firearm by Convic Felo,1,0,Possess Countrfeit Credit Card,10,High,1
Female,Greater than 45,Asian,0,0,0,26.929141411286384,-1.0,M,Battery,0,0,,26,Medium,0
Male,Less than 25,Caucasian,0,0,0,8.0,-1.0,M,Battery,0,0,,8,Low,0
Male,Greater than 45,Hispanic,0,1,0,3.0,-1.0,M,arrest case no charge,1,0,Prostitution,3,Medium,1
Male,Greater than 45,Asian,0,0,0,0.0,-1.0,F,Agg Battery Grt/Bod/Harm,1,0,Fail Register Vehicle,0,Low,1
Male,25 - 45,Native American,0,0,1,4.0,-1.0,F,arrest case no charge,0,0,,4,Medium,0
Female,Less than 25,Asian,0,0,0,1.0,-1.0,F,arrest case no charge,0,0,,1,Low,0
Female,Less than 25,Caucasian,0,0,0,1.0,-1.0,F,Deliver Cocaine 1000FT Church,0,0,,1,Low,0
Male,25 - 45,Other,0,0,0,1.0,-1.0,M,Battery,1,1,Battery,1,Low,1
Female,Less than 25,Caucasian,0,1,0,9.0,-1.0,F,Poss of Firearm by Convic Felo,1,1,DUI Level 0.15 Or Minor In Veh,9,High,1
Male,Less than 25,African-American,0,0,0,0.0,-1.0,F,Harm Public Servant Or Family,1,1,Susp Drivers Lic 1st Offense,0,Low,1
Male,Greater than 45,Asian,0,0,0,1.0,-1.0,M,Battery,0,0,,1,Low,0
Male,25 - 45,Caucasian,0,0,0,0.0,-1.0,M,arrest case no charge,0,0,,0,Low,0
Female,Greater than 45,African-American,0,0,0,6.0,-1.0,M,Harm Public Servant Or Family,0,0,,6,High,0
Male,Greater than 45,Hispanic,0,0,0,0.0,-1.0,F,Possession of Cocaine,1,1,Battery,0,High,1
Female,Greater than 45,Hispanic,0,0,0,1.0,0.0,M,Battery,1,0,Operating W/O Valid License,1,Medium,1
Male,Less than 25,African-American,0,0,0,1.0,0.0,M,Battery,1,0,Unnatural/Lascivious Act,1,Low,1
Male,Less than 25,Asian,0,0,1,3.0,-1.0,F,False Ownership Info/Pawn Item,0,0,Susp Drivers Lic 1st Offense,3,Low,0
Female,25 - 45,Native American,0,0,1,4.0,0.0,F,Aggrav Child Abuse-Causes Harm,0,0,,4,Low,0
Female,Less than 25,Other,1,1,0,25.033952090106588,-1.0,F,Possession of Cocaine,1,1,Grand Theft Firearm,25,High,1
Male,25 - 45,Native American,0,0,0,4.0,-1.0,F,Possession of Cocaine,1,0,,4,Medium,0
Male,Greater than 45,Asian,0,0,0,6.0,-1.0,M,arrest case no charge,0,0,,6,Medium,0
Female,25 - 45,Native American,0,1,0,16.0,-1.0,F,Possession of Cocaine,0,0,,16,High,0
Female,25 - 45,Other,0,0,0,1.0,-1.0,F,Abuse Without Great Harm,1,0,Unlaw Use False Name/Identity,1,Medium,1
Male,Greater than 45,Native American,0,0,0,0.0,0.0,F,Poss Cntrft Contr Sub w/Intent,0,0,,0,Low,0
Female,Less than 25,Caucasian,0,0,0,4.0,0.0,F,Possession of Codeine,1,0,Agg Fleeing/Eluding High Speed,4,Medium,1
Male,25 - 45,Native American,0,0,0,0.0,-1.0,F,Uttering Worthless Check +$150,0,0,,0,Low,0
Male,Less than 25,Native American,0,0,0,0.0,-1.0,M,Unlaw Lic Use/Disply Of Others,1,1,Burglary Structure Assault/Batt,0,Low,1
Male,Less than 25,Hispanic,0,0,0,1.0,-18.0,M,Aide/Abet Prostitution Lewdness,1,0,Fail Register Vehicle,1,Medium,1
Male,Greater than 45,Asian,0,0,0,0.0,0.0,F,False Name By Person Arrest,1,0,Reckless Driving,0,Low,1
Female,Less than 25,African-American,0,0,0,4.0,-1.0,F,Poss Pyrrolidinovalerophenone,1,0,Prostitution,4,High,1
Male,Greater than 45,Native American,0,0,0,0.0,-1.0,F,Possession of Cocaine,0,0,,0,Low,0
Male,Greater than 45,Hispanic,0,0,0,0.0,-3.0,F,Poss Cocaine/Intent To Del/Sel,0,0,,0,Low,0
Male,Greater than 45,Hispanic,0,0,0,4.0,-1.0,F,Agg Battery Grt/Bod/Harm,0,0,,4,Low,0
Female,25 - 45,African-American,0,0,0,0.0,0.0,M,Battery,1,0,Possess Cannabis/20 Grams Or Less,0,Medium,0
Male,25 - 45,Hispanic,0,0,1,2.0,-1.0,F,Unlaw Lic Use/Disply Of Others,1,1,Possess Cannabis/20 Grams Or Less,3,High,1
Male,Less than 25,Asian,0,0,0,0.0,-1.0,M,Battery,0,0,,0,Low,0
Female,25 - 45,Other,0,1,0,1.0,-1.0,F,Poss Of RX Without RX,1,0,Fail Register Vehicle,1,Low,0
Female,25 - 45,Hispanic,0,0,0,3.0,-1.0,F,Viol Prot Injunc Repeat Viol,1,0,Leave Acc/Attend Veh/More $50,3,Medium,1
Male,Greater than 45,Other,0,0,0,0.0,0.0,F,Battery,0,0,,0,Low,0
Male,25 - 45,Asian,0,0,0,1.0,-14.562359033708045,F,Poss Cntrft Contr Sub w/Intent,0,0,,1,Low,0
Male,Greater than 45,African-American,0,0,0,0.0,0.0,F,arrest case no charge,0,0,,0,Low,0
Male,Greater than 45,Native American,0,2,0,3.0,-1.0,F,Aide/Abet Prostitution Lewdness,1,0,Fraud Obtain/ Use Disable Permit,3,Low,1
Female,Less than 25,Native American,0,0,0,0.0,0.0,F,Possession of Cocaine,0,0,,0,Medium,0
Female,Greater than 45,Other,0,0,0,0.0,-1.0,M,Battery,0,0,,0,Low,0
Female,25 - 45,Caucasian,0,0,0,8.0,0.0,F,arrest case no charge,0,0,,8,Medium,0
Male,Less than 25,Caucasian,0,0,0,3.0,-2.0,F,Tamper With Witness,1,0,Trespass Structure/Conveyance,3,Low,1
Male,25 - 45,Other,0,0,0,3.0,-1.0,M,Battery,1,1,Possession False Prescription,3,High,1
Male,Less than 25,Hispanic,0,0,0,1.0,-1.0,F,Harm Public Servant Or Family,0,0,,1,Medium,0
Male,Greater than 45,Other,0,0,0,2.0,-1.0,M,Battery,1,0,Operating W/O Valid License,2,Low,1
Male,Less than 25,African-American,0,4,4,9.0,-1.0,F,Tampering With Physical Evidence,1,0,Opert With Susp DL 2nd Offens,8,Medium,1
Male,Less than 25,Asian,0,0,0,0.0,0.0,F,Possession of Cocaine,0,0,,0,Low,0
Male,Greater than 45,Caucasian,0,0,0,1.0,-1.0,F,Trans/Harm/Material to a Minor,0,0,,1,Low,0
Male,25 - 45,African-American,0,0,0,1.0,0.0,F,Exposes Culpable Negligence,1,0,Operating W/O Valid License,1,Medium,1
Male,Less than 25,Other,0,0,0,2.0,-1.0,M,Reckless Driving,1,1,Possess Cannabis/20 Grams Or Less,2,High,1
Male,Less than 25,African-American,0,0,0,0.0,-1.0,M,Abuse Without Great Harm,1,0,Petit Theft $100- $300,0,Medium,1
Female,Less than 25,Caucasian,0,0,1,1.0,27.98754597489701,M,Battery,1,1,Unlawful Use Of License,1,Medium,1
Male,Less than 25,African-American,0,0,0,0.0,-1.0,M,Battery,0,0,,0,Low,0
Female,25 - 45,Native American,0,0,0,2.0,-1.0,M,arrest case no charge,0,0,,2,Low,0
Male,25 - 45,African-American,0,0,0,1.0,-1.0,M,arrest case no charge,1,0,Prowling/Loitering,1,Low,0
Male,25 - 45,Asian,0,0,0,6.0,-1.0,F,arrest case no charge,1,1,Agg Fleeing/Eluding High Speed,6,Medium,1
Male,Greater than 45,Asian,0,0,0,16.0,-1.0,F,Possession of Cocaine,0,0,,16,Medium,0
Male,Less than 25,Hispanic,0,0,0,2.0,0.0,M,"Poss Of 1,4-Butanediol",1,0,Unlaw Use False Name/Identity,2,Medium,1
Male,25 - 45,Asian,0,0,0,0.0,-1.0,M,Battery,1,1,Battery,0,Low,1
Male,Greater than 45,Native American,0,0,0,3.0,0.0,F,Possession of Cocaine,0,0,,3,Medium,0
Female,25 - 45,African-American,0,0,0,1.0,-1.0,M,Resist/Obstruct W/O Violence,1,0,Prostitution,1,Medium,1
Male,Greater than 45,Hispanic,0,0,0,5.0,0.0,F,Grand Theft (Motor Vehicle),1,0,Possession Of Methamphetamine,5,High,1
Female,Less than 25,Native American,0,0,0,1.0,-1.0,M,Operating W/O Valid License,0,0,,1,Medium,0
Female,25 - 45,Caucasian,0,0,0,2.0,-26.0,M,Driving Under The Influence,0,0,,2,Low,0
Female,25 - 45,Native American,0,0,1,2.0,-1.0,M,Exposes Culpable Negligence,0,0,,2,Low,0
Female,25 - 45,Hispanic,0,0,1,7.0,0.0,M,Battery,0,0,,7,Low,0
Male,Less than 25,African-American,0,0,0,3.0,-1.0,M,Battery,0,0,,3,Low,0
Female,25 - 45,Hispanic,0,0,0,0.0,-1.0,F,Aggrav Child Abuse-Causes Harm,1,0,Fail Register Vehicle,0,Low,1
Male,25 - 45,Native American,0,0,0,14.0,-1.0,F,Grand Theft (Motor Vehicle),1,1,Murder in 2nd Degree,14,High,1
Male,Greater than 45,Hispanic,0,0,0,0.0,-1.0,M,Battery,0,0,,0,Low,0
Male,Less than 25,Native American,0,0,0,4.0,0.0,F,License Suspended Revoked,0,0,,4,Medium,0
Male,25 - 45,Native American,0,0,0,0.0,-1.0,F,Possession of Codeine,1,0,Stalking,0,Low,1
Female,Less than 25,Hispanic,0,0,0,0.0,-1.0,F,Felony Petit Theft,1,1,Possession Of Alprazolam,0,High,1
Male,25 - 45,African-American,0,0,0,1.0,-2.0,M,Battery,0,0,,1,Low,0
Male,25 - 45,Hispanic,0,0,0,2.0,-1.0,M,Petit Theft,0,0,,2,Low,0
Male,Less than 25,Other,0,0,0,2.0,-4.0,M,Refuse Submit Blood/Breath Test,1,0,Operating W/O Valid License,2,Low,1
Male,Greater than 45,African-American,0,0,0,5.0,0.0,F,arrest case no charge,1,0,Possess Cannabis/20 Grams Or Less,5,Medium,1
Female,Greater than 45,African-American,0,0,0,0.0,-1.0,F,Aggravated Assault W/Dead Weap,0,0,,0,Low,0
Male,25 - 45,African-American,0,0,0,2.0,-1.0,M,Prowling/Loitering,1,0,Unlawful Use Of License,2,Medium,1
Male,Less than 25,Caucasian,0,0,0,0.0,-1.0,M,Poss of Firearm by Convic Felo,1,0,Criminal Mischief>$200<$1000,0,Low,1
Female,Greater than 45,Caucasian,0,0,0,7.0,-1.0,F,Murder in the First Degree,1,0,,7,High,1
Male,Greater than 45,African-American,0,0,0,0.0,-1.0,M,Battery,0,0,,0,Low,0
Female,Less than 25,African-American,0,0,0,2.0,-4.0,F,Lewd/Lasc Battery Pers 12+/<16,0,0,,2,Low,0
Female,Greater than 45,Other,0,0,0,0.0,0.0,F,Grand Theft (Motor Vehicle),1,0,Susp Drivers Lic 1st Offense,0,Low,1
Female,Less than 25,Hispanic,0,0,0,1.0,-1.0,M,Battery,0,0,,1,Low,0
Male,Less than 25,Caucasian,0,0,0,14.0,-1.0,F,Driving While License Revoked,0,0,,14,High,0
Female,25 - 45,Hispanic,0,0,0,2.0,-1.0,F,Burglary Conveyance Assault/Bat,1,1,Possess Cannabis/20 Grams Or Less,2,Low,1
Male,25 - 45,Caucasian,0,0,0,0.0,-1.0,M,DUI- Enhanced,0,0,,0,High,0
Female,25 - 45,Caucasian,0,0,0,5.0,-1.0,F,Possession Of Alprazolam,0,0,,5,High,0
Male,Greater than 45,Other,0,1,0,5.0,-1.0,M,Battery,1,0,Unlawful Use Of License,5,Low,1
Male,Less than 25,Asian,0,1,0,2.0,-1.0,F,Burglary Conveyance Assault/Bat,1,1,Possession False Prescription,1,High,1
Male,Less than 25,African-American,0,0,0,11.0,-1.0,F,arrest case no charge,1,0,Use/Poss/Drug Para/Plant/Grow,11,Medium,0
Male,25 - 45,African-American,0,0,0,16.161431240508268,-1.0,M,Battery,1,0,Driving While License Revoked,17,Low,1
Male,25 - 45,Asian,0,0,0,1.0,-4.0,F,Reckless Driving,0,0,,1,Low,0
Female,25 - 45,Native American,0,0,1,10.0,-1.0,F,arrest case no charge,1,0,Possess Cannabis/20 Grams Or Less,10,High,1
Male,Greater than 45,Caucasian,0,1,1,1.0,-1.0,F,Uttering Worthless Check +$150,1,0,Petit Theft,1,High,1
Male,Greater than 45,Asian,0,0,0,13.0,-1.0,F,DUI- Enhanced,1,0,Sexual Battery Victim 12 Yrs +,13,High,1
Female,Greater than 45,Asian,0,0,1,0.0,-1.0,F,Driving While License Revoked,0,0,,0,Low,0
Female,Greater than 45,Hispanic,0,0,0,4.0,-1.0,F,Burglary Conveyance Unoccup,1,0,Driving While License Revoked,4,Low,1
Female,25 - 45,Asian,0,0,0,1.0,-1.0,F,Poss of Firearm by Convic Felo,0,0,,1,Low,0
Male,Less than 25,Hispanic,0,0,0,4.0,-1.0,M,Battery,0,0,,4,Low,0
Male,Greater than 45,Asian,0,0,0,1.0,-1.0,F,Possession of Cocaine,0,0,,1,Low,0
Female,Less than 25,Asian,0,0,0,2.0,-1.0,M,Battery,0,0,,2,Low,0
Male,Greater than 45,Other,0,0,0,1.0,-1.0,F,arrest case no charge,0,0,,1,Low,0
Male,Less than 25,African-American,0,0,0,27.01260154503121,-9.818204946695587,M,arrest case no charge,0,0,,26,Medium,0
Male,Less than 25,Hispanic,0,0,0,0.0,-2.0,M,Battery,1,1,Fraudulent Use Credit Card,0,Medium,1
Female,Less than 25,Asian,0,0,0,14.0,-1.0,F,Trans/Harm/Material to a Minor,1,1,Purchase Of Cocaine,14,Medium,1
Female,Greater than 45,Caucasian,0,0,0,0.0,-1.0,F,Aggravated Assault W/Dead Weap,0,0,,0,Low,0
Male,Less than 25,Other,0,0,0,0.0,-1.0,M,Battery,0,0,,0,Low,0
Female,Greater than 45,Asian,0,0,0,8.0,-1.0,F,Grand Theft (Motor Vehicle),0,0,,8,Medium,0
Male,Less than 25,Native American,0,0,1,3.0,-1.0,F,Possession of Cocaine,1,0,Poss Of RX Without RX,3,Medium,1
Male,Greater than 45,Hispanic,0,0,0,1.0,-5.0,F,Petit Theft $100- $300,0,0,,1,Low,0
Male,Greater than 45,Other,1,1,1,4.0,-1.0,F,Tampering With Physical Evidence,1,0,Tresspass Struct/Conveyance,4,Medium,1
Male,Less than 25,African-American,0,0,0,0.0,0.0,M,Battery,1,0,Stalking,0,Low,1
Male,Less than 25,Caucasian,0,0,0,3.0,0.0,M,Battery,1,1,Unlaw Use False Name/Identity,3,Low,1
Male,Greater than 45,African-American,3,1,0,11.0,-1.0,F,Hiring with Intent to Defraud,1,1,Grand Theft Firearm,11,High,1
Male,Greater than 45,Other,0,0,0,20.0,12.065682020841976,F,Driving While License Revoked,1,0,Viol Injunct Domestic Violence,20,High,1
Male,Greater than 45,Caucasian,0,0,0,3.0,-1.0,F,arrest case no charge,1,0,DOC/Fighting/Threatening Words,3,Low,1
Male,25 - 45,Hispanic,0,0,0,3.0,-1.0,F,Poss Cocaine/Intent To Del/Sel,1,1,Susp Drivers Lic 1st Offense,3,Low,1
Female,Less than 25,African-American,0,0,0,0.0,-1.0,M,Harm Public Servant Or Family,1,0,Possession Of Alprazolam,0,Low,1
Male,25 - 45,Native American,0,0,0,0.0,0.0,F,Poss Cocaine/Intent To Del/Sel,0,0,,0,Medium,0
Male,Less than 25,Other,0,0,2,0.0,-1.0,F,Fabricating Physical Evidence,0,0,,0,Low,0
Male,25 - 45,African-American,0,0,0,2.0,0.0,F,Possession Of Alprazolam,1,0,Leave Acc/Attend Veh/More $50,2,Medium,1
Male,Less than 25,Native American,0,0,0,7.0,-1.0,M,Viol Prot Injunc Repeat Viol,1,1,Unlawful Use Of License,6,Medium,1
Male,Greater than 45,Caucasian,0,0,0,1.0,-1.0,F,Possession of Cocaine,1,0,Operating W/O Valid License,1,Low,1
Female,Greater than 45,Caucasian,0,0,0,2.0,-1.0,M,Battery,0,0,,2,Low,0
Male,25 - 45,Other,0,0,0,0.0,-2.0,M,Battery,0,0,,0,Low,0
Female,Less than 25,Native American,0,0,0,3.0,-1.0,M,Petit Theft,1,0,Criminal Mischief>$200<$1000,3,Low,1
Female,Less than 25,Asian,0,0,0,0.0,-1.0,F,Prowling/Loitering,0,0,,0,Medium,0
Male,Greater than 45,Other,0,0,1,0.0,-1.0,F,Lewd/Lasc Battery Pers 12+/<16,0,0,,0,Low,0
Male,25 - 45,Hispanic,0,0,0,0.0,0.0,F,Possession of Cocaine,0,0,,0,Low,0
Male,25 - 45,Other,0,0,1,1.0,-1.0,F,Possession of Cocaine,0,0,,1,Medium,0
Female,Less than 25,Caucasian,0,0,0,2.0,-1.0,M,Battery,1,1,Battery,2,Low,1
Male,25 - 45,Native American,1,1,0,2.0,-1.0,F,arrest case no charge,1,0,DOC/Fighting/Threatening Words,2,Medium,1
Male,Greater than 45,Hispanic,0,0,0,0.0,-1.0,M,Battery,0,0,,0,Low,0
Male,25 - 45,Other,0,0,0,1.0,0.0,M,Battery,0,0,,1,Low,0
Female,Greater than 45,Other,0,0,0,2.0,-1.0,F,Possession of Cocaine,0,0,,2,Low,0
Male,25 - 45,Hispanic,0,0,0,1.0,-1.0,F,arrest case no charge,1,0,Reckless Driving,1,High,1
Male,25 - 45,Other,0,0,0,5.0,-1.0,F,"Poss Of 1,4-Butanediol",1,0,Reckless Driving,5,Low,1
Male,Less than 25,Caucasian,0,0,1,8.0,-1.0,F,Grand Theft of a Fire Extinquisher,0,0,,8,High,0
Female,Less than 25,Asian,0,1,0,1.0,0.0,F,arrest case no charge,1,0,Petit Theft $100- $300,1,High,1
Male,25 - 45,Asian,0,0,0,0.0,-1.0,F,Possession of Cocaine,0,0,,0,Low,0
Female,Greater than 45,African-American,0,1,0,20.0,-1.0,F,Possession of Cocaine,1,0,Operating W/O Valid License,20,High,1
Female,25 - 45,African-American,0,0,0,0.0,0.0,M,Battery,0,0,,0,Low,0
Female,25 - 45,Other,0,0,0,0.0,-1.0,M,Battery,0,0,,0,Low,0
Male,25 - 45,Asian,0,0,0,3.0,-1.0,F,Aggravated Assault W/Dead Weap,1,0,Exposes Culpable Negligence,3,Medium,1
Male,Less than 25,Caucasian,0,0,0,2.0,-1.0,F,Burglary Dwelling Occupied,1,0,Prostitution,2,Medium,1
Male,Less than 25,Caucasian,0,0,0,1.0,-1.0,F,Aggrav Child Abuse-Agg Battery,0,0,Fail Obey Driv Lic Restrictions,1,Low,1
Female,Less than 25,Other,0,0,0,0.0,-1.0,M,Battery,0,0,,0,Low,0
Male,25 - 45,Caucasian,0,0,0,3.0,-20.0,M,Uttering Worthless Check +$150,1,0,DOC/Fighting/Threatening Words,3,High,1
Male,25 - 45,Caucasian,0,0,0,0.0,-2.0,M,Refuse Submit Blood/Breath Test,1,0,Possess Drug Paraphernalia,0,Low,1
Female,25 - 45,Hispanic,0,0,0,0.0,-1.0,M,Battery,1,0,,0,Low,0
Female,25 - 45,Other,0,0,0,8.0,-1.0,M,Battery,1,0,Unlawful Use Of License,8,Medium,1
Male,Greater than 45,Asian,0,0,0,0.0,0.0,M,Battery,0,0,,0,Medium,0
Male,Less than 25,Caucasian,0,0,0,0.0,-3.0,F,Operating W/O Valid License,1,0,Unlaw Use False Name/Identity,0,Medium,1
Male,25 - 45,African-American,0,0,0,0.0,-1.0,M,Viol Prot Injunc Repeat Viol,0,0,,0,Medium,0
Female,Greater than 45,Native American,0,1,1,13.0,0.0,F,Driving While License Revoked,1,0,Exposes Culpable Negligence,13,High,1
Male,Less than 25,African-American,0,0,0,3.0,-1.0,F,Unl/Disturb Education/Instui,0,0,,3,Low,0
Female,25 - 45,Caucasian,1,0,1,20.0,-1.0,M,arrest case no charge,1,0,Petit Theft $100- $300,20,Medium,0
Female,25 - 45,Hispanic,0,0,0,0.0,-1.0,M,Battery,1,0,Susp Drivers Lic 1st Offense,0,Medium,1
Male,Greater than 45,Other,0,0,0,3.0,-1.0,F,Possession of Cocaine,1,1,Purchase Of Cocaine,3,Medium,1
Male,25 - 45,Asian,0,1,1,1.0,-1.0,M,Murder in the First Degree,1,0,,1,Low,0
Male,Less than 25,Other,0,0,0,1.0,-1.0,M,Battery,1,0,Leave Acc/Attend Veh/More $50,1,Low,1
Male,Greater than 45,Native American,1,0,3,2.0,0.0,M,Battery,1,0,Susp Drivers Lic 1st Offense,2,High,0
Female,Greater than 45,Other,0,0,0,4.0,0.0,F,Harm Public Servant Or Family,0,0,Susp Drivers Lic 1st Offense,4,Low,1
Female,Greater than 45,Hispanic,0,0,0,3.0,-1.0,F,Poss of Firearm by Convic Felo,0,0,,3,Medium,0
Male,25 - 45,Other,0,0,0,0.0,-1.0,F,Possession of Cocaine,1,0,Fail Register Vehicle,0,Low,1
Female,Greater than 45,Native American,0,0,0,13.0,-28.0,M,Possession of Cocaine,0,0,,13,Medium,0
Female,Less than 25,African-American,0,0,0,0.0,-1.0,F,Exposes Culpable Negligence,1,0,Petit Theft $100- $300,0,High,1
Female,Greater than 45,Other,0,0,0,2.0,-1.0,F,Poss Cntrft Contr Sub w/Intent,0,0,,2,Low,0
Male,Less than 25,Caucasian,0,0,0,0.0,-1.0,M,Driving Under The Influence,0,0,,0,Low,0
Female,Less than 25,Asian,0,0,0,6.0,0.0,F,Possession Of Alprazolam,1,1,Grand Theft (Motor Vehicle),6,High,1
Female,Greater than 45,Caucasian,0,0,0,0.0,-2.0,M,Resist/Obstruct W/O Violence,1,0,DUI Level 0.15 Or Minor In Veh,0,Low,1
Male,25 - 45,African-American,0,0,0,3.0,0.0,M,Driving Under The Influence,0,0,,3,Medium,0
Male,25 - 45,Hispanic,0,1,0,13.0,-1.0,F,Possession of Cocaine,1,0,Poss Of RX Without RX,13,High,1
Male,Greater than 45,African-American,0,0,0,0.0,-1.0,M,Battery,0,0,,0,Low,0
Female,Less than 25,Hispanic,0,0,0,4.0,-5.0,F,Grand Theft of a Fire Extinquisher,0,0,,4,Low,0
Male,Less than 25,Native American,0,0,0,15.0,-1.0,F,arrest case no charge,0,0,,15,Low,0
Female,Greater than 45,Native American,0,0,0,1.0,0.0,F,Burglary Conveyance Unoccup,1,0,Prowling/Loitering,1,High,1
Female,Less than 25,Native American,0,0,0,2.0,0.0,F,Driving While License Revoked,1,1,Battery,2,Medium,1
Female,Less than 25,Asian,0,0,0,0.0,-1.0,M,Battery,0,0,,0,Medium,0
Female,25 - 45,Asian,0,0,0,1.0,-1.0,F,arrest case no charge,1,0,Unlawful Use Of License,1,Low,1
Male,Less than 25,African-American,0,0,0,1.0,-11.765292479445637,F,arrest case no charge,0,0,,1,Low,0
Female,Less than 25,Other,0,0,0,14.0,-1.0,F,Possession of Cocaine,1,0,Trespass/Property/Other Structure,14,High,1
Male,25 - 45,Asian,0,0,0,1.0,-5.090249213219703,F,Aggravated Assault W/Dead Weap,1,0,Stalking,1,Low,1
Female,25 - 45,Caucasian,0,0,0,0.0,0.0,M,Battery,0,0,,0,Low,0
Male,Less than 25,Caucasian,0,0,0,0.0,-1.0,F,Uttering Worthless Check +$150,0,0,,0,Low,0
Male,25 - 45,Caucasian,0,0,4,0.0,-1.0,M,Battery,1,0,Petit Theft $100- $300,0,Medium,1
Male,Greater than 45,Caucasian,0,0,0,0.0,0.0,M,Battery,0,0,,0,Low,0
Female,Less than 25,African-American,0,0,0,13.0,-1.0,F,Agg Battery Grt/Bod/Harm,0,0,,13,Low,0
Male,Greater than 45,African-American,0,0,0,5.0,-1.0,F,Driving While License Revoked,0,0,,5,Low,0
Male,Less than 25,Caucasian,0,0,0,4.0,-1.0,F,Possession of Cocaine,1,0,Possess Countrfeit Credit Card,4,Low,1
Female,25 - 45,Native American,0,0,0,12.0,-1.0,F,Possession of Cocaine,1,0,Possession Burglary Tools,12,High,1
Female,Less than 25,Hispanic,0,0,0,0.0,-1.0,F,Aggravated Assault W/dead Weap,1,0,Viol Injunct Domestic Violence,0,Low,1
Male,Less than 25,African-American,0,0,0,2.0,-1.0,F,Driving While License Revoked,0,0,,2,Low,0
Male,25 - 45,Other,0,1,1,8.0,-1.0,F,Possession Of Alprazolam,1,0,Felony Petit Theft,8,Medium,1
Male,Greater than 45,African-American,0,0,0,11.0,-1.0,M,arrest case no charge,1,0,Unlaw Use False Name/Identity,11,High,1
Female,25 - 45,Caucasian,0,0,0,3.0,-1.0,M,Battery,1,0,Possess Drug Paraphernalia,3,Low,1
Male,Greater than 45,Native American,0,0,0,6.0,-1.0,F,Uttering Worthless Check +$150,1,0,Unlawful Use Of License,6,Low,1
Male,25 - 45,Other,0,0,0,0.0,-1.0,M,False Info LEO During Invest,1,0,,0,Low,0
Male,25 - 45,Caucasian,0,0,0,7.0,-6.0,M,Battery,0,0,,7,Medium,0
Male,Greater than 45,Other,0,0,0,2.0,0.0,M,DUI Property Damage/Injury,0,0,,2,Low,0
Male,Greater than 45,Other,0,0,0,8.0,-1.0,F,Aggravated Assault W/dead Weap,1,0,Sell Cocaine 1000FT School,8,Low,1
Male,Less than 25,Other,0,0,0,25.702746274195768,-1.0,F,Prostitution,1,0,Trespass Struct/Conveyance,25,Medium,1
Male,25 - 45,Asian,0,0,0,2.0,-1.0,M,Driving Under The Influence,0,0,,2,Low,0
Female,25 - 45,Caucasian,0,0,0,4.0,-2.0,F,Aggravated Assault W/Dead Weap,1,0,DUI Level 0.15 Or Minor In Veh,4,Low,1
Female,Less than 25,Other,0,0,0,0.0,-1.0,M,Battery,0,0,,0,Medium,0
Male,Greater than 45,Native American,0,0,0,6.0,-1.0,M,Violation License Restrictions,1,0,Susp Drivers Lic 1st Offense,6,Medium,1
Female,Less than 25,Hispanic,0,0,0,1.0,0.0,F,Possession of Cocaine,0,0,,1,High,0
Female,25 - 45,Asian,0,0,0,1.0,-1.0,F,Driving While License Revoked,0,0,,1,Low,0
Male,Less than 25,Native American,0,0,0,4.0,0.0,F,Possession of Cocaine,1,0,Prostitution,4,Medium,1
Male,Less than 25,Hispanic,0,0,0,3.0,0.0,F,Possession of Methadone,0,0,,3,Medium,0
Female,25 - 45,Caucasian,0,0,0,17.0,-1.0,F,Possession of Cocaine,1,0,Susp Drivers Lic 1st Offense,17,High,0
Female,25 - 45,African-American,0,0,0,0.0,-1.0,F,Violation License Restrictions,1,0,Unlaw LicTag/Sticker Attach,0,Low,1
Male,Less than 25,Native American,0,0,0,2.0,-1.0,M,Battery,0,0,,2,Low,0
Male,Less than 25,African-American,0,0,0,4.0,-1.0,M,Battery,1,0,Criminal Mischief>$200<$1000,4,Medium,1
Male,Less than 25,Hispanic,0,0,1,5.0,-1.0,F,Poss Pyrrolidinovalerophenone,1,1,Battery,5,Medium,1
Male,25 - 45,Native American,0,0,0,0.0,-1.0,F,Burglary Conveyance Unoccup,0,0,,0,Medium,0
Male,Greater than 45,Caucasian,0,0,0,0.0,-1.0,F,Aggrav Child Abuse-Causes Harm,0,0,,0,Low,0
Female,Greater than 45,Hispanic,0,0,1,2.0,0.0,M,Battery,1,1,No/Improper Drivers License,2,Low,1
Male,Greater than 45,Asian,0,0,0,0.0,-1.0,F,Interfere W/Traf Cont Dev RR,0,0,,0,Low,0
Male,Less than 25,Caucasian,0,0,0,0.0,0.0,M,Battery,1,0,,0,Medium,0
Female,25 - 45,Hispanic,0,0,0,3.0,-1.0,F,Murder in the First Degree,1,0,Possess Cannabis/20 Grams Or Less,3,Medium,1
Female,Less than 25,Hispanic,0,0,0,5.0,-1.0,F,arrest case no charge,1,0,Grand Theft (Motor Vehicle),5,Low,1
Male,Greater than 45,Native American,0,0,0,12.0,-1.0,F,Possession of Cocaine,1,0,Fail Register Vehicle,12,Medium,0
Male,Less than 25,Caucasian,0,0,0,6.0,-1.0,F,arrest case no charge,1,1,Battery,6,Medium,1
Male,Greater than 45,Caucasian,0,0,0,0.0,-1.0,F,Tamper With Witness,0,0,,0,Medium,0
Female,25 - 45,Hispanic,0,0,0,3.0,-23.0,M,arrest case no charge,0,0,,3,High,0
Male,Greater than 45,Other,0,0,0,1.0,-1.0,M,Battery,0,0,,1,Low,0
Female,Less than 25,African-American,0,0,0,0.0,0.0,F,Lewd/Lasc Battery Pers 12+/<16,0,0,,0,Low,0
Female,25 - 45,Other,0,0,0,3.0,-1.0,F,arrest case no charge,0,0,,3,Low,0
Male,Less than 25,Other,0,0,0,5.0,-1.0,M,Operating W/O Valid License,1,0,Operating W/O Valid License,5,High,1
Male,Less than 25,Caucasian,0,0,0,0.0,0.0,M,Battery,0,0,,0,Low,1
Male,Greater than 45,Hispanic,0,0,0,0.0,-1.0,M,DUI Property Damage/Injury,0,0,,0,Low,0
Female,Greater than 45,Native American,0,0,0,2.0,-1.0,F,arrest case no charge,0,0,,2,Low,0
Male,Less than 25,Hispanic,0,0,0,0.0,-1.0,M,Battery,0,0,,0,Low,0
Female,25 - 45,Native American,0,0,0,0.0,-1.0,F,Deliver Cocaine 1000FT Church,1,0,Fail Register Vehicle,0,Low,1
Female,25 - 45,Native American,1,0,0,12.0,0.0,F,Possession of Cocaine,1,0,Driving While License Revoked,12,High,1
Male,25 - 45,African-American,0,0,0,0.0,-3.0,M,Battery,0,0,,0,Low,1
Male,Less than 25,African-American,0,0,0,0.0,-1.0,F,Carry Open/Uncov Bev In Pub,1,0,Petit Theft $100- $300,0,Medium,1
Male,25 - 45,African-American,0,0,0,2.0,-1.0,M,Battery,0,0,,2,Low,0
Male,Less than 25,Asian,0,0,0,2.0,-1.0,F,Possession of Cocaine,1,1,Battery,2,High,1
Female,25 - 45,Hispanic,0,2,1,8.0,0.0,F,Pos Cannabis W/Intent Sel/Del,1,0,Crimin Mischief Damage $1000+,8,High,1
Male,Less than 25,African-American,0,0,0,22.0,-1.0,F,Deliver Cocaine 1000FT Church,1,0,Operating W/O Valid License,21,High,1
Male,25 - 45,Other,0,0,0,6.0,-1.0,F,Possession of Cocaine,1,1,Operating W/O Valid License,6,Low,1
Female,Less than 25,Asian,0,0,0,5.0,-2.0,F,arrest case no charge,1,0,Trespass Structure/Conveyance,5,Medium,1
Female,25 - 45,Hispanic,0,0,0,2.0,-1.0,F,Possession of Cocaine,1,0,Possess Cannabis/20 Grams Or Less,2,Medium,1
Male,Greater than 45,Other,0,0,0,1.0,10.485631153788596,M,arrest case no charge,0,0,,1,Medium,0
Female,Less than 25,Asian,0,0,0,1.0,-1.0,F,Possession of Cocaine,0,0,,1,Low,0
Male,Greater than 45,Hispanic,0,0,0,2.0,-1.0,F,Burglary Dwelling Occupied,1,0,Susp Drivers Lic 1st Offense,2,High,1
Male,Greater than 45,Native American,0,0,1,7.0,-1.0,F,Prostitution,0,0,,7,High,0
Male,25 - 45,Native American,1,0,0,5.0,-1.0,F,Burglary Conveyance Assault/Bat,1,1,Possession False Prescription,5,High,1
Female,Greater than 45,Asian,0,0,0,4.0,-4.0,F,Possession of Cocaine,0,0,,4,Medium,0
Female,Less than 25,Asian,0,0,0,0.0,0.0,M,DUI Property Damage/Injury,0,0,Leave Acc/Attend Veh/More $50,0,Low,0
Male,Greater than 45,Caucasian,0,0,0,10.0,-1.0,F,Driving While License Revoked,0,0,,10,Medium,0
Female,Greater than 45,Native American,0,0,0,2.0,0.0,F,Possession of Cocaine,1,0,,2,High,1
Female,Greater than 45,Asian,0,0,0,3.0,0.0,M,Tresspass Struct/Conveyance,1,0,Unnatural/Lascivious Act,3,Low,1
Male,25 - 45,African-American,0,0,0,2.0,-1.0,F,False Name By Person Arrest,0,0,,2,Medium,0
Female,Less than 25,Asian,1,7,4,23.410201062249342,-1.0,F,Tampering With Physical Evidence,1,0,Credit Card Theft,23,High,1
Female,25 - 45,Caucasian,0,0,1,1.0,0.0,F,Grand Theft (Motor Vehicle),1,0,Possession Burglary Tools,1,Medium,1
Female,Less than 25,Asian,0,0,0,0.0,-2.0,F,Uttering Worthless Check +$150,0,0,,0,Low,0
Female,Less than 25,Caucasian,0,0,0,1.0,-1.0,F,arrest case no charge,0,0,,1,Low,0
Male,25 - 45,African-American,0,0,0,0.0,-1.0,F,Poss Cntrft Contr Sub w/Intent,0,0,,0,Low,0
Female,Less than 25,Asian,0,0,0,1.0,0.0,F,Felony Petit Theft,0,0,,1,Low,0
Female,25 - 45,Caucasian,0,0,0,0.0,-1.0,F,Grand Theft (Motor Vehicle),0,0,,0,Low,0
Female,Greater than 45,Asian,4,0,0,5.0,-1.0,F,Burglary Conveyance Unoccup,1,0,Susp Drivers Lic 1st Offense,5,High,1
Male,Greater than 45,Other,0,0,0,2.0,-1.0,F,Possession of Cocaine,1,0,Trespass Struct/Conveyance,2,High,1
Male,25 - 45,Other,0,0,0,2.0,-1.0,M,Battery,0,0,,2,Low,0
Female,Greater than 45,African-American,0,0,0,0.0,0.0,M,Battery,0,0,,0,Low,0
Male,25 - 45,African-American,0,0,0,23.0,-1.0,F,arrest case no charge,1,1,Unauth C/P/S Sounds>1000/Audio,23,High,1
Male,Less than 25,African-American,0,0,0,2.0,-1.0,F,Felony Petit Theft,1,1,Tampering with a Victim,2,Medium,1
Male,Greater than 45,Caucasian,0,0,0,5.0,-1.0,M,arrest case no charge,0,0,,5,Medium,0
Male,Greater than 45,Native American,0,0,0,0.0,0.0,F,Interfere W/Traf Cont Dev RR,0,0,,0,Low,0
Male,Greater than 45,Hispanic,0,0,0,1.0,-1.0,F,False Info LEO During Invest,1,0,Fail Register Vehicle,1,Low,1
Male,Greater than 45,Native American,0,0,0,1.0,-1.0,M,Traffick Amphetamine 28g><200g,1,0,Possession Burglary Tools,1,Low,0
Female,Greater than 45,African-American,0,0,0,0.0,-3.0,F,Murder in the First Degree,0,0,,0,Low,0
Female,Greater than 45,Caucasian,0,0,0,0.0,-1.0,M,Battery,0,0,,0,Low,0
Male,25 - 45,Caucasian,0,0,0,0.0,-1.0,F,Aggravated Battery / Pregnant,0,0,,0,Low,0
Male,Less than 25,African-American,0,0,0,13.0,-1.0,F,Possession of Cocaine,1,0,Unlaw LicTag/Sticker Attach,13,High,1
Male,Less than 25,Asian,0,0,0,2.0,-25.0,F,Depriv LEO of Protect/Communic,0,0,,2,Low,0
Male,25 - 45,Native American,0,0,0,5.0,-1.0,F,Driving While License Revoked,1,0,,5,Low,0
Male,Less than 25,African-American,0,1,0,2.0,-1.0,M,Battery,0,0,,2,Low,0
Male,25 - 45,Other,0,0,0,0.0,0.0,F,License Suspended Revoked,1,0,,0,Medium,0
Female,Greater than 45,Other,0,0,0,0.0,-1.0,F,Depriv LEO of Protect/Communic,1,0,Susp Drivers Lic 1st Offense,0,Low,1
Female,Less than 25,Native American,0,0,0,1.0,-1.0,M,Burglary Dwelling Occupied,0,0,,1,High,0
Male,Greater than 45,Native American,0,0,0,3.0,-1.0,F,Aggravated Battery / Pregnant,1,0,Fail Register Vehicle,3,Medium,1
Female,Greater than 45,African-American,0,0,0,0.0,-1.0,F,Deliver Cocaine 1000FT Church,1,0,Petit Theft $100- $300,0,Low,1
Male,25 - 45,Caucasian,0,0,0,1.0,0.0,M,Possession of Codeine,1,0,Leave Acc/Attend Veh/More $50,1,Low,1
Female,Less than 25,African-American,0,0,0,0.0,0.0,M,Battery,1,0,Possession Of Alprazolam,0,Medium,1
Female,Greater than 45,African-American,0,0,0,0.0,-2.0,M,Battery,1,0,,0,High,1
Female,Less than 25,Other,0,0,0,3.0,0.0,F,Agg Battery Grt/Bod/Harm,0,0,,3,Low,0
Male,Greater than 45,Caucasian,0,0,0,0.0,-1.0,F,Aggravated Assault W/Dead Weap,0,0,,0,Low,0
Male,25 - 45,Asian,0,0,0,0.0,0.0,M,Felony Petit Theft,0,0,,0,Low,0
Male,Greater than 45,African-American,1,0,1,7.0,-1.0,F,Burglary Conveyance Unoccup,1,0,Susp Drivers Lic 1st Offense,7,Medium,1
Female,Greater than 45,African-American,0,0,0,3.0,7.4071073527752915,M,False Info LEO During Invest,1,1,Unauth C/P/S Sounds>1000/Audio,3,Low,1
Male,25 - 45,Hispanic,0,0,0,9.0,0.0,M,Battery,1,0,Poss Of RX Without RX,9,High,1
Female,Less than 25,Other,0,0,0,0.0,-1.0,M,Battery,1,0,Prostitution,0,Low,1
Male,Greater than 45,Other,0,0,0,2.0,-2.0,M,DUI Property Damage/Injury,0,0,,2,Low,0
Male,Greater than 45,Native American,0,3,4,14.0,-1.0,F,Grand Theft (Motor Vehicle),1,0,Introduce Contraband Into Jail,14,High,0
Male,Greater than 45,African-American,0,0,0,0.0,-1.0,M,Battery,1,1,Battery,0,Low,1
Male,Greater than 45,Asian,0,0,0,0.0,-1.0,F,Viol Prot Injunc Repeat Viol,0,0,,0,Medium,0
Female,Greater than 45,Native American,0,0,0,4.0,-1.0,M,Battery,1,0,Possess Cannabis/20 Grams Or Less,4,Medium,1
Male,25 - 45,African-American,0,0,0,0.0,-1.0,M,Battery,0,0,,0,Low,0
Male,Greater than 45,Other,0,0,0,1.0,-1.0,F,Burglary Structure Unoccup,0,0,,1,Low,0
Male,Greater than 45,Asian,0,0,0,0.0,-2.0,F,Grand Theft (Motor Vehicle),0,0,,0,Low,0
Female,25 - 45,Native American,0,0,0,1.0,-1.0,M,Exposes Culpable Negligence,0,0,,1,Low,0
Female,25 - 45,Asian,0,0,0,3.0,-1.0,M,Battery,0,0,,3,Low,0
Male,Greater than 45,African-American,0,0,0,1.0,-1.0,M,Reckless Driving,1,1,No/Improper Drivers License,1,Medium,1
Female,Less than 25,Hispanic,0,0,0,19.0,-4.0,F,arrest case no charge,1,1,Sexual Battery Victim 12 Yrs +,19,High,1
Female,Greater than 45,Hispanic,0,0,0,2.0,-1.0,F,Uttering Worthless Check +$150,1,0,,2,Medium,0
Male,Less than 25,Asian,0,0,0,5.0,0.0,M,Battery,1,0,Susp Drivers Lic 1st Offense,5,Medium,1
Female,25 - 45,Hispanic,0,0,3,13.0,0.0,F,Possession Of Alprazolam,1,1,Operating W/O Valid License,12,Medium,1
Female,Greater than 45,Other,0,1,0,19.0,0.0,F,Possession of Cocaine,1,0,Operating W/O Valid License,19,High,1
Male,Less than 25,Caucasian,0,0,0,5.0,-1.0,F,Possession of Cocaine,1,0,Burglary Structure Unoccup,5,High,1
Female,25 - 45,Hispanic,0,0,0,1.0,-1.0,F,Aggravated Assault W/Dead Weap,1,1,Battery,1,Low,1
Male,Greater than 45,Native American,0,0,0,0.0,-1.0,F,Grand Theft (Motor Vehicle),0,0,,0,Low,0
Male,25 - 45,African-American,0,0,0,6.0,0.0,F,Expired DL More Than 6 Months,1,0,Fail Obey Driv Lic Restrictions,6,High,1
Male,Greater than 45,Native American,0,1,3,6.0,-1.0,F,Deliver Cocaine,1,0,Fail Register Vehicle,6,Low,1
Female,Greater than 45,Asian,0,0,0,1.0,-27.0,M,arrest case no charge,1,0,Susp Drivers Lic 1st Offense,1,Low,1
Female,Less than 25,Caucasian,0,0,0,0.0,-1.0,F,Agg Battery Grt/Bod/Harm,0,0,,0,Medium,0
Male,Greater than 45,Asian,0,0,0,1.0,-1.0,F,Grand Theft (Motor Vehicle),0,0,,1,Low,0
Male,Greater than 45,African-American,0,0,0,0.0,-1.0,F,Driving While License Revoked,0,0,,0,Medium,0
Female,Less than 25,Other,0,0,0,12.0,-1.0,F,Poss Pyrrolidinovalerophenone,1,0,Grand Theft (Motor Vehicle),12,High,1
Male,25 - 45,Other,0,0,0,1.0,-1.0,F,Murder in the First Degree,1,0,Susp Drivers Lic 1st Offense,1,Low,1
Female,25 - 45,Hispanic,0,0,0,2.0,-2.0,F,Fabricating Physical Evidence,0,0,,2,Low,0
Female,25 - 45,Native American,0,0,0,2.0,-1.0,F,arrest case no charge,1,0,Driving While License Revoked,2,Low,1
Female,25 - 45,Hispanic,0,0,0,2.0,-1.0,F,arrest case no charge,1,0,Possession Burglary Tools,2,Medium,0
Male,Less than 25,Other,0,0,0,0.0,-1.0,F,arrest case no charge,0,0,Petit Theft $100- $300,0,Low,0
Male,Less than 25,African-American,0,0,0,1.0,-22.0,F,Possession of Cocaine,0,0,,1,Medium,0
Female,25 - 45,Caucasian,0,0,0,1.0,-26.0,F,Tamper With Witness,1,0,Reckless Driving,1,Medium,1
Female,25 - 45,Caucasian,0,0,0,0.0,0.0,F,Trespassing/Construction Site,0,0,,0,Medium,0
Male,Less than 25,Asian,0,0,0,1.0,-25.0,M,Battery,0,0,,1,Low,0
Female,Less than 25,African-American,0,0,0,7.0,-1.0,F,Felony Petit Theft,1,0,Possess Drug Paraphernalia,7,High,1
Male,Less than 25,Hispanic,0,0,1,1.0,-1.0,F,Trans/Harm/Material to a Minor,1,0,Petit Theft $100- $300,1,High,1
Male,Less than 25,Other,0,0,0,3.0,-1.0,F,Aggravated Battery / Pregnant,0,0,,3,Low,0
Male,25 - 45,Asian,0,1,0,23.0,-1.0,F,Felony Petit Theft,1,0,Felony Petit Theft,23,High,1
Female,Greater than 45,African-American,0,0,0,2.0,-1.0,F,arrest case no charge,1,1,Contempt Of Court,2,High,1
Female,25 - 45,Hispanic,0,0,0,0.0,0.0,M,Operating W/O Valid License,0,0,,0,Low,0
Male,Greater than 45,Asian,2,0,0,18.64034792736934,-1.0,M,Battery,0,0,,18,High,0
Male,25 - 45,Asian,0,0,0,1.0,-1.0,F,arrest case no charge,1,1,Battery,1,Medium,1
Female,25 - 45,Native American,0,0,0,0.0,0.0,M,Battery,1,1,Felony Battery (Dom Strang),0,Low,1
Female,Greater than 45,African-American,0,0,0,3.0,-1.0,F,Grand Theft (Motor Vehicle),1,0,Prowling/Loitering,3,High,1
Male,25 - 45,Hispanic,0,0,0,0.0,-1.0,M,Battery,0,0,,0,Low,0
Female,25 - 45,Native American,0,0,0,5.0,0.0,F,Tamper With Witness,0,0,,5,Medium,0
Male,Less than 25,Hispanic,0,0,0,2.0,0.0,M,Battery,0,0,,2,Low,0
Male,25 - 45,African-American,0,0,0,0.0,-1.0,F,Possession Of Alprazolam,0,0,,0,Medium,0
Female,Greater than 45,Native American,0,0,0,3.0,-1.0,F,Poss Similitude of Drivers Lic,1,0,Petit Theft $100- $300,3,High,1
Male,Less than 25,Other,0,0,0,0.0,-1.0,M,Uttering Forged Bills,1,0,Operating W/O Valid License,0,Low,1
Male,Greater than 45,Other,1,0,0,2.0,-2.0,F,arrest case no charge,1,0,Felony Driving While Lic Suspd,2,High,1
Female,Greater than 45,African-American,0,0,0,0.0,-1.0,F,Poss Pyrrolidinovalerophenone,1,1,Battery,0,High,1
Male,25 - 45,African-American,0,0,0,5.0,-1.0,F,Trans/Harm/Material to a Minor,1,0,Sexual Battery Victim 12 Yrs +,5,Medium,1
Male,25 - 45,African-American,0,0,0,0.0,-1.0,F,Viol Prot Injunc Repeat Viol,0,0,,0,Low,0
Male,Less than 25,Native American,0,0,0,1.0,-1.0,M,Resist/Obstruct W/O Violence,0,0,,1,Low,0
Female,Less than 25,Asian,0,0,0,0.0,0.0,M,Possession of Cocaine,0,0,,0,Low,0
Female,Greater than 45,Other,0,0,0,2.0,0.0,F,Grand Theft of a Fire Extinquisher,1,0,Prowling/Loitering,2,High,1
Female,25 - 45,Asian,0,0,0,0.0,0.0,F,Tresspass Struct/Conveyance,1,1,Assault,0,Low,1
Female,Greater than 45,Caucasian,0,0,0,2.0,-1.0,F,Interfere W/Traf Cont Dev RR,1,0,Possession Of Methamphetamine,2,Low,1
Female,Greater than 45,African-American,0,0,0,13.0,-1.0,F,Possession of Cocaine,1,0,Possess Drug Paraphernalia,13,High,1
Male,Less than 25,Native American,0,0,0,4.0,-1.0,F,Harm Public Servant Or Family,0,0,,4,Low,0
Female,Less than 25,African-American,0,0,0,0.0,0.0,F,Poss Cntrft Contr Sub w/Intent,0,0,,0,Low,0
Female,Greater than 45,African-American,0,0,0,6.0,-1.0,F,Grand Theft (Motor Vehicle),1,0,Petit Theft $100- $300,6,High,1
Male,Greater than 45,Other,0,0,0,0.0,-1.0,M,Battery,0,0,,0,Low,0
Male,Greater than 45,Other,0,0,0,5.0,-13.0,M,Battery,0,0,,5,Medium,0
Male,Greater than 45,Hispanic,0,0,0,1.0,-1.0,M,Battery,1,0,Trespass Structure/Conveyance,1,Low,1
Male,25 - 45,Native American,0,0,0,1.0,0.0,M,Driving Under The Influence,0,0,,1,Low,0
Female,Less than 25,Caucasian,0,0,0,0.0,-1.0,F,Unl/Disturb Education/Instui,0,0,,0,Low,1
Male,25 - 45,Native American,0,0,0,3.0,-5.403038442619458,M,Battery,0,0,,3,Medium,0
Male,Greater than 45,African-American,0,0,0,2.0,-1.0,F,Lewd/Lasc Battery Pers 12+/<16,1,0,Operating W/O Valid License,2,Low,1
Female,Greater than 45,African-American,0,0,0,0.0,-1.0,F,Prostitution,0,0,,0,High,0
Male,25 - 45,Native American,0,0,0,0.0,-1.0,F,Burglary Structure Unoccup,0,0,,0,Medium,0
Male,Less than 25,Caucasian,0,1,1,21.000000000000004,-1.0,M,Battery,1,0,Possess Cannabis/20 Grams Or Less,21,High,1
Male,25 - 45,Asian,0,0,0,0.0,-1.0,M,Battery,0,0,,0,Low,0
Female,25 - 45,Other,0,0,0,3.0,-22.0,M,Operating W/O Valid License,0,0,Operating W/O Valid License,3,Low,1
Male,Less than 25,African-American,0,0,0,0.0,-1.0,M,Battery,0,0,,0,Medium,0
Male,Less than 25,Asian,0,0,0,1.0,-1.0,F,Possession of Cocaine,1,0,Possess Drug Paraphernalia,1,High,1
Female,25 - 45,Asian,0,0,0,5.0,0.0,F,Possession of Benzylpiperazine,1,0,Unlawful Use Of License,5,Low,1
Female,25 - 45,Hispanic,1,0,0,10.0,-1.0,F,Possession Of Alprazolam,1,1,POSSESS FIELD BOX WITH REGISTERED MARK,10,High,1
Male,Less than 25,Hispanic,0,0,0,10.0,-1.0,M,Battery,1,1,Possess Countrfeit Credit Card,10,Low,1
Male,Greater than 45,Other,0,0,0,3.0,-1.0,M,Battery,1,0,Trespass/Property/Other Structure,3,Low,1
Female,25 - 45,African-American,1,0,0,23.232706820424955,-1.0,F,Felony Petit Theft,1,1,Felony Petit Theft,23,High,1
Female,25 - 45,African-American,0,0,0,1.0,0.0,F,Exposes Culpable Negligence,1,1,Possession Of Methamphetamine,1,Low,1
Female,Greater than 45,Asian,0,0,0,0.0,-1.0,M,Battery,0,0,,0,Low,0
Male,Greater than 45,African-American,0,0,0,2.0,-1.0,F,arrest case no charge,0,0,,2,Low,0
Female,Less than 25,Hispanic,0,0,0,0.0,-1.0,F,Agg Battery Grt/Bod/Harm,0,0,,0,Low,0
Male,Less than 25,Asian,0,0,0,0.0,-1.0,F,Deliver Cocaine 1000FT Church,0,0,,0,Low,0
Female,Less than 25,Hispanic,0,0,0,0.0,0.0,F,Aggravated Assault W/Dead Weap,1,0,,0,Low,0
Female,Less than 25,Native American,0,0,0,4.0,-26.0,M,Battery,0,0,,4,Low,1
Male,25 - 45,Hispanic,0,0,0,0.0,-1.0,M,Battery,0,0,,0,Medium,0
Female,Greater than 45,Caucasian,0,0,0,0.0,0.0,F,Shoot Into Vehicle,0,0,,0,Low,0
Female,Less than 25,Caucasian,0,0,0,0.0,-1.0,M,Abuse Without Great Harm,0,0,,0,High,0
Female,Less than 25,Asian,0,0,0,7.0,-1.0,F,Possession of Cocaine,1,0,Felony Petit Theft,7,High,1
Male,25 - 45,Other,0,0,0,16.0,-1.0,F,arrest case no charge,1,0,Burglary Structure Unoccup,16,Medium,1
Male,Greater than 45,Hispanic,0,0,0,11.0,-3.0,F,Possession of Cocaine,1,0,Trespass Structure/Conveyance,11,High,1
Male,25 - 45,Other,0,0,0,0.0,-1.0,M,Battery,1,0,Possess Cannabis/20 Grams Or Less,0,High,1
Female,Greater than 45,African-American,0,0,0,3.0,-1.0,M,Driving Under The Influence,1,0,Susp Drivers Lic 1st Offense,3,Low,1
Male,Greater than 45,Other,0,0,0,2.0,-1.0,M,Battery,0,0,,2,Low,0
Male,Less than 25,Asian,0,0,0,2.0,-3.0,M,Driving Under The Influence,0,0,,2,Low,0
Male,Less than 25,Other,0,0,0,0.0,-1.0,F,DUI Property Damage/Injury,0,0,,0,Low,0
Female,Greater than 45,Other,0,0,0,5.0,-1.0,F,arrest case no charge,1,0,,5,Low,1
Female,Less than 25,Native American,0,0,0,18.0,0.0,F,Grand Theft (Motor Vehicle),1,0,Unlaw Use False Name/Identity,18,High,1
Female,Greater than 45,Other,0,0,0,3.0,-1.0,F,arrest case no charge,0,0,,3,Low,0
Female,25 - 45,Other,0,0,0,0.0,0.0,M,Battery,0,0,,0,Low,0
Female,Less than 25,Native American,0,0,0,8.0,-1.0,M,Battery,1,1,Unlaw Pos of Prson ID of another,7,High,0
Male,25 - 45,Caucasian,0,0,0,6.0,0.0,F,Aggravated Battery / Pregnant,0,0,,6,Low,0
Male,25 - 45,Hispanic,0,0,0,0.0,0.0,F,Harm Public Servant Or Family,0,0,,0,Low,0
Male,25 - 45,Other,0,0,0,2.0,-28.0,M,Poss Pyrrolidinovalerophenone,1,0,Possess Cannabis/20 Grams Or Less,2,Medium,1
Male,Less than 25,Other,0,0,0,0.0,-1.0,F,Expired DL More Than 6 Months,1,0,Unlaw Use False Name/Identity,0,High,1
Male,Less than 25,Caucasian,0,0,0,7.0,-1.0,F,Poss of Firearm by Convic Felo,0,0,,7,Medium,0
Female,25 - 45,Other,0,0,0,0.0,0.0,M,Viol Prot Injunc Repeat Viol,0,0,,0,Low,0
Female,Greater than 45,Hispanic,0,3,2,14.0,0.0,F,Poss/Sell/Del Cocaine 1000FT Sch,1,1,Fraudulent Use Credit Card,15,High,1
Male,Less than 25,Native American,0,0,0,3.0,-8.0,M,arrest case no charge,0,0,,3,Medium,0
Male,25 - 45,Asian,0,0,0,1.0,-3.0,F,Poss Cocaine/Intent To Del/Sel,0,0,,1,Low,0
Female,25 - 45,Other,0,0,0,0.0,0.0,F,Possession of Cocaine,0,0,,0,Low,0
Male,Greater than 45,Other,0,0,0,0.0,-1.0,F,Possession of Codeine,0,0,,0,Low,0
Female,Greater than 45,African-American,0,0,0,0.0,0.0,M,Driving Under The Influence,0,0,,0,Low,0
Female,25 - 45,Caucasian,0,0,0,1.0,-1.0,M,Battery,0,0,,1,Low,0
Male,25 - 45,Hispanic,0,0,0,3.0,-1.0,F,Possession of Cocaine,0,0,,3,Low,0
Female,Greater than 45,Asian,0,0,0,3.0,0.0,F,Poss Cocaine/Intent To Del/Sel,1,0,Possess Cannabis/20 Grams Or Less,3,Low,1
Male,25 - 45,Caucasian,0,0,0,1.0,-1.0,F,arrest case no charge,0,0,,1,Low,0
Female,Greater than 45,Native American,0,0,0,0.0,-1.0,M,Battery,0,0,,0,Low,0
Female,Less than 25,Other,0,0,0,1.0,0.0,M,Battery,1,1,Battery,1,Low,1
Male,Less than 25,Other,0,0,0,6.0,0.0,F,arrest case no charge,0,0,,6,Low,0
Male,Less than 25,Caucasian,0,0,0,0.0,-1.0,F,License Suspended Revoked,1,1,Agg Fleeing/Eluding High Speed,0,Low,1
Male,Greater than 45,Native American,1,0,0,2.0,-21.0,F,arrest case no charge,1,0,Susp Drivers Lic 1st Offense,2,High,1
Male,25 - 45,African-American,0,0,0,8.0,0.0,F,arrest case no charge,1,0,Unlaw Use False Name/Identity,8,High,1
Female,Less than 25,Caucasian,0,0,0,2.0,-9.0,F,Aggravated Assault W/Dead Weap,1,0,,2,High,1
Female,25 - 45,Asian,0,0,0,7.0,-1.0,M,Exposes Culpable Negligence,0,0,,7,Low,0
Male,Less than 25,African-American,0,0,0,4.0,-3.0,F,Aggravated Assault W/Dead Weap,0,0,,4,Medium,0
Female,Less than 25,Other,0,2,0,12.0,-1.0,M,Battery,0,0,,12,High,0
Female,Less than 25,Asian,0,0,0,11.0,-15.845551576245436,F,Reckless Driving,1,1,Battery,11,High,1
Female,Greater than 45,Caucasian,0,0,0,1.0,-22.0,M,Fabricating Physical Evidence,0,0,,1,Low,0
Male,Less than 25,Other,0,0,0,0.0,-1.0,M,Driving Under The Influence,0,0,,0,Low,0
Male,Greater than 45,Other,0,0,0,22.0,-1.0,F,Aggravated Assault W/Dead Weap,0,0,,22,Medium,0
Male,Less than 25,Caucasian,0,0,0,1.0,0.0,M,Driving Under The Influence,1,0,Purchase Of Cocaine,1,Low,1
Female,Greater than 45,Other,0,0,0,6.0,-1.0,F,Aggravated Assault W/Dead Weap,1,1,Battery,6,High,1
Male,Less than 25,African-American,0,0,0,1.0,-1.0,F,arrest case no charge,0,0,,1,Low,0
Male,Less than 25,Asian,0,0,0,4.0,-1.0,F,Burglary Dwelling Occupied,1,0,Burglary Structure Unoccup,4,Low,0
Female,Less than 25,Hispanic,0,0,0,5.0,-1.0,F,Possession of Cocaine,0,0,Possess Cannabis/20 Grams Or Less,5,Medium,0
Male,Greater than 45,Hispanic,0,0,0,0.0,-1.0,M,Battery,0,0,,0,Low,0
Male,Less than 25,African-American,0,0,0,0.0,-1.0,F,Trans/Harm/Material to a Minor,0,0,,0,Low,0
Male,25 - 45,Asian,0,0,0,2.0,-1.0,F,Uttering Worthless Check +$150,0,0,,2,Low,0
Female,25 - 45,Caucasian,0,0,3,0.0,-1.0,F,Cruelty to Animals,1,0,Possess Cannabis/20 Grams Or Less,0,Medium,1
Female,25 - 45,Asian,0,0,0,5.0,-1.0,M,arrest case no charge,1,0,,5,Low,1
Female,Less than 25,Other,0,0,0,0.0,-1.0,F,Refuse Submit Blood/Breath Test,1,0,Unlaw LicTag/Sticker Attach,0,Medium,1
Male,Less than 25,Asian,0,0,0,2.0,-1.0,M,Resist/Obstruct W/O Violence,0,0,,2,Medium,0
Male,Greater than 45,Asian,0,0,2,2.0,-1.0,M,Battery,1,1,Petit Theft $100- $300,2,High,1
Male,Greater than 45,Hispanic,0,0,0,2.0,-1.0,F,False Info LEO During Invest,0,0,,2,Low,0
Male,Greater than 45,Caucasian,0,0,0,0.0,-1.0,M,Viol Prot Injunc Repeat Viol,0,0,,0,Medium,0
Female,25 - 45,Hispanic,0,0,0,3.0,-1.0,M,arrest case no charge,1,0,Susp Drivers Lic 1st Offense,3,Medium,1
Male,25 - 45,Asian,0,0,0,38.0,-1.0,F,Aggravated Assault W/Dead Weap,1,1,Burglary Conveyance Unoccup,38,High,1
Male,25 - 45,Asian,1,0,0,1.0,-1.0,M,Battery,1,0,Petit Theft $100- $300,1,Low,1
Female,25 - 45,Native American,0,0,0,5.0,-1.0,M,arrest case no charge,0,0,Fail Register Vehicle,5,Low,0
Female,Less than 25,Native American,0,0,0,0.0,-1.0,F,Grand Theft (Motor Vehicle),0,0,,0,Low,0
Female,Greater than 45,African-American,2,0,0,16.0,-1.0,F,Driving While License Revoked,1,0,Poss Of RX Without RX,15,High,1
Female,Less than 25,Asian,0,0,0,9.0,-1.0,M,Battery,1,1,Fraudulent Use Credit Card,8,High,1
Male,Greater than 45,Asian,0,0,1,2.0,0.0,F,Poss Similitude of Drivers Lic,1,0,Operating W/O Valid License,2,Low,1
Female,25 - 45,Asian,0,0,3,9.0,-1.0,M,Shoot Into Vehicle,1,0,Sell Cocaine 1000FT School,9,High,1
Female,Less than 25,Native American,0,2,0,3.0,-1.0,M,Operating W/O Valid License,1,0,Susp Drivers Lic 1st Offense,3,High,0
Male,Less than 25,African-American,0,0,0,6.0,-1.0,F,Poss Cocaine/Intent To Del/Sel,1,0,,6,Medium,0
Male,25 - 45,Native American,0,0,0,5.0,-1.0,F,Driving While License Revoked,0,0,,5,Low,0
Male,25 - 45,Caucasian,0,0,0,3.0,-1.0,F,arrest case no charge,0,0,,3,Medium,0
Female,25 - 45,African-American,0,0,0,4.0,-1.0,F,arrest case no charge,0,0,,4,Medium,0
Female,25 - 45,Hispanic,0,0,0,0.0,-1.0,M,Battery,0,0,,0,Low,0
Male,Greater than 45,African-American,0,0,0,7.0,-1.0,F,Felony Petit Theft,1,1,Contempt Of Court,6,High,1
Male,Less than 25,Caucasian,0,0,0,7.0,-1.0,F,arrest case no charge,1,0,Trespass/Property/Other Structure,7,Medium,1
Female,Greater than 45,Native American,0,0,0,3.0,0.0,M,Battery,1,1,Felony Battery (Dom Strang),3,Low,1
Female,25 - 45,Hispanic,0,0,0,0.0,-1.0,F,Depriv LEO of Protect/Communic,1,1,Sexual Battery Victim 12 Yrs +,0,High,1
Male,Less than 25,African-American,0,0,0,1.0,-1.0,M,Battery,0,0,,1,Low,0
Male,25 - 45,Caucasian,0,0,0,0.0,-1.0,F,Trans/Harm/Material to a Minor,0,0,,0,Low,0
Male,Greater than 45,Asian,0,0,0,0.0,-1.0,F,Fabricating Physical Evidence,1,0,Possess Cannabis/20 Grams Or Less,0,Medium,1
Male,Greater than 45,Hispanic,0,0,0,0.0,-1.0,F,Poss Cocaine/Intent To Del/Sel,0,0,,0,Low,1
Male,Greater than 45,Caucasian,0,0,0,0.0,-1.0,F,Possession of Cocaine,0,0,,0,Low,1
Male,25 - 45,Asian,0,0,0,0.0,-1.0,F,Possession of Cocaine,1,0,Purchase Of Cocaine,0,Low,1
Male,Greater than 45,Caucasian,0,0,0,4.0,0.0,F,Aggravated Battery / Pregnant,1,0,Unnatural/Lascivious Act,4,High,1
Male,Greater than 45,Asian,0,0,0,0.0,-1.0,M,Battery,0,0,,0,Medium,0
Female,Greater than 45,Asian,0,0,0,0.0,-1.0,M,Driving Under The Influence,0,0,,0,Low,0
Female,Greater than 45,African-American,0,0,0,0.0,-1.0,F,Driving While License Revoked,0,0,,0,Low,0
Male,Less than 25,African-American,0,0,0,0.0,-1.0,F,Possession of Cocaine,0,0,,0,Medium,0
Female,25 - 45,Hispanic,0,0,0,2.0,-1.0,M,Battery,1,0,Possess Cannabis/20 Grams Or Less,2,Low,1
Male,25 - 45,Hispanic,0,0,0,9.0,0.0,F,Possession of Cocaine,1,0,Purchase Of Cocaine,9,High,1
Female,Less than 25,Asian,0,0,0,3.0,-1.0,M,Battery,1,0,Unlaw LicTag/Sticker Attach,3,Low,1
Female,25 - 45,Caucasian,0,0,0,0.0,-3.0,F,Trespassing/Construction Site,1,0,Sexual Battery Victim 12 Yrs +,0,Medium,1
Male,25 - 45,African-American,0,0,0,0.0,-3.0,F,Trans/Harm/Material to a Minor,0,0,,0,Low,0
Male,Greater than 45,Other,0,0,0,0.0,0.0,F,Interfere W/Traf Cont Dev RR,0,0,,0,Medium,0
Female,25 - 45,Asian,0,0,0,14.0,-1.0,M,Possession of Cocaine,1,0,Unlaw LicTag/Sticker Attach,14,Low,0
Female,Greater than 45,African-American,0,0,0,0.0,-1.0,F,Grand Theft of a Fire Extinquisher,0,0,,0,Low,0
Male,25 - 45,Native American,0,0,0,0.0,-1.0,F,Reckless Driving,1,0,Possess Cannabis/20 Grams Or Less,0,High,1
Male,25 - 45,Asian,0,0,0,1.0,-1.0,M,Expired DL More Than 6 Months,1,0,Viol Injunct Domestic Violence,1,Low,1
Male,25 - 45,Hispanic,0,0,0,0.0,-1.0,M,Petit Theft $100- $300,0,0,Possession Burglary Tools,0,Low,0
Male,Greater than 45,African-American,0,0,0,5.0,0.0,M,Violation License Restrictions,1,0,Susp Drivers Lic 1st Offense,5,High,1
Male,25 - 45,Caucasian,0,1,0,17.0,-1.0,F,Stalking (Aggravated),1,1,Unlawful Use Of License,16,High,1
Male,Greater than 45,African-American,0,0,0,3.0,-1.0,F,Driving While License Revoked,0,0,,3,Low,0
Female,Less than 25,Hispanic,0,0,0,0.0,0.0,M,Battery,0,0,,0,Low,0
Male,Less than 25,Hispanic,0,1,0,2.0,-1.0,F,DUI- Enhanced,0,0,,2,High,0
Female,Less than 25,African-American,0,0,0,3.0,-1.0,F,Possession of Cocaine,1,1,Fraud Obtain/ Use Disable Permit,3,Low,1
Female,Less than 25,Asian,0,0,0,0.0,-1.0,M,Battery,0,0,,0,Low,0
Female,Greater than 45,Hispanic,0,0,0,0.0,-1.0,F,Possession of Cocaine,0,0,,0,Low,0
Female,Less than 25,Asian,0,0,0,1.0,-1.0,F,Possession of Cocaine,1,0,Purchase Of Cocaine,1,Medium,1
Male,25 - 45,Native American,0,0,0,0.0,-1.0,F,False Name By Person Arrest,1,0,Operating W/O Valid License,0,Medium,1
Male,25 - 45,Hispanic,0,0,3,9.0,-1.0,F,Trans/Harm/Material to a Minor,1,0,DOC/Fighting/Threatening Words,9,Medium,1
Male,Greater than 45,Asian,0,0,0,2.0,-1.0,M,Carry Open/Uncov Bev In Pub,0,0,,2,Medium,0
Male,25 - 45,Other,0,0,0,2.0,-1.0,F,Possession of Cocaine,1,0,Operating W/O Valid License,2,Low,1
Female,Greater than 45,Caucasian,0,0,0,0.0,-1.0,F,License Suspended Revoked,0,0,,0,Medium,0
Female,25 - 45,Caucasian,0,0,0,1.0,-1.0,M,Battery,0,0,,1,Low,0
Female,Greater than 45,Hispanic,0,0,0,0.0,-3.0,F,Fabricating Physical Evidence,0,0,,0,Low,0
Male,Greater than 45,Asian,0,0,0,1.0,-23.0,F,arrest case no charge,0,0,,1,Low,0
Male,Greater than 45,Hispanic,0,0,1,3.0,-1.0,F,Tamper With Witness,1,0,Trespass Struct/Conveyance,3,Medium,1
Male,Less than 25,Native American,0,0,0,0.0,0.0,F,Battery,1,0,,0,Low,1
Female,25 - 45,African-American,0,0,0,1.0,0.0,M,Battery,0,0,,1,Low,0
Female,25 - 45,Hispanic,0,0,0,2.0,-1.0,F,Deliver Cocaine 1000FT Church,0,0,Trespass Struct/Conveyance,2,Low,0
Female,25 - 45,African-American,0,0,0,1.0,-1.0,F,arrest case no charge,1,0,Fail Register Vehicle,1,Medium,0
Female,25 - 45,Native American,0,0,0,0.0,0.0,F,Abuse Without Great Harm,0,0,,0,Medium,0
Female,Less than 25,Asian,0,0,0,4.0,0.0,F,Poss Cocaine/Intent To Del/Sel,0,0,,4,Low,0
Female,Greater than 45,Native American,0,0,0,0.0,0.0,F,Poss Contr Subst W/o Prescript,0,0,,0,Medium,0
Male,Greater than 45,Other,0,0,0,1.0,-1.0,F,Possession of Methadone,0,0,,1,Low,0
Female,Greater than 45,African-American,0,0,0,0.0,-1.0,F,Agg Battery Grt/Bod/Harm,0,0,,0,High,0
Male,Less than 25,Caucasian,0,0,0,0.0,-1.0,F,Aggravated Battery / Pregnant,1,0,Petit Theft $100- $300,0,Low,1
Male,Greater than 45,Caucasian,0,0,0,9.0,0.0,M,Battery,1,0,Criminal Mischief>$200<$1000,9,Medium,0
Female,Greater than 45,African-American,0,0,0,0.0,-1.0,M,Battery,0,0,,0,Low,0
Male,Less than 25,African-American,0,0,0,1.0,-1.0,F,arrest case no charge,0,0,,1,Low,0
Male,25 - 45,Caucasian,0,0,0,0.0,-1.0,F,Poss Cntrft Contr Sub w/Intent,1,0,,0,High,0
Male,25 - 45,Caucasian,0,0,0,3.0,-1.0,F,Burglary Conveyance Unoccup,1,0,Unnatural/Lascivious Act,3,Low,1
Female,Less than 25,Native American,0,0,0,0.0,-1.0,M,Battery,0,0,,0,Low,0
Male,Less than 25,Asian,0,0,0,1.0,-4.0,M,Petit Theft,1,0,Unlaw Use False Name/Identity,1,High,1
Female,25 - 45,African-American,0,0,0,11.0,-1.0,F,Tresspass Struct/Conveyance,1,0,DUI Level 0.15 Or Minor In Veh,11,Medium,1
Male,25 - 45,African-American,0,0,0,2.0,-1.0,F,DUI- Enhanced,0,0,,2,Medium,0
Male,Greater than 45,Hispanic,0,0,0,0.0,-1.0,F,Trespassing/Construction Site,0,0,,0,High,0
Female,Greater than 45,African-American,0,0,0,1.0,-1.0,F,arrest case no charge,0,0,,1,Medium,0
Female,25 - 45,Asian,0,0,0,5.0,16.750131222910248,F,arrest case no charge,0,0,,5,Low,0
Male,25 - 45,Other,0,0,0,0.0,0.0,M,Obstruct Officer W/Violence,0,0,,0,Low,0
Male,Less than 25,African-American,0,1,0,10.0,-1.0,F,Possession of Cocaine,1,0,,10,High,1
Female,Greater than 45,African-American,0,0,0,13.0,-1.0,F,Interfere W/Traf Cont Dev RR,0,0,Sexual Battery Victim 12 Yrs +,13,Medium,0
Female,25 - 45,Caucasian,0,0,0,0.0,-1.0,M,Battery,0,0,,0,Low,0
Male,25 - 45,Other,0,0,0,0.0,-1.0,F,Poss Similitude of Drivers Lic,0,0,,0,Medium,0
Female,25 - 45,African-American,0,0,0,1.0,-1.0,M,Battery,0,0,,1,Low,0
Male,25 - 45,Caucasian,0,0,0,0.0,-1.0,F,Possession of Cocaine,0,0,,0,Low,0
Female,Greater than 45,Other,0,1,1,7.0,-1.0,M,arrest case no charge,1,0,Operating W/O Valid License,7,Medium,1
Female,Less than 25,Native American,0,0,4,7.0,-1.0,F,Grand Theft (Motor Vehicle),1,0,Possess Drug Paraphernalia,9,High,1
Male,25 - 45,Asian,0,0,0,3.0,-1.0,F,Possession of Cocaine,1,0,Trespass Struct/Conveyance,3,Medium,1
Male,Less than 25,Caucasian,0,0,0,1.0,-1.0,M,DUI Property Damage/Injury,0,0,,1,Low,0
Female,Greater than 45,Asian,0,0,0,8.0,-1.0,M,Unlaw Use False Name/Identity,1,0,Unlawful Use Of License,8,Medium,1
Male,Greater than 45,Caucasian,0,0,0,0.0,-1.0,M,Battery,0,0,,0,Low,0
Male,Less than 25,Hispanic,0,0,0,0.0,0.0,M,Battery,0,0,,0,Low,0
Female,Greater than 45,Native American,0,0,0,0.0,-1.0,M,Possession of Cocaine,0,0,Trespassing,0,Low,0
Male,Greater than 45,Native American,0,0,0,5.0,0.0,F,Violation License Restrictions,0,0,Driving While License Revoked,5,Low,1
Male,25 - 45,Native American,0,0,0,0.0,-1.0,F,Burglary Dwelling Occupied,0,0,,0,Medium,0
Male,25 - 45,Native American,0,1,0,5.0,-1.0,F,arrest case no charge,0,0,,5,Low,0
Female,Less than 25,Other,0,0,0,0.0,-1.0,F,Possession Of Alprazolam,0,0,,0,Medium,0
Male,Less than 25,Other,1,0,1,1.0,2.034106133334163,F,Agg Fleeing and Eluding,1,0,Possess Cannabis/20 Grams Or Less,1,Medium,1
Male,Less than 25,Asian,0,0,0,0.0,0.0,M,Driving While License Revoked,0,0,,0,Low,0
Female,Greater than 45,Hispanic,0,0,0,1.0,-1.0,M,Aggravated Battery / Pregnant,1,0,Possess Cannabis/20 Grams Or Less,1,Medium,1
Male,Greater than 45,African-American,0,0,0,0.0,0.0,F,Petit Theft $100- $300,0,0,,0,Low,0
Female,25 - 45,Native American,1,3,0,24.431440802877013,-1.0,F,Hiring with Intent to Defraud,1,1,Fraud Obtain Driver License,24,Medium,1
Female,Greater than 45,Caucasian,0,0,0,2.0,-23.0,F,Agg Battery Grt/Bod/Harm,0,0,,2,Low,0
Male,Less than 25,Other,0,0,0,1.0,0.0,F,Traffick Amphetamine 28g><200g,0,0,,1,Medium,0
Male,Less than 25,Other,0,0,0,1.0,-1.0,M,Battery,0,0,,1,Low,0
Male,Greater than 45,Hispanic,0,0,0,1.0,-1.0,M,Battery,0,0,,1,Low,0
Male,Less than 25,African-American,0,0,0,0.0,-1.0,F,Interfere W/Traf Cont Dev RR,1,0,Fail Register Vehicle,0,Medium,1
Male,Less than 25,African-American,0,0,0,1.0,-1.0,M,Petit Theft $100- $300,1,0,DUI Level 0.15 Or Minor In Veh,1,Medium,1
Female,Greater than 45,Hispanic,0,0,0,8.0,-1.0,M,arrest case no charge,1,1,Possess Cannabis/20 Grams Or Less,8,Medium,1
Male,25 - 45,Native American,0,0,0,3.0,0.0,M,Battery,1,0,Possess Countrfeit Credit Card,3,Medium,1
Female,Less than 25,African-American,0,0,0,0.0,-1.0,F,Reckless Driving,0,0,,0,Low,0
Male,Greater than 45,Native American,0,0,0,11.0,-1.0,F,Driving While License Revoked,1,0,Unlawful Use Of License,11,Medium,0
Male,Less than 25,Hispanic,4,0,2,4.0,2.0383174341739405,F,Sound Articles Over 100,1,1,Battery on Law Enforc Officer,4,Medium,1
Male,25 - 45,Asian,0,0,0,0.0,-1.0,F,Aggrav Child Abuse-Causes Harm,0,0,,0,Low,0
Male,Less than 25,Hispanic,0,0,0,2.0,0.0,F,Viol Prot Injunc Repeat Viol,0,0,,2,Low,0
Male,Greater than 45,Native American,0,0,0,4.0,-7.0,F,Aggrav Child Abuse-Agg Battery,0,0,,5,Low,0
Male,25 - 45,African-American,0,0,0,3.0,-1.0,M,Aide/Abet Prostitution Lewdness,1,0,Possession Of Alprazolam,3,Low,1
Female,25 - 45,Native American,0,0,0,1.0,-2.0,F,arrest case no charge,0,0,,1,Low,0
Male,25 - 45,Caucasian,0,0,0,1.0,-1.0,F,Harm Public Servant Or Family,1,1,Battery,1,Low,1
Male,Greater than 45,Hispanic,0,0,0,0.0,-1.0,M,Driving Under The Influence,0,0,,0,Low,0
Male,Less than 25,Native American,0,0,0,1.0,-1.0,F,arrest case no charge,0,0,,1,Low,0
Male,25 - 45,African-American,0,0,0,3.0,-1.0,F,Felony DUI (level 3),0,0,,3,Low,0
Male,Greater than 45,Native American,0,0,0,0.0,0.0,F,Burglary Conveyance Unoccup,0,0,,0,Low,0
Female,Greater than 45,Caucasian,0,0,2,2.0,-1.0,F,arrest case no charge,1,0,Burglary Structure Assault/Batt,2,Medium,1
Male,Greater than 45,Native American,0,0,0,0.0,0.0,M,Driving Under The Influence,1,0,Susp Drivers Lic 1st Offense,0,Low,1
Male,25 - 45,African-American,0,0,0,0.0,0.0,F,Possession of Cocaine,1,0,Prowling/Loitering,0,Low,1
Male,25 - 45,Caucasian,0,0,0,5.0,-1.0,M,Tresspass Struct/Conveyance,0,1,Agg Fleeing/Eluding High Speed,5,Low,1
Female,25 - 45,Caucasian,0,0,0,0.0,-1.0,F,Grand Theft (Motor Vehicle),0,0,,0,Low,0
Male,25 - 45,Asian,0,0,0,1.0,-1.0,F,Grand Theft (Motor Vehicle),1,0,Possession Burglary Tools,1,High,1
Male,Greater than 45,Hispanic,1,0,2,15.0,-1.0,F,Agg Fleeing and Eluding,1,0,Trespass Structure/Conveyance,15,High,1
Female,Greater than 45,Hispanic,0,0,0,8.0,-1.0,F,Possession of Cocaine,0,0,Trespass/Property/Other Structure,8,Low,1
Female,Greater than 45,Native American,0,0,0,1.0,-8.0,F,Agg Battery Grt/Bod/Harm,0,0,,1,Low,0
Male,25 - 45,Hispanic,0,0,0,15.0,-1.0,F,Driving While License Revoked,1,0,Burglary Structure Unoccup,15,Low,1
Male,25 - 45,Other,0,0,0,1.0,-1.0,M,Battery,1,0,Operating W/O Valid License,1,Low,1
Male,Less than 25,Asian,0,0,0,3.0,0.0,M,Driving Under The Influence,1,1,Battery,3,Low,1
Female,25 - 45,African-American,0,0,0,1.0,0.0,M,Uttering Worthless Check +$150,1,0,Possess Cannabis/20 Grams Or Less,1,High,1
Female,25 - 45,African-American,0,0,0,1.0,0.0,F,arrest case no charge,0,0,,1,Low,0
Female,25 - 45,Hispanic,0,0,0,0.0,-1.0,F,Possession of Cocaine,0,0,,0,Low,0
Male,Less than 25,Native American,0,0,0,4.0,0.0,M,Driving Under The Influence,0,0,,4,Low,0
Male,Greater than 45,Other,0,0,1,0.0,0.0,M,Trans/Harm/Material to a Minor,1,0,Petit Theft,0,High,1
Male,25 - 45,African-American,0,0,0,10.0,-1.0,F,Driving While License Revoked,1,0,Grand Theft (Motor Vehicle),10,Medium,1
Female,25 - 45,African-American,0,0,3,3.0,-1.0,M,Battery,1,1,Battery,3,Medium,1
Female,Greater than 45,Other,0,0,0,2.0,-1.0,M,Battery,0,0,,2,Low,0
Male,25 - 45,Other,0,0,1,3.0,-1.0,F,Tamper With Witness,0,0,,2,Low,0
Female,25 - 45,African-American,0,0,0,2.0,-29.0,F,arrest case no charge,0,0,,2,Medium,0
Male,Less than 25,Other,0,0,0,6.0,-2.0,F,Driving While License Revoked,1,0,Unlaw LicTag/Sticker Attach,7,High,1
Female,Greater than 45,Caucasian,0,0,0,1.0,-1.0,F,Shoot Into Vehicle,0,0,,1,Medium,0
Male,Less than 25,African-American,0,0,0,2.0,0.0,F,Burglary Dwelling Occupied,0,0,,2,Low,0
Male,Greater than 45,Caucasian,0,0,0,7.0,-1.0,F,Aggravated Assault W/dead Weap,1,1,Battery,7,Medium,1
Female,Greater than 45,Hispanic,0,0,0,2.0,-12.0,M,Driving Under The Influence,0,0,,2,Low,0
Male,25 - 45,Native American,0,0,0,0.0,-1.0,F,Possession of Cocaine,1,0,Possess Drug Paraphernalia,0,Low,1
Female,Less than 25,Caucasian,0,0,0,0.0,-1.0,F,DUI- Enhanced,0,0,,0,Low,0
Female,Greater than 45,African-American,0,0,0,2.0,-20.522416486519035,M,Poss Of RX Without RX,1,1,Viol Injunct Domestic Violence,2,Low,1
Male,Less than 25,Other,0,0,0,4.0,-8.0,M,Prowling/Loitering,0,1,Agg Fleeing/Eluding High Speed,4,High,0
Male,Greater than 45,African-American,0,0,0,1.0,0.0,F,Lewd/Lasc Battery Pers 12+/<16,1,1,Unlaw Use False Name/Identity,1,High,1
Male,Greater than 45,African-American,0,0,0,0.0,-2.0,M,DUI Property Damage/Injury,0,0,,0,Medium,0
Female,Less than 25,African-American,0,0,0,0.0,-2.0,M,Unlaw Use False Name/Identity,0,0,,0,Low,0
Female,Less than 25,Caucasian,0,0,0,0.0,-1.0,F,Poss of Firearm by Convic Felo,0,0,,0,Low,0
Female,Less than 25,African-American,0,0,0,1.0,-1.0,F,Possession of Cocaine,1,0,Fail Register Vehicle,1,Medium,1
Female,Greater than 45,African-American,0,0,0,8.0,0.0,M,arrest case no charge,1,0,Poss Of RX Without RX,8,Medium,1
Male,Less than 25,Other,0,0,0,0.0,0.0,M,Battery,0,0,,0,Low,0
Male,25 - 45,Native American,0,0,0,0.0,0.0,F,Harm Public Servant Or Family,0,0,,0,Low,0
Male,Less than 25,Asian,0,0,0,0.0,-1.0,M,DUI Property Damage/Injury,1,0,Unlaw Use False Name/Identity,0,High,1
Male,Less than 25,Native American,0,0,0,0.0,-1.0,M,Battery,1,1,Possess Cannabis/20 Grams Or Less,0,High,1
Male,Greater than 45,Native American,0,1,0,9.0,-1.0,M,Operating W/O Valid License,1,0,Prowling/Loitering,9,High,1
Male,Less than 25,Asian,0,0,0,7.0,-1.0,F,Felony Petit Theft,1,0,Possession Burglary Tools,7,Medium,0
Female,25 - 45,Hispanic,1,0,0,1.0,28.128408245698893,F,arrest case no charge,1,0,Petit Theft $100- $300,1,Medium,1
Female,Greater than 45,Other,0,0,0,4.0,0.0,F,Possession of Cocaine,1,0,Possess Drug Paraphernalia,4,Low,1
Female,Less than 25,Other,1,0,0,20.0,0.0,F,Driving While License Revoked,0,0,,20,High,0
Female,25 - 45,Caucasian,0,2,1,18.536626076632658,0.0,F,Felony Petit Theft,1,0,Susp Drivers Lic 1st Offense,18,High,1
Female,Greater than 45,Hispanic,0,0,0,10.0,0.0,M,Battery,0,0,,10,Low,0
Male,Greater than 45,Other,0,0,0,0.0,-1.0,M,Battery,0,0,,0,Low,0
Male,Less than 25,Native American,0,0,0,5.0,0.0,M,Reckless Driving,0,0,Trespass/Property/Other Structure,5,Low,0
Male,25 - 45,Hispanic,0,0,0,0.0,-5.0,M,Driving Under The Influence,1,0,,0,Low,1
Male,25 - 45,Asian,0,0,0,0.0,-1.0,F,Traffick Amphetamine 28g><200g,1,0,,0,Low,1
Male,25 - 45,Native American,0,1,0,23.46332776210216,-1.0,F,Interfere W/Traf Cont Dev RR,0,0,,23,Medium,0
Male,Less than 25,Hispanic,0,0,0,2.0,0.0,F,Deliver Cocaine 1000FT Church,0,0,,2,Low,0
Female,Less than 25,Hispanic,0,0,0,0.0,-1.0,M,Battery,0,0,,0,Low,0
Male,Less than 25,African-American,0,0,0,7.0,-1.0,M,Refuse Submit Blood/Breath Test,1,0,Possess Cannabis/20 Grams Or Less,7,Low,0
Male,25 - 45,Asian,0,0,0,0.0,-1.0,M,Battery,0,0,,0,Low,0
Male,Greater than 45,Asian,0,0,0,2.0,-1.0,F,arrest case no charge,0,0,,2,Low,0
Male,Greater than 45,Asian,0,0,0,4.0,-1.0,M,Battery,0,0,,4,Low,0
Male,25 - 45,Asian,0,0,1,12.0,-1.0,M,Battery,1,0,Unlawful Use Of License,12,Low,1
Male,Less than 25,Other,0,0,0,0.0,-1.0,M,Resist/Obstruct W/O Violence,0,0,,0,Low,0
Male,25 - 45,African-American,0,0,0,2.0,-1.0,M,arrest case no charge,1,0,Possess Cannabis/20 Grams Or Less,2,Medium,1
Male,Greater than 45,Other,0,0,0,6.0,12.504599995801065,M,Burglary Structure Unoccup,1,0,Leave Acc/Attend Veh/More $50,6,Low,1
Male,Less than 25,Asian,0,0,0,11.0,-1.0,F,arrest case no charge,0,0,,11,High,0
Male,Less than 25,Asian,0,0,0,1.0,-1.0,M,Battery,0,0,,1,Medium,0
Female,Less than 25,Native American,0,0,0,3.0,-1.0,M,Battery,1,0,Burglary Structure Assault/Batt,3,Low,1
Female,Greater than 45,Caucasian,0,0,0,3.0,-1.0,M,Battery,0,0,,3,Low,0
Female,Less than 25,Native American,0,0,0,0.0,0.0,M,Battery,1,1,Battery,0,Low,1
Male,Less than 25,Caucasian,0,0,0,0.0,-1.0,F,Grand Theft (Motor Vehicle),1,0,Possess Cannabis/20 Grams Or Less,0,Low,1
Female,25 - 45,Hispanic,0,0,0,1.0,-1.0,M,Battery,0,0,,1,Low,0
Male,Less than 25,Other,0,0,0,3.0,-1.0,F,False Info LEO During Invest,1,0,Trespass Struct/Conveyance,3,Low,1
Male,Greater than 45,Hispanic,0,0,0,1.0,-1.0,F,Possession of Cocaine,0,0,,1,Low,0
Female,Less than 25,Other,0,0,0,6.0,0.0,F,Driving While License Revoked,0,0,,6,Low,0
Male,Less than 25,Hispanic,0,1,2,9.0,-1.0,F,Possession Of Alprazolam,1,0,,9,Medium,1
Female,25 - 45,Hispanic,0,0,0,0.0,-1.0,F,Burglary Dwelling Occupied,1,1,Felony Battery (Dom Strang),0,Low,1
Female,Less than 25,Hispanic,0,0,0,1.0,-1.0,F,"Poss Of 1,4-Butanediol",0,0,,1,Low,0
Female,25 - 45,Native American,0,1,1,3.0,-1.0,M,Battery,1,0,Poss Of RX Without RX,3,High,1
Male,Greater than 45,Other,0,0,0,5.0,-12.596682309145542,M,Carry Open/Uncov Bev In Pub,0,0,,5,Low,0
Female,25 - 45,Caucasian,0,0,0,0.0,-1.0,M,Fabricating Physical Evidence,0,0,,0,Low,0
Female,Less than 25,African-American,0,0,0,0.0,-1.0,M,Battery,1,1,Battery,0,Low,1
Male,Less than 25,Other,0,0,0,2.0,-1.0,F,Interfere W/Traf Cont Dev RR,1,0,,2,Medium,0
Male,Greater than 45,African-American,0,0,0,5.0,-1.0,F,arrest case no charge,1,0,Petit Theft $100- $300,5,High,1
Male,Greater than 45,African-American,0,0,0,3.0,0.0,F,Poss of Firearm by Convic Felo,1,0,Possession Of Alprazolam,3,Medium,1
Male,25 - 45,Hispanic,0,0,0,0.0,-1.0,M,Battery,0,0,,0,Low,0
Male,Greater than 45,African-American,0,0,1,2.0,-1.0,F,Interfere W/Traf Cont Dev RR,1,0,Poss Of RX Without RX,2,Low,1
Female,Greater than 45,Other,0,0,0,17.0,0.0,M,Tresspass Struct/Conveyance,0,0,,17,Low,0
Male,25 - 45,Asian,1,1,0,5.0,-1.0,F,Shoot In Occupied Dwell,0,0,,5,High,0
Male,Greater than 45,Caucasian,0,0,0,0.0,-1.0,F,Petit Theft,0,0,,0,Low,0
Female,25 - 45,Caucasian,0,0,0,2.0,-1.0,F,Fabricating Physical Evidence,0,0,,2,Low,0
Male,Greater than 45,African-American,0,0,0,4.0,0.0,F,Driving While License Revoked,0,0,,4,Low,0
Male,Less than 25,Caucasian,0,0,0,1.0,-1.0,M,Battery,0,0,,1,Low,0
Male,Less than 25,Native American,0,0,0,13.0,-1.0,F,arrest case no charge,0,0,,13,High,0
Male,25 - 45,Hispanic,0,0,0,5.0,-1.0,F,Driving While License Revoked,1,0,Unlawful Use Of License,5,Medium,1
Female,Greater than 45,African-American,0,0,0,2.0,0.0,M,DUI Property Damage/Injury,0,0,,2,Low,0
Male,25 - 45,Asian,0,0,0,4.0,0.0,F,arrest case no charge,0,0,,4,Low,0
Female,25 - 45,Hispanic,0,0,0,4.0,0.0,M,Reckless Driving,0,0,,4,Low,0
Male,Less than 25,Caucasian,0,0,3,10.0,0.0,M,Unl/Disturb Education/Instui,1,1,Operating W/O Valid License,11,High,1
Female,25 - 45,Native American,0,0,3,1.0,-1.0,F,Possession Of Alprazolam,1,0,Petit Theft,1,Medium,1
Male,25 - 45,Other,0,0,0,3.0,0.0,F,Trespassing/Construction Site,1,0,Viol Injunct Domestic Violence,3,Medium,1
Female,25 - 45,Caucasian,0,0,0,22.0,-1.0,M,Grand Theft of a Fire Extinquisher,1,0,Fail Register Vehicle,22,High,1
Male,25 - 45,Other,0,0,0,1.0,-1.0,F,Carry Open/Uncov Bev In Pub,0,0,,1,Medium,0
Male,Greater than 45,Caucasian,0,0,0,30.75328893306945,0.0,F,Driving While License Revoked,1,0,Fraud Obtain/ Use Disable Permit,31,High,1
Male,Greater than 45,Native American,5,0,0,14.0,-1.0,F,Burglary Conveyance Unoccup,1,0,Possess Cannabis/20 Grams Or Less,14,Medium,1
Female,25 - 45,Hispanic,0,0,0,11.0,0.0,F,Driving While License Revoked,0,0,,11,Medium,0
Male,25 - 45,African-American,0,0,0,2.0,-1.0,F,Possession of Cocaine,1,0,Poss Of RX Without RX,2,Medium,1
Female,25 - 45,Native American,0,0,0,5.0,0.0,M,Poss Of RX Without RX,0,0,,5,Medium,0
Male,Greater than 45,Caucasian,0,0,0,0.0,0.0,M,Driving While License Revoked,0,0,,0,Low,0
Male,Greater than 45,Native American,0,0,0,0.0,-1.0,F,Obstruct Officer W/Violence,0,0,,0,Low,0
Female,25 - 45,Caucasian,0,0,0,0.0,0.0,F,Burglary Structure Unoccup,0,0,,0,Low,0
Male,25 - 45,Other,0,0,0,1.0,-2.0,M,Battery,0,0,,1,Low,0
Male,Greater than 45,Asian,0,0,0,1.0,-1.0,M,Battery,0,0,,1,Medium,0
Female,Less than 25,African-American,0,0,0,0.0,-1.0,F,Depriv LEO of Protect/Communic,1,0,DUI Level 0.15 Or Minor In Veh,0,Low,1
Male,Greater than 45,Hispanic,0,0,0,1.0,0.0,F,Aggravated Assault W/dead Weap,0,0,,1,High,0
Male,25 - 45,African-American,0,0,0,4.0,-1.0,M,Battery,1,1,Murder in 2nd Degree,4,Medium,1
Female,25 - 45,Native American,0,0,1,1.0,-1.0,F,Tamper With Witness,1,0,Reckless Driving,1,Medium,1
Male,Less than 25,African-American,0,0,0,1.0,-1.0,F,Burglary Structure Unoccup,0,0,,1,Low,0
Male,Greater than 45,Native American,0,0,0,0.0,-3.0,F,Burglary Conveyance Unoccup,0,0,,0,Low,0
Male,Greater than 45,Hispanic,0,0,0,0.0,-1.0,F,Littering,1,1,Possession False Prescription,0,High,1
Female,Less than 25,Native American,0,0,0,1.0,-25.0,M,Battery,0,0,,1,Low,0
Female,Greater than 45,Native American,0,0,0,1.0,0.0,M,Driving Under The Influence,0,0,,1,Low,0
Male,25 - 45,Hispanic,0,0,0,0.0,0.0,M,Battery,1,0,Petit Theft $100- $300,0,Low,1
Male,Greater than 45,Hispanic,0,0,0,0.0,-1.0,F,Abuse Without Great Harm,0,0,,0,Medium,0
Male,Greater than 45,Caucasian,0,0,0,0.0,-1.0,M,Battery,1,0,Unlaw Use False Name/Identity,0,Low,1
Female,Greater than 45,African-American,0,0,0,0.0,-1.0,M,Battery,1,0,Prostitution,0,Low,1
Male,Less than 25,African-American,0,0,0,0.0,-1.0,M,Battery,1,0,Possess Cannabis/20 Grams Or Less,0,High,1
Female,25 - 45,Caucasian,0,0,0,1.0,0.0,M,Grand Theft (Motor Vehicle),1,0,Trespass Struct/Conveyance,1,Low,1
Female,25 - 45,Caucasian,0,0,0,1.0,-1.0,F,Possession of Codeine,0,0,,1,Low,0
Female,25 - 45,Other,0,0,0,0.0,-1.0,F,Tresspass Struct/Conveyance,1,0,Leave Acc/Attend Veh/More $50,0,Low,1
Male,Less than 25,African-American,0,0,0,0.0,-1.0,F,Refuse Submit Blood/Breath Test,1,0,Grand Theft (Motor Vehicle),0,Low,1
Male,Greater than 45,Other,0,0,0,0.0,0.0,M,Battery,0,0,,0,Low,0
Female,25 - 45,Other,0,0,0,9.0,0.0,F,Possession Of Alprazolam,1,0,Grand Theft (Motor Vehicle),9,High,1
Female,Less than 25,African-American,0,0,0,8.0,-1.0,M,Battery,1,0,Operating W/O Valid License,8,Medium,1
Male,Greater than 45,Hispanic,0,0,0,0.0,-1.0,M,Grand Theft (Motor Vehicle),0,0,,0,Low,0
Male,25 - 45,African-American,0,0,0,3.0,-1.0,F,Grand Theft (Motor Vehicle),1,0,,3,High,1
Male,25 - 45,Other,0,0,0,0.0,-4.0,F,Driving While License Revoked,0,0,,0,Low,0
Male,Greater than 45,Hispanic,0,0,0,4.0,-2.0,F,Possession of Cocaine,0,0,,4,High,0
Male,25 - 45,Native American,0,0,0,0.0,-1.0,F,Possession of Cocaine,1,0,Possess Cannabis/20 Grams Or Less,0,Low,1
Male,Less than 25,Asian,0,0,0,5.0,0.0,F,Possession of Cocaine,1,0,Trespass/Property/Other Structure,5,Low,0
Male,25 - 45,Native American,0,0,0,1.0,0.0,M,Battery,0,0,,1,Low,0
Male,Less than 25,Asian,0,0,0,1.0,0.0,M,arrest case no charge,1,0,Tampering with a Victim,1,High,1
Female,Greater than 45,African-American,0,0,0,7.0,-1.0,M,Resist/Obstruct W/O Violence,0,0,,7,Medium,0
Female,Less than 25,Asian,1,0,2,1.0,-1.0,F,arrest case no charge,1,0,Possession Burglary Tools,1,High,1
Male,Greater than 45,Asian,0,0,0,0.0,-1.0,F,Harm Public Servant Or Family,1,0,Agg Fleeing/Eluding High Speed,0,Medium,1
Female,Less than 25,African-American,0,0,0,0.0,-1.0,F,Tamper With Witness,0,0,,0,Low,0
Female,Less than 25,Asian,0,0,0,7.0,-1.0,F,Grand Theft (Motor Vehicle),1,0,Driving While License Revoked,7,Medium,1
Female,Greater than 45,Hispanic,0,0,0,1.0,-1.0,M,Battery,1,0,Stalking,1,Low,1
Male,Greater than 45,Hispanic,0,0,0,2.0,-1.0,M,Driving Under The Influence,1,0,Unlawful Use Of License,2,Low,1
Male,Less than 25,Other,0,0,0,1.0,-1.0,M,Resist/Obstruct W/O Violence,1,0,Driving While License Revoked,1,Low,1
Female,Greater than 45,Other,0,0,0,4.0,0.0,F,Aggrav Child Abuse-Agg Battery,1,0,Susp Drivers Lic 1st Offense,4,Low,1
Male,Less than 25,Hispanic,0,0,0,2.0,0.0,M,Violation License Restrictions,1,0,Driving While License Revoked,2,Low,0
Female,Less than 25,Native American,0,0,0,11.0,0.0,F,Burglary Structure Unoccup,1,0,Possession Burglary Tools,10,Medium,1
Female,25 - 45,Hispanic,0,0,0,1.0,-30.0,M,Battery,0,0,,1,Medium,0
Female,Greater than 45,Asian,0,1,2,1.0,0.0,M,Battery,1,0,Petit Theft,1,Medium,1
Male,25 - 45,Hispanic,0,0,0,0.0,-1.0,F,Burglary Conveyance Unoccup,0,0,,0,Low,0
Male,Greater than 45,Caucasian,0,0,0,1.0,-1.0,F,Agg Battery Grt/Bod/Harm,0,0,,1,Low,0
Male,Less than 25,Native American,0,0,0,3.0,-1.0,M,Unl/Disturb Education/Instui,1,0,Grand Theft (Motor Vehicle),3,Low,1
Male,Greater than 45,African-American,0,0,0,2.0,-1.0,M,Battery,1,0,Susp Drivers Lic 1st Offense,2,Low,1
Male,25 - 45,Native American,0,0,0,2.0,0.0,F,Poss Cntrft Contr Sub w/Intent,1,0,Trespass/Property/Other Structure,2,Low,1
Female,Less than 25,Caucasian,0,0,0,8.0,-1.0,F,arrest case no charge,0,0,,8,Low,0
Female,25 - 45,Caucasian,0,0,0,0.0,-1.0,M,Poss Contr Subst W/o Prescript,0,0,,0,Medium,0
Male,Less than 25,Caucasian,0,0,0,0.0,-1.0,F,Prostitution,0,0,,0,Low,0
Female,25 - 45,Caucasian,0,0,0,0.0,0.0,F,Possession of Cocaine,1,1,Battery,0,Medium,1
Male,25 - 45,Caucasian,0,0,0,5.0,0.0,F,Poss Pyrrolidinovalerophenone,1,1,Battery,5,Medium,1
Female,Greater than 45,Caucasian,0,0,0,6.0,0.0,F,Driving While License Revoked,1,0,Unlaw LicTag/Sticker Attach,6,Medium,1
Female,Greater than 45,Hispanic,0,0,0,8.0,-1.0,M,Battery,0,0,,8,Medium,0
Male,Greater than 45,Hispanic,0,0,0,0.0,-1.0,F,Possession of Methadone,0,0,Possession Burglary Tools,0,Low,0
Male,Greater than 45,Asian,0,0,0,0.0,-1.0,F,False Info LEO During Invest,0,0,,0,Low,0
Male,Greater than 45,Other,0,0,0,0.0,-1.0,F,DUI- Enhanced,0,0,,0,Low,0
Female,25 - 45,Hispanic,0,0,0,0.0,-1.0,F,arrest case no charge,0,0,,0,Low,0
Male,Less than 25,Asian,0,0,0,2.0,-1.0,F,arrest case no charge,1,1,Operating W/O Valid License,2,High,1
Female,Less than 25,Hispanic,0,0,0,0.0,0.0,M,Grand Theft (Motor Vehicle),0,0,,0,Low,0
Male,Greater than 45,Asian,0,0,0,1.0,-1.0,F,Operating W/O Valid License,1,0,Possess Cannabis/20 Grams Or Less,1,High,1
Male,Greater than 45,African-American,0,0,0,1.0,-3.0,F,arrest case no charge,0,0,,1,Low,0
Male,25 - 45,African-American,0,0,0,1.0,-1.0,F,Burglary Structure Unoccup,1,0,Operating W/O Valid License,1,Low,1
Male,25 - 45,Hispanic,0,0,0,8.0,-1.0,M,Battery,1,1,Murder in 2nd Degree,8,High,1
Female,25 - 45,Hispanic,0,0,0,12.0,0.0,M,Battery,1,1,Fraudulent Use Credit Card,12,Medium,1
Female,Less than 25,African-American,0,0,0,1.0,-1.0,F,Viol Prot Injunc Repeat Viol,1,0,,1,Low,0
Female,Greater than 45,Other,0,0,0,5.0,-21.0,F,Unl/Disturb Education/Instui,0,0,,5,Low,0
Male,Greater than 45,Other,0,0,0,0.0,0.0,M,Battery,0,0,,0,Low,0
Male,25 - 45,African-American,0,0,0,1.0,-1.0,F,arrest case no charge,0,0,,1,Low,0
Male,Greater than 45,Native American,0,2,0,7.0,-1.0,F,arrest case no charge,1,0,,7,Low,0
Male,Less than 25,Other,0,0,0,7.0,-1.0,F,Aggrav Child Abuse-Agg Battery,1,0,Unlaw LicTag/Sticker Attach,7,Low,1
Male,Less than 25,African-American,0,0,0,10.0,0.0,F,Driving While License Revoked,1,0,Susp Drivers Lic 1st Offense,10,Medium,1
Female,Less than 25,Native American,0,0,0,0.0,-1.0,F,Trans/Harm/Material to a Minor,0,0,,0,Low,0
Male,25 - 45,Hispanic,0,0,0,11.0,-1.0,M,Prowling/Loitering,1,0,Possess Cannabis/20 Grams Or Less,11,High,1
Female,Less than 25,African-American,0,0,0,5.0,-1.0,F,Possession of Cocaine,1,0,Unlaw Use False Name/Identity,5,High,1
Male,Less than 25,African-American,0,0,0,0.0,-1.0,F,Battery,0,0,,0,Low,0
Male,25 - 45,Caucasian,0,0,0,0.0,0.0,M,Battery,0,0,,0,Low,0
Male,Greater than 45,Caucasian,0,0,0,0.0,0.0,F,Trans/Harm/Material to a Minor,1,1,Criminal Mischief>$200<$1000,0,High,1
Female,Greater than 45,Hispanic,0,0,0,2.0,0.0,F,Abuse Without Great Harm,1,0,Trespass Structure/Conveyance,2,Low,1
Female,Greater than 45,Native American,0,0,0,2.0,-1.0,F,arrest case no charge,1,1,Stalking,2,Low,1
Male,Greater than 45,Caucasian,0,0,0,3.0,-14.635334158396777,F,Possession of Cocaine,0,0,Grand Theft (Motor Vehicle),3,Low,0
Male,Greater than 45,Caucasian,0,0,0,5.0,-1.0,F,Driving While License Revoked,0,0,,5,Low,0
Male,Greater than 45,African-American,0,0,0,10.0,-1.0,F,Driving While License Revoked,0,0,,10,Medium,0
Male,Greater than 45,Other,0,0,0,1.0,-3.0,M,DUI Property Damage/Injury,0,0,,1,Low,0
Female,Greater than 45,Native American,0,1,0,4.0,-1.0,M,Battery,1,1,POSSESS FIELD BOX WITH REGISTERED MARK,4,Medium,1
Female,25 - 45,Caucasian,0,0,0,0.0,0.0,F,Driving While License Revoked,0,0,,0,Medium,0
