sex,age_cat,race,juv_fel_count,juv_misd_count,juv_other_count,priors_count1,days_b_screening_arrest,c_charge_degree,c_charge_desc,is_recid,is_violent_recid,r_charge_desc,priors_count2,score_text,two_year_recid
Male,Greater than 45,Native American,0,0,0,1.0,0.0,F,Burglary Conveyance Unoccup,1,0,Possession Of Heroin,1,Medium,1
Female,25 - 45,Native American,0,0,0,0.0,-1.0,F,Grand Theft in the 3rd Degree,1,0,,0,Low,0
Male,25 - 45,African-American,0,0,0,0.0,0.0,F,Burglary Conveyance Assault/Bat,0,0,,0,Low,0
Male,25 - 45,African-American,0,1,0,9.0,0.0,F,Possession of Cocaine,1,0,Resist/Obstruct W/O Violence,9,High,1
Female,Greater than 45,Native American,0,0,0,0.0,-1.0,M,DUI Property Damage/Injury,0,0,,0,Low,0
Male,Less than 25,African-American,0,0,0,2.0,-1.0,F,Failure To Return Hired Vehicle,1,0,Driving License Suspended,2,Low,1
Male,Greater than 45,Asian,0,0,0,0.0,-1.0,F,Possession of Cocaine,0,0,,0,High,0
Male,Less than 25,Other,0,0,0,0.0,0.0,M,Battery,0,0,,0,Low,0
Male,25 - 45,Native American,0,0,0,5.0,-1.0,F,Burglary Conveyance Assault/Bat,1,1,Fraudulent Use Credit Card,5,Low,1
Male,25 - 45,Other,0,0,0,0.0,-1.0,F,Fleeing Or Attmp Eluding A Leo,1,0,Unlaw Use False Name/Identity,0,Low,1
Male,25 - 45,African-American,0,0,0,1.0,-1.0,F,Poss of Cocaine W/I/D/S 1000FT Park,0,0,,1,High,0
Male,Less than 25,Hispanic,0,0,0,1.0,-1.0,F,Grand Theft in the 3rd Degree,1,0,Possession Of Heroin,1,Low,1
Male,25 - 45,Other,0,0,0,3.0,-1.0,F,arrest case no charge,1,1,Battery,3,Low,1
Female,25 - 45,Other,0,0,0,0.0,-1.0,M,Battery,0,0,,0,Medium,0
Female,25 - 45,Native American,0,0,0,1.0,-2.0,F,Grand Theft in the 3rd Degree,0,0,,1,Low,0
Female,Greater than 45,Caucasian,0,0,0,0.0,0.0,F,Resist Officer w/Violence,0,0,,0,Low,0
Male,Greater than 45,Hispanic,3,0,0,21.872865530152193,0.0,F,Possession of Cocaine,1,0,Driving License Suspended,21,High,1
Male,Less than 25,African-American,0,0,0,0.0,-1.0,F,Burglary Unoccupied Dwelling,1,1,False Imprisonment,0,High,1
Male,25 - 45,Hispanic,0,0,0,5.0,-1.0,F,Driving While License Revoked,1,0,Resist/Obstruct W/O Violence,5,High,1
Male,Greater than 45,Caucasian,0,0,0,1.0,-1.0,M,Battery,0,0,,1,Medium,0
Male,Less than 25,Other,0,0,0,3.0,-1.0,F,Aggravated Battery / Pregnant,1,0,Driving License Suspended,3,Medium,1
Male,Less than 25,Caucasian,0,0,0,1.0,-1.0,F,Pos Cannabis W/Intent Sel/Del,1,1,Throw Deadly Missile Into Veh,1,Low,1
Male,Less than 25,Asian,0,0,0,1.0,-24.0,M,Possession Of Carisoprodol,1,0,Driving License Suspended,1,Low,1
Male,Greater than 45,Native American,0,0,0,5.0,0.0,F,Aggravated Assault w/Firearm,1,0,,5,Medium,1
Male,Greater than 45,African-American,0,0,0,22.0,-1.0,M,Assault,0,0,,21,Medium,0
Male,Less than 25,Native American,0,0,0,0.0,-1.0,F,Grand Theft (Motor Vehicle),1,0,Possession of Cannabis,0,Low,1
Male,Less than 25,African-American,0,0,0,0.0,-1.0,M,Battery,0,0,,0,Low,0
Male,25 - 45,African-American,0,0,1,12.0,-1.0,M,Battery,1,0,,11,High,1
Male,25 - 45,African-American,0,0,0,9.0,-1.0,F,Aggravated Battery / Pregnant,1,1,Aggravated Battery / Pregnant,9,High,1
Male,25 - 45,Caucasian,0,0,0,0.0,-1.0,F,Felony Battery (Dom Strang),0,0,,0,Low,0
Male,Greater than 45,Caucasian,0,0,0,9.0,0.0,F,Corrupt Public Servant,1,1,Aggrav Battery w/Deadly Weapon,9,Low,1
Male,25 - 45,Asian,0,0,0,7.0,-1.0,F,Burglary Unoccupied Dwelling,0,0,,8,Low,0
Female,25 - 45,Caucasian,0,0,0,2.0,0.0,F,Obtain Control Substance By Fraud,0,0,,2,High,0
Male,25 - 45,Caucasian,0,0,0,2.0,0.0,M,DUI - Enhanced,1,0,,2,Low,0
Male,25 - 45,African-American,0,0,0,0.0,-1.0,M,Possess Cannabis/20 Grams Or Less,0,0,,0,Low,0
Male,25 - 45,African-American,0,0,0,0.0,-1.0,M,Battery,0,0,,0,Low,0
Male,25 - 45,Asian,0,0,0,3.0,-1.0,F,Grand Theft in the 3rd Degree,1,0,,3,Low,1
Male,Less than 25,Hispanic,0,0,0,1.0,-1.0,M,Possess Cannabis/20 Grams Or Less,1,1,Viol Injunction Protect Dom Vi,1,Medium,1
Male,Less than 25,Native American,0,0,0,1.0,-1.0,F,Grand Theft in the 3rd Degree,1,0,Resist/Obstruct W/O Violence,1,Medium,1
Male,Greater than 45,Caucasian,0,0,0,0.0,-1.0,M,Petit Theft,0,0,,0,Low,0
Female,25 - 45,Caucasian,0,0,0,0.0,0.0,M,Carrying Concealed Firearm,0,0,,0,Low,0
Male,25 - 45,Asian,0,0,0,6.0,0.0,F,Possession of Cocaine,0,0,,6,High,0
Male,Less than 25,Caucasian,0,0,0,1.0,0.0,F,Trespass Struct/Conveyance,0,0,Driving License Suspended,1,Low,0
Male,25 - 45,Asian,0,0,0,0.0,-1.0,M,Battery,0,0,,0,Low,0
Male,25 - 45,Hispanic,0,0,0,1.0,0.0,F,Grand Theft in the 3rd Degree,0,0,,1,Low,0
Male,25 - 45,Hispanic,0,0,0,0.0,-1.0,F,Aggravated Battery,0,0,,0,Low,0
Female,25 - 45,Native American,0,0,0,3.0,-1.0,F,Driving While License Revoked,0,0,,3,Medium,0
Female,25 - 45,African-American,0,0,0,1.0,0.0,F,arrest case no charge,0,0,,1,Medium,0
Male,Less than 25,Native American,0,0,0,0.0,-2.0,F,Solicitation On Felony 3 Deg,0,0,,0,Low,0
Male,25 - 45,African-American,0,0,0,6.0,-1.0,F,Driving While License Revoked,1,0,Resist/Obstruct W/O Violence,6,High,1
Male,25 - 45,Other,0,0,0,0.0,-1.0,M,Battery,0,0,,0,Low,0
Male,Greater than 45,Native American,0,0,0,19.0,0.0,F,Possession of Cocaine,1,0,,19,Medium,1
Female,Greater than 45,Caucasian,0,0,0,1.0,-12.0,M,Battery,0,0,,1,Low,0
Male,Less than 25,African-American,1,0,1,9.0,-7.526833828526581,M,arrest case no charge,1,1,Trespass Struct/Convey Occupy,9,High,1
Male,25 - 45,African-American,0,0,0,5.0,-1.0,F,Burgl Dwel/Struct/Convey Armed,0,0,,5,High,0
Male,Less than 25,Other,0,0,0,0.0,-1.0,M,Failure To Return Hired Vehicle,0,0,,0,Low,0
Male,25 - 45,African-American,0,1,0,16.838321142574156,-1.0,M,Battery,1,1,Felony Petit Theft,16,Medium,1
Male,25 - 45,Other,0,0,0,1.0,-1.0,F,Pos Cannabis W/Intent Sel/Del,1,0,,1,High,1
Male,25 - 45,African-American,0,0,0,11.0,-1.0,M,Driving License Suspended,1,1,Culpable Negligence,10,Low,1
Male,Greater than 45,Other,0,0,0,0.0,-1.0,F,Felony Battery (Dom Strang),0,0,,0,Low,0
Female,Greater than 45,Hispanic,0,0,0,0.0,-1.0,M,Battery,0,0,,0,Low,1
Male,Less than 25,Other,0,0,0,1.0,-1.0,F,Robbery Sudd Snatch No Weapon,1,0,Resist/Obstruct W/O Violence,1,Medium,0
Male,Greater than 45,Hispanic,0,0,0,0.0,-5.9132211333493885,F,Burglary With Assault/battery,0,0,,0,Low,0
Male,Less than 25,African-American,0,0,0,0.0,-1.0,F,Resist Officer w/Violence,1,1,Felony Petit Theft,0,Low,1
Male,25 - 45,Native American,0,0,1,5.0,-1.0,F,arrest case no charge,1,0,Resist/Obstruct W/O Violence,5,High,1
Male,25 - 45,Asian,0,0,0,2.0,-1.0,F,arrest case no charge,0,0,,2,Medium,0
Male,Less than 25,African-American,0,0,0,2.0,-1.0,M,Criminal Mischief,1,0,Possession Of Heroin,2,High,1
Male,Greater than 45,African-American,0,0,0,12.0,-1.0,F,Corrupt Public Servant,1,0,Possession Of Heroin,12,High,1
Male,25 - 45,African-American,0,0,0,1.0,-15.0,F,Possession of Codeine,0,0,,1,Low,0
Male,25 - 45,Other,0,0,0,3.0,-1.0,F,Felony Driving While Lic Suspd,0,0,Driving License Suspended,3,Low,0
Male,Greater than 45,Caucasian,0,0,0,6.0,0.0,F,arrest case no charge,1,0,,6,Low,1
Male,25 - 45,African-American,0,0,0,3.0,-1.0,M,Driving License Suspended,0,0,,3,Medium,0
Male,25 - 45,Native American,0,0,0,2.0,-1.0,F,Possession Burglary Tools,0,0,,2,Low,0
Male,Greater than 45,African-American,0,0,0,2.0,-1.0,F,arrest case no charge,1,0,,2,Low,1
Male,Greater than 45,African-American,0,0,0,1.0,-1.0,M,DUI Property Damage/Injury,0,0,,1,Low,0
Male,25 - 45,African-American,0,0,0,10.0,-1.0,M,Assault,1,0,,10,High,1
Female,25 - 45,Native American,0,0,0,7.0,-1.0,F,Felony Driving While Lic Suspd,1,0,Resist/Obstruct W/O Violence,8,Medium,1
Male,25 - 45,Caucasian,0,2,1,10.0,-1.0,F,Aggravated Battery / Pregnant,1,0,Resist/Obstruct W/O Violence,10,Medium,1
Male,Greater than 45,Asian,0,0,0,0.0,0.0,M,Alcoholic Beverage Violation-FL,0,0,,0,Low,0
Male,Less than 25,African-American,0,0,1,2.0,-1.0,M,Tampering With Physical Evidence,1,0,Driving License Suspended,2,Medium,1
Male,25 - 45,African-American,0,0,1,12.0,-1.0,F,Pos Cannabis W/Intent Sel/Del,1,0,,12,High,1
Male,25 - 45,African-American,0,0,0,7.0,-1.0,M,Battery,1,1,Robbery / No Weapon,7,High,1
Female,25 - 45,Asian,0,0,0,3.0,-27.026868828871617,F,arrest case no charge,1,0,Resist/Obstruct W/O Violence,3,Medium,1
Male,25 - 45,Other,0,0,0,3.0,-1.0,F,Driving While License Revoked,1,0,,3,Medium,1
Male,Greater than 45,Native American,1,0,1,19.0,-1.0,M,arrest case no charge,1,0,DUI- Enhanced,18,Medium,0
Male,Greater than 45,African-American,0,0,0,4.0,0.0,F,Possession of Cocaine,0,0,,4,Low,0
Male,Greater than 45,Other,0,0,0,0.0,-1.0,M,Battery,0,0,,0,Low,0
Male,25 - 45,Caucasian,0,0,0,2.0,-1.0,F,arrest case no charge,0,0,,2,Low,0
Male,25 - 45,Native American,0,0,0,0.0,-1.0,M,Sel/Pur/Mfr/Del Control Substa,0,0,Driving License Suspended,0,Low,0
Male,25 - 45,Other,0,0,0,0.0,-1.0,F,Felony Battery (Dom Strang),0,0,,0,Low,0
Male,25 - 45,Hispanic,0,0,0,0.0,-1.0,M,arrest case no charge,0,0,,0,Low,0
Male,25 - 45,Asian,1,1,0,10.0,-1.0,F,Lewd/Lasciv Molest Elder Persn,1,1,Poss Pyrrolidinovalerophenone,10,High,1
Male,Greater than 45,African-American,0,0,0,6.0,-1.0,F,Possession of Cocaine,0,0,,6,Low,0
Male,25 - 45,Asian,0,0,0,2.0,-1.0,F,arrest case no charge,1,0,,2,Low,0
Female,25 - 45,African-American,0,0,0,3.0,0.0,M,Battery,1,1,Aggrav Battery w/Deadly Weapon,3,Medium,1
Male,25 - 45,African-American,0,0,0,4.0,-12.178247942559164,F,arrest case no charge,1,0,Resist/Obstruct W/O Violence,4,Medium,1
Male,25 - 45,Native American,0,0,1,11.0,-2.0,M,Criminal Mischief Damage <$200,1,0,Susp Drivers Lic 1st Offense,11,Medium,1
Female,Greater than 45,Caucasian,0,0,0,0.0,-2.0,M,DUI Property Damage/Injury,0,0,,0,Low,0
Male,25 - 45,African-American,0,0,0,0.0,0.0,F,arrest case no charge,1,0,Possession Of Heroin,0,Medium,1
Male,Greater than 45,Caucasian,0,0,0,1.0,-1.0,M,Battery,0,0,,1,Low,0
Female,25 - 45,African-American,0,0,0,0.0,-1.0,F,Possession of Oxycodone,1,0,Possession of Cannabis,0,Low,1
Male,Greater than 45,Native American,0,0,0,0.0,-1.0,M,Battery,0,0,,0,Low,0
Male,Greater than 45,Hispanic,0,0,0,0.0,-1.0,F,Grand Theft (Motor Vehicle),0,0,,0,Low,0
Male,25 - 45,Other,0,0,0,3.0,-17.3496896240905,M,Solicit Deliver Cocaine,1,1,Aggravated Battery / Pregnant,3,Low,1
Female,Greater than 45,Other,0,0,0,0.0,0.0,M,Battery,0,0,,0,Low,0
Male,Less than 25,Native American,0,0,0,0.0,0.0,F,"Poss3,4 Methylenedioxymethcath",1,0,Unlaw Use False Name/Identity,0,High,1
Male,25 - 45,Other,0,0,0,0.0,-1.0,F,Crim Use of Personal ID Info,1,0,Possession Of Heroin,0,Low,1
Male,Greater than 45,Caucasian,0,0,0,3.0,0.0,M,Reckless Driving,1,1,Robbery / No Weapon,3,Low,1
Male,Less than 25,Other,0,0,0,0.0,-1.0,F,Possession of Cocaine,1,0,Possession of Cocaine,0,Medium,1
Male,25 - 45,Native American,0,0,0,2.0,0.0,F,Battery,0,0,,2,Low,0
Male,Less than 25,Native American,0,0,0,0.0,-1.0,F,Obstruct Fire Equipment,0,0,,0,Low,0
Male,25 - 45,African-American,0,0,0,0.0,-1.0,F,Carrying Concealed Firearm,1,0,Driving License Suspended,0,Low,1
Female,25 - 45,Hispanic,0,0,0,8.0,-9.0,F,Tampering With Physical Evidence,1,0,Driving License Suspended,8,Low,1
Male,Less than 25,Other,0,0,0,0.0,0.0,F,Felony Battery (Dom Strang),1,0,Resist/Obstruct W/O Violence,0,Low,1
Male,25 - 45,Native American,0,0,0,0.0,-1.0,M,Battery,0,0,,0,Low,0
Male,25 - 45,Hispanic,0,0,0,1.0,0.0,F,Grand Theft in the 3rd Degree,0,0,,1,Medium,0
Male,Greater than 45,Caucasian,0,0,0,2.0,-1.0,F,Pos Cannabis W/Intent Sel/Del,0,0,,2,Low,0
Male,Greater than 45,Caucasian,0,0,0,0.0,-1.0,M,Viol Injunct Domestic Violence,1,0,Driving License Suspended,0,Low,1
Male,25 - 45,Hispanic,0,0,0,3.0,-1.0,M,Battery,1,0,Possession Of Heroin,3,Medium,1
Male,Greater than 45,Caucasian,0,0,0,4.0,0.0,F,Possession of Cocaine,0,0,,4,Low,0
Male,Greater than 45,Hispanic,0,0,0,1.0,-2.0,F,Felony Petit Theft,1,0,Driving License Suspended,1,Low,1
Male,Greater than 45,African-American,0,0,0,13.329383543984545,-1.0,M,Driving While License Revoked,1,0,Possession Of Heroin,14,Low,0
Male,Greater than 45,Other,0,0,0,2.0,0.0,F,Possession of Cocaine,0,0,,2,Medium,0
Male,25 - 45,Native American,0,0,0,0.0,0.0,M,Petit Theft,1,0,,0,Medium,1
Female,25 - 45,Asian,0,0,0,5.0,-1.0,F,Felony Driving While Lic Suspd,0,0,,5,Low,0
Male,Less than 25,African-American,0,0,1,1.0,-1.0,F,Burglary Unoccupied Dwelling,1,0,Resist/Obstruct W/O Violence,1,High,1
Male,Greater than 45,Hispanic,0,0,0,6.0,-1.0,M,DUI Property Damage/Injury,0,0,,6,Low,0
Male,Greater than 45,Asian,0,0,0,1.0,-1.0,F,Possession of Cocaine,0,0,,1,Low,0
Male,25 - 45,Other,0,0,0,4.0,-1.0,M,Susp Drivers Lic 1st Offense,1,0,Driving License Suspended,4,Low,1
Male,Greater than 45,Caucasian,0,0,0,5.0,0.0,F,Sexual Battery / Vict 12 Yrs +,1,0,Driving License Suspended,5,High,1
Male,25 - 45,Caucasian,0,0,0,0.0,-1.0,M,Battery,1,0,Driving License Suspended,0,Low,1
Male,25 - 45,Asian,0,0,0,0.0,-1.0,F,Aggrav Battery w/Deadly Weapon,0,0,,0,Medium,0
Male,Greater than 45,Native American,0,0,0,1.0,-1.0,M,Battery,0,0,,1,Low,0
Male,25 - 45,African-American,0,0,0,2.0,-1.0,F,arrest case no charge,0,0,,2,Low,0
Female,25 - 45,Hispanic,0,0,1,8.0,-8.196901371010206,M,Attempt Armed Burglary Dwell,1,1,Petit Theft $100- $300,7,Medium,1
Male,25 - 45,Native American,0,1,0,7.0,-1.0,F,Burglary Conveyance Unoccup,1,0,Possession Of Heroin,7,High,1
Female,Less than 25,African-American,0,0,0,0.0,-1.0,F,Grand Theft in the 3rd Degree,1,0,Unlaw Use False Name/Identity,0,Low,1
Female,25 - 45,Other,0,0,0,7.746726315421723,-1.0,M,arrest case no charge,0,0,,8,Low,0
Male,Greater than 45,Caucasian,0,0,0,2.0,0.0,F,Grand Theft in the 3rd Degree,1,0,Possession Of Heroin,2,High,1
Male,Less than 25,Hispanic,0,0,0,0.0,-1.0,F,False Ownership Info/Pawn Item,1,1,Battery,0,Low,1
Male,25 - 45,Hispanic,0,0,0,2.0,-12.0,M,Burglary Unoccupied Dwelling,1,0,Possession Of Heroin,2,Low,1
Male,25 - 45,Native American,0,0,0,3.0,-1.0,F,Driving While License Revoked,0,0,,3,Low,0
Male,Greater than 45,Other,0,0,0,0.0,-1.0,F,Carrying Concealed Firearm,0,0,,0,Low,0
Male,25 - 45,Other,0,0,0,6.0,-1.0,F,Felony Battery w/Prior Convict,1,0,Driving License Suspended,6,High,1
Female,25 - 45,Caucasian,0,0,0,0.0,-1.0,F,Possession of Cocaine,1,0,Possession of Cocaine,0,Low,1
Male,Greater than 45,Asian,0,1,8,2.0,-1.0,F,Possession of Cocaine,1,0,Unlaw LicTag/Sticker Attach,2,High,1
Male,Greater than 45,African-American,0,0,0,2.0,-1.0,M,DUI Property Damage/Injury,0,0,,2,Low,0
Male,Less than 25,Caucasian,1,0,0,1.0,27.81732815968555,F,arrest case no charge,1,0,,1,High,1
Male,25 - 45,Hispanic,0,0,0,5.0,0.0,F,Crim Use of Personal ID Info,1,0,Resist/Obstruct W/O Violence,5,Medium,1
Female,Greater than 45,Asian,0,0,0,1.0,-1.0,F,arrest case no charge,0,0,,1,Low,0
Male,Greater than 45,Hispanic,0,0,0,0.0,-1.0,M,Kidnapping / Domestic Violence,0,0,,0,Low,0
Male,Less than 25,Native American,0,0,0,1.0,-1.0,F,Poss Of RX Without RX,0,0,,1,High,0
Male,Greater than 45,Asian,0,0,0,0.0,0.0,M,Viol Pretrial Release Dom Viol,1,0,Resist/Obstruct W/O Violence,0,Low,1
Male,Less than 25,Other,0,0,0,0.0,-1.0,F,"Deliver 3,4 Methylenediox",0,0,,0,Low,0
Male,25 - 45,African-American,0,0,0,2.0,-1.0,F,Fleeing Or Attmp Eluding A Leo,0,0,Driving License Suspended,2,High,1
Male,25 - 45,Caucasian,0,0,0,2.0,-1.0,M,Driving License Suspended,0,0,,2,Low,0
Male,25 - 45,Caucasian,0,0,0,5.0,-1.0,M,Possess Cannabis/20 Grams Or Less,1,0,Resist/Obstruct W/O Violence,5,Low,1
Male,25 - 45,Native American,0,0,0,0.0,0.0,F,Possession of Cocaine,0,0,,0,Low,0
Female,Less than 25,Caucasian,0,0,0,0.0,-1.0,F,Burglary Unoccupied Dwelling,0,0,,0,Medium,0
Male,25 - 45,Caucasian,0,0,0,0.0,-1.0,M,Battery,0,0,,0,Low,0
Female,25 - 45,Hispanic,0,0,0,0.0,-1.0,M,Viol Injunct Domestic Violence,0,0,,0,Low,0
Male,25 - 45,Caucasian,3,0,1,12.621999903719333,-1.0,F,arrest case no charge,1,0,DUI- Enhanced,12,Low,1
Male,25 - 45,Asian,0,0,0,6.0,-1.0,F,Burglary Unoccupied Dwelling,1,0,Possession Of Heroin,5,Medium,0
Male,25 - 45,Native American,0,0,0,17.0,0.0,M,Operating W/O Valid License,1,0,,17,High,1
Male,Greater than 45,Hispanic,0,0,0,1.0,-1.0,M,Felony Battery (Dom Strang),0,0,,1,Low,0
Male,25 - 45,Caucasian,0,0,0,0.0,-1.0,M,Battery,1,1,Battery,0,Low,1
Male,Greater than 45,Other,0,0,0,0.0,-1.0,M,Battery,0,0,,0,Low,0
Male,25 - 45,Caucasian,0,0,0,0.0,0.0,M,DUI Property Damage/Injury,1,0,,0,Low,1
Male,Greater than 45,Asian,0,0,0,1.0,-1.0,F,Grand Theft in the 3rd Degree,0,0,,1,Low,0
Female,Less than 25,Asian,0,0,0,4.0,-1.0,M,Battery,1,0,Possession Of Heroin,4,High,1
Male,25 - 45,Hispanic,0,0,0,0.0,0.0,F,Grand Theft in the 3rd Degree,0,0,,0,Medium,0
Female,25 - 45,African-American,0,0,0,2.0,-1.0,F,Felony Petit Theft,1,1,Viol Pretrial Release Dom Viol,2,Medium,1
Male,25 - 45,Native American,0,0,0,13.0,-1.0,M,Possess Cannabis/20 Grams Or Less,1,0,Possession Of Heroin,13,High,1
Male,Less than 25,African-American,0,0,0,0.0,-1.0,F,Child Abuse,0,0,,0,Low,0
Male,25 - 45,Asian,0,0,0,6.0,-1.0,M,Assault,1,1,Battery,6,Low,1
Male,25 - 45,Asian,0,0,0,2.0,-1.0,F,Sexual Battery / Vict 12 Yrs +,0,0,,2,Medium,0
Male,25 - 45,Caucasian,0,0,0,0.0,-1.0,F,Burglary Conveyance Occupied,0,0,,0,Low,0
Male,25 - 45,Hispanic,0,0,0,0.0,0.0,F,Agg Battery Grt/Bod/Harm,0,0,,0,Low,0
Male,25 - 45,Native American,0,0,0,1.0,-1.0,F,Felony Petit Theft,0,0,,1,High,0
Male,Greater than 45,Hispanic,0,0,0,3.0,-1.0,F,Possession of Cocaine,1,0,Driving License Suspended,3,High,1
Male,Greater than 45,African-American,0,0,0,3.0,-1.0,F,arrest case no charge,0,0,,3,Low,0
Female,25 - 45,Hispanic,0,0,1,0.0,-1.0,F,Possession Of Heroin,0,0,,0,Low,0
Female,Greater than 45,Caucasian,0,0,0,3.0,-1.0,F,Grand Theft in the 3rd Degree,0,0,,3,Low,0
Female,25 - 45,Hispanic,0,0,0,0.0,-1.0,F,arrest case no charge,0,0,,0,Low,0
Male,25 - 45,Asian,0,0,0,0.0,-1.0,M,Battery,0,0,,0,Low,0
Female,Less than 25,Caucasian,0,0,0,2.0,-1.0,M,Grand Theft in the 3rd Degree,1,0,Resist/Obstruct W/O Violence,2,Medium,1
Male,Less than 25,African-American,0,0,0,0.0,-1.0,F,Grand Theft in the 3rd Degree,0,0,,0,Low,0
Male,25 - 45,African-American,0,0,0,8.0,-1.0,F,Possession of Oxycodone,1,0,,8,Medium,0
Male,25 - 45,Other,0,0,0,2.0,-1.0,M,Battery,0,0,,2,Low,0
Male,25 - 45,Caucasian,0,0,0,2.0,-24.0,F,arrest case no charge,0,0,,2,Low,0
Male,25 - 45,Other,0,0,0,0.0,-1.0,F,Grand Theft in the 3rd Degree,0,0,Driving License Suspended,0,Low,0
Male,Greater than 45,African-American,0,0,0,2.0,-1.0,M,Unlaw Use False Name/Identity,0,0,,2,Low,0
Male,Greater than 45,African-American,0,0,0,11.0,-15.6432380512252,F,Solicit Deliver Cocaine,1,1,Battery,11,High,1
Female,Less than 25,Caucasian,0,0,0,2.0,-1.0,M,Battery,1,0,,2,Low,0
Male,Less than 25,Native American,0,0,0,0.0,-1.0,M,Battery,0,0,,0,High,0
Male,Less than 25,Other,0,0,0,1.0,-1.0,M,Tamper With Witness/Victim/CI,1,0,Resist/Obstruct W/O Violence,1,High,1
Male,Greater than 45,Caucasian,0,0,0,4.0,-1.0,F,Felony Driving While Lic Suspd,1,0,Driving License Suspended,4,Low,1
Male,25 - 45,Caucasian,0,1,3,4.0,-1.0,M,Battery,1,0,Poss Meth/Diox/Meth/Amp (MDMA),4,Low,1
Male,25 - 45,Caucasian,0,0,0,9.0,-1.0,F,Possession of Cocaine,1,0,Driving License Suspended,8,Medium,1
Female,Greater than 45,African-American,0,0,0,1.0,-1.0,F,Grand Theft in the 3rd Degree,0,0,,1,High,0
Male,25 - 45,Caucasian,0,0,0,2.0,0.0,F,Crimin Mischief Damage $1000+,1,0,,2,Low,1
Male,Greater than 45,Native American,0,0,0,11.73655313577112,0.0,M,Battery,1,1,Aggrav Battery w/Deadly Weapon,11,Medium,1
Male,25 - 45,African-American,1,0,0,1.0,-1.0,F,Agg Fleeing and Eluding,1,1,Robbery W/Firearm,1,High,1
Male,25 - 45,Other,0,0,0,3.0,-1.0,M,Battery,0,0,,3,Low,0
Female,25 - 45,Caucasian,0,0,0,22.0,-1.0,M,Viol Pretrial Release Dom Viol,1,0,Driving License Suspended,21,High,1
Male,25 - 45,Asian,0,0,0,1.0,-1.0,F,Deliver Cocaine,0,0,,1,Low,0
Male,25 - 45,Caucasian,0,0,0,2.0,0.0,M,Battery,1,1,Culpable Negligence,2,Low,1
Male,25 - 45,African-American,0,0,0,1.0,0.0,F,Aggrav Stalking After Injunctn,1,0,Resist/Obstruct W/O Violence,1,Low,0
Male,25 - 45,African-American,0,0,0,0.0,0.0,F,Aggravated Assault w/Firearm,0,0,,0,Low,0
Male,25 - 45,Asian,0,0,0,2.0,-1.0,M,arrest case no charge,0,0,,2,Low,0
Male,Greater than 45,Other,0,0,0,8.0,0.0,M,Assault,1,0,Driving License Suspended,8,Medium,1
Female,25 - 45,Hispanic,0,0,0,0.0,-2.0,M,Battery,1,1,Aggravated Battery / Pregnant,0,Low,1
Male,25 - 45,Hispanic,0,0,0,0.0,0.0,F,Grand Theft in the 3rd Degree,1,0,Unlaw Use False Name/Identity,0,Low,1
Male,25 - 45,Hispanic,0,0,0,0.0,-1.0,F,Att Burgl Conv Occp,0,0,,0,Low,0
Male,25 - 45,African-American,0,0,0,2.0,-1.0,F,Cruelty Toward Child,1,0,Driving License Suspended,2,Low,1
Male,25 - 45,Native American,0,0,0,4.0,-1.0,F,arrest case no charge,1,0,Driving License Suspended,4,Low,1
Male,25 - 45,Hispanic,1,0,0,5.0,-1.0,M,arrest case no charge,0,0,,5,High,0
Female,Less than 25,Hispanic,0,0,0,0.0,0.0,M,Battery,0,0,,0,Low,0
Female,Greater than 45,Other,0,0,0,0.0,0.0,M,Battery,0,0,,0,Low,0
Male,Less than 25,Other,0,0,0,0.0,0.0,M,Possess Cannabis/20 Grams Or Less,0,0,,0,Low,0
Female,25 - 45,Asian,0,0,0,5.0,-1.0,M,arrest case no charge,0,0,,5,High,0
Male,25 - 45,Caucasian,0,0,0,1.0,-1.0,F,arrest case no charge,0,0,,1,Low,0
Male,Greater than 45,Native American,0,0,0,13.0,-1.0,F,Driving While License Revoked,1,0,Resist/Obstruct W/O Violence,13,Low,1
Male,Greater than 45,Caucasian,0,0,0,0.0,-2.0,F,Felony Battery (Dom Strang),0,0,,0,Low,0
Male,Less than 25,African-American,0,2,2,2.0,-1.0,F,Grand Theft in the 3rd Degree,1,0,Unlaw Use False Name/Identity,2,Medium,1
Female,25 - 45,Other,0,0,0,1.0,-1.0,M,Battery,0,0,,1,Low,0
Male,Greater than 45,Asian,1,0,0,16.0,-1.0,F,Possession of Cocaine,0,0,,15,Medium,0
Male,Greater than 45,Native American,0,0,0,21.660040091180306,-1.0,F,Possession of Cocaine,1,0,Resist/Obstruct W/O Violence,21,High,1
Male,25 - 45,Native American,0,0,0,1.0,-1.0,M,Operating W/O Valid License,0,0,,1,Low,0
Male,Greater than 45,Caucasian,0,0,0,5.0,-1.0,M,Battery,0,0,,5,Low,0
Male,25 - 45,Caucasian,0,0,0,2.0,-18.0,M,Possession Of Buprenorphine,0,0,,2,Low,0
Male,Less than 25,African-American,0,0,0,0.0,-1.0,F,Grand Theft in the 3rd Degree,1,0,Resist/Obstruct W/O Violence,0,Low,1
Female,25 - 45,Native American,0,0,0,0.0,-1.0,F,Poss Pyrrolidinovalerophenone,1,0,Resist/Obstruct W/O Violence,0,Low,1
Male,Less than 25,Hispanic,0,0,0,3.0,-1.0,F,Burglary Unoccupied Dwelling,1,0,Possession Of Heroin,3,Medium,1
Male,25 - 45,Other,0,0,0,2.0,-1.0,F,arrest case no charge,1,0,Driving License Suspended,2,Low,1
Female,Greater than 45,Caucasian,0,0,0,0.0,0.0,M,DUI Property Damage/Injury,0,0,,0,Low,0
Female,25 - 45,Native American,0,0,1,8.0,-1.0,F,Felony Battery w/Prior Convict,1,0,Unlaw LicTag/Sticker Attach,8,Medium,1
Male,Less than 25,Hispanic,0,0,1,1.0,-1.0,F,Possession of Cocaine,0,0,,1,Medium,0
Male,25 - 45,Other,0,0,0,2.0,-1.0,F,Alcoholic Beverage Violation-FL,0,0,,2,Low,0
Male,25 - 45,Native American,0,0,0,1.0,-1.0,F,Felony Battery (Dom Strang),1,1,Viol Pretrial Release Dom Viol,1,Low,1
Male,Greater than 45,Asian,0,0,0,0.0,-1.0,M,Battery,0,0,,0,Low,0
Male,Less than 25,Hispanic,0,0,0,0.0,-1.0,M,Susp Drivers Lic 1st Offense,1,1,Assault,0,Low,1
Female,Less than 25,Caucasian,0,3,1,3.0,-1.0,M,Battery,1,1,Battery,3,Medium,1
Male,Greater than 45,African-American,0,0,0,9.0,-1.0,F,Grand Theft in the 3rd Degree,1,0,,9,Low,1
Male,Less than 25,Asian,0,0,1,1.0,-1.0,F,arrest case no charge,1,0,Susp Drivers Lic 1st Offense,1,Low,1
Female,25 - 45,Hispanic,3,0,0,16.689905606609553,-8.0,F,Possession of Cocaine,1,0,DUI- Enhanced,16,High,0
Male,25 - 45,Other,0,0,1,2.0,0.0,M,Agg Fleeing and Eluding,0,0,,2,Medium,0
Male,Less than 25,African-American,0,0,0,0.0,0.0,F,Robbery Sudd Snatch No Weapon,0,0,,0,Low,0
Male,Greater than 45,Other,0,0,0,1.0,-1.0,F,arrest case no charge,0,0,,1,Low,0
Male,Less than 25,African-American,0,0,1,1.0,-1.0,F,Poss Pyrrolidinovalerophenone,1,0,,1,Medium,1
Male,25 - 45,Caucasian,0,0,0,0.0,-3.0,F,arrest case no charge,0,0,,0,Medium,0
Male,Greater than 45,Hispanic,0,0,0,0.0,-1.0,F,Tampering With Physical Evidence,1,0,Possession of Cannabis,0,Low,1
Male,25 - 45,African-American,0,0,0,8.088844106102341,-1.0,F,Driving While License Revoked,0,0,,9,Low,0
Male,25 - 45,African-American,0,0,0,5.0,-1.0,F,Aggrav Battery w/Deadly Weapon,1,0,Driving License Suspended,5,High,1
Male,Less than 25,Hispanic,0,0,0,1.0,0.0,F,Grand Theft in the 3rd Degree,1,0,Driving License Suspended,1,High,1
Female,Greater than 45,Caucasian,0,0,0,1.0,0.0,M,Petit Theft $100- $300,0,0,,1,Low,0
Male,25 - 45,Caucasian,0,0,0,2.0,0.0,M,Tampering With Physical Evidence,0,0,,2,High,0
Male,25 - 45,African-American,1,0,0,6.0,-1.0,F,Tamper With Witness/Victim/CI,1,0,,6,Medium,1
Female,Greater than 45,Hispanic,0,0,0,0.0,-1.0,M,Battery,0,0,,0,Low,0
Male,25 - 45,Hispanic,0,0,0,0.0,-1.0,M,Battery,0,0,,0,Low,0
Male,25 - 45,Caucasian,0,0,0,0.0,0.0,M,Resist/Obstruct W/O Violence,0,0,Driving License Suspended,0,Low,0
Male,25 - 45,Asian,0,0,0,2.0,-1.0,F,arrest case no charge,1,1,Culpable Negligence,2,Low,1
Female,25 - 45,Asian,0,0,1,0.0,-2.0,F,Possession of Cocaine,1,0,Susp Drivers Lic 1st Offense,0,Low,1
Male,Greater than 45,Hispanic,0,0,0,1.0,-2.0,M,Assault,0,0,,1,Low,0
Male,25 - 45,Other,0,0,0,3.0,-4.0,F,Criminal Mischief,0,0,,3,Low,0
Male,25 - 45,Hispanic,0,0,0,7.0,-1.0,F,Aggravated Assault W/Dead Weap,1,0,Resist/Obstruct W/O Violence,7,Medium,1
Male,Less than 25,Asian,0,1,0,2.0,0.0,F,Possess Drug Paraphernalia,1,1,Stalking (Aggravated),2,High,1
Male,Greater than 45,Hispanic,0,0,0,2.0,-26.0,M,Battery,0,0,,2,Low,0
Male,Less than 25,Caucasian,0,0,0,0.0,0.0,M,Battery,1,0,,0,Low,0
Male,Greater than 45,Hispanic,0,0,0,9.0,-1.0,F,Felony Petit Theft,1,0,,9,High,1
Male,25 - 45,Other,0,0,0,1.0,-1.0,F,arrest case no charge,0,0,,1,Low,0
Male,Less than 25,Native American,0,0,0,10.0,-1.0,F,Grand Theft in the 3rd Degree,1,0,Driving License Suspended,10,High,1
Female,25 - 45,Native American,0,0,0,8.214232934673621,-1.0,F,Grand Theft in the 3rd Degree,1,0,Possession Of Heroin,9,Medium,1
Male,Greater than 45,Other,0,0,0,4.0,-26.0,M,Battery,0,0,,4,Low,0
Male,25 - 45,Caucasian,5,1,0,16.848070596417244,-1.0,F,Possession of Cocaine,1,0,DUI- Enhanced,16,Medium,1
Male,25 - 45,Native American,0,2,1,9.0,0.0,F,arrest case no charge,0,0,,9,High,0
Male,Greater than 45,Hispanic,0,0,0,0.0,0.0,F,Possession of Cocaine,0,0,,0,Low,0
Male,Greater than 45,Other,0,0,0,0.0,-1.0,M,Battery,0,0,,0,Medium,0
Female,25 - 45,Other,0,0,0,1.0,-1.0,M,Battery,0,0,,1,Low,0
Male,25 - 45,Asian,0,0,0,0.0,-1.0,M,Pos Cannabis W/Intent Sel/Del,0,0,,0,Medium,0
Male,Greater than 45,African-American,1,0,0,18.33696436612939,-1.0,F,Possession of Cocaine,1,0,Driving License Suspended,18,High,1
Male,Greater than 45,Native American,0,0,0,0.0,-1.0,M,Battery,0,0,,0,Low,0
Male,Less than 25,African-American,0,0,2,4.0,-1.0,F,Robbery Sudd Snatch No Weapon,1,0,Driving License Suspended,4,High,1
Male,Less than 25,African-American,0,0,0,1.0,-8.0,F,arrest case no charge,0,0,,1,High,1
Male,Less than 25,Hispanic,0,0,2,0.0,-1.0,F,Aggravated Assault W/dead Weap,1,0,Possession of Cocaine,0,High,1
Male,Less than 25,African-American,0,0,0,1.0,-1.0,F,Burglary Unoccupied Dwelling,0,0,,1,Medium,0
Male,25 - 45,African-American,0,0,0,2.0,-1.0,F,Crim Use of Personal ID Info,1,1,Battery,2,High,1
Male,25 - 45,African-American,0,0,2,0.0,0.0,M,DUI Property Damage/Injury,0,0,,0,Low,1
Male,Greater than 45,Hispanic,0,0,0,3.0,-1.0,F,Manufacture Cannabis,0,0,,3,Low,0
Male,Less than 25,Hispanic,0,0,0,0.0,0.0,F,"Poss 3,4 MDMA (Ecstasy)",0,0,,0,High,0
Male,25 - 45,Other,0,0,0,8.750950764129703,0.0,F,"Poss3,4 Methylenedioxymethcath",0,0,,9,Medium,0
Male,Less than 25,African-American,0,0,3,4.0,-1.0,F,Driving While License Revoked,1,0,,4,Medium,1
Male,Greater than 45,Other,0,0,0,6.0,0.0,F,Possession Of Alprazolam,0,0,,5,Low,0
Male,Greater than 45,Caucasian,0,0,0,4.0,0.0,F,"Poss3,4 Methylenedioxymethcath",0,0,,4,Low,0
Female,25 - 45,African-American,0,0,0,2.0,-1.0,M,Battery,1,0,,2,Medium,0
Male,Less than 25,Asian,1,0,0,2.0,-1.0,M,Prostitution/Lewd Act Assignation,1,0,Possession Of Heroin,2,High,1
Male,25 - 45,Caucasian,0,0,0,5.949648990339139,-25.871546391498445,F,Possession Of Buprenorphine,0,0,,5,Low,0
Female,25 - 45,Hispanic,0,0,0,0.0,-2.0,M,Battery,0,0,,0,Low,0
Male,25 - 45,Other,0,0,0,10.0,-1.0,F,Driving While License Revoked,1,0,,10,Medium,1
Female,25 - 45,Caucasian,0,0,0,0.0,-2.0,M,Robbery / No Weapon,0,0,,0,Medium,0
Male,25 - 45,Caucasian,0,0,0,0.0,-1.0,M,Battery,1,0,Possession Of Heroin,0,Medium,1
Male,Less than 25,Other,0,0,0,0.0,-1.0,M,Battery,1,0,,0,High,1
Male,Greater than 45,Hispanic,0,0,0,0.0,0.0,M,Battery,0,0,,0,Low,0
Male,25 - 45,African-American,0,0,0,0.0,-1.0,F,Robbery / No Weapon,0,0,,0,Low,0
Male,Greater than 45,Hispanic,0,0,0,0.0,-1.0,M,Expired DL More Than 6 Months,0,0,,0,Low,0
Male,25 - 45,African-American,0,0,0,1.0,-1.0,F,Burglary Conveyance Unoccup,0,0,,1,High,0
Female,Greater than 45,Caucasian,0,0,0,0.0,-1.0,M,Disorderly Conduct,0,0,,0,Low,0
Female,25 - 45,Caucasian,0,0,0,0.0,-1.0,M,Battery,1,0,,0,Low,1
Male,25 - 45,African-American,0,0,0,2.0,-1.0,M,Felony Driving While Lic Suspd,0,0,,2,Low,0
Male,25 - 45,African-American,0,0,0,0.0,-1.0,F,Aggravated Assault W/Dead Weap,0,0,,0,Low,0
Male,25 - 45,Other,0,0,0,6.0,-1.0,M,Battery,0,0,,6,Low,0
Male,25 - 45,Other,0,0,0,4.0,0.0,F,Possession of Oxycodone,0,0,,4,Low,0
Male,25 - 45,Other,0,0,0,4.0,-1.0,F,arrest case no charge,1,1,Battery,4,Medium,1
Male,Less than 25,Caucasian,0,0,0,5.0,0.0,F,Tampering With Physical Evidence,1,0,Possession Of Heroin,5,Medium,0
Male,Greater than 45,Other,0,0,0,7.0,-1.0,F,Carrying Concealed Firearm,0,0,,7,Low,0
Male,25 - 45,Caucasian,1,5,0,13.0,-1.0,F,,0,0,,13,Medium,0
Male,25 - 45,Caucasian,0,0,0,6.0,0.0,F,arrest case no charge,0,0,,6,Low,0
Female,25 - 45,Hispanic,0,0,0,0.0,0.0,F,Aggrav Battery w/Deadly Weapon,0,0,,0,High,0
Male,25 - 45,Caucasian,0,0,0,0.0,-1.0,M,DUI Property Damage/Injury,0,0,,0,Low,0
Female,25 - 45,Asian,0,0,0,7.0,-21.0,F,Agg Battery Grt/Bod/Harm,0,0,,6,High,0
Male,Greater than 45,Native American,0,0,0,5.0,-1.0,F,Battery on Law Enforc Officer,0,0,,5,Low,0
Female,Less than 25,African-American,0,0,0,5.817529571515608,-18.0,M,Battery,0,0,,6,Medium,0
Male,Less than 25,Caucasian,0,0,0,0.0,-1.0,M,Battery,1,1,Poss Pyrrolidinovalerophenone,0,High,1
Male,Less than 25,Hispanic,0,2,1,2.0,-1.0,F,Burglary Conveyance Unoccup,1,0,Possess Drug Paraphernalia,1,High,1
Female,Less than 25,Asian,0,0,0,5.0,-1.0,F,arrest case no charge,1,0,Possession Of Heroin,5,Low,1
Male,25 - 45,African-American,0,3,0,9.0,-1.0,F,Battery,1,0,Resist/Obstruct W/O Violence,10,Medium,1
Female,Less than 25,Caucasian,0,0,0,2.0,-22.0,M,Possess Cannabis/20 Grams Or Less,0,0,,2,Medium,0
Male,25 - 45,Native American,0,0,0,2.0,-1.0,F,Possession of Cocaine,0,0,,2,Medium,0
Female,Less than 25,Native American,0,0,0,1.0,-1.0,F,Burglary Unoccupied Dwelling,1,0,Driving License Suspended,1,High,1
Male,25 - 45,Native American,2,0,0,17.0,-1.0,M,Unlaw Use False Name/Identity,1,0,DUI- Enhanced,17,High,1
Male,25 - 45,Asian,0,0,0,0.0,0.0,F,Battery on Law Enforc Officer,0,0,,0,Low,0
Male,Less than 25,African-American,0,0,0,1.0,-1.0,F,Grand Theft in the 3rd Degree,1,0,,1,Medium,1
Male,25 - 45,Asian,0,0,0,6.0,-1.0,F,Felony Driving While Lic Suspd,1,0,Driving License Suspended,6,Low,1
Male,Greater than 45,Other,0,0,0,0.0,0.0,F,Grand Theft (Motor Vehicle),0,0,Unlaw Use False Name/Identity,0,Low,0
Male,Less than 25,African-American,1,0,0,1.0,-1.0,F,arrest case no charge,1,0,Resist/Obstruct W/O Violence,1,High,1
Male,25 - 45,Native American,0,0,0,8.0,-1.0,M,Battery,1,1,Culpable Negligence,8,High,1
Female,Less than 25,Caucasian,0,0,0,0.0,-1.0,F,Child Abuse,1,0,Unlaw Use False Name/Identity,0,Low,0
Male,25 - 45,Native American,0,1,1,9.0,-1.0,M,Battery,1,0,Resist/Obstruct W/O Violence,9,High,1
Male,25 - 45,Caucasian,0,0,0,2.0,-1.0,F,Possession of Cocaine,0,0,,2,Medium,0
Male,Less than 25,Hispanic,0,0,0,1.0,-4.0,F,Grand Theft in the 3rd Degree,0,0,,1,Low,0
Male,Less than 25,Hispanic,0,0,0,0.0,0.0,M,Battery,0,0,,0,Low,0
Male,Greater than 45,Hispanic,0,0,0,0.0,0.0,M,Battery,0,0,,0,Low,0
Male,25 - 45,African-American,0,0,0,10.0,-1.0,F,Burglary Dwelling Assault/Batt,1,1,Felony Petit Theft,9,High,1
Male,Less than 25,Native American,0,0,0,1.0,0.0,F,Agg Fleeing and Eluding,0,0,,1,Medium,0
Female,25 - 45,Caucasian,0,0,0,0.0,-1.0,M,Viol Injunct Domestic Violence,0,0,,0,Medium,0
Female,Greater than 45,Other,0,0,0,1.0,-22.0,M,Resist/Obstruct W/O Violence,0,0,,1,Low,0
Male,25 - 45,Hispanic,0,0,0,6.0,-10.144502499792324,M,Violation of Injunction Order/Stalking/Cyberstalking,1,0,Driving License Suspended,6,Low,1
Male,Less than 25,Asian,0,0,0,2.0,0.0,F,arrest case no charge,1,0,Possession Of Heroin,2,Medium,1
Male,25 - 45,Other,0,0,0,5.0,-1.0,F,Aggravated Assault W/dead Weap,1,0,Resist/Obstruct W/O Violence,5,High,0
Male,Greater than 45,Other,0,0,0,0.0,-1.0,M,Fleeing Or Attmp Eluding A Leo,0,0,,0,Low,0
Male,Greater than 45,Asian,0,0,0,0.0,-3.0,M,Battery,0,0,,0,Low,0
Male,Less than 25,Native American,0,0,2,1.0,-1.0,F,arrest case no charge,0,0,,1,Low,0
Male,Greater than 45,Hispanic,0,0,0,4.0,0.0,F,Felony Driving While Lic Suspd,0,0,,4,Medium,0
Male,25 - 45,Caucasian,0,0,0,0.0,-1.0,F,Possession Of Heroin,1,0,,0,Medium,0
Male,25 - 45,African-American,0,0,0,1.0,-1.0,F,arrest case no charge,1,0,,1,Medium,1
Male,25 - 45,Asian,0,0,0,1.0,-1.0,M,Battery,0,0,,1,Medium,0
Male,25 - 45,Native American,0,0,0,2.0,-1.0,M,Aggravated Battery / Pregnant,1,0,Driving License Suspended,2,Low,0
Male,Greater than 45,Other,0,0,0,5.0,-1.0,F,Driving While License Revoked,1,0,Resist/Obstruct W/O Violence,5,Low,1
Male,Less than 25,Native American,0,0,0,0.0,-1.0,F,Uttering a Forged Instrument,1,0,,0,Low,1
Female,Greater than 45,Caucasian,0,0,0,0.0,-2.0,F,Grand Theft in the 3rd Degree,1,0,,0,Medium,1
Male,Greater than 45,Native American,0,0,0,0.0,-1.0,F,Grand Theft in the 3rd Degree,1,0,Resist/Obstruct W/O Violence,0,Low,1
Male,25 - 45,African-American,0,0,0,8.0,-1.0,M,Battery,0,0,,8,Medium,0
Female,25 - 45,Native American,0,0,0,0.0,-1.0,M,Aggravated Battery / Pregnant,0,0,,0,Low,0
Male,Greater than 45,Caucasian,0,0,0,3.0,-1.0,F,Deliver Cocaine,0,0,,3,Low,0
Female,Greater than 45,Hispanic,0,0,0,2.0,-1.0,F,Felony Driving While Lic Suspd,0,0,,2,Low,0
Male,25 - 45,Native American,0,1,0,10.0,-1.0,M,Fabricating Physical Evidence,0,0,,10,Medium,0
Male,Less than 25,Native American,0,0,1,0.0,0.0,M,Unlaw Use False Name/Identity,0,0,Resist/Obstruct W/O Violence,0,High,1
Male,25 - 45,Caucasian,0,0,0,1.0,-1.0,M,Battery,0,0,,1,Low,0
Female,25 - 45,African-American,0,0,0,3.0,-1.0,M,Susp Drivers Lic 1st Offense,0,0,,3,Medium,0
Female,Less than 25,Asian,0,0,0,0.0,0.0,M,Battery,0,0,,0,Low,0
Male,Less than 25,Native American,0,0,0,0.0,-1.0,F,Pos Cannabis W/Intent Sel/Del,0,0,,0,Low,0
Male,25 - 45,Caucasian,0,0,0,1.0,-21.243500795874304,F,Agg Fleeing and Eluding,0,0,,1,Low,0
Male,Less than 25,Hispanic,0,0,2,1.0,-8.651464522379843,F,arrest case no charge,0,0,,1,High,0
Male,25 - 45,Hispanic,0,0,0,0.0,-1.0,M,Battery,0,0,,0,Low,0
Male,25 - 45,African-American,1,3,0,27.8999170726844,-1.0,M,False Imprisonment,1,1,Resist Officer w/Violence,21,High,1
Male,Greater than 45,Other,0,0,0,6.0,-1.0,F,Possession of Cocaine,1,0,Possession Of Heroin,6,Low,1
Male,Greater than 45,Asian,0,0,0,0.0,-1.0,M,Battery,0,0,,0,Low,0
Female,Less than 25,Other,0,0,0,0.0,-1.0,M,Battery,0,0,,0,Low,0
Male,Greater than 45,Native American,0,0,0,6.0,-1.0,F,Crimin Mischief Damage $1000+,1,0,Driving License Suspended,6,High,1
Female,Less than 25,Asian,0,0,0,0.0,-2.0,F,Grand Theft in the 3rd Degree,0,0,,0,Medium,0
Male,25 - 45,Asian,0,0,0,1.0,0.0,F,Possession Of Alprazolam,1,0,Driving License Suspended,1,Low,1
Female,Less than 25,African-American,0,0,0,0.0,-1.0,M,Battery,0,0,,0,Low,0
Male,25 - 45,Caucasian,0,0,0,0.0,-1.0,F,Possession Burglary Tools,1,0,Possession Of Heroin,0,Low,1
Female,25 - 45,Native American,0,0,0,1.0,-1.0,M,Battery,1,0,,1,Medium,0
Female,25 - 45,Other,0,0,1,2.0,0.0,F,Grand Theft in the 3rd Degree,1,0,Resist/Obstruct W/O Violence,3,Medium,1
Male,25 - 45,African-American,0,0,0,3.0,0.0,F,arrest case no charge,1,0,Driving License Suspended,3,Medium,1
Female,Greater than 45,Caucasian,0,0,0,1.0,-26.0,M,Leaving Acc/Unattended Veh,0,0,,1,Low,0
Male,25 - 45,Asian,0,0,2,14.0,0.0,F,Grand Theft (Motor Vehicle),1,0,Possession Of Heroin,13,High,1
Male,25 - 45,Hispanic,0,0,0,5.0,-1.0,F,Grand Theft in the 3rd Degree,1,0,Driving License Suspended,5,Medium,1
Male,25 - 45,Native American,0,0,0,9.0,0.0,M,arrest case no charge,0,0,Driving License Suspended,9,Low,1
Male,Greater than 45,Asian,0,0,0,12.0,0.0,F,Driving While License Revoked,1,0,Possession Of Heroin,12,Low,1
Male,25 - 45,African-American,0,0,0,7.0,-1.0,F,Driving While License Revoked,0,0,,7,Medium,0
Female,Less than 25,Hispanic,0,0,0,0.0,-1.0,M,Battery,0,0,,0,Medium,0
Male,25 - 45,Native American,0,0,0,3.0,0.0,M,Trespass Struct/Conveyance,0,0,,3,Medium,0
Male,Greater than 45,African-American,0,0,0,2.0,0.0,F,Possession of Cocaine,0,0,,2,Low,0
Male,Greater than 45,Other,0,0,0,0.0,0.0,M,Battery,0,0,,0,Low,0
Female,Greater than 45,Native American,0,0,0,1.0,-25.0,M,Battery,0,0,,1,Low,0
Male,Greater than 45,Caucasian,0,0,0,6.0,21.66410296777123,F,Driving While License Revoked,1,0,Driving License Suspended,6,Low,1
Female,25 - 45,Caucasian,0,0,0,0.0,-1.0,M,Battery,0,0,,0,Low,0
Male,25 - 45,Native American,0,0,0,0.0,0.0,M,Battery,0,0,,0,Low,0
Male,25 - 45,Hispanic,0,0,0,2.0,-1.0,M,Battery,1,1,Robbery W/Firearm,2,Low,1
Male,Less than 25,Caucasian,0,0,0,0.0,-2.0,F,Possession of Cocaine,0,0,,0,Low,0
Male,25 - 45,Other,0,0,0,9.0,-8.886612160955671,F,arrest case no charge,1,0,Driving License Suspended,9,High,1
Male,Greater than 45,Hispanic,0,0,0,0.0,-1.0,M,DUI Property Damage/Injury,0,0,,0,Low,0
Female,Less than 25,Native American,0,0,0,1.0,0.0,M,Battery,1,0,Driving License Suspended,1,Low,1
Female,25 - 45,Caucasian,0,0,0,2.0,-1.0,F,Uttering a Forged Instrument,1,0,Resist/Obstruct W/O Violence,2,Medium,1
Female,Less than 25,Hispanic,0,0,0,1.0,-1.0,F,arrest case no charge,1,0,Driving License Suspended,1,Medium,0
Male,Less than 25,Asian,0,0,0,0.0,0.0,M,Viol Injunct Domestic Violence,0,0,,0,Low,0
Male,25 - 45,Asian,0,0,0,0.0,-2.0,F,Poss Oxycodone W/Int/Sell/Del,0,0,,0,Low,0
Female,25 - 45,African-American,0,0,0,1.0,-1.0,M,Battery,0,0,,1,Low,0
Male,25 - 45,Native American,0,0,0,0.0,-1.0,M,Aggravated Assault W/dead Weap,0,0,,0,Low,0
Female,Greater than 45,Other,0,0,0,4.0,-1.0,M,Battery,0,0,,4,Medium,0
Female,Greater than 45,Other,0,0,0,2.0,-1.0,M,Viol Injunct Domestic Violence,0,0,,2,Low,0
Male,25 - 45,African-American,0,0,0,2.0,-1.0,F,Resist Officer w/Violence,1,0,Driving License Suspended,2,Low,1
Male,Less than 25,Caucasian,0,3,0,7.0,-12.028261916519838,F,arrest case no charge,1,0,Driving License Suspended,7,High,1
Female,25 - 45,Asian,0,0,0,3.5470392423025876,0.0,F,Possession of Cocaine,1,0,,4,Medium,1
Male,Less than 25,African-American,0,0,0,0.0,-1.0,F,Corrupt Public Servant,1,0,Driving License Suspended,0,Low,1
Male,25 - 45,Asian,0,0,0,1.0,-1.0,M,Susp Drivers Lic 1st Offense,0,0,,1,Medium,0
Male,25 - 45,Other,0,0,0,0.0,-1.0,F,Felony Battery (Dom Strang),0,0,,0,Low,0
Male,Greater than 45,Asian,0,0,0,2.0,-1.0,F,Felony/Driving Under Influence,1,0,Possession Of Heroin,2,Low,1
Male,25 - 45,Other,0,0,0,2.0,-1.0,F,Grand Theft in the 3rd Degree,0,0,,2,Low,0
Male,Less than 25,Other,0,0,0,0.0,-1.0,M,Battery,0,0,,0,Low,0
Female,Greater than 45,Caucasian,0,0,0,3.0,0.0,F,Possession of Cocaine,1,0,Driving License Suspended,3,Low,1
Male,25 - 45,African-American,0,0,0,0.0,-1.0,M,Battery,1,1,Aggrav Battery w/Deadly Weapon,0,High,1
Female,25 - 45,African-American,0,0,0,4.0,-14.0,F,arrest case no charge,0,0,,4,Low,0
Male,25 - 45,African-American,0,1,0,6.0,-1.0,F,arrest case no charge,1,0,Driving License Suspended,6,Low,1
Male,25 - 45,Caucasian,0,0,0,0.0,-1.0,M,Battery,1,1,Battery,0,Low,1
Male,25 - 45,Caucasian,0,0,0,2.0,-1.0,F,Aggravated Assault W/Dead Weap,1,1,Aggrav Battery w/Deadly Weapon,2,High,1
Male,Less than 25,Asian,0,0,3,0.0,-1.0,F,Possession of Butylone,1,0,Resist/Obstruct W/O Violence,0,Medium,1
Male,Greater than 45,Hispanic,0,0,0,0.0,0.0,F,DUI Property Damage/Injury,1,0,Driving License Suspended,0,Low,1
Male,Greater than 45,Other,0,0,0,7.0,-1.0,F,Possession of Cocaine,1,0,Driving License Suspended,7,Medium,1
Male,Greater than 45,Asian,0,0,0,0.0,-1.0,F,Driving While License Revoked,0,0,,0,Medium,0
Male,25 - 45,Native American,1,0,0,6.0,0.0,F,Possession of Cocaine,1,0,,6,High,1
Male,25 - 45,African-American,0,0,0,6.0,-1.0,F,Felony Driving While Lic Suspd,1,1,Fraudulent Use Credit Card,6,Medium,1
Male,25 - 45,African-American,0,0,0,2.0,0.0,F,Driving While License Revoked,1,1,Battery,2,Medium,1
Male,25 - 45,Caucasian,0,0,0,3.0,-1.0,F,Possession of Cocaine,1,1,Battery,3,Medium,1
Male,25 - 45,Caucasian,0,0,0,2.0,-1.0,F,arrest case no charge,0,0,,2,Low,0
Female,25 - 45,African-American,0,0,0,0.0,-1.0,F,Aggravated Assault W/Dead Weap,1,0,,0,Low,0
Male,Less than 25,Native American,0,0,0,0.0,0.0,F,"Poss3,4 Methylenedioxymethcath",0,0,,0,Medium,0
Male,25 - 45,African-American,0,2,0,17.0,-1.0,F,arrest case no charge,1,0,Possession Of Heroin,17,High,1
Male,25 - 45,Hispanic,0,0,0,4.0,-1.0,M,Exposes Culpable Negligence,1,0,,4,Medium,1
Female,25 - 45,Other,0,0,0,0.0,-1.0,F,Poss Contr Subst W/o Prescript,0,0,,0,Low,0
Male,25 - 45,African-American,0,5,4,16.94632743448227,-1.0,F,arrest case no charge,1,0,Obstruct Fire Equipment,16,High,1
Male,Less than 25,Caucasian,0,0,0,2.0,-1.0,M,Obstruct Fire Equipment,0,0,,2,Low,0
Female,25 - 45,African-American,0,0,0,1.0,-1.0,F,Grand Theft (Motor Vehicle),0,0,,1,Low,0
Male,25 - 45,Native American,0,0,0,0.0,-1.0,F,Kidnapping / Domestic Violence,1,0,,0,Low,0
Male,Greater than 45,African-American,0,0,1,7.915116902125222,-1.0,F,Possession of Cocaine,1,0,,8,High,1
Male,Less than 25,Asian,0,0,0,0.0,-1.0,F,Burglary Conveyance Unoccup,1,0,Resist/Obstruct W/O Violence,0,Medium,1
Male,Greater than 45,Caucasian,0,0,0,3.0,0.0,M,Battery,0,0,,3,Low,1
Male,25 - 45,Native American,0,0,0,1.0,-1.0,F,Deliver Cannabis,0,0,,1,Low,0
Male,25 - 45,Caucasian,3,0,0,4.0,0.0,F,Aggrav Battery w/Deadly Weapon,0,0,Driving License Suspended,4,Low,1
Male,Greater than 45,Native American,0,0,0,7.0,-1.0,F,Poss/pur/sell/deliver Cocaine,1,0,Possession Of Heroin,7,High,1
Female,25 - 45,Asian,0,1,0,4.0,-1.0,F,arrest case no charge,0,0,,4,Low,0
Male,25 - 45,Other,0,0,0,6.0,-1.0,F,arrest case no charge,1,1,Grand Theft (Motor Vehicle),6,High,1
Male,25 - 45,African-American,0,0,0,1.0,-1.0,M,Possession of Codeine,0,0,,1,Low,0
Male,Greater than 45,Native American,0,0,0,1.0,0.0,M,Battery,0,0,,1,Medium,0
Male,25 - 45,Hispanic,0,0,0,1.0,-2.0,F,Throw Deadly Missile Into Veh,0,0,,1,Low,0
Female,Less than 25,African-American,0,0,0,0.0,-1.0,M,Assault,1,1,Resist/Obstruct W/O Violence,0,High,0
Male,Greater than 45,Hispanic,0,0,0,1.0,-1.0,F,Tampering With Physical Evidence,0,0,,1,Low,0
Male,Greater than 45,Other,0,0,0,3.0,0.0,F,Possession of Cocaine,0,0,,3,Low,0
Male,25 - 45,Asian,0,0,0,0.0,-2.0,M,Voyeurism,1,0,,0,Low,1
Male,25 - 45,African-American,0,0,0,0.0,-1.0,F,Driving While License Revoked,0,0,,0,High,0
Male,Less than 25,African-American,0,0,0,1.0,-1.0,M,Uttering a Forged Instrument,1,1,Tampering With Physical Evidence,1,High,1
Male,Less than 25,Native American,0,0,1,1.0,-1.0,F,Poss Contr Subst W/o Prescript,0,0,,1,Medium,0
Male,Less than 25,African-American,0,5,1,15.0,-1.0,F,Lewdness Violation,1,1,Resist Officer w/Violence,15,High,1
Male,25 - 45,Hispanic,0,0,0,1.0,-1.0,F,Aggravated Assault W/dead Weap,0,0,,1,Low,0
Male,25 - 45,Native American,0,0,0,7.0,0.0,F,Fleeing Or Attmp Eluding A Leo,1,1,Tampering With Physical Evidence,7,High,0
Male,25 - 45,Other,0,0,0,5.0,-1.0,F,Resist Officer w/Violence,0,0,,5,Medium,0
Male,Greater than 45,Other,0,0,0,0.0,0.0,M,Battery,0,0,,0,Low,0
Male,25 - 45,Other,0,0,0,0.0,-1.0,F,Introduce Contraband Into Jail,0,1,Robbery / No Weapon,0,High,1
Male,25 - 45,Native American,0,0,0,3.0,-1.0,F,Grand Theft in the 3rd Degree,1,1,Battery,3,High,1
Female,25 - 45,Asian,0,0,0,0.0,0.0,M,Battery,0,0,,0,Low,0
Male,25 - 45,Other,0,0,0,0.0,-1.0,F,Felony Battery (Dom Strang),0,0,,0,Low,0
Male,Less than 25,Caucasian,0,0,3,3.0,-1.0,M,Battery,1,1,Battery,3,Medium,1
Male,Less than 25,Asian,0,0,0,3.0,-1.0,F,Battery on a Person Over 65,1,1,Battery,3,Medium,0
Male,Greater than 45,Other,0,0,0,0.0,-1.0,M,arrest case no charge,1,0,Possession of Cannabis,0,Low,1
Female,Greater than 45,Other,0,0,0,0.0,-1.0,F,Grand Theft (Motor Vehicle),0,0,Driving License Suspended,0,Low,0
Male,25 - 45,Native American,0,0,0,2.0,-1.0,F,Resist Officer w/Violence,0,0,,2,Medium,0
Male,25 - 45,Other,0,0,0,0.0,-1.0,F,Driving While License Revoked,0,0,,0,Medium,0
Female,25 - 45,Native American,0,0,0,1.0,-1.0,M,Battery,1,0,Driving License Suspended,1,Medium,1
Male,25 - 45,Asian,0,0,0,0.0,-1.0,F,Grand Theft in the 3rd Degree,1,0,Resist/Obstruct W/O Violence,0,High,1
Male,Less than 25,Hispanic,0,0,0,22.0,0.0,F,Possession of Cocaine,1,0,Resist/Obstruct W/O Violence,22,High,1
Male,25 - 45,Hispanic,0,0,0,6.0,-1.0,M,Battery,1,0,Driving License Suspended,6,Medium,1
Male,Less than 25,African-American,1,0,0,4.0,-1.0,F,arrest case no charge,0,0,,4,High,0
Male,25 - 45,Other,0,0,0,13.96443267808901,-1.0,F,arrest case no charge,1,0,Possession Of Heroin,13,High,1
Male,Greater than 45,Native American,0,0,0,10.0,-1.0,M,Resist/Obstruct W/O Violence,1,0,,11,Low,1
Male,25 - 45,African-American,0,0,0,0.0,-1.0,F,Felony Driving While Lic Suspd,1,0,,0,Low,0
Male,25 - 45,African-American,0,1,0,6.0,-8.0,M,arrest case no charge,0,0,,6,Medium,0
Female,Less than 25,Native American,0,1,0,0.0,-1.0,M,Viol Pretrial Release Dom Viol,1,0,Possession of Cocaine,0,Medium,1
Male,Greater than 45,African-American,0,0,0,8.0,-1.0,M,Possession of Oxycodone,0,0,,8,Medium,0
Male,25 - 45,African-American,0,0,0,0.0,0.0,F,Driving While License Revoked,0,0,,0,Low,0
Male,25 - 45,Native American,0,1,0,2.0,-1.0,F,Aggravated Assault W/dead Weap,1,0,Driving License Suspended,2,Medium,1
Male,Less than 25,Other,0,0,0,1.0,-1.0,M,Grand Theft in the 3rd Degree,1,1,Aggravated Battery / Pregnant,1,Medium,1
Male,25 - 45,Caucasian,0,0,0,0.0,0.0,F,Crimin Mischief Damage $1000+,0,0,,0,Low,0
Male,Less than 25,Asian,0,0,0,0.0,0.0,F,Grand Theft in the 3rd Degree,0,0,,0,Low,0
Male,25 - 45,Other,0,0,0,5.0,-1.0,F,arrest case no charge,1,1,Battery,5,Medium,1
Male,Less than 25,Caucasian,0,0,0,0.0,-1.0,M,Battery,0,0,,0,Medium,0
Male,25 - 45,Other,0,0,0,2.0,-1.0,F,arrest case no charge,1,0,,2,Low,1
Male,Less than 25,Other,0,0,0,1.0,-1.0,F,Grand Theft (Motor Vehicle),1,0,,1,High,1
Female,Less than 25,Other,0,0,0,0.0,-1.0,F,Uttering a Forged Instrument,0,1,Assault,0,Low,1
Female,25 - 45,Hispanic,0,0,0,0.0,0.0,F,Agg Battery Grt/Bod/Harm,0,0,,0,Low,0
Male,25 - 45,African-American,0,0,0,2.0,-1.0,F,Possession of Cocaine,1,0,,2,Medium,1
Male,Less than 25,Caucasian,0,0,3,0.0,-1.0,M,DUI Property Damage/Injury,0,0,,0,Medium,0
Male,25 - 45,Hispanic,0,0,0,0.0,0.0,F,Possession of Cocaine,1,1,Robbery / No Weapon,0,High,1
Female,25 - 45,Caucasian,0,0,0,1.0,0.0,M,Battery,0,0,,1,Low,0
Male,Less than 25,Other,0,0,0,0.0,-1.0,F,Resist Officer w/Violence,0,0,,0,Low,0
Male,Less than 25,Caucasian,0,0,1,0.0,-1.0,F,Grand Theft in the 3rd Degree,0,0,,0,Low,0
Male,25 - 45,Hispanic,0,0,0,1.0,-10.0,M,Battery,0,0,,1,Low,0
Male,25 - 45,Other,0,0,0,2.0,-8.0,F,Possession of Cocaine,0,0,,2,Low,0
Male,25 - 45,Asian,0,4,0,36.89727650462943,-1.0,M,arrest case no charge,1,1,Resist Officer w/Violence,37,Medium,1
Male,Greater than 45,African-American,0,0,0,3.0,0.0,M,Viol Pretrial Release Dom Viol,0,0,,3,Low,0
Female,Greater than 45,Native American,0,0,0,1.0,-4.0,F,Driving While License Revoked,0,0,,1,Low,0
Male,Greater than 45,Hispanic,0,0,0,1.0,-1.0,M,Battery,0,0,,1,Low,0
Male,Greater than 45,African-American,0,0,0,1.0,-1.0,F,arrest case no charge,0,0,,1,Low,0
Female,25 - 45,Native American,0,0,0,0.0,-1.0,M,Battery,0,0,,0,Low,0
Male,25 - 45,African-American,1,0,2,8.0,-1.0,F,Possession of Cocaine,1,0,Unlaw LicTag/Sticker Attach,8,Medium,1
Female,25 - 45,African-American,0,0,0,3.0,-1.0,M,Battery,1,0,Driving License Suspended,3,Medium,1
Male,25 - 45,Other,0,0,0,0.0,-1.0,M,Battery,0,0,,0,Low,0
Male,25 - 45,Hispanic,0,0,0,5.0,0.0,M,Criminal Mischief Damage <$200,1,0,Driving License Suspended,5,Low,1
Male,Less than 25,African-American,0,0,0,3.0,-1.0,F,Uttering a Forged Instrument,1,1,Viol Pretrial Release Dom Viol,3,High,1
Male,Greater than 45,Hispanic,0,0,0,6.0,-1.0,F,Burglary Dwelling Assault/Batt,1,1,Robbery / No Weapon,6,Low,1
Male,Greater than 45,Caucasian,0,0,0,2.0,-1.0,M,DUI Property Damage/Injury,0,0,,2,Low,0
Female,25 - 45,Caucasian,0,0,0,7.0,-8.0,F,arrest case no charge,1,0,Driving License Suspended,6,Medium,1
Male,25 - 45,Asian,0,0,0,2.0,0.0,M,Battery,1,0,,2,Low,0
Male,Less than 25,African-American,0,0,0,0.0,0.0,F,Pos Cannabis W/Intent Sel/Del,0,0,Possession Of Heroin,0,Low,0
Male,25 - 45,Native American,0,0,2,9.0,-27.914890263751026,M,Battery,1,1,Petit Theft,9,Medium,1
Male,25 - 45,Hispanic,0,0,0,4.0,-1.0,F,Burglary Dwelling Occupied,1,0,Driving License Suspended,4,Low,1
Male,25 - 45,Hispanic,0,0,0,8.0,-2.0,F,Possession of Hydrocodone,0,0,,8,Medium,0
Male,Less than 25,Asian,0,0,0,7.0,0.0,F,arrest case no charge,1,0,Driving License Suspended,8,High,0
Female,25 - 45,African-American,0,0,3,9.0,-1.0,M,Petit Theft $100- $300,1,0,,9,High,1
Male,25 - 45,African-American,0,0,0,0.0,0.0,F,Att Burgl Conv Occp,0,0,,0,Low,0
Male,25 - 45,Native American,0,0,0,7.0,-1.0,F,Aggravated Battery / Pregnant,1,0,Driving License Suspended,7,High,1
Male,25 - 45,Caucasian,0,0,1,11.0,-1.0,F,Possession of Cocaine,1,0,Possession Of Heroin,11,High,1
Male,Less than 25,Caucasian,0,0,0,4.0,-1.0,M,Battery,0,0,,4,High,0
Male,Greater than 45,Native American,0,0,0,4.0,-1.0,M,Alcoholic Beverage Violation-FL,1,0,Driving License Suspended,4,High,1
Male,Greater than 45,African-American,0,0,0,4.0,-1.0,F,Driving While License Revoked,1,0,,4,Low,1
Male,25 - 45,Hispanic,0,0,0,0.0,-2.0,M,Resist/Obstruct W/O Violence,1,0,Possession Of Heroin,0,Low,1
Male,25 - 45,African-American,0,0,0,9.0,0.0,F,Deliver Cocaine,1,0,Resist/Obstruct W/O Violence,9,Medium,1
Female,Less than 25,Asian,0,0,0,3.0,-1.0,M,Misuse Of 911 Or E911 System,1,0,Resist/Obstruct W/O Violence,3,Medium,1
Male,Less than 25,African-American,0,1,0,1.0,-1.0,F,Burglary Dwelling Occupied,0,0,,1,Medium,0
Male,25 - 45,African-American,0,0,0,9.644491913976186,-1.0,F,Driving While License Revoked,1,0,Driving License Suspended,10,High,1
Female,25 - 45,Asian,0,0,0,1.0,-1.0,F,Aggrav Battery w/Deadly Weapon,0,0,Driving License Suspended,1,Medium,0
Male,25 - 45,Asian,0,0,0,24.153443972468263,28.682231333895245,F,arrest case no charge,1,0,Possession Of Heroin,24,High,1
Male,Less than 25,Hispanic,2,0,0,2.0,-2.0,F,arrest case no charge,1,0,DUI- Enhanced,2,High,1
Male,Less than 25,Caucasian,0,0,0,0.0,0.0,F,"Deliver 3,4 Methylenediox",0,0,,0,Medium,0
Male,Greater than 45,Hispanic,0,0,0,2.0,-1.0,F,Grand Theft (Motor Vehicle),0,0,,2,Low,0
Male,25 - 45,Other,0,0,0,13.811319664811064,0.0,F,Possession of Cocaine,1,0,Possession Of Heroin,13,Medium,1
Male,25 - 45,African-American,0,0,0,21.94243090287795,-1.0,F,Driving While License Revoked,1,0,Driving License Suspended,22,Medium,1
Male,25 - 45,Native American,0,0,0,1.0,-1.0,F,arrest case no charge,0,0,,1,Low,0
Male,25 - 45,Native American,0,1,0,5.0,-10.0,F,arrest case no charge,0,0,,5,Low,0
Female,Greater than 45,Caucasian,0,0,0,3.0,-1.0,F,Poss Contr Subst W/o Prescript,0,0,,3,Medium,0
Female,Greater than 45,African-American,0,0,0,1.0,-1.0,M,Aggravated Assault W/Dead Weap,0,0,,1,Low,0
Male,25 - 45,African-American,0,0,0,7.0,-1.0,F,arrest case no charge,0,0,,7,Low,0
Male,Greater than 45,Hispanic,0,0,0,1.0,-2.0,F,Carry Open/Uncov Bev In Pub,0,0,,1,Low,0
Male,25 - 45,Asian,0,0,0,5.0,0.0,F,Driving While License Revoked,0,0,,5,Low,0
Male,Greater than 45,African-American,0,0,0,0.0,-1.0,F,Possession of Cocaine,1,0,Driving License Suspended,0,Low,1
Male,Less than 25,Asian,0,0,0,0.0,-1.0,F,Burglary Conveyance Unoccup,1,0,Possession of Cocaine,0,Low,1
Male,25 - 45,Hispanic,0,1,0,3.0,0.0,F,Grand Theft in the 3rd Degree,1,0,Unlaw Use False Name/Identity,3,Low,1
Male,Greater than 45,Caucasian,0,0,0,0.0,-1.0,M,Alcoholic Beverage Violation-FL,0,0,,0,Low,0
Female,Less than 25,Asian,0,0,0,1.0,-12.0,M,Trespass Struct/Conveyance,1,0,Possession Of Heroin,1,Low,1
Female,Greater than 45,Caucasian,0,0,0,5.0,-1.0,M,DUI - Enhanced,0,0,,5,Low,0
Male,Less than 25,Native American,0,0,1,0.0,0.0,F,Possession Burglary Tools,1,0,Resist/Obstruct W/O Violence,0,High,1
Male,25 - 45,African-American,0,0,0,1.0,-1.0,F,arrest case no charge,0,0,,1,Low,0
Male,Less than 25,Asian,0,0,0,0.0,-1.0,M,Battery,0,0,,0,Medium,0
Male,Greater than 45,Caucasian,0,0,0,0.0,-3.0,M,Poss Pyrrolidinobutiophenone,0,0,,0,Low,0
Male,25 - 45,Caucasian,0,0,2,6.0,0.0,M,Lease For Purpose Trafficking,0,0,,6,Medium,0
Male,25 - 45,Asian,0,0,0,9.0,-1.0,F,False Motor Veh Insurance Card,0,0,,9,Medium,0
Male,25 - 45,Asian,0,0,1,4.0,-1.0,F,arrest case no charge,1,1,Felony Petit Theft,4,Low,1
Male,25 - 45,Caucasian,0,0,0,0.0,-1.0,F,Voyeurism,1,0,,0,High,1
Male,25 - 45,Asian,0,0,0,21.801730267282757,-29.0,F,Driving While License Revoked,0,0,,21,High,0
Male,25 - 45,African-American,0,0,0,8.0,-1.0,M,Possess Cannabis/20 Grams Or Less,1,1,Aggrav Battery w/Deadly Weapon,8,High,1
Female,25 - 45,African-American,0,0,0,5.0,-10.0,F,arrest case no charge,1,0,Possession Of Heroin,5,Low,1
Male,25 - 45,Hispanic,0,0,1,2.0,-1.0,M,Exposes Culpable Negligence,0,0,,2,Low,0
Male,25 - 45,African-American,0,0,0,7.0,-1.0,F,Driving While License Revoked,0,0,,7,Low,0
Male,Greater than 45,Hispanic,0,0,0,0.0,-1.0,F,Battery on a Person Over 65,0,0,,0,Low,0
Male,25 - 45,Caucasian,0,0,0,3.0,-1.0,M,Battery,0,0,,3,Low,0
Male,25 - 45,Native American,0,0,0,1.0,0.0,F,Robbery Sudd Snatch No Weapon,0,0,,1,Low,0
Male,Greater than 45,Hispanic,0,0,1,1.0,0.0,F,Possession of Cocaine,1,0,Unlaw LicTag/Sticker Attach,1,High,1
Male,Less than 25,Asian,0,0,0,0.0,-1.0,F,Grand Theft (Motor Vehicle),0,0,,0,Medium,0
Male,25 - 45,Native American,0,0,0,5.0,-1.0,F,Aggravated Battery / Pregnant,0,0,,5,Medium,0
Male,25 - 45,Caucasian,0,0,0,1.0,-3.0,M,Agg Fleeing and Eluding,0,0,,1,Low,0
Female,Greater than 45,Native American,0,0,0,0.0,-1.0,F,Grand Theft in the 3rd Degree,0,0,,0,Low,0
Male,Less than 25,Other,0,2,0,7.0,0.0,F,Carrying Concealed Firearm,0,1,Resist/Obstruct W/O Violence,7,Medium,1
Male,25 - 45,Caucasian,1,0,0,10.0,0.0,F,Burglary Structure Unoccup,1,1,Throw Deadly Missile Into Veh,9,Low,1
Male,Greater than 45,Hispanic,0,0,0,1.0,-1.0,M,Battery,0,0,,1,Low,0
Male,Less than 25,Asian,0,1,2,1.0,-1.0,F,Pos Cannabis W/Intent Sel/Del,0,0,,1,Medium,0
Male,25 - 45,Caucasian,0,0,0,6.0,0.0,M,arrest case no charge,1,0,,6,Low,1
Male,Greater than 45,Caucasian,0,0,0,1.0,-1.0,F,arrest case no charge,1,0,,1,Low,1
Female,Greater than 45,Caucasian,0,0,0,6.0,-1.0,M,Possession of Cocaine,1,0,Driving License Suspended,6,Medium,1
Female,25 - 45,Other,0,0,0,0.0,-1.0,M,Battery,0,0,,0,Low,0
Male,Less than 25,Asian,0,0,0,3.0,-1.0,M,Viol Injunct Domestic Violence,1,0,Resist/Obstruct W/O Violence,3,Low,1
Male,Less than 25,Other,0,0,1,1.0,-1.0,F,Poss Cocaine/Intent To Del/Sel,0,0,,1,Medium,0
Male,25 - 45,African-American,0,0,0,28.635883683139774,-1.0,F,Poss Contr Subst W/o Prescript,1,0,Driving License Suspended,28,High,1
Male,Less than 25,Native American,0,0,0,2.0,-1.0,F,arrest case no charge,0,0,,2,Low,0
Male,25 - 45,Other,0,0,0,0.0,-1.0,F,Tamper With Witness/Victim/CI,1,0,Driving License Suspended,0,Low,1
Male,Less than 25,African-American,0,1,0,3.0,-11.0,F,arrest case no charge,1,1,Battery on a Person Over 65,3,Medium,1
Male,Less than 25,Caucasian,0,0,0,0.0,-2.0,M,Battery,1,0,,0,High,1
Male,25 - 45,African-American,0,1,1,7.0,-1.0,M,arrest case no charge,1,0,Operating W/O Valid License,7,Medium,1
Male,25 - 45,Hispanic,0,0,0,3.0,-1.0,F,Unl/Disturb Education/Instui,1,0,Resist/Obstruct W/O Violence,3,Medium,1
Male,25 - 45,Hispanic,0,0,0,9.0,-1.0,F,Deliver Cocaine,0,0,,9,Medium,0
Male,Less than 25,Hispanic,1,0,0,6.0,-1.0,F,"Deliver 3,4 Methylenediox",1,0,,6,High,1
Male,25 - 45,Caucasian,0,0,0,3.0,0.0,F,Possession of Cocaine,0,0,,3,Low,0
Female,Greater than 45,Hispanic,0,0,0,7.0,-1.0,M,Battery,0,0,,7,High,0
Male,Greater than 45,Asian,0,0,0,5.0,-1.0,F,Possession of Cocaine,0,0,,5,Low,0
Male,Greater than 45,Hispanic,0,0,0,2.0,-5.456120968558576,F,arrest case no charge,0,0,,2,Low,0
Male,25 - 45,Native American,0,0,0,5.0,-28.094375973328372,F,arrest case no charge,1,1,Carrying A Concealed Weapon,5,High,1
Male,25 - 45,African-American,0,0,0,0.0,-4.0,F,Battery,0,0,,0,Medium,0
Male,Greater than 45,Asian,0,0,0,10.0,0.0,F,arrest case no charge,1,0,Possession Of Heroin,10,High,1
Male,Less than 25,Native American,0,0,3,8.0,-1.0,F,Grand Theft (Motor Vehicle),1,0,Susp Drivers Lic 1st Offense,8,High,1
Female,Less than 25,Other,0,0,0,0.0,-1.0,M,Battery,0,0,,0,Medium,0
Male,Less than 25,Hispanic,0,0,0,6.0,-1.0,M,Viol Injunct Domestic Violence,1,0,Driving License Suspended,6,Medium,1
Male,Less than 25,Asian,0,0,0,3.0,-1.0,F,Pos Cannabis W/Intent Sel/Del,0,0,Possession Of Heroin,3,High,0
Female,Greater than 45,Native American,0,0,0,0.0,0.0,M,Aggravated Assault W/dead Weap,0,0,,0,Low,0
Female,Less than 25,Native American,0,1,0,1.0,-1.0,M,Burglary Unoccupied Dwelling,1,0,Carrying Concealed Firearm,1,Low,1
Female,Greater than 45,African-American,0,0,0,23.476611936574322,21.799946455560274,F,Felony Petit Theft,0,0,,23,High,0
Female,Less than 25,Native American,0,0,0,0.0,0.0,F,Neglect Child / No Bodily Harm,0,0,,0,Medium,0
Male,Greater than 45,Asian,0,0,0,0.0,-1.0,M,Battery,0,0,,0,Low,0
Male,25 - 45,Caucasian,0,0,0,0.0,-1.0,F,Lve/Scen/Acc/Veh/Prop/Damage,0,0,,0,Low,0
Male,25 - 45,Caucasian,0,0,0,1.0,-1.0,F,Felony/Driving Under Influence,1,1,Battery,1,Low,0
Male,25 - 45,Caucasian,0,0,0,1.0,-1.0,F,arrest case no charge,0,0,,1,Low,0
Male,Less than 25,African-American,0,0,0,0.0,-1.0,M,Battery,1,1,Resist/Obstruct W/O Violence,0,High,1
Male,25 - 45,African-American,0,0,0,2.0,0.0,F,arrest case no charge,0,0,,2,High,0
Male,Greater than 45,Caucasian,0,0,0,7.0,-26.0,M,Felony Battery w/Prior Convict,1,0,Resist/Obstruct W/O Violence,8,Low,1
Male,Greater than 45,Other,0,0,0,3.0,-1.0,F,Aggrav Stalking After Injunctn,0,0,,3,Low,0
Male,25 - 45,Native American,0,0,0,2.0,-1.0,M,Assault,0,0,,2,Medium,0
Male,25 - 45,African-American,0,0,0,3.0,-1.0,M,Battery,0,0,,3,Low,0
Female,25 - 45,Asian,0,0,0,1.0,-14.0,F,Possession of Cocaine,0,0,,1,Medium,0
Female,25 - 45,Asian,0,2,0,9.0,-3.0,F,Uttering a Forged Instrument,0,0,,9,High,0
Male,Greater than 45,Caucasian,0,0,0,2.0,-1.0,F,Possession of Oxycodone,0,0,,2,Low,1
Male,25 - 45,Native American,0,0,0,0.0,-2.0,F,Possession of Cocaine,0,0,,0,Low,0
Male,Greater than 45,Caucasian,0,0,0,2.0,-1.0,M,Battery,0,0,,2,Low,0
Male,25 - 45,Hispanic,0,0,0,0.0,0.0,F,"Poss 3,4 MDMA (Ecstasy)",0,0,Driving License Suspended,0,Low,0
Male,25 - 45,Native American,0,0,0,3.0,-1.0,M,Alcoholic Beverage Violation-FL,1,0,Resist/Obstruct W/O Violence,3,High,0
Male,25 - 45,Caucasian,0,0,0,0.0,0.0,M,Battery,0,0,,0,Low,0
Male,25 - 45,African-American,0,0,0,20.61099331772648,0.0,F,Poss Pyrrolidinovalerophenone,1,0,,20,Medium,1
Male,25 - 45,Caucasian,0,0,0,6.0,-1.0,F,Driving License Suspended,1,0,Driving License Suspended,6,Medium,1
Male,Greater than 45,Asian,0,0,0,0.0,-1.0,M,Battery,0,0,,0,Low,0
Male,Less than 25,African-American,0,0,0,1.0,-26.0,F,Grand Theft in the 3rd Degree,1,0,Possession Of Heroin,1,Medium,1
Male,25 - 45,African-American,0,0,0,4.0,0.0,F,Possession of Cocaine,1,0,Driving License Suspended,4,Medium,1
Female,25 - 45,Asian,0,0,0,0.0,0.0,F,Grand Theft (Motor Vehicle),1,0,Possession Of Heroin,0,Medium,1
Male,25 - 45,Other,0,0,0,19.0,-4.0,F,arrest case no charge,1,1,Resist/Obstruct W/O Violence,19,High,1
Female,25 - 45,Native American,0,0,0,0.0,0.0,M,DWLS Susp/Cancel Revoked,0,0,,0,Low,0
Male,25 - 45,Hispanic,0,0,0,1.0,-1.0,M,Battery,1,0,Resist/Obstruct W/O Violence,1,Low,1
Male,Less than 25,Hispanic,0,1,0,2.0,-1.0,F,Grand Theft in the 3rd Degree,0,0,,2,High,0
Female,Greater than 45,Native American,0,0,0,7.0,-1.0,F,Tampering With Physical Evidence,1,0,Driving License Suspended,7,Medium,1
Female,25 - 45,Caucasian,0,0,0,1.0,-1.0,F,arrest case no charge,0,0,,1,Low,0
Female,Greater than 45,Native American,0,0,0,20.0,-1.0,F,Battery on Law Enforc Officer,1,1,Throw Deadly Missile Into Veh,19,High,1
Male,Less than 25,African-American,0,1,0,2.0,-1.0,F,Burglary With Assault/battery,0,0,,2,High,0
Male,Greater than 45,African-American,1,0,0,1.0,-2.0,F,arrest case no charge,0,0,,1,Medium,0
Male,Greater than 45,Hispanic,0,0,0,0.0,-1.0,F,Driving While License Revoked,0,0,,0,Low,0
Male,25 - 45,Caucasian,0,0,0,5.0,-1.0,F,Resist Officer w/Violence,1,0,Possession Of Heroin,5,Medium,1
Female,25 - 45,African-American,0,0,0,2.0,-14.007217835397173,M,Petit Theft $100- $300,1,0,Possession Of Heroin,2,Low,1
Male,Greater than 45,Caucasian,0,0,0,8.0,-1.0,F,Grand Theft (Motor Vehicle),0,0,Driving License Suspended,9,Medium,0
Female,Greater than 45,Hispanic,0,0,0,1.0,-8.878933918825272,F,Battery on Law Enforc Officer,0,0,,1,Low,0
Female,Less than 25,Native American,0,0,1,0.0,-1.0,F,arrest case no charge,1,1,Grand Theft (Motor Vehicle),0,Medium,1
Female,25 - 45,Native American,0,0,0,0.0,0.0,M,Assault,0,0,,0,Low,0
Male,25 - 45,Hispanic,0,0,0,1.0,-1.0,M,Battery,0,0,,1,Low,0
Male,Greater than 45,African-American,0,0,0,6.421471675658129,-1.0,F,Assault Law Enforcement Officer,0,0,,7,Low,0
Male,25 - 45,Other,0,0,0,2.0,-1.0,F,Aggrav Battery w/Deadly Weapon,0,0,,2,Low,0
Male,Less than 25,African-American,0,0,0,4.0,-12.0,M,Driving License Suspended,0,0,,4,Medium,0
Male,Greater than 45,Other,0,0,0,11.0,0.0,F,Aggravated Assault w/Firearm,0,0,,11,Medium,0
Male,25 - 45,Hispanic,0,0,1,6.0,0.0,M,Resist/Obstruct W/O Violence,1,0,Possession Of Heroin,6,Medium,1
Male,Greater than 45,African-American,0,0,0,1.0,-1.0,M,Misuse Of 911 Or E911 System,1,1,Throw Deadly Missile Into Veh,1,Low,0
Male,25 - 45,Native American,0,0,1,16.0802815426051,-1.0,F,Poss/pur/sell/deliver Cocaine,1,0,Driving License Suspended,16,High,1
Male,Greater than 45,Other,0,0,0,9.0,5.291815064197493,F,Driving While License Revoked,1,0,Resist/Obstruct W/O Violence,9,Medium,1
Male,25 - 45,Hispanic,0,0,0,5.0,-2.0,F,Grand Theft in the 3rd Degree,0,0,,6,Low,0
Male,Less than 25,Native American,0,0,2,0.0,-1.0,F,Burglary Conveyance Unoccup,0,0,,0,Low,0
Male,25 - 45,Asian,0,0,0,6.0,-1.0,F,Pos Cannabis W/Intent Sel/Del,0,0,,6,Medium,0
Male,25 - 45,Hispanic,0,0,0,2.0,0.0,F,Felony Driving While Lic Suspd,1,0,Possession Of Heroin,2,Low,1
Female,Greater than 45,African-American,0,0,0,14.0,22.511704186509206,F,arrest case no charge,1,0,Possession Of Heroin,13,High,0
Female,25 - 45,Other,0,0,0,1.0,-1.0,F,Neglect Child / No Bodily Harm,1,1,Poss Pyrrolidinovalerophenone,1,Medium,1
Male,Less than 25,Native American,0,0,0,0.0,-1.0,F,Poss Pyrrolidinovalerophenone,1,0,,0,Medium,1
Male,Less than 25,Native American,1,0,0,1.0,-1.0,F,arrest case no charge,0,0,,1,Low,0
Male,Greater than 45,Caucasian,0,0,0,7.0,-1.0,F,arrest case no charge,1,0,,7,Low,0
Male,Less than 25,African-American,0,0,0,21.000000000000004,-1.0,F,arrest case no charge,1,0,Possession Of Heroin,21,High,1
Male,Greater than 45,Caucasian,0,0,0,0.0,0.0,M,Battery,0,0,,0,Low,0
Male,Greater than 45,African-American,0,0,0,7.0,0.0,F,arrest case no charge,1,0,,7,High,1
Male,25 - 45,African-American,0,0,0,5.0,-1.0,F,arrest case no charge,1,0,Resist/Obstruct W/O Violence,5,Medium,1
Male,25 - 45,Native American,0,0,0,0.0,-1.0,F,Driving While License Revoked,0,0,,0,Low,0
Male,Less than 25,Caucasian,0,0,0,4.0,-1.0,F,arrest case no charge,1,0,,5,High,1
Male,25 - 45,Other,0,0,0,0.0,0.0,M,Battery,0,0,,0,Low,0
Male,Greater than 45,Caucasian,0,0,0,2.0,0.0,F,Possession of Cocaine,1,0,,2,Medium,1
Male,Less than 25,Asian,0,0,0,1.0,-1.0,M,Uttering a Forged Instrument,1,0,,1,High,0
Male,25 - 45,African-American,0,1,0,22.192569963083564,-1.0,F,Poss Pyrrolidinovalerophenone,1,0,Possession Of Heroin,22,High,1
Female,Greater than 45,Asian,0,0,0,9.0,-1.0,F,Possession of Cocaine,1,0,Driving License Suspended,9,Medium,1
Male,Less than 25,African-American,0,0,0,0.0,-1.0,M,Battery,0,0,,0,High,0
Male,Greater than 45,Hispanic,0,0,0,0.0,-4.0,F,Uttering a Forged Instrument,0,0,,0,Low,0
Male,Less than 25,Hispanic,0,0,0,0.0,-1.0,M,Exposes Culpable Negligence,1,0,Possession of Cocaine,0,Low,1
Male,25 - 45,Native American,0,0,0,4.0,-1.0,F,Felony Driving While Lic Suspd,1,0,Possession Of Heroin,4,Medium,1
Male,Less than 25,Asian,0,0,0,13.0,-1.0,F,Driving While License Revoked,1,0,,13,High,1
Male,Greater than 45,Caucasian,0,0,0,3.0,-5.935455267311696,F,arrest case no charge,0,0,,3,Low,0
Male,Less than 25,African-American,1,0,0,1.0,26.635100468374603,F,arrest case no charge,1,0,DUI- Enhanced,1,Low,1
Female,25 - 45,Other,0,0,0,0.0,0.0,M,Battery,0,0,,0,Low,0
Male,25 - 45,Caucasian,0,0,0,2.0,0.0,F,Pos Cannabis W/Intent Sel/Del,1,1,Battery,2,Medium,1
Male,25 - 45,Asian,0,0,0,0.0,-1.0,F,Grand Theft (Motor Vehicle),0,0,,0,Low,0
Male,25 - 45,Caucasian,0,0,0,2.0,-16.15935320916855,M,Resist/Obstruct W/O Violence,1,0,,2,Low,1
Male,25 - 45,Asian,0,0,0,9.0,-1.0,F,Aggravated Battery,1,0,Possession Of Heroin,8,High,0
Male,Greater than 45,Caucasian,0,0,0,5.0,-1.0,M,Possess Cannabis/20 Grams Or Less,0,0,,5,Low,0
Male,25 - 45,African-American,0,0,0,13.0,-1.0,M,Possess Cannabis/20 Grams Or Less,1,1,Battery,12,High,1
Male,Greater than 45,Other,0,0,0,5.0,-4.0,F,Sexual Battery / Vict 12 Yrs +,1,0,Possession Of Heroin,5,Medium,1
Male,25 - 45,Asian,0,0,0,13.960085041039852,-1.0,F,Grand Theft (Motor Vehicle),1,1,Felony Petit Theft,13,High,1
Male,Greater than 45,Other,0,0,0,0.0,0.0,M,DUI Property Damage/Injury,0,0,,0,Low,0
Male,25 - 45,Other,0,0,0,8.0,-1.0,F,Felony Petit Theft,1,0,Possession Of Heroin,8,Medium,1
Male,Greater than 45,African-American,0,0,0,11.0,-1.0,M,Petit Theft $100- $300,1,0,,10,Medium,1
Male,25 - 45,African-American,0,0,0,8.0,-29.0,F,Possession of Cocaine,1,0,Driving License Suspended,8,Medium,1
Male,25 - 45,Asian,0,0,1,15.0,-1.0,F,Voyeurism,1,0,Resist/Obstruct W/O Violence,15,Medium,0
Male,25 - 45,African-American,0,0,0,1.0,-1.0,F,Grand Theft in the 3rd Degree,1,1,Aggrav Battery w/Deadly Weapon,1,Low,1
Male,25 - 45,Hispanic,0,0,0,2.0,28.738367086726377,F,Felony Battery (Dom Strang),1,0,Driving License Suspended,2,Low,1
Male,Less than 25,Asian,0,0,0,2.0,-1.0,M,Obtain Control Substance By Fraud,0,0,,2,Medium,0
Male,25 - 45,Native American,0,1,0,13.213337755550315,-1.0,F,Aggravated Battery / Pregnant,0,0,,13,Low,0
Female,Greater than 45,Asian,0,0,0,2.0,-1.0,F,Agg Battery Grt/Bod/Harm,0,0,,2,Medium,0
Female,25 - 45,Asian,0,0,0,3.0,-1.0,F,arrest case no charge,0,0,,3,Low,0
Male,Less than 25,African-American,2,0,0,8.0,-1.0,F,arrest case no charge,1,1,Battery,8,Medium,0
Male,Less than 25,Other,0,0,0,0.0,-3.0,M,Felony/Driving Under Influence,0,0,,0,Low,0
Female,25 - 45,Caucasian,0,0,0,6.0,-1.0,F,Grand Theft (Motor Vehicle),0,0,,6,High,0
Female,Greater than 45,Hispanic,0,0,0,0.0,-1.0,F,Tamper With Witness/Victim/CI,1,0,Possession Of Heroin,0,Low,1
Male,Greater than 45,Caucasian,0,0,0,16.479768069387923,-1.0,F,Felony Petit Theft,0,0,,16,High,0
Male,25 - 45,Hispanic,0,0,0,3.0,0.0,M,Battery,0,0,,3,High,0
Female,Less than 25,Hispanic,0,0,0,0.0,-2.0,F,Possession of Cocaine,1,0,Possession of Cannabis,0,Medium,1
Male,25 - 45,Hispanic,0,0,0,1.0,0.0,M,Battery,0,0,,1,Low,0
Male,Greater than 45,Native American,0,0,0,0.0,-1.0,F,Pos Cannabis W/Intent Sel/Del,0,0,,0,Low,0
Male,Greater than 45,African-American,0,0,0,0.0,0.0,F,Driving While License Revoked,0,0,,0,Medium,0
Male,25 - 45,Other,0,0,0,1.0,-1.0,F,Possession of Cocaine,1,0,Resist/Obstruct W/O Violence,1,High,1
Male,Greater than 45,Asian,0,0,0,2.0,0.0,M,Viol Injunct Domestic Violence,1,0,Resist/Obstruct W/O Violence,2,Low,0
Male,Greater than 45,Native American,0,0,0,1.0,-1.0,F,Grand Theft in the 3rd Degree,0,0,,1,Low,0
Male,Greater than 45,Hispanic,0,0,0,7.0,0.0,F,Aggravated Assault W/Dead Weap,0,0,,8,Medium,0
Male,25 - 45,Caucasian,0,0,0,9.0,-1.0,M,Battery,1,1,Fraudulent Use Credit Card,9,High,1
Male,Greater than 45,Other,0,0,0,0.0,-1.0,M,Battery,0,0,,0,Low,0
Male,25 - 45,Hispanic,0,0,0,0.0,0.0,M,Battery,0,0,,0,Low,0
Female,25 - 45,Caucasian,0,0,0,2.0,-1.0,F,DWLS Susp/Cancel Revoked,1,0,Possession Of Heroin,2,Medium,1
Male,25 - 45,Asian,0,0,0,3.0,-1.0,M,Battery,1,1,Viol Injunction Protect Dom Vi,3,Low,1
Female,Greater than 45,Other,0,0,0,4.0,-15.0,F,Violation of Injunction Order/Stalking/Cyberstalking,1,1,Poss Pyrrolidinovalerophenone,4,Low,1
Male,Less than 25,African-American,0,0,0,0.0,-1.0,M,Battery,0,0,,0,High,0
Male,Less than 25,Other,0,0,0,1.0,-1.0,M,Battery,0,0,,1,Low,0
Male,25 - 45,Native American,0,0,0,9.0,-1.0,F,Possession of Cocaine,1,0,Possession Of Heroin,9,Medium,1
Male,25 - 45,Hispanic,0,0,0,0.0,-1.0,F,Tampering With Physical Evidence,0,0,,0,Low,0
Male,Greater than 45,Asian,0,0,0,2.0,-1.0,F,Crim Use of Personal ID Info,0,0,,2,Medium,0
Male,Less than 25,Native American,0,0,0,0.0,0.0,F,Pos Cannabis W/Intent Sel/Del,0,0,,0,High,0
Male,25 - 45,African-American,0,0,0,9.154899660909757,0.0,F,Driving While License Revoked,1,0,Resist/Obstruct W/O Violence,9,Medium,1
Male,Greater than 45,African-American,0,0,0,1.0,-1.0,M,Battery,1,1,Tampering With Physical Evidence,1,High,1
Male,Less than 25,Other,0,0,0,0.0,0.0,M,Battery,0,0,,0,Medium,0
Male,Less than 25,African-American,0,0,0,0.0,-1.0,F,Possession Burglary Tools,1,0,Unlaw Use False Name/Identity,0,Medium,1
Male,25 - 45,African-American,0,0,0,0.0,-1.0,F,Grand Theft (Motor Vehicle),0,0,,0,Low,0
Male,Greater than 45,African-American,0,0,0,2.0,-1.0,M,arrest case no charge,0,0,,2,Medium,0
Male,25 - 45,African-American,0,0,0,0.0,-1.0,M,Assault,0,0,,0,Low,0
Male,25 - 45,African-American,0,0,0,0.0,-3.0,F,Possession Of Heroin,1,0,Driving License Suspended,0,Low,1
Male,Less than 25,Caucasian,1,0,3,2.0,0.0,M,Battery,1,0,Susp Drivers Lic 1st Offense,2,High,0
Female,Less than 25,Native American,0,0,0,1.0,-28.15690059143746,F,Burglary Unoccupied Dwelling,0,0,,1,Medium,0
Male,Greater than 45,Hispanic,0,0,0,1.0,-10.342103727084663,M,Battery,0,0,,1,Low,0
Female,Greater than 45,Hispanic,0,0,0,0.0,-1.0,M,Battery,0,0,,0,Low,0
Female,25 - 45,African-American,0,0,0,2.0,-1.0,F,Possession of Cocaine,0,0,,2,Low,0
Male,25 - 45,Native American,0,0,0,0.0,0.0,M,Battery,1,0,Resist/Obstruct W/O Violence,0,Medium,1
Male,25 - 45,Other,0,0,0,1.0,-1.0,M,Leave Acc/Attend Veh/More $50,0,0,,1,High,0
Male,25 - 45,Asian,0,0,0,0.0,-1.0,M,Battery,0,0,,0,Low,0
Male,25 - 45,Hispanic,0,1,0,25.47746268261369,-1.0,F,Driving While License Revoked,1,0,Resist/Obstruct W/O Violence,25,High,1
Female,Greater than 45,Caucasian,0,0,0,0.0,-1.0,M,Battery,0,0,,0,Low,0
Male,25 - 45,Hispanic,0,0,0,0.0,-1.0,F,Aggravated Assault W/Dead Weap,0,0,,0,Low,0
Male,Less than 25,Hispanic,0,0,0,5.0,-1.0,F,Felony Driving While Lic Suspd,1,0,,5,Low,1
Male,25 - 45,Caucasian,0,0,0,0.0,0.0,F,"Deliver 3,4 Methylenediox",0,0,,0,Medium,0
Male,25 - 45,Native American,0,0,0,10.0,0.0,F,False Ownership Info/Pawn Item,1,0,Driving License Suspended,10,Medium,1
Female,Less than 25,Other,0,0,0,0.0,-1.0,M,DWLS Susp/Cancel Revoked,1,0,Unlaw Use False Name/Identity,0,Medium,0
Male,Greater than 45,Hispanic,0,0,0,2.0,-1.0,M,Battery,1,0,,2,Low,1
Male,Greater than 45,Caucasian,0,0,0,1.0,-1.0,F,Possession of Cocaine,0,0,,1,Medium,0
Male,Less than 25,Hispanic,0,0,0,1.0,-1.0,F,Battery on Law Enforc Officer,1,0,,1,Medium,1
Female,Greater than 45,African-American,0,0,0,1.0,-1.0,M,Resist/Obstruct W/O Violence,1,0,Possession Of Heroin,1,Low,1
Female,Less than 25,African-American,0,0,0,3.0,-1.0,F,Grand Theft in the 3rd Degree,1,0,Resist/Obstruct W/O Violence,3,High,1
Male,25 - 45,African-American,0,0,0,0.0,0.0,M,Burglary Unoccupied Dwelling,0,0,,0,Low,0
Female,Less than 25,African-American,0,1,0,2.0,-1.0,F,Aggrav Battery w/Deadly Weapon,0,0,,2,High,0
Male,25 - 45,Caucasian,0,0,0,1.0,-6.874480975241241,F,Resist Officer w/Violence,0,0,,1,Medium,0
Female,Greater than 45,Caucasian,0,0,0,0.0,-3.0,F,Possession of Cocaine,0,0,,0,Low,0
Male,Less than 25,Other,0,0,0,0.0,-1.0,F,Sex Battery Deft 18+/Vict 11-,0,0,,0,Medium,0
Male,Less than 25,African-American,0,0,1,9.0,-1.0,F,arrest case no charge,1,0,Possession Burglary Tools,9,High,1
Female,Greater than 45,Asian,0,0,0,2.0,-1.0,F,Grand Theft in the 3rd Degree,0,0,,2,Low,0
Male,Greater than 45,Caucasian,0,0,0,8.0,-1.0,F,Possession of Cocaine,1,0,Possession Of Heroin,8,Medium,1
Female,Greater than 45,Hispanic,0,0,0,0.0,0.0,F,Battery on Law Enforc Officer,0,0,,0,Low,0
Male,Less than 25,African-American,0,0,0,0.0,-1.0,F,Burglary Conveyance Unoccup,1,0,Possession Of Heroin,0,Low,1
Female,25 - 45,Other,0,0,0,2.0,-1.0,F,arrest case no charge,0,0,,2,Low,0
Male,25 - 45,Native American,3,0,0,15.0,-1.0,M,Aggrav Battery w/Deadly Weapon,0,0,,16,Medium,0
Male,Greater than 45,Caucasian,0,0,0,0.0,-1.0,F,Burglary Conveyance Unoccup,0,0,,0,Low,0
Female,25 - 45,Caucasian,0,0,0,0.0,0.0,M,Battery,0,0,,0,Low,0
Male,Less than 25,African-American,0,0,0,1.0,-1.0,F,Driving While License Revoked,0,0,,1,Low,0
Male,Greater than 45,Caucasian,0,0,0,0.0,-1.0,M,DUI Property Damage/Injury,0,0,,0,Low,0
Male,25 - 45,African-American,0,0,0,10.0,-1.0,F,Felony Battery (Dom Strang),0,0,,10,Medium,0
Female,25 - 45,Native American,0,0,1,5.0,-1.0,F,Aggrav Battery w/Deadly Weapon,1,1,Battery,5,Medium,1
Male,25 - 45,Caucasian,0,0,0,1.0,-1.0,F,arrest case no charge,0,0,,1,Low,0
Male,25 - 45,Asian,0,2,0,14.157645336011344,-1.0,F,Possession of Cocaine,1,0,Possession Of Heroin,14,High,1
Male,Less than 25,Caucasian,1,0,1,5.0,0.0,M,Viol Injunct Domestic Violence,1,0,Resist/Obstruct W/O Violence,5,Medium,1
Male,Greater than 45,Native American,0,0,0,0.0,-2.0,M,Viol Pretrial Release Dom Viol,0,0,,0,Low,0
Male,25 - 45,African-American,0,0,0,6.0,-1.0,F,arrest case no charge,0,0,,6,Low,0
Male,25 - 45,Asian,0,0,0,3.0,-21.483900378095676,F,Crimin Mischief Damage $1000+,1,0,,3,Low,1
Female,Greater than 45,Caucasian,0,0,0,0.0,-1.0,F,Battery on a Person Over 65,0,0,,0,Low,0
Female,Greater than 45,Caucasian,0,0,0,0.0,-1.0,M,DUI Property Damage/Injury,0,0,,0,Medium,0
Male,25 - 45,Asian,0,0,0,0.0,-1.0,M,Burglary Conveyance Armed,1,0,Driving License Suspended,0,Low,1
Female,25 - 45,Asian,0,0,0,2.0,-2.0,M,Assault Law Enforcement Officer,0,0,,2,Medium,0
Female,25 - 45,Native American,0,0,0,6.0,-1.0,M,Viol Prot Injunc Repeat Viol,1,0,Resist/Obstruct W/O Violence,6,Medium,1
Male,25 - 45,African-American,0,0,0,6.0,0.0,F,Felony Driving While Lic Suspd,1,0,Driving License Suspended,6,Low,1
Female,25 - 45,Asian,0,0,0,2.0,-1.0,F,arrest case no charge,0,0,,2,Low,0
Male,25 - 45,Asian,0,0,0,0.0,-1.0,F,Aggravated Battery,0,0,,0,Medium,0
Male,Greater than 45,Asian,0,0,0,4.0,-8.0,M,Disorderly Conduct,1,1,Poss Pyrrolidinovalerophenone,4,High,0
Male,Less than 25,Other,0,0,0,1.0,0.0,F,Burglary Unoccupied Dwelling,1,0,Possession Of Heroin,1,Medium,1
Female,Greater than 45,Other,0,0,0,0.0,-2.0,F,Robbery / Weapon,0,0,,0,Low,0
Male,25 - 45,Caucasian,0,0,0,2.0,0.0,M,DUI Property Damage/Injury,0,0,,2,Low,0
Male,Greater than 45,African-American,0,0,0,0.0,-1.0,F,Failure To Return Hired Vehicle,0,0,,0,Low,0
Male,Greater than 45,Caucasian,0,0,0,3.0,0.0,M,Disorderly Conduct,0,0,,3,Low,0
Male,Less than 25,African-American,0,0,3,2.0,0.0,F,Carrying Concealed Firearm,1,0,Possession Of Heroin,2,Low,1
Female,25 - 45,Other,0,0,0,7.0,-1.0,F,arrest case no charge,1,1,Battery,7,Medium,1
Male,25 - 45,Native American,0,0,0,1.0,-1.0,F,arrest case no charge,0,0,,1,Low,0
Male,Greater than 45,Other,0,0,0,2.0,-1.0,M,arrest case no charge,0,0,,2,Low,0
Male,25 - 45,Caucasian,0,0,0,1.0,-1.0,F,arrest case no charge,0,0,,1,High,0
Male,25 - 45,African-American,0,3,4,13.980974056509547,-1.0,F,Grand Theft (Motor Vehicle),1,0,Unlaw LicTag/Sticker Attach,14,High,1
Male,25 - 45,Other,0,0,0,0.0,-1.0,F,Burglary Structure Unoccup,0,0,,0,Low,0
Male,Greater than 45,Asian,0,0,0,8.0,0.0,M,Viol Injunct Domestic Violence,1,0,Possession Of Heroin,8,Low,1
Female,Greater than 45,Asian,0,0,0,1.0,-1.0,F,Felony Driving While Lic Suspd,0,0,,1,Low,0
Female,Less than 25,Caucasian,0,0,2,1.0,-1.0,M,Possess Cannabis/20 Grams Or Less,0,0,,1,Low,0
Male,Greater than 45,Caucasian,0,0,0,1.0,-1.0,M,Battery,0,0,,1,Low,1
Male,25 - 45,Hispanic,0,0,0,0.0,-1.0,F,Burglary Conveyance Unoccup,0,0,,0,Low,0
Male,Greater than 45,Caucasian,0,0,0,0.0,0.0,M,Battery,0,0,,0,Low,0
Male,Greater than 45,African-American,0,0,0,13.0,0.0,F,Driving While License Revoked,1,0,Possession Of Heroin,13,Low,1
Male,Greater than 45,Hispanic,0,0,0,1.0,-1.0,F,Agg Battery Grt/Bod/Harm,1,0,,1,Low,0
Male,25 - 45,Hispanic,0,0,0,8.0,0.0,F,arrest case no charge,1,0,Possession Of Heroin,8,High,1
Male,Less than 25,Asian,0,0,0,2.0,-1.0,F,Robbery Sudd Snatch No Weapon,1,1,Fraudulent Use Credit Card,2,High,0
Male,25 - 45,African-American,0,0,0,15.0,-1.0,F,Aggravated Battery / Pregnant,1,0,,14,High,1
Male,Less than 25,African-American,0,0,0,1.0,0.0,F,Possession of Codeine,0,0,,1,Medium,0
Male,Greater than 45,African-American,0,0,0,0.0,-1.0,F,Possession Of Heroin,0,0,,0,Low,0
Male,Greater than 45,African-American,0,0,0,1.0,0.0,F,arrest case no charge,0,0,,1,Low,0
Male,Less than 25,African-American,1,0,1,1.0,0.0,F,Deliver Cannabis,1,0,Susp Drivers Lic 1st Offense,1,Medium,1
Male,25 - 45,Hispanic,0,0,0,1.0,-29.0,F,Deliver Cannabis,0,0,,1,Low,0
Male,25 - 45,Other,0,0,0,1.0,0.0,M,Battery,0,0,,1,Low,0
Male,Less than 25,Other,0,0,1,1.0,0.0,F,Grand Theft (Motor Vehicle),1,0,Possession Burglary Tools,1,Medium,1
Female,25 - 45,Other,0,0,0,4.0,-1.0,M,Battery,1,1,Battery,4,Medium,1
Male,25 - 45,Native American,0,0,0,0.0,-1.0,M,Battery,1,0,Resist/Obstruct W/O Violence,0,Low,1
Female,Less than 25,African-American,0,0,0,0.0,-1.0,F,Robbery Sudd Snatch No Weapon,1,0,Unlaw Use False Name/Identity,0,High,1
Male,25 - 45,Other,0,0,0,6.0,-1.0,M,Battery,1,0,,6,Low,1
Male,25 - 45,Hispanic,1,1,0,23.485151917948215,-1.0,F,False Imprisonment,1,1,Resist Officer w/Violence,23,High,1
Female,25 - 45,Asian,0,0,0,0.0,0.0,M,Battery,0,0,,0,Low,0
Female,25 - 45,African-American,0,0,0,1.0,-3.0,F,Corrupt Public Servant,0,0,,1,Medium,0
Female,25 - 45,Caucasian,0,0,0,2.0,0.0,F,Purchase Cannabis,1,0,Driving License Suspended,2,Medium,1
Female,25 - 45,Other,0,0,0,5.0,-1.0,F,Agg Battery Grt/Bod/Harm,1,0,Possession Of Heroin,5,High,1
Male,25 - 45,Asian,0,0,0,1.0,-1.0,F,Solicit Deliver Cocaine,1,0,,1,Low,0
Female,Greater than 45,Caucasian,0,0,0,0.0,-1.0,M,Fail Register Vehicle,1,0,,0,Low,0
Female,Greater than 45,Caucasian,0,0,0,5.0,0.0,F,arrest case no charge,0,0,,5,Medium,0
Male,Greater than 45,Caucasian,0,0,0,2.0,-1.0,M,Battery,1,0,Possession Of Heroin,2,Low,1
Female,25 - 45,African-American,0,0,0,0.0,-1.0,F,Grand Theft in the 3rd Degree,1,0,Driving License Suspended,0,Medium,1
Male,Less than 25,Asian,0,0,0,0.0,-1.0,F,Tampering With Physical Evidence,0,0,,0,Low,0
Male,25 - 45,African-American,0,0,0,1.0,-1.0,F,Burglary Conveyance Armed,0,0,,1,Low,0
Female,Greater than 45,Other,0,0,0,1.0,-1.0,F,Alcoholic Beverage Violation-FL,1,0,Possession Of Heroin,1,Low,1
Male,25 - 45,Native American,0,0,1,7.0,-1.0,F,Grand Theft in the 3rd Degree,1,0,Petit Theft $100- $300,7,Medium,1
Male,Less than 25,African-American,0,0,0,1.0,-1.0,M,Driving License Suspended,0,0,,1,Low,0
Male,25 - 45,Native American,0,0,0,1.0,-8.0,F,arrest case no charge,1,1,Battery,1,Low,1
Male,25 - 45,Caucasian,0,0,0,0.0,-1.0,M,Battery,0,0,,0,Low,0
Male,25 - 45,Asian,0,0,0,19.503551080524893,0.0,F,Driving While License Revoked,1,0,Resist/Obstruct W/O Violence,19,High,1
Male,25 - 45,Hispanic,0,0,0,3.0,-1.0,F,Burglary Conveyance Occupied,1,0,Possession Of Heroin,3,Medium,1
Male,Less than 25,Caucasian,0,0,0,0.0,-1.0,F,Deliver Cannabis,0,0,,0,Low,1
Female,Greater than 45,Caucasian,0,0,0,3.0,-25.0,M,Aggravated Assault W/Dead Weap,0,0,,3,Low,0
Male,Greater than 45,Hispanic,0,0,0,0.0,-1.0,M,Assault,0,0,,0,Low,0
Male,Less than 25,Asian,0,0,0,0.0,0.0,F,Aggravated Battery,0,0,,0,Low,0
Male,25 - 45,Other,0,0,0,3.0,-1.0,F,Burglary Dwelling Assault/Batt,1,1,Aggrav Battery w/Deadly Weapon,3,Low,1
Male,25 - 45,Other,0,0,0,0.0,0.0,F,Grand Theft in the 3rd Degree,0,0,,0,Low,0
Male,Less than 25,Native American,0,0,0,0.0,-1.0,M,Battery,1,1,Robbery W/Firearm,0,Low,1
Male,Greater than 45,African-American,0,0,0,5.0,-13.886994377335458,F,Possession of Cocaine,0,0,,5,Low,0
Male,25 - 45,Hispanic,0,0,0,0.0,0.0,M,Operating W/O Valid License,0,0,,0,Low,0
Male,25 - 45,Hispanic,0,0,0,1.0,-1.0,M,Driving License Suspended,1,0,Possession Of Heroin,1,Low,1
Male,Less than 25,Native American,0,0,0,0.0,-1.0,F,Uttering a Forged Instrument,0,0,,0,Low,0
Male,Less than 25,African-American,0,3,0,3.0,0.0,F,Burglary Dwelling Occupied,0,0,,3,High,0
Female,Less than 25,Hispanic,0,0,0,1.0,-4.0,F,Burglary Unoccupied Dwelling,0,0,,1,Low,0
Male,25 - 45,Asian,0,0,0,0.0,0.0,M,DUI Property Damage/Injury,0,0,,0,Low,0
Female,25 - 45,Native American,0,0,0,1.0,-1.0,M,Battery,0,0,,1,Low,0
Male,25 - 45,Caucasian,0,0,0,0.0,0.0,M,Exposes Culpable Negligence,1,0,Possession Of Heroin,0,Low,1
Male,Greater than 45,Hispanic,0,0,0,0.0,-1.0,F,Grand Theft in the 3rd Degree,0,0,,0,Low,0
Female,Less than 25,Hispanic,0,1,1,20.71301527386596,-1.0,M,Battery,1,0,Carrying Concealed Firearm,20,High,1
Female,25 - 45,Asian,0,0,0,0.0,-1.0,F,Grand Theft in the 3rd Degree,1,0,Possession of Cocaine,0,Low,1
Male,25 - 45,Native American,0,0,0,0.0,-1.0,F,Introduce Contraband Into Jail,0,0,,0,Low,0
Male,25 - 45,Caucasian,0,0,0,0.0,0.0,M,Aggravated Battery,0,0,,0,Low,0
Male,Greater than 45,Other,0,0,0,4.0,-1.0,M,Battery,0,0,,4,Low,0
Male,25 - 45,Native American,0,0,0,2.0,-1.0,F,Pos Cannabis W/Intent Sel/Del,1,0,Possession Of Heroin,2,Low,1
Male,Greater than 45,Hispanic,0,0,0,0.0,-1.0,F,Battery on Law Enforc Officer,0,0,,0,Low,0
Female,25 - 45,Other,0,0,0,3.0,-1.0,M,Battery,0,0,,3,Low,0
Male,Less than 25,Hispanic,0,0,0,2.0,-1.0,F,Burglary Conveyance Armed,0,0,,2,Medium,0
Male,Greater than 45,Asian,0,0,0,3.0,-1.0,F,Child Abuse,1,0,Driving License Suspended,3,High,1
Female,Less than 25,Asian,0,0,0,8.0,-1.0,F,arrest case no charge,0,0,,8,High,0
Male,Greater than 45,African-American,0,0,0,3.0,0.0,F,Felony Driving While Lic Suspd,0,0,,3,Medium,0
Male,Less than 25,African-American,1,1,0,6.0,-1.0,F,arrest case no charge,1,1,Battery,6,Medium,1
Male,25 - 45,African-American,0,0,0,17.0,-1.0,F,Deliver Cannabis,1,1,Aggrav Battery w/Deadly Weapon,17,High,1
Male,25 - 45,Caucasian,0,0,0,6.0,-1.0,F,Driving While License Revoked,1,1,Resist/Obstruct W/O Violence,6,Medium,1
Male,Greater than 45,African-American,0,0,0,3.0,-22.0,M,Operating W/O Valid License,1,0,,3,Low,1
Male,25 - 45,African-American,0,0,0,4.0,-1.0,F,Grand Theft (Motor Vehicle),1,0,Possession Of Heroin,4,High,1
Male,Less than 25,Other,0,0,0,2.0,-1.0,M,Resist/Obstruct W/O Violence,0,0,,2,High,0
Male,25 - 45,Hispanic,0,0,0,4.0,-1.0,M,Battery,1,0,Driving License Suspended,4,High,1
Male,Greater than 45,Caucasian,0,0,0,2.0,-1.0,F,arrest case no charge,0,0,,2,Low,0
Male,Less than 25,African-American,0,0,0,2.0,-1.0,F,Grand Theft in the 3rd Degree,1,0,,2,Medium,1
Female,Less than 25,Native American,0,0,0,0.0,0.0,M,Battery,0,0,,0,Low,0
Male,Greater than 45,Native American,0,0,0,2.0,-18.457798250715843,M,arrest case no charge,1,1,Tampering With Physical Evidence,2,Low,1
Male,Greater than 45,African-American,0,0,0,4.0,-5.222545938097888,M,Battery,1,0,,4,Low,0
Male,Less than 25,African-American,0,0,0,1.0,0.0,M,Battery,1,0,Driving License Suspended,1,Low,1
Male,Greater than 45,Asian,0,0,0,0.0,-1.0,M,Battery,0,0,,0,Low,0
Male,25 - 45,Caucasian,0,0,0,2.0,-1.0,F,Possession Of Alprazolam,0,0,,2,Low,0
Male,25 - 45,Other,0,0,0,1.0,-1.0,F,arrest case no charge,0,0,Driving License Suspended,1,Low,0
Male,25 - 45,African-American,0,0,0,0.0,0.0,F,Felony Battery (Dom Strang),0,0,,0,Low,0
Male,Less than 25,Caucasian,0,0,0,0.0,-3.0,F,DUI/Property Damage/Persnl Inj,1,0,Possession Of Heroin,0,Medium,1
Male,25 - 45,Native American,0,0,0,3.0,-1.0,F,Possession of Cocaine,1,0,Resist/Obstruct W/O Violence,3,Medium,1
Female,25 - 45,African-American,0,0,0,0.0,-1.0,F,Possession of Oxycodone,0,0,,0,Medium,0
Male,Less than 25,Caucasian,0,0,0,0.0,-1.0,F,Burglary Conveyance Unoccup,0,0,,0,Low,0
Male,25 - 45,African-American,0,0,1,9.0,-1.0,F,Possession of Cocaine,1,0,Resist/Obstruct W/O Violence,9,Medium,1
Female,25 - 45,Hispanic,0,0,0,0.0,-1.0,M,Battery,1,0,,0,Low,0
Male,25 - 45,Native American,0,0,0,0.0,-1.0,F,Aggravated Battery / Pregnant,1,0,Possession of Cannabis,0,Low,1
Female,Less than 25,Hispanic,0,0,0,0.0,-4.0,M,Lve/Scen/Acc/Veh/Prop/Damage,0,0,,0,Medium,0
Female,25 - 45,Hispanic,0,0,1,4.0,0.0,F,"Poss3,4 Methylenedioxymethcath",0,0,,4,Low,0
Male,25 - 45,Caucasian,0,0,0,0.0,-1.0,M,Grand Theft (Motor Vehicle),0,0,,0,Medium,0
Male,25 - 45,Other,0,0,0,11.0,-1.0,F,Felony Driving While Lic Suspd,1,0,Driving License Suspended,11,High,1
Male,Less than 25,Caucasian,1,0,0,1.0,-1.0,F,arrest case no charge,1,0,Driving License Suspended,1,Medium,1
Male,25 - 45,African-American,0,0,0,10.0,-1.0,F,Poss of Cocaine W/I/D/S 1000FT Park,1,0,Driving License Suspended,10,High,1
Male,Less than 25,Other,0,0,0,0.0,-1.0,F,Agg Fleeing and Eluding,1,1,Robbery W/Firearm,0,Low,1
Female,Greater than 45,Caucasian,0,0,0,0.0,-1.0,F,Driving While License Revoked,0,0,,0,Low,0
Male,25 - 45,Caucasian,0,1,3,6.0,-1.0,F,Felony Battery (Dom Strang),1,0,,6,Low,0
Male,Less than 25,Caucasian,0,0,0,3.0,-1.0,M,Petit Theft,1,0,Possession Of Heroin,3,High,1
Male,Less than 25,Caucasian,0,1,1,3.0,0.0,M,Battery,1,0,,3,Low,1
Male,Greater than 45,Native American,0,0,0,1.0,-23.0,F,Possession of Cocaine,0,0,,1,Low,0
Female,25 - 45,Caucasian,0,0,0,0.0,-1.0,F,Grand Theft in the 3rd Degree,0,0,,0,Low,0
Male,Greater than 45,Caucasian,0,0,0,1.0,-4.0,F,arrest case no charge,0,0,,1,Low,0
Male,25 - 45,African-American,0,0,0,8.0,0.0,M,Battery,1,0,Driving License Suspended,8,Medium,1
Female,25 - 45,Asian,0,1,0,9.0,-1.0,F,Grand Theft in the 3rd Degree,1,0,Carrying Concealed Firearm,9,Low,1
Female,Less than 25,Other,0,0,0,0.0,0.0,M,Battery,0,0,,0,Low,0
Male,Less than 25,Asian,0,0,0,1.0,0.0,F,Possession of Cocaine,1,0,,1,Low,1
Male,Less than 25,Hispanic,0,0,0,0.0,-1.0,F,Grand Theft in the 3rd Degree,0,0,,0,High,0
Female,Greater than 45,Caucasian,0,0,0,0.0,-1.0,F,Battery on Law Enforc Officer,0,0,,0,Medium,0
Male,Less than 25,Asian,0,0,0,1.0,-1.0,M,Burglary Unoccupied Dwelling,1,0,,1,Medium,1
Male,25 - 45,Asian,0,0,0,10.0,-1.0,F,Driving While License Revoked,0,0,Driving License Suspended,9,Medium,0
Male,25 - 45,Caucasian,0,0,0,0.0,-1.0,F,Grand Theft in the 3rd Degree,0,0,,0,Low,0
Female,Less than 25,Caucasian,0,0,0,3.0,-1.0,F,Felony Battery (Dom Strang),1,0,,3,Low,1
Male,25 - 45,Caucasian,0,0,0,2.0,0.0,F,"Poss3,4 Methylenedioxymethcath",0,0,,2,Low,0
Male,Less than 25,Asian,0,0,0,0.0,-1.0,F,arrest case no charge,1,0,Resist/Obstruct W/O Violence,0,Medium,1
Male,25 - 45,Caucasian,0,0,0,0.0,0.0,M,DUI Property Damage/Injury,0,0,,0,Low,0
Male,Greater than 45,Other,0,0,0,0.0,-1.0,M,Battery,0,0,,0,Low,0
Female,Greater than 45,Hispanic,0,0,0,2.0,0.0,M,Battery,0,0,,2,Low,0
Male,Less than 25,Hispanic,0,0,0,4.0,-27.0,F,Possession Of Alprazolam,0,0,,4,High,0
Male,25 - 45,African-American,0,0,0,0.0,-1.0,M,Battery,0,0,,0,Low,0
Male,Greater than 45,African-American,0,0,0,1.0,0.0,M,Possess Cannabis/20 Grams Or Less,1,0,Possession Of Heroin,1,High,1
Male,Greater than 45,African-American,0,0,0,3.0,-1.0,F,arrest case no charge,0,0,,3,Low,0
Male,Greater than 45,Native American,0,0,0,13.0,0.0,F,Carrying Concealed Firearm,1,0,Possession Of Heroin,12,Medium,1
Female,Less than 25,Hispanic,0,0,0,0.0,0.0,F,Burglary Structure Unoccup,0,0,,0,Low,0
Male,Less than 25,African-American,1,0,1,2.0,-1.0,F,arrest case no charge,0,0,,2,High,0
Male,Greater than 45,Asian,0,0,0,1.0,-1.0,M,Battery on Law Enforc Officer,0,0,,1,Low,0
Female,Less than 25,Other,0,0,0,0.0,-1.0,F,Aggrav Battery w/Deadly Weapon,1,0,,0,Low,0
Female,Greater than 45,Caucasian,0,0,0,0.0,-1.0,M,Burglary Unoccupied Dwelling,1,1,Battery,0,Low,1
Female,25 - 45,African-American,0,0,0,1.0,-1.0,F,arrest case no charge,0,0,,1,Low,0
Male,25 - 45,Asian,0,0,0,12.0,0.0,F,Carry Open/Uncov Bev In Pub,0,0,,12,Medium,0
Male,Less than 25,Hispanic,0,0,0,8.0,28.78642508821354,F,arrest case no charge,1,0,Driving License Suspended,8,High,1
Female,Greater than 45,Caucasian,0,0,0,0.0,-7.0,M,Criminal Mischief Damage <$200,1,0,Possession of Cocaine,0,Low,0
Female,25 - 45,African-American,0,0,0,0.0,-1.0,M,Viol Prot Injunc Repeat Viol,0,0,,0,Low,0
Male,Less than 25,Hispanic,1,1,1,2.0,-1.0,F,arrest case no charge,1,0,Possession Of Heroin,2,High,1
Male,25 - 45,Asian,0,1,0,10.780073175174175,-1.0,F,Possession of Cocaine,1,0,,10,High,1
Male,25 - 45,Caucasian,0,0,0,0.0,-1.0,M,DUI Property Damage/Injury,0,0,,0,Low,0
Male,25 - 45,Asian,0,0,0,7.0,0.0,F,Possession of Cocaine,1,0,Driving License Suspended,7,Medium,1
Male,25 - 45,African-American,0,0,0,0.0,0.0,M,Fleeing Or Attmp Eluding A Leo,0,0,,0,Low,0
Male,25 - 45,Hispanic,0,0,1,1.0,0.0,F,"Poss 3,4 MDMA (Ecstasy)",1,0,Resist/Obstruct W/O Violence,1,Medium,1
Male,25 - 45,African-American,0,0,0,0.0,0.0,F,Driving While License Revoked,0,0,,0,High,0
Female,Less than 25,African-American,0,0,0,8.0,0.0,F,arrest case no charge,1,0,,8,High,1
Male,25 - 45,African-American,0,0,0,4.0,0.0,F,Burglary Dwelling Assault/Batt,1,1,Viol Pretrial Release Dom Viol,4,Medium,1
Male,25 - 45,Asian,0,0,0,0.0,0.0,F,Felony Battery,0,0,,0,High,0
Male,25 - 45,Hispanic,0,0,0,3.0,-23.0,F,Burglary Structure Unoccup,1,1,Battery,3,Low,1
Male,Greater than 45,Hispanic,0,0,0,1.0,-1.0,F,Grand Theft in the 3rd Degree,1,0,,1,Low,1
Male,Greater than 45,Other,0,0,0,0.0,-1.0,M,Battery,0,0,,0,Low,0
Female,Greater than 45,Other,0,0,0,0.0,-1.0,F,Grand Theft in the 3rd Degree,0,0,,0,Low,0
Male,25 - 45,Native American,0,0,0,3.0,-1.0,F,Pos Cannabis W/Intent Sel/Del,1,0,Possession Of Heroin,3,Medium,1
Male,25 - 45,African-American,0,0,0,9.0,-1.0,F,Driving While License Revoked,0,0,,9,Low,1
Male,Greater than 45,African-American,0,0,0,3.0,-28.229097719109614,M,arrest case no charge,0,0,,3,Low,0
Male,Greater than 45,Hispanic,0,0,0,1.0,0.0,M,Battery,0,0,,1,Low,0
Male,25 - 45,Native American,0,0,0,10.0,-1.0,M,Battery,1,1,Resist/Obstruct W/O Violence,10,Medium,1
Male,Greater than 45,Asian,0,0,0,1.0,-3.0,M,Aggravated Assault w/Firearm,0,0,,1,Low,0
Male,Greater than 45,Other,0,0,0,2.0,0.0,M,Viol Pretrial Release Dom Viol,0,0,,2,Low,0
Male,25 - 45,Asian,0,0,0,4.0,0.0,F,Battery on Law Enforc Officer,1,0,,4,Low,1
Male,Greater than 45,African-American,0,0,0,7.0,-1.0,F,Possession of Cocaine,1,1,Culpable Negligence,7,High,1
Female,Greater than 45,Native American,0,0,0,4.0,-1.0,F,Grand Theft in the 3rd Degree,0,0,,4,Low,0
Male,25 - 45,Asian,0,0,0,0.0,-1.0,M,Battery,0,0,,0,Low,0
Female,Greater than 45,Caucasian,0,0,0,1.0,-1.0,F,arrest case no charge,0,0,,1,Low,0
Female,Less than 25,Hispanic,0,2,0,2.0,-1.0,F,Poss Pyrrolidinovalerophenone,1,0,Unlaw Use False Name/Identity,2,High,1
Male,25 - 45,Native American,0,1,0,6.0,-1.0,F,Burglary Conveyance Assault/Bat,1,1,Grand Theft (Motor Vehicle),6,High,1
Female,Greater than 45,Caucasian,0,0,0,5.0,-1.0,M,DUI Property Damage/Injury,0,0,,5,Low,0
Male,25 - 45,Hispanic,0,0,0,4.0,-1.0,F,Agg Battery Grt/Bod/Harm,1,0,,4,Low,1
Female,25 - 45,Asian,3,0,0,12.907474253735478,-1.0,F,Possession of Cocaine,0,0,,12,High,0
Male,Less than 25,Hispanic,0,0,0,0.0,-1.0,F,Burglary Unoccupied Dwelling,1,0,Resist/Obstruct W/O Violence,0,Low,1
Male,25 - 45,Other,0,0,0,2.0,-1.0,F,Possession of Cocaine,1,0,Driving License Suspended,2,Medium,1
Male,Greater than 45,Other,0,0,0,1.0,0.0,F,Felony Battery (Dom Strang),0,0,,1,Low,0
Male,Greater than 45,Caucasian,0,0,0,0.0,-1.0,F,Burglary Dwelling Occupied,0,0,,0,Low,0
Female,Greater than 45,Native American,0,0,0,5.0,-4.0,F,Possession of Cocaine,0,0,,5,Low,0
Male,Less than 25,Asian,0,0,0,0.0,-1.0,F,Carrying Concealed Firearm,0,0,,0,High,0
Male,Greater than 45,Hispanic,0,0,0,0.0,-2.0,M,Battery,0,0,,0,Low,0
Male,25 - 45,African-American,0,0,0,0.0,0.0,F,Driving While License Revoked,0,0,,0,Medium,0
Male,Greater than 45,Asian,0,0,0,0.0,-1.0,F,Felony Battery (Dom Strang),0,0,,0,Low,0
Male,25 - 45,African-American,0,0,0,0.0,-1.0,F,Possession of Cocaine,1,0,Unlaw Use False Name/Identity,0,High,1
Male,Greater than 45,Caucasian,0,0,0,0.0,-1.0,F,Grand Theft in the 3rd Degree,1,0,Unlaw Use False Name/Identity,0,Low,1
Male,25 - 45,Caucasian,0,0,0,13.697614429621254,-1.0,F,Possession Burglary Tools,1,0,Driving License Suspended,13,Medium,1
Female,Greater than 45,Caucasian,0,0,0,1.0,0.0,M,Battery,0,0,,1,Medium,0
Male,25 - 45,Asian,0,0,0,2.0,-1.0,M,Battery,1,0,Resist/Obstruct W/O Violence,2,Low,1
Male,Greater than 45,Caucasian,0,0,0,0.0,-1.0,M,Battery,0,0,,0,Low,0
Female,25 - 45,African-American,0,0,0,2.0,-1.0,F,arrest case no charge,0,0,,2,Medium,0
Male,25 - 45,Asian,0,0,0,5.0,-1.0,F,Voyeurism,1,0,Driving License Suspended,5,Low,1
Male,Greater than 45,Caucasian,0,0,0,0.0,-1.0,F,Possession of Cocaine,0,0,,0,Low,0
Male,Greater than 45,Hispanic,0,0,0,0.0,-1.0,M,DUI Property Damage/Injury,0,0,,0,Low,0
Male,Greater than 45,Asian,0,0,0,1.0,-1.0,F,Possession of Morphine,0,0,,1,High,0
Male,Less than 25,Hispanic,0,0,0,0.0,-1.0,F,Burglary Conveyance Occupied,0,0,,0,Low,0
Male,Less than 25,Other,0,0,0,0.0,-1.0,M,Battery,1,1,Aggravated Battery / Pregnant,0,High,1
Male,25 - 45,Native American,0,0,0,3.0,0.0,F,Burglary Conveyance Assault/Bat,1,1,Culpable Negligence,3,High,1
Male,25 - 45,Other,0,0,0,3.0,-1.0,F,Poss Wep Conv Felon,0,0,,3,Low,0
Male,25 - 45,Native American,1,0,0,2.0,-1.0,F,Introduce Contraband Into Jail,1,0,,2,Medium,0
Male,Less than 25,African-American,0,0,0,2.0,-1.0,M,Battery,1,0,Driving License Suspended,2,High,1
Male,25 - 45,African-American,0,2,2,15.146489612026109,-1.0,F,Crimin Mischief Damage $1000+,1,0,Resist/Obstruct W/O Violence,15,High,1
Male,Less than 25,Asian,0,2,1,3.0,-3.0,F,Leaving the Scene of Accident,1,1,Robbery W/Firearm,3,High,1
Male,Less than 25,Other,0,0,0,0.0,-1.0,F,arrest case no charge,1,0,Possession Of Heroin,0,Low,1
Male,25 - 45,Asian,0,0,0,2.0,0.0,F,Grand Theft in the 3rd Degree,1,0,,2,High,1
Male,25 - 45,Asian,0,0,0,4.0,-1.0,F,"Deliver 3,4 Methylenediox",0,0,,4,Medium,0
Male,Greater than 45,Caucasian,0,0,0,3.0,-1.0,F,Grand Theft in the 3rd Degree,1,1,Robbery / No Weapon,3,Low,1
Female,25 - 45,African-American,0,0,0,7.0,-1.0,F,Possession of Cocaine,1,0,Driving License Suspended,7,High,1
Male,25 - 45,Native American,0,0,0,0.0,-1.0,F,Tamper With Witness/Victim/CI,1,1,Child Neglect/Delinquency,0,Medium,1
Male,25 - 45,African-American,0,0,0,0.0,0.0,F,Crim Use of Personal ID Info,0,0,,0,Low,0
Male,25 - 45,Other,0,0,0,0.0,-1.0,F,Felony Battery,1,1,Battery,0,Low,1
Male,25 - 45,African-American,0,0,0,0.0,-1.0,M,Viol Prot Injunc Repeat Viol,0,0,,0,Medium,0
Male,25 - 45,African-American,0,1,0,15.0,-1.0,F,Possession of Cocaine,0,0,,15,High,0
Male,Greater than 45,Caucasian,0,0,1,0.0,-1.0,M,Possess Cannabis/20 Grams Or Less,0,0,,0,Medium,0
Male,25 - 45,Caucasian,0,0,0,0.0,0.0,M,arrest case no charge,0,0,,0,Medium,0
Male,25 - 45,Hispanic,0,0,0,0.0,0.0,M,Battery,1,0,Possession of Cannabis,0,Low,1
Male,Less than 25,Caucasian,0,0,2,1.0,-20.0,F,Burglary Conveyance Unoccup,1,0,,1,Medium,1
Female,25 - 45,Hispanic,0,0,0,1.0,-1.0,M,Battery,1,1,Battery,1,Low,1
Male,Less than 25,Native American,0,0,3,12.0,0.0,F,False Motor Veh Insurance Card,1,1,Petit Theft $100- $300,12,Medium,1
Female,25 - 45,African-American,0,0,0,0.0,-1.0,M,Viol Prot Injunc Repeat Viol,0,0,,0,Low,0
Male,25 - 45,Caucasian,0,0,0,1.0,-1.0,M,Driving License Suspended,0,0,,1,Low,0
Male,25 - 45,Native American,0,0,0,3.0,0.0,F,arrest case no charge,1,0,Driving License Suspended,3,Low,1
Male,25 - 45,Native American,0,0,0,0.0,-1.0,M,Uttering a Forged Instrument,0,0,,0,Low,0
Male,Greater than 45,Hispanic,0,0,0,0.0,0.0,M,Criminal Mischief,0,0,,0,Low,0
Male,25 - 45,Other,1,0,0,25.67786385502508,-1.0,F,Poss Cocaine/Intent To Del/Sel,1,0,Resist/Obstruct W/O Violence,25,High,1
Female,25 - 45,Native American,0,0,0,2.0,-15.127560005830412,F,arrest case no charge,0,0,,2,Medium,0
Male,25 - 45,Caucasian,0,0,0,11.0,-1.0,F,False Ownership Info/Pawn Item,1,0,,12,Medium,0
Male,25 - 45,Asian,0,0,0,1.0,-1.0,F,arrest case no charge,0,0,,1,Low,0
Male,25 - 45,Caucasian,0,0,0,1.0,0.0,M,Battery,0,0,,1,Low,0
Male,25 - 45,Native American,0,0,0,4.0,-1.0,F,"Deliver 3,4 Methylenediox",0,0,,4,High,0
Male,25 - 45,African-American,0,0,0,0.0,-1.0,F,Possession Of Heroin,0,0,,0,Low,0
Male,25 - 45,Asian,0,0,0,14.0,-1.0,F,Pos Cannabis W/Intent Sel/Del,0,0,,13,High,0
Male,25 - 45,African-American,0,0,0,9.0,-1.0,M,Battery,1,0,Driving License Suspended,10,Medium,1
Male,25 - 45,African-American,0,0,0,0.0,-1.0,F,Felony Battery (Dom Strang),0,0,,0,Medium,0
Male,Less than 25,Caucasian,0,0,2,1.0,-1.0,F,Voyeurism,1,0,Resist/Obstruct W/O Violence,1,Low,1
Male,25 - 45,Asian,0,0,0,5.0,-1.0,M,Battery,1,0,Driving License Suspended,5,Medium,1
Male,Less than 25,Hispanic,0,0,0,3.0,-3.0,F,Possession of Cocaine,1,0,Resist/Obstruct W/O Violence,3,Medium,1
Male,25 - 45,Asian,0,0,0,3.0,-1.0,M,arrest case no charge,0,0,,3,Low,0
Male,Less than 25,Native American,0,1,0,2.0,-1.0,F,"Poss3,4 Methylenedioxymethcath",0,0,,2,Low,0
Male,Greater than 45,Caucasian,0,0,0,0.0,0.0,M,Aggravated Battery,0,0,,0,Low,0
Male,25 - 45,Caucasian,0,0,0,0.0,-1.0,F,Grand Theft (Motor Vehicle),0,0,,0,Low,1
Male,25 - 45,Other,0,0,0,3.0,0.0,M,Battery,0,0,,3,Medium,0
Male,25 - 45,Hispanic,0,0,0,0.0,0.0,M,Battery,1,1,Battery,0,Medium,1
Male,25 - 45,Hispanic,0,0,1,0.0,-1.0,F,Unlaw Use False Name/Identity,0,0,,0,Low,0
Male,25 - 45,Caucasian,0,0,0,0.0,-3.0,F,Delivery of Heroin,1,0,Unlaw Use False Name/Identity,0,Medium,1
Male,Less than 25,Caucasian,0,0,0,0.0,0.0,F,Deliver Cannabis,0,0,,0,High,0
Male,Less than 25,Caucasian,0,0,1,0.0,-1.0,M,Burglary Structure Unoccup,0,0,,0,Low,0
Male,Less than 25,Caucasian,0,0,0,0.0,-1.0,M,Battery,1,0,Driving License Suspended,0,Medium,1
Male,Less than 25,Hispanic,0,0,0,0.0,-1.0,F,Burglary Structure Unoccup,1,0,Possession Of Heroin,0,Medium,1
Male,25 - 45,Other,0,0,0,0.0,-1.0,F,Grand Theft in the 3rd Degree,0,0,,0,Low,0
Male,25 - 45,Hispanic,1,0,0,21.000000000000004,-1.0,M,Battery,1,1,Felony Petit Theft,21,High,1
Male,25 - 45,Caucasian,0,0,0,0.0,0.0,M,Opert With Susp DL 2nd Offens,0,0,,0,Low,0
Male,Greater than 45,Asian,0,0,0,9.0,0.0,F,Burglary Structure Unoccup,1,0,,8,Medium,1
Male,25 - 45,Hispanic,0,0,0,0.0,-3.0,F,Escape,1,0,Unlaw Use False Name/Identity,0,Low,1
Male,Less than 25,Native American,0,0,0,0.0,-1.0,M,Petit Theft $100- $300,0,0,,0,High,0
Female,25 - 45,Native American,0,0,0,1.0,-18.691687913021475,M,Petit Theft $100- $300,1,0,Possession Of Heroin,1,Medium,1
Male,Less than 25,Other,0,1,1,1.0,-1.0,M,Sexual Battery / Vict 12 Yrs +,1,0,,1,Low,0
Female,25 - 45,Other,0,1,0,2.0,-1.0,M,Battery,0,0,,2,Low,0
Male,25 - 45,Other,0,0,0,0.0,-1.0,F,Crim Use of Personal ID Info,1,0,Unlaw Use False Name/Identity,0,Medium,1
Male,25 - 45,Other,0,0,0,2.0,-1.0,F,arrest case no charge,0,0,,2,Low,0
Male,Less than 25,Native American,0,0,0,0.0,-1.0,F,Grand Theft in the 3rd Degree,0,0,,0,Medium,0
Male,25 - 45,Caucasian,0,0,0,3.0,-1.0,M,Viol Injunct Domestic Violence,1,0,,3,Low,0
Male,25 - 45,African-American,0,0,0,4.0,-1.0,M,arrest case no charge,1,1,Felony Petit Theft,4,High,0
Female,Greater than 45,Native American,0,0,0,1.0,0.0,F,Agg Battery Grt/Bod/Harm,0,0,,1,Low,0
Female,Less than 25,Native American,0,0,0,0.0,-1.0,M,Disorderly Conduct,0,0,,0,Low,0
Male,25 - 45,Other,0,1,0,7.983183443355591,-1.0,F,Possess Cannabis/20 Grams Or Less,1,1,Battery,9,High,1
Male,25 - 45,African-American,0,0,0,4.0,-1.0,M,Battery,1,0,Driving License Suspended,4,Medium,1
Male,Greater than 45,Asian,0,0,0,35.82663379301838,-7.35061030695277,F,Corrupt Public Servant,1,0,Resist/Obstruct W/O Violence,35,Medium,1
Male,25 - 45,Other,0,0,0,0.0,-1.0,M,Battery,0,0,,0,Low,0
Male,25 - 45,Asian,0,0,0,0.0,-1.0,F,Tampering With Physical Evidence,1,0,Driving License Suspended,0,Medium,1
Male,25 - 45,Hispanic,0,0,0,0.0,-6.879169156444249,M,Battery,0,0,,0,Low,0
Male,25 - 45,Asian,0,0,0,2.0,0.0,F,Burglary Conveyance Unoccup,1,1,Battery,2,Low,1
Male,Greater than 45,Hispanic,0,0,0,10.0,-1.0,M,Battery,1,1,Grand Theft (Motor Vehicle),9,Low,1
Male,25 - 45,Asian,0,0,0,9.0,-1.0,M,arrest case no charge,1,0,Driving License Suspended,9,Medium,1
Male,Less than 25,Hispanic,0,0,0,1.0,-1.0,M,Battery,0,1,Battery,1,Medium,1
Male,25 - 45,African-American,0,0,0,4.0,0.0,F,Pos Cannabis W/Intent Sel/Del,0,0,,4,Medium,0
Male,Greater than 45,Caucasian,0,0,0,2.0,-1.0,F,Possession of Cocaine,1,0,,2,Low,1
Female,25 - 45,Asian,0,0,0,2.0,-1.0,F,arrest case no charge,0,0,,2,Low,0
Male,25 - 45,African-American,0,0,0,1.0,0.0,F,Possession of Cocaine,0,0,,1,Low,0
Male,25 - 45,Hispanic,0,0,0,0.0,0.0,F,Aggrav Battery w/Deadly Weapon,0,0,,0,Low,0
Male,Greater than 45,Hispanic,0,0,0,1.0,-1.0,F,arrest case no charge,0,0,Driving License Suspended,1,Medium,0
Male,Less than 25,African-American,0,1,0,1.0,-1.0,F,Att Burgl Unoccupied Dwel,1,1,Battery Upon Detainee,1,High,1
Female,Less than 25,Caucasian,0,0,3,5.0,-1.0,F,arrest case no charge,1,0,Possess Drug Paraphernalia,5,Medium,1
Male,Greater than 45,Hispanic,0,0,0,3.0,-1.0,F,Possession of Cocaine,1,0,Driving License Suspended,3,Medium,1
Female,25 - 45,Other,0,0,0,2.0,-1.0,F,Felony Battery (Dom Strang),0,0,,2,Low,0
Male,Less than 25,African-American,0,0,0,0.0,-1.0,M,Battery,1,0,Possession Of Heroin,0,Low,1
Male,Greater than 45,Asian,0,0,0,3.0,-1.0,F,Aggravated Battery,1,1,Robbery / No Weapon,3,Medium,1
Male,Greater than 45,Caucasian,0,0,0,0.0,0.0,M,Driving License Suspended,0,0,,0,Low,0
Female,Less than 25,African-American,0,0,0,4.0,0.0,F,Possession of Cocaine,1,1,Grand Theft (Motor Vehicle),4,High,1
Male,Greater than 45,African-American,0,0,0,0.0,-1.0,M,Possess Cannabis/20 Grams Or Less,0,0,,0,Low,0
Male,25 - 45,Native American,0,0,0,1.0,-1.0,F,Possession of Cocaine,1,0,Resist/Obstruct W/O Violence,1,Low,1
Male,Greater than 45,Caucasian,0,0,0,0.0,0.0,M,Pos Cannabis W/Intent Sel/Del,1,0,Possession Of Heroin,0,Low,1
Male,25 - 45,Asian,0,0,1,1.0,0.0,F,Burgl Dwel/Struct/Convey Armed,0,0,,1,Low,0
Female,25 - 45,Caucasian,0,0,0,1.0,-1.0,F,Possession of Oxycodone,1,0,Driving License Suspended,1,High,1
Male,25 - 45,Asian,0,0,0,3.0,-22.0,M,Fleeing or Eluding a LEO,0,0,,3,Low,0
Male,25 - 45,African-American,0,0,0,6.0,-1.0,F,Possession of Cocaine,1,0,,6,High,1
Male,Greater than 45,Caucasian,0,0,0,5.0,0.0,M,Viol Injunct Domestic Violence,1,1,Viol Injunction Protect Dom Vi,5,Low,1
Male,25 - 45,African-American,0,0,0,0.0,0.0,F,Possession of Cocaine,0,0,,0,Low,0
Male,Less than 25,African-American,0,0,0,0.0,0.0,F,Aggrav Battery w/Deadly Weapon,1,1,Fraudulent Use Credit Card,0,Medium,1
Male,25 - 45,Native American,0,0,0,1.0,-1.0,F,arrest case no charge,0,0,,1,Low,0
Male,25 - 45,Hispanic,0,0,0,0.0,0.0,M,DUI Property Damage/Injury,0,0,,0,Low,0
Male,25 - 45,African-American,0,0,0,14.398497461871662,0.0,F,Felony Driving While Lic Suspd,0,0,,15,High,0
Female,Greater than 45,Other,0,0,0,2.0,-1.0,F,Possession of Cocaine,1,0,Resist/Obstruct W/O Violence,2,Low,1
Female,25 - 45,African-American,0,0,0,3.0,-1.0,F,Aggravated Assault W/Dead Weap,1,0,Driving License Suspended,3,Medium,1
Male,25 - 45,African-American,0,0,0,1.0,-1.0,F,Driving While License Revoked,0,0,,1,Low,0
Male,Less than 25,Native American,0,0,0,4.0,-1.0,F,Grand Theft in the 3rd Degree,1,1,Stalking (Aggravated),4,High,1
Male,25 - 45,Asian,3,1,0,13.0,-1.0,F,arrest case no charge,1,0,,13,Medium,1
Male,25 - 45,Native American,0,1,1,8.0,-1.0,F,Poss Pyrrolidinovalerophenone,1,0,Susp Drivers Lic 1st Offense,8,High,1
Male,25 - 45,Asian,0,0,0,11.0,0.0,F,Resist Officer w/Violence,1,0,Resist/Obstruct W/O Violence,11,Medium,1
Male,25 - 45,Hispanic,0,0,0,5.0,0.0,F,arrest case no charge,1,1,Battery,5,Medium,1
Male,25 - 45,Native American,0,0,0,7.0,-1.0,M,Unlaw Use False Name/Identity,1,0,,7,Medium,1
Female,Greater than 45,Asian,0,0,0,0.0,-1.0,F,Grand Theft in the 3rd Degree,0,0,,0,Low,0
Male,25 - 45,Caucasian,0,0,0,2.0,-1.0,M,arrest case no charge,0,0,,2,Medium,0
Male,25 - 45,African-American,0,0,0,0.0,-1.0,F,"Poss3,4 Methylenedioxymethcath",0,0,,0,Low,0
Male,25 - 45,Hispanic,0,0,0,0.0,0.0,M,Aggravated Battery,0,0,,0,Low,0
Female,25 - 45,Caucasian,0,0,0,1.0,-3.0,F,Battery on Law Enforc Officer,1,0,Resist/Obstruct W/O Violence,1,Low,1
Male,25 - 45,Asian,0,0,0,0.0,0.0,M,Battery,0,0,,0,Low,0
Male,25 - 45,Caucasian,0,0,0,7.0,-1.0,F,Possession of Hydrocodone,1,0,Driving License Suspended,7,High,1
Male,25 - 45,African-American,0,0,0,3.0,-4.0,M,Operating W/O Valid License,1,0,,3,Low,1
Male,25 - 45,African-American,0,0,1,5.0,-1.0,F,Possession of Cocaine,1,1,Robbery / No Weapon,5,High,1
Male,25 - 45,Caucasian,0,0,0,2.0,-1.0,M,DUI Property Damage/Injury,1,0,Driving License Suspended,2,Low,1
Female,25 - 45,African-American,0,0,0,6.0,0.0,F,Grand Theft in the 3rd Degree,0,0,,6,Medium,0
Male,Less than 25,African-American,0,0,0,0.0,-1.0,M,Battery,0,0,,0,Low,0
Male,25 - 45,Caucasian,0,0,0,0.0,0.0,F,Driving While License Revoked,0,0,,0,Low,0
Male,25 - 45,Hispanic,0,0,0,15.562394431655296,-1.0,F,Poss Wep Conv Felon,1,0,Resist/Obstruct W/O Violence,16,High,1
Male,Greater than 45,Hispanic,0,0,0,2.0,-1.0,M,Viol Injunct Domestic Violence,0,0,,2,Low,0
Female,Greater than 45,Caucasian,0,0,0,1.0,-1.0,M,Battery,1,0,Possession Of Heroin,1,Low,1
Female,Less than 25,Caucasian,0,0,1,6.0,0.0,F,Felony Battery,1,1,Battery,6,High,1
Male,25 - 45,African-American,0,0,0,0.0,-1.0,F,Poss Wep Conv Felon,0,0,,0,High,0
Male,25 - 45,African-American,0,0,0,1.0,0.0,F,Felony Driving While Lic Suspd,0,0,,1,Medium,0
Male,Less than 25,Hispanic,0,0,1,2.0,-1.0,F,Grand Theft in the 3rd Degree,0,0,,2,Medium,0
Female,Greater than 45,Native American,0,0,0,0.0,-1.0,M,"Deliver 3,4 Methylenediox",1,0,Resist/Obstruct W/O Violence,0,Low,1
Male,Greater than 45,Asian,0,0,0,4.0,0.0,F,Aggravated Battery,0,0,,4,Medium,0
Male,Greater than 45,Caucasian,0,0,0,9.0,0.0,F,Possession of Cocaine,0,0,,9,Medium,0
Male,25 - 45,Asian,0,0,0,9.0,-1.0,M,Battery,1,0,Driving License Suspended,9,Medium,1
Male,25 - 45,African-American,0,0,0,8.0,-1.0,F,Driving While License Revoked,1,0,Resist/Obstruct W/O Violence,8,High,1
Male,25 - 45,Hispanic,0,0,0,2.0,-1.0,F,Grand Theft in the 3rd Degree,0,0,,2,High,0
Male,Less than 25,Other,0,0,0,0.0,-1.0,F,Grand Theft in the 3rd Degree,1,0,Possession of Cannabis,0,Low,1
Male,Greater than 45,Hispanic,0,0,0,1.0,-1.0,F,arrest case no charge,0,0,,1,Low,0
Male,Less than 25,Asian,0,0,0,0.0,-1.0,M,Resist/Obstruct W/O Violence,1,0,Unlaw Use False Name/Identity,0,Low,1
Male,Less than 25,Other,0,0,0,1.0,-1.0,F,arrest case no charge,0,0,,1,Medium,0
Male,Greater than 45,Other,0,0,0,21.97124597483251,-1.0,F,Felony Driving While Lic Suspd,1,0,,22,Medium,1
Female,25 - 45,Caucasian,0,0,0,1.0,-22.0,F,Possession of Cocaine,1,0,Driving License Suspended,1,Low,1
Male,Less than 25,Native American,0,0,0,1.0,-1.0,F,Burglary Structure Unoccup,1,0,Resist/Obstruct W/O Violence,1,Low,1
Female,25 - 45,African-American,0,0,0,5.0,16.11429798237875,F,arrest case no charge,0,0,,5,Low,0
Female,Greater than 45,Hispanic,0,0,0,0.0,-1.0,F,Aggravated Battery / Pregnant,0,0,,0,Low,0
Male,25 - 45,Asian,0,0,0,14.280086891918568,-1.0,F,Possession of Cocaine,0,0,,14,High,0
Male,25 - 45,Caucasian,0,0,0,5.0,-1.0,F,arrest case no charge,0,0,,5,Low,0
Male,25 - 45,Asian,0,0,0,1.0,0.0,F,"Poss3,4 Methylenedioxymethcath",1,0,Driving License Suspended,1,Low,1
Female,25 - 45,Native American,0,0,0,4.0,2.5492571373885013,M,Battery,1,0,,4,Medium,1
Male,25 - 45,Other,0,0,0,0.0,-1.0,M,Driving License Suspended,0,0,,0,High,0
Male,Less than 25,African-American,0,0,0,0.0,-1.0,M,Battery,1,0,Resist/Obstruct W/O Violence,0,High,1
Male,Greater than 45,Hispanic,0,0,0,0.0,-2.0,F,Poss Cocaine/Intent To Del/Sel,0,0,,0,Low,0
Female,Less than 25,Other,0,0,0,2.0,-1.0,M,arrest case no charge,1,0,,2,Medium,0
Male,25 - 45,Hispanic,1,3,0,10.0,-1.0,F,Driving While License Revoked,1,0,Unlaw Use False Name/Identity,9,High,1
Male,Greater than 45,African-American,0,0,0,10.0,-1.0,F,Possession of Cocaine,0,0,,10,Low,0
Male,Greater than 45,African-American,0,0,0,0.0,-1.0,M,Battery,1,0,Possession of Cannabis,0,Low,1
Male,25 - 45,African-American,0,0,0,0.0,-1.0,F,Crim Use of Personal ID Info,0,0,,0,Low,0
Male,25 - 45,Asian,0,0,0,2.0,-1.0,F,Crimin Mischief Damage $1000+,1,1,Throw Deadly Missile Into Veh,2,Medium,1
Female,Less than 25,Hispanic,0,1,0,2.0,-12.0,F,Deliver Cannabis,1,0,Driving License Suspended,2,Medium,0
Male,25 - 45,African-American,0,0,0,4.0,-26.0,F,arrest case no charge,1,1,Battery,4,Low,1
Male,Greater than 45,Caucasian,0,0,0,1.0,-1.0,F,arrest case no charge,1,0,,1,Low,1
Female,Less than 25,Other,0,0,0,2.0,0.0,F,Burglary Conveyance Occupied,1,0,,2,Medium,1
Female,Less than 25,African-American,0,0,0,0.0,-1.0,M,Battery,0,0,,0,Medium,0
Male,Greater than 45,African-American,0,0,0,1.0,-1.0,M,Battery,0,0,,1,Low,0
Male,25 - 45,African-American,0,0,0,0.0,-1.0,M,Battery,0,0,,0,Low,0
Male,25 - 45,Other,0,0,0,0.0,-1.0,F,Possession of Cocaine,1,0,Unlaw Use False Name/Identity,0,Low,1
Male,Greater than 45,Hispanic,0,0,0,2.0,-1.0,F,Felony Petit Theft,1,0,Resist/Obstruct W/O Violence,2,Low,1
Male,25 - 45,Caucasian,0,0,0,1.0,0.0,M,Battery on Law Enforc Officer,1,0,Driving License Suspended,1,Low,1
Male,Less than 25,Hispanic,0,2,6,2.0,-3.0,F,Sex Offender Fail Comply W/Law,1,1,Agg Battery Grt/Bod/Harm,2,High,1
Male,Less than 25,Other,0,0,0,1.0,9.495486683946275,F,Sel/Pur/Mfr/Del Control Substa,0,0,,1,Medium,0
Male,25 - 45,Native American,0,0,0,4.0,0.0,F,Burglary Dwelling Occupied,1,1,Viol Pretrial Release Dom Viol,4,Medium,1
Male,25 - 45,Other,0,0,0,2.0,-1.0,F,Burglary Dwelling Occupied,1,0,Resist/Obstruct W/O Violence,2,Medium,1
Male,25 - 45,Native American,1,0,0,5.0,0.0,F,Felony Battery w/Prior Convict,0,0,,5,Medium,0
Male,25 - 45,Native American,0,0,0,0.0,-5.920138032598803,M,Fail Register Vehicle,1,0,Driving License Suspended,0,Low,1
Male,25 - 45,Asian,0,0,0,0.0,0.0,F,Aggravated Battery,0,0,,0,Low,0
Male,25 - 45,African-American,0,0,0,1.0,-1.0,F,Cruelty Toward Child,0,0,,1,Low,0
Male,Greater than 45,Native American,0,0,0,12.0,-1.0,F,Felony Petit Theft,1,0,,13,Low,1
Female,25 - 45,African-American,0,0,0,8.0,-23.0,F,arrest case no charge,1,0,Resist/Obstruct W/O Violence,8,Medium,0
Male,25 - 45,African-American,0,0,0,15.348972888329094,-1.0,F,Grand Theft (Motor Vehicle),1,0,Resist/Obstruct W/O Violence,16,High,1
Male,25 - 45,Native American,0,0,0,2.0,0.0,F,Aggravated Assault W/dead Weap,0,0,,2,Low,0
Female,25 - 45,Caucasian,0,0,0,2.0,-1.0,M,Susp Drivers Lic 1st Offense,1,0,Driving License Suspended,2,Low,1
Female,25 - 45,Other,0,0,0,5.0,0.0,F,Battery on Law Enforc Officer,1,1,Battery,5,Medium,1
Male,25 - 45,Caucasian,0,0,0,2.0,-1.0,F,arrest case no charge,1,0,Driving License Suspended,2,Low,1
Male,25 - 45,Caucasian,0,2,0,2.0,-22.0,M,Viol Injunct Domestic Violence,0,0,,2,Low,0
Male,Greater than 45,Caucasian,0,0,0,0.0,0.0,M,Robbery / No Weapon,0,0,,0,Low,0
Male,Less than 25,Hispanic,0,0,0,0.0,-1.0,F,arrest case no charge,0,0,,0,Low,0
Male,25 - 45,Caucasian,0,0,0,0.0,0.0,M,Lve/Scen/Acc/Veh/Prop/Damage,0,0,,0,Low,0
Male,25 - 45,Native American,0,0,0,5.0,0.0,F,Driving While License Revoked,0,0,,5,Medium,0
Male,Greater than 45,Caucasian,0,0,0,1.0,-1.0,M,Viol Injunct Domestic Violence,1,0,,1,Low,1
Male,Greater than 45,Hispanic,0,0,0,5.0,-1.0,F,Driving While License Revoked,0,0,,5,Low,0
Male,25 - 45,Hispanic,2,2,1,19.0,-1.0,F,DUI Level 0.15 Or Minor In Veh,1,0,Unlaw LicTag/Sticker Attach,19,High,1
Female,25 - 45,Native American,0,0,0,2.0,-1.0,M,Battery,1,0,,2,Low,0
Male,Less than 25,African-American,0,0,0,2.0,-1.0,M,Battery,1,0,Driving License Suspended,2,Low,1
Male,Less than 25,Asian,0,0,0,0.0,-1.0,F,Pos Cannabis W/Intent Sel/Del,0,0,,0,Low,0
Male,25 - 45,Native American,0,0,0,2.0,-10.0,F,arrest case no charge,0,0,,2,Low,1
Female,25 - 45,Native American,0,0,0,3.0,-1.0,M,Battery,0,0,,3,Low,0
Male,Greater than 45,African-American,0,0,0,3.0,-1.0,F,Burglary Conveyance Unoccup,1,0,Resist/Obstruct W/O Violence,3,Low,1
Male,Greater than 45,Native American,0,0,0,8.0,0.0,F,Possession of Cocaine,1,0,,8,Low,1
Male,Less than 25,Asian,0,0,0,0.0,0.0,F,Grand Theft in the 3rd Degree,0,0,,0,Medium,0
Male,25 - 45,Other,0,0,0,3.0,0.0,F,Solicitation On Felony 3 Deg,1,0,Resist/Obstruct W/O Violence,3,Medium,1
Male,Greater than 45,African-American,0,0,0,4.0,-3.0,M,Assault,0,0,,4,Medium,0
Male,25 - 45,Caucasian,3,1,0,10.0,-1.0,F,DUI- Enhanced,1,1,Felony Petit Theft,10,High,1
Male,25 - 45,Hispanic,0,3,1,8.0,-1.0,M,Battery,1,0,Driving License Suspended,8,High,1
Male,Greater than 45,Hispanic,0,0,0,1.0,-1.0,M,Battery,0,0,,1,Medium,0
Male,Less than 25,Caucasian,0,0,0,1.0,-13.0,F,Solicitation On Felony 3 Deg,0,0,,1,Medium,0
Male,25 - 45,African-American,0,2,2,12.0,-1.0,F,Corrupt Public Servant,0,0,,10,High,0
Male,Less than 25,Native American,0,0,0,0.0,-1.0,F,Felony Battery (Dom Strang),1,0,,0,Low,1
Male,25 - 45,Caucasian,0,0,0,0.0,-1.0,F,Aggravated Battery / Pregnant,0,0,,0,Low,0
Male,Less than 25,Hispanic,0,0,0,1.0,-1.0,F,Burglary Structure Unoccup,0,0,,1,Low,0
Female,Greater than 45,Caucasian,0,0,0,2.0,-1.0,F,Possession of Cocaine,0,0,,2,Low,0
Male,Less than 25,Hispanic,0,0,1,0.0,-1.0,M,Petit Theft,1,0,Possession Of Heroin,0,Low,1
Male,Greater than 45,Other,0,0,0,12.0,-1.0,F,Felony Driving While Lic Suspd,0,0,,12,Low,0
Male,Less than 25,Asian,0,0,0,1.0,-1.0,F,Poss Cocaine/Intent To Del/Sel,1,0,Driving License Suspended,1,Medium,1
Male,Greater than 45,Hispanic,0,0,0,1.0,0.0,F,arrest case no charge,1,0,,1,Low,1
Male,Less than 25,Hispanic,0,0,0,0.0,-1.0,M,Battery,0,0,,0,Low,0
Male,25 - 45,Native American,1,0,0,3.0,-1.0,F,Burglary Dwelling Assault/Batt,1,1,Felony Petit Theft,3,High,1
Male,Less than 25,Hispanic,0,0,0,3.0,-1.0,M,Petit Theft,1,1,Battery,3,High,1
Male,Greater than 45,Caucasian,0,0,0,2.0,-1.0,M,arrest case no charge,0,0,,2,Low,0
Female,25 - 45,Caucasian,0,0,0,1.0,-1.0,F,Agg Battery Grt/Bod/Harm,0,0,,1,High,0
Male,25 - 45,Hispanic,0,0,0,0.0,-1.0,F,Burglary Structure Unoccup,0,0,,0,Low,0
Male,Less than 25,African-American,0,0,0,2.0,-1.0,F,Battery,1,0,,2,Low,1
Female,Less than 25,Asian,0,0,0,1.0,-1.0,F,Grand Theft in the 3rd Degree,0,0,,1,Medium,0
Female,Less than 25,African-American,0,0,0,0.0,-1.0,M,Battery,0,0,,0,Low,0
Male,Less than 25,African-American,0,0,0,8.0,-1.0,F,Grand Theft in the 3rd Degree,1,0,Possession Of Heroin,8,High,0
Female,Less than 25,Native American,0,0,0,0.0,-1.0,M,Criminal Mischief Damage <$200,1,1,Battery,0,Low,1
Male,25 - 45,Native American,0,0,0,1.0,-1.0,F,arrest case no charge,0,0,,1,Low,0
Male,25 - 45,Native American,0,0,0,2.0,-23.122005444431803,F,Agg Battery Grt/Bod/Harm,0,0,,2,Low,0
Male,Less than 25,Other,0,0,0,0.0,-1.0,F,Grand Theft in the 3rd Degree,0,0,,0,Medium,0
Male,25 - 45,Caucasian,0,0,0,1.0,0.0,F,arrest case no charge,1,0,Resist/Obstruct W/O Violence,1,Low,1
Male,25 - 45,African-American,0,0,0,0.0,0.0,F,Corrupt Public Servant,0,0,,0,Medium,0
Male,Greater than 45,Other,0,0,0,9.0,-1.0,F,Burglary Structure Unoccup,1,0,,9,Low,1
Male,Less than 25,Caucasian,0,0,0,7.617610692984767,-1.0,F,Felony Battery (Dom Strang),1,0,Driving License Suspended,8,Low,1
Female,25 - 45,Caucasian,0,0,0,0.0,-1.0,F,Possession of Cocaine,0,0,,0,Medium,0
Male,Greater than 45,African-American,0,0,0,8.0,-23.607389336148046,F,arrest case no charge,1,0,,8,High,1
Male,25 - 45,Other,0,0,0,4.0,-1.0,M,Battery,1,0,Possession Of Heroin,4,Low,1
Male,Greater than 45,Caucasian,0,0,0,0.0,-1.0,F,Possession of Codeine,0,0,,0,Low,0
Male,Greater than 45,African-American,0,0,0,0.0,-1.0,M,Battery,1,0,Driving License Suspended,0,Low,1
Male,Less than 25,Caucasian,0,0,0,0.0,0.0,M,DUI - Enhanced,0,0,,0,Low,0
Male,25 - 45,Other,0,0,0,9.0,0.0,F,Possession of Cocaine,1,0,Driving License Suspended,9,High,1
Male,25 - 45,Hispanic,0,0,0,18.71257051889366,-1.0,F,Felony Petit Theft,1,1,Throw Deadly Missile Into Veh,19,High,1
Male,25 - 45,Native American,0,0,0,0.0,-1.0,M,Battery,0,0,,0,Low,0
Female,Greater than 45,Other,0,0,0,0.0,-1.0,F,Possession of Cocaine,0,0,,0,Low,0
Male,25 - 45,Hispanic,0,0,0,0.0,0.0,F,Carrying Concealed Firearm,0,0,,0,Low,0
Male,Greater than 45,African-American,0,0,0,5.0,-1.0,F,Possession of Cocaine,1,0,Resist/Obstruct W/O Violence,5,Low,1
Male,25 - 45,African-American,0,0,0,5.0,0.0,M,Felony Battery (Dom Strang),1,0,Driving License Suspended,5,Medium,1
Male,25 - 45,Hispanic,0,0,0,2.0,-1.0,F,Grand Theft in the 3rd Degree,0,0,Driving License Suspended,2,Medium,0
Male,Less than 25,Native American,0,0,3,3.0,-1.0,F,Aggravated Assault W/Dead Weap,1,1,Battery,3,High,1
Male,Greater than 45,Asian,0,0,0,3.0,-1.0,F,Tampering With Physical Evidence,0,0,,3,Low,0
Female,Greater than 45,Asian,0,0,0,6.0,-1.0,F,Felony Petit Theft,0,0,,6,Low,0
Male,Greater than 45,African-American,0,0,0,0.0,0.0,M,Felony Battery (Dom Strang),0,0,,0,Low,0
Female,Greater than 45,Caucasian,0,0,0,2.0,-1.0,M,Viol Prot Injunc Repeat Viol,1,0,,2,Low,1
Female,25 - 45,African-American,0,0,0,3.0,-1.0,M,Battery,1,0,Driving License Suspended,3,Low,1
Male,Less than 25,African-American,1,0,0,11.418713925842397,0.0,F,Possession of Cocaine,1,0,Resist/Obstruct W/O Violence,11,High,1
Female,25 - 45,African-American,0,0,0,4.0,-1.0,F,Possession of Cocaine,1,0,Possession Of Heroin,4,High,1
Male,25 - 45,Other,0,0,0,6.0,-1.0,M,Assault,0,0,,6,Low,0
Male,25 - 45,Asian,0,0,0,0.0,0.0,F,Possession Burglary Tools,1,0,Unlaw Use False Name/Identity,0,Medium,1
Male,25 - 45,African-American,0,0,0,16.0,-2.0,F,Driving While License Revoked,1,0,Driving License Suspended,15,High,1
Female,Less than 25,Hispanic,0,0,0,0.0,0.0,F,Grand Theft in the 3rd Degree,0,0,,0,Medium,0
Male,Greater than 45,Native American,0,0,0,17.0,-1.0,F,arrest case no charge,1,0,,16,High,1
Male,25 - 45,Native American,0,0,0,0.0,-1.0,F,Felony Driving While Lic Suspd,0,0,,0,Low,0
Male,Greater than 45,Hispanic,0,0,0,1.0,-1.0,F,Driving While License Revoked,0,0,,1,Low,0
Male,Greater than 45,Caucasian,0,0,0,1.0,-1.0,F,Possession of Cocaine,1,0,,1,Low,1
Male,25 - 45,Native American,0,0,1,8.0,0.0,M,arrest case no charge,1,1,Robbery W/Firearm,8,Medium,1
Male,Greater than 45,Hispanic,0,0,0,1.0,0.0,M,Battery,0,0,,1,Low,0
Female,25 - 45,African-American,0,0,0,2.0,-1.0,F,Grand Theft in the 3rd Degree,1,0,,2,Low,1
Female,Greater than 45,Hispanic,0,0,0,0.0,-3.0,M,Crim Use of Personal ID Info,1,1,Battery,0,Low,1
Female,25 - 45,Caucasian,0,0,0,1.0,0.0,M,Battery,0,0,,1,Low,0
Female,25 - 45,African-American,0,0,0,1.0,-1.0,F,arrest case no charge,0,0,,1,Low,0
Male,Less than 25,Asian,0,0,0,1.0,-1.0,M,Battery,1,0,Resist/Obstruct W/O Violence,1,Low,1
Male,25 - 45,Other,0,0,0,1.0,-1.0,F,Possession Of Heroin,1,0,,1,High,1
Male,Greater than 45,Other,0,0,0,13.0,-1.0,M,Viol Injunction Protect Dom Vi,1,1,Grand Theft (Motor Vehicle),12,Medium,1
Male,25 - 45,Caucasian,0,0,0,6.0,0.0,F,Possession Burglary Tools,1,0,Resist/Obstruct W/O Violence,7,High,0
Male,25 - 45,Native American,0,0,0,1.0,-1.0,F,Grand Theft in the 3rd Degree,1,0,Resist/Obstruct W/O Violence,1,Low,1
Female,25 - 45,Asian,0,0,0,0.0,-1.0,M,Unauth C/P/S Sounds>1000/Audio,0,0,,0,Low,0
Male,25 - 45,Asian,0,0,0,0.0,-1.0,F,Grand Theft in the 3rd Degree,0,0,,0,Medium,0
Male,25 - 45,African-American,2,0,0,9.0,-1.0,M,Assault,1,0,Possession Of Heroin,9,High,1
Male,25 - 45,African-American,0,0,0,10.0,0.0,F,Possession of Cocaine,1,0,Driving License Suspended,10,High,1
Male,Greater than 45,Asian,0,0,0,9.0,-1.0,F,arrest case no charge,1,0,Resist/Obstruct W/O Violence,9,Low,1
Female,Greater than 45,Hispanic,0,0,0,2.0,-1.0,M,Assault,1,0,Possession Of Heroin,2,Medium,1
Male,Less than 25,Caucasian,0,0,0,0.0,-1.0,F,Fleeing or Eluding a LEO,0,0,,0,Low,0
Male,Less than 25,Native American,0,0,0,1.0,-22.35829706758066,F,arrest case no charge,0,0,,1,Low,0
Male,25 - 45,African-American,0,0,0,5.0,-1.0,M,Battery,1,0,Driving License Suspended,5,High,1
Male,Less than 25,African-American,0,0,1,0.0,0.0,F,Purchase Cannabis,1,0,Possession of Cannabis,0,Low,0
Female,25 - 45,Asian,0,0,0,0.0,-1.0,M,Battery,1,1,Fraudulent Use Credit Card,0,Low,0
Female,25 - 45,Hispanic,0,0,0,0.0,0.0,F,"Poss3,4 Methylenedioxymethcath",0,0,,0,Low,0
Male,25 - 45,Other,0,0,0,5.0,-1.0,M,Assault,1,0,Possession Of Heroin,5,Medium,0
Male,Less than 25,Other,0,0,0,0.0,-1.0,F,Burglary Structure Unoccup,1,1,Threat Public Servant,0,Medium,1
Male,25 - 45,African-American,0,1,0,1.0,-1.0,M,Battery,1,0,Unlaw Use False Name/Identity,1,Low,1
Female,Greater than 45,African-American,0,0,0,0.0,-1.0,M,Corrupt Public Servant,0,0,,0,Low,0
Male,25 - 45,Other,0,0,0,1.0,-1.0,F,Burglary Dwelling Occupied,0,0,,1,High,0
Male,25 - 45,Other,0,0,0,2.0,-1.0,M,Battery,0,0,,2,Low,0
Male,25 - 45,Hispanic,0,0,0,0.0,0.0,F,"Poss3,4 Methylenedioxymethcath",0,0,,0,Low,0
Male,25 - 45,Native American,0,0,0,0.0,-5.935593458157005,M,Burglary With Assault/battery,1,0,Unlaw Use False Name/Identity,0,Low,1
Female,25 - 45,Native American,0,0,0,3.0,-27.0,F,Burglary With Assault/battery,0,0,,3,Medium,0
Male,25 - 45,Asian,0,0,0,3.0,-1.0,F,Possession of Cocaine,0,0,,3,Low,0
Male,25 - 45,African-American,0,0,0,3.0,-1.0,F,Felony Driving While Lic Suspd,1,0,Driving License Suspended,3,Low,1
Male,Less than 25,Other,0,0,0,0.0,-1.0,F,DWLS Susp/Cancel Revoked,1,0,Resist/Obstruct W/O Violence,0,Medium,1
Male,25 - 45,Asian,0,0,0,4.0,0.0,F,Felony Battery (Dom Strang),0,0,Possession Of Heroin,4,Low,1
Male,Less than 25,African-American,0,0,0,1.0,-1.0,F,Grand Theft in the 3rd Degree,1,0,,1,Low,1
Male,25 - 45,African-American,2,0,0,14.0,0.0,F,"Deliver 3,4 Methylenediox",1,0,DUI- Enhanced,13,High,1
Female,Greater than 45,African-American,0,0,0,1.0,-1.0,F,Fleeing or Eluding a LEO,1,0,,1,Low,1
Female,25 - 45,Native American,0,0,0,0.0,0.0,F,Battery on a Person Over 65,0,0,,0,Low,0
Male,Greater than 45,Hispanic,0,0,0,0.0,0.0,F,Possession of Cocaine,0,0,,0,Low,0
Male,Greater than 45,Caucasian,0,0,0,3.0,-3.0,F,Grand Theft in the 3rd Degree,1,0,Driving License Suspended,3,Low,1
Male,Less than 25,Caucasian,0,0,0,1.0,-5.963906442331645,F,Aggravated Assault W/Dead Weap,0,0,,1,Medium,0
Male,25 - 45,Hispanic,1,0,0,2.0,-1.0,F,Uttering a Forged Instrument,0,0,,2,Medium,0
Male,25 - 45,Asian,0,0,0,0.0,-2.0,M,Susp Drivers Lic 1st Offense,1,0,Resist/Obstruct W/O Violence,0,Medium,1
Female,25 - 45,Caucasian,0,0,0,4.0,-2.0,F,Possession Of Alprazolam,1,0,Possession Of Heroin,4,Low,1
Male,25 - 45,African-American,0,0,0,14.512369934054014,0.0,F,Aggravated Assault w/Firearm,0,0,,14,Medium,0
Female,25 - 45,Caucasian,0,0,0,2.0,-1.0,M,Battery,0,0,,2,Low,0
Male,Less than 25,Hispanic,0,0,0,1.0,-1.0,F,arrest case no charge,0,0,,1,Medium,0
Male,Greater than 45,Native American,0,0,0,4.0,-1.0,F,Possession Of Alprazolam,1,0,Resist/Obstruct W/O Violence,4,Low,1
Male,25 - 45,Other,0,0,0,3.0,-1.0,F,arrest case no charge,0,0,,3,Low,0
Male,25 - 45,Asian,0,0,0,1.0,-1.0,F,arrest case no charge,0,0,,1,Low,0
Male,Less than 25,Other,0,0,0,0.0,-1.0,M,Possess Cannabis/20 Grams Or Less,1,0,Driving License Suspended,0,High,0
Male,25 - 45,African-American,0,0,0,9.0,-1.0,F,Felony Driving While Lic Suspd,1,0,,10,Medium,1
Male,Greater than 45,Asian,0,0,0,19.096504290664612,-1.0,F,Tamper With Witness/Victim/CI,0,0,,19,High,0
Male,25 - 45,Asian,0,1,1,7.0,0.0,F,Grand Theft in the 3rd Degree,1,0,Carrying Concealed Firearm,8,High,1
Male,Less than 25,African-American,0,0,0,1.0,0.0,F,Robbery / No Weapon,0,0,,1,Medium,0
Male,25 - 45,Native American,0,1,0,5.0,-1.0,F,Resist Officer w/Violence,0,0,,5,Medium,0
Male,Less than 25,Native American,0,0,1,0.0,-1.0,M,Assault,1,0,Possession of Cocaine,0,Medium,1
Male,Less than 25,Other,0,0,0,0.0,-1.0,F,Robbery / No Weapon,0,0,,0,Medium,0
Male,25 - 45,Other,0,0,0,3.0,-1.0,F,Possession of Cocaine,0,0,,3,Low,1
Male,25 - 45,Hispanic,0,0,0,4.0,-1.0,F,Burglary Conveyance Unoccup,1,0,Driving License Suspended,4,Low,1
Male,Less than 25,Asian,0,0,0,0.0,-1.0,F,Grand Theft in the 3rd Degree,1,0,,0,Low,0
Male,25 - 45,African-American,0,0,0,9.0,-5.964407984653654,F,arrest case no charge,0,0,,8,Medium,0
Female,25 - 45,Other,0,1,0,6.0,-21.040211400758828,F,Possession of Cocaine,1,0,,5,Medium,1
Female,25 - 45,Asian,0,0,0,5.0,-1.0,F,Driving While License Revoked,1,0,,5,Low,1
Male,25 - 45,Asian,0,0,0,0.0,-1.0,M,Battery,1,0,,0,Low,1
Male,25 - 45,African-American,0,0,0,0.0,0.0,F,Aggrav Battery w/Deadly Weapon,0,0,,0,Low,0
Male,25 - 45,Hispanic,0,0,0,0.0,0.0,F,arrest case no charge,0,0,,0,Low,0
Male,Less than 25,African-American,0,0,0,1.0,-1.0,F,arrest case no charge,1,1,Grand Theft (Motor Vehicle),1,Medium,1
Male,Greater than 45,Caucasian,0,0,0,0.0,-1.0,M,Leave Acc/Attend Veh/More $50,0,0,,0,Low,0
Male,25 - 45,Native American,0,0,0,5.0,-1.0,F,Felony Battery w/Prior Convict,0,0,,5,Medium,0
Male,Greater than 45,Caucasian,0,0,0,13.714010623540188,-1.0,M,Battery,1,1,Resist/Obstruct W/O Violence,13,Low,1
Male,Greater than 45,Caucasian,0,0,0,4.0,-1.0,M,Alcoholic Beverage Violation-FL,0,0,,4,Low,0
Male,25 - 45,Native American,0,0,0,1.0,-1.0,M,Battery,1,0,Driving License Suspended,1,Low,1
Female,25 - 45,Caucasian,0,0,0,1.0,0.0,M,Battery,1,0,Driving License Suspended,1,Low,1
Male,Less than 25,Hispanic,0,0,0,0.0,-1.0,F,Falsely Impersonating Officer,0,0,,0,Low,0
Male,Less than 25,Hispanic,0,1,0,3.0,-22.0,F,Grand Theft in the 3rd Degree,1,0,Resist/Obstruct W/O Violence,3,Medium,0
Male,Greater than 45,Caucasian,0,0,0,2.0,0.0,F,Agg Battery Grt/Bod/Harm,0,0,,2,Low,0
Male,25 - 45,Other,0,0,0,2.0,-1.0,M,Battery,1,0,,2,Low,1
Male,Greater than 45,Other,0,0,0,1.0,-1.0,M,Att Burgl Conv Occp,0,0,,1,Low,0
Male,25 - 45,Asian,0,0,0,0.0,-1.0,F,Grand Theft in the 3rd Degree,1,0,,0,Low,1
Female,Less than 25,Asian,0,0,0,1.0,-1.0,F,Aggrav Battery w/Deadly Weapon,0,0,,1,Low,0
Male,Less than 25,Native American,0,1,0,2.0,-6.0,F,Grand Theft in the 3rd Degree,1,0,,2,Medium,1
Male,25 - 45,African-American,0,0,0,0.0,-1.0,F,Aggravated Assault w/Firearm,0,0,,0,Low,0
Male,Greater than 45,African-American,0,0,0,22.385436997422453,-1.0,F,arrest case no charge,1,1,Robbery / No Weapon,22,High,1
Male,25 - 45,Asian,1,0,0,19.761270577400182,0.0,F,Driving While License Revoked,0,0,,19,High,0
Male,25 - 45,African-American,0,0,0,3.0,0.0,F,Felony Battery w/Prior Convict,1,0,,3,Medium,0
Female,25 - 45,Native American,0,0,0,0.0,0.0,F,Felony Driving While Lic Suspd,1,0,Resist/Obstruct W/O Violence,0,Medium,1
Female,Greater than 45,Caucasian,0,0,0,2.0,-1.0,F,Aggrav Battery w/Deadly Weapon,0,0,,2,Low,0
Male,25 - 45,Caucasian,0,0,0,1.0,0.0,F,Possess Drug Paraphernalia,0,0,,1,Low,0
Male,25 - 45,Other,0,0,0,1.0,-1.0,M,Battery,0,0,,1,Low,0
Male,25 - 45,Native American,0,0,0,0.0,0.0,F,arrest case no charge,1,1,Threat Public Servant,0,Low,1
Male,25 - 45,Hispanic,0,0,0,1.0,0.0,F,Possession of Cocaine,1,0,Driving License Suspended,1,Low,1
Male,25 - 45,African-American,0,0,0,3.0,-6.906742612068371,M,Battery,0,0,,3,Low,0
Male,Less than 25,Asian,0,0,0,0.0,-1.0,F,Possession of Cocaine,1,0,,0,Medium,1
Male,Less than 25,Caucasian,0,0,0,1.0,-1.0,F,Grand Theft in the 3rd Degree,1,0,Possession Of Heroin,1,Low,1
Male,Greater than 45,Caucasian,0,0,0,2.0,-2.0,F,Manufacture Cannabis,0,0,,2,Low,0
Female,Less than 25,Hispanic,0,0,0,0.0,-1.0,F,Grand Theft in the 3rd Degree,1,1,Stalking (Aggravated),0,Medium,1
Female,Less than 25,Caucasian,0,0,0,0.0,-1.0,M,Battery,0,0,,0,Medium,0
Male,Less than 25,Hispanic,0,0,0,0.0,0.0,M,Battery,0,0,,0,Low,0
Male,25 - 45,Other,0,0,0,4.0,-1.0,M,Assault,1,0,,4,Low,1
Male,Greater than 45,Other,0,0,0,7.0,0.0,F,Grand Theft (Motor Vehicle),1,0,Resist/Obstruct W/O Violence,6,Medium,1
Male,25 - 45,Asian,0,0,0,0.0,-1.0,M,Battery,0,0,,0,Low,0
Male,Greater than 45,Hispanic,0,0,0,0.0,-1.0,M,Viol Injunction Protect Dom Vi,0,0,,0,Low,0
Male,25 - 45,Native American,0,0,0,5.0,-1.0,F,arrest case no charge,1,1,Battery,5,High,1
Male,Less than 25,Asian,0,1,0,4.0,-1.0,M,Battery,1,0,Resist/Obstruct W/O Violence,4,Low,1
Male,25 - 45,African-American,0,1,0,19.0,0.0,F,Possession of Cocaine,1,0,Carrying Concealed Firearm,18,High,1
Female,Less than 25,African-American,1,0,0,6.0,-1.0,F,arrest case no charge,1,0,,6,High,1
Female,25 - 45,Caucasian,0,0,0,0.0,-4.0,F,Petit Theft $100- $300,0,0,,0,Low,0
Male,25 - 45,Caucasian,0,0,0,2.0,-1.0,M,Fleeing or Eluding a LEO,0,0,,2,Low,0
Male,Less than 25,Asian,0,0,0,0.0,0.0,F,Cruelty Toward Child,0,0,,0,Low,0
Male,Less than 25,Caucasian,0,2,0,6.0,-1.0,F,arrest case no charge,0,0,,6,High,0
Male,25 - 45,African-American,0,11,2,27.943621976758383,-1.0,F,Aggravated Battery / Pregnant,1,0,Operating W/O Valid License,27,High,1
Male,Less than 25,Asian,0,0,0,7.0,-1.0,F,Poss of Firearm by Convic Felo,1,0,,7,Medium,1
Male,Greater than 45,Other,0,0,0,0.0,-1.0,M,Agg Assault W/int Com Fel Dome,0,1,Criminal Mischief>$200<$1000,0,Low,1
Male,25 - 45,Asian,0,1,0,16.0,-1.0,F,Poss of Cocaine W/I/D/S 1000FT Park,1,1,Throw Deadly Missile Into Veh,15,High,1
Male,25 - 45,African-American,0,0,0,0.0,0.0,F,Driving While License Revoked,0,0,,0,High,0
Male,25 - 45,Other,0,0,0,2.0,-1.0,M,arrest case no charge,0,0,,2,Low,0
Male,Greater than 45,Other,0,0,0,2.0,-1.0,F,arrest case no charge,1,0,,2,Low,0
Male,25 - 45,Hispanic,0,0,0,0.0,-1.0,M,Battery,0,0,,0,Low,0
Male,Greater than 45,Other,0,0,0,1.0,-22.0,F,Aggravated Assault W/Dead Weap,0,0,,1,Low,1
Male,25 - 45,Asian,0,0,0,4.0,0.0,F,Aggravated Assault w/Firearm,1,0,Driving License Suspended,4,Low,1
Male,25 - 45,African-American,0,0,0,1.0,-1.0,F,arrest case no charge,0,0,,1,Low,0
Female,Greater than 45,Caucasian,0,0,0,0.0,0.0,M,Assault,0,0,,0,Low,0
Male,25 - 45,African-American,0,0,0,1.0,-1.0,F,Felony Driving While Lic Suspd,0,0,,1,Medium,0
Male,Greater than 45,Hispanic,0,0,0,0.0,-1.0,F,Possession of Cocaine,0,0,,0,Low,0
Male,Greater than 45,Caucasian,0,0,0,1.0,-6.578821269643225,F,arrest case no charge,0,0,,1,Low,0
Male,25 - 45,Hispanic,0,0,0,3.0,0.0,M,Driving While License Revoked,0,0,,3,Low,0
Male,25 - 45,Native American,0,0,0,0.0,0.0,F,Burglary Dwelling Occupied,0,0,,0,Low,0
Male,25 - 45,Caucasian,0,0,0,7.0,-1.0,M,Susp Drivers Lic 1st Offense,0,0,,7,Medium,0
Male,25 - 45,Caucasian,1,0,0,8.62205645833348,-1.0,F,Uttering a Forged Instrument,1,0,Driving License Suspended,9,Medium,1
Male,25 - 45,Hispanic,0,0,0,4.0,0.0,F,Felony Battery w/Prior Convict,1,0,Possession Of Heroin,4,Low,1
Male,25 - 45,Native American,0,0,0,0.0,-1.0,M,Operating W/O Valid License,0,0,,0,Low,0
Male,Greater than 45,Asian,0,0,0,0.0,-1.0,F,Grand Theft (Motor Vehicle),1,0,Unlaw Use False Name/Identity,0,Low,1
Male,25 - 45,Hispanic,0,0,0,12.0,-1.0,F,arrest case no charge,0,0,,13,High,0
Male,25 - 45,African-American,0,0,0,7.0,-1.0,F,Pos Cannabis W/Intent Sel/Del,1,0,Possession Of Heroin,7,High,1
Male,25 - 45,Other,0,0,0,0.0,-1.0,F,Felony Battery (Dom Strang),0,0,,0,Low,0
Male,Less than 25,Hispanic,0,0,0,0.0,-1.0,M,Grand Theft (Motor Vehicle),1,0,Possession of Cocaine,0,Medium,1
Female,25 - 45,Hispanic,0,0,0,1.0,-21.69457938254483,M,Battery,0,0,,1,Low,0
Female,25 - 45,Native American,0,0,0,0.0,-1.0,M,Battery,0,0,,0,Low,0
Male,Greater than 45,Caucasian,0,0,0,2.0,-15.578222181582627,M,Voyeurism,1,1,Aggrav Battery w/Deadly Weapon,2,Low,1
Male,25 - 45,African-American,0,0,0,0.0,-1.0,M,Driving While License Revoked,1,0,,0,Low,1
Male,Greater than 45,Asian,0,0,0,1.0,-1.0,F,Cruelty Toward Child,0,0,,1,Low,0
Male,Less than 25,African-American,0,0,0,2.0,-1.0,M,DWLS Susp/Cancel Revoked,1,0,Driving License Suspended,2,High,1
Male,Greater than 45,Native American,0,0,0,1.0,-4.0,F,Possession of Oxycodone,0,0,,1,Low,0
Male,Less than 25,Hispanic,0,0,3,1.0,-25.0,F,Possession of Cocaine,0,0,,1,High,0
Female,25 - 45,African-American,0,0,0,0.0,0.0,M,Battery,0,0,,0,Low,0
Male,25 - 45,African-American,0,0,0,0.0,-1.0,F,Possession of Cocaine,0,0,,0,High,0
Male,25 - 45,African-American,0,0,0,4.0,-1.0,F,arrest case no charge,1,0,,4,High,1
Female,Less than 25,Other,0,0,0,0.0,-1.0,F,Grand Theft in the 3rd Degree,0,0,,0,Low,0
Female,Less than 25,Asian,0,0,0,0.0,-1.0,F,Grand Theft in the 3rd Degree,0,0,,0,Low,0
Male,25 - 45,Other,0,0,0,2.0,-1.0,F,Grand Theft in the 3rd Degree,0,0,,2,Low,1
Male,25 - 45,Asian,0,0,0,3.0,-1.0,F,Grand Theft in the 3rd Degree,0,0,,3,Low,0
Female,Greater than 45,Caucasian,0,0,0,0.0,-2.0,F,Possession of Oxycodone,0,0,,0,Low,0
Male,Greater than 45,Other,0,0,0,1.0,-1.0,M,Assault,1,1,Battery,1,Medium,0
Male,Less than 25,Caucasian,0,0,0,5.0,0.0,F,Possession of Cocaine,1,0,Driving License Suspended,5,Low,0
Male,Less than 25,Other,0,0,0,0.0,-1.0,M,Battery,0,0,,0,Medium,0
Female,Less than 25,African-American,0,0,0,5.0,-1.0,F,Aggravated Assault W/Dead Weap,0,0,,5,Medium,0
Male,Greater than 45,Native American,0,0,0,1.0,-1.0,F,arrest case no charge,0,0,,1,Low,0
Male,25 - 45,Hispanic,1,0,0,3.0,-1.0,M,Battery,1,1,Battery,3,High,1
Male,25 - 45,Asian,0,0,0,4.0,-1.0,F,Driving While License Revoked,0,0,,4,Low,0
Male,25 - 45,Other,0,0,0,2.0,-1.0,M,Criminal Mischief Damage <$200,1,1,Culpable Negligence,2,Low,1
Male,25 - 45,Caucasian,0,0,0,1.0,-1.0,M,Susp Drivers Lic 1st Offense,0,0,,1,Low,0
Male,Greater than 45,Caucasian,0,0,0,0.0,0.0,F,arrest case no charge,0,0,,0,Low,0
Male,Greater than 45,Hispanic,0,0,0,1.0,-19.049603055514005,F,Aggravated Assault W/dead Weap,0,0,,1,Low,0
Male,Less than 25,Native American,0,0,0,0.0,-1.0,F,Possession Burglary Tools,0,0,,0,Low,0
Male,25 - 45,African-American,0,0,0,3.0,0.0,F,arrest case no charge,1,1,Aggravated Battery / Pregnant,3,Low,1
Female,25 - 45,Caucasian,0,0,0,1.0,-1.0,F,arrest case no charge,1,0,Resist/Obstruct W/O Violence,1,Medium,1
Male,25 - 45,African-American,0,0,0,0.0,-1.0,F,Burglary Conveyance Unoccup,0,0,,0,High,0
Male,25 - 45,Asian,0,0,0,0.0,0.0,M,Resist Officer w/Violence,0,0,,0,Low,0
Male,Greater than 45,Caucasian,0,0,0,1.0,-1.0,M,Battery,0,0,,1,Low,0
Male,25 - 45,African-American,0,0,0,2.0,-1.0,F,Burglary Unoccupied Dwelling,1,0,Resist/Obstruct W/O Violence,2,Medium,1
Male,Greater than 45,Asian,0,0,0,0.0,0.0,M,Poss Of RX Without RX,0,0,,0,Low,0
Male,25 - 45,Other,0,0,0,2.0,-1.0,M,Burglary Structure Unoccup,0,0,,2,Low,1
Female,25 - 45,Other,0,0,0,0.0,-1.0,M,Battery,1,0,Unlaw Use False Name/Identity,0,Low,1
Female,Less than 25,Hispanic,0,3,1,4.0,-1.0,M,arrest case no charge,1,0,Driving License Suspended,4,High,1
Male,25 - 45,Other,0,0,0,1.0,-1.0,F,Aggravated Assault W/Dead Weap,0,0,,1,Low,0
Male,25 - 45,Native American,0,0,0,11.825305042394229,-1.0,F,Tampering With Physical Evidence,1,0,Resist/Obstruct W/O Violence,11,High,1
Female,25 - 45,Native American,0,0,0,0.0,-3.0,F,Grand Theft in the 3rd Degree,0,0,,0,Low,0
Female,25 - 45,Asian,0,0,1,2.0,-1.0,F,Burglary Structure Unoccup,1,0,Susp Drivers Lic 1st Offense,2,High,1
Male,Greater than 45,Other,0,0,0,0.0,-1.0,F,Possession of Cocaine,0,0,,0,Low,0
Male,Less than 25,Asian,0,1,0,1.0,0.0,F,Grand Theft (Motor Vehicle),1,1,Robbery / No Weapon,1,High,1
Female,25 - 45,Asian,0,0,0,1.0,-3.0,M,Driving License Suspended,1,0,Driving License Suspended,1,Medium,1
Male,Greater than 45,Caucasian,0,0,0,0.0,-1.0,F,Felony Driving While Lic Suspd,0,0,,0,Low,0
Male,25 - 45,African-American,0,0,0,1.0,-1.0,M,Fail Register Vehicle,1,0,,1,Medium,0
Male,Greater than 45,Caucasian,0,0,0,1.0,-1.0,F,Possess Controlled Substance,0,0,,1,Low,0
Male,Greater than 45,Asian,0,0,0,1.0,-1.0,M,Possess Cannabis/20 Grams Or Less,1,0,Possession Of Heroin,1,Low,1
Male,25 - 45,Asian,0,0,0,0.0,-1.0,F,Felony Battery (Dom Strang),0,0,,0,Low,0
Male,25 - 45,Asian,0,0,0,0.0,0.0,F,"Poss3,4 Methylenedioxymethcath",0,0,,0,Low,0
Female,25 - 45,Caucasian,0,0,0,1.0,-1.0,M,Opert With Susp DL 2nd Offens,1,0,Possession Of Heroin,1,Low,1
Male,25 - 45,Native American,0,0,0,0.0,-1.0,F,Possession of Cocaine,0,0,,0,Low,0
Male,Greater than 45,Hispanic,0,0,0,1.0,-15.597271716475882,M,DWLS Susp/Cancel Revoked,0,0,,1,Low,0
Male,25 - 45,Hispanic,0,0,0,1.0,0.0,M,Battery,0,0,,1,Low,0
Male,25 - 45,African-American,0,0,0,0.0,0.0,M,Battery,0,0,,0,Low,0
Male,Greater than 45,Other,0,0,0,26.70457938658506,-10.0,M,arrest case no charge,0,0,,26,High,0
Female,25 - 45,African-American,0,0,0,1.0,-1.0,F,arrest case no charge,0,0,,1,High,0
Male,Less than 25,Caucasian,0,0,0,0.0,-1.0,F,arrest case no charge,1,0,Resist/Obstruct W/O Violence,0,Low,1
Male,Greater than 45,Native American,0,0,0,7.0,-1.0,F,Burglary Conveyance Unoccup,1,1,Viol Injunction Protect Dom Vi,6,Low,1
Male,Less than 25,African-American,0,0,0,0.0,-1.0,F,Poss Cocaine/Intent To Del/Sel,1,0,Possession of Cocaine,0,High,1
Male,25 - 45,Native American,0,12,1,20.929281459551227,0.0,F,Driving While License Revoked,1,0,Possession of Cannabis,20,High,1
Male,Less than 25,Native American,0,0,0,3.0,-1.0,F,arrest case no charge,1,0,Driving License Suspended,3,Medium,1
Male,Less than 25,Asian,0,0,0,4.0,-1.0,M,Battery,1,0,,4,Medium,1
Male,25 - 45,African-American,0,0,0,1.0,0.0,M,Battery,0,0,,1,Low,0
Female,Less than 25,Asian,0,0,0,2.0,-1.0,F,arrest case no charge,0,0,,2,Low,0
Male,25 - 45,Asian,0,0,0,0.0,-1.0,F,Battery,0,0,,0,Low,0
Male,25 - 45,Other,0,0,0,1.0,-1.0,F,Poss Pyrrolidinovalerophenone,1,0,,1,Low,1
Male,25 - 45,Caucasian,0,0,1,17.0,-1.0,F,Felony Petit Theft,1,0,Unlaw LicTag/Sticker Attach,17,High,1
Male,Less than 25,Asian,0,0,0,0.0,0.0,M,Battery,0,0,,0,Medium,0
Male,Greater than 45,Native American,0,0,0,9.0,0.0,M,arrest case no charge,0,0,,9,High,0
Male,25 - 45,Caucasian,0,0,0,0.0,-1.0,M,Battery,1,0,Possession of Cannabis,0,Low,1
Female,Greater than 45,Native American,0,0,0,4.0,-1.0,F,Poss Contr Subst W/o Prescript,1,0,Possession Of Heroin,4,Low,1
Female,25 - 45,Caucasian,0,0,0,0.0,0.0,M,Battery,0,0,,0,Low,0
Male,25 - 45,Caucasian,0,0,0,0.0,0.0,M,Susp Drivers Lic 1st Offense,0,0,,0,High,0
Male,Greater than 45,Hispanic,0,0,0,6.0,-1.0,F,Neglect Child / No Bodily Harm,1,1,Robbery / No Weapon,7,Low,1
Female,Less than 25,Asian,0,0,0,0.0,0.0,F,Grand Theft in the 3rd Degree,0,0,,0,Medium,0
Female,Greater than 45,Hispanic,0,0,0,1.0,-3.0,F,arrest case no charge,0,0,,1,Low,0
Male,25 - 45,Other,0,0,0,4.0,0.0,M,Battery,0,0,,4,Low,0
Male,25 - 45,Other,0,0,0,4.0,0.0,M,Battery,1,1,Culpable Negligence,4,Low,1
Male,25 - 45,Caucasian,0,0,0,5.0,-1.0,F,Burglary Structure Unoccup,0,0,,5,Medium,0
Female,25 - 45,Asian,0,0,0,0.0,-1.0,F,Robbery / No Weapon,0,0,,0,Low,0
Female,25 - 45,African-American,0,0,0,0.0,0.0,M,Battery,0,0,,0,Low,0
Male,25 - 45,Asian,0,0,0,2.0,-1.0,M,Driving License Suspended,0,0,,2,Low,0
Female,25 - 45,Native American,0,0,0,0.0,-1.0,M,Battery,0,0,,0,Low,0
Male,25 - 45,Hispanic,0,0,0,0.0,-1.0,M,Battery,0,0,,0,Low,0
Female,25 - 45,Hispanic,0,0,0,2.0,-10.093521397771116,F,False Motor Veh Insurance Card,1,0,Possession Of Heroin,2,Low,1
Male,25 - 45,Asian,0,3,0,24.113376264174956,-1.0,M,Resist/Obstruct W/O Violence,1,0,Carrying Concealed Firearm,24,High,1
Female,25 - 45,Native American,0,0,0,0.0,-1.0,M,Battery,0,0,,0,Low,0
Female,25 - 45,Other,0,0,0,0.0,-1.0,F,Burglary Unoccupied Dwelling,1,0,Possession of Cannabis,0,High,1
Male,Less than 25,Native American,0,0,0,11.034620300923963,-1.0,F,Violation of Injunction Order/Stalking/Cyberstalking,1,1,Resist/Obstruct W/O Violence,11,High,1
Female,Greater than 45,Hispanic,0,0,0,5.074237878320396,-13.757651919582148,F,arrest case no charge,0,0,,6,Low,0
Male,Less than 25,African-American,0,1,0,2.0,-1.0,F,arrest case no charge,1,0,Possession of Cannabis,2,Medium,1
Male,25 - 45,Other,0,0,0,0.0,-1.0,M,Battery,0,0,,0,Low,0
Male,Less than 25,Other,0,0,0,0.0,-1.0,F,Criminal Mischief,1,0,Possession Of Heroin,0,Low,1
Male,Greater than 45,African-American,0,0,0,27.64294564646276,-1.0,F,Possession of Cocaine,1,0,Resist/Obstruct W/O Violence,27,High,1
Male,Greater than 45,Hispanic,0,0,0,7.511597097506039,0.0,F,Aggravated Assault W/dead Weap,0,0,,8,Medium,0
Male,Greater than 45,Native American,0,0,0,0.0,-1.0,F,Pos Cannabis W/Intent Sel/Del,1,0,Possession of Cannabis,0,Low,1
Male,25 - 45,Hispanic,0,0,0,1.0,-1.0,F,arrest case no charge,1,0,,1,High,1
Male,Greater than 45,Caucasian,0,0,0,3.0,-1.0,F,arrest case no charge,0,0,,3,Low,0
Female,Greater than 45,Caucasian,0,0,0,4.0,0.0,F,arrest case no charge,0,0,,4,Medium,0
Male,Greater than 45,Native American,0,0,0,1.0,-1.0,M,Battery,1,0,Resist/Obstruct W/O Violence,1,Low,1
Male,25 - 45,African-American,0,0,0,3.0,-1.0,M,Battery on Law Enforc Officer,0,0,,3,Medium,0
Female,25 - 45,Caucasian,0,0,0,0.0,0.0,M,Battery,1,1,Threat Public Servant,0,High,1
Male,Greater than 45,Other,0,0,0,0.0,-1.0,M,Battery,0,0,,0,Low,0
Male,25 - 45,Caucasian,0,0,0,0.0,-1.0,F,Robbery / No Weapon,1,1,Battery,0,Low,0
Male,Greater than 45,Native American,0,0,0,4.0,-1.0,F,arrest case no charge,0,0,Driving License Suspended,4,Low,0
Male,25 - 45,Native American,0,2,0,5.0,-3.0,M,Carrying Concealed Firearm,1,0,Driving License Suspended,5,Medium,1
Male,25 - 45,Caucasian,0,0,0,5.0,-1.0,F,Possession Of Heroin,1,0,Resist/Obstruct W/O Violence,5,Low,1
Male,25 - 45,Other,0,0,0,9.0,-1.0,F,Driving While License Revoked,1,1,Battery,9,Medium,1
Female,Greater than 45,Native American,0,0,0,0.0,0.0,F,Agg Battery Grt/Bod/Harm,1,1,Grand Theft (Motor Vehicle),0,Low,1
Male,Less than 25,Other,1,0,0,1.0,-1.0,F,arrest case no charge,1,0,Possession Of Heroin,1,Medium,1
Female,Less than 25,Asian,0,0,0,5.0,-1.0,F,arrest case no charge,1,0,Driving License Suspended,5,Low,1
Male,25 - 45,African-American,0,0,0,2.0,-1.0,M,arrest case no charge,1,0,Possession Of Heroin,2,Low,1
Male,25 - 45,Other,0,0,0,3.0,-1.0,F,Battery,1,1,Viol Injunction Protect Dom Vi,3,Low,1
Male,25 - 45,Native American,0,0,0,0.0,-1.0,M,Possess Cannabis/20 Grams Or Less,1,0,Possession of Cannabis,0,Low,1
Male,25 - 45,African-American,0,0,0,6.0,-1.0,M,Battery,1,0,Possession Of Heroin,6,Medium,1
Male,Less than 25,African-American,0,0,1,6.0,-1.0,F,Grand Theft in the 3rd Degree,0,1,Retail Theft,6,High,1
Male,Less than 25,Native American,0,0,0,0.0,-3.0,F,Cruelty Toward Child,0,0,,0,Medium,0
Male,25 - 45,Hispanic,0,0,0,19.561076777638124,0.0,F,Neglect Child / No Bodily Harm,1,0,Driving License Suspended,19,High,1
Female,25 - 45,Other,0,0,1,3.0,0.0,F,Possession of Cocaine,0,0,,3,Low,0
Male,25 - 45,Other,0,0,0,0.0,-2.0,F,Felony Battery (Dom Strang),0,0,,0,Low,0
Male,25 - 45,African-American,0,0,0,0.0,-1.0,F,Felony Driving While Lic Suspd,1,0,Possession of Cannabis,0,Low,1
Female,Greater than 45,Caucasian,0,0,0,0.0,-1.0,M,Battery,0,0,,0,Low,0
Male,25 - 45,African-American,0,0,0,2.0,-1.0,M,Driving License Suspended,0,0,,2,Low,0
Female,25 - 45,Caucasian,0,0,0,0.0,0.0,M,Battery,0,0,,0,Low,1
Male,25 - 45,Hispanic,0,0,0,0.0,-1.0,F,Grand Theft in the 3rd Degree,0,0,,0,Low,0
Male,25 - 45,Hispanic,0,0,0,0.0,-1.0,M,Battery,0,0,,0,Low,0
Female,25 - 45,African-American,0,0,0,1.0,0.0,F,Fraudulent Use of Credit Card,1,0,Possession Of Heroin,1,Medium,1
Male,25 - 45,Caucasian,0,0,0,3.0,-1.0,M,Battery,1,0,Driving License Suspended,3,Low,1
Male,25 - 45,African-American,0,0,0,0.0,0.0,F,Corrupt Public Servant,1,1,Aggravated Battery / Pregnant,0,Low,1
Male,Greater than 45,Hispanic,0,0,0,11.0,-1.0,F,Felony Battery w/Prior Convict,1,0,Possession Of Heroin,11,Low,0
Male,Less than 25,Hispanic,0,0,0,0.0,-3.0,M,Possess Cannabis/20 Grams Or Less,0,0,,0,High,0
Male,25 - 45,Hispanic,0,0,0,1.0,-17.516502274643557,M,Battery,1,0,Driving License Suspended,1,Low,1
Male,25 - 45,Hispanic,0,1,0,1.0,0.0,M,Possess Cannabis/20 Grams Or Less,0,0,,1,Low,0
Male,25 - 45,African-American,0,0,0,0.0,-1.0,F,Felony Battery w/Prior Convict,1,1,Tampering With Physical Evidence,0,High,1
Male,25 - 45,Caucasian,0,0,0,5.0,-23.970846095567147,F,arrest case no charge,1,0,Driving License Suspended,5,Low,1
Male,25 - 45,African-American,0,1,0,4.0,-1.0,M,Battery,1,1,Culpable Negligence,4,High,1
Male,Less than 25,Caucasian,0,0,0,0.0,0.0,M,Operating W/O Valid License,0,0,,0,Medium,0
Male,Less than 25,African-American,0,0,0,0.0,-1.0,M,Possession of Cocaine,0,0,,0,High,0
Male,25 - 45,Asian,0,0,1,5.0,-1.0,M,arrest case no charge,0,0,,5,Medium,0
Male,25 - 45,Hispanic,0,0,0,0.0,-1.0,M,Battery,0,0,,0,Low,0
Female,25 - 45,African-American,0,0,0,1.0,-1.0,F,arrest case no charge,0,0,,1,Low,0
Female,Greater than 45,Caucasian,0,0,0,1.0,-1.0,F,arrest case no charge,0,0,,1,Low,0
Female,25 - 45,Caucasian,0,0,0,4.0,-30.0,F,Felony Battery w/Prior Convict,0,0,,4,Medium,0
Male,25 - 45,African-American,0,0,0,0.0,-1.0,F,Grand Theft in the 3rd Degree,0,0,,0,Low,0
Male,Greater than 45,Hispanic,0,0,0,1.0,-12.662563996873661,F,arrest case no charge,0,0,,1,Low,0
Male,Less than 25,Caucasian,0,0,0,0.0,-1.0,M,Battery,0,0,,0,Low,0
Male,Less than 25,Other,0,0,0,3.0,0.0,F,Possession of Cocaine,1,0,,3,Medium,1
Male,25 - 45,Caucasian,0,0,0,0.0,-1.0,F,Leave Acc/Attend Veh/More $50,0,0,,0,Low,0
Male,25 - 45,Hispanic,0,0,0,1.0,-1.0,M,Driving License Suspended,0,0,,1,Medium,0
Male,25 - 45,Other,0,0,0,0.0,-1.0,M,Battery,0,0,,0,Low,0
Male,Less than 25,Hispanic,0,0,0,0.0,0.0,F,"Poss3,4 Methylenedioxymethcath",1,0,Possession Of Heroin,0,Medium,1
Male,25 - 45,Hispanic,0,0,0,18.660972246307338,0.0,F,arrest case no charge,1,0,Driving License Suspended,18,High,0
Male,Greater than 45,Caucasian,0,0,0,7.0,-1.0,F,Robbery Sudd Snatch No Weapon,0,0,,7,Low,0
Female,25 - 45,Caucasian,0,0,0,0.0,-1.0,M,Viol Injunct Domestic Violence,1,0,,0,Low,0
Male,25 - 45,Other,0,0,0,0.0,0.0,M,Burglary With Assault/battery,1,0,Possession of Cannabis,0,Low,1
Female,25 - 45,Caucasian,0,0,0,1.0,-1.0,F,arrest case no charge,1,0,,1,Medium,1
Male,25 - 45,Native American,0,0,0,2.0,-2.0,M,DUI - Enhanced,0,0,,2,Low,0
Male,Less than 25,Hispanic,0,0,0,0.0,-1.0,M,Possess Cannabis/20 Grams Or Less,1,0,Possession Of Heroin,0,Low,1
Male,Less than 25,Other,0,0,0,0.0,-1.0,F,Carrying Concealed Firearm,0,0,,0,Medium,0
Female,25 - 45,Asian,0,0,0,0.0,-1.0,F,Aggravated Assault W/Dead Weap,0,0,,0,Low,0
Male,Less than 25,Hispanic,0,0,0,0.0,-1.0,F,Tamper With Witness/Victim/CI,1,1,Throw Deadly Missile Into Veh,0,Low,1
Male,Greater than 45,Other,0,0,0,1.0,-26.0,M,Battery,0,0,,1,Low,0
Male,Greater than 45,Native American,0,0,0,5.0,-1.0,F,Possession of Cocaine,1,1,Carrying A Concealed Weapon,5,Low,1
Female,25 - 45,Other,0,0,0,1.0,0.0,F,Felony Battery (Dom Strang),1,0,,1,Low,1
Male,25 - 45,Asian,0,0,0,0.0,-1.0,M,Criminal Mischief,0,0,,0,Low,0
Male,25 - 45,African-American,0,0,0,1.0,-1.0,F,Felony Petit Theft,0,0,,1,High,0
Male,25 - 45,Other,0,0,0,1.0,-1.0,F,Pos Cannabis W/Intent Sel/Del,1,0,Possession Of Heroin,1,Low,1
Female,25 - 45,Asian,0,0,0,0.0,-2.0,M,Battery,1,1,Resist/Obstruct W/O Violence,0,Medium,1
Male,25 - 45,Asian,2,1,1,15.0,-1.0,F,Grand Theft in the 3rd Degree,1,0,Burglary Unoccupied Dwelling,15,Low,1
Male,Greater than 45,Hispanic,0,0,0,2.0,-1.0,F,Burglary Unoccupied Dwelling,0,0,,2,Low,0
Male,25 - 45,African-American,0,0,0,0.0,0.0,F,Poss Pyrrolidinovalerophenone,1,0,Resist/Obstruct W/O Violence,0,High,1
Male,Greater than 45,Asian,0,0,0,14.0,-1.0,F,Driving While License Revoked,1,0,,14,Low,1
Female,25 - 45,Hispanic,0,0,0,0.0,-1.0,M,Possess Cannabis/20 Grams Or Less,1,0,Possession Of Heroin,0,Medium,1
Male,Less than 25,Asian,0,0,1,3.0,-1.0,F,Burglary Dwelling Occupied,1,0,,3,Medium,1
Male,Greater than 45,Native American,0,0,0,13.0,0.0,M,Battery,1,0,Driving License Suspended,12,High,1
Female,Greater than 45,Asian,0,0,0,0.0,-1.0,F,Burglary Conveyance Armed,0,0,,0,Medium,0
Male,Greater than 45,Caucasian,0,0,0,0.0,0.0,M,Battery,0,0,,0,Low,0
Male,25 - 45,Hispanic,0,2,0,11.0,0.0,F,Tampering With Physical Evidence,1,0,Carrying Concealed Firearm,11,High,1
Female,Less than 25,Hispanic,0,0,0,1.0,-6.866832788858623,F,arrest case no charge,0,0,,1,Low,0
Female,Less than 25,Native American,0,0,0,0.0,-2.0,F,Poss Oxycodone W/Int/Sell/Del,1,0,Possession of Cocaine,0,Medium,1
Male,Less than 25,Hispanic,0,0,0,3.0,-1.0,F,Burglary Conveyance Unoccup,1,0,Resist/Obstruct W/O Violence,3,Medium,1
Male,25 - 45,Hispanic,0,0,0,3.0,-1.0,F,Felony Driving While Lic Suspd,1,0,Resist/Obstruct W/O Violence,3,Low,1
Male,25 - 45,Other,0,0,0,1.0,-1.0,M,Battery,1,0,Driving License Suspended,1,Low,1
Male,25 - 45,African-American,0,0,0,4.0,-1.0,F,Felony Driving While Lic Suspd,1,0,Driving License Suspended,4,Medium,1
Male,25 - 45,Native American,0,0,0,4.0,-26.0,M,Battery,0,0,,4,Low,0
Male,25 - 45,Hispanic,0,0,0,0.0,-1.0,F,Driving While License Revoked,0,0,,0,Low,0
Male,25 - 45,Asian,0,0,0,2.0,0.0,F,arrest case no charge,0,0,,2,Medium,0
Female,Greater than 45,Caucasian,0,0,0,0.0,-1.0,M,Fabricating Physical Evidence,0,0,,0,Low,0
Male,25 - 45,Other,0,0,0,5.0,-1.0,M,Possess Cannabis/20 Grams Or Less,0,0,,5,Medium,0
Female,25 - 45,Native American,0,0,0,0.0,-1.0,F,Grand Theft (Motor Vehicle),0,0,,0,Low,0
Female,25 - 45,African-American,0,0,0,8.0,0.0,F,arrest case no charge,1,0,Driving License Suspended,8,High,1
Male,Less than 25,Native American,0,0,0,0.0,-1.0,F,Possession of Cocaine,1,0,,0,Low,0
Male,25 - 45,Native American,0,0,0,4.0,-1.0,F,"Poss3,4 Methylenedioxymethcath",1,0,Resist/Obstruct W/O Violence,4,Medium,1
Male,25 - 45,Caucasian,0,0,0,0.0,0.0,M,Fleeing or Eluding a LEO,0,0,,0,Low,0
Male,Less than 25,Hispanic,0,0,0,6.0,-1.0,F,Poss Pyrrolidinovalerophenone,1,0,Resist/Obstruct W/O Violence,5,High,1
Male,25 - 45,Hispanic,0,0,0,0.0,-1.0,M,Battery,0,0,,0,Low,0
Male,Less than 25,Asian,0,0,0,0.0,0.0,F,"Poss3,4 Methylenedioxymethcath",0,0,,0,Low,0
Male,Greater than 45,African-American,0,0,0,2.0,0.0,M,Battery,0,0,,2,High,0
Male,25 - 45,African-American,0,1,1,3.0,0.0,M,Susp Drivers Lic 1st Offense,1,0,Susp Drivers Lic 1st Offense,3,High,1
Male,Greater than 45,Caucasian,0,0,0,3.0,-1.0,F,Possession of Cocaine,1,0,Possession Of Heroin,3,High,1
Male,25 - 45,Caucasian,0,0,0,4.0,-12.0,F,Felony Petit Theft,1,0,,5,Low,1
Male,Less than 25,Other,0,0,0,0.0,-2.0,M,Battery,0,0,,0,Low,0
Male,25 - 45,African-American,0,0,0,3.0,0.0,F,Pos Cannabis W/Intent Sel/Del,1,0,Driving License Suspended,3,Low,1
Male,Greater than 45,Caucasian,0,0,0,6.0,-1.0,F,Grand Theft in the 3rd Degree,1,0,Possession Of Heroin,6,Medium,1
Female,Less than 25,African-American,0,0,0,0.0,-2.0,F,Grand Theft in the 3rd Degree,0,0,,0,Medium,0
Male,Less than 25,Native American,0,0,0,2.0,-1.0,F,Burglary Conveyance Unoccup,1,0,Resist/Obstruct W/O Violence,2,Medium,1
Male,25 - 45,Native American,0,1,3,13.962521935182647,0.0,F,Pos Cannabis W/Intent Sel/Del,1,0,Susp Drivers Lic 1st Offense,13,High,1
Male,Greater than 45,African-American,0,0,0,2.0,-1.0,F,Possession of Cocaine,1,0,,2,High,1
Female,Greater than 45,Asian,0,0,0,0.0,-1.0,F,Aggravated Assault W/Dead Weap,0,0,,0,Low,0
Male,25 - 45,Hispanic,0,0,0,1.0,-3.0,M,Felony/Driving Under Influence,0,0,,1,Low,0
Male,25 - 45,Other,0,0,0,16.0,-1.0,F,arrest case no charge,1,1,Battery,16,High,1
Male,Greater than 45,Hispanic,0,0,0,0.0,0.0,F,Felony Battery (Dom Strang),0,0,,0,Low,0
Male,Greater than 45,Hispanic,0,0,0,0.0,-1.0,M,Battery,0,0,,0,Low,0
Female,Less than 25,African-American,0,0,0,0.0,-1.0,M,Exposes Culpable Negligence,1,1,Assault,0,High,1
Male,25 - 45,Asian,0,0,0,0.0,-1.0,F,Possession Of Alprazolam,0,0,,0,Low,0
Male,Less than 25,African-American,0,0,1,0.0,-1.0,F,Burglary Unoccupied Dwelling,0,0,,0,Low,0
Male,25 - 45,Native American,0,0,0,11.0,-2.0,F,Aggravated Battery / Pregnant,1,1,Poss Pyrrolidinovalerophenone,10,Medium,1
Male,25 - 45,African-American,0,0,0,8.838158470724984,-1.0,F,Pos Cannabis W/Intent Sel/Del,1,0,Resist/Obstruct W/O Violence,8,High,1
Male,25 - 45,Asian,0,0,0,1.0,-1.0,F,Felony Battery (Dom Strang),1,1,Carrying A Concealed Weapon,1,Low,1
Male,Greater than 45,Hispanic,0,0,0,8.0,-1.0,M,Prowling/Loitering,1,1,Viol Pretrial Release Dom Viol,9,High,0
Male,25 - 45,Asian,0,0,0,6.0,0.0,F,Pos Cannabis W/Intent Sel/Del,1,1,Robbery / No Weapon,6,Medium,1
Male,25 - 45,Hispanic,1,1,0,19.36660274587433,0.0,F,arrest case no charge,0,0,,19,High,1
Male,25 - 45,Native American,3,1,0,11.0,0.0,F,Pos Cannabis W/Intent Sel/Del,0,0,,10,High,0
Male,25 - 45,African-American,1,0,2,4.0,-1.0,F,Prowling/Loitering,0,0,,4,High,1
Male,Less than 25,Other,1,0,0,4.0,22.71456801399725,F,Possession Burglary Tools,1,1,Viol Pretrial Release Dom Viol,5,High,1
Female,Greater than 45,Other,0,0,0,1.0,-2.0,M,Battery,0,0,,1,Low,0
Male,Greater than 45,Asian,0,0,0,3.0,-1.0,M,Driving While License Revoked,0,0,,3,Low,0
Male,25 - 45,Other,0,0,0,0.0,-1.0,M,Battery,1,0,Resist/Obstruct W/O Violence,0,Low,0
Male,25 - 45,Hispanic,0,0,0,0.0,-1.0,F,Possession of Cocaine,1,0,,0,Low,1
Female,25 - 45,African-American,0,0,0,3.0,-1.0,F,Resist Officer w/Violence,0,0,,3,Medium,0
Male,Greater than 45,Asian,0,0,0,3.0,-1.0,F,Poss Pyrrolidinovalerophenone,1,0,Possession Of Heroin,3,High,1
Male,25 - 45,Hispanic,0,0,0,5.0,-1.0,F,Pos Cannabis W/Intent Sel/Del,1,0,Driving License Suspended,5,Medium,1
Female,Less than 25,Asian,0,0,0,2.0,-1.0,F,Grand Theft in the 3rd Degree,1,0,Resist/Obstruct W/O Violence,2,Medium,1
Male,25 - 45,Native American,0,0,0,2.0,-1.0,M,Battery,0,0,,2,Low,0
Male,Less than 25,Native American,0,0,0,0.0,-1.0,F,Burglary Conveyance Unoccup,0,0,,0,Medium,0
Female,25 - 45,Caucasian,0,0,0,1.0,-2.0,M,Assault,1,0,Driving License Suspended,1,Low,1
Male,25 - 45,Other,0,0,0,0.0,-1.0,M,Viol Pretrial Release Dom Viol,1,0,Driving License Suspended,0,Low,1
Male,Greater than 45,Caucasian,0,0,0,1.0,-21.09901442109724,F,Failure To Return Hired Vehicle,0,0,,1,Low,0
Male,25 - 45,Native American,2,1,0,9.0,-1.0,M,Tampering With Physical Evidence,1,0,Resist/Obstruct W/O Violence,9,High,0
Male,Greater than 45,Native American,0,0,0,1.0,-3.0,F,Battery on Law Enforc Officer,1,0,Resist/Obstruct W/O Violence,1,Low,0
Female,Greater than 45,Caucasian,0,0,0,0.0,0.0,F,Possession of Hydromorphone,1,0,Driving License Suspended,0,Low,1
Male,25 - 45,Other,0,0,0,0.0,-1.0,F,Agg Battery Grt/Bod/Harm,0,0,,0,Low,0
Male,25 - 45,Asian,0,0,0,3.0,-4.0,F,Grand Theft in the 3rd Degree,0,0,,3,Medium,0
Female,Greater than 45,African-American,0,0,0,3.0,0.0,F,Failure To Return Hired Vehicle,0,0,,3,Low,0
Male,Less than 25,Caucasian,0,0,0,0.0,0.0,F,Grand Theft in the 3rd Degree,1,0,Possession of Cannabis,0,Medium,1
Male,25 - 45,Caucasian,0,0,0,1.0,0.0,M,Battery,0,0,,1,Low,0
Male,Less than 25,Native American,0,0,0,1.0,-1.0,M,Battery,1,1,Battery,1,Low,1
Male,25 - 45,Asian,0,0,0,3.0,-1.0,M,Viol Injunct Domestic Violence,0,0,,3,Low,0
Male,Less than 25,Asian,0,0,0,0.0,-1.0,M,Battery,0,0,,0,High,0
Male,Greater than 45,Asian,0,0,0,0.0,0.0,M,Fail To Obey Police Officer,1,0,Driving License Suspended,0,Low,1
Male,Less than 25,Caucasian,0,0,0,0.0,-1.0,M,Battery,1,0,Possession Of Heroin,0,Low,1
Male,25 - 45,Other,0,0,0,2.0,0.0,F,Driving While License Revoked,0,0,,2,Low,0
Male,25 - 45,Caucasian,0,0,0,9.0,0.0,M,Battery,0,0,,10,Low,0
Male,25 - 45,Other,0,0,0,0.0,0.0,F,Crim Use of Personal ID Info,1,0,Possession of Cannabis,0,High,1
Male,Greater than 45,Caucasian,0,0,0,1.0,-1.0,M,Battery,1,0,,1,Low,1
Female,Greater than 45,Native American,0,0,0,8.615689746633471,0.0,F,arrest case no charge,1,0,Possession Of Heroin,9,Low,1
Female,25 - 45,Asian,0,0,0,0.0,-1.0,F,Burglary Conveyance Unoccup,0,0,,0,Low,0
Male,25 - 45,Caucasian,0,0,0,0.0,-1.0,F,Felony Battery (Dom Strang),0,0,,0,Low,0
Male,Less than 25,African-American,0,0,0,0.0,-1.0,F,Grand Theft in the 3rd Degree,0,0,,0,High,0
Male,Less than 25,African-American,0,0,1,1.0,-1.0,F,Purchase Cannabis,0,0,,1,High,0
Male,25 - 45,Hispanic,0,1,1,8.0,-1.0,F,arrest case no charge,1,0,Carrying Concealed Firearm,8,High,1
Male,25 - 45,Native American,0,0,0,8.0,-1.0,F,Fabricating Physical Evidence,1,0,Possession Of Heroin,8,Medium,0
Male,25 - 45,Asian,0,0,0,2.0,-1.0,F,Battery on a Person Over 65,0,0,,2,Medium,0
Male,25 - 45,Asian,0,0,0,2.0,0.0,F,Possession Of Alprazolam,0,0,,2,Medium,0
Male,Less than 25,Native American,0,0,0,1.0,-1.0,M,Battery,1,1,Battery,1,Low,1
Male,25 - 45,Hispanic,0,0,0,2.0,-26.0,M,Possession Of Alprazolam,0,0,,2,Medium,0
Male,25 - 45,African-American,0,0,0,1.0,-1.0,F,arrest case no charge,0,0,,1,Low,0
Female,Less than 25,African-American,0,0,0,0.0,-1.0,M,Battery,1,0,Unlaw Use False Name/Identity,0,Medium,1
Male,25 - 45,Asian,0,0,0,1.0,-1.0,F,arrest case no charge,0,0,,1,Low,0
Female,25 - 45,African-American,0,0,0,0.0,-1.0,F,Possession of Cocaine,1,0,Possession of Cocaine,0,High,1
Male,Less than 25,Hispanic,0,0,0,0.0,0.0,M,Battery,0,0,,0,Low,0
Female,25 - 45,Asian,0,0,0,3.0,-1.0,F,arrest case no charge,1,0,Possession Of Heroin,3,Low,1
Male,25 - 45,Asian,0,0,0,8.0,-1.0,F,arrest case no charge,1,0,Possession Of Heroin,8,High,1
Male,Greater than 45,Native American,0,0,0,0.0,0.0,M,Battery,1,0,Unlaw Use False Name/Identity,0,Low,1
Female,Greater than 45,Caucasian,0,0,0,0.0,-1.0,M,Battery,0,0,,0,Low,0
Male,Greater than 45,Caucasian,0,0,0,3.0,0.0,M,Viol Injunction Protect Dom Vi,0,0,,3,Low,0
Male,25 - 45,African-American,2,3,0,23.576206704518746,-1.0,F,Consume Alcoholic Bev Pub,0,0,,23,High,0
Female,Less than 25,Native American,0,0,0,2.0,-1.0,F,Grand Theft in the 3rd Degree,1,0,Resist/Obstruct W/O Violence,2,Medium,1
Male,25 - 45,Caucasian,0,0,0,0.0,0.0,F,Possession of Hydrocodone,0,0,,0,Medium,0
Male,Greater than 45,Caucasian,0,0,0,0.0,0.0,M,Burglary Dwelling Occupied,1,0,Possession Of Heroin,0,Low,0
Female,25 - 45,Caucasian,0,0,0,1.0,-1.0,M,Battery,1,1,Resist/Obstruct W/O Violence,1,Medium,1
Female,25 - 45,Hispanic,0,0,0,1.0,-1.0,F,Grand Theft in the 3rd Degree,1,0,,1,Low,1
Female,Greater than 45,Native American,0,0,0,7.0,-1.0,F,Possession of Cocaine,1,0,Driving License Suspended,7,High,1
Male,25 - 45,Caucasian,0,0,0,1.0,0.0,F,Agg Battery Grt/Bod/Harm,1,1,Aggrav Battery w/Deadly Weapon,1,Low,1
Female,25 - 45,Hispanic,0,0,0,0.0,-1.0,F,Agg Battery Grt/Bod/Harm,0,0,,0,Low,0
Female,25 - 45,African-American,0,0,0,3.0,-1.0,F,Burglary Conveyance Occupied,1,1,Aggrav Battery w/Deadly Weapon,3,High,1
Male,Greater than 45,Caucasian,0,0,0,19.08055450893888,0.0,F,Possession of Cocaine,1,0,Driving License Suspended,19,High,1
Male,Greater than 45,Caucasian,0,0,0,1.0,0.0,F,Possession of Hydrocodone,1,0,Resist/Obstruct W/O Violence,1,Medium,1
Male,Greater than 45,Hispanic,0,0,0,0.0,0.0,M,Battery on Law Enforc Officer,0,0,,0,Low,0
Male,25 - 45,Hispanic,0,0,0,6.0,-1.0,F,Grand Theft in the 3rd Degree,1,0,Driving License Suspended,6,Medium,1
Male,Greater than 45,Caucasian,0,0,0,1.0,-1.0,F,Corrupt Public Servant,0,0,,1,Low,0
Male,25 - 45,Hispanic,0,0,0,0.0,-1.0,F,Manufacture Cannabis,0,0,,0,Low,0
Male,Less than 25,Native American,0,0,0,1.0,-1.0,F,Grand Theft in the 3rd Degree,0,0,,1,High,0
Male,25 - 45,Asian,0,3,0,8.0,-1.0,F,Robbery / Weapon,1,1,Viol Pretrial Release Dom Viol,8,High,0
Male,25 - 45,African-American,0,0,0,0.0,0.0,M,Battery,0,0,,0,Low,0
Male,25 - 45,Asian,0,0,0,0.0,-1.0,M,Battery,0,0,,0,Low,0
Male,25 - 45,Other,0,0,0,0.0,-1.0,F,Felony Battery (Dom Strang),0,0,,0,Low,1
Female,25 - 45,Hispanic,0,0,0,3.0,-1.0,M,Battery,1,0,Resist/Obstruct W/O Violence,3,Low,1
Male,Less than 25,African-American,0,0,0,3.0,0.0,F,Driving While License Revoked,1,0,,3,Medium,1
Male,25 - 45,African-American,0,0,0,1.0,-1.0,M,Poss Wep Conv Felon,0,0,,1,Low,0
Male,25 - 45,Native American,0,0,0,1.0,-1.0,F,arrest case no charge,0,0,,1,Low,0
Male,Less than 25,Hispanic,0,0,0,3.0,-1.0,F,Crimin Mischief Damage $1000+,1,0,Resist/Obstruct W/O Violence,3,Low,1
Male,25 - 45,Hispanic,0,0,0,1.0,-1.0,F,Possession of Codeine,0,0,,1,Low,0
Male,Less than 25,Hispanic,0,0,1,2.0,0.0,F,False Ownership Info/Pawn Item,1,0,Resist/Obstruct W/O Violence,2,Low,1
Female,Greater than 45,Other,0,0,0,1.0,-1.0,M,Lve/Scen/Acc/Veh/Prop/Damage,1,0,Driving License Suspended,1,Low,1
Male,Greater than 45,Other,0,0,0,0.0,-1.0,M,Battery,0,0,,0,Low,0
Male,Greater than 45,Caucasian,0,0,0,1.0,-17.97890715288111,M,Battery,0,0,,1,Low,0
Male,Less than 25,Caucasian,0,0,0,0.0,0.0,M,Battery,1,0,Resist/Obstruct W/O Violence,0,Low,1
Male,Greater than 45,African-American,1,0,0,11.0,-1.0,M,Burglary With Assault/battery,1,0,Possession Of Heroin,11,High,1
Male,25 - 45,Hispanic,0,0,0,0.0,0.0,M,Disorderly Conduct,1,1,Aggravated Battery / Pregnant,0,Low,1
Male,25 - 45,Asian,0,0,0,0.0,0.0,M,Battery,1,0,Possession of Cannabis,0,Medium,1
Male,25 - 45,Caucasian,0,0,0,4.0,-1.0,F,"Deliver 3,4 Methylenediox",1,0,Driving License Suspended,4,Medium,1
Male,25 - 45,Other,0,0,0,1.0,-1.0,F,Crim Use of Personal ID Info,0,0,,1,Low,0
Female,Greater than 45,Hispanic,0,0,0,0.0,0.0,M,Criminal Mischief Damage <$200,0,0,,0,Low,0
Male,25 - 45,Asian,0,0,0,6.0,-1.0,F,Possession of Cocaine,0,0,,6,Low,0
Male,25 - 45,Hispanic,0,0,0,7.0,-1.0,F,Corrupt Public Servant,1,0,Driving License Suspended,7,Medium,1
Female,Less than 25,African-American,0,0,0,0.0,-1.0,F,Resist Officer w/Violence,1,0,Possession of Cannabis,0,Medium,1
Male,25 - 45,Hispanic,0,0,0,2.0,-1.0,F,Use of Anti-Shoplifting Device,1,0,Resist/Obstruct W/O Violence,2,Low,1
Male,25 - 45,African-American,0,0,0,3.0,-1.0,F,Fleeing Or Attmp Eluding A Leo,1,0,Resist/Obstruct W/O Violence,3,High,1
Male,Less than 25,Other,0,0,0,0.0,-1.0,F,Tampering With Physical Evidence,1,1,Stalking (Aggravated),0,Medium,1
Male,25 - 45,Native American,0,0,0,7.0,0.0,M,Assault,1,0,Resist/Obstruct W/O Violence,7,High,1
Male,25 - 45,Caucasian,0,0,0,2.0,-13.0,M,Possession Burglary Tools,0,0,,2,Low,0
Male,25 - 45,Caucasian,0,0,0,0.0,0.0,M,Assault,0,0,,0,Low,0
Male,25 - 45,African-American,0,0,0,0.0,-1.0,M,DUI - Enhanced,0,0,,0,Low,0
Female,Greater than 45,Native American,0,0,0,6.0,-1.0,F,arrest case no charge,1,0,,6,Low,1
Male,25 - 45,African-American,0,0,0,6.0,-1.0,M,Battery,1,0,Driving License Suspended,6,Medium,1
Female,25 - 45,Caucasian,0,1,0,10.634473168186844,-1.0,F,Felony Petit Theft,1,0,Resist/Obstruct W/O Violence,10,Medium,1
Male,25 - 45,Hispanic,0,0,0,1.0,0.0,F,"Poss3,4 Methylenedioxymethcath",0,0,,1,Low,0
Male,25 - 45,African-American,0,0,0,2.0,-1.0,F,"Poss3,4 Methylenedioxymethcath",0,0,,2,Low,1
Female,25 - 45,Hispanic,0,0,0,3.0,0.0,F,Burglary Structure Unoccup,1,0,Driving License Suspended,3,Medium,1
Female,Greater than 45,Caucasian,0,0,0,2.0,-1.0,M,Battery,0,0,,2,Low,1
Male,25 - 45,African-American,0,1,0,13.0,0.0,F,Tampering With Physical Evidence,1,1,Resist Officer w/Violence,13,High,1
Male,25 - 45,African-American,0,0,0,0.0,-2.0,M,Battery,0,0,,0,Low,0
Male,25 - 45,Asian,0,0,0,0.0,-1.0,F,"Poss3,4 Methylenedioxymethcath",0,0,,0,Low,0
Male,Less than 25,African-American,0,0,0,1.0,-1.0,F,Burglary Unoccupied Dwelling,0,0,,1,High,0
Male,Less than 25,African-American,0,0,0,3.0,0.0,F,Felony Battery (Dom Strang),1,0,,3,Medium,1
Male,25 - 45,Caucasian,0,0,0,5.0,0.0,F,Driving While License Revoked,1,0,Possession Of Heroin,5,Medium,1
Male,Less than 25,Asian,0,0,0,1.0,-1.0,F,arrest case no charge,1,0,Resist/Obstruct W/O Violence,1,Medium,1
Male,25 - 45,Hispanic,0,0,0,1.0,-1.0,F,"Poss3,4 Methylenedioxymethcath",0,0,,1,Low,0
Female,Less than 25,African-American,0,0,0,0.0,-1.0,F,Grand Theft in the 3rd Degree,0,0,,0,Medium,0
Male,Greater than 45,Asian,0,0,0,2.0,-3.0,F,Felony DUI (level 3),0,0,,2,Medium,0
Male,25 - 45,African-American,0,0,0,0.0,-1.0,F,Felony Battery (Dom Strang),0,0,,0,Low,0
Male,25 - 45,Caucasian,0,0,0,0.0,-1.0,F,Burglary Dwelling Assault/Batt,1,1,Threat Public Servant,0,Low,1
Male,Less than 25,African-American,0,0,1,0.0,-2.0,F,Criminal Mischief,1,0,Harass Witness/Victm/Informnt,0,Low,1
Male,25 - 45,Hispanic,0,0,0,0.0,0.0,M,Battery,0,0,,0,Low,0
Male,Less than 25,African-American,0,0,0,0.0,-1.0,F,Burglary Dwelling Occupied,0,0,,0,Medium,0
Male,Less than 25,African-American,0,0,0,1.0,-1.0,F,Burglary Unoccupied Dwelling,1,0,,1,Medium,1
Male,Greater than 45,Caucasian,0,0,0,3.0,-1.0,F,Grand Theft (Motor Vehicle),0,0,,3,Medium,0
Male,25 - 45,Asian,0,0,0,2.0,-1.0,M,Tampering With Physical Evidence,1,0,Driving License Suspended,2,High,1
Male,Greater than 45,African-American,0,0,0,9.0,0.0,F,arrest case no charge,1,0,,8,Medium,1
Male,25 - 45,Hispanic,0,0,0,0.0,-1.0,M,Battery,1,0,Possession of Cannabis,0,Low,1
Male,Greater than 45,African-American,0,0,0,13.970442509448558,-12.0,F,arrest case no charge,0,0,,13,Medium,0
Male,Less than 25,Caucasian,0,0,0,1.0,-1.0,M,Battery,0,1,Battery,1,Medium,0
Male,Greater than 45,Native American,0,0,0,0.0,-1.0,M,Lve/Scen/Acc/Veh/Prop/Damage,0,0,,0,Low,0
Male,Less than 25,Native American,0,0,0,0.0,-1.0,F,Fleeing Or Attmp Eluding A Leo,1,1,Stalking (Aggravated),0,Low,1
Male,25 - 45,Hispanic,0,0,0,3.0,21.009273833118144,M,Battery,1,0,Resist/Obstruct W/O Violence,3,Low,1
Male,25 - 45,Caucasian,0,0,0,2.0,-1.0,F,Corrupt Public Servant,1,0,Possession Of Heroin,2,Low,1
Male,25 - 45,Caucasian,0,0,1,2.0,0.0,M,Battery,1,1,Culpable Negligence,2,High,1
Male,25 - 45,Hispanic,0,0,0,2.0,-1.0,M,Possess Cannabis/20 Grams Or Less,0,0,,2,Low,0
Male,25 - 45,African-American,0,0,0,1.0,-1.0,F,Crim Use of Personal ID Info,0,0,,1,High,0
Male,25 - 45,Caucasian,0,0,1,22.0,0.0,F,arrest case no charge,1,1,Throw Deadly Missile Into Veh,22,High,1
Male,Less than 25,Hispanic,0,0,2,0.0,-1.0,F,Child Abuse,1,1,Possess Cannabis/20 Grams Or Less,0,Low,1
Male,25 - 45,Native American,0,0,0,4.0,-9.539293120268574,F,arrest case no charge,0,0,,4,Low,0
Female,Less than 25,Asian,0,0,0,0.0,-4.0,F,Defrauding Innkeeper,1,0,,0,Medium,1
Male,Greater than 45,Asian,0,0,0,0.0,0.0,F,Pos Cannabis W/Intent Sel/Del,1,0,Possession of Cocaine,0,Medium,1
Male,Greater than 45,Asian,0,0,0,0.0,-2.0,F,Grand Theft in the 3rd Degree,0,0,,0,Low,0
Male,Greater than 45,Asian,0,0,0,9.0,-1.0,F,Felony Battery w/Prior Convict,1,0,Driving License Suspended,9,Low,0
Male,Less than 25,Native American,0,0,0,0.0,-1.0,M,Battery,1,0,Driving License Suspended,0,Low,1
Male,25 - 45,Other,0,0,0,0.0,-1.0,M,Resist/Obstruct W/O Violence,0,0,,0,Medium,0
Male,25 - 45,Hispanic,0,0,1,3.0,-1.0,F,Felony Battery (Dom Strang),1,0,Resist/Obstruct W/O Violence,3,Low,1
Male,25 - 45,Native American,0,3,1,6.0,-1.0,M,Viol Prot Injunc Repeat Viol,0,0,,6,Medium,0
Male,25 - 45,Other,0,0,0,8.0,-1.0,M,Assault,1,1,Carrying A Concealed Weapon,8,Medium,1
Male,Less than 25,African-American,0,0,1,12.0,-1.0,F,Felony Driving While Lic Suspd,1,1,Robbery W/Firearm,12,High,1
Male,25 - 45,Other,0,0,0,30.388469357684492,0.0,F,Driving While License Revoked,1,0,Resist/Obstruct W/O Violence,30,High,1
Female,Less than 25,African-American,0,1,0,1.0,-1.0,F,Uttering a Forged Instrument,1,0,Unlaw Use False Name/Identity,1,Medium,1
Male,25 - 45,Native American,0,0,0,0.0,0.0,F,Grand Theft in the 3rd Degree,0,0,,0,Low,0
Male,Less than 25,Hispanic,0,0,0,0.0,-1.0,F,Burglary Conveyance Unoccup,0,0,,0,Low,0
Male,25 - 45,Other,0,0,0,0.0,-1.0,M,Battery,0,0,,0,Low,0
Male,25 - 45,Hispanic,0,0,0,3.0,-1.0,F,Aggravated Battery / Pregnant,1,1,Battery,3,Medium,1
Male,25 - 45,Native American,0,0,0,7.0,-1.0,F,arrest case no charge,1,1,Aggravated Battery / Pregnant,7,Low,0
Male,25 - 45,Other,0,0,0,2.0,-1.0,M,Battery,1,0,Possession Of Heroin,2,Low,1
Female,Greater than 45,Caucasian,0,0,0,1.0,-1.0,F,DUI - Enhanced,1,1,Battery,1,Low,0
Male,Less than 25,Other,0,0,0,0.0,-1.0,F,Tampering With Physical Evidence,1,0,Possession of Cocaine,0,Low,1
Male,Less than 25,African-American,0,1,3,2.0,-1.0,F,Driving While License Revoked,0,0,,2,Medium,0
Female,Greater than 45,African-American,0,0,0,9.0,-1.0,F,Aggravated Assault W/dead Weap,1,0,,9,Low,1
Female,25 - 45,Other,0,0,0,0.0,0.0,M,Battery,1,0,Resist/Obstruct W/O Violence,0,Low,1
Male,25 - 45,African-American,0,0,0,0.0,-3.0,F,Burglary Unoccupied Dwelling,0,0,,0,Low,0
Male,Less than 25,African-American,0,0,0,1.0,-1.0,F,Possession Burglary Tools,0,0,,1,High,0
Male,Greater than 45,Caucasian,0,0,0,1.0,-1.0,M,Possession Of Buprenorphine,1,0,Driving License Suspended,1,Medium,1
Female,Less than 25,Other,0,0,0,1.0,-1.0,M,Battery,0,0,,1,Low,0
Male,25 - 45,Other,0,0,0,0.0,0.0,F,Felony Battery w/Prior Convict,0,0,,0,Low,0
Male,Less than 25,Asian,0,0,0,3.0,-1.0,F,Burglary Structure Unoccup,1,0,Driving License Suspended,3,High,1
Female,Less than 25,Asian,0,0,0,8.0,0.0,M,Battery,1,0,Resist/Obstruct W/O Violence,9,Medium,0
Male,25 - 45,Native American,0,0,0,1.0,-1.0,F,Burglary Structure Unoccup,1,0,Resist/Obstruct W/O Violence,1,Low,1
Female,Less than 25,Asian,0,0,0,0.0,-3.0,F,Grand Theft in the 3rd Degree,0,0,,0,Low,0
Male,Less than 25,African-American,0,1,0,1.0,-1.0,F,False Ownership Info/Pawn Item,1,0,Unlaw Use False Name/Identity,1,High,1
Male,Greater than 45,Asian,0,0,0,2.0,-1.0,F,Possession Of Alprazolam,1,0,Driving License Suspended,2,Medium,1
Female,Less than 25,Asian,0,0,0,0.0,-1.0,M,Possess Cannabis/20 Grams Or Less,0,0,,0,Medium,0
Male,25 - 45,Hispanic,0,1,1,2.0,-1.0,F,Carrying Concealed Firearm,1,0,Driving License Suspended,2,Low,1
Male,Greater than 45,Hispanic,0,0,0,1.0,-26.0,F,arrest case no charge,0,0,,1,High,0
Male,25 - 45,African-American,0,0,0,7.0,-1.0,F,Felony Battery (Dom Strang),1,1,Viol Pretrial Release Dom Viol,7,Medium,1
Male,25 - 45,African-American,0,0,1,4.0,-1.0,F,Grand Theft in the 3rd Degree,0,0,,4,Low,0
Male,Greater than 45,Caucasian,0,0,0,0.0,-1.0,M,Battery,0,0,,0,Low,0
Male,Less than 25,Other,0,0,0,0.0,-1.0,F,Unl/Disturb Education/Instui,1,1,Tampering With Physical Evidence,0,Low,1
Male,Less than 25,African-American,0,0,1,2.0,-1.0,F,Resist Officer w/Violence,1,0,Driving License Suspended,2,High,1
Male,Less than 25,Other,0,0,0,4.0,0.0,F,arrest case no charge,0,0,,4,Medium,0
Female,Less than 25,Other,0,0,0,0.0,0.0,F,arrest case no charge,0,0,,0,Medium,0
Male,25 - 45,African-American,0,0,2,3.0,-1.0,F,Grand Theft (Motor Vehicle),1,1,Robbery W/Firearm,3,High,1
Male,25 - 45,Caucasian,0,0,0,2.0,-22.037846341694234,M,Possession of Cocaine,0,0,,2,Low,0
Male,25 - 45,Caucasian,0,0,0,0.0,-1.0,M,Battery,1,0,Driving License Suspended,0,High,1
Male,25 - 45,African-American,0,0,0,2.0,-1.0,F,Burglary Unoccupied Dwelling,1,0,,2,Low,0
Male,25 - 45,Other,0,1,1,3.0,-1.0,M,Battery,0,0,,3,High,0
Male,25 - 45,Native American,0,0,0,1.0,-1.0,M,Petit Theft $100- $300,0,0,,1,Low,0
Male,25 - 45,African-American,0,0,0,5.0,-1.0,F,arrest case no charge,1,0,Possession Of Heroin,5,Low,1
Male,25 - 45,Hispanic,0,0,1,6.0,-1.0,M,Disorderly Conduct,1,0,,6,Medium,1
Female,25 - 45,Asian,0,0,0,8.0,0.0,F,arrest case no charge,1,0,Possession Of Heroin,8,High,1
Female,25 - 45,Native American,0,0,0,0.0,-1.0,M,Driving License Suspended,0,0,,0,Low,0
Male,25 - 45,Native American,0,0,0,1.0,0.7287279342292869,F,Grand Theft in the 3rd Degree,1,0,Driving License Suspended,1,Low,1
Male,25 - 45,Other,0,0,0,3.0,-1.0,F,Possession of Oxycodone,1,0,Driving License Suspended,3,Medium,1
Female,Greater than 45,Caucasian,0,0,0,0.0,-1.0,F,Grand Theft in the 3rd Degree,0,0,,0,Low,0
Male,Less than 25,African-American,1,0,0,2.0,-1.0,F,Uttering a Forged Instrument,1,0,,2,Medium,1
Male,Greater than 45,Hispanic,0,0,0,1.0,-1.0,M,Defrauding Innkeeper,0,0,,1,Low,0
Male,25 - 45,Native American,0,0,0,0.0,-1.0,M,Possess Drug Paraphernalia,1,0,Unlaw Use False Name/Identity,0,High,1
Male,25 - 45,African-American,0,0,1,2.0,-7.0,F,Driving While License Revoked,0,0,,2,Low,0
Male,25 - 45,Native American,0,0,1,11.0,-1.0,M,Battery,1,0,Driving License Suspended,11,High,1
Male,25 - 45,African-American,0,0,0,0.0,-1.0,F,arrest case no charge,0,0,,0,Low,0
Male,25 - 45,Other,0,0,0,0.0,-1.0,M,Battery,0,0,,0,Low,0
Male,25 - 45,Other,0,0,0,1.0,-1.0,F,Pos Cannabis W/Intent Sel/Del,1,0,,1,Low,1
Female,Less than 25,Asian,0,0,0,8.0,-1.0,M,Possess Drug Paraphernalia,1,0,Driving License Suspended,8,High,1
Male,25 - 45,Hispanic,0,0,1,10.0,0.0,F,Grand Theft (Motor Vehicle),1,0,Resist/Obstruct W/O Violence,10,Medium,1
Male,Greater than 45,Native American,0,0,0,13.0,0.0,F,Grand Theft in the 3rd Degree,1,0,Possession Of Heroin,12,Low,1
Male,25 - 45,Other,19,0,0,23.901023615306258,-1.0,F,Felony Batt(Great Bodily Harm),1,1,Battery,23,High,1
Male,Greater than 45,Hispanic,0,0,0,7.638678120950811,-1.0,F,Possession of Cocaine,1,0,,8,High,0
Female,Greater than 45,Hispanic,0,0,0,0.0,-3.0,M,Battery,0,0,,0,Low,0
Female,Less than 25,Asian,0,0,0,6.0,-1.0,M,arrest case no charge,0,0,,6,Medium,0
Female,Greater than 45,Hispanic,0,0,0,0.0,0.0,M,Battery,0,0,,0,Low,0
Male,Greater than 45,Hispanic,0,0,0,1.0,-2.0,M,Operating W/O Valid License,0,0,,1,Low,0
Male,Less than 25,Hispanic,0,0,0,1.0,0.0,M,Battery,1,0,Resist/Obstruct W/O Violence,1,Low,1
Male,Less than 25,Native American,0,0,1,1.0,0.0,F,Possession of Cocaine,1,0,,1,Medium,1
Male,25 - 45,Caucasian,0,0,0,0.0,-1.0,F,Felony Battery (Dom Strang),0,0,,0,Low,0
Male,Greater than 45,African-American,0,0,0,19.156106179841892,-1.0,F,Driving While License Revoked,0,0,,19,Medium,0
Male,Less than 25,Asian,0,0,0,1.0,0.0,F,Possession of Cocaine,1,0,Possession Of Heroin,1,Medium,1
Female,25 - 45,Hispanic,0,0,0,7.0,-20.0,M,arrest case no charge,1,0,Possession Of Heroin,7,Low,1
Male,25 - 45,Caucasian,0,0,0,0.0,-1.0,F,Possession of Cocaine,0,0,,0,Low,0
Female,Less than 25,African-American,0,0,0,0.0,-1.0,M,Battery,0,0,,0,Medium,0
Male,Greater than 45,Native American,0,0,0,2.0,-1.0,M,Carry Open/Uncov Bev In Pub,0,0,,2,Medium,0
Female,Greater than 45,Caucasian,0,0,0,1.0,-21.93898048528586,F,Criminal Mischief Damage <$200,0,0,,1,Low,0
Male,Greater than 45,Native American,0,0,0,32.38585087457101,0.0,M,False Motor Veh Insurance Card,1,0,,31,Medium,1
Male,Greater than 45,Asian,0,0,0,0.0,-1.0,F,Possession of Cocaine,0,0,,0,Low,0
Female,25 - 45,Caucasian,0,0,0,0.0,-2.0,M,Child Abuse,0,0,,0,Low,0
Male,25 - 45,African-American,0,0,0,13.0,-1.0,F,arrest case no charge,1,0,Driving License Suspended,13,High,1
Male,25 - 45,Native American,2,1,3,20.645995801269013,0.0,F,DUI Level 0.15 Or Minor In Veh,1,0,Burglary Unoccupied Dwelling,20,High,1
Male,Less than 25,Other,0,0,0,0.0,-1.0,M,Battery,1,0,Possession of Cannabis,0,Medium,1
Male,25 - 45,Caucasian,0,0,0,0.0,-1.0,M,Battery,1,0,Driving License Suspended,0,High,1
Female,25 - 45,Hispanic,0,0,0,0.0,0.0,F,Felony Driving While Lic Suspd,0,0,,0,Low,0
Male,25 - 45,African-American,0,0,0,1.0,-1.0,F,Unauth C/P/S Sounds>1000/Audio,0,0,,1,High,0
Male,25 - 45,Native American,0,0,0,1.0,-1.0,F,Possession of Cocaine,1,0,,1,Low,1
Female,25 - 45,Caucasian,0,0,0,2.0,-1.0,F,Aggrav Battery w/Deadly Weapon,0,0,,2,High,0
Male,Greater than 45,Caucasian,0,0,0,0.0,-1.0,M,Driving License Suspended,0,0,Driving License Suspended,0,Low,0
Male,25 - 45,Native American,0,0,0,8.0,-1.0,M,Battery,0,0,,8,Low,0
Male,25 - 45,African-American,0,0,0,1.0,-1.0,F,Aggravated Battery / Pregnant,1,1,Culpable Negligence,1,Low,1
Male,Greater than 45,African-American,0,0,0,6.0,-1.0,F,Possession Burglary Tools,1,0,Driving License Suspended,6,High,1
Male,Less than 25,Asian,0,0,1,3.0,0.0,F,Viol Pretrial Release Dom Viol,1,0,Driving License Suspended,3,High,1
Male,Less than 25,Hispanic,0,0,0,0.0,-1.0,F,Resist Officer w/Violence,0,0,,0,Medium,0
Female,25 - 45,Hispanic,0,0,0,1.0,-12.0,M,Burglary Conveyance Occupied,0,0,,1,Low,0
Male,25 - 45,Caucasian,0,0,0,0.0,-1.0,F,Possession of Oxycodone,0,0,,0,Low,0
Female,Greater than 45,Other,0,0,0,13.0,-1.0,M,Battery,1,0,Possession Of Heroin,13,Medium,1
Male,Greater than 45,Other,0,0,0,15.295744339960144,-4.0,F,Possession of Hydrocodone,1,0,Resist/Obstruct W/O Violence,15,High,1
Male,25 - 45,Native American,0,1,0,6.0,-1.0,M,arrest case no charge,1,1,Battery,6,Low,1
Male,Less than 25,Hispanic,0,0,0,0.0,-1.0,M,Battery,0,0,,0,Low,0
Male,Less than 25,African-American,0,0,0,0.0,-1.0,F,Grand Theft in the 3rd Degree,1,1,Robbery W/Firearm,0,High,1
Male,25 - 45,Caucasian,0,0,0,2.0,0.0,F,Possession of Cocaine,0,0,,2,Medium,0
Male,Greater than 45,Native American,0,0,0,0.0,-1.0,F,Manufacture Cannabis,0,0,,0,Low,0
Male,25 - 45,Caucasian,0,0,0,4.0,-25.0,F,Use of Anti-Shoplifting Device,0,0,,4,Low,0
Male,25 - 45,Caucasian,0,0,0,1.0,0.0,F,arrest case no charge,0,0,,1,Medium,0
Male,25 - 45,African-American,0,0,0,2.0,0.0,M,Battery,0,0,,2,Medium,0
Male,25 - 45,African-American,0,0,0,2.0,-1.0,M,Lve/Scen/Acc/Veh/Prop/Damage,0,0,,2,Low,0
Male,25 - 45,Other,0,0,0,3.0,-1.0,M,Battery,0,0,,3,Low,0
Male,Less than 25,African-American,0,0,0,0.0,0.0,F,Grand Theft in the 3rd Degree,0,0,,0,Low,0
Male,25 - 45,Asian,0,0,0,1.0,-3.0,F,Solicit Deliver Cocaine,0,0,,1,Low,0
Male,25 - 45,Hispanic,0,0,0,5.0,0.0,M,Expired DL More Than 6 Months,1,0,Driving License Suspended,5,Low,1
Male,25 - 45,Caucasian,0,0,0,7.0,-1.0,F,arrest case no charge,0,0,,8,Medium,0
Male,Greater than 45,Other,0,0,0,0.0,-1.0,M,Battery,0,0,,0,Low,0
Male,25 - 45,Other,0,0,0,0.0,0.0,F,Aggravated Assault w/Firearm,0,0,,0,Low,0
Male,25 - 45,Other,0,0,0,0.0,0.0,F,Pos Cannabis W/Intent Sel/Del,1,1,Robbery W/Firearm,0,Low,1
Male,Less than 25,Caucasian,0,0,0,1.0,-9.045984499225835,F,Aggravated Assault w/Firearm,1,0,Driving License Suspended,1,Low,0
Male,25 - 45,African-American,0,0,0,7.0,0.0,F,False Motor Veh Insurance Card,1,0,Driving License Suspended,7,Medium,1
Male,25 - 45,Asian,0,0,0,1.0,-27.0,M,Battery,0,0,,1,Low,0
Male,Less than 25,African-American,3,0,0,2.0,-22.0,F,arrest case no charge,1,0,Possession Of Heroin,2,High,1
Male,Less than 25,Asian,0,1,0,2.0,-17.567448822468847,F,Possession of Cocaine,1,0,,2,High,1
Male,Less than 25,African-American,1,0,2,1.0,-1.0,F,arrest case no charge,1,0,Possession Burglary Tools,1,High,1
Male,Greater than 45,Asian,0,0,0,0.0,-1.0,F,Fail Register Vehicle,0,0,,0,Low,0
Male,Less than 25,Asian,0,0,0,0.0,0.0,F,Possess w/I/Utter Forged Bills,0,0,,0,Low,0
Male,Less than 25,Other,0,0,0,0.0,-1.0,M,Disorderly Conduct,1,0,Possession Of Heroin,0,Low,1
Male,25 - 45,Hispanic,0,0,0,2.0,-3.0,M,arrest case no charge,0,0,,2,Low,0
Female,25 - 45,Asian,0,0,0,3.0,0.0,F,Poss Pyrrolidinovalerophenone,1,0,,3,Low,1
Male,Greater than 45,Other,0,0,0,1.0,-1.0,F,arrest case no charge,0,0,,1,Low,0
Female,25 - 45,African-American,0,0,0,0.0,-3.0,M,Resist/Obstruct W/O Violence,0,0,,0,Low,0
Male,Greater than 45,Caucasian,0,0,0,3.136804147534459,-1.0,M,Criminal Mischief,1,0,Driving License Suspended,4,Low,0
Female,Greater than 45,Asian,0,0,0,2.0,-1.0,F,Grand Theft (Motor Vehicle),0,0,,2,Medium,0
Male,25 - 45,Native American,0,0,0,1.0,-1.0,F,arrest case no charge,0,0,,1,Low,0
Male,25 - 45,African-American,2,1,0,11.0,-1.0,F,,0,0,,10,High,0
Male,Greater than 45,Hispanic,0,0,0,0.0,-1.0,M,Battery,1,0,Resist/Obstruct W/O Violence,0,Low,1
Female,25 - 45,Caucasian,0,0,0,0.0,-1.0,M,Battery,1,0,Driving License Suspended,0,Low,1
Male,Less than 25,Native American,0,0,0,1.0,-1.0,M,Battery,1,1,Battery,1,Low,1
Male,25 - 45,Caucasian,0,0,0,3.0,-1.0,F,Grand Theft (Motor Vehicle),1,0,,3,Low,0
Female,Less than 25,Hispanic,0,0,0,1.0,-2.0,M,Battery,0,0,,1,Low,0
Male,25 - 45,Hispanic,0,0,0,18.71526655010435,-1.0,F,Possession of Cocaine,1,1,Poss Pyrrolidinovalerophenone,19,High,1
Male,Greater than 45,Hispanic,0,0,0,0.0,-1.0,F,Battery on a Person Over 65,0,0,,0,Low,0
Male,Greater than 45,Caucasian,0,0,0,0.0,-1.0,M,Fleeing or Eluding a LEO,0,0,,0,Low,0
Female,Greater than 45,African-American,0,0,0,6.0,-1.0,M,Battery,0,0,,7,Low,0
Female,25 - 45,Asian,0,0,0,0.0,-1.0,M,Battery,0,0,,0,Low,0
Male,Less than 25,Native American,0,0,1,1.0,-1.0,F,Felony Battery (Dom Strang),1,0,Petit Theft $100- $300,1,High,1
Female,25 - 45,Other,0,0,0,0.0,-1.0,F,Felony Driving While Lic Suspd,0,0,,0,Low,0
Male,Less than 25,African-American,0,0,2,2.0,-1.0,M,Battery,1,1,Petit Theft $100- $300,2,High,1
Male,25 - 45,Other,0,0,0,1.0,-1.0,F,Unlaw Use False Name/Identity,1,0,Resist/Obstruct W/O Violence,1,Low,1
Male,25 - 45,Native American,0,0,0,0.0,-1.0,F,"Poss3,4 Methylenedioxymethcath",1,0,Unlaw Use False Name/Identity,0,Low,1
Male,Greater than 45,Native American,0,0,0,0.0,-1.0,M,Battery,0,0,,0,Low,0
Male,25 - 45,Asian,0,0,0,1.0,-1.0,M,arrest case no charge,0,0,,1,Low,0
Male,25 - 45,Asian,0,0,0,5.0,-1.0,F,Poss Wep Conv Felon,0,0,,5,Low,0
Male,Less than 25,Asian,0,0,0,4.0,-1.0,F,Burglary Unoccupied Dwelling,0,0,,4,High,0
Male,Greater than 45,Other,0,0,0,4.0,-1.0,F,Possession of Cocaine,0,0,,4,Low,0
Male,Greater than 45,Native American,0,0,0,19.0,-1.0,F,Felony Petit Theft,1,0,Driving License Suspended,19,Medium,1
Male,25 - 45,African-American,2,1,0,9.0,-1.0,F,"Poss3,4 Methylenedioxymethcath",0,0,,9,High,0
Male,Greater than 45,Other,0,0,0,0.0,-1.0,F,Carry Open/Uncov Bev In Pub,0,0,,0,Low,0
Male,Less than 25,Native American,0,0,0,1.0,-1.0,F,arrest case no charge,0,0,,1,Low,0
Male,25 - 45,African-American,0,0,0,2.0,-1.0,F,Felony Driving While Lic Suspd,1,0,Driving License Suspended,2,Low,1
Male,25 - 45,Native American,0,1,0,6.610391128945879,-1.0,F,arrest case no charge,0,0,,7,Low,0
Male,25 - 45,Asian,0,0,0,1.0,-1.0,M,Battery,1,0,Driving License Suspended,1,Low,0
Male,25 - 45,Asian,0,0,0,6.0,-10.0,F,False Motor Veh Insurance Card,1,1,Throw Deadly Missile Into Veh,6,Medium,1
Male,25 - 45,Caucasian,0,0,0,1.0,-1.0,F,Possession of Cocaine,1,0,,1,Low,1
Male,Less than 25,Native American,0,0,0,8.0,-1.0,M,Petit Theft $100- $300,1,0,Possession Of Heroin,8,Medium,1
Male,25 - 45,Native American,0,0,0,13.0,-1.0,F,Possession of Cocaine,1,0,Driving License Suspended,12,High,1
Male,25 - 45,Other,0,0,0,17.0,-1.0,F,Driving While License Revoked,1,0,,17,High,1
Male,25 - 45,Hispanic,0,0,0,2.0,-1.0,F,Possession of Hydromorphone,0,0,,2,Low,0
Female,25 - 45,Other,0,0,1,9.0,-1.0,M,Battery,0,0,,8,High,0
Male,25 - 45,Hispanic,0,0,0,1.0,0.0,F,Possession of Cocaine,0,0,,1,High,0
Female,Greater than 45,Caucasian,0,0,0,4.0,-1.0,F,arrest case no charge,0,0,,4,Low,0
Male,Greater than 45,Caucasian,0,0,0,0.0,-1.0,F,Crim Use of Personal ID Info,0,0,,0,Low,0
Female,25 - 45,Hispanic,0,0,0,2.0,0.0,F,Grand Theft in the 3rd Degree,0,0,Possession Of Heroin,2,Medium,1
Male,Less than 25,African-American,0,0,0,3.0,-1.0,M,Disorderly Conduct,1,0,,3,High,1
Male,Less than 25,African-American,0,0,0,4.0,-1.0,F,arrest case no charge,1,0,Possession Of Heroin,4,High,1
Male,25 - 45,Other,0,0,0,0.0,-1.0,F,arrest case no charge,0,0,,0,Low,0
Male,Greater than 45,Caucasian,0,0,0,0.0,-1.0,F,Corrupt Public Servant,0,0,,0,Low,0
Male,25 - 45,Hispanic,0,1,0,18.55799080408043,-1.0,F,Lewd Act Presence Child 16-,1,1,Battery,18,Medium,1
Male,25 - 45,African-American,0,0,0,3.0,0.0,F,"Poss3,4 Methylenedioxymethcath",0,0,,3,Low,0
Male,Greater than 45,Asian,0,0,0,0.0,0.0,F,Felony Battery (Dom Strang),0,1,Carrying A Concealed Weapon,0,Low,1
Male,Less than 25,Other,0,0,0,2.0,-1.0,F,Burglary Conveyance Unoccup,1,0,Possession Of Heroin,2,Low,1
Male,25 - 45,Other,0,0,0,3.0,-1.0,M,Viol Injunct Domestic Violence,1,1,Tampering With Physical Evidence,3,Low,1
Male,Greater than 45,Native American,0,0,0,6.0,-1.0,F,Driving While License Revoked,1,0,,6,Low,1
Male,25 - 45,African-American,0,0,0,0.0,-1.0,M,Battery,0,0,,0,Low,0
Male,Less than 25,Asian,0,0,0,1.0,-1.0,M,Resist/Obstruct W/O Violence,0,0,,1,Low,0
Male,25 - 45,Caucasian,0,0,0,12.637973246541808,-1.0,F,Grand Theft in the 3rd Degree,1,1,Aggrav Battery w/Deadly Weapon,12,High,1
Male,25 - 45,Asian,0,0,0,0.0,-1.0,M,Battery,0,0,,0,Low,0
Male,25 - 45,Native American,3,0,0,11.0,0.0,F,Possession of Cocaine,1,0,,11,High,1
Female,Greater than 45,Hispanic,0,0,0,0.0,-2.0,M,Possession Of Alprazolam,0,0,,0,Low,0
Male,25 - 45,Caucasian,0,0,0,0.0,-1.0,M,Burglary Dwelling Occupied,0,0,,0,Low,0
Male,Greater than 45,Hispanic,0,0,0,0.0,-7.343758647035287,M,Viol Injunct Domestic Violence,0,0,,0,Low,0
Female,25 - 45,African-American,0,0,0,14.727848943354847,-4.0,F,Possession of Cocaine,1,0,Driving License Suspended,14,Medium,1
Male,25 - 45,Asian,0,0,0,2.0,-2.0,F,Crim Use of Personal ID Info,1,0,,2,Low,0
Male,25 - 45,Native American,0,0,0,0.0,-1.0,F,Felony Battery (Dom Strang),0,0,,0,Low,0
Male,Less than 25,African-American,0,0,0,4.0,-1.0,F,Driving While License Revoked,1,0,,4,High,1
Male,25 - 45,Hispanic,0,0,0,1.0,-2.0,M,Possession Of Carisoprodol,0,0,,1,High,0
Male,25 - 45,Hispanic,0,0,0,0.0,-1.0,M,DUI Property Damage/Injury,0,0,,0,Low,0
Male,Less than 25,Hispanic,0,0,0,0.0,-1.0,F,Possession of Cocaine,0,0,,0,Medium,0
Male,25 - 45,Native American,0,0,0,0.0,-1.0,F,Aggravated Assault W/dead Weap,1,0,,0,Medium,1
Male,25 - 45,Hispanic,0,0,0,7.0,-2.0,F,Driving While License Revoked,1,0,Driving License Suspended,7,High,1
Male,Less than 25,African-American,0,0,0,12.732751446976943,-1.0,F,arrest case no charge,1,0,Driving License Suspended,13,Medium,1
Male,25 - 45,Asian,0,0,1,2.0,-1.0,M,Exposes Culpable Negligence,0,0,,2,Low,0
Male,25 - 45,Hispanic,0,0,0,19.0,0.0,F,Driving While License Revoked,1,0,Possession Of Heroin,19,High,1
Male,25 - 45,Other,0,0,1,8.0,-1.0,F,Uttering a Forged Instrument,1,0,,8,High,0
Male,25 - 45,Native American,0,0,0,1.0,0.0,F,Possession of Cocaine,0,0,,1,Medium,0
Male,Less than 25,African-American,0,0,0,1.0,-11.296725060516717,M,Battery,1,1,Grand Theft (Motor Vehicle),1,Low,1
Male,Less than 25,Native American,0,0,0,0.0,-1.0,F,Obstruct Fire Equipment,0,0,,0,Medium,0
Male,25 - 45,African-American,0,0,0,6.0,-1.0,F,arrest case no charge,1,0,Driving License Suspended,6,High,1
Male,25 - 45,Hispanic,0,0,0,3.0,-1.0,F,arrest case no charge,1,1,Fraudulent Use Credit Card,3,High,1
Male,25 - 45,Caucasian,0,1,0,4.0,-1.0,M,Battery,0,0,,4,Medium,0
Female,25 - 45,Caucasian,0,0,0,2.0,-1.0,F,Grand Theft (Motor Vehicle),0,0,,2,Low,0
Male,25 - 45,Other,0,0,0,2.0,-1.0,M,Battery,0,0,,2,Low,0
Male,25 - 45,Caucasian,0,0,0,0.0,0.0,F,Possession of Cocaine,0,0,,0,Low,0
Male,Greater than 45,African-American,0,0,0,0.0,-1.0,M,Battery,0,0,,0,Medium,0
Male,Greater than 45,Hispanic,0,0,0,5.0,-21.74676149009898,F,Burglary Unoccupied Dwelling,1,0,,5,Low,0
Male,25 - 45,Other,0,0,0,3.0,-1.0,F,arrest case no charge,0,0,,3,Low,0
Male,25 - 45,African-American,0,0,0,8.0,-1.0,F,Uttering a Forged Instrument,1,0,,7,Medium,1
Female,25 - 45,Other,0,0,0,1.0,-1.0,F,Carrying Concealed Firearm,1,0,,1,Low,0
Male,Less than 25,African-American,0,0,0,1.0,0.0,F,arrest case no charge,1,1,Battery,1,High,1
Male,Less than 25,Other,0,0,0,5.0,-1.0,M,arrest case no charge,0,0,,5,Medium,0
Male,25 - 45,African-American,0,0,0,13.062822489384962,-1.0,F,Felony Driving While Lic Suspd,1,0,Driving License Suspended,14,High,1
Male,Greater than 45,Caucasian,0,0,0,0.0,-1.0,M,Leaving Acc/Unattended Veh,0,0,,0,Low,0
Male,Less than 25,Native American,0,0,0,0.0,-1.0,F,Burglary Structure Unoccup,1,0,Driving License Suspended,0,Medium,1
Male,25 - 45,African-American,1,0,0,11.250254550109283,-1.0,F,Felony Driving While Lic Suspd,0,0,,12,Medium,0
Male,25 - 45,Caucasian,0,0,0,8.0,-1.0,M,Battery,1,0,Resist/Obstruct W/O Violence,8,Medium,1
Male,25 - 45,African-American,0,0,0,0.0,0.0,M,Operating W/O Valid License,1,0,Driving License Suspended,0,Low,1
Male,Less than 25,Native American,0,1,1,1.0,-1.0,F,Burglary Conveyance Unoccup,1,0,Obstruct Fire Equipment,1,High,1
Male,25 - 45,African-American,0,0,1,8.0,-1.0,F,Attempt Armed Burglary Dwell,1,0,Driving License Suspended,9,Medium,1
Male,25 - 45,African-American,0,0,0,1.0,0.0,M,Battery on Law Enforc Officer,0,0,,1,Low,0
Male,Greater than 45,Caucasian,0,0,0,1.0,0.0,M,Expired DL More Than 6 Months,0,0,,1,Low,0
Male,25 - 45,African-American,0,0,0,1.0,0.0,F,Pos Cannabis W/Intent Sel/Del,1,0,Resist/Obstruct W/O Violence,1,Medium,1
Female,Greater than 45,Asian,0,0,0,2.0,25.563739747072226,F,Agg Battery Grt/Bod/Harm,0,0,,2,Low,0
Male,25 - 45,Native American,0,0,0,2.0,-1.0,F,arrest case no charge,0,0,,2,Low,0
Male,Less than 25,Hispanic,0,0,0,0.0,-5.984021074140056,F,Deliver Cocaine,0,0,,0,Low,0
Male,25 - 45,Hispanic,1,0,0,7.0,-1.0,M,Susp Drivers Lic 1st Offense,1,0,DUI- Enhanced,7,High,1
Male,Greater than 45,Native American,0,0,0,0.0,0.0,F,Deliver Cocaine,1,0,Unlaw Use False Name/Identity,0,High,1
Female,Less than 25,Native American,0,0,0,0.0,0.0,F,Grand Theft in the 3rd Degree,0,0,,0,Medium,0
Male,Greater than 45,Hispanic,0,1,0,2.0,-1.0,F,Burglary Dwelling Occupied,1,1,Battery,2,Medium,1
Male,25 - 45,Asian,0,0,0,5.0,0.0,M,arrest case no charge,0,0,,5,Medium,0
Male,25 - 45,Native American,0,0,0,5.0,0.0,M,Lve/Scen/Acc/Veh/Prop/Damage,0,0,,5,Low,0
Female,25 - 45,Other,0,0,0,3.0,-1.0,F,Driving While License Revoked,0,0,Driving License Suspended,3,Low,0
Female,Less than 25,Caucasian,0,0,0,0.0,-1.0,M,Battery,0,0,,0,Low,0
Female,Greater than 45,Asian,0,0,0,1.0,-24.0,F,Possession of Cocaine,1,0,,1,Low,1
Male,25 - 45,African-American,0,0,0,4.0,-1.0,F,Grand Theft in the 3rd Degree,1,0,Possession Of Heroin,4,Low,1
Female,25 - 45,Caucasian,0,0,0,0.0,-2.0,M,Possession of Hydrocodone,0,0,,0,Low,0
Male,25 - 45,Caucasian,1,0,0,1.0,10.950438942896469,F,arrest case no charge,1,0,DUI- Enhanced,1,Medium,1
Female,25 - 45,Caucasian,0,0,0,1.0,-1.0,M,Corrupt Public Servant,0,0,,1,Low,0
Male,Less than 25,African-American,1,0,1,3.0,-1.0,F,Sel/Pur/Mfr/Del Control Substa,0,0,,3,High,0
Male,Less than 25,Other,0,0,0,0.0,-2.0,M,Petit Theft,0,0,Driving License Suspended,0,Medium,0
Male,25 - 45,Caucasian,0,0,0,3.0,-1.0,M,Burglary Dwelling Occupied,0,0,,3,Low,0
Male,25 - 45,Native American,0,0,0,0.0,-1.0,M,Battery,0,0,,0,Low,0
Female,25 - 45,African-American,0,0,0,1.0,-1.0,F,Possession of Cocaine,1,1,Battery,1,Low,1
Male,Greater than 45,African-American,0,0,0,0.0,-1.0,F,Uttering a Forged Instrument,0,0,,0,Low,0
Female,25 - 45,Hispanic,0,0,0,0.0,-1.0,F,Grand Theft (Motor Vehicle),1,0,,0,Low,1
Male,25 - 45,Caucasian,0,0,0,1.0,-30.0,F,Possession of Cocaine,0,0,,1,Low,0
Male,Less than 25,Hispanic,0,0,0,0.0,0.0,F,Possession Of Alprazolam,1,0,Unlaw Use False Name/Identity,0,Low,1
Male,25 - 45,Other,0,0,0,0.0,-1.0,F,Solicitation On Felony 3 Deg,0,0,,0,Low,0
Male,25 - 45,African-American,0,0,0,0.0,-1.0,F,Uttering a Forged Instrument,0,0,,0,Low,0
Male,Less than 25,Native American,0,0,0,1.0,0.0,M,Opert With Susp DL 2nd Offens,0,0,,1,Medium,0
Male,25 - 45,Hispanic,0,1,0,16.818100287663302,0.0,F,Felony Battery (Dom Strang),1,0,Resist/Obstruct W/O Violence,16,Medium,1
Female,Less than 25,Native American,0,0,0,0.0,-1.0,M,Exposes Culpable Negligence,0,0,,0,Medium,0
Male,25 - 45,Asian,0,0,0,18.933635317561023,-1.0,M,Battery,1,0,Possession Of Heroin,18,Medium,1
Female,25 - 45,Asian,0,0,0,0.0,0.0,F,Aggrav Battery w/Deadly Weapon,0,0,,0,Low,0
Male,25 - 45,Other,0,0,0,0.0,0.0,M,Resist Officer w/Violence,0,0,Driving License Suspended,0,Low,0
Male,Greater than 45,African-American,0,0,0,1.0,-1.0,F,arrest case no charge,0,0,,1,Low,0
Female,Greater than 45,Caucasian,0,0,0,29.403325606988215,-1.0,M,arrest case no charge,1,0,,29,Medium,1
Male,Less than 25,African-American,0,0,1,1.0,-1.0,M,Possess Cannabis/20 Grams Or Less,1,0,Resist/Obstruct W/O Violence,1,Low,1
Male,25 - 45,Caucasian,0,0,0,0.0,-2.0,M,DUI Property Damage/Injury,0,0,Driving License Suspended,0,Low,0
Male,25 - 45,Other,0,0,0,1.0,-1.0,F,Felony Battery (Dom Strang),0,0,,1,Low,0
Male,25 - 45,Caucasian,0,0,0,1.0,-27.0,F,Carry Open/Uncov Bev In Pub,1,0,Possession Of Heroin,1,Low,1
Female,25 - 45,Asian,0,0,0,13.829740738363022,-1.0,F,Crim Use of Personal ID Info,1,0,,13,High,0
Male,25 - 45,Asian,0,0,0,0.0,-1.0,F,Driving While License Revoked,1,0,Driving License Suspended,0,Low,1
Female,25 - 45,African-American,0,0,0,7.0,-1.0,M,Battery,1,0,Driving License Suspended,7,Low,1
Male,25 - 45,Caucasian,0,0,0,0.0,-1.0,F,Grand Theft in the 3rd Degree,0,0,,0,Low,0
Male,Less than 25,Hispanic,0,0,0,0.0,0.0,F,arrest case no charge,0,0,Driving License Suspended,0,Low,0
Male,25 - 45,Asian,0,0,0,5.0,-1.0,F,Possession of Hydrocodone,1,0,Driving License Suspended,5,Medium,1
Male,25 - 45,African-American,0,0,0,2.0,-1.0,F,Agg Assault W/int Com Fel Dome,0,0,Driving License Suspended,2,Medium,0
Female,Less than 25,Native American,0,0,0,0.0,-1.0,F,Burglary Unoccupied Dwelling,0,0,,0,Medium,0
Female,25 - 45,African-American,0,0,0,1.0,-1.0,M,Driving License Suspended,0,0,,1,Low,0
Male,25 - 45,African-American,0,0,0,1.0,-18.89368814211167,F,Felony Battery (Dom Strang),0,0,,1,Low,0
Male,25 - 45,Other,0,0,0,2.0,0.0,F,"Poss3,4 Methylenedioxymethcath",0,0,,2,Low,0
Male,Less than 25,Caucasian,0,0,0,0.0,0.0,F,Felony Driving While Lic Suspd,1,0,Resist/Obstruct W/O Violence,0,Low,1
Male,Less than 25,Other,0,0,0,0.0,-1.0,M,Burglary Dwelling Occupied,1,0,,0,Low,1
Female,Greater than 45,Other,0,0,0,0.0,-1.0,F,Grand Theft in the 3rd Degree,0,0,,0,Low,0
Male,Greater than 45,Caucasian,0,0,0,0.0,-1.0,M,Possession Of Heroin,0,0,,0,Medium,0
Male,Greater than 45,Other,0,0,0,4.0,-1.0,F,Uttering a Forged Instrument,1,0,Driving License Suspended,4,Low,1
Male,25 - 45,African-American,0,0,0,2.0,-1.0,F,Grand Theft (Motor Vehicle),1,0,Resist/Obstruct W/O Violence,2,Low,1
Male,25 - 45,African-American,0,0,0,2.0,-1.0,F,arrest case no charge,0,0,,2,Medium,1
Female,Less than 25,Native American,0,0,0,1.0,0.0,M,Leave Acc/Attend Veh/More $50,1,0,,1,Low,1
Female,Less than 25,Native American,0,0,0,1.0,-3.0,F,Shoot Into Vehicle,0,0,,1,Low,0
Male,25 - 45,Asian,0,0,0,0.0,-1.0,M,Battery,0,0,,0,Low,0
Male,Greater than 45,Caucasian,0,0,0,11.0,0.0,M,DUI - Enhanced,0,0,,11,Medium,0
Male,25 - 45,Hispanic,0,0,0,0.0,-1.0,F,Grand Theft in the 3rd Degree,0,0,,0,Low,0
Male,Greater than 45,Other,0,0,0,0.0,-1.0,M,Battery,1,0,Driving License Suspended,0,Low,1
Male,Less than 25,Native American,0,0,0,4.0,-3.0,F,Burglary Unoccupied Dwelling,1,0,Resist/Obstruct W/O Violence,4,Low,1
Male,25 - 45,African-American,0,0,0,1.0,-1.0,F,Agg Battery Grt/Bod/Harm,1,0,Driving License Suspended,1,Low,1
Male,25 - 45,Asian,0,0,1,7.0,-1.0,M,Viol Injunct Domestic Violence,1,0,,7,High,1
Male,Less than 25,African-American,0,0,0,1.0,-1.0,F,Robbery Sudd Snatch No Weapon,1,0,,1,Low,1
Male,Less than 25,African-American,0,0,0,1.0,-1.0,F,arrest case no charge,0,0,,1,Low,0
Male,25 - 45,Native American,0,0,0,1.0,-1.0,M,Battery,0,0,,1,High,0
Male,25 - 45,Caucasian,0,0,0,1.0,-1.0,F,Possession Of Heroin,0,0,,1,Low,0
Male,Greater than 45,Caucasian,0,0,0,1.0,-21.643672609626403,F,Possession of Cocaine,1,0,Resist/Obstruct W/O Violence,1,Low,1
Male,25 - 45,Native American,0,0,0,0.0,-1.0,M,Assault,1,1,Battery,0,Low,0
Male,25 - 45,Caucasian,0,0,0,3.0,0.0,M,Battery,0,0,,3,Low,0
Male,25 - 45,Hispanic,0,0,0,0.0,-1.0,F,Grand Theft in the 3rd Degree,0,0,,0,Medium,0
Male,Greater than 45,Caucasian,0,0,0,1.0,-1.0,F,Aggrav Battery w/Deadly Weapon,0,0,,1,Low,0
Male,Greater than 45,Caucasian,0,0,0,0.0,0.0,M,Agg Fleeing and Eluding,0,0,,0,Low,0
Male,Greater than 45,African-American,0,0,0,0.0,0.0,M,Defrauding Innkeeper,0,0,,0,Low,0
Male,Greater than 45,Caucasian,0,0,0,0.0,-1.0,M,Battery,0,0,,0,Low,0
Male,25 - 45,African-American,0,0,0,3.0,0.0,F,Burglary Unoccupied Dwelling,0,0,,3,Low,0
Male,Less than 25,African-American,0,0,0,0.0,0.0,F,Tampering With Physical Evidence,1,0,Resist/Obstruct W/O Violence,0,Low,1
Male,Less than 25,African-American,0,2,2,4.0,-1.0,F,"Poss3,4 Methylenedioxymethcath",1,0,Possession Of Heroin,4,Medium,1
Male,Greater than 45,Caucasian,0,0,0,4.0,-1.0,F,Battery,1,0,Driving License Suspended,4,Low,1
Female,25 - 45,Asian,0,0,0,1.0,-1.0,F,Tamper With Witness/Victim/CI,0,0,,1,High,0
Male,25 - 45,African-American,3,1,0,8.90857356843772,-1.0,F,Exhibition Weapon School Prop,1,0,Resist/Obstruct W/O Violence,9,Medium,1
Male,Greater than 45,Hispanic,1,1,1,4.0,15.49212100823253,F,Agg Fleeing/Eluding High Speed,1,1,Aid/Abet Burglary Assault/Batt,3,High,1
Male,Greater than 45,Other,0,0,0,7.0,-1.0,M,Disorderly Conduct,1,1,Battery,7,Medium,0
Male,25 - 45,Caucasian,0,0,0,0.0,-1.0,F,Possession of Cocaine,0,0,,0,Low,0
Male,Greater than 45,Native American,0,0,0,0.0,0.0,F,Possession of Cocaine,0,0,,0,Low,0
Male,25 - 45,Asian,0,0,0,1.0,-1.0,F,arrest case no charge,1,0,Driving License Suspended,1,Medium,1
Male,25 - 45,Caucasian,0,0,0,2.0,-13.0,F,False Ownership Info/Pawn Item,1,0,Driving License Suspended,2,Low,1
Female,25 - 45,African-American,0,0,0,15.0,-1.0,F,Resist Officer w/Violence,0,0,,15,Medium,0
Male,25 - 45,Asian,0,0,0,1.0,-1.0,F,arrest case no charge,0,0,,1,Low,0
Male,25 - 45,Other,0,0,0,4.0,-1.0,M,Battery,1,1,Fraudulent Use Credit Card,4,Low,1
Female,25 - 45,Other,0,0,0,0.0,-1.0,M,Battery,1,0,Resist/Obstruct W/O Violence,0,Medium,1
Male,Greater than 45,Caucasian,0,0,0,9.0,-1.0,M,Susp Drivers Lic 1st Offense,1,0,Possession Of Heroin,9,Medium,1
Male,Less than 25,African-American,0,1,0,4.0,0.0,F,arrest case no charge,0,1,Battery Upon Detainee,4,High,1
Female,25 - 45,Hispanic,0,0,0,0.0,-1.0,F,Felony Driving While Lic Suspd,0,0,,0,Low,0
Male,25 - 45,African-American,0,0,0,8.0,-1.0,M,Battery,0,0,Possession Of Heroin,8,Medium,1
Male,25 - 45,Native American,0,0,0,1.0,-3.0,F,arrest case no charge,0,0,,1,Low,0
Male,25 - 45,Native American,0,0,0,4.0,-1.0,F,Tamper With Witness/Victim/CI,1,1,Battery,4,Low,1
Male,Less than 25,Other,0,0,0,0.0,-3.0,F,Possession of Cocaine,1,0,,0,Low,1
Male,25 - 45,Caucasian,0,0,0,1.0,-1.0,F,DWLS Susp/Cancel Revoked,1,1,Throw Deadly Missile Into Veh,1,Low,1
Male,Less than 25,Caucasian,0,0,1,3.0,16.855678083906007,F,arrest case no charge,1,0,Resist/Obstruct W/O Violence,3,Medium,1
Male,Greater than 45,Caucasian,0,0,0,0.0,-1.0,M,Battery,0,0,,0,Low,0
Female,25 - 45,Caucasian,0,0,0,1.0,-1.0,M,Battery,0,0,,1,Low,0
Female,25 - 45,Caucasian,0,0,0,1.0,-1.0,F,arrest case no charge,0,0,,1,Medium,0
Male,Less than 25,Hispanic,0,0,0,6.0,-1.0,M,Possess Cannabis/20 Grams Or Less,0,0,,6,High,0
Male,25 - 45,Hispanic,0,0,0,3.0,-1.0,M,Resist Officer w/Violence,1,0,Driving License Suspended,3,Medium,1
Female,25 - 45,Caucasian,0,0,0,0.0,-1.0,M,Corrupt Public Servant,0,0,,0,Low,0
Male,Greater than 45,Caucasian,0,0,0,12.735642962044338,0.0,M,Battery,1,1,Battery,12,Low,1
Male,Greater than 45,Other,0,0,0,5.0,-1.0,M,Battery,0,0,,5,Low,0
Male,25 - 45,African-American,0,0,0,4.0,0.0,F,Pos Cannabis W/Intent Sel/Del,1,1,Grand Theft (Motor Vehicle),4,High,1
Male,Greater than 45,African-American,0,0,0,0.0,-1.0,M,DWLS Canceled Disqul 1st Off,0,0,,0,Low,0
Male,Greater than 45,Caucasian,0,0,0,0.0,0.0,M,Battery,1,0,,0,Low,1
Female,25 - 45,Caucasian,0,0,0,3.0,-2.0,F,Crimin Mischief Damage $1000+,1,0,Possession Of Heroin,3,Low,1
Male,25 - 45,Hispanic,0,0,0,4.0,-1.0,F,Poss Pyrrolidinovalerophenone,1,0,,4,High,1
Male,25 - 45,Hispanic,0,0,0,1.0,-1.0,F,Grand Theft in the 3rd Degree,1,0,Possession Of Heroin,1,Medium,1
Male,Greater than 45,African-American,0,0,0,2.0,-13.0,F,arrest case no charge,0,0,Possession Of Heroin,2,Low,0
Male,Less than 25,African-American,0,1,1,3.0,0.0,M,Battery,1,0,Resist/Obstruct W/O Violence,3,High,1
Male,Greater than 45,Other,0,0,0,9.0,-1.0,F,Grand Theft in the 3rd Degree,1,0,,9,Low,1
Male,25 - 45,Asian,0,0,0,11.816455824474403,-1.0,F,Driving While License Revoked,1,0,Resist/Obstruct W/O Violence,12,High,1
Male,25 - 45,Asian,0,1,0,12.0,-1.0,F,arrest case no charge,1,1,Felony Petit Theft,12,High,1
Male,Less than 25,Hispanic,0,0,0,11.0,-1.0,F,Battery,1,0,Driving License Suspended,11,High,1
Female,Less than 25,Native American,0,0,0,0.0,-3.0,F,Corrupt Public Servant,0,0,,0,Low,0
Male,25 - 45,Caucasian,0,0,0,3.0,-1.0,F,Possess Controlled Substance,0,0,,3,Low,0
Male,Greater than 45,Asian,0,0,0,1.0,-1.0,F,arrest case no charge,0,0,,1,Low,0
Male,25 - 45,Other,0,0,0,1.0,-1.0,F,"Poss3,4 Methylenedioxymethcath",1,1,Resist/Obstruct W/O Violence,1,Low,0
Male,Less than 25,African-American,0,0,0,0.0,-1.0,F,Grand Theft (Motor Vehicle),1,0,Possession of Cocaine,0,High,1
Male,25 - 45,Hispanic,0,0,0,0.0,0.0,M,Possession Of Heroin,0,0,,0,Low,0
Male,Greater than 45,Other,0,0,0,4.0,-1.0,M,Battery,1,1,Throw Deadly Missile Into Veh,4,Medium,1
Male,25 - 45,Hispanic,0,0,0,3.0,-1.0,F,Grand Theft in the 3rd Degree,1,0,Driving License Suspended,3,High,1
Female,25 - 45,Native American,0,0,0,0.0,-1.0,F,Aggravated Assault W/Dead Weap,0,0,,0,Low,1
Male,Greater than 45,Native American,0,0,0,2.0,-1.0,M,Battery,1,1,Battery,2,Low,1
Male,25 - 45,Asian,0,0,0,0.0,-1.0,F,Felony Battery (Dom Strang),1,1,Battery,0,Low,1
Male,25 - 45,Caucasian,0,0,0,0.0,-1.0,F,Tampering With Physical Evidence,0,0,,0,Low,0
Male,Less than 25,Other,1,0,0,1.0,-1.0,M,Battery,0,0,,1,Medium,0
Male,Less than 25,African-American,0,0,0,0.0,-4.0,M,Poss Of RX Without RX,1,0,Unlaw Use False Name/Identity,0,Low,1
Male,Greater than 45,Native American,0,0,0,0.0,-1.0,M,DWLS Canceled Disqul 1st Off,0,0,,0,Low,0
Male,25 - 45,African-American,0,0,0,0.0,0.0,M,arrest case no charge,1,0,,0,Medium,1
Female,Greater than 45,Caucasian,0,0,0,1.0,-1.0,M,Lve/Scen/Acc/Veh/Prop/Damage,1,0,Resist/Obstruct W/O Violence,1,Low,1
Male,Less than 25,African-American,0,0,0,1.0,-1.0,F,Battery on Law Enforc Officer,1,0,Driving License Suspended,1,Medium,1
Male,Greater than 45,African-American,0,0,0,27.843341297132532,0.0,F,Possession of Cocaine,1,1,Resist/Obstruct W/O Violence,27,High,1
Male,Less than 25,African-American,0,0,0,3.0,-1.0,M,Viol Prot Injunc Repeat Viol,1,0,Resist/Obstruct W/O Violence,3,Medium,1
Male,25 - 45,Caucasian,0,0,0,4.0,0.0,M,Aggravated Battery / Pregnant,1,1,Stalking (Aggravated),4,Low,1
Male,Less than 25,Native American,0,0,0,1.0,-3.0,F,Battery on Law Enforc Officer,0,0,,1,Medium,0
Female,Greater than 45,Caucasian,0,0,0,27.64914183520321,-1.0,F,Possession of Hydrocodone,1,0,Driving License Suspended,27,High,1
Male,Less than 25,Other,0,1,0,3.0,-1.0,F,arrest case no charge,0,0,,3,Medium,0
Female,Greater than 45,Caucasian,0,0,0,0.0,-1.0,F,Possession of Cocaine,1,0,Possession Of Heroin,0,Low,1
Male,Less than 25,Asian,0,0,0,0.0,-1.0,M,Battery,1,0,Possession of Cannabis,0,Low,1
Male,Less than 25,Other,0,0,0,2.0,-1.0,F,Fleeing or Eluding a LEO,0,0,,2,Low,0
Male,25 - 45,Asian,0,0,0,1.0,-1.0,M,"Poss3,4 Methylenedioxymethcath",0,0,,1,Medium,0
Male,Greater than 45,African-American,0,0,0,3.0,0.0,F,Possession of Cocaine,1,0,Possession Of Heroin,3,Medium,1
Male,25 - 45,Native American,0,0,0,16.168974400628233,-1.0,M,arrest case no charge,1,0,,16,Medium,1
Male,25 - 45,Caucasian,0,0,0,1.0,-4.0,F,arrest case no charge,0,0,,1,Low,0
Male,Greater than 45,Caucasian,0,0,0,3.0,0.0,F,Possession of Cocaine,0,0,,3,Medium,0
Male,25 - 45,Native American,0,0,0,1.0,0.0,F,arrest case no charge,0,0,,1,Low,0
Male,25 - 45,Native American,0,0,0,1.0,-23.0,F,Burglary Structure Unoccup,1,0,Driving License Suspended,1,Low,1
Male,25 - 45,Caucasian,0,0,0,1.0,-10.0,F,Possession of Cocaine,1,0,Driving License Suspended,1,Medium,1
Female,25 - 45,Caucasian,0,0,0,7.0,-6.389712314309747,M,Battery,0,0,,7,Medium,0
Female,25 - 45,Other,0,0,0,0.0,-1.0,M,Fail To Obey Police Officer,0,0,,0,Low,0
Male,25 - 45,Asian,0,0,0,7.0,0.0,F,arrest case no charge,0,0,,7,Low,0
Male,Greater than 45,Caucasian,0,0,0,1.0,-1.0,M,Battery,1,0,Driving License Suspended,1,Low,0
Male,25 - 45,Hispanic,0,0,0,2.0,-27.0,M,Operating W/O Valid License,1,0,,2,Medium,1
Male,25 - 45,Caucasian,0,0,0,0.0,-1.0,F,Possession of Cocaine,0,0,,0,Low,0
Male,25 - 45,Native American,0,0,0,0.0,-1.0,F,Poss Counterfeit Payment Inst,1,0,Possession of Cocaine,0,Medium,1
Male,Greater than 45,African-American,0,0,0,11.0,-1.0,F,arrest case no charge,0,0,,11,High,0
Male,25 - 45,Other,0,7,1,8.0,-1.0,F,Lewdness Violation,1,1,Resist Officer w/Violence,8,High,1
Female,Less than 25,African-American,0,0,0,0.0,-1.0,F,Grand Theft in the 3rd Degree,0,0,,0,Medium,0
Female,25 - 45,Caucasian,0,0,0,0.0,-1.0,F,Aggravated Assault W/Dead Weap,1,1,Battery,0,Low,1
Male,Less than 25,Asian,0,0,0,1.0,-1.0,F,"Poss3,4 Methylenedioxymethcath",1,0,Resist/Obstruct W/O Violence,1,Medium,1
Male,25 - 45,African-American,0,0,0,8.0,-1.0,M,Battery,1,0,,8,Medium,1
Male,Less than 25,Native American,0,0,0,1.0,-1.0,F,arrest case no charge,1,0,Driving License Suspended,1,Low,1
Male,Greater than 45,Hispanic,0,0,0,9.0,-1.0,M,Battery,1,0,Possession Of Heroin,9,Medium,0
Female,Less than 25,Hispanic,0,0,0,0.0,-1.0,F,Burglary Unoccupied Dwelling,1,0,Unlaw Use False Name/Identity,0,Medium,1
Female,25 - 45,Asian,0,0,0,5.0,-1.0,F,arrest case no charge,0,0,,6,Medium,0
Male,25 - 45,Asian,0,0,0,2.0,-26.0,F,Poss Contr Subst W/o Prescript,0,0,,2,Low,0
Male,Less than 25,African-American,0,0,0,6.0,0.0,F,Possession of Cocaine,1,1,Viol Pretrial Release Dom Viol,6,Medium,1
Female,Less than 25,Asian,0,0,0,1.0,-1.0,F,Grand Theft in the 3rd Degree,1,0,Driving License Suspended,1,Medium,1
Male,25 - 45,Other,0,0,0,5.0,-1.0,F,arrest case no charge,1,0,Driving License Suspended,5,High,1
Male,25 - 45,Asian,0,0,0,10.0,-1.0,F,arrest case no charge,0,0,,10,High,0
Male,25 - 45,Native American,0,0,0,3.0,-1.0,M,Viol Pretrial Release Dom Viol,1,0,Possession Of Heroin,3,Low,1
Male,25 - 45,Caucasian,0,0,0,3.0,-1.0,M,Susp Drivers Lic 1st Offense,1,0,Driving License Suspended,3,Low,1
Male,25 - 45,Native American,0,1,0,9.0,-1.0,F,Possession of Cocaine,1,0,,9,High,1
Male,25 - 45,African-American,0,0,0,8.0,-1.0,M,Battery,1,0,Driving License Suspended,8,Medium,0
Male,25 - 45,Hispanic,0,0,0,13.129952273140093,-1.0,F,Grand Theft in the 3rd Degree,1,0,Resist/Obstruct W/O Violence,14,High,1
Male,Greater than 45,Other,0,0,0,0.0,0.0,F,Aggravated Assault W/dead Weap,0,0,,0,Low,0
Male,Less than 25,African-American,0,0,1,6.0,0.0,F,Resist Officer w/Violence,1,0,Possession Burglary Tools,6,High,1
Male,Greater than 45,Asian,0,0,0,2.0,-1.0,F,Felony Driving While Lic Suspd,0,0,,2,Low,0
Male,Less than 25,Asian,0,0,0,0.0,-1.0,F,Burglary Structure Unoccup,0,0,,0,Medium,0
Male,25 - 45,Caucasian,0,0,0,0.0,-1.0,F,Criminal Mischief Damage <$200,1,0,Driving License Suspended,0,Low,1
Male,Greater than 45,Caucasian,0,0,0,8.0,0.0,F,Felony DUI (level 3),1,0,Driving License Suspended,8,Medium,1
Male,25 - 45,Asian,0,0,0,2.0,-1.0,M,Possess Cannabis/20 Grams Or Less,1,0,Driving License Suspended,2,Medium,1
Male,Less than 25,Hispanic,0,0,0,1.0,0.0,M,Battery,1,0,Possession Of Heroin,1,Medium,1
Male,Greater than 45,Caucasian,0,0,0,3.0,-1.0,M,Battery,1,1,Battery,3,Low,1
Male,25 - 45,Native American,0,0,0,3.0,-1.0,F,Burglary Unoccupied Dwelling,1,1,Viol Injunction Protect Dom Vi,3,Low,1
Male,Less than 25,African-American,0,0,0,2.0,-1.0,M,Viol Injunct Domestic Violence,1,0,Possession Of Heroin,2,High,1
Female,Greater than 45,Caucasian,0,0,0,5.681991409046716,-1.0,F,Grand Theft in the 3rd Degree,1,0,Driving License Suspended,5,Low,1
Male,Greater than 45,African-American,0,0,0,0.0,0.0,M,Battery,1,0,Possession of Cannabis,0,Low,1
Male,Less than 25,African-American,0,0,0,1.0,0.0,F,Possession of Codeine,0,0,Driving License Suspended,1,Low,0
Male,25 - 45,Caucasian,0,0,0,9.0,0.0,M,Susp Drivers Lic 1st Offense,1,0,Resist/Obstruct W/O Violence,9,Medium,1
Female,Greater than 45,Caucasian,0,0,0,0.0,-1.0,F,Resist Officer w/Violence,1,0,Resist/Obstruct W/O Violence,0,Low,1
Male,Less than 25,Other,0,0,0,5.0,-1.0,F,arrest case no charge,1,0,Driving License Suspended,5,Medium,1
Female,25 - 45,Hispanic,0,0,0,1.0,-27.05861087668004,F,Possession of Cocaine,0,0,,1,Low,0
Female,25 - 45,Caucasian,0,0,0,0.0,-5.0,F,"Poss3,4 Methylenedioxymethcath",0,0,,0,Medium,0
Male,25 - 45,Asian,0,0,0,2.0,-1.0,M,Tampering With Physical Evidence,1,0,Possession Of Heroin,2,High,1
Female,Less than 25,Asian,0,0,0,0.0,-1.0,F,Deliver Cocaine,0,0,Possession of Cannabis,0,High,1
Male,25 - 45,Hispanic,0,0,0,1.0,-1.0,F,Felony Battery (Dom Strang),0,0,,1,Low,0
Male,Less than 25,African-American,0,0,0,0.0,-1.0,M,Resist/Obstruct W/O Violence,0,0,,0,Medium,0
Male,Less than 25,African-American,0,0,0,0.0,-1.0,M,Possess Drug Paraphernalia,0,0,,0,Medium,0
Female,Greater than 45,Asian,0,0,0,24.356963554037232,-1.0,F,Felony Petit Theft,1,0,,24,High,1
Male,25 - 45,Native American,0,0,0,3.0,-23.0,M,Reckless Driving,0,0,,3,Medium,0
Male,Less than 25,Hispanic,0,0,0,0.0,-1.0,M,Battery,1,1,Battery,0,Low,1
Male,25 - 45,Asian,0,0,0,4.0,-1.0,M,Assault,1,0,Driving License Suspended,4,Medium,0
Male,25 - 45,Other,0,0,0,1.0,-14.818417201723452,F,Felony Battery (Dom Strang),0,0,,1,Low,0
Male,Less than 25,African-American,0,0,1,0.0,-1.0,M,Battery,1,0,Resist/Obstruct W/O Violence,0,High,1
Male,25 - 45,Caucasian,0,0,0,0.0,-1.0,M,Battery,0,0,,0,Medium,0
Male,25 - 45,Other,0,0,0,3.0,-1.0,F,Resist Officer w/Violence,1,0,Driving License Suspended,3,Low,1
Male,Greater than 45,Native American,0,0,0,6.0,-1.0,F,arrest case no charge,0,0,,6,Low,0
Male,25 - 45,Native American,0,0,0,14.195614688070584,-6.273144300065997,F,arrest case no charge,0,0,,14,Medium,0
Female,25 - 45,Native American,0,0,0,4.0,-1.0,F,Possession Of Alprazolam,0,0,,4,Medium,0
Male,Less than 25,Caucasian,0,0,0,0.0,-3.0,F,Possession Of Alprazolam,0,0,,0,Medium,0
Female,25 - 45,Caucasian,0,0,0,2.0,-1.0,F,arrest case no charge,1,0,Resist/Obstruct W/O Violence,2,Medium,1
Male,25 - 45,Hispanic,0,0,0,0.0,-1.0,M,Battery,1,0,Unlaw Use False Name/Identity,0,Low,1
Female,25 - 45,African-American,0,0,0,7.0,0.0,F,Carry Open/Uncov Bev In Pub,1,0,Possession Of Heroin,7,Low,1
Male,25 - 45,Hispanic,0,0,0,1.0,-1.0,M,Criminal Mischief Damage <$200,1,0,Driving License Suspended,1,Low,1
Male,Greater than 45,Asian,0,0,0,12.049555020930477,-14.0,F,arrest case no charge,0,0,,13,Medium,0
Male,Greater than 45,Caucasian,0,0,0,4.0,-1.0,F,arrest case no charge,0,0,,4,Low,0
Male,Less than 25,African-American,0,0,0,0.0,-1.0,F,Grand Theft in the 3rd Degree,0,0,,0,Low,0
Male,25 - 45,Caucasian,0,0,0,0.0,-1.0,F,Burglary Unoccupied Dwelling,0,0,,0,Low,0
Male,25 - 45,Asian,0,0,0,7.0,-1.0,F,Burglary Conveyance Unoccup,1,0,,7,High,1
Male,Greater than 45,Hispanic,0,0,0,1.0,-18.89016248412358,F,Possession Burglary Tools,0,0,,1,Low,0
Male,Greater than 45,Hispanic,0,0,0,9.0,0.0,F,Felony Battery w/Prior Convict,0,0,,9,Medium,0
Female,25 - 45,Native American,0,0,0,0.0,-1.0,F,Aggrav Battery w/Deadly Weapon,0,0,,0,Low,0
Male,Greater than 45,Caucasian,0,0,0,4.0,0.0,M,Crim Use of Personal ID Info,1,1,Poss Pyrrolidinovalerophenone,3,Medium,1
Female,Greater than 45,Caucasian,0,0,0,1.0,-30.0,M,Battery,0,0,Driving License Suspended,1,Low,0
Male,Less than 25,Other,0,0,0,0.0,-1.0,M,Operating W/O Valid License,1,1,Stalking (Aggravated),0,High,1
Male,Less than 25,Asian,0,0,0,0.0,-1.0,M,Aggravated Battery / Pregnant,0,0,,0,Low,0
Male,25 - 45,African-American,0,0,0,0.0,-1.0,F,arrest case no charge,0,0,,0,Medium,0
Female,25 - 45,Other,0,0,0,1.0,-2.0,F,"Poss3,4 Methylenedioxymethcath",0,0,,1,Low,0
Male,25 - 45,Hispanic,0,0,0,0.0,0.0,F,Tampering With Physical Evidence,0,0,,0,Low,0
Male,Less than 25,Native American,0,0,2,0.0,-1.0,F,Uttering a Forged Instrument,1,0,Driving License Suspended,0,Medium,1
Male,Less than 25,Native American,0,0,0,0.0,-1.0,F,Pos Cannabis W/Intent Sel/Del,1,0,,0,Low,0
Male,Greater than 45,Caucasian,0,0,0,2.0,-4.0,M,Driving License Suspended,1,0,,2,Low,1
Female,25 - 45,Caucasian,0,0,0,3.0,0.0,F,Possession Of Carisoprodol,1,0,,3,Medium,1
Male,Greater than 45,Other,0,0,0,4.0,-1.0,F,Grand Theft (Motor Vehicle),1,0,Resist/Obstruct W/O Violence,4,Low,1
Male,25 - 45,African-American,0,0,0,6.0,-1.0,F,Uttering a Forged Instrument,1,1,Viol Pretrial Release Dom Viol,6,High,1
Male,Less than 25,African-American,0,0,0,3.0,-1.0,F,Grand Theft in the 3rd Degree,1,0,Possession Of Heroin,3,High,1
Male,25 - 45,Asian,0,0,0,4.0,-1.0,F,Tampering With Physical Evidence,0,0,,4,Medium,0
Male,25 - 45,Caucasian,0,0,0,2.0,-1.0,F,Obstruct Fire Equipment,0,0,,2,Low,0
Male,25 - 45,Asian,0,0,0,0.0,-1.0,M,Battery,1,0,Unlaw Use False Name/Identity,0,Low,1
Male,25 - 45,African-American,0,0,0,0.0,-1.0,M,Battery,0,0,,0,Medium,0
Male,Less than 25,African-American,0,0,0,1.0,-1.0,F,Carrying Concealed Firearm,1,1,Felony Petit Theft,1,High,1
Male,Greater than 45,Other,0,0,0,6.0,-1.0,F,Felony Petit Theft,0,0,,6,Medium,0
Female,25 - 45,African-American,0,0,0,7.462910267745556,-1.0,F,Robbery / No Weapon,1,0,Possession Of Heroin,8,High,1
Male,25 - 45,Hispanic,0,0,0,0.0,-8.0,M,Reckless Driving,0,0,,0,Low,0
Male,25 - 45,Other,0,0,0,1.0,-1.0,F,arrest case no charge,0,0,,1,Low,0
Male,25 - 45,Caucasian,0,0,0,0.0,-1.0,M,Viol Injunct Domestic Violence,0,0,,0,Low,0
Male,25 - 45,Hispanic,0,0,0,8.0,-1.0,F,Neglect Child / No Bodily Harm,1,1,Throw Deadly Missile Into Veh,8,High,1
Male,Greater than 45,Other,0,0,0,0.0,0.0,F,Tamper With Witness/Victim/CI,0,0,,0,Low,0
Male,Less than 25,Hispanic,0,0,0,0.0,-1.0,F,Driving While License Revoked,1,0,Unlaw Use False Name/Identity,0,Low,1
Male,25 - 45,Caucasian,0,0,3,10.0,0.0,M,Driving License Suspended,1,1,Felony Petit Theft,10,High,1
Female,25 - 45,Other,0,0,0,0.0,-7.0,M,Robbery / No Weapon,0,0,,0,High,0
Male,25 - 45,Native American,0,0,0,9.0,-1.0,F,Poss Contr Subst W/o Prescript,1,1,Robbery / No Weapon,9,Medium,1
Female,25 - 45,Hispanic,1,0,0,1.0,-1.0,M,Battery,1,0,Driving License Suspended,1,Low,1
Male,Greater than 45,Caucasian,0,0,0,0.0,0.0,M,Felony DUI (level 3),0,0,,0,Low,0
Male,Less than 25,Hispanic,0,0,0,1.0,-1.0,M,Battery,0,0,,1,Low,0
Male,25 - 45,Hispanic,0,0,1,6.0,-1.0,F,Driving While License Revoked,1,0,,6,Low,1
Female,25 - 45,Other,0,0,0,4.0,0.0,F,Agg Battery Grt/Bod/Harm,1,1,Aggravated Battery / Pregnant,4,High,1
Male,25 - 45,African-American,0,0,0,7.0,-1.0,M,Burglary Conveyance Occupied,1,1,Aggrav Battery w/Deadly Weapon,7,Medium,1
Male,25 - 45,African-American,0,0,0,6.0,0.0,F,Aggravated Assault W/Dead Weap,1,0,Resist/Obstruct W/O Violence,6,High,1
Male,25 - 45,Asian,0,0,0,15.0,0.0,F,arrest case no charge,1,0,,15,High,1
Male,Greater than 45,Native American,1,0,0,2.0,-1.0,F,Deliver Cocaine,0,0,,2,Medium,0
Male,Less than 25,African-American,0,3,0,3.0,0.0,F,Possession of Cocaine,1,0,Carrying Concealed Firearm,3,High,1
Male,25 - 45,Hispanic,0,0,0,6.0,28.90782343092976,M,Battery,1,0,Driving License Suspended,6,High,1
Male,25 - 45,Hispanic,0,0,0,0.0,0.0,M,Battery,0,0,,0,Low,0
Male,25 - 45,Asian,0,0,0,1.0,-1.0,F,arrest case no charge,1,0,Driving License Suspended,1,Medium,0
Male,Less than 25,Native American,0,0,1,0.0,-1.0,F,Grand Theft in the 3rd Degree,1,0,,0,High,1
Female,Less than 25,Caucasian,0,0,1,0.0,-1.0,F,Fleeing or Eluding a LEO,1,0,Possession Of Heroin,0,Medium,1
Male,Less than 25,Asian,0,0,0,1.0,-1.0,F,Possession of Cocaine,1,0,,1,Medium,1
Male,25 - 45,Other,0,1,0,5.0,-1.0,F,arrest case no charge,0,0,,5,Low,0
Male,Greater than 45,African-American,0,0,0,2.0,-1.0,M,arrest case no charge,0,0,,2,Low,0
Male,25 - 45,African-American,0,0,0,1.0,-24.0,F,arrest case no charge,1,0,Resist/Obstruct W/O Violence,1,Low,1
Male,Greater than 45,Caucasian,0,0,0,3.0,-1.0,F,Battery on a Person Over 65,0,0,,3,Low,0
Male,25 - 45,African-American,0,0,0,7.0,-1.0,F,Possession of Cocaine,1,0,Resist/Obstruct W/O Violence,7,Low,1
Female,Greater than 45,Caucasian,0,0,0,0.0,-1.0,F,Battery on Law Enforc Officer,1,0,Driving License Suspended,0,Low,1
Male,25 - 45,Asian,0,0,0,0.0,-1.0,F,Poss of Cocaine W/I/D/S 1000FT Park,0,0,,0,High,0
Male,Greater than 45,Hispanic,0,0,0,0.0,-1.0,F,Tamper With Witness/Victim/CI,0,0,,0,Low,0
Male,25 - 45,Other,0,0,0,0.0,0.0,M,Child Abuse,1,0,Possession Of Heroin,0,Low,1
Male,Greater than 45,African-American,0,0,0,0.0,-1.0,F,Grand Theft in the 3rd Degree,0,0,,0,Low,0
Male,Greater than 45,Caucasian,0,0,0,25.710297411986886,-1.0,F,Burglary Unoccupied Dwelling,1,0,Driving License Suspended,25,Medium,1
Male,25 - 45,African-American,0,0,0,2.0,-1.0,M,Battery,1,0,Resist/Obstruct W/O Violence,2,Low,1
Male,Less than 25,Asian,0,1,1,7.0,0.0,F,Burglary Structure Unoccup,1,0,Unlaw LicTag/Sticker Attach,8,High,1
Male,Less than 25,African-American,0,0,0,1.0,-24.0,F,"Poss3,4 Methylenedioxymethcath",0,0,,1,Low,0
Female,Less than 25,African-American,0,0,0,0.0,-1.0,F,arrest case no charge,1,0,Possession of Cannabis,0,High,1
Male,25 - 45,Asian,0,0,0,0.0,-1.0,F,Poss Contr Subst W/o Prescript,1,0,Unlaw Use False Name/Identity,0,Low,1
Male,25 - 45,Hispanic,0,0,0,0.0,0.0,F,Aggravated Assault w/Firearm,0,0,,0,Medium,0
Male,Greater than 45,Native American,0,0,0,15.994224085176638,-1.0,F,arrest case no charge,1,0,Driving License Suspended,15,Medium,1
Male,25 - 45,Other,0,0,0,10.044794800001663,15.706178345161419,F,Felony DUI (level 3),1,1,Resist/Obstruct W/O Violence,11,Medium,1
Male,25 - 45,Asian,0,0,0,0.0,-1.0,M,Battery,0,0,,0,Low,0
Female,Greater than 45,Native American,0,0,0,1.0,-28.359874089374927,F,Uttering a Forged Instrument,0,0,,1,Low,0
Male,25 - 45,Asian,0,0,0,1.0,-1.0,F,Grand Theft (Motor Vehicle),0,0,,1,Medium,0
Female,25 - 45,Native American,0,0,0,0.0,0.0,F,Aggravated Assault W/Dead Weap,0,0,,0,Low,0
Male,25 - 45,Native American,0,0,0,3.0,-1.0,F,Sexual Battery / Vict 12 Yrs +,1,0,Driving License Suspended,3,Medium,1
Male,Greater than 45,Native American,0,0,0,0.0,-1.0,M,Battery,0,0,,0,Low,0
Male,Less than 25,Other,0,0,0,0.0,-1.0,M,Deliver Cocaine,1,0,Possession of Cocaine,0,High,1
Male,Less than 25,African-American,0,1,0,1.0,0.0,F,Battery on Law Enforc Officer,1,0,Unlaw Use False Name/Identity,1,High,1
Male,25 - 45,Native American,0,0,0,18.09774841943105,-1.0,F,arrest case no charge,1,0,Driving License Suspended,18,High,1
Male,Greater than 45,Caucasian,0,0,0,2.0,-20.075317501861036,F,"Deliver 3,4 Methylenediox",0,0,,2,Low,0
Female,25 - 45,Caucasian,0,0,0,0.0,-1.0,F,"Poss3,4 Methylenedioxymethcath",0,0,,0,Low,0
Male,25 - 45,African-American,0,0,0,5.0,0.0,F,Violation of Injunction Order/Stalking/Cyberstalking,1,0,Resist/Obstruct W/O Violence,5,Low,1
Male,25 - 45,African-American,0,0,0,4.0,0.0,F,Driving While License Revoked,0,0,,4,Low,0
Male,25 - 45,African-American,0,0,0,0.0,-1.0,F,Pos Cannabis W/Intent Sel/Del,1,0,Driving License Suspended,0,High,0
Male,25 - 45,Other,0,0,0,1.0,0.0,M,Battery,0,0,,1,Low,0
Male,Less than 25,Asian,0,0,0,2.0,-10.0,F,Aggravated Assault W/Dead Weap,1,0,Driving License Suspended,2,High,1
Female,25 - 45,Hispanic,0,0,0,11.0,0.0,F,Crimin Mischief Damage $1000+,1,0,,11,Medium,1
Male,25 - 45,Hispanic,0,0,0,2.0,-5.9962628277152135,M,Driving License Suspended,0,0,,2,Low,0
Male,25 - 45,Asian,0,0,0,0.0,-1.0,M,Battery,0,0,,0,Low,0
Male,Less than 25,Native American,0,0,0,3.0,-1.0,F,arrest case no charge,1,0,Possession Of Heroin,3,Medium,1
Male,25 - 45,Asian,0,0,0,4.0,-1.0,M,arrest case no charge,0,0,,4,Low,0
Male,Less than 25,African-American,0,0,0,1.0,-1.0,M,Battery,0,0,,1,Medium,0
Male,Less than 25,Other,0,0,0,6.0,-1.0,F,Uttering a Forged Instrument,1,0,Resist/Obstruct W/O Violence,6,Medium,1
Male,Less than 25,Caucasian,0,0,0,3.0,0.0,F,Possession of Cocaine,0,0,,3,Medium,0
Male,25 - 45,Other,0,0,0,0.0,-1.0,F,Crim Use of Personal ID Info,1,0,Possession of Cannabis,0,Low,1
Female,Greater than 45,Caucasian,0,0,0,2.0,-1.0,F,Grand Theft in the 3rd Degree,0,0,,2,High,0
Male,25 - 45,Native American,0,0,0,2.0,-1.0,M,Susp Drivers Lic 1st Offense,0,0,,2,Low,0
Male,Less than 25,Native American,0,0,0,0.0,-1.0,M,Battery,0,0,,0,Low,0
Male,25 - 45,Hispanic,0,2,0,7.0,-1.0,F,Aggrav Battery w/Deadly Weapon,1,0,Carrying Concealed Firearm,7,Medium,1
Male,25 - 45,Hispanic,0,0,0,5.0,-1.0,F,Felony Driving While Lic Suspd,1,0,Possession Of Heroin,5,High,1
Male,25 - 45,Caucasian,0,0,0,1.0,-17.09977926151919,F,Burglary Dwelling Occupied,0,0,,1,Low,0
Female,Less than 25,Asian,0,0,0,0.0,0.0,F,Aggravated Assault W/Dead Weap,1,0,Unlaw Use False Name/Identity,0,Low,1
Male,25 - 45,Native American,0,0,0,1.0,-1.0,F,arrest case no charge,0,0,,1,Low,0
Male,25 - 45,African-American,0,0,0,0.0,0.0,F,Burglary Conveyance Assault/Bat,1,1,Battery,0,Low,1
Male,Less than 25,Other,0,0,0,0.0,-1.0,M,Battery,0,0,,0,Medium,0
Male,Greater than 45,Native American,0,0,0,6.0,-1.0,F,arrest case no charge,1,0,Resist/Obstruct W/O Violence,5,Low,0
Male,25 - 45,Native American,0,0,0,10.0,-8.0,F,arrest case no charge,1,0,Possession Of Heroin,10,Medium,1
Male,25 - 45,African-American,0,0,0,8.0,0.0,M,Agg Fleeing and Eluding,1,1,Throw Deadly Missile Into Veh,8,High,0
Female,25 - 45,African-American,0,0,0,1.0,-1.0,M,Susp Drivers Lic 1st Offense,0,0,,1,Low,0
Male,25 - 45,African-American,0,0,0,0.0,-1.0,F,Possession of Cocaine,1,0,Possession Of Heroin,0,Low,1
Male,25 - 45,Caucasian,0,0,0,5.0,-1.0,M,Battery,0,0,,5,Low,0
Male,25 - 45,Native American,0,0,0,5.0,-1.0,F,Possession of Cocaine,1,0,Possession Of Heroin,5,High,1
Male,25 - 45,Native American,0,0,0,1.0,-1.0,M,Battery,1,1,Battery,1,Medium,1
Male,25 - 45,African-American,0,0,0,2.0,0.0,F,Unl/Disturb Education/Instui,0,0,,2,High,0
Male,Less than 25,Hispanic,0,0,0,0.0,-1.0,M,Possess Cannabis/20 Grams Or Less,1,1,Battery,0,Medium,1
Male,Less than 25,Hispanic,0,0,0,0.0,-1.0,F,Possession of Cocaine,0,0,,0,Low,0
Male,25 - 45,African-American,2,0,0,19.756754687792895,0.0,F,Felony Battery w/Prior Convict,1,0,Possession Of Heroin,19,High,1
Male,25 - 45,African-American,0,1,0,5.0,-1.0,M,Battery,1,1,Battery,5,High,1
Female,25 - 45,Asian,0,0,0,0.0,0.0,F,Aggrav Battery w/Deadly Weapon,0,0,,0,Low,0
Male,25 - 45,Hispanic,0,0,2,0.0,-1.0,F,Carry Open/Uncov Bev In Pub,0,0,,0,Medium,0
Female,Less than 25,Native American,0,0,0,0.0,0.0,M,Battery,0,0,,0,Low,0
Female,25 - 45,Native American,0,0,0,0.0,-1.0,F,Possession Of Alprazolam,0,0,Driving License Suspended,0,Medium,0
Female,25 - 45,Native American,0,0,0,0.0,-1.0,M,Battery,0,0,,0,Low,0
Female,25 - 45,Caucasian,0,0,0,0.0,-2.0,M,Battery,0,0,,0,Low,0
Male,Less than 25,African-American,0,0,0,0.0,-6.0,F,Carry Open/Uncov Bev In Pub,1,0,,0,Low,1
Female,25 - 45,Hispanic,0,0,0,0.0,-1.0,M,Battery,0,0,,0,Low,0
Male,25 - 45,Hispanic,0,0,0,3.0,-1.0,M,Battery,0,0,,3,Low,0
Male,25 - 45,African-American,1,2,0,13.96274126001979,-1.0,F,Possession of Cocaine,1,0,Carrying Concealed Firearm,14,High,1
Female,Greater than 45,Hispanic,0,0,0,0.0,-1.0,M,Disorderly Conduct,1,0,Driving License Suspended,0,Low,1
Male,Less than 25,Other,0,0,0,3.0,-1.0,M,Operating W/O Valid License,1,0,Driving License Suspended,3,Low,1
Male,Greater than 45,Caucasian,0,0,0,11.0,-24.0,M,arrest case no charge,0,0,,11,Medium,0
Male,Less than 25,Other,0,0,0,16.0,-1.0,F,arrest case no charge,1,0,Resist/Obstruct W/O Violence,16,High,1
Male,25 - 45,African-American,0,0,0,4.0,-1.0,F,Felony Driving While Lic Suspd,0,0,,4,Medium,0
Male,25 - 45,Caucasian,0,0,0,5.0,-1.0,M,Viol Injunct Domestic Violence,1,0,,5,Low,1
Male,Greater than 45,Caucasian,0,0,0,3.0,-2.0,M,Battery,1,0,Resist/Obstruct W/O Violence,3,Low,1
Male,25 - 45,African-American,0,1,2,5.0,-1.0,F,arrest case no charge,1,0,Obstruct Fire Equipment,5,High,1
Male,25 - 45,Caucasian,0,0,0,0.0,-1.0,F,"Poss 3,4 MDMA (Ecstasy)",0,0,,0,Low,0
Male,Less than 25,Other,0,0,0,0.0,-1.0,F,Possession Burglary Tools,0,0,,0,High,0
Male,Less than 25,Other,0,0,0,5.0,-1.0,M,Resist/Obstruct W/O Violence,1,1,Battery,5,High,1
Male,25 - 45,Hispanic,0,0,0,1.0,-1.0,F,arrest case no charge,0,0,,1,Low,0
Male,Greater than 45,Native American,0,0,0,15.715341750482153,0.0,M,Battery,1,0,Resist/Obstruct W/O Violence,15,Medium,1
Male,Less than 25,Hispanic,0,0,0,0.0,-1.0,M,Driving While License Revoked,1,0,Resist/Obstruct W/O Violence,0,Low,1
Male,Less than 25,Hispanic,0,0,0,0.0,0.0,F,Felony Battery (Dom Strang),0,0,,0,Low,0
Female,Less than 25,African-American,0,0,0,1.0,-1.0,F,arrest case no charge,1,0,,1,Low,1
Male,25 - 45,African-American,0,0,0,6.0,-1.0,F,arrest case no charge,1,1,Stalking (Aggravated),6,Medium,1
Male,25 - 45,Asian,0,0,0,10.0,0.0,M,Battery,1,1,Battery,9,Low,1
Male,25 - 45,Other,0,0,0,0.0,-1.0,F,Tamper With Witness/Victim/CI,0,0,,0,High,0
Female,25 - 45,Hispanic,0,0,0,0.0,0.0,M,Crim Use of Personal ID Info,0,0,,0,Low,0
Male,25 - 45,Asian,0,0,0,4.0,-1.0,M,Felony Petit Theft,1,1,Grand Theft (Motor Vehicle),4,Medium,1
Male,25 - 45,African-American,0,0,0,1.0,-7.0,F,arrest case no charge,0,0,,1,Low,0
Female,25 - 45,Caucasian,0,0,0,0.0,0.0,M,Battery,1,1,Battery,0,Low,1
Female,Greater than 45,Caucasian,0,0,0,2.0,-13.0,F,Possession of Cocaine,0,0,,2,Low,0
Male,Greater than 45,Other,0,0,0,0.0,-1.0,M,Battery,0,0,,0,Low,0
Male,Greater than 45,Caucasian,0,0,0,0.0,-1.0,M,Battery,0,0,,0,Low,0
Male,25 - 45,Hispanic,0,0,0,10.0,-1.0,M,arrest case no charge,1,0,Resist/Obstruct W/O Violence,10,High,1
Male,25 - 45,Caucasian,1,0,1,9.0,-1.0,F,Tampering With Physical Evidence,1,0,DUI- Enhanced,9,High,1
Male,25 - 45,Native American,0,0,0,0.0,-1.0,F,Tampering With Physical Evidence,0,0,,0,Low,0
Female,Less than 25,Caucasian,0,0,0,0.0,-1.0,F,Grand Theft in the 3rd Degree,1,0,Possession of Cocaine,0,Medium,1
Male,25 - 45,African-American,0,0,0,16.837607596969022,-4.0,F,arrest case no charge,1,0,,17,High,1
Male,25 - 45,African-American,0,0,0,0.0,-3.0,M,Shoot Into Vehicle,1,0,Possession of Cocaine,0,Low,1
Female,Less than 25,Caucasian,0,0,2,0.0,0.0,F,Possession of Cocaine,0,0,,0,Medium,0
Male,Less than 25,Native American,0,0,0,0.0,-1.0,F,Grand Theft in the 3rd Degree,1,0,Possession Of Heroin,0,High,1
Male,Less than 25,African-American,0,0,1,0.0,-1.0,F,Burglary Unoccupied Dwelling,0,0,,0,High,0
Male,Greater than 45,African-American,0,0,0,0.0,-6.407967174301966,M,Interfere W/Traf Cont Dev RR,0,0,,0,Low,0
Male,Greater than 45,Other,0,0,0,4.0,-1.0,M,Battery,0,0,,4,Low,0
Female,Greater than 45,Hispanic,0,0,0,0.0,-1.0,F,Corrupt Public Servant,0,0,,0,Medium,0
Male,25 - 45,African-American,0,0,0,7.0,-1.0,F,Aggravated Assault W/Dead Weap,1,1,Robbery / No Weapon,6,Medium,1
Male,Less than 25,Other,0,0,0,2.0,-1.0,F,Driving While License Revoked,1,0,,2,Medium,1
Female,Greater than 45,Other,0,0,0,0.0,-1.0,F,Att Burgl Conv Occp,0,0,,0,Low,0
Male,Greater than 45,Caucasian,0,0,0,0.0,-1.0,M,Battery,1,0,Driving License Suspended,0,Low,1
Female,25 - 45,Other,0,0,0,1.0,-1.0,F,Aggrav Battery w/Deadly Weapon,1,0,Driving License Suspended,1,Low,1
Male,Less than 25,Caucasian,0,0,0,0.0,-1.0,M,Battery,0,0,,0,Low,0
Female,25 - 45,African-American,0,0,0,4.0,-1.0,F,Crimin Mischief Damage $1000+,0,0,,4,Medium,0
Male,Less than 25,Hispanic,0,0,0,1.0,0.0,M,Battery,1,0,Possession Of Heroin,1,Medium,1
Male,25 - 45,African-American,0,0,0,3.0,0.0,F,Carrying Concealed Firearm,0,0,,3,Low,0
Female,Greater than 45,Caucasian,0,0,0,0.0,-1.0,M,Leave Acc/Attend Veh/More $50,1,0,Possession Of Heroin,0,Low,1
Male,Less than 25,Native American,0,0,0,5.0,-1.0,F,Driving While License Revoked,0,0,,5,Low,0
Male,Greater than 45,Other,0,0,0,8.0,-1.0,F,Crimin Mischief Damage $1000+,0,0,,8,Low,0
Male,Greater than 45,Native American,0,0,0,0.0,-1.0,F,Burglary With Assault/battery,0,0,,0,Low,0
Male,25 - 45,Asian,0,1,0,6.0,0.0,F,Crim Use of Personal ID Info,1,1,Battery,6,High,1
Male,25 - 45,Native American,0,0,0,7.0,-1.0,F,arrest case no charge,0,0,,7,High,0
Female,25 - 45,Asian,0,0,0,1.0,-1.0,M,Battery,0,0,,1,Low,0
Male,25 - 45,African-American,0,0,1,2.0,-1.0,F,Possession Burglary Tools,0,0,,2,High,0
Male,Less than 25,Other,0,0,0,0.0,-1.0,F,Grand Theft in the 3rd Degree,0,0,,0,Low,0
Male,Less than 25,Other,0,0,0,4.0,-3.0,F,Possession Of Heroin,1,0,,4,Low,1
Male,Less than 25,Caucasian,0,0,1,2.0,-1.0,M,Battery,1,0,Driving License Suspended,2,Medium,1
Male,Greater than 45,Other,0,0,0,1.0,-2.0,F,False Motor Veh Insurance Card,1,0,Driving License Suspended,1,Low,1
Male,25 - 45,Caucasian,0,0,0,0.0,-1.0,M,Driving License Suspended,1,0,Driving License Suspended,0,Low,1
Male,Less than 25,African-American,0,0,0,0.0,-1.0,M,Battery,1,1,Resist/Obstruct W/O Violence,0,Medium,1
Male,25 - 45,Hispanic,0,0,0,0.0,-2.0,M,Battery,0,0,Driving License Suspended,0,Low,0
Male,Less than 25,Other,0,1,0,1.0,-1.0,F,Burglary Conveyance Unoccup,1,0,Unlaw Use False Name/Identity,1,Medium,1
Male,Greater than 45,Native American,0,0,0,7.0,-1.0,F,Felony Battery w/Prior Convict,1,0,Possession Of Heroin,7,Medium,1
Male,25 - 45,African-American,0,0,0,6.0,-1.0,M,Resist/Obstruct W/O Violence,1,1,Aggravated Battery / Pregnant,6,Medium,1
Male,25 - 45,Asian,0,0,0,0.0,0.0,M,Possess Cannabis/20 Grams Or Less,0,0,,0,Medium,0
Male,25 - 45,Caucasian,0,1,1,3.0,-1.0,F,Tampering with a Victim,0,0,,3,Low,0
Male,Less than 25,Asian,0,0,0,1.0,-1.0,F,arrest case no charge,0,0,,1,Medium,0
Male,Less than 25,Native American,0,0,0,1.0,-1.0,F,Grand Theft in the 3rd Degree,0,0,,1,Low,0
Male,Greater than 45,Caucasian,0,0,0,9.0,-24.0,M,Corrupt Public Servant,1,0,,9,Low,1
Male,25 - 45,Caucasian,0,0,0,15.0,-1.0,F,Felony Battery (Dom Strang),1,0,Possession Of Heroin,15,Medium,1
Male,25 - 45,African-American,0,0,1,9.0,0.0,F,Driving While License Revoked,0,0,,8,Medium,0
Male,Greater than 45,African-American,0,0,1,18.0,-1.0,F,Possession of Cocaine,1,0,Possession Of Heroin,18,High,1
Male,Less than 25,Other,0,0,0,0.0,-1.0,F,Purchase Cannabis,0,0,,0,Low,0
Male,25 - 45,Native American,0,0,0,2.0,-1.0,M,arrest case no charge,0,0,,2,Low,0
Female,25 - 45,Asian,0,0,0,4.0,-1.0,M,Battery,1,1,Battery,4,Low,1
Female,Less than 25,African-American,0,0,0,0.0,-1.0,F,Grand Theft in the 3rd Degree,0,0,,0,High,0
Male,Greater than 45,Asian,0,0,0,2.0,0.0,F,arrest case no charge,1,0,Possession Of Heroin,2,Medium,1
Male,Less than 25,African-American,0,0,0,7.0,-1.0,F,arrest case no charge,0,0,,7,Low,0
Female,25 - 45,African-American,0,0,0,0.0,-1.0,M,Opert With Susp DL 2nd Offens,0,0,,0,High,0
Male,Greater than 45,Asian,0,0,0,3.0,5.472723077685082,F,Manufacture Cannabis,0,0,,3,High,0
Male,25 - 45,African-American,0,0,0,4.0,-1.0,M,Battery,0,0,,4,Low,0
Female,25 - 45,Asian,0,0,0,9.0,-1.0,F,Grand Theft (Motor Vehicle),1,0,Driving License Suspended,9,Medium,1
Female,Less than 25,Caucasian,0,0,0,3.0,-1.0,F,Grand Theft in the 3rd Degree,1,0,Possession Of Heroin,3,High,1
Male,25 - 45,Native American,0,0,0,0.0,-1.0,F,Violation of Injunction Order/Stalking/Cyberstalking,0,0,,0,Low,0
Male,Less than 25,Native American,0,0,0,0.0,15.75591047966661,F,Felony Battery (Dom Strang),1,1,Criminal Mischief>$200<$1000,0,Low,0
Male,Greater than 45,African-American,0,0,0,3.0,-1.0,F,Grand Theft in the 3rd Degree,0,0,,3,Low,0
Male,Less than 25,Asian,0,0,0,2.0,0.0,M,Assault Law Enforcement Officer,0,0,,2,Low,0
Male,Greater than 45,Native American,0,0,0,7.0,-1.0,F,Felony Driving While Lic Suspd,1,0,,7,Low,1
Male,25 - 45,Hispanic,0,0,0,7.0,21.49805097438714,F,Felony Driving While Lic Suspd,1,0,Driving License Suspended,7,Low,1
Female,25 - 45,Native American,0,0,0,4.0,-3.0,F,Aggravated Assault W/Dead Weap,0,0,,4,Medium,0
Male,25 - 45,African-American,0,0,0,3.0,-1.0,M,Battery,0,0,,3,Medium,0
Male,25 - 45,Hispanic,0,0,0,0.0,-2.0,M,DUI - Enhanced,0,0,,0,Low,0
Male,Less than 25,Native American,0,0,0,1.0,-1.0,F,Grand Theft in the 3rd Degree,0,0,,1,Medium,0
Male,Less than 25,Caucasian,0,2,0,3.0,-1.0,F,Driving While License Revoked,1,0,Unlaw Use False Name/Identity,3,Low,1
Female,25 - 45,Native American,0,0,0,0.0,-1.0,M,Voyeurism,0,0,,0,Low,0
Male,25 - 45,Caucasian,0,0,0,1.0,0.0,F,arrest case no charge,0,0,,1,Low,0
Male,Less than 25,Native American,0,0,0,0.0,0.0,F,Grand Theft (Motor Vehicle),0,0,,0,Medium,0
Male,25 - 45,African-American,0,0,0,11.0,-1.0,F,arrest case no charge,1,0,Resist/Obstruct W/O Violence,10,High,1
Male,25 - 45,Native American,0,0,0,0.0,-1.0,M,Battery,0,0,,0,Low,0
Male,Greater than 45,Other,0,0,0,0.0,-1.0,F,Grand Theft in the 3rd Degree,0,0,,0,Low,0
Female,Greater than 45,Native American,0,0,0,1.0,-1.0,M,Battery,0,0,,1,Low,0
Male,25 - 45,Hispanic,0,7,2,11.0,-1.0,F,Possession of Cocaine,1,0,Driving License Suspended,11,High,1
Male,25 - 45,Native American,0,0,0,5.0,0.0,M,Battery,0,0,,5,High,0
Male,25 - 45,Caucasian,0,0,0,2.0,-1.0,M,Battery,1,0,,2,Low,1
Female,Less than 25,African-American,0,0,0,0.0,-8.0,F,Grand Theft in the 3rd Degree,0,0,,0,Low,0
Male,Less than 25,Asian,0,0,0,0.0,-1.0,F,Burglary Conveyance Unoccup,1,0,,0,High,1
Male,Greater than 45,Other,0,0,0,0.0,-1.0,F,Burglary Dwelling Occupied,0,0,,0,Low,0
Male,25 - 45,Native American,0,2,2,26.35202663272961,-1.0,M,Battery,1,0,Unlaw LicTag/Sticker Attach,26,High,1
Female,25 - 45,Asian,0,0,0,1.0,0.0,F,arrest case no charge,0,0,,1,Low,0
Male,25 - 45,African-American,1,0,1,10.51473893060559,0.0,M,Possession of Cocaine,1,0,Resist/Obstruct W/O Violence,11,High,1
Female,25 - 45,Other,0,0,0,0.0,-3.0,F,Grand Theft in the 3rd Degree,0,0,,0,Low,0
Male,Greater than 45,African-American,0,0,0,1.0,0.0,F,Resist Officer w/Violence,1,1,Aggravated Battery / Pregnant,1,Low,1
Male,25 - 45,Native American,0,0,0,1.0,-5.17481423198501,M,Battery,0,0,,1,Low,0
Male,Less than 25,Caucasian,0,0,2,2.0,-1.0,F,Burglary Unoccupied Dwelling,0,0,,2,Medium,0
Male,Greater than 45,African-American,0,0,0,0.0,-1.0,F,Aggravated Assault W/dead Weap,0,0,,0,Low,0
Male,Less than 25,Other,0,0,0,0.0,-1.0,M,Possess Drug Paraphernalia,1,0,,0,Low,1
Male,Greater than 45,Hispanic,0,0,0,2.0,-1.0,F,Sex Battery Deft 18+/Vict 11-,0,0,,2,Low,0
Male,Greater than 45,Asian,0,0,0,10.0,-1.0,F,Burglary With Assault/battery,0,0,,11,Medium,0
Male,25 - 45,Native American,0,0,0,0.0,0.0,M,DUI - Enhanced,0,0,,0,Low,0
Male,25 - 45,African-American,0,0,0,5.0,-1.0,M,arrest case no charge,0,0,,5,Low,0
Female,25 - 45,Hispanic,0,0,0,0.0,-1.0,M,Lve/Scen/Acc/Veh/Prop/Damage,1,0,,0,Low,1
Male,25 - 45,Asian,0,0,0,0.0,0.0,F,Aggravated Assault W/dead Weap,1,0,Resist/Obstruct W/O Violence,0,Low,1
Female,25 - 45,Other,0,0,0,0.0,-1.0,M,Battery,0,0,,0,Low,0
Male,25 - 45,Hispanic,0,0,0,5.0,0.0,F,arrest case no charge,1,0,,5,High,0
Male,25 - 45,African-American,0,0,0,2.0,-1.0,F,Driving While License Revoked,1,0,Driving License Suspended,2,Low,1
Male,25 - 45,Native American,0,0,0,0.0,-1.0,F,Grand Theft in the 3rd Degree,0,0,,0,Low,0
Male,Greater than 45,Other,0,0,0,2.0,-3.0,F,Aggravated Assault W/Dead Weap,1,0,,2,Low,1
Male,25 - 45,African-American,0,0,0,0.0,-1.0,M,Expired DL More Than 6 Months,0,0,,0,Low,0
Male,25 - 45,African-American,1,0,0,10.0,-1.0,F,Possession Of Alprazolam,1,1,Aggrav Battery w/Deadly Weapon,10,High,1
Male,Less than 25,Other,0,0,0,7.0,0.0,F,Burglary Dwelling Occupied,1,0,Possession Of Heroin,7,Low,0
Male,25 - 45,Hispanic,2,3,0,16.0,28.029364637121162,M,Battery,1,1,Resist Officer w/Violence,15,High,1
Female,Greater than 45,Other,0,0,0,0.0,-1.0,F,Grand Theft in the 3rd Degree,0,0,,0,Low,0
Male,Greater than 45,Caucasian,0,0,0,0.0,-1.0,F,arrest case no charge,0,0,,0,Low,0
Male,Less than 25,African-American,0,0,0,2.0,-1.0,M,Susp Drivers Lic 1st Offense,1,1,Fraudulent Use Credit Card,2,Medium,1
Male,25 - 45,Native American,0,0,0,0.0,-1.0,F,Felony Driving While Lic Suspd,0,0,,0,Low,0
Male,Less than 25,Caucasian,0,0,1,2.0,0.0,F,Poss of Firearm by Convic Felo,1,0,,2,Medium,0
Male,25 - 45,Native American,0,0,1,4.0,-1.0,F,Robbery / No Weapon,1,0,Driving License Suspended,4,High,1
Male,Less than 25,African-American,0,1,1,1.0,-1.0,F,Burglary Conveyance Unoccup,1,0,Poss Meth/Diox/Meth/Amp (MDMA),1,High,1
Male,25 - 45,Native American,0,0,0,5.0,0.0,F,Possession of Cocaine,1,0,Driving License Suspended,5,High,1
Male,Greater than 45,Native American,0,0,0,20.422317334905472,0.0,F,Felony Battery w/Prior Convict,1,0,Driving License Suspended,20,Medium,1
Male,Greater than 45,Caucasian,0,0,0,1.0,-1.0,M,Possess Controlled Substance,1,0,Driving License Suspended,1,Low,1
Male,25 - 45,African-American,0,0,0,4.0,-10.296523372088519,F,arrest case no charge,0,0,,4,Low,0
Male,25 - 45,Other,0,0,0,15.0,-1.0,F,Aggravated Battery,1,0,Driving License Suspended,15,High,1
Female,Less than 25,Native American,0,0,0,1.0,-1.0,F,arrest case no charge,0,0,,1,High,0
Male,Greater than 45,Caucasian,0,0,0,0.0,-1.0,F,Battery on a Person Over 65,0,0,,0,Low,0
Female,Less than 25,Caucasian,0,0,0,0.0,-1.0,M,Battery,0,0,,0,Low,0
Male,Less than 25,Asian,0,0,2,3.0,-1.0,F,Purchase Cannabis,0,0,,3,Medium,0
Male,25 - 45,Other,0,0,0,4.0,-1.0,M,Battery,1,1,Aggrav Battery w/Deadly Weapon,4,Low,1
Male,Greater than 45,Hispanic,0,0,0,3.0,0.0,F,Possession Burglary Tools,0,0,,3,Low,0
Male,25 - 45,Native American,0,0,0,11.0,0.0,F,Driving While License Revoked,1,0,,11,High,1
Male,Less than 25,Asian,1,0,0,1.0,-20.0,F,arrest case no charge,0,0,,1,Medium,0
Female,Less than 25,African-American,0,0,0,1.0,-2.0,F,Grand Theft in the 3rd Degree,0,0,,1,Low,0
Male,Less than 25,Caucasian,0,0,0,0.0,0.0,F,Criminal Mischief,0,0,,0,Low,0
Male,Less than 25,Caucasian,0,0,0,0.0,-1.0,F,Felony Battery (Dom Strang),0,0,,0,Low,0
Male,25 - 45,African-American,0,0,0,2.0,-1.0,F,"Poss 3,4 MDMA (Ecstasy)",1,0,Possession Of Heroin,2,Medium,1
Male,Greater than 45,African-American,0,0,0,20.330923206213058,-1.0,M,Possession of Cocaine,0,0,,20,Medium,0
Male,Less than 25,Other,0,0,2,6.0,0.0,F,Burglary Conveyance Unoccup,0,0,,6,High,0
Male,25 - 45,Other,0,0,0,5.0,0.0,F,arrest case no charge,1,0,,5,Medium,1
Male,Greater than 45,Asian,0,0,0,5.0,-1.0,M,DUI - Enhanced,0,0,,5,Low,0
Male,Greater than 45,Asian,0,0,0,1.0,-1.0,F,Burglary Dwelling Occupied,0,0,,1,Medium,1
Female,25 - 45,Native American,0,0,0,2.0,-1.0,M,Shoot Into Vehicle,1,0,Possession Of Heroin,2,Low,1
Male,25 - 45,Other,0,0,0,1.0,-1.0,F,Possession of Cocaine,0,0,,1,Low,0
Male,Less than 25,Hispanic,0,0,1,0.0,0.0,F,"Poss3,4 Methylenedioxymethcath",0,0,,0,Medium,0
Male,25 - 45,African-American,0,0,0,2.0,-1.0,F,DWLS Susp/Cancel Revoked,0,0,,2,Low,0
Female,25 - 45,Other,0,0,0,1.0,-1.0,F,arrest case no charge,0,0,,1,Low,0
Male,Greater than 45,African-American,0,0,0,2.0,-28.268334287441572,M,Petit Theft,1,0,,2,Medium,1
Male,Less than 25,Other,0,0,0,0.0,-1.0,M,Battery,0,0,,0,Low,0
Male,Greater than 45,Native American,0,0,0,4.0,-8.193389903829853,F,arrest case no charge,0,0,,4,Low,0
Male,Less than 25,Caucasian,0,0,0,0.0,-1.0,M,Battery,0,0,,0,Low,0
Male,25 - 45,Other,0,0,0,3.0,-1.0,F,"Deliver 3,4 Methylenediox",1,0,Resist/Obstruct W/O Violence,4,Low,1
Male,25 - 45,African-American,0,0,0,3.0,-20.782193592762482,M,Viol Pretrial Release Dom Viol,1,0,Resist/Obstruct W/O Violence,3,High,1
Male,25 - 45,Other,0,0,0,2.0,-2.0,F,Grand Theft in the 3rd Degree,0,0,,2,Low,0
Male,25 - 45,Native American,0,0,0,1.0,0.0,M,Possess Drug Paraphernalia,0,0,,1,Low,0
Female,25 - 45,Other,0,0,0,0.0,-1.0,F,Possession of Cocaine,1,0,Possession Of Heroin,0,Low,1
Male,Less than 25,Other,0,0,2,1.0,-1.0,F,Agg Fleeing and Eluding,1,0,Possession Of Heroin,1,Medium,0
Male,25 - 45,Other,0,0,0,4.0,-1.0,F,Possession of Cocaine,0,0,,4,High,0
Female,Less than 25,African-American,0,0,0,1.0,-1.0,F,Battery on Law Enforc Officer,1,0,Driving License Suspended,1,Medium,1
Female,25 - 45,Hispanic,0,0,0,0.0,-1.0,M,Crim Use of Personal ID Info,0,0,,0,Low,0
Male,25 - 45,Asian,0,0,0,0.0,-1.0,F,Child Abuse,0,0,,0,Low,0
Male,25 - 45,Hispanic,0,0,0,1.0,-19.509263242966924,F,Possession of Cocaine,1,0,,1,Low,1
Male,Greater than 45,Caucasian,0,0,0,7.0,0.0,F,Felony Driving While Lic Suspd,0,0,,6,Low,0
Male,25 - 45,African-American,0,0,0,2.0,-1.0,M,Carrying Concealed Firearm,0,0,,2,Low,0
Male,25 - 45,African-American,0,1,3,11.0,-1.0,M,Battery,1,1,Battery Upon Detainee,11,High,1
Male,25 - 45,Caucasian,0,0,1,0.0,-1.0,F,Aggravated Assault w/Firearm,0,0,,0,Low,0
Male,25 - 45,Native American,0,0,0,1.0,-1.0,M,Battery,0,0,,1,Medium,0
Male,Less than 25,Native American,0,0,0,1.0,0.0,F,Fleeing Or Attmp Eluding A Leo,0,0,,1,Low,0
Male,Greater than 45,Other,0,0,0,0.0,-1.0,M,Battery,1,1,Viol Injunction Protect Dom Vi,0,Low,1
Male,25 - 45,African-American,0,0,0,8.0,-1.0,F,Driving While License Revoked,1,0,Driving License Suspended,8,Low,1
Male,25 - 45,African-American,0,0,0,2.0,-1.0,M,Battery,0,0,,2,Medium,0
Male,Greater than 45,Caucasian,0,0,0,1.0,-9.75860380624125,M,DUI Property Damage/Injury,0,0,,1,Low,0
Female,25 - 45,Asian,0,0,0,4.0,5.5232269142453845,M,Leave Acc/Attend Veh/More $50,1,0,,4,High,1
Male,25 - 45,Hispanic,0,0,0,0.0,-1.0,F,Crim Use of Personal ID Info,0,0,,0,Low,0
Female,25 - 45,African-American,0,0,0,12.0,-1.0,F,Felony Driving While Lic Suspd,1,0,Possession Of Heroin,13,Medium,0
Male,25 - 45,Asian,0,0,1,5.0,-1.0,F,Driving While License Revoked,1,1,Viol Pretrial Release Dom Viol,4,Medium,1
Male,Greater than 45,African-American,0,0,0,10.0,-1.0,F,Felony Battery w/Prior Convict,0,0,,11,Low,0
Male,25 - 45,Asian,0,0,0,6.745259338163866,-20.0,F,Poss Cocaine/Intent To Del/Sel,0,0,,7,Medium,0
Female,25 - 45,African-American,0,0,0,4.0,-1.0,F,Aggravated Assault W/Dead Weap,0,0,,4,Medium,0
Male,25 - 45,Hispanic,0,0,0,0.0,-1.0,F,Aggrav Battery w/Deadly Weapon,0,0,,0,Low,1
Male,Less than 25,Native American,0,1,0,4.0,-27.0,F,Possession of Cocaine,1,0,,4,High,1
Male,25 - 45,Caucasian,0,0,0,2.0,-25.0,F,Possession of Cocaine,1,0,Possession Of Heroin,2,Medium,1
Male,25 - 45,Native American,0,0,0,0.0,-1.0,F,Grand Theft (Motor Vehicle),1,0,Driving License Suspended,0,Low,1
Male,25 - 45,Caucasian,0,0,0,4.0,-1.0,M,Possess Cannabis/20 Grams Or Less,0,0,,4,High,0
Male,Less than 25,Native American,0,0,0,0.0,-1.0,F,Deliver Cannabis,0,0,,0,Low,0
Female,Greater than 45,Caucasian,0,0,0,1.0,-1.0,M,DUI Property Damage/Injury,0,0,,1,Low,0
Female,25 - 45,Caucasian,0,0,0,0.0,0.0,M,Possession Of Heroin,0,0,,0,Low,0
Male,25 - 45,African-American,0,0,0,2.0,-1.0,M,Grand Theft (Motor Vehicle),0,0,,2,Medium,0
Female,Greater than 45,Asian,0,0,0,2.0,0.0,M,Leaving Acc/Unattended Veh,0,0,,2,Low,0
Male,25 - 45,Caucasian,0,0,0,2.0,-3.0,F,Aggravated Battery,0,0,,2,Low,0
Male,25 - 45,Other,0,0,0,1.0,-1.0,F,Aggravated Assault W/Dead Weap,1,0,Driving License Suspended,1,Low,1
Male,25 - 45,Native American,0,0,0,1.0,-1.0,F,"Poss3,4 Methylenedioxymethcath",0,0,,1,Low,0
Male,25 - 45,Native American,0,0,0,0.0,-1.0,F,Felony/Driving Under Influence,0,0,,0,Low,0
Female,Less than 25,Native American,0,0,0,7.0,-1.0,F,Grand Theft in the 3rd Degree,0,0,,7,High,0
Female,Greater than 45,African-American,0,0,0,2.0,0.0,F,Grand Theft in the 3rd Degree,1,0,Driving License Suspended,2,Low,1
Male,25 - 45,Other,0,0,0,0.0,-1.0,F,Alcoholic Beverage Violation-FL,0,0,,0,Low,0
Male,25 - 45,Native American,0,0,0,13.955392322068716,-1.0,F,Driving While License Revoked,1,0,Possession Of Heroin,13,High,1
Male,Less than 25,Other,0,0,0,1.0,-1.0,F,Burglary Dwelling Occupied,1,0,Driving License Suspended,1,Low,1
Male,25 - 45,Asian,0,0,0,7.0,-1.0,M,Resist/Obstruct W/O Violence,0,0,,7,Medium,0
Male,25 - 45,Caucasian,0,0,0,2.0,0.0,F,Possession of Cocaine,1,0,Possession Of Heroin,2,Medium,0
Male,25 - 45,Other,0,0,0,1.0,-1.0,M,Battery,0,0,,1,Low,0
Female,25 - 45,Native American,0,0,0,1.0,6.731296535221418,F,Aggrav Battery w/Deadly Weapon,0,0,,1,Medium,0
Male,Greater than 45,Hispanic,0,0,0,2.0,0.0,F,Tampering With Physical Evidence,0,0,,2,Low,0
Male,Greater than 45,Native American,0,0,0,0.0,-1.0,F,Cruelty Toward Child,0,0,,0,Low,0
Male,Greater than 45,African-American,0,0,0,3.0,0.0,F,Battery on Law Enforc Officer,0,0,,3,Low,0
Female,25 - 45,Hispanic,0,0,0,1.0,-1.0,M,Battery,0,0,,1,Low,0
Male,Less than 25,African-American,0,0,0,2.0,-1.0,M,Viol Injunct Domestic Violence,1,1,Stalking (Aggravated),2,High,1
Male,Less than 25,Native American,0,1,0,20.772867404564693,-15.0,F,arrest case no charge,1,0,Carrying Concealed Firearm,20,High,1
Male,Greater than 45,Caucasian,0,0,0,0.0,0.0,M,Battery,0,0,,0,Low,0
Female,Less than 25,African-American,0,0,0,0.0,-1.0,M,Battery,1,0,Possession Of Heroin,0,Low,1
Male,Greater than 45,Asian,0,0,0,0.0,-1.0,F,Grand Theft in the 3rd Degree,0,0,,0,Low,0
Male,Greater than 45,Caucasian,0,0,0,0.0,-1.0,M,Battery,0,0,,0,Low,0
Male,25 - 45,Other,0,0,0,1.0,-1.0,F,Corrupt Public Servant,1,0,Resist/Obstruct W/O Violence,1,High,1
Male,25 - 45,African-American,0,0,0,2.0,0.0,F,Grand Theft in the 3rd Degree,1,0,Possession Of Heroin,2,Medium,1
Male,Greater than 45,Hispanic,0,0,0,1.0,0.0,M,Tampering With Physical Evidence,0,0,,1,Low,0
Male,Greater than 45,African-American,0,0,0,0.0,0.0,M,Battery,0,0,,0,Low,0
Male,Greater than 45,Asian,0,0,0,0.0,-1.0,M,Battery,0,0,,0,Low,0
Male,Greater than 45,Caucasian,0,0,0,0.0,-6.261497555931314,M,Petit Theft,1,0,Possession of Cannabis,0,Medium,1
Male,25 - 45,Caucasian,0,0,0,3.0,3.1386896701485725,M,Driving License Suspended,1,0,Possession Of Heroin,3,High,1
Male,25 - 45,Other,0,0,0,1.0,-1.0,M,Burglary Unoccupied Dwelling,0,0,,1,Medium,0
Male,25 - 45,Asian,0,0,0,6.0,-3.0,F,Possession of Hydromorphone,1,1,Battery,6,Medium,1
Male,Greater than 45,Hispanic,0,0,0,0.0,-1.0,M,Battery,0,0,,0,Low,0
Female,Greater than 45,Caucasian,0,0,0,0.0,-1.0,M,Battery,0,0,,0,Low,0
Female,25 - 45,Caucasian,0,1,0,3.0,0.0,F,Aggrav Battery w/Deadly Weapon,0,0,,3,Low,0
Male,Greater than 45,Caucasian,0,0,0,7.0,-1.0,F,Felony Battery w/Prior Convict,1,0,Resist/Obstruct W/O Violence,7,Medium,1
Male,25 - 45,Caucasian,1,2,1,6.0,-1.0,M,arrest case no charge,0,0,,6,High,0
Male,25 - 45,Asian,0,0,0,0.0,-1.0,M,Battery,1,0,,0,Low,1
Female,Less than 25,Asian,0,0,0,0.0,-1.0,F,Possession of Cocaine,0,0,,0,Low,0
Male,Less than 25,African-American,0,0,0,0.0,-1.0,F,Grand Theft in the 3rd Degree,0,0,,0,Low,0
Male,Greater than 45,Caucasian,0,0,0,1.0,-1.0,F,Possession Of Heroin,1,0,Possession Of Heroin,1,Low,1
Male,25 - 45,Asian,2,0,0,4.0,-1.0,F,arrest case no charge,1,0,,4,High,1
Male,Greater than 45,African-American,0,0,0,9.0,0.0,F,arrest case no charge,0,0,,8,Low,0
Male,25 - 45,Asian,0,0,1,14.330581084150728,-4.0,M,Grand Theft in the 3rd Degree,1,0,Unlaw LicTag/Sticker Attach,14,High,1
Male,Less than 25,Hispanic,0,0,2,0.0,0.0,F,Possession of Cocaine,1,0,Driving License Suspended,0,Medium,1
Male,Less than 25,Caucasian,0,0,0,0.0,-1.0,M,Battery,0,0,,0,Low,0
Male,25 - 45,Native American,0,0,0,0.0,0.0,F,Criminal Mischief,0,0,,0,Low,0
Female,Greater than 45,Caucasian,0,0,0,4.0,-11.0,F,arrest case no charge,0,0,,4,Low,0
Male,25 - 45,African-American,0,0,0,1.0,-1.0,F,Pos Cannabis W/Intent Sel/Del,1,0,,1,Low,1
Male,25 - 45,African-American,0,0,0,8.0,-1.0,F,arrest case no charge,0,0,,8,Medium,0
Male,25 - 45,Native American,0,0,0,1.0,-1.0,F,Agg Battery Grt/Bod/Harm,1,0,Driving License Suspended,1,Low,1
Female,25 - 45,Caucasian,0,0,0,4.0,0.0,F,Grand Theft in the 3rd Degree,1,0,Driving License Suspended,4,High,1
Male,25 - 45,Caucasian,0,0,0,5.0,-1.0,F,arrest case no charge,0,0,,5,Low,0
Male,25 - 45,Other,0,0,0,0.0,0.0,M,Battery,0,0,,0,Low,0
Male,Less than 25,Native American,0,0,0,0.0,-1.0,M,Defrauding Innkeeper,0,0,,0,Low,0
Male,25 - 45,Asian,0,0,0,5.0,-1.0,F,Grand Theft in the 3rd Degree,1,0,Driving License Suspended,5,Medium,0
Male,Less than 25,Caucasian,0,0,0,0.0,0.0,F,Possession of Cocaine,0,0,,0,Low,0
Male,25 - 45,African-American,0,0,0,0.0,0.0,F,"Poss3,4 Methylenedioxymethcath",0,0,,0,Low,0
Male,Greater than 45,Native American,0,0,0,8.0,-1.0,F,Driving While License Revoked,0,0,,8,Low,0
Male,Less than 25,Caucasian,0,1,2,8.0,-1.0,F,False Ownership Info/Pawn Item,1,0,Obstruct Fire Equipment,8,Medium,1
Male,Greater than 45,African-American,0,0,0,22.097856180123028,-1.0,M,Possess Cannabis/20 Grams Or Less,1,0,Possession Of Heroin,22,High,1
Male,25 - 45,Native American,0,0,0,3.0,-1.0,F,Manufacture Cannabis,0,0,,3,Low,0
Male,25 - 45,Native American,0,0,0,1.0,-4.0,F,Possession Of Heroin,1,0,,1,Low,1
Male,Less than 25,Other,0,0,0,0.0,0.0,F,Deliver Cannabis,1,0,,0,High,0
Female,Greater than 45,Caucasian,0,0,0,0.0,-5.0,M,Possess Controlled Substance,0,0,,0,Low,0
Male,25 - 45,African-American,0,0,0,14.22671642571451,-1.0,F,arrest case no charge,0,0,,14,High,0
Female,Greater than 45,Native American,0,0,0,0.0,0.0,M,Corrupt Public Servant,0,0,,0,Low,0
Male,25 - 45,Asian,0,0,0,0.0,-1.0,F,Possession of Hydromorphone,0,0,,0,Low,0
Male,25 - 45,African-American,0,0,0,0.0,-1.0,F,Felony Battery (Dom Strang),0,0,,0,Low,1
Male,Greater than 45,African-American,0,0,0,7.0,-1.0,M,Viol Injunction Protect Dom Vi,1,0,Driving License Suspended,7,Medium,1
Female,25 - 45,Other,0,0,0,3.0,0.0,M,Viol Injunct Domestic Violence,0,0,,3,Medium,0
Male,Less than 25,Caucasian,0,2,0,3.0,-1.0,F,Unl/Disturb Education/Instui,1,0,Possession of Cannabis,3,Medium,1
Female,25 - 45,Asian,0,0,0,1.0,-1.0,F,arrest case no charge,0,0,,1,Low,0
Male,Greater than 45,Hispanic,0,0,0,0.0,-1.0,F,arrest case no charge,0,0,,0,Low,0
Male,Greater than 45,African-American,0,0,0,0.0,-1.0,F,Grand Theft (Motor Vehicle),0,0,,0,Low,0
Male,Greater than 45,Other,0,0,0,7.0,-1.0,M,Susp Drivers Lic 1st Offense,1,0,,7,Low,1
Male,Less than 25,African-American,0,1,1,7.0,-1.0,M,Battery,0,0,,7,High,1
Male,Greater than 45,Hispanic,0,0,0,2.0,-1.0,M,Battery,1,1,Battery,2,Low,1
Male,Greater than 45,Hispanic,0,0,0,0.0,-1.0,M,Battery,1,0,,0,Low,0
Male,25 - 45,Hispanic,0,0,0,4.0,0.0,F,Susp Drivers Lic 1st Offense,0,0,,4,Medium,0
Male,25 - 45,Caucasian,0,0,0,0.0,-1.0,M,Driving While License Revoked,0,0,,0,Low,0
Female,Less than 25,Native American,0,0,0,0.0,0.0,F,Fraudulent Use of Credit Card,1,0,,0,High,1
Female,25 - 45,Caucasian,0,0,0,2.0,21.808680368385808,F,Grand Theft in the 3rd Degree,1,0,,2,High,1
Male,Greater than 45,Caucasian,0,0,0,0.0,0.0,M,Viol Injunct Domestic Violence,0,0,,0,Medium,0
Male,Greater than 45,African-American,0,0,0,19.385993398534158,-3.0,F,arrest case no charge,0,0,,19,Medium,0
Male,25 - 45,Other,0,0,0,4.0,-1.0,F,arrest case no charge,1,0,Resist/Obstruct W/O Violence,4,High,1
Male,25 - 45,Caucasian,0,0,0,12.0,0.0,F,Driving While License Revoked,1,0,Possession Of Heroin,12,Low,1
Male,Less than 25,Asian,0,0,0,0.0,0.0,F,Possession of Codeine,1,1,Child Neglect/Delinquency,0,Medium,1
Female,25 - 45,Caucasian,0,0,0,0.0,-1.0,M,Assault,0,0,,0,Low,0
Male,Less than 25,African-American,0,0,0,0.0,-1.0,M,Battery,1,0,Driving License Suspended,0,Low,1
Male,Greater than 45,Native American,0,0,0,28.24035270486825,-1.0,F,Resist Officer w/Violence,1,0,Driving License Suspended,27,Medium,1
Female,25 - 45,Native American,0,0,0,4.0,-1.0,F,Neglect Child / No Bodily Harm,1,0,Possession Of Heroin,4,High,1
Female,25 - 45,Hispanic,0,0,0,1.0,0.0,M,Battery,0,0,,1,Low,0
Male,25 - 45,Caucasian,0,0,0,1.0,-1.0,M,Battery,0,0,,1,Low,0
Female,25 - 45,Hispanic,0,0,0,0.0,-1.0,M,Battery,0,0,,0,Low,0
Male,Less than 25,Native American,0,0,0,0.0,-1.0,F,arrest case no charge,1,1,Possession Of Methamphetamine,0,High,1
Male,25 - 45,African-American,0,0,0,8.0,-1.0,F,Uttering a Forged Instrument,1,0,,9,High,1
Female,Less than 25,African-American,0,1,0,1.0,-1.0,F,Grand Theft in the 3rd Degree,0,0,,1,Low,0
Male,Less than 25,Caucasian,0,0,0,1.0,-11.0,F,Battery on Law Enforc Officer,0,0,,1,Low,0
Male,Greater than 45,Hispanic,0,0,0,0.0,0.0,F,Felony Battery (Dom Strang),0,0,,0,Low,0
Male,Greater than 45,Caucasian,0,0,0,4.0,-6.0,F,Agg Fleeing and Eluding,0,0,,4,Low,0
Male,Less than 25,African-American,0,0,0,1.0,-1.0,F,Obstruct Fire Equipment,1,1,Battery,1,Low,1
Female,25 - 45,African-American,0,0,0,9.0,-1.0,F,Neglect Child / Bodily Harm,1,0,,9,Medium,1
Male,25 - 45,Asian,0,0,0,1.0,-1.0,F,Grand Theft in the 3rd Degree,1,0,Driving License Suspended,1,Medium,1
Male,Less than 25,African-American,0,0,0,1.0,-14.0,M,Battery,0,0,,1,Low,0
Male,25 - 45,Hispanic,0,0,0,1.0,0.0,F,Aggravated Battery / Pregnant,1,1,Poss Pyrrolidinovalerophenone,1,Low,1
Male,Less than 25,Asian,0,0,1,1.0,0.0,F,"Poss3,4 Methylenedioxymethcath",1,0,Resist/Obstruct W/O Violence,1,High,1
Male,25 - 45,Asian,0,0,0,5.0,-1.0,F,Possession of Cocaine,1,0,Possession Of Heroin,5,Low,1
Male,Greater than 45,Other,0,0,0,1.0,-2.0,M,Aggravated Assault W/Dead Weap,0,0,,1,Low,0
Male,Greater than 45,Hispanic,0,0,0,0.0,0.0,F,Felony Battery (Dom Strang),0,0,,0,Low,0
Male,Less than 25,Native American,0,0,1,4.0,-1.0,F,DUI - Enhanced,1,0,Susp Drivers Lic 1st Offense,4,Low,1
Male,Less than 25,Caucasian,0,1,0,2.0,-1.0,F,arrest case no charge,1,0,Unlaw Use False Name/Identity,2,High,1
Male,Greater than 45,Native American,0,0,0,0.0,-1.0,M,Battery,0,0,,0,Low,0
Male,Greater than 45,Asian,0,0,0,3.0,-18.397650734075675,F,Possess Controlled Substance,0,0,,3,Low,0
Female,Less than 25,Asian,0,0,0,2.0,-1.0,F,Shoot Into Vehicle,1,0,,2,High,1
Male,25 - 45,Asian,0,0,0,0.0,-1.0,F,Battery on a Person Over 65,0,0,,0,Low,0
Male,Less than 25,Native American,0,0,0,0.0,-3.0,F,Grand Theft in the 3rd Degree,0,0,,0,Medium,0
Male,25 - 45,Other,0,1,1,17.15761785551269,-1.0,F,Burglary Conveyance Unoccup,1,0,,17,High,1
Male,Less than 25,Other,0,0,0,0.0,-1.0,F,Child Abuse,0,0,,0,Low,0
Male,25 - 45,Caucasian,0,0,0,0.0,-1.0,F,Grand Theft (Motor Vehicle),0,0,,0,Low,0
Female,Less than 25,Asian,0,0,0,0.0,-1.0,M,Disorderly Conduct,0,0,,0,Medium,0
Female,Greater than 45,African-American,0,0,0,0.0,-1.0,F,Aggrav Battery w/Deadly Weapon,0,0,,0,Low,0
Male,25 - 45,Native American,0,0,0,0.0,-1.0,M,Battery,1,1,Battery,0,Low,1
Male,25 - 45,Asian,0,0,0,7.0,-1.0,F,Burglary Conveyance Armed,1,0,Resist/Obstruct W/O Violence,7,High,1
Male,25 - 45,Other,0,0,0,17.11064658385351,0.0,F,Grand Theft (Motor Vehicle),1,0,Possession Of Heroin,17,High,1
Female,25 - 45,Asian,0,0,0,2.0,-3.0,F,Possession of Cocaine,1,0,Resist/Obstruct W/O Violence,2,Medium,1
Male,25 - 45,Other,0,0,0,6.0,-1.0,F,Carrying Concealed Firearm,0,0,,6,Low,0
Male,25 - 45,African-American,0,0,0,0.0,-1.0,M,Viol Injunction Protect Dom Vi,1,0,Unlaw Use False Name/Identity,0,Low,1
Female,25 - 45,Caucasian,0,0,0,0.0,0.0,F,Possession of Cocaine,0,0,,0,Low,0
Female,25 - 45,African-American,0,0,0,0.0,0.0,F,"Deliver 3,4 Methylenediox",0,0,,0,Low,0
Female,Less than 25,African-American,0,0,4,0.0,-1.0,M,Battery,1,0,Susp Drivers Lic 1st Offense,0,Medium,1
Female,Greater than 45,African-American,0,0,0,6.0,-1.0,M,Petit Theft,1,0,Resist/Obstruct W/O Violence,6,Medium,1
Male,Greater than 45,Caucasian,0,0,0,0.0,0.0,M,Battery,0,0,,0,Low,0
Female,25 - 45,Asian,0,0,0,1.0,-2.0,M,Resist Officer w/Violence,1,0,Resist/Obstruct W/O Violence,1,Low,1
Male,Less than 25,African-American,0,0,1,0.0,-1.0,F,Driving While License Revoked,0,0,,0,Low,0
Male,25 - 45,Asian,0,0,0,0.0,-1.0,F,Burglary Structure Unoccup,1,0,,0,Medium,1
Male,Greater than 45,Caucasian,0,0,0,0.0,-1.0,F,Battery on Law Enforc Officer,0,0,,0,Low,0
Male,25 - 45,African-American,0,0,0,0.0,-1.0,F,Tampering With Physical Evidence,1,0,,0,Low,0
Male,25 - 45,Native American,0,0,0,14.833938275918042,-1.0,F,Felony Petit Theft,1,0,Driving License Suspended,14,Medium,1
Male,25 - 45,Other,0,0,0,0.0,-1.0,M,Battery,0,0,,0,Low,0
Male,Greater than 45,Other,0,0,0,2.0,-1.0,F,Felony Petit Theft,0,0,,2,Low,0
Male,Greater than 45,African-American,0,0,0,1.0,-1.0,M,Battery,1,0,Resist/Obstruct W/O Violence,1,Medium,1
Male,Less than 25,Hispanic,0,0,0,0.0,-1.0,F,Corrupt Public Servant,1,0,Driving License Suspended,0,Medium,1
Male,Greater than 45,Caucasian,0,0,0,6.0,0.0,F,Possession of Cocaine,1,0,Resist/Obstruct W/O Violence,6,Low,1
Female,25 - 45,African-American,0,0,0,4.0,-1.0,F,Possession of Cocaine,1,0,Driving License Suspended,4,Medium,1
Male,Less than 25,Hispanic,0,0,0,0.0,-1.0,M,Battery,0,0,Driving License Suspended,0,Low,0
Male,Less than 25,African-American,0,0,0,0.0,-1.0,F,Felony Battery,1,0,Unlaw Use False Name/Identity,0,High,1
Male,25 - 45,Hispanic,0,0,3,8.0,-1.0,F,Burglary Dwelling Occupied,1,0,Unlaw LicTag/Sticker Attach,8,Medium,1
Male,25 - 45,African-American,0,0,0,5.0,0.0,F,Felony Driving While Lic Suspd,0,0,,5,Low,0
Male,Greater than 45,Asian,0,0,0,1.0,-1.0,F,arrest case no charge,0,0,,1,Low,0
Male,25 - 45,Other,0,0,0,6.0,-1.0,F,Grand Theft in the 3rd Degree,1,0,,6,Medium,0
Male,Less than 25,African-American,0,0,0,1.0,-1.0,F,Possess Drug Paraphernalia,1,0,Resist/Obstruct W/O Violence,1,Low,1
Female,Greater than 45,Hispanic,0,0,0,1.0,-1.0,M,Battery,0,0,,1,Low,0
Male,25 - 45,Asian,0,0,0,13.951605624707664,-1.0,F,Grand Theft in the 3rd Degree,0,0,,13,Medium,0
Female,25 - 45,Asian,0,1,0,7.0,0.0,F,Aggravated Assault W/dead Weap,1,0,Possession of Cannabis,7,Medium,1
Female,Less than 25,Caucasian,0,0,0,2.0,-1.0,F,arrest case no charge,1,0,,2,Medium,0
Female,Greater than 45,Other,0,0,0,0.0,-1.0,M,Resist/Obstruct W/O Violence,0,0,,0,Low,0
Male,25 - 45,Asian,0,0,0,3.0,-1.0,M,arrest case no charge,1,0,Resist/Obstruct W/O Violence,3,Medium,1
Male,25 - 45,Native American,0,0,0,1.0,-1.0,F,Possession of Hydrocodone,1,1,Resist/Obstruct W/O Violence,1,Low,1
Male,Greater than 45,Native American,0,0,0,1.0,0.0,M,Criminal Mischief,0,0,,1,Low,0
Male,Less than 25,Other,0,0,0,0.0,-1.0,F,Burglary Conveyance Unoccup,1,0,Possession of Cocaine,0,Medium,0
Male,25 - 45,Native American,0,0,0,5.0,-13.888910082875405,M,Battery,0,0,,5,Medium,0
Male,25 - 45,African-American,0,0,1,5.0,-1.0,F,Grand Theft (Motor Vehicle),1,0,Resist/Obstruct W/O Violence,5,Medium,1
Male,25 - 45,Caucasian,0,0,0,1.0,-1.0,F,Aggravated Assault w/Firearm,0,0,,1,Medium,0
Male,25 - 45,African-American,0,0,0,6.0,-1.0,F,Aggravated Battery / Pregnant,1,0,,6,High,1
Male,25 - 45,Hispanic,0,0,1,25.987511912110353,-1.0,F,Driving While License Revoked,1,0,Driving License Suspended,25,High,1
Male,25 - 45,Asian,0,0,0,2.0,-13.0,F,arrest case no charge,1,0,Possession Of Heroin,2,Low,1
Male,25 - 45,Native American,0,0,0,11.525571143802214,-24.0,M,Possess Cannabis/20 Grams Or Less,0,0,,11,Medium,0
Male,25 - 45,African-American,0,0,0,1.0,-30.0,F,Pos Cannabis W/Intent Sel/Del,1,1,Possession of Ethylone,1,High,1
Male,Less than 25,Asian,0,0,0,0.0,-1.0,F,Tampering With Physical Evidence,0,0,,0,High,0
Male,Less than 25,African-American,0,0,0,0.0,-1.0,F,Possession Burglary Tools,0,0,,0,High,0
Male,Greater than 45,Hispanic,0,0,0,0.0,-1.0,F,Possession Of Heroin,0,0,,0,Low,0
Male,Greater than 45,Asian,0,0,0,4.0,-1.0,F,Poss of Cocaine W/I/D/S 1000FT Park,0,0,,4,Medium,0
Female,25 - 45,Caucasian,0,0,0,0.0,-1.0,F,Child Abuse,0,0,,0,Low,0
Female,25 - 45,Asian,0,0,0,4.0,0.0,F,arrest case no charge,1,0,Resist/Obstruct W/O Violence,4,Medium,1
Male,25 - 45,African-American,0,0,0,4.0,-1.0,F,DWLS Susp/Cancel Revoked,1,0,Driving License Suspended,4,Low,1
Male,25 - 45,African-American,0,0,0,4.0,-1.0,M,Battery,1,1,Battery,4,Low,1
Male,Greater than 45,Other,0,0,2,23.664555998061108,0.0,M,Misuse Of 911 Or E911 System,1,1,Aggrav Battery w/Deadly Weapon,23,High,1
Male,25 - 45,Asian,0,0,0,4.0,-30.0,F,Possession Of Alprazolam,0,0,,4,High,0
Male,Less than 25,Asian,0,0,0,0.0,-1.0,M,Battery,1,0,,0,Low,0
Male,Greater than 45,African-American,0,0,0,3.0,-1.0,M,Resist/Obstruct W/O Violence,1,0,Resist/Obstruct W/O Violence,3,Low,1
Female,25 - 45,Caucasian,0,0,0,0.0,-2.0,M,Battery,0,0,,0,Low,0
Male,Greater than 45,Caucasian,0,0,0,16.85352598626549,-25.02139285857986,F,arrest case no charge,1,0,Driving License Suspended,16,Medium,1
Male,25 - 45,Other,0,0,0,5.0,0.0,F,arrest case no charge,1,0,Resist/Obstruct W/O Violence,5,High,1
Male,25 - 45,African-American,0,0,0,5.0,-1.0,F,Aggravated Battery,0,0,,5,High,0
Male,25 - 45,Other,0,0,0,2.0,-2.0,M,Battery,0,0,,2,Low,0
Male,25 - 45,African-American,0,0,0,0.0,-1.0,F,Driving While License Revoked,0,0,,0,High,0
Female,25 - 45,African-American,0,0,0,0.0,-1.0,M,Battery,0,0,,0,High,0
Male,25 - 45,Caucasian,0,0,0,0.0,-1.0,F,Resist Officer w/Violence,0,0,,0,Low,0
Male,Less than 25,Caucasian,0,0,0,7.0,-4.0,M,Trespass Struct/Conveyance,1,0,Driving License Suspended,7,Medium,1
Male,25 - 45,Other,0,0,0,0.0,-1.0,M,Battery,0,0,,0,Low,0
Male,Greater than 45,Native American,0,0,0,24.43793954311615,-1.0,F,Burglary Unoccupied Dwelling,0,0,,24,Medium,0
Male,Less than 25,African-American,0,0,0,0.0,0.0,F,Grand Theft in the 3rd Degree,0,0,,0,High,0
Male,Greater than 45,Caucasian,0,0,0,2.0,-1.0,F,arrest case no charge,0,0,,2,Low,0
Female,25 - 45,Caucasian,0,0,0,8.0,0.0,M,Petit Theft,1,0,Resist/Obstruct W/O Violence,8,Low,1
Male,25 - 45,Caucasian,0,0,0,1.0,-1.0,F,"Poss3,4 Methylenedioxymethcath",0,0,,1,Medium,0
Male,25 - 45,Native American,0,0,2,1.0,-1.0,M,DUI Property Damage/Injury,0,0,,1,Medium,0
Female,Less than 25,Hispanic,0,0,0,0.0,-1.0,F,Poss Contr Subst W/o Prescript,0,0,Driving License Suspended,0,Low,0
Male,25 - 45,Native American,0,0,0,5.0,-1.0,F,Grand Theft in the 3rd Degree,1,0,Driving License Suspended,5,High,1
Male,Greater than 45,Asian,0,0,0,4.0,0.0,F,Possession of Cocaine,1,0,Driving License Suspended,4,Low,1
Female,25 - 45,African-American,0,0,0,0.0,-1.0,M,Throw Deadly Missile Into Veh,1,0,Driving License Suspended,0,Low,1
Female,Less than 25,Asian,0,0,0,2.0,-10.91786194991624,F,Grand Theft in the 3rd Degree,1,0,,2,High,1
Female,25 - 45,Native American,0,0,0,2.0,-1.0,F,arrest case no charge,0,0,,2,Low,0
Male,Less than 25,Asian,0,0,0,0.0,-1.0,M,Battery,1,0,,0,Low,0
Male,Greater than 45,Hispanic,0,0,0,3.0,-1.0,F,arrest case no charge,0,0,,3,Low,0
Male,Less than 25,Caucasian,0,0,3,0.0,-2.0,M,Battery,0,0,,0,Low,1
Male,Less than 25,Native American,0,0,0,0.0,-1.0,M,Battery,0,0,,0,Low,0
Male,25 - 45,African-American,0,0,0,4.0,0.0,F,"Poss3,4 Methylenedioxymethcath",1,0,Driving License Suspended,4,High,1
Female,25 - 45,Other,0,0,0,5.0,-1.0,F,Viol Injunct Domestic Violence,0,0,,5,Medium,0
Male,25 - 45,Hispanic,0,0,0,1.0,0.0,F,Driving While License Revoked,1,0,Possession Of Heroin,1,Low,1
Male,Less than 25,Other,0,0,0,1.0,-1.0,F,Possession Burglary Tools,1,0,,1,Medium,1
Male,Less than 25,Other,0,0,0,2.0,-1.0,F,Carrying Concealed Firearm,1,0,Resist/Obstruct W/O Violence,2,Low,1
Male,25 - 45,Asian,0,0,0,0.0,-1.0,F,Aggrav Battery w/Deadly Weapon,0,0,,0,Low,0
Female,25 - 45,Asian,0,0,0,0.0,-1.0,M,Lve/Scen/Acc/Veh/Prop/Damage,0,0,,0,High,0
Male,Greater than 45,Native American,0,0,0,0.0,-1.0,M,Battery,0,0,,0,Low,0
Male,25 - 45,Asian,0,0,0,2.0,-13.0,M,Disorderly Conduct,1,0,Possession Of Heroin,2,Medium,1
Male,Less than 25,Native American,0,0,0,1.0,0.0,M,Susp Drivers Lic 1st Offense,0,0,,1,Low,0
Male,Less than 25,Hispanic,0,0,0,0.0,-1.0,M,Leaving Acc/Unattended Veh,0,0,,0,Medium,0
Female,25 - 45,Hispanic,0,0,0,1.0,-1.0,F,Poss Contr Subst W/o Prescript,1,0,Resist/Obstruct W/O Violence,1,Low,1
Male,25 - 45,African-American,1,0,0,1.0,0.0,F,Grand Theft in the 3rd Degree,1,0,Resist/Obstruct W/O Violence,1,Medium,1
Female,Greater than 45,African-American,0,0,0,0.0,-1.0,F,Felony Driving While Lic Suspd,0,0,,0,Low,0
Male,Greater than 45,African-American,0,0,0,2.0,-1.0,F,Possession of Cocaine,1,0,Driving License Suspended,2,High,1
Female,Less than 25,Caucasian,0,0,0,1.0,-1.0,M,Battery,0,0,,1,Low,0
Male,Greater than 45,Caucasian,0,0,0,0.0,-1.0,F,Aggravated Battery,0,0,,0,Low,0
Female,25 - 45,Caucasian,0,0,0,0.0,-1.0,F,Felony Driving While Lic Suspd,0,0,,0,Low,0
Male,Greater than 45,Other,0,0,0,12.579980071427977,-28.11446282406638,M,Possession of Cocaine,0,0,,12,Medium,0
Male,Greater than 45,Caucasian,0,0,0,4.0,-1.0,F,Uttering a Forged Instrument,0,0,,4,Medium,0
Male,Greater than 45,Other,0,0,0,4.0,-1.0,F,arrest case no charge,0,0,,4,Low,0
Male,Greater than 45,Caucasian,0,0,0,2.0,-1.0,F,Resist Officer w/Violence,0,0,,2,Medium,0
Male,25 - 45,Hispanic,0,0,0,1.0,-1.0,M,Agg Battery Grt/Bod/Harm,1,0,Driving License Suspended,1,Low,1
Male,25 - 45,Other,0,0,0,2.0,0.0,F,Child Abuse,1,0,Possession Of Heroin,2,Low,1
Male,25 - 45,Hispanic,0,0,1,14.0,-1.0,F,Driving While License Revoked,1,0,Possession Of Heroin,14,High,1
Female,25 - 45,Native American,0,0,0,1.0,-1.0,M,Battery,0,0,,1,Low,0
Male,25 - 45,Caucasian,0,0,0,0.0,0.0,F,"Deliver 3,4 Methylenediox",0,0,,0,Low,0
Female,Greater than 45,Caucasian,0,0,1,0.0,0.0,F,Deliver Cannabis,1,1,Battery,0,High,1
Male,Less than 25,Hispanic,0,0,0,1.0,-9.0,M,Petit Theft,1,0,,1,Low,1
Male,Greater than 45,Hispanic,0,0,0,8.0,-13.436797210694891,F,arrest case no charge,0,0,,8,Medium,0
Male,Less than 25,Caucasian,0,0,0,0.0,0.0,F,Pos Cannabis W/Intent Sel/Del,0,0,,0,Medium,0
Male,Greater than 45,African-American,0,0,0,1.0,-1.0,F,Carrying Concealed Firearm,1,0,,1,Low,1
Male,Greater than 45,Caucasian,0,0,0,0.0,-1.0,F,Driving While License Revoked,1,0,,0,Low,0
Male,Less than 25,Hispanic,0,0,0,0.0,-1.0,F,Grand Theft in the 3rd Degree,1,0,Unlaw Use False Name/Identity,0,Medium,1
Male,Less than 25,Caucasian,0,0,0,0.0,-1.0,F,Grand Theft in the 3rd Degree,1,0,,0,High,1
Female,Greater than 45,Asian,0,0,0,0.0,0.0,F,Battery,0,0,,0,Low,0
Male,Less than 25,Caucasian,0,0,0,1.0,-1.0,F,arrest case no charge,0,0,,1,Low,0
Female,Greater than 45,Caucasian,0,0,0,0.0,0.0,M,Battery on Law Enforc Officer,0,0,,0,Low,0
Female,Less than 25,Other,0,0,0,0.0,-1.0,M,Battery,0,0,,0,Medium,0
Male,Less than 25,Other,0,0,1,0.0,0.0,F,Pos Cannabis W/Intent Sel/Del,1,0,Susp Drivers Lic 1st Offense,0,Medium,1
Male,25 - 45,Hispanic,0,0,0,5.0,-1.0,F,Agg Assault W/int Com Fel Dome,0,0,,5,Low,0
Male,25 - 45,Other,0,0,0,14.0,-1.0,M,Driving While License Revoked,1,0,Possession Of Heroin,14,Medium,1
Male,Less than 25,Other,0,2,0,3.0,-1.0,F,Grand Theft in the 3rd Degree,1,0,Driving License Suspended,3,Low,1
Male,Less than 25,Native American,0,0,0,0.0,-1.0,F,Possession Burglary Tools,1,0,Unlaw Use False Name/Identity,0,Low,1
Male,25 - 45,Asian,0,0,0,0.0,-1.0,F,Agg Battery Grt/Bod/Harm,0,0,,0,Low,0
Male,Greater than 45,African-American,0,0,0,9.639940295644573,-1.0,F,Felony Battery (Dom Strang),1,0,Possession Of Heroin,9,Medium,1
Male,Greater than 45,Hispanic,2,0,0,2.0,-21.479446322900973,F,arrest case no charge,0,0,DUI- Enhanced,2,High,1
Male,Greater than 45,Caucasian,0,0,0,0.0,-1.0,M,Battery,0,0,,0,Low,0
Male,25 - 45,Caucasian,0,0,0,2.0,-1.0,M,Viol Injunct Domestic Violence,1,0,,2,Low,1
Male,25 - 45,African-American,0,0,0,0.0,0.0,F,Crim Use of Personal ID Info,0,0,,0,Low,0
Male,25 - 45,African-American,3,0,0,6.0,-26.0,F,arrest case no charge,0,0,,6,Low,0
Male,25 - 45,Native American,0,0,0,3.0,-15.0,F,Possession of Cocaine,0,0,,3,Low,0
Female,25 - 45,Native American,0,0,0,0.0,0.0,F,Aggravated Battery,1,0,,0,Low,0
Male,Greater than 45,Hispanic,0,0,0,3.0,-1.0,F,Driving While License Revoked,0,0,,3,Low,0
Male,25 - 45,Native American,1,2,0,11.0,-1.0,F,Deliver Cocaine,0,0,,11,High,0
Male,Less than 25,Caucasian,0,0,0,5.0,15.816417392451882,F,arrest case no charge,1,0,Possession Of Heroin,5,Medium,1
Male,25 - 45,Asian,0,0,0,0.0,-1.0,M,Battery,0,0,,0,Low,0
Male,25 - 45,African-American,0,0,2,3.0,-26.0,M,Assault,1,0,Possession Burglary Tools,3,Low,1
Male,Less than 25,Asian,0,0,0,1.0,-1.0,F,Burglary Structure Unoccup,1,0,Resist/Obstruct W/O Violence,1,Low,1
Male,Greater than 45,Caucasian,0,0,0,0.0,-1.0,F,Felony Battery (Dom Strang),0,0,,0,Low,0
Male,Less than 25,African-American,0,0,0,0.0,-1.0,M,Viol Injunct Domestic Violence,1,1,Aggravated Battery / Pregnant,0,High,1
Female,Less than 25,Caucasian,0,0,0,0.0,-1.0,F,Poss Pyrrolidinovalerophenone,1,0,Driving License Suspended,0,High,1
Male,25 - 45,Hispanic,0,1,1,8.0,-1.0,F,Possession Of Alprazolam,1,0,Possession of Cannabis,8,Medium,1
Male,Less than 25,Hispanic,0,0,0,1.0,-1.0,F,Battery,0,0,,1,Low,0
Female,25 - 45,Native American,0,0,0,0.0,-1.0,F,Possession of Cocaine,0,0,,0,Medium,0
Male,Greater than 45,Asian,0,0,0,0.0,0.0,F,Possession Of Alprazolam,1,0,Possession of Cannabis,0,Low,0
Female,25 - 45,Native American,0,0,0,2.0,-1.0,F,Grand Theft (Motor Vehicle),0,0,,2,Medium,0
Male,Less than 25,African-American,0,0,0,0.0,-1.0,F,Tampering With Physical Evidence,1,0,Possession Of Heroin,0,High,1
Male,Less than 25,Hispanic,0,0,0,3.0,0.0,F,Possession of Cocaine,1,0,,3,Medium,1
Male,Greater than 45,Caucasian,0,0,0,0.0,-1.0,F,Grand Theft in the 3rd Degree,0,0,,0,Low,0
Male,25 - 45,African-American,0,0,0,4.0,-1.0,M,Battery,0,0,,4,Medium,0
Male,25 - 45,African-American,2,0,0,8.0,0.0,F,Poss Cocaine/Intent To Del/Sel,0,0,Driving License Suspended,8,High,1
Male,Less than 25,Native American,0,0,0,0.0,-1.0,F,Possession of Cannabis,1,1,Culpable Negligence,0,Low,1
Male,25 - 45,Asian,0,0,0,0.0,0.0,F,Possession Of Alprazolam,0,0,,0,Low,0
Male,Greater than 45,Hispanic,0,0,0,0.0,-1.0,M,Battery,0,0,,0,High,0
Female,25 - 45,African-American,0,1,0,22.545737065209895,-1.0,F,Felony Petit Theft,1,0,Resist/Obstruct W/O Violence,22,High,1
Female,Greater than 45,Caucasian,0,0,0,0.0,-1.0,F,Solicit Deliver Cocaine,0,0,,0,Low,0
Female,25 - 45,African-American,0,0,0,15.0,0.0,M,Battery,1,0,,14,High,1
Female,25 - 45,African-American,0,0,0,5.0,-1.0,M,Viol Pretrial Release Dom Viol,1,0,Possession Of Heroin,5,Medium,1
Male,25 - 45,Caucasian,0,0,0,0.0,0.0,M,Battery,1,0,,0,Medium,0
Male,25 - 45,Hispanic,0,0,0,5.0,-1.0,F,Possession of Cocaine,0,0,,5,Low,0
Male,Greater than 45,Asian,0,0,0,0.0,0.0,F,Tampering With Physical Evidence,0,0,,0,Medium,0
Male,25 - 45,Other,0,0,0,5.0,-1.0,F,Tamper With Witness/Victim/CI,1,0,Possession Of Heroin,5,Medium,1
Male,25 - 45,Hispanic,0,0,0,12.791303481407375,-1.0,F,Driving While License Revoked,0,0,,12,Medium,0
Female,Less than 25,Other,0,0,0,0.0,-1.0,M,Leaving Acc/Unattended Veh,0,0,,0,Medium,0
Male,25 - 45,African-American,0,0,0,2.0,-1.0,F,Tampering With Physical Evidence,1,0,Resist/Obstruct W/O Violence,2,High,1
Male,25 - 45,Asian,0,0,0,9.0,0.0,F,arrest case no charge,1,1,Battery,9,Medium,1
Female,25 - 45,Asian,0,0,0,5.0,-22.0,F,Unl/Disturb Education/Instui,1,0,Possession Of Heroin,5,Medium,1
Male,25 - 45,Other,0,0,0,0.0,-1.0,F,Grand Theft (Motor Vehicle),0,0,,0,Low,0
Male,25 - 45,Native American,0,0,0,3.0,-1.0,F,Grand Theft in the 3rd Degree,1,0,,3,Medium,1
Female,Less than 25,Other,0,0,0,0.0,-1.0,F,Felony Battery w/Prior Convict,1,0,Resist/Obstruct W/O Violence,0,Low,1
Male,Greater than 45,Other,0,0,0,2.0,-4.0,F,Leaving Acc/Unattended Veh,0,0,,2,Low,0
Male,25 - 45,Hispanic,0,0,0,7.0,-1.0,F,arrest case no charge,0,0,,7,High,0
Male,25 - 45,Caucasian,0,0,0,7.0,-1.0,F,Felony Petit Theft,1,0,,7,High,1
Female,Less than 25,Asian,0,0,0,4.0,-1.0,F,Grand Theft (Motor Vehicle),1,0,,4,High,1
Male,Greater than 45,Caucasian,0,0,0,0.0,-1.0,F,Burglary Conveyance Unoccup,1,0,Driving License Suspended,0,Medium,1
Male,Greater than 45,Hispanic,0,0,0,0.0,-4.0,M,Battery,0,0,,0,Low,0
Male,25 - 45,African-American,0,1,0,12.0,-1.0,F,Possession of Cocaine,1,0,Possession Of Heroin,13,High,1
Male,25 - 45,Asian,0,0,0,5.2412111050158945,-1.0,M,Battery,1,0,Driving License Suspended,6,Low,0
Male,25 - 45,Native American,0,0,0,5.0,-1.0,F,arrest case no charge,1,1,Battery,5,Medium,1
Male,Greater than 45,African-American,0,0,0,13.0,-1.0,F,Possession of Cocaine,1,0,Possession Of Heroin,14,High,1
Male,Greater than 45,Other,0,0,0,7.0,0.0,F,Child Abuse,1,0,Driving License Suspended,7,Medium,1
Female,25 - 45,Caucasian,0,0,0,0.0,-1.0,M,Battery,0,0,Driving License Suspended,0,Low,0
Male,Greater than 45,Asian,0,0,0,0.0,-1.0,M,DUI Property Damage/Injury,0,0,,0,Low,0
Male,25 - 45,African-American,0,0,0,1.0,0.0,M,Driving License Suspended,0,0,,1,Medium,0
Male,25 - 45,Caucasian,0,0,0,16.69200980170024,-1.0,F,Possession of Oxycodone,1,0,,16,High,1
Male,Less than 25,African-American,0,0,0,0.0,-1.0,F,Battery on Law Enforc Officer,0,0,,0,Low,0
Male,25 - 45,Asian,0,0,0,0.0,-1.0,F,Manufacture Cannabis,0,0,,0,Low,0
Male,25 - 45,Native American,0,0,0,3.0,0.0,F,Felony Battery (Dom Strang),1,0,Driving License Suspended,3,Low,1
Male,Less than 25,Native American,0,0,0,2.0,-1.0,F,Possession of Cocaine,1,0,Possession Of Heroin,2,Low,1
Female,25 - 45,Native American,0,0,0,2.0,-1.0,F,Burglary Unoccupied Dwelling,0,0,,2,Low,0
Female,Greater than 45,Native American,0,0,0,2.0,-1.0,F,False Motor Veh Insurance Card,0,0,,2,Low,0
Male,Greater than 45,Hispanic,0,0,0,0.0,0.0,M,Battery,0,0,,0,Low,0
Female,25 - 45,Asian,0,0,0,0.0,-1.0,F,Driving While License Revoked,0,0,,0,Low,0
Male,25 - 45,African-American,0,0,0,7.0,-1.0,F,Tamper With Witness/Victim/CI,1,0,,6,High,1
Male,Greater than 45,Caucasian,0,0,0,1.0,0.0,M,Possession Of Carisoprodol,1,0,Possession Of Heroin,1,Low,1
Male,Greater than 45,Asian,0,0,0,2.0,0.0,M,DUI Property Damage/Injury,0,0,,2,Low,0
Male,Less than 25,Native American,1,0,0,7.0,-1.0,F,arrest case no charge,1,0,Possession Of Heroin,7,High,1
Male,Less than 25,Other,0,0,0,0.0,-1.0,F,Crim Use of Personal ID Info,0,0,,0,Low,0
Female,Greater than 45,Asian,0,0,0,0.0,-1.0,M,Battery,0,0,,0,Low,0
Female,Less than 25,Caucasian,0,0,0,0.0,-1.0,M,Disorderly Conduct,0,0,Driving License Suspended,0,Low,0
Male,25 - 45,Asian,0,0,0,0.0,-1.0,M,Driving License Suspended,0,0,,0,Low,0
Male,Less than 25,Native American,0,1,0,6.0,-20.0,F,Burglary Unoccupied Dwelling,1,0,Resist/Obstruct W/O Violence,6,High,1
Male,Less than 25,Caucasian,0,0,0,0.0,-1.0,F,Burglary Unoccupied Dwelling,0,0,,0,Low,0
Male,Greater than 45,Asian,0,0,0,8.0,-1.0,F,Driving While License Revoked,0,0,,8,Low,0
Female,25 - 45,Hispanic,0,0,0,0.0,-1.0,F,Grand Theft in the 3rd Degree,0,0,,0,Low,0
Male,25 - 45,Asian,0,0,0,1.0,0.0,M,Battery,0,0,,1,Low,0
Male,Less than 25,Other,0,0,0,8.0,0.0,F,Grand Theft in the 3rd Degree,1,0,Driving License Suspended,7,High,1
Male,Less than 25,Hispanic,0,0,0,0.0,-1.0,M,Battery,0,0,,0,Low,0
Male,Less than 25,African-American,0,1,2,1.0,-1.0,F,Carrying Concealed Firearm,0,0,,1,Medium,0
Male,25 - 45,Caucasian,0,0,3,11.0,0.0,F,Aggravated Assault w/Firearm,1,1,Resist/Obstruct W/O Violence,11,High,1
Male,25 - 45,Asian,0,0,0,4.0,0.0,F,Crim Use of Personal ID Info,1,0,,4,Medium,1
Male,Less than 25,Other,0,1,0,5.0,-1.0,F,Pos Cannabis W/Intent Sel/Del,1,0,,5,Medium,1
Female,25 - 45,Hispanic,0,0,0,0.0,0.0,M,Battery,0,0,,0,Low,0
Male,25 - 45,Other,0,0,0,0.0,-1.0,F,Grand Theft (Motor Vehicle),0,0,,0,Low,0
Female,Greater than 45,Caucasian,0,0,0,1.0,-2.0,M,Shoot Into Vehicle,1,0,Possession Of Heroin,1,Low,1
Male,25 - 45,African-American,0,0,0,1.0,-1.0,F,Assault,0,0,,1,Low,0
Female,25 - 45,African-American,0,0,0,1.0,-1.0,M,arrest case no charge,0,0,,1,Low,0
Male,25 - 45,Other,0,0,0,0.0,-1.0,F,arrest case no charge,0,0,,0,Low,0
Male,25 - 45,Caucasian,0,0,0,0.0,-1.0,M,Battery,0,0,,0,Low,0
Male,25 - 45,Asian,0,0,0,1.0,-1.0,F,arrest case no charge,0,0,,1,Medium,0
Male,Greater than 45,Asian,0,0,0,1.0,-1.0,M,Battery,1,0,Driving License Suspended,1,Low,1
Male,25 - 45,Other,0,0,0,0.0,-1.0,M,Battery,0,0,,0,Low,0
Male,Greater than 45,African-American,0,0,0,1.0,-1.0,F,Grand Theft (Motor Vehicle),1,0,Resist/Obstruct W/O Violence,1,Low,0
Female,Greater than 45,Caucasian,0,0,0,2.0,0.0,M,Aggravated Battery / Pregnant,1,0,Driving License Suspended,2,Low,1
Male,Greater than 45,Native American,0,0,0,0.0,-3.0,F,Grand Theft in the 3rd Degree,0,0,,0,Low,0
Male,Greater than 45,Hispanic,0,0,0,0.0,-1.0,M,Battery,0,0,,0,Low,0
Female,Greater than 45,Asian,0,0,0,0.0,-1.0,F,Aggravated Assault w/Firearm,0,0,,0,Low,0
Male,25 - 45,Other,0,0,0,0.0,-1.0,M,DUI Property Damage/Injury,1,0,Resist/Obstruct W/O Violence,0,Low,1
Male,25 - 45,Hispanic,0,0,0,0.0,-1.0,M,Battery,0,0,,0,Low,0
Male,Greater than 45,Native American,0,0,0,2.0,-1.0,F,Grand Theft in the 3rd Degree,0,0,,2,High,0
Female,Less than 25,Hispanic,0,0,0,0.0,-1.0,M,Battery,0,0,,0,Low,0
Female,Greater than 45,Caucasian,0,0,0,1.0,-1.0,F,Shoot Into Vehicle,0,0,,1,Low,0
Male,25 - 45,Asian,0,1,1,2.0,-1.0,F,Burglary Unoccupied Dwelling,1,0,Susp Drivers Lic 1st Offense,2,High,1
Male,Greater than 45,African-American,0,0,0,8.0,0.0,F,Possession of Cocaine,0,0,,8,Low,0
Male,Less than 25,African-American,0,0,0,0.0,0.0,F,Tampering With Physical Evidence,0,0,,0,Medium,0
Male,Greater than 45,Other,0,0,0,0.0,-1.0,F,Possession of Cocaine,0,0,,0,Low,0
Male,25 - 45,African-American,0,4,1,26.662980403213577,0.0,M,Possess Cannabis/20 Grams Or Less,1,1,Resist Officer w/Violence,26,High,1
Male,25 - 45,Caucasian,0,0,0,3.0,-1.0,F,Defrauding Innkeeper,1,0,Resist/Obstruct W/O Violence,3,Medium,1
Male,25 - 45,Native American,0,0,0,1.0,0.0,F,arrest case no charge,0,0,,1,Low,0
Male,25 - 45,Hispanic,0,0,0,3.0,-1.0,M,Driving License Suspended,1,0,,3,Low,1
Male,Greater than 45,Hispanic,0,0,0,1.0,0.0,M,Operating W/O Valid License,1,0,Driving License Suspended,1,Low,1
Male,25 - 45,Native American,0,0,0,0.0,-1.0,M,Resist/Obstruct W/O Violence,0,0,,0,Low,0
Male,Greater than 45,Hispanic,0,0,0,2.0,-1.0,M,Leave Acc/Attend Veh/More $50,0,0,,2,Low,0
Male,25 - 45,Other,0,0,0,0.0,0.0,F,Possession of Cocaine,0,0,,0,Low,0
Female,Less than 25,Other,0,0,0,0.0,0.0,M,Aggravated Assault W/Dead Weap,1,0,Possession of Cocaine,0,Medium,1
Male,25 - 45,Hispanic,0,0,0,2.0,0.0,M,Operating W/O Valid License,1,0,Driving License Suspended,2,Low,0
Male,25 - 45,Native American,0,0,0,7.0,-1.0,F,Felony Driving While Lic Suspd,1,0,Resist/Obstruct W/O Violence,7,Low,1
Male,25 - 45,Asian,0,0,0,4.0,-1.0,F,arrest case no charge,0,0,,4,Low,0
Male,25 - 45,Caucasian,0,0,0,0.0,-1.0,F,Grand Theft in the 3rd Degree,0,0,,0,Low,0
Male,25 - 45,Hispanic,0,0,0,13.99939030647253,-1.0,F,Driving While License Revoked,0,0,,13,High,0
Female,25 - 45,Asian,0,0,0,5.0,-1.0,F,Agg Battery Grt/Bod/Harm,1,0,Possession Of Heroin,5,High,1
Male,Less than 25,Hispanic,0,0,0,2.0,-1.0,M,Battery,1,0,Possession Of Heroin,2,Low,1
Male,Less than 25,Hispanic,0,0,3,0.0,0.0,F,Poss Contr Subst W/o Prescript,1,0,Susp Drivers Lic 1st Offense,0,Low,1
Male,Greater than 45,Native American,0,0,0,5.0,-1.0,F,Grand Theft (Motor Vehicle),1,0,Possession Of Heroin,4,Low,1
Female,25 - 45,Other,0,0,0,1.0,-1.0,F,arrest case no charge,0,0,,1,Low,0
Male,Greater than 45,Native American,0,0,0,10.0,-1.0,F,arrest case no charge,0,0,Possession Of Heroin,10,Medium,1
Female,Less than 25,Native American,0,0,0,2.0,-1.0,F,Felony Driving While Lic Suspd,1,1,Culpable Negligence,2,Medium,1
Male,25 - 45,Asian,0,1,0,17.0,0.0,F,Possession of Cocaine,1,0,Resist/Obstruct W/O Violence,17,High,0
Male,Less than 25,Asian,0,0,0,1.0,-1.0,F,Robbery Sudd Snatch No Weapon,0,0,,1,Medium,0
Male,25 - 45,African-American,0,0,0,1.0,-1.0,F,Battery on Law Enforc Officer,1,0,Driving License Suspended,1,Low,1
Male,25 - 45,Other,0,0,0,0.0,-1.0,F,Felony Driving While Lic Suspd,0,0,,0,Low,0
Male,25 - 45,African-American,0,1,3,7.0,-1.0,F,Felony Battery w/Prior Convict,1,1,Drivg While Lic Suspd/Revk/Can,7,High,1
Male,Greater than 45,Asian,0,0,0,1.0,0.0,F,arrest case no charge,1,0,Resist/Obstruct W/O Violence,1,Low,1
Male,Less than 25,Caucasian,0,0,1,0.0,-1.0,F,Battery on Law Enforc Officer,1,1,Robbery / No Weapon,0,High,1
Female,25 - 45,Caucasian,0,0,0,0.0,-1.0,M,Expired DL More Than 6 Months,0,0,,0,Low,0
Male,Greater than 45,Caucasian,0,0,0,1.0,-6.0,F,arrest case no charge,0,0,,1,Medium,0
Male,Less than 25,African-American,0,0,1,1.0,28.06753755385315,M,Lewd Act Presence Child 16-,1,1,Throw Deadly Missile Into Veh,1,Medium,1
Male,25 - 45,Caucasian,0,0,0,0.0,-1.0,F,Grand Theft in the 3rd Degree,1,1,Felony Petit Theft,0,Medium,1
Male,25 - 45,Asian,0,0,0,4.0,-1.0,F,False Ownership Info/Pawn Item,1,1,Culpable Negligence,4,Low,1
Male,Less than 25,Other,0,0,0,1.0,-3.0,F,Possession of Cocaine,0,0,,1,Low,0
Male,Less than 25,Asian,0,0,0,0.0,-1.0,M,Battery,0,0,,0,Low,0
Male,25 - 45,Caucasian,0,0,0,0.0,-1.0,M,Battery,0,0,,0,Low,0
Male,Greater than 45,Other,0,0,0,0.0,-3.0,M,DUI Property Damage/Injury,0,0,,0,Low,0
Female,25 - 45,Other,0,0,0,0.0,-1.0,M,Lve/Scen/Acc/Veh/Prop/Damage,0,0,,0,Low,0
Male,25 - 45,Asian,0,0,0,0.0,0.0,M,Possess Cannabis/20 Grams Or Less,0,0,,0,Low,0
Male,25 - 45,Other,0,0,0,3.0,-1.0,F,Aggrav Battery w/Deadly Weapon,0,0,,3,Low,0
Male,Less than 25,Other,0,0,0,0.0,-1.0,F,Burglary Unoccupied Dwelling,1,0,Driving License Suspended,0,Medium,0
Male,Greater than 45,Hispanic,0,0,0,8.0,-1.0,F,Felony Petit Theft,0,0,,7,Medium,0
Male,Less than 25,Hispanic,0,0,0,0.0,-2.0,M,Possess Drug Paraphernalia,0,0,,0,Low,0
Male,Greater than 45,Asian,0,0,0,2.0,-1.0,F,Neglect Child / No Bodily Harm,0,0,,2,Low,0
Female,25 - 45,Asian,0,0,0,0.0,-2.0,F,Grand Theft in the 3rd Degree,1,0,Unlaw Use False Name/Identity,0,Low,1
Female,25 - 45,African-American,0,0,0,1.0,0.0,M,Driving While License Revoked,1,0,Driving License Suspended,1,Low,0
Male,25 - 45,African-American,0,0,0,5.0,-1.0,F,Felony Battery w/Prior Convict,1,1,Viol Pretrial Release Dom Viol,5,Low,1
Male,25 - 45,Other,0,0,0,0.0,0.0,F,Grand Theft (Motor Vehicle),0,0,,0,Low,0
Male,Less than 25,Native American,0,0,0,1.0,-1.0,M,Battery on Law Enforc Officer,1,0,,1,High,1
Male,25 - 45,Native American,0,0,0,0.0,-1.0,F,Fail Register Vehicle,0,0,,0,Low,0
Male,Greater than 45,Native American,0,0,0,1.0,-1.0,F,arrest case no charge,0,0,,1,Low,0
Male,25 - 45,Asian,0,0,0,1.0,-1.0,F,arrest case no charge,0,0,,1,Medium,0
Male,Greater than 45,Hispanic,0,0,0,0.0,-3.0,F,Solicitation On Felony 3 Deg,0,0,,0,Low,0
Male,25 - 45,Native American,0,0,0,1.0,0.0,F,Grand Theft (Motor Vehicle),1,0,Possession Of Heroin,1,Low,1
Male,Greater than 45,African-American,0,0,0,22.0,-1.0,F,arrest case no charge,1,0,,21,High,1
Male,25 - 45,Asian,0,0,0,0.0,0.0,M,Assault,0,0,,0,Low,0
Male,25 - 45,African-American,1,0,0,7.0,-1.0,F,Crim Use of Personal ID Info,1,0,,7,Medium,1
Male,Less than 25,African-American,0,0,2,0.0,-1.0,F,Deliver Cocaine,1,0,Unlaw Use False Name/Identity,0,High,0
Female,25 - 45,Caucasian,0,0,0,6.0,-1.0,M,Petit Theft,1,0,Resist/Obstruct W/O Violence,6,High,1
Male,25 - 45,African-American,0,0,0,3.0,-1.0,F,Aiding Escape,1,0,Driving License Suspended,3,Low,1
Male,Less than 25,Native American,0,1,1,1.0,-1.0,F,arrest case no charge,1,0,Unlaw Use False Name/Identity,1,Low,1
Female,25 - 45,Hispanic,0,0,0,0.0,-6.0,M,Leaving Acc/Unattended Veh,0,0,,0,Medium,0
Male,25 - 45,Other,0,0,0,0.0,-1.0,F,Felony Battery (Dom Strang),0,0,,0,Low,0
Female,Greater than 45,Caucasian,0,0,0,0.0,0.0,F,Possession of Cocaine,0,0,,0,Low,0
Male,25 - 45,Asian,0,0,0,0.0,0.0,M,,0,0,,0,Low,0
Male,Greater than 45,African-American,0,0,0,1.0,-1.0,F,Possession of Cocaine,0,0,,1,Low,0
Male,Less than 25,Native American,0,0,0,0.0,-1.0,F,Aggrav Battery w/Deadly Weapon,1,1,Aggravated Battery / Pregnant,0,Medium,1
Male,Less than 25,African-American,1,2,2,3.0,-1.0,F,Criminal Mischief,1,0,Burglary Unoccupied Dwelling,3,High,1
Male,Less than 25,Hispanic,0,0,0,0.0,-1.0,M,Battery,0,0,,0,High,0
Male,Less than 25,Asian,0,0,0,0.0,-1.0,F,Grand Theft in the 3rd Degree,0,0,,0,Low,0
Male,Less than 25,Hispanic,0,0,0,6.0,0.0,F,Grand Theft (Motor Vehicle),1,1,Robbery / No Weapon,6,High,1
Male,25 - 45,African-American,0,0,1,5.0,-1.0,F,Pos Cannabis W/Intent Sel/Del,1,0,Possession Of Heroin,5,Medium,1
Male,25 - 45,Hispanic,1,0,1,7.0,-1.0,F,Poss of Cocaine W/I/D/S 1000FT Park,1,0,Susp Drivers Lic 1st Offense,7,Medium,1
Male,Greater than 45,Caucasian,0,0,0,0.0,0.0,M,Battery,0,0,,0,Low,0
Male,Less than 25,Native American,0,0,0,0.0,-1.0,F,DUI - Enhanced,1,0,Possession Of Heroin,0,Low,1
Male,25 - 45,Hispanic,0,0,0,1.0,-1.0,M,Battery,0,0,,1,Low,0
Male,Greater than 45,Asian,0,0,0,23.604707247684285,0.0,F,Felony Petit Theft,1,0,Driving License Suspended,23,Medium,1
Male,25 - 45,African-American,0,0,0,20.76897358071288,-6.482821756662833,M,Viol Pretrial Release Dom Viol,1,0,Driving License Suspended,20,Medium,1
Female,Less than 25,Native American,0,0,0,0.0,-1.0,F,Possession Of Alprazolam,0,0,,0,Medium,0
Male,25 - 45,African-American,0,0,3,17.0,-1.0,F,Grand Theft in the 3rd Degree,1,0,Unlaw LicTag/Sticker Attach,17,High,1
Male,25 - 45,Caucasian,0,0,0,1.0,-1.0,M,Battery,0,0,,1,Medium,0
Male,25 - 45,Hispanic,1,2,0,6.0,0.0,F,Crim Use of Personal ID Info,1,0,Possession Of Heroin,6,Medium,1
Male,25 - 45,Hispanic,0,0,0,6.0,-4.0,F,Possession Of Alprazolam,0,0,,6,Low,0
Male,Less than 25,Asian,0,0,0,0.0,-1.0,F,Aggravated Battery / Pregnant,0,0,,0,Low,0
Male,25 - 45,Hispanic,0,0,0,0.0,-1.0,F,Driving While License Revoked,1,0,Driving License Suspended,0,Low,1
Male,25 - 45,Other,0,0,0,0.0,-1.0,M,Battery,0,0,,0,Low,0
Male,25 - 45,Hispanic,0,0,0,0.0,-1.0,M,Battery,1,0,Driving License Suspended,0,Low,1
Male,Less than 25,African-American,0,0,1,0.0,-1.0,F,Uttering a Forged Instrument,0,0,,0,Low,0
Female,25 - 45,Caucasian,0,0,0,1.0,-7.0,M,DUI Property Damage/Injury,0,0,,1,Medium,0
Female,Greater than 45,Native American,0,0,0,0.0,-1.0,F,Possess Controlled Substance,0,0,,0,Low,0
Male,Greater than 45,Native American,0,0,0,1.0,-1.0,F,arrest case no charge,0,0,,1,Low,0
Female,Greater than 45,Caucasian,0,0,0,0.0,-1.0,F,Criminal Mischief,1,0,Driving License Suspended,0,Low,1
Male,25 - 45,Native American,0,0,0,4.0,-1.0,M,Battery,1,0,,4,Low,0
Male,25 - 45,African-American,0,0,0,1.0,-1.0,M,Felony Driving While Lic Suspd,1,0,Driving License Suspended,1,Low,1
Male,25 - 45,Hispanic,0,0,0,0.0,-1.0,F,Possession of Cocaine,0,0,,0,Low,0
Male,25 - 45,Hispanic,0,0,0,3.0,-1.0,M,Possess Cannabis/20 Grams Or Less,0,0,,3,Low,0
Male,25 - 45,African-American,2,2,0,5.0,0.0,F,Murder In 2nd Degree W/firearm,1,1,Agg Battery Grt/Bod/Harm,1,High,1
Male,25 - 45,African-American,1,0,0,8.0,-1.0,F,Possession of Cocaine,1,1,Aggrav Battery w/Deadly Weapon,8,High,0
Male,25 - 45,African-American,0,0,0,4.0,-1.0,F,Possession Burglary Tools,1,0,Possession Of Heroin,5,High,0
Male,25 - 45,African-American,0,0,0,3.0,-1.0,F,Aggravated Battery / Pregnant,0,0,Possession Of Heroin,3,Low,1
Male,25 - 45,Caucasian,0,0,2,4.0,-11.0,M,Possess Cannabis/20 Grams Or Less,1,0,,4,High,0
Male,25 - 45,Hispanic,0,1,0,11.0,-1.0,F,Grand Theft in the 3rd Degree,1,1,Felony Petit Theft,10,High,1
Male,Greater than 45,Other,0,0,0,2.0,-1.0,F,Aggravated Battery,0,0,,2,Medium,0
Male,Greater than 45,Asian,0,0,0,2.0,-30.0,M,Leaving Acc/Unattended Veh,1,0,,2,Low,0
Male,Less than 25,Hispanic,0,0,0,0.0,-1.0,F,DUI - Enhanced,0,0,,0,High,0
Male,25 - 45,Hispanic,0,0,0,2.0,-1.0,F,Grand Theft in the 3rd Degree,0,0,,2,Low,0
Male,25 - 45,African-American,0,0,0,8.0,0.0,F,Corrupt Public Servant,1,0,,8,Medium,1
Male,25 - 45,African-American,0,0,0,2.0,0.0,M,Aggrav Battery w/Deadly Weapon,1,1,Battery,2,Medium,1
Male,25 - 45,Caucasian,0,0,1,5.0,-1.0,M,arrest case no charge,1,1,Grand Theft (Motor Vehicle),5,High,1
Male,25 - 45,Caucasian,1,1,1,4.0,-1.0,M,Prostitution/Lewd Act Assignation,1,0,DUI- Enhanced,4,Medium,1
Male,25 - 45,Other,0,0,0,0.0,-1.0,M,Battery,0,0,,0,Low,0
Male,25 - 45,African-American,0,0,0,1.0,-1.0,M,Battery,0,0,,1,High,0
Female,Greater than 45,Native American,0,0,0,2.0,-1.0,F,Grand Theft in the 3rd Degree,1,0,Driving License Suspended,2,High,1
Male,Less than 25,African-American,0,0,0,0.0,-1.0,F,Crim Use of Personal ID Info,0,0,,0,Medium,0
Male,Greater than 45,Native American,0,0,0,19.0,-1.0,M,Susp Drivers Lic 1st Offense,1,0,,19,Low,1
Female,Greater than 45,African-American,0,0,0,0.0,-1.0,M,Fail To Obey Police Officer,0,0,,0,Low,0
Male,Greater than 45,African-American,0,0,0,12.0,-1.0,F,Trespass Property w/Dang Weap,1,0,Driving License Suspended,13,Low,1
Male,Greater than 45,Caucasian,0,0,0,1.0,-2.0,M,Viol Pretrial Release Dom Viol,0,0,,1,Low,0
Female,25 - 45,Native American,0,0,0,1.0,-12.0,F,Burglary With Assault/battery,0,0,,1,Low,0
Male,25 - 45,Other,1,1,0,17.40053108576868,-1.0,F,Grand Theft (Motor Vehicle),1,0,,17,High,1
Male,25 - 45,African-American,0,0,0,9.0,0.0,F,Poss Pyrrolidinovalerophenone,1,0,Driving License Suspended,9,High,1
Male,Less than 25,Asian,0,0,0,0.0,-1.0,F,Driving While License Revoked,0,0,,0,Low,0
Female,25 - 45,African-American,0,0,0,3.0,-1.0,F,Introduce Contraband Into Jail,0,0,,3,Low,0
Male,Less than 25,Asian,0,0,0,5.0,-1.0,F,Poss Wep Conv Felon,0,0,,5,High,0
Male,Greater than 45,Other,0,0,0,0.0,0.0,F,Possession of Cocaine,1,0,,0,Low,1
Male,Greater than 45,African-American,0,0,0,5.0,0.0,M,Alcoholic Beverage Violation-FL,0,0,,5,Medium,0
Male,Less than 25,African-American,0,1,0,1.0,-1.0,F,Grand Theft in the 3rd Degree,1,0,Unlaw Use False Name/Identity,1,Low,0
Male,Greater than 45,Hispanic,0,0,0,1.0,-1.0,F,Aggravated Assault W/Dead Weap,1,1,Battery,1,Low,1
Male,25 - 45,Caucasian,0,0,0,4.0,-1.0,F,arrest case no charge,0,0,,4,Low,0
Male,25 - 45,Hispanic,0,0,0,3.0,-1.0,F,Driving While License Revoked,1,0,Driving License Suspended,3,Low,1
Female,Greater than 45,Native American,0,1,0,7.0,-1.0,F,arrest case no charge,1,0,Possession Of Heroin,7,Low,1
Male,Greater than 45,Asian,0,0,0,1.0,-1.0,M,DUI Property Damage/Injury,0,0,,1,Low,0
Male,Greater than 45,Caucasian,0,0,0,0.0,0.0,M,Viol Injunct Domestic Violence,0,0,,0,Low,0
Male,25 - 45,Caucasian,0,1,0,8.112623194320047,-1.0,M,Driving License Suspended,0,0,,9,Low,0
Male,Less than 25,African-American,1,1,2,4.0,-1.0,F,DUI Level 0.15 Or Minor In Veh,0,0,Possession Burglary Tools,4,High,0
Male,25 - 45,Native American,0,0,0,2.0,-1.0,F,Agg Battery Grt/Bod/Harm,0,0,,2,Medium,0
Male,Less than 25,Other,0,0,0,0.0,-1.0,F,Grand Theft in the 3rd Degree,1,0,Unlaw Use False Name/Identity,0,Medium,1
Male,Less than 25,Caucasian,0,0,0,2.0,8.278051635903523,F,Burglary Conveyance Unoccup,1,0,,2,High,1
Female,Greater than 45,Caucasian,0,0,0,0.0,-1.0,F,Battery on Law Enforc Officer,1,0,Possession Of Heroin,0,High,1
Male,25 - 45,African-American,0,0,0,6.0,0.0,F,Fabricating Physical Evidence,1,0,,6,High,1
Male,25 - 45,Asian,0,0,1,3.0,-1.0,F,Voyeurism,1,0,Susp Drivers Lic 1st Offense,3,Low,0
Male,25 - 45,Native American,0,0,0,2.0,-1.0,M,Battery,0,0,,2,Low,0
Male,Greater than 45,Asian,0,0,0,5.0,0.0,F,Driving While License Revoked,1,0,,5,Medium,1
Male,Greater than 45,Caucasian,0,0,0,0.0,-1.0,F,arrest case no charge,0,0,,0,Low,0
Female,25 - 45,Caucasian,0,0,0,2.0,-1.0,F,DWLS Susp/Cancel Revoked,0,0,,2,Low,0
Male,Greater than 45,Hispanic,0,0,0,3.0,-1.0,F,Resist Officer w/Violence,0,0,,3,Low,0
Male,Greater than 45,Other,0,0,0,3.0,0.0,M,Expired DL More Than 6 Months,1,0,Driving License Suspended,3,Medium,1
Male,25 - 45,Native American,0,0,0,0.0,-1.0,F,Burglary Conveyance Unoccup,0,0,,0,Medium,0
Male,Less than 25,Native American,1,2,2,6.0,-1.0,F,Possession of Cannabis,1,1,Mandatory Susp Possess Alcohol,6,Medium,0
Male,Less than 25,Caucasian,0,0,0,1.0,-1.0,F,Burglary Unoccupied Dwelling,0,0,,1,Low,0
Male,25 - 45,Asian,0,0,0,0.0,-3.0,M,Possess Cannabis/20 Grams Or Less,0,0,,0,Low,0
Male,Greater than 45,Caucasian,0,0,0,3.0,0.0,F,Felony Petit Theft,1,0,,3,Low,0
Female,Greater than 45,Asian,0,0,0,1.0,-3.0,M,DUI Property Damage/Injury,0,0,,1,Low,0
Female,Less than 25,Hispanic,0,0,0,0.0,-1.0,F,Grand Theft in the 3rd Degree,0,0,,0,Low,0
Female,25 - 45,African-American,0,0,0,0.0,-1.0,F,Aggravated Assault W/dead Weap,1,1,Threat Public Servant,0,Medium,1
Female,25 - 45,Other,0,0,0,1.0,-1.0,F,Aggravated Assault W/Dead Weap,1,0,Driving License Suspended,1,Low,1
Male,25 - 45,Native American,0,0,0,1.0,-4.0,M,Sexual Battery / Vict 12 Yrs +,0,0,,1,Low,0
Male,25 - 45,Other,0,0,0,0.0,-1.0,F,Pos Cannabis W/Intent Sel/Del,0,0,,0,Low,0
Male,Greater than 45,Native American,0,0,0,2.0,-1.0,M,Battery,1,0,Possession Of Heroin,2,Low,0
Male,25 - 45,Hispanic,0,0,1,0.0,-1.0,M,Battery,0,0,,0,Low,0
Male,25 - 45,Other,0,0,0,1.0,-1.0,F,arrest case no charge,1,1,Battery,1,Medium,1
Female,25 - 45,Native American,0,1,0,9.0,-1.0,M,Battery,0,0,,9,High,0
Male,25 - 45,African-American,0,1,0,10.0,-1.0,F,arrest case no charge,1,0,Driving License Suspended,10,Medium,1
Female,25 - 45,Hispanic,0,0,0,0.0,-1.0,M,Battery,1,0,Unlaw Use False Name/Identity,0,Low,1
Male,25 - 45,Native American,0,0,0,5.0,-1.0,M,Driving License Suspended,0,0,,5,Medium,0
Male,25 - 45,Caucasian,0,0,0,1.0,-1.0,F,Burglary Structure Unoccup,0,0,,1,Low,0
Male,Less than 25,Native American,0,0,1,0.0,-1.0,F,Fleeing or Eluding a LEO,1,0,Resist/Obstruct W/O Violence,0,High,1
Female,25 - 45,Other,0,0,0,6.0,-1.0,F,Criminal Mischief,1,0,Possession Of Heroin,7,Low,1
Male,25 - 45,Native American,0,0,0,2.0,0.0,F,Possession Burglary Tools,0,0,,2,Medium,0
Male,Less than 25,African-American,0,0,0,0.0,-1.0,F,Grand Theft in the 3rd Degree,1,0,Resist/Obstruct W/O Violence,0,High,1
Female,25 - 45,Caucasian,0,0,0,0.0,-1.0,M,Battery,0,0,,0,Low,0
Male,25 - 45,Other,0,0,0,0.0,-1.0,F,Robbery / No Weapon,0,0,,0,Low,0
Female,Less than 25,Asian,0,0,3,1.0,-24.0,M,Opert With Susp DL 2nd Offens,0,0,,1,Low,0
Male,Less than 25,Other,0,0,0,0.0,-1.0,F,Uttering a Forged Instrument,1,0,Possession of Cocaine,0,Medium,1
Male,Greater than 45,Asian,0,0,0,6.0,0.0,F,Aggravated Battery / Pregnant,0,0,,6,Low,0
Male,25 - 45,Caucasian,0,0,0,2.0,-1.0,M,Battery,0,0,,2,Low,0
Male,Greater than 45,Other,0,0,0,4.0,-1.0,F,Possession of Cocaine,1,1,Felony Petit Theft,4,High,1
Male,25 - 45,Other,0,0,0,0.0,0.0,F,Pos Cannabis W/Intent Sel/Del,0,0,,0,High,0
Male,25 - 45,Native American,0,0,0,1.0,0.0,F,arrest case no charge,1,0,Possession Of Heroin,1,High,1
Male,25 - 45,African-American,0,0,1,2.0,-1.0,M,Battery,1,0,Driving License Suspended,2,Low,0
Female,Less than 25,Asian,0,1,0,1.0,0.0,M,Battery,0,0,,1,Medium,0
Male,25 - 45,Asian,0,0,0,1.0,-1.0,M,Assault,0,0,,1,Low,0
Male,25 - 45,Other,0,0,0,2.0,-1.0,M,Disorderly Conduct,0,0,,2,Medium,0
Male,Greater than 45,Hispanic,0,0,0,0.0,0.0,M,Battery,0,0,,0,Low,0
Male,25 - 45,African-American,0,0,0,15.0,-1.0,F,arrest case no charge,1,0,Driving License Suspended,16,High,1
Female,Less than 25,Native American,0,1,0,3.0,-2.0,M,Petit Theft $100- $300,0,0,,3,High,0
Male,25 - 45,African-American,0,0,0,2.0,0.0,F,Driving While License Revoked,1,0,Resist/Obstruct W/O Violence,2,Low,1
Female,25 - 45,Native American,0,0,0,0.0,0.0,M,DUI Property Damage/Injury,0,0,,0,Low,0
Male,Greater than 45,Asian,0,0,0,11.0,-1.0,F,Felony Battery w/Prior Convict,0,0,,11,Low,0
Male,Less than 25,Caucasian,0,0,0,1.0,-1.0,M,Battery,0,0,,1,Medium,0
Male,25 - 45,Native American,0,0,0,1.0,-1.0,F,Grand Theft in the 3rd Degree,0,0,,1,Low,0
Female,25 - 45,Caucasian,0,0,0,1.0,-21.73895658147911,M,Battery,0,0,,1,Low,0
Male,25 - 45,African-American,0,0,0,1.0,-1.0,M,Battery,0,0,,1,Low,0
Male,25 - 45,Hispanic,0,0,0,8.0,-1.0,F,Possession of Cocaine,1,0,,8,Medium,1
Male,25 - 45,Native American,0,0,0,14.0,-1.0,F,Possession of Cocaine,1,1,Culpable Negligence,14,High,1
Male,25 - 45,Native American,0,0,0,3.0,-1.0,F,arrest case no charge,0,0,,3,Low,0
Male,25 - 45,Asian,0,0,0,8.0,-1.0,F,Criminal Mischief,1,0,Resist/Obstruct W/O Violence,8,Low,1
Male,25 - 45,Native American,0,0,0,0.0,0.0,M,Unauth C/P/S Sounds>1000/Audio,1,0,Possession of Cannabis,0,Low,1
Male,Less than 25,Asian,0,3,0,4.0,-1.0,F,Grand Theft (Motor Vehicle),0,0,,4,High,0
Male,Greater than 45,Native American,0,0,0,0.0,-1.0,M,Fabricating Physical Evidence,0,0,,0,Low,0
Male,25 - 45,Other,0,0,0,8.0,-1.0,F,Felony Petit Theft,1,1,Carrying A Concealed Weapon,8,Medium,1
Male,Greater than 45,Hispanic,0,0,0,15.0,0.0,F,Fraudulent Use of Credit Card,1,0,Driving License Suspended,14,Medium,0
Male,Greater than 45,Caucasian,0,0,0,0.0,0.0,M,Battery,0,0,,0,Low,0
Male,Less than 25,Caucasian,0,0,0,2.0,-18.925317890406383,M,Battery,0,0,,2,Low,0
Male,25 - 45,African-American,0,0,0,0.0,0.0,F,Possess Cannabis/20 Grams Or Less,0,0,,0,Low,0
Male,25 - 45,Asian,0,0,0,1.0,0.0,M,Battery,1,1,Resist/Obstruct W/O Violence,1,Low,1
Male,Less than 25,Hispanic,0,0,0,0.0,0.0,F,arrest case no charge,1,0,Driving License Suspended,0,Medium,1
Male,Less than 25,Hispanic,0,0,0,0.0,-1.0,F,"Poss3,4 Methylenedioxymethcath",0,0,,0,Low,0
Male,25 - 45,Caucasian,0,0,0,1.0,-1.0,F,Leaving Acc/Unattended Veh,0,0,,1,Low,0
Male,Greater than 45,Caucasian,0,0,0,0.0,-1.0,F,Grand Theft in the 3rd Degree,0,0,,0,Low,0
Male,Greater than 45,Caucasian,0,0,0,0.0,-1.0,M,Aggravated Assault W/dead Weap,0,0,,0,Low,0
Male,Less than 25,Caucasian,0,1,3,1.0,-1.0,F,Possession of Cocaine,1,0,Possess Drug Paraphernalia,1,High,1
Male,25 - 45,Native American,0,0,0,13.0,-1.0,M,Possess Cannabis/20 Grams Or Less,1,0,Driving License Suspended,13,High,1
Male,Greater than 45,Hispanic,0,0,0,2.0,-1.0,F,arrest case no charge,0,0,,2,Medium,0
Male,Greater than 45,Caucasian,0,0,0,0.0,-1.0,M,Battery,0,0,,0,Low,0
Female,Less than 25,African-American,0,0,0,1.0,-1.0,F,Burglary Conveyance Unoccup,1,0,Resist/Obstruct W/O Violence,1,Low,1
Male,25 - 45,Asian,0,1,0,4.0,-1.0,F,arrest case no charge,1,0,,4,High,1
Male,25 - 45,Caucasian,0,0,0,0.0,-1.0,F,Grand Theft (Motor Vehicle),0,0,,0,Low,0
Male,Greater than 45,Caucasian,0,0,0,3.0,-7.0,F,Aggravated Assault W/Dead Weap,0,0,,3,Low,0
Female,25 - 45,Asian,0,0,0,0.0,0.0,F,Felony Driving While Lic Suspd,0,0,,0,Medium,0
Male,Greater than 45,Hispanic,0,0,0,1.0,-8.0,M,Battery,0,0,,1,Low,0
Female,Less than 25,Caucasian,0,0,0,0.0,0.0,F,arrest case no charge,1,1,Battery,0,High,1
Male,Less than 25,African-American,0,0,0,0.0,-1.0,F,Fabricating Physical Evidence,0,0,,0,Low,0
Female,25 - 45,Caucasian,0,0,2,13.0,0.0,F,Possession Of Alprazolam,0,0,,13,High,0
Male,25 - 45,Asian,0,0,1,15.0,-1.0,M,Battery,1,0,Possession Of Heroin,15,High,1
Female,Less than 25,Hispanic,0,0,0,0.0,-1.0,M,Battery,1,0,Unlaw Use False Name/Identity,0,Medium,1
Male,25 - 45,Other,0,1,0,4.0,-30.0,F,Poss Pyrrolidinovalerophenone,1,0,Possession Of Heroin,4,Low,1
Male,25 - 45,Caucasian,0,0,0,6.0,-29.0,M,Battery,0,0,,6,Medium,0
Female,Less than 25,African-American,0,1,0,2.0,-24.0,M,Battery,1,0,Unlaw Use False Name/Identity,2,High,1
Male,Less than 25,Other,0,0,0,0.0,0.0,F,Battery on Law Enforc Officer,0,0,,0,Low,0
Male,25 - 45,Asian,0,0,0,9.0,0.0,M,Misuse Of 911 Or E911 System,1,1,Throw Deadly Missile Into Veh,9,Low,1
Male,25 - 45,Other,0,0,0,4.0,-1.0,F,Throw Deadly Missile Into Veh,1,1,Felony Petit Theft,4,Low,1
Male,Less than 25,Native American,0,0,0,0.0,-1.0,M,Petit Theft,1,0,Resist/Obstruct W/O Violence,0,High,1
Female,Greater than 45,African-American,0,0,0,2.0,-1.0,M,Felony Driving While Lic Suspd,1,0,Driving License Suspended,2,Low,1
Female,25 - 45,Other,0,0,0,5.0,-29.0,F,Possession of Hydrocodone,1,0,,5,Low,0
Female,25 - 45,Hispanic,0,0,0,0.0,0.0,M,Burglary Structure Unoccup,0,0,,0,Low,0
Female,25 - 45,Caucasian,0,0,0,0.0,-4.0,F,Possession of Cocaine,0,0,,0,Medium,0
Male,Less than 25,Native American,0,0,3,2.0,-1.0,F,Grand Theft in the 3rd Degree,1,0,Driving License Suspended,2,Medium,1
Male,25 - 45,Native American,0,0,0,3.0,-1.0,F,Uttering a Forged Instrument,0,0,,3,Medium,0
Male,Greater than 45,Caucasian,0,0,0,8.249112430035396,0.0,M,Battery,0,0,,9,Medium,0
Male,25 - 45,Hispanic,0,0,0,0.0,0.0,M,Alcoholic Beverage Violation-FL,0,0,,0,Low,0
Male,25 - 45,African-American,0,0,0,1.0,-1.0,F,arrest case no charge,0,0,,1,Low,0
Male,25 - 45,Native American,0,0,0,1.0,-1.0,F,arrest case no charge,1,1,Viol Injunction Protect Dom Vi,1,Low,0
Male,Less than 25,Native American,0,0,0,0.0,-1.0,F,Uttering a Forged Instrument,1,0,Driving License Suspended,0,Low,1
Male,25 - 45,African-American,0,0,0,0.0,0.0,M,Battery,1,0,,0,Medium,1
Male,Less than 25,Native American,0,0,0,0.0,0.0,M,Burglary Unoccupied Dwelling,1,0,Possession of Cocaine,0,Medium,1
Male,Less than 25,African-American,0,0,0,5.0,-1.0,M,Battery,1,0,,5,Medium,1
Male,25 - 45,Caucasian,0,0,0,5.0,-20.0,F,Possession of Cocaine,0,0,,5,Low,0
Male,25 - 45,Caucasian,0,0,0,6.0,-1.0,F,Possession of Cocaine,1,0,,6,Low,1
Male,25 - 45,Hispanic,0,0,0,5.0,0.0,F,Neglect Child / No Bodily Harm,0,0,,5,Low,0
Male,25 - 45,Caucasian,0,0,0,1.0,0.0,F,Criminal Mischief,0,0,,1,Medium,0
Female,25 - 45,Native American,0,0,0,7.0,-1.0,F,Felony Petit Theft,1,0,Driving License Suspended,6,Medium,1
Male,25 - 45,African-American,0,0,0,1.0,-1.0,M,arrest case no charge,0,0,,1,Low,0
Male,25 - 45,Hispanic,0,0,0,2.0,-1.0,M,Susp Drivers Lic 1st Offense,1,0,Driving License Suspended,2,Low,1
Male,25 - 45,African-American,0,0,0,9.0,-1.0,F,Burglary Unoccupied Dwelling,1,0,Resist/Obstruct W/O Violence,9,Medium,1
Male,Less than 25,Caucasian,0,0,0,0.0,-1.0,F,Pos Cannabis W/Intent Sel/Del,0,0,,0,Medium,0
Female,Greater than 45,Hispanic,0,0,0,1.0,-1.0,F,arrest case no charge,0,0,,1,Low,0
Female,25 - 45,African-American,0,0,0,1.0,-11.12561845213671,F,Neglect Child / Bodily Harm,0,0,,1,Low,0
Male,Greater than 45,Caucasian,0,0,0,2.0,-25.0,M,Battery,0,0,,2,Low,0
Female,25 - 45,Native American,0,0,0,2.0,-1.0,M,arrest case no charge,0,0,,2,Low,0
Male,25 - 45,African-American,0,0,0,3.0,-1.0,F,arrest case no charge,1,0,,3,Medium,1
Female,25 - 45,Caucasian,0,0,0,0.0,-1.0,F,Aggrav Battery w/Deadly Weapon,0,0,Driving License Suspended,0,Medium,0
Male,25 - 45,Asian,0,0,0,1.0,-1.0,F,Felony Battery w/Prior Convict,0,0,,1,Low,0
Male,25 - 45,Caucasian,0,0,0,2.0,-1.0,F,arrest case no charge,1,1,Culpable Negligence,2,Low,1
Male,25 - 45,Hispanic,0,2,0,21.000000000000004,-1.0,F,Driving While License Revoked,1,1,Grand Theft (Motor Vehicle),20,High,0
Male,Less than 25,African-American,0,0,0,0.0,-1.0,F,Grand Theft in the 3rd Degree,0,0,,0,Medium,0
Female,25 - 45,Caucasian,0,0,0,4.0,-10.0,F,Burglary Conveyance Occupied,1,0,Resist/Obstruct W/O Violence,4,High,1
Male,25 - 45,Native American,0,0,0,0.0,-1.0,F,Possession of Cocaine,0,0,,0,Low,0
Male,Less than 25,Native American,0,0,1,1.0,0.0,M,Attempt Armed Burglary Dwell,1,0,Driving License Suspended,1,High,1
Male,Less than 25,Caucasian,0,0,0,0.0,0.0,M,Viol Pretrial Release Dom Viol,1,1,Robbery / No Weapon,0,High,1
Male,25 - 45,African-American,0,0,0,8.0,-1.0,F,Possession of Cocaine,1,0,Possession Of Heroin,8,High,1
Female,Less than 25,Caucasian,0,0,0,0.0,-1.0,M,Possession of Cocaine,0,0,,0,Low,0
Male,Greater than 45,Other,0,0,0,0.0,0.0,F,Grand Theft in the 3rd Degree,0,0,,0,Low,0
Male,25 - 45,Caucasian,0,0,0,0.0,-1.0,F,Grand Theft in the 3rd Degree,1,0,Resist/Obstruct W/O Violence,0,High,1
Male,Greater than 45,African-American,1,0,1,19.0,-1.0,F,Possession of Alcohol Under 21,0,0,Unlaw LicTag/Sticker Attach,19,High,0
Male,25 - 45,Other,0,0,0,5.0,-1.0,F,arrest case no charge,1,0,Resist/Obstruct W/O Violence,5,Medium,1
Male,25 - 45,Hispanic,0,0,0,9.0,-1.0,F,Burglary Dwelling Occupied,1,0,Driving License Suspended,9,High,0
Male,Less than 25,Asian,0,0,1,0.0,-1.0,F,Poss Contr Subst W/o Prescript,0,0,,0,Low,0
Male,Greater than 45,Other,0,0,0,0.0,0.0,F,Tamper With Witness/Victim/CI,1,0,Resist/Obstruct W/O Violence,0,Low,1
Male,Greater than 45,Asian,0,0,0,6.0,-1.0,F,Poss Cocaine/Intent To Del/Sel,0,0,,5,Low,0
Male,Less than 25,African-American,0,0,0,0.0,-1.0,F,Robbery / No Weapon,1,0,Driving License Suspended,0,High,1
Female,Less than 25,Other,0,0,0,0.0,-1.0,F,Uttering a Forged Instrument,0,0,,0,High,0
Female,25 - 45,Other,0,0,0,5.0,-2.0,F,arrest case no charge,1,0,Driving License Suspended,5,Medium,1
Male,Greater than 45,Native American,1,0,0,5.0,28.913359893948524,F,Possession of Cocaine,0,0,,5,Low,0
Male,25 - 45,Hispanic,0,0,0,1.0,0.0,F,Aggrav Battery w/Deadly Weapon,1,1,Throw Deadly Missile Into Veh,1,Low,1
Female,25 - 45,African-American,0,0,0,0.0,0.0,M,Assault,0,0,,0,Low,0
Male,Greater than 45,Native American,0,0,0,7.0,-23.0,F,Resist Officer w/Violence,1,0,,7,Low,0
Female,Greater than 45,African-American,0,0,0,1.0,-1.0,F,arrest case no charge,0,0,,1,Low,0
Male,25 - 45,Caucasian,0,0,0,0.0,-2.0,M,Battery,0,0,,0,Low,0
Male,Less than 25,African-American,0,0,0,3.0,-1.0,F,Grand Theft (Motor Vehicle),1,1,Robbery / No Weapon,3,High,1
Male,25 - 45,Native American,0,0,0,6.0,0.0,F,Driving While License Revoked,0,0,,6,Low,0
Female,25 - 45,Asian,0,0,0,1.0,0.0,M,Aggrav Battery w/Deadly Weapon,0,0,,1,Medium,0
Male,25 - 45,Native American,0,0,0,6.0,-1.0,F,Felony Petit Theft,1,0,,6,Low,1
Male,Greater than 45,Native American,0,0,0,0.0,-8.0,F,Felony Battery (Dom Strang),0,0,,0,Low,0
Male,25 - 45,Hispanic,0,0,0,1.0,0.0,F,Felony/Driving Under Influence,0,0,,1,Low,0
Female,Less than 25,Other,0,0,0,0.0,-1.0,F,Aggrav Battery w/Deadly Weapon,1,0,Unlaw Use False Name/Identity,0,Low,1
Male,Less than 25,Hispanic,0,0,0,1.0,-22.124118377849996,M,Possess Cannabis/20 Grams Or Less,0,0,,1,Low,0
Male,Greater than 45,Caucasian,0,0,0,8.0,0.0,F,arrest case no charge,0,0,,8,Low,0
Male,25 - 45,African-American,0,0,0,3.0,-1.0,F,Burglary Structure Unoccup,1,0,Possession Of Heroin,3,Medium,1
Female,25 - 45,Native American,0,0,0,1.0,-10.166939540836182,F,Grand Theft in the 3rd Degree,0,0,,1,Low,0
Female,Greater than 45,Caucasian,0,0,0,5.0,-1.0,M,Battery,1,0,,5,Medium,1
Male,25 - 45,Native American,0,0,0,2.0,-2.0,F,Fleeing Or Attmp Eluding A Leo,1,0,,2,Low,1
Male,25 - 45,Native American,0,0,0,13.0,-1.0,F,Felony Battery,1,1,Aggravated Battery / Pregnant,12,High,1
Female,25 - 45,Caucasian,0,0,0,4.0,-10.187971313767491,M,Battery,1,0,,4,Medium,1
Male,25 - 45,Native American,0,0,0,1.0,-1.0,M,Battery,0,0,,1,Medium,0
Male,Greater than 45,African-American,0,0,0,6.0,-26.0,F,Fel Drive License Perm Revoke,0,0,,6,Low,0
Male,25 - 45,African-American,0,1,0,13.250152320360352,-1.0,F,Grand Theft (Motor Vehicle),1,0,Driving License Suspended,13,High,0
Male,25 - 45,Native American,0,0,0,0.0,0.0,F,Crim Use of Personal ID Info,0,0,,0,Medium,0
Male,25 - 45,Other,2,0,0,10.0,-1.0,F,Pos Cannabis W/Intent Sel/Del,0,0,,11,Low,0
Male,Less than 25,Asian,0,0,0,6.0,0.0,F,Child Abuse,0,0,,6,Low,0
Male,25 - 45,Asian,0,0,0,5.0,-1.0,F,Possession of Cocaine,0,0,,5,Low,1
Male,25 - 45,Other,0,0,0,0.0,0.0,M,Possess Cannabis/20 Grams Or Less,0,0,,0,Low,0
Female,25 - 45,Asian,0,0,0,11.0,-1.0,F,Possession of Cocaine,1,0,,11,High,1
Male,Greater than 45,Caucasian,0,0,0,4.0,-1.0,M,arrest case no charge,1,0,Driving License Suspended,4,Low,1
Male,25 - 45,Asian,0,0,0,10.0,-1.0,F,Grand Theft in the 3rd Degree,1,0,,10,High,1
Male,25 - 45,Hispanic,0,0,0,0.0,-1.0,F,Aggravated Assault W/Dead Weap,0,0,,0,Low,0
Male,25 - 45,Other,0,0,0,6.0,-1.0,M,Possession of Codeine,0,0,,6,Medium,0
Male,25 - 45,African-American,0,0,0,7.0,0.0,M,Petit Theft,1,0,Resist/Obstruct W/O Violence,7,High,1
Male,25 - 45,Hispanic,0,0,0,9.0,0.0,F,Possession of Cocaine,1,0,Possession Of Heroin,8,High,1
Female,25 - 45,Caucasian,0,0,0,2.0,-1.0,F,Poss of Firearm by Convic Felo,1,0,Resist/Obstruct W/O Violence,2,Low,1
Female,25 - 45,Other,0,0,0,2.0,-1.0,M,Petit Theft,0,0,,2,Low,0
Male,Greater than 45,African-American,0,0,0,2.0,-1.0,M,arrest case no charge,0,0,,2,Medium,0
Male,Greater than 45,Caucasian,0,0,0,0.0,-1.0,M,DUI - Enhanced,0,0,,0,Low,0
Female,25 - 45,Other,0,0,0,5.0,0.0,F,Criminal Mischief Damage <$200,0,0,,5,Low,0
Male,Less than 25,Other,0,0,0,0.0,-1.0,M,Pos Cannabis W/Intent Sel/Del,0,0,,0,Low,0
Male,25 - 45,Other,0,0,0,6.0,-1.0,F,Felony Driving While Lic Suspd,1,0,Driving License Suspended,5,Low,1
Male,Less than 25,African-American,0,0,0,0.0,0.0,M,DUI Property Damage/Injury,1,0,Driving License Suspended,0,Low,1
Male,25 - 45,African-American,0,0,0,9.0,0.0,F,Battery on a Person Over 65,1,0,Driving License Suspended,9,Medium,1
Male,Greater than 45,Hispanic,0,0,0,5.0,-1.0,F,Grand Theft in the 3rd Degree,1,0,Possession Of Heroin,5,Low,1
Male,25 - 45,Other,0,0,0,0.0,-1.0,F,Grand Theft in the 3rd Degree,0,0,,0,Low,0
Male,Less than 25,Other,0,0,0,2.0,-1.0,M,Battery,0,0,,2,Low,0
Male,25 - 45,Native American,2,0,0,15.0,-1.0,F,Driving While License Revoked,1,0,Possession Of Heroin,14,High,1
Male,25 - 45,Caucasian,0,0,0,2.0,-1.0,F,Carrying Concealed Firearm,1,0,Driving License Suspended,2,Medium,1
Female,25 - 45,African-American,2,0,0,9.0,-1.0,F,arrest case no charge,0,0,,9,High,0
Female,Less than 25,Other,0,0,0,2.0,-1.0,F,Grand Theft in the 3rd Degree,1,0,,2,Low,1
Male,Less than 25,Caucasian,0,0,0,0.0,-1.0,M,Battery,0,0,,0,Low,0
Male,25 - 45,African-American,0,0,0,12.0,-1.0,F,Aggravated Battery,0,0,,12,Medium,0
Female,25 - 45,Other,0,0,0,0.0,-1.0,F,Grand Theft in the 3rd Degree,0,0,,0,Low,0
Male,25 - 45,Hispanic,0,0,0,0.0,0.0,F,Aggravated Battery / Pregnant,0,0,,0,Low,0
Male,25 - 45,African-American,0,1,0,12.914898222620446,-1.0,F,Agg Battery Grt/Bod/Harm,1,0,,12,High,1
Female,Greater than 45,African-American,0,0,0,3.0,0.0,F,Aggravated Assault W/Dead Weap,0,0,,3,Low,0
Male,Less than 25,African-American,0,0,0,2.0,0.0,F,Possession of Cocaine,1,0,Driving License Suspended,2,High,1
Male,25 - 45,Native American,0,0,0,1.0,0.0,F,Burglary Structure Unoccup,0,0,,1,Low,0
Male,25 - 45,Caucasian,0,0,0,2.0,-1.0,F,Criminal Mischief,1,0,Possession Of Heroin,2,Medium,1
Male,25 - 45,Hispanic,0,1,0,12.0,-1.0,F,Aggravated Assault W/Dead Weap,0,0,,11,High,0
Male,25 - 45,Other,0,0,0,0.0,-1.0,M,Battery,0,0,,0,Low,0
Male,25 - 45,Caucasian,0,0,0,0.0,0.0,M,Battery,0,0,,0,Low,0
Male,25 - 45,Native American,0,0,0,1.0,-1.0,F,Resist Officer w/Violence,0,0,,1,Low,0
Female,Greater than 45,Other,0,0,0,0.0,0.0,F,Felony Driving While Lic Suspd,0,0,,0,Low,0
Male,25 - 45,Native American,0,0,2,8.0,0.0,F,Felony Driving While Lic Suspd,1,0,,8,High,1
Male,Greater than 45,Hispanic,0,0,0,0.0,0.0,F,Felony Battery (Dom Strang),0,0,,0,Low,0
Female,25 - 45,Caucasian,0,0,1,1.0,0.0,F,Driving While License Revoked,0,0,,1,Low,0
Male,25 - 45,Asian,0,0,0,0.0,-1.0,F,Burglary Structure Unoccup,0,0,,0,Low,0
Male,Greater than 45,Other,0,0,0,2.0,-1.0,F,arrest case no charge,0,0,,2,Low,0
Female,Less than 25,Other,0,0,0,0.0,-1.0,M,Possess Cannabis/20 Grams Or Less,0,0,,0,High,0
Male,Greater than 45,Other,0,0,0,5.0,-1.0,M,arrest case no charge,0,0,,5,Low,0
Male,25 - 45,Other,0,0,0,5.0,-1.0,F,Grand Theft in the 3rd Degree,0,0,,5,Low,0
Male,25 - 45,Native American,0,0,0,1.0,-1.0,F,Aggrav Battery w/Deadly Weapon,1,1,Tampering With Physical Evidence,1,Low,1
Female,Less than 25,Native American,0,0,0,0.0,-3.0,F,Possession of Hydrocodone,0,0,,0,Medium,0
Male,Less than 25,Native American,0,0,0,0.0,-1.0,F,Aggravated Assault W/Dead Weap,1,0,Possession of Cannabis,0,Low,1
Male,Greater than 45,Native American,0,0,0,0.0,0.0,F,Aggrav Battery w/Deadly Weapon,0,0,,0,Low,0
Male,Less than 25,Native American,0,0,0,0.0,-1.0,M,Driving License Suspended,1,0,Possession of Cocaine,0,Medium,1
Female,Less than 25,African-American,0,0,0,0.0,-2.0,M,Battery,0,0,,0,Low,0
Male,Less than 25,Caucasian,0,1,0,1.0,-1.0,F,Grand Theft in the 3rd Degree,1,0,Resist/Obstruct W/O Violence,1,High,1
Male,Less than 25,African-American,0,0,0,0.0,-1.0,F,Purchase Cannabis,0,0,,0,Medium,0
Male,25 - 45,Native American,0,0,0,1.0,-1.0,M,Battery,1,0,,1,Low,0
Male,25 - 45,Hispanic,0,0,0,0.0,0.0,M,Operating W/O Valid License,0,0,,0,Low,0
Female,Greater than 45,Hispanic,0,0,0,0.0,0.0,M,Agg Battery Grt/Bod/Harm,0,0,,0,Low,0
Female,25 - 45,African-American,0,0,0,0.0,-2.0,M,Battery,0,0,,0,Low,0
Male,25 - 45,African-American,0,0,0,1.0,0.0,F,Tamper With Witness/Victim/CI,0,0,,1,Medium,0
Male,Greater than 45,Other,0,0,0,1.0,-5.65771770803671,F,Aggravated Assault W/Dead Weap,1,0,Driving License Suspended,1,Low,1
Female,25 - 45,Other,0,0,0,3.0,0.0,F,Felony Driving While Lic Suspd,1,1,Battery,3,Medium,1
Male,Less than 25,African-American,0,4,1,5.0,-1.0,M,Leaving the Scene of Accident,1,1,Resist Officer w/Violence,3,Medium,1
Female,Greater than 45,Caucasian,0,0,0,5.0,-1.0,F,Robbery / No Weapon,1,0,Resist/Obstruct W/O Violence,5,Medium,1
Male,25 - 45,Asian,0,0,0,1.0,0.0,F,Tampering With Physical Evidence,0,0,,1,Low,0
Male,25 - 45,Caucasian,0,0,0,3.0,-1.0,M,arrest case no charge,1,0,Possession Of Heroin,3,Low,1
Male,25 - 45,Other,0,0,0,1.0,-1.0,M,Battery,0,0,,1,Low,0
Male,Greater than 45,Caucasian,0,0,0,9.0,-1.0,F,Felony Petit Theft,1,0,Resist/Obstruct W/O Violence,9,High,1
Male,Greater than 45,Hispanic,0,0,0,3.0,-1.0,F,arrest case no charge,1,0,Possession Of Heroin,3,Low,1
Male,25 - 45,Asian,0,0,0,0.0,-1.0,M,Battery,0,0,,0,Low,0
Male,Greater than 45,Caucasian,0,0,0,32.53819354435007,-1.0,F,Felony Petit Theft,1,0,Possession Of Heroin,32,High,1
Male,Less than 25,African-American,0,0,0,0.0,-1.0,M,Battery,0,0,,0,Low,0
Male,25 - 45,African-American,0,1,0,8.0,-1.0,F,Resist Officer w/Violence,1,0,Carrying Concealed Firearm,8,Medium,0
Male,Less than 25,Native American,0,0,0,0.0,0.0,F,arrest case no charge,0,0,,0,Low,0
Male,25 - 45,Asian,0,0,0,3.0,-1.0,F,arrest case no charge,1,1,Resist/Obstruct W/O Violence,3,Low,1
Female,Greater than 45,Asian,0,0,0,11.0,-1.0,F,Poss Wep Conv Felon,1,0,Possession Of Heroin,11,High,1
Male,25 - 45,African-American,0,0,0,6.0,-1.0,F,Poss Cocaine/Intent To Del/Sel,1,0,Driving License Suspended,5,Low,0
Female,25 - 45,African-American,0,1,0,11.0,-1.0,F,arrest case no charge,1,0,Possession Of Heroin,11,High,1
Female,25 - 45,Other,0,0,0,2.0,-1.0,F,Grand Theft in the 3rd Degree,0,0,,2,Low,0
Male,25 - 45,African-American,0,0,0,7.0,-1.0,F,Grand Theft in the 3rd Degree,1,0,,7,Medium,1
Male,25 - 45,Native American,0,0,0,5.0,-1.0,F,Driving While License Revoked,1,0,Driving License Suspended,5,Low,1
Male,Greater than 45,Other,0,0,0,4.0,-1.0,F,Burglary With Assault/battery,0,0,,4,Low,0
Female,Greater than 45,Native American,0,0,0,5.0,-3.0,F,Possession Of Alprazolam,0,0,,5,Medium,0
Female,25 - 45,Other,0,0,0,22.0,0.0,M,Battery,1,0,,22,High,1
Male,Greater than 45,Other,0,0,0,4.0,-1.0,M,Neglect Child / No Bodily Harm,1,0,Resist/Obstruct W/O Violence,4,Low,1
Male,25 - 45,African-American,0,0,0,0.0,-1.0,M,Battery,0,0,,0,Low,0
Female,25 - 45,Asian,0,0,0,4.0,-27.0,F,arrest case no charge,1,0,Resist/Obstruct W/O Violence,4,Medium,1
Male,Greater than 45,Hispanic,0,0,0,0.0,-1.0,M,Battery,0,0,,0,Low,0
Male,25 - 45,African-American,0,0,1,10.0,-8.156375459015042,F,arrest case no charge,1,0,,10,Medium,1
Male,Less than 25,Other,0,0,0,2.0,-1.0,F,arrest case no charge,1,1,Culpable Negligence,2,Medium,1
Male,25 - 45,Hispanic,2,0,0,17.487708912241764,-1.0,M,Battery,0,0,,17,High,0
Female,Less than 25,Native American,0,0,0,0.0,-1.0,M,Battery,0,0,,0,Medium,0
Male,Greater than 45,African-American,0,0,0,0.0,0.0,M,DUI Property Damage/Injury,0,0,,0,Low,0
Female,25 - 45,Native American,0,0,0,0.0,-1.0,M,Petit Theft $100- $300,0,0,,0,Low,0
Male,Less than 25,Native American,0,1,0,3.0,-1.0,F,"Poss3,4 Methylenedioxymethcath",1,0,Unlaw Use False Name/Identity,3,High,1
Male,Greater than 45,Hispanic,0,0,0,1.0,0.0,F,Driving While License Revoked,0,0,,1,Low,0
Male,Less than 25,African-American,0,0,0,0.0,-1.0,M,Battery,0,0,,0,Medium,0
Male,25 - 45,African-American,0,0,0,1.0,-1.0,M,Battery,1,0,,1,Low,1
Male,25 - 45,Caucasian,0,0,0,3.0,19.770513292316167,F,Aggravated Battery / Pregnant,0,0,,3,Low,0
Female,25 - 45,Caucasian,0,0,0,4.0,-1.0,M,Battery,0,0,,4,Medium,0
Male,25 - 45,African-American,0,0,0,2.0,-1.0,F,Throw Deadly Missile Into Veh,1,0,Driving License Suspended,2,High,1
Female,25 - 45,Other,0,0,0,2.0,-1.0,F,Possession of Hydromorphone,0,0,,2,Low,0
Male,Less than 25,Asian,0,0,0,0.0,-1.0,M,Resist/Obstruct W/O Violence,0,0,,0,High,0
Male,25 - 45,African-American,0,0,0,1.0,-1.0,M,Battery,1,1,Throw Deadly Missile Into Veh,1,Low,1
Male,25 - 45,Native American,0,0,0,0.0,-1.0,F,Burglary Unoccupied Dwelling,1,0,,0,Low,1
Male,Greater than 45,Other,0,0,0,0.0,-1.0,F,Grand Theft (Motor Vehicle),1,0,,0,Low,1
Male,Greater than 45,Asian,0,0,0,17.399508107195746,-26.0,M,Corrupt Public Servant,1,0,Driving License Suspended,17,Low,1
Male,25 - 45,Asian,0,0,0,0.0,-1.0,F,Aggravated Battery / Pregnant,0,0,,0,Low,0
Male,25 - 45,Asian,0,0,0,2.0,-1.0,M,Battery,0,0,,2,Low,0
Male,25 - 45,Caucasian,0,0,0,9.0,-1.0,F,Pos Cannabis W/Intent Sel/Del,1,1,Robbery / No Weapon,9,High,1
Female,25 - 45,Asian,0,0,0,4.0,-1.0,M,Battery,1,0,Resist/Obstruct W/O Violence,4,Medium,1
Male,25 - 45,Native American,0,0,0,5.0,-1.0,M,Resist Officer w/Violence,1,0,,5,Low,1
Male,Greater than 45,Asian,0,0,0,3.0,-1.0,F,Aggravated Assault W/Dead Weap,0,0,,3,Low,0
Male,25 - 45,African-American,3,0,0,11.059032996488442,-1.0,F,Deliver Cocaine,1,0,Driving License Suspended,12,High,1
Female,Greater than 45,Other,0,0,0,1.0,-20.0,F,Resist Officer w/Violence,0,0,,1,Low,0
Male,Less than 25,African-American,0,0,0,11.0,0.0,F,Possession of Cocaine,1,1,Poss Pyrrolidinovalerophenone,11,High,1
Male,Less than 25,Asian,0,0,0,0.0,0.0,F,Burglary Unoccupied Dwelling,1,0,Resist/Obstruct W/O Violence,0,High,1
Female,25 - 45,Hispanic,0,0,0,0.0,-2.0,M,DUI Property Damage/Injury,0,0,,0,Medium,0
Male,Greater than 45,Asian,0,0,0,3.0,0.0,M,False Motor Veh Insurance Card,1,1,Battery,3,High,1
Female,Less than 25,Hispanic,0,0,0,0.0,-1.0,M,Battery,0,0,,0,Low,0
Male,Greater than 45,Other,0,0,0,3.0,0.0,M,Petit Theft,0,0,,3,Medium,0
Male,25 - 45,Caucasian,0,1,0,14.0,0.0,F,arrest case no charge,1,0,Resist/Obstruct W/O Violence,15,High,1
Male,Greater than 45,Caucasian,0,0,0,0.0,-2.0,F,arrest case no charge,0,0,,0,Low,0
Female,Less than 25,African-American,0,0,0,0.0,-1.0,M,Battery,0,0,,0,Low,1
Female,Less than 25,Hispanic,0,0,0,0.0,0.0,M,Battery,0,0,,0,Medium,0
Male,25 - 45,Asian,0,0,0,7.0,-1.0,M,"Poss3,4 Methylenedioxymethcath",1,0,Resist/Obstruct W/O Violence,7,High,1
Male,25 - 45,Native American,0,0,0,5.0,-1.0,F,arrest case no charge,0,0,,5,Medium,0
Male,Greater than 45,Asian,0,0,0,7.0,-24.212612008997027,F,Sel/Pur/Mfr/Del Control Substa,0,0,,8,Low,0
Male,25 - 45,Caucasian,0,0,0,0.0,0.0,F,Felony DUI (level 3),1,0,Possession of Cannabis,0,Low,1
Male,Greater than 45,African-American,0,0,0,1.0,-22.0,F,arrest case no charge,0,0,,1,Low,0
Male,Less than 25,Hispanic,0,0,0,0.0,-1.0,M,,0,0,,0,Medium,0
Male,25 - 45,Other,0,0,1,5.0,-19.434441048210076,F,Battery on Law Enforc Officer,0,0,,5,High,0
Female,Less than 25,Asian,0,0,0,0.0,0.0,F,Grand Theft in the 3rd Degree,0,0,,0,High,0
Male,25 - 45,Native American,0,0,0,4.0,0.0,F,Fleeing Or Attmp Eluding A Leo,1,0,,4,Low,1
Female,25 - 45,Other,0,0,0,0.0,-1.0,F,Criminal Mischief,0,0,,0,Low,0
Male,25 - 45,African-American,0,0,0,2.0,-1.0,F,arrest case no charge,1,0,,2,Medium,1
Male,25 - 45,Other,0,0,0,4.656360801759045,-1.0,F,Aggravated Assault w/Firearm,1,0,,5,Low,1
Male,Greater than 45,Hispanic,0,0,0,0.0,0.0,M,Shoot Into Vehicle,0,0,,0,Low,0
Male,Less than 25,Asian,0,0,0,2.0,-1.0,F,Possession of Cocaine,1,0,Resist/Obstruct W/O Violence,2,Medium,1
Male,Greater than 45,African-American,0,0,0,8.0,-4.0,M,arrest case no charge,1,1,Robbery W/Firearm,8,Low,1
Male,Less than 25,Asian,0,0,0,0.0,0.0,M,Battery,1,0,,0,Low,1
Male,Less than 25,Caucasian,0,0,0,1.0,-1.0,F,Crim Use of Personal ID Info,1,0,Possession Of Heroin,1,Low,0
Male,Less than 25,Native American,0,1,0,1.0,-1.0,F,Robbery / No Weapon,1,0,Carrying Concealed Firearm,1,High,0
Male,Less than 25,African-American,0,0,0,2.0,-1.0,F,Possession of Cocaine,1,0,Resist/Obstruct W/O Violence,2,High,1
Female,25 - 45,African-American,0,0,0,0.0,0.0,F,Possession of Cocaine,0,0,,0,Medium,0
Male,Greater than 45,Asian,0,0,0,1.0,-13.0,M,Battery,0,0,,1,Low,0
Female,Greater than 45,Other,0,0,0,2.0,-1.0,F,Possession of Cocaine,0,0,,2,Low,0
Male,25 - 45,African-American,0,0,0,1.0,-1.0,M,Obstruct Fire Equipment,1,0,Driving License Suspended,1,Low,0
Male,Greater than 45,African-American,3,0,1,14.0,-1.0,F,Prowling/Loitering,1,0,Burglary Unoccupied Dwelling,14,High,1
Male,25 - 45,Hispanic,0,0,0,3.0,-1.0,M,Felony Battery (Dom Strang),1,0,Driving License Suspended,3,Low,1
Male,25 - 45,Caucasian,0,0,0,7.0,-1.0,F,Neglect Child / No Bodily Harm,1,1,Stalking (Aggravated),7,High,1
Female,25 - 45,Asian,0,0,0,7.0,-1.0,F,Driving While License Revoked,1,0,,7,Low,1
Female,25 - 45,Asian,0,0,0,0.0,-1.0,F,Aggravated Battery,0,0,,0,Low,0
Male,25 - 45,African-American,0,0,0,1.0,0.0,F,Crim Use of Personal ID Info,1,0,Resist/Obstruct W/O Violence,1,Low,0
Male,Less than 25,Other,0,0,0,3.0,0.0,F,Aggrav Stalking After Injunctn,0,0,,3,Medium,0
Male,25 - 45,Hispanic,0,0,0,4.0,0.0,M,Viol Injunct Domestic Violence,1,0,Driving License Suspended,4,Medium,1
Male,Less than 25,Native American,0,0,0,0.0,-1.0,M,Battery,1,1,Throw Deadly Missile Into Veh,0,High,1
Male,25 - 45,Hispanic,0,0,0,7.0,-1.0,F,Felony Battery,1,0,Possession Of Heroin,7,High,1
Male,Less than 25,African-American,0,0,2,1.0,0.0,M,Susp Drivers Lic 1st Offense,1,1,Aggravated Battery / Pregnant,1,Low,1
Male,25 - 45,Caucasian,0,0,0,0.0,-1.0,F,Battery on Law Enforc Officer,1,0,Possession of Cannabis,0,Medium,1
Female,25 - 45,African-American,0,0,0,1.0,-1.0,M,Battery,1,0,Possession Of Heroin,1,Medium,1
Male,Greater than 45,Caucasian,0,0,0,0.0,0.0,F,Felony Battery (Dom Strang),0,0,,0,Low,0
Male,25 - 45,Hispanic,0,0,0,2.0,0.0,F,Aggravated Battery / Pregnant,1,0,Driving License Suspended,2,Low,1
Male,25 - 45,African-American,0,0,0,2.0,-1.0,F,arrest case no charge,0,0,,2,Medium,0
Male,25 - 45,Other,0,0,0,1.0,-1.0,M,Battery,1,1,Aggravated Battery / Pregnant,1,Low,1
Female,Greater than 45,Caucasian,0,0,0,0.0,0.0,M,Lve/Scen/Acc/Veh/Prop/Damage,0,0,,0,Low,0
Female,Less than 25,Caucasian,0,0,0,0.0,0.0,F,Grand Theft in the 3rd Degree,0,0,,0,Medium,0
Female,Greater than 45,Caucasian,0,0,0,1.0,-1.0,F,Felony DUI (level 3),0,0,,1,High,0
Male,Less than 25,African-American,0,0,0,0.0,-1.0,F,Pos Cannabis W/Intent Sel/Del,0,0,,0,Low,0
Male,Less than 25,Native American,0,0,0,1.0,-21.0,F,Possession Burglary Tools,1,0,Resist/Obstruct W/O Violence,1,Medium,1
Male,Less than 25,Other,0,0,0,0.0,-1.0,F,arrest case no charge,0,0,,0,Low,0
Male,Less than 25,Hispanic,0,0,0,0.0,0.0,M,Battery,0,0,,0,Low,0
Male,25 - 45,Other,0,0,0,13.0,-1.0,F,Burglary Conveyance Unoccup,1,1,Viol Pretrial Release Dom Viol,13,High,1
Female,Less than 25,Caucasian,0,0,0,0.0,-3.0,F,Possession of Cocaine,0,0,,0,Medium,0
Male,25 - 45,Asian,0,0,0,0.0,0.0,M,Battery,0,0,,0,Low,0
Male,25 - 45,African-American,0,1,0,10.0,0.0,F,arrest case no charge,0,0,,9,High,0
Male,Less than 25,African-American,0,1,0,6.0,27.004697900544187,M,Battery,1,1,Robbery W/Firearm,6,Medium,1
Male,25 - 45,African-American,0,0,0,2.0,-1.0,F,arrest case no charge,0,0,,2,Low,0
Male,Greater than 45,Asian,0,0,0,0.0,-7.696945894835451,M,Petit Theft $100- $300,1,0,Unlaw Use False Name/Identity,0,Low,1
Male,25 - 45,Other,0,0,0,0.0,-1.0,F,Pos Cannabis W/Intent Sel/Del,1,0,Possession of Cocaine,0,Low,1
Male,25 - 45,African-American,0,0,0,0.0,-1.0,F,Felony Driving While Lic Suspd,0,0,,0,Medium,0
Male,Less than 25,Other,0,0,0,2.0,-1.0,M,Battery,1,0,Driving License Suspended,2,Medium,1
Male,Greater than 45,Other,0,0,0,5.0,-1.0,F,arrest case no charge,0,0,,5,Low,0
Male,25 - 45,Hispanic,0,0,0,5.0,-1.0,F,Felony Driving While Lic Suspd,1,0,Driving License Suspended,5,Medium,1
Female,25 - 45,Asian,0,0,0,6.0,23.36222387031824,F,Driving While License Revoked,1,0,Driving License Suspended,6,Medium,0
Female,25 - 45,Native American,0,0,0,0.0,-1.0,F,Grand Theft in the 3rd Degree,0,0,,0,Medium,0
Female,25 - 45,Asian,0,0,0,1.0,-1.0,F,Grand Theft in the 3rd Degree,0,0,,1,Low,0
Female,25 - 45,Other,0,0,0,0.0,-1.0,M,Battery,0,0,,0,Low,0
Male,25 - 45,Other,0,0,0,2.0,-2.0,M,Corrupt Public Servant,1,0,Driving License Suspended,2,Medium,0
Male,Less than 25,Native American,0,0,2,2.0,0.0,F,Possession Of Alprazolam,1,0,Possession Of Heroin,2,High,1
Male,Less than 25,Other,0,0,0,2.0,0.0,F,Tampering With Physical Evidence,1,1,Carrying A Concealed Weapon,2,High,1
Male,Greater than 45,Other,0,0,0,1.0,0.0,F,Felony Driving While Lic Suspd,1,0,Driving License Suspended,1,Low,1
Female,Greater than 45,Native American,0,0,0,0.0,-1.0,M,Leaving Acc/Unattended Veh,0,0,,0,Low,0
Male,25 - 45,African-American,0,1,0,14.0,-1.0,M,Battery,1,0,Carrying Concealed Firearm,14,High,1
Male,Less than 25,Native American,0,0,1,4.0,-1.0,F,Grand Theft in the 3rd Degree,0,0,,4,Medium,0
Male,Greater than 45,Caucasian,0,0,0,2.0,0.0,F,Possession of Cocaine,0,0,,2,Low,0
Male,Less than 25,Native American,0,0,0,2.0,-1.0,F,Voyeurism,1,0,Driving License Suspended,2,Medium,1
Male,25 - 45,Hispanic,0,0,0,1.0,-1.0,F,Grand Theft in the 3rd Degree,0,0,,1,Medium,0
Male,Less than 25,Caucasian,0,0,0,0.0,-4.0,F,Fleeing Or Attmp Eluding A Leo,1,0,Resist/Obstruct W/O Violence,0,Low,0
Male,Greater than 45,Native American,0,0,0,0.0,0.0,F,Child Abuse,0,0,,0,Low,0
Male,Greater than 45,Asian,0,0,0,1.0,-1.0,F,Grand Theft in the 3rd Degree,0,0,,1,Low,0
Male,25 - 45,Caucasian,0,0,0,1.0,-1.0,M,Assault,0,0,,1,Low,0
Male,Greater than 45,African-American,0,0,0,14.964041826985424,-1.0,F,Battery on Law Enforc Officer,1,0,,14,High,1
Male,25 - 45,African-American,0,0,0,15.0,-1.0,M,Resist/Obstruct W/O Violence,1,1,Culpable Negligence,15,High,1
Male,25 - 45,Native American,0,0,0,15.052743743980075,-1.0,F,Driving While License Revoked,1,0,Resist/Obstruct W/O Violence,15,High,1
Male,25 - 45,Caucasian,0,0,0,0.0,-1.0,F,Felony Battery (Dom Strang),0,0,,0,Low,0
Male,Less than 25,Hispanic,0,0,0,0.0,-1.0,F,Possession of Cocaine,0,0,,0,Low,0
Male,Less than 25,Native American,0,0,0,0.0,-1.0,F,Grand Theft in the 3rd Degree,0,0,,0,Low,0
Male,Less than 25,Other,0,0,0,0.0,-1.0,F,Robbery Sudd Snatch No Weapon,0,0,,0,Medium,0
Male,25 - 45,Native American,0,0,0,1.0,0.0,M,Battery,1,0,Possession Of Heroin,1,Low,1
Female,Greater than 45,Caucasian,0,0,0,0.0,0.0,M,Battery,1,0,Possession of Cannabis,0,Low,1
Male,Greater than 45,Caucasian,0,0,0,2.0,-1.0,M,Battery,1,0,,2,Low,1
Female,Greater than 45,African-American,0,0,0,5.0,-1.0,F,Fraudulent Use of Credit Card,0,0,,5,Medium,0
Female,25 - 45,African-American,0,1,0,6.0,0.0,F,Grand Theft in the 3rd Degree,0,0,,6,Medium,0
Male,25 - 45,Other,0,0,0,2.0,-1.0,M,Driving License Suspended,0,0,,2,Medium,0
Male,25 - 45,African-American,0,4,1,15.0,-1.0,F,"Poss3,4 Methylenedioxymethcath",1,1,Resist Officer w/Violence,15,High,1
Male,25 - 45,Caucasian,0,0,0,2.0,-1.0,F,arrest case no charge,0,0,,2,Low,0
Male,25 - 45,Native American,0,0,0,0.0,0.0,F,Carrying Concealed Firearm,0,0,,0,Medium,0
Male,25 - 45,Other,0,0,0,6.0,-1.0,F,Possession of Cocaine,1,0,Resist/Obstruct W/O Violence,5,Low,0
Male,Greater than 45,Caucasian,0,0,0,0.0,-1.0,F,Aggravated Assault W/dead Weap,0,0,,0,Low,0
Female,Less than 25,Native American,0,0,0,0.0,-1.0,M,Possess Cannabis/20 Grams Or Less,1,0,Possession Of Heroin,0,High,1
Male,25 - 45,African-American,0,0,0,1.0,0.0,M,Viol Pretrial Release Dom Viol,1,1,Robbery / No Weapon,1,Medium,1
Male,25 - 45,Asian,0,0,0,5.0,-20.990334370786663,M,Viol Injunct Domestic Violence,1,0,,5,High,1
Female,25 - 45,African-American,0,0,0,3.0,-1.0,F,Neglect Child / Bodily Harm,1,0,Driving License Suspended,3,Medium,1
Male,Less than 25,Native American,0,0,2,0.0,-1.0,F,Aggravated Assault W/Dead Weap,0,0,,0,Low,0
Male,Greater than 45,Caucasian,0,0,0,0.0,-1.0,M,DUI Property Damage/Injury,0,0,,0,Low,0
Male,25 - 45,African-American,0,0,0,1.0,-1.0,F,Deliver Cocaine,1,1,Stalking (Aggravated),1,Medium,1
Male,25 - 45,Native American,0,0,0,8.0,0.0,M,Battery,1,0,Driving License Suspended,8,High,1
Male,Less than 25,African-American,0,0,0,6.052692965147585,-1.0,F,Voyeurism,1,0,,7,High,1
Male,25 - 45,Native American,0,0,0,2.0,-1.0,F,,0,0,,2,Low,0
Male,Less than 25,African-American,0,0,1,1.0,-1.0,F,Pos Cannabis W/Intent Sel/Del,1,0,Susp Drivers Lic 1st Offense,1,Low,1
Male,Less than 25,Hispanic,0,0,0,5.0,0.0,F,"Poss3,4 Methylenedioxymethcath",1,0,,5,Medium,0
Female,Less than 25,African-American,0,0,1,5.0,-1.0,F,Grand Theft in the 3rd Degree,1,1,Viol Pretrial Release Dom Viol,5,High,1
Male,Less than 25,Native American,0,0,0,0.0,0.0,F,Grand Theft (Motor Vehicle),0,0,,0,High,0
Female,Less than 25,Native American,0,1,0,2.0,-1.0,F,Crimin Mischief Damage $1000+,0,0,,2,High,0
Female,Greater than 45,Caucasian,0,0,0,0.0,-1.0,M,Possess Controlled Substance,0,0,,0,Low,0
Male,25 - 45,Asian,0,0,0,1.0,-1.0,F,Grand Theft in the 3rd Degree,0,0,,1,Low,0
Male,Greater than 45,Caucasian,0,0,0,0.0,-1.0,F,Burglary Dwelling Occupied,0,0,,0,Medium,0
Male,25 - 45,Native American,0,0,0,1.0,-1.0,M,Pos Cannabis W/Intent Sel/Del,0,0,,1,Medium,0
Male,25 - 45,African-American,0,0,0,8.0,-1.0,F,Violation of Injunction Order/Stalking/Cyberstalking,1,1,Tampering With Physical Evidence,8,High,1
Female,Less than 25,Other,0,0,0,0.0,-1.0,F,Possess Cannabis/20 Grams Or Less,0,0,,0,Medium,0
Male,25 - 45,Hispanic,1,3,0,23.8974082882302,-1.0,F,Driving While License Revoked,1,1,Resist Officer w/Violence,23,Medium,1
Male,25 - 45,Asian,0,0,0,1.0,0.0,F,Aggrav Stalking After Injunctn,1,0,Driving License Suspended,1,Low,1
Male,Greater than 45,Asian,0,0,0,14.626096172426447,-1.0,F,Poss Pyrrolidinovalerophenone,1,0,Resist/Obstruct W/O Violence,14,High,1
Male,Greater than 45,Caucasian,0,0,0,0.0,-1.0,M,Tampering With Physical Evidence,0,0,,0,Low,0
Male,25 - 45,African-American,0,0,0,0.0,-1.0,F,Grand Theft in the 3rd Degree,0,0,,0,High,0
Male,25 - 45,African-American,0,0,0,2.0,0.0,M,Possess Cannabis/20 Grams Or Less,1,0,Driving License Suspended,2,Low,1
Female,25 - 45,Hispanic,0,0,0,0.0,-3.0,M,Lve/Scen/Acc/Veh/Prop/Damage,0,0,,0,Low,0
Female,25 - 45,Caucasian,0,0,0,3.0,0.0,F,arrest case no charge,0,0,,3,Low,0
Male,25 - 45,Other,0,0,0,0.0,-1.0,M,Battery,0,0,,0,Low,0
Female,Less than 25,Other,0,0,0,1.0,-1.0,F,arrest case no charge,1,0,Driving License Suspended,1,Low,1
Male,Less than 25,Asian,0,0,0,0.0,-1.0,F,Robbery / No Weapon,1,0,Driving License Suspended,0,Low,1
Female,25 - 45,Native American,0,0,0,0.0,-1.0,M,Battery,1,0,,0,Low,0
Male,Greater than 45,Native American,0,0,0,1.0,-1.0,F,arrest case no charge,0,0,,1,Medium,0
Male,25 - 45,Caucasian,0,0,0,1.0,-1.0,M,Possess Cannabis/20 Grams Or Less,1,0,Resist/Obstruct W/O Violence,1,Medium,1
Male,25 - 45,Native American,0,0,0,1.0,-1.0,F,False Ownership Info/Pawn Item,1,0,Driving License Suspended,1,Low,1
Male,25 - 45,Caucasian,0,0,0,1.0,22.741087803555743,F,Possession Of Alprazolam,1,0,Resist/Obstruct W/O Violence,1,Low,1
Male,Greater than 45,Native American,0,0,0,5.0,-1.0,M,arrest case no charge,0,0,,5,High,0
Male,25 - 45,Other,0,0,0,4.0,-1.0,F,Fleeing Or Attmp Eluding A Leo,0,0,,4,Low,0
Female,Less than 25,Asian,0,0,0,0.0,0.0,F,Felony Driving While Lic Suspd,1,0,Possession Of Heroin,0,Medium,1
Male,Less than 25,African-American,0,1,1,3.0,-1.0,M,Battery,1,0,Resist/Obstruct W/O Violence,3,High,1
Female,25 - 45,Native American,0,0,0,11.670745249518474,-2.0,F,Possession Of Alprazolam,1,0,Driving License Suspended,11,Medium,0
Male,Less than 25,Asian,0,0,0,0.0,0.0,F,"Deliver 3,4 Methylenediox",1,0,,0,Low,0
Male,25 - 45,Hispanic,0,0,0,0.0,-1.0,F,Corrupt Public Servant,0,0,,0,Medium,0
Male,Greater than 45,Asian,0,0,0,0.0,-1.0,M,Leave Acc/Attend Veh/More $50,0,0,,0,Low,1
Male,25 - 45,Hispanic,0,0,1,1.0,-1.0,M,Battery,1,1,Grand Theft (Motor Vehicle),1,High,1
Male,25 - 45,Native American,0,0,0,2.0,-26.0,M,Battery,0,0,,2,Low,0
Male,25 - 45,Native American,0,1,1,4.0,-1.0,F,Grand Theft in the 3rd Degree,1,0,Driving License Suspended,4,Low,1
Male,25 - 45,African-American,0,3,0,10.0,-1.0,M,arrest case no charge,0,0,,9,High,0
Female,25 - 45,Hispanic,0,0,0,3.0,-1.0,F,arrest case no charge,0,0,,3,Medium,0
Male,Greater than 45,Native American,0,0,0,1.0,-1.0,M,Battery,0,0,,1,Low,0
Male,25 - 45,African-American,0,0,0,0.0,-1.0,M,Shoot Into Vehicle,0,0,Driving License Suspended,0,Low,0
Male,Less than 25,Hispanic,0,0,0,0.0,-1.0,M,Battery,1,0,Unlaw Use False Name/Identity,0,Low,1
Male,25 - 45,African-American,0,0,0,11.0,-1.0,M,Battery,1,1,Battery,11,Medium,1
Male,25 - 45,Asian,0,0,0,8.0,0.0,F,arrest case no charge,0,0,Driving License Suspended,8,High,1
Male,Less than 25,Caucasian,0,1,1,2.0,-1.0,F,Possession Of Alprazolam,1,0,Harass Witness/Victm/Informnt,2,High,1
Male,25 - 45,Caucasian,0,0,0,0.0,-1.0,F,Aggravated Battery,0,0,,0,High,0
Male,Greater than 45,Caucasian,0,0,0,3.0,0.0,M,Battery,1,1,Culpable Negligence,3,Low,1
Male,Greater than 45,African-American,0,0,0,1.0,-1.0,F,"Deliver 3,4 Methylenediox",0,0,,1,Low,0
Male,25 - 45,Hispanic,0,0,0,1.0,29.999890521537523,F,Aggravated Battery,1,1,Battery,1,Low,1
Female,25 - 45,Caucasian,0,0,0,5.0,15.626700673321686,F,Grand Theft in the 3rd Degree,0,0,,5,High,0
Male,Less than 25,Native American,0,0,0,2.0,0.0,M,Possess Cannabis/20 Grams Or Less,1,0,Possession Of Heroin,2,Medium,1
Female,25 - 45,Hispanic,0,0,0,0.0,-1.0,F,Grand Theft in the 3rd Degree,0,0,,0,Low,0
Male,Greater than 45,Caucasian,0,0,0,7.0,-1.0,M,Battery,0,0,,7,Low,0
Male,Less than 25,Asian,0,0,0,0.0,0.0,F,Grand Theft (Motor Vehicle),1,0,Possession Of Heroin,0,Low,1
Male,Greater than 45,Other,0,0,0,6.0,-1.0,F,Aggravated Assault W/Dead Weap,1,1,Battery,6,Low,1
Female,25 - 45,Native American,0,0,0,0.0,-1.0,F,Possession of Cocaine,1,0,Driving License Suspended,0,Low,1
Male,25 - 45,Asian,1,0,1,12.0,-1.0,M,Deliver Cocaine 1000FT School,1,0,DUI- Enhanced,12,High,1
Male,25 - 45,African-American,0,0,0,0.0,-1.0,M,Operating W/O Valid License,0,0,,0,High,0
Male,25 - 45,Native American,0,0,0,0.0,0.0,F,"Poss3,4 Methylenedioxymethcath",0,0,,0,Low,0
Female,25 - 45,Other,0,0,0,0.0,-1.0,M,Battery,1,0,Unlaw Use False Name/Identity,0,Low,1
Male,Greater than 45,African-American,0,0,0,1.0,0.0,F,arrest case no charge,0,0,,1,Low,0
Male,Less than 25,Other,0,0,0,1.0,-1.0,F,Aggravated Battery / Pregnant,1,1,Robbery W/Firearm,1,Medium,1
Male,Less than 25,Other,0,0,0,0.0,-1.0,F,Criminal Mischief,1,0,Possession of Cannabis,0,Low,0
Male,25 - 45,African-American,0,0,0,1.0,-3.0,F,arrest case no charge,0,0,,1,Low,0
Male,25 - 45,Asian,0,0,0,11.0,-1.0,F,Robbery / No Weapon,1,0,Driving License Suspended,10,High,1
Male,Less than 25,Asian,0,0,0,1.0,0.0,F,Grand Theft in the 3rd Degree,1,0,Possession Of Heroin,1,High,1
Male,25 - 45,African-American,0,0,0,5.0,-1.0,M,Battery,1,1,Aggrav Battery w/Deadly Weapon,5,High,1
Male,25 - 45,Asian,0,0,0,0.0,-2.0,M,Delivery of Heroin,0,0,,0,Low,0
Male,Greater than 45,Other,0,0,0,9.0,-1.0,F,Felony Petit Theft,1,0,Resist/Obstruct W/O Violence,9,High,1
Male,Less than 25,Other,0,0,6,3.0,-1.0,F,Battery,0,0,Petit Theft $100- $300,3,Medium,0
Female,25 - 45,Caucasian,0,0,0,0.0,-2.0,M,Fail To Obey Police Officer,0,0,,0,Medium,0
Female,25 - 45,African-American,0,0,0,2.0,-26.0,F,Aggravated Assault W/dead Weap,1,0,Resist/Obstruct W/O Violence,2,Medium,1
Male,25 - 45,African-American,0,0,0,14.0,-1.0,F,Felony Driving While Lic Suspd,1,0,Driving License Suspended,13,High,1
Male,25 - 45,Native American,0,0,0,2.0,0.0,M,Driving License Suspended,0,0,,2,Low,0
Male,25 - 45,Hispanic,0,0,0,1.0,-1.0,M,Reckless Driving,0,0,,1,Low,0
Male,25 - 45,Caucasian,0,0,0,5.0,-13.0,M,Driving License Suspended,0,0,,5,Low,0
Male,Greater than 45,Caucasian,0,0,0,13.249923488893305,-28.212578887778065,F,arrest case no charge,1,0,Possession Of Heroin,13,Low,1
Male,25 - 45,Asian,0,0,0,2.0,-1.0,M,Fail Register Vehicle,0,0,,2,Medium,0
Male,Greater than 45,Hispanic,0,0,0,5.0,-1.0,M,Reckless Driving,0,0,,5,Low,0
Female,25 - 45,Native American,0,0,0,3.0,0.0,F,Poss Pyrrolidinovalerophenone,1,0,Resist/Obstruct W/O Violence,3,Medium,1
Male,Greater than 45,Native American,0,0,0,11.0,-1.0,M,Pos Cannabis W/Intent Sel/Del,0,0,,11,Medium,0
Female,Less than 25,Other,0,2,0,7.0,-1.0,M,Aggravated Battery / Pregnant,0,0,,7,Medium,0
Female,Greater than 45,Caucasian,0,0,0,1.0,-30.0,F,arrest case no charge,0,0,,1,Low,0
Male,25 - 45,Caucasian,0,0,0,0.0,-1.0,M,Battery,0,0,,0,Medium,0
Male,Less than 25,Caucasian,0,0,1,1.0,-1.0,M,DUI - Enhanced,0,0,,1,Low,0
Male,25 - 45,Caucasian,0,0,0,0.0,-1.0,F,Grand Theft in the 3rd Degree,0,0,,0,Low,0
Male,Greater than 45,Caucasian,0,0,0,0.0,0.0,M,DUI Property Damage/Injury,0,0,,0,Low,0
Male,Less than 25,Other,0,0,0,1.0,-1.0,M,Battery,1,0,Driving License Suspended,1,Medium,1
Male,25 - 45,African-American,0,0,0,4.0,-1.0,F,Felony Petit Theft,0,0,,4,High,0
Male,Greater than 45,African-American,0,0,1,15.0,-1.0,F,Driving While License Revoked,1,0,Driving License Suspended,14,Medium,1
Male,25 - 45,Other,0,0,0,0.0,0.0,M,Battery,0,0,,0,Low,0
Male,Less than 25,Other,0,0,0,0.0,-1.0,F,Uttering a Forged Instrument,1,0,Driving License Suspended,0,Low,1
Male,Greater than 45,Hispanic,0,0,0,1.0,-1.0,M,arrest case no charge,0,0,,1,Low,0
Male,25 - 45,Caucasian,0,0,0,3.0,-1.0,M,Pos Cannabis W/Intent Sel/Del,0,0,,3,Low,0
Male,25 - 45,Native American,0,0,0,0.0,-1.0,M,Battery,1,1,Viol Pretrial Release Dom Viol,0,Low,1
Male,25 - 45,Hispanic,0,0,0,3.0,-7.0,M,Leave Acc/Attend Veh/More $50,0,0,,3,Low,0
Male,Greater than 45,Hispanic,0,0,0,1.0,0.11044437039609534,M,Viol Injunct Domestic Violence,1,1,Viol Injunction Protect Dom Vi,1,Low,1
Female,25 - 45,Asian,0,0,0,5.0,-1.0,F,Burglary Conveyance Unoccup,0,0,,6,Low,0
Male,25 - 45,Native American,0,0,0,0.0,0.0,F,Carrying Concealed Firearm,0,0,,0,Low,0
Male,25 - 45,Asian,0,1,1,3.0,-1.0,F,Fleeing or Eluding a LEO,1,1,Battery,3,High,1
Female,25 - 45,African-American,0,0,0,9.0,-1.0,F,Felony Petit Theft,1,1,Battery,9,High,1
Male,25 - 45,Hispanic,0,0,0,1.0,-1.0,F,Felony Battery (Dom Strang),0,0,,1,Low,0
Female,Less than 25,Asian,0,0,0,1.0,-1.0,F,Grand Theft in the 3rd Degree,0,0,,1,Medium,0
Male,25 - 45,Hispanic,0,0,0,0.0,0.0,M,Battery,0,0,,0,Low,0
Male,25 - 45,African-American,0,0,0,2.0,-1.0,F,Aggrav Battery w/Deadly Weapon,1,1,Carrying A Concealed Weapon,2,Low,1
Male,25 - 45,African-American,1,7,4,22.538116157239468,-1.0,F,DUI Level 0.15 Or Minor In Veh,1,0,Grand Theft of the 2nd Degree,22,High,1
Male,25 - 45,Native American,0,0,0,0.0,0.0,F,arrest case no charge,1,0,Possession of Cocaine,0,Medium,1
Female,25 - 45,African-American,0,0,0,4.0,-1.0,M,arrest case no charge,0,0,,4,Low,0
Male,25 - 45,African-American,0,0,0,5.0,0.0,M,Possess Cannabis/20 Grams Or Less,1,0,Driving License Suspended,5,High,1
Male,Less than 25,African-American,0,0,0,1.0,0.0,F,Burglary Dwelling Assault/Batt,1,1,Battery,1,Medium,1
Male,Less than 25,Native American,0,0,0,1.0,-1.0,M,Resist/Obstruct W/O Violence,0,0,,1,Low,0
Female,25 - 45,Asian,0,0,0,0.0,-1.0,M,Battery,1,1,Aggravated Battery / Pregnant,0,Low,1
Female,25 - 45,Caucasian,0,0,0,0.0,-1.0,M,Battery,0,0,,0,Low,0
Female,25 - 45,Hispanic,0,0,0,0.0,0.0,M,Resist/Obstruct W/O Violence,0,0,,0,Low,0
Male,25 - 45,Native American,0,0,1,15.0,-1.0,F,Fleeing Or Attmp Eluding A Leo,1,0,Driving License Suspended,15,High,1
Female,Greater than 45,African-American,0,0,0,2.0,-1.0,F,Aggravated Assault W/Dead Weap,1,0,Resist/Obstruct W/O Violence,2,Low,1
Male,25 - 45,Caucasian,0,0,0,7.3584874890375,-1.0,F,arrest case no charge,0,0,,8,Low,0
Male,Less than 25,Hispanic,0,0,0,1.0,-6.328328920589005,F,Burglary Structure Unoccup,0,0,,1,High,0
Female,25 - 45,Asian,0,0,0,1.0,-1.0,M,Battery,1,0,Possession Of Heroin,1,Low,1
Male,25 - 45,Native American,0,0,1,0.0,0.0,F,Cruelty Toward Child,0,0,,0,Low,0
Male,Greater than 45,Caucasian,0,0,0,2.0,-3.0,F,Tamper With Witness/Victim/CI,0,0,,2,Low,0
Female,25 - 45,African-American,0,0,0,0.0,0.0,M,Battery,1,1,Throw Deadly Missile Into Veh,0,Low,1
Male,25 - 45,Caucasian,0,0,0,4.0,-1.0,M,Battery,0,0,,4,Low,0
Female,25 - 45,Caucasian,0,0,0,3.0,0.0,F,Driving While License Revoked,0,0,,3,Medium,0
Male,25 - 45,Caucasian,0,0,0,1.0,-1.0,F,arrest case no charge,1,0,Driving License Suspended,1,Medium,1
Female,Less than 25,Native American,0,0,0,3.0,-1.0,F,arrest case no charge,1,1,Culpable Negligence,3,Medium,1
Male,Less than 25,Caucasian,0,0,0,1.0,-1.0,F,Tampering With Physical Evidence,0,0,,1,Low,0
Male,25 - 45,African-American,0,0,0,31.0707688230535,-1.0,F,Refuse to Supply DNA Sample,1,1,Resist Officer w/Violence,25,High,1
Female,Greater than 45,Other,0,0,0,0.0,-1.0,F,Aggrav Battery w/Deadly Weapon,0,0,,0,Low,0
Male,25 - 45,African-American,0,0,0,0.0,-1.0,M,Battery,0,0,,0,Medium,0
Male,Greater than 45,Caucasian,0,0,0,0.0,-1.0,M,Battery,0,0,,0,Low,0
Female,Greater than 45,Caucasian,0,0,0,0.0,0.0,M,Exposes Culpable Negligence,0,0,,0,Low,0
Male,Less than 25,Caucasian,0,0,0,0.0,-1.0,M,Battery,1,0,,0,Low,0
Male,25 - 45,Asian,0,0,0,5.0,0.0,M,Battery,1,0,Driving License Suspended,6,Low,1
Male,25 - 45,Hispanic,0,0,0,3.0,-1.0,M,Battery,1,0,Possession Of Heroin,3,Low,1
Female,25 - 45,Caucasian,0,0,0,0.0,0.0,M,Felony Driving While Lic Suspd,1,0,Driving License Suspended,0,Low,1
Male,Less than 25,Native American,0,0,0,0.0,-2.0,M,Possess Cannabis/20 Grams Or Less,0,0,,0,Medium,0
Female,Less than 25,Other,0,0,0,1.0,-1.0,F,arrest case no charge,0,0,,1,Low,0
Male,25 - 45,African-American,0,0,0,3.0,-1.0,M,Disorderly Conduct,1,0,Driving License Suspended,3,Low,1
Male,Greater than 45,African-American,0,0,0,3.0,0.0,F,Grand Theft (Motor Vehicle),0,0,,3,Medium,0
Male,25 - 45,Hispanic,0,0,0,5.0,-2.0,F,Grand Theft in the 3rd Degree,0,0,,5,Low,0
Male,25 - 45,African-American,0,0,0,0.0,0.0,F,Battery on a Person Over 65,0,0,,0,Low,0
Male,Less than 25,African-American,0,1,0,3.0,-1.0,F,Grand Theft in the 3rd Degree,1,0,,3,Low,1
Male,25 - 45,Asian,0,0,0,3.0,-1.0,F,arrest case no charge,1,0,Driving License Suspended,3,Low,1
Male,Less than 25,African-American,0,0,0,1.0,-1.0,F,Burglary Conveyance Unoccup,1,0,Driving License Suspended,1,Medium,1
Male,25 - 45,African-American,0,0,0,0.0,-1.0,F,Battery on Law Enforc Officer,0,0,,0,Low,0
Male,25 - 45,Native American,0,0,0,10.424831129878529,-1.0,F,"Poss 3,4 MDMA (Ecstasy)",1,0,Driving License Suspended,10,Medium,1
Female,Less than 25,Caucasian,0,0,0,0.0,-1.0,M,DUI Property Damage/Injury,1,0,Driving License Suspended,0,Low,1
Female,Less than 25,Other,0,0,0,0.0,-1.0,F,Uttering a Forged Instrument,0,0,,0,Low,0
Male,25 - 45,Hispanic,0,0,0,0.0,0.0,F,Grand Theft in the 3rd Degree,0,0,,0,Low,0
Male,25 - 45,Caucasian,0,0,0,1.0,-1.0,M,Lve/Scen/Acc/Veh/Prop/Damage,1,0,Resist/Obstruct W/O Violence,1,Low,1
Female,25 - 45,Caucasian,0,0,0,0.0,-1.0,F,Battery,0,0,,0,Low,0
Male,Less than 25,African-American,0,0,0,0.0,-1.0,F,False Ownership Info/Pawn Item,1,0,Possession Of Heroin,0,Medium,1
Male,Less than 25,Hispanic,0,0,0,0.0,-1.0,M,Burglary Conveyance Occupied,0,0,Driving License Suspended,0,Low,0
Male,25 - 45,Other,0,0,0,1.0,-1.0,F,arrest case no charge,0,0,,1,Low,0
Male,Greater than 45,African-American,0,0,0,3.0,-1.0,F,arrest case no charge,1,0,Driving License Suspended,3,Low,1
Male,25 - 45,African-American,0,0,0,6.0,0.0,F,Possession of Cocaine,1,0,,6,Low,1
Male,25 - 45,Hispanic,0,0,0,3.0,-1.0,F,Tamper With Witness/Victim/CI,0,0,,3,Low,0
Female,Less than 25,African-American,0,0,0,0.0,0.0,M,Battery,1,1,Aggrav Battery w/Deadly Weapon,0,Medium,1
Male,25 - 45,African-American,0,0,0,0.0,0.0,M,Unauth C/P/S Sounds>1000/Audio,0,0,,0,Low,0
Female,Greater than 45,Caucasian,0,0,0,0.0,0.0,M,DUI Property Damage/Injury,0,0,,0,Low,0
Male,Less than 25,Caucasian,0,0,0,0.0,-1.0,M,Battery,0,0,,0,Medium,0
Male,Greater than 45,Caucasian,0,0,0,3.0,-1.0,F,Felony Battery (Dom Strang),0,0,,3,Low,0
Male,25 - 45,Other,0,0,0,8.0,0.0,M,Opert With Susp DL 2nd Offens,1,0,,8,Low,1
Female,25 - 45,Asian,0,0,0,6.0,-1.0,F,arrest case no charge,1,1,Battery,6,Low,1
Male,Greater than 45,Other,0,0,0,1.0,-1.0,F,arrest case no charge,0,0,,1,Low,0
Male,25 - 45,Caucasian,0,0,0,10.749808790457932,-1.0,F,Felony Petit Theft,1,0,Resist/Obstruct W/O Violence,11,Low,1
Female,Less than 25,Other,0,0,0,0.0,0.0,M,Battery,0,0,,0,Low,0
Male,Greater than 45,Caucasian,0,0,0,3.0,-1.0,F,Grand Theft in the 3rd Degree,0,0,,3,Low,0
Female,25 - 45,Caucasian,0,0,0,0.0,-1.0,F,Possession of Cocaine,0,0,,0,Low,0
Male,25 - 45,African-American,0,0,0,2.0,-4.0,F,"Poss3,4 Methylenedioxymethcath",0,0,,2,Low,0
Male,Less than 25,Asian,0,0,0,2.0,0.0,F,arrest case no charge,0,0,,2,Medium,0
Male,25 - 45,Caucasian,0,0,0,0.0,-1.0,M,DUI Property Damage/Injury,0,0,,0,Low,0
Male,25 - 45,Hispanic,0,0,0,12.855681941741288,-1.0,F,arrest case no charge,1,1,Aggrav Battery w/Deadly Weapon,13,High,1
Male,25 - 45,African-American,0,0,0,0.0,-1.0,M,Felony Battery (Dom Strang),0,0,,0,Medium,0
Male,25 - 45,Native American,0,0,0,4.0,0.0,M,Viol Pretrial Release Dom Viol,1,1,Viol Pretrial Release Dom Viol,4,Medium,1
Male,Less than 25,Native American,0,1,1,3.0,0.0,F,arrest case no charge,1,1,Felony Petit Theft,3,High,1
Male,25 - 45,Hispanic,0,0,0,1.0,0.0,M,Battery,1,0,Possession Of Heroin,1,Medium,1
Male,25 - 45,Hispanic,0,0,0,5.0,-1.0,F,Battery on a Person Over 65,0,0,,5,Low,0
Male,25 - 45,African-American,0,0,0,0.0,-1.0,F,Pos Cannabis W/Intent Sel/Del,1,0,Possession of Cocaine,0,Low,1
Male,25 - 45,Native American,0,0,0,2.0,-1.0,F,Aggravated Battery,0,0,,2,Low,0
Female,Greater than 45,Caucasian,0,0,0,0.0,-1.0,M,Disorderly Conduct,1,0,Possession of Cannabis,0,Low,0
Male,25 - 45,Native American,0,0,0,1.0,-1.0,M,Battery,1,0,Possession Of Heroin,1,Medium,1
Male,Greater than 45,Hispanic,0,0,0,16.32939572043478,0.0,M,DUI Blood Alcohol Above 0.20,0,0,,16,Low,1
Male,25 - 45,African-American,0,0,0,15.0,0.0,F,Driving While License Revoked,1,0,Possession Of Heroin,15,Medium,1
Male,25 - 45,Caucasian,0,0,0,0.0,0.0,M,Susp Drivers Lic 1st Offense,0,0,,0,Low,0
Male,25 - 45,Asian,0,0,0,2.0,-1.0,F,Grand Theft in the 3rd Degree,1,0,Driving License Suspended,2,Medium,1
Male,Less than 25,Asian,0,0,1,0.0,-1.0,F,Poss Oxycodone W/Int/Sell/Del,1,1,Threat Public Servant,0,Medium,1
Female,Less than 25,Native American,0,0,0,0.0,0.0,M,Battery,1,0,Possession Of Heroin,0,Low,1
Female,Less than 25,Native American,0,0,0,0.0,-1.0,M,Disorderly Conduct,1,1,Child Neglect/Delinquency,0,Low,1
Male,Less than 25,African-American,0,0,0,0.0,0.0,F,Uttering a Forged Instrument,1,0,Possession of Cannabis,0,Medium,1
Male,25 - 45,Caucasian,0,0,0,5.0,-1.0,F,Possession of Cocaine,1,0,,5,Medium,1
Male,Less than 25,African-American,0,0,1,0.0,-1.0,F,Criminal Mischief,1,0,Possession of Cocaine,0,High,1
Male,Less than 25,Caucasian,2,2,0,4.0,-1.0,F,Possession of Cocaine,1,0,,4,High,1
Male,Less than 25,Other,0,0,0,3.0,-1.0,F,Grand Theft in the 3rd Degree,0,0,,3,Medium,1
Male,25 - 45,Other,0,0,0,1.0,-1.0,F,Felony Driving While Lic Suspd,1,1,Battery,1,Low,1
Male,Greater than 45,Hispanic,0,0,0,7.0,-22.0,F,Possession of Cocaine,1,0,,8,Low,1
Male,Less than 25,African-American,1,0,1,1.0,2.028845791765768,F,arrest case no charge,1,0,Resist/Obstruct W/O Violence,1,Medium,1
Male,25 - 45,Asian,0,0,0,0.0,0.0,F,Resist Officer w/Violence,0,0,,0,Low,0
Female,Less than 25,African-American,0,0,0,0.0,-1.0,F,Driving While License Revoked,1,0,Driving License Suspended,0,Medium,1
Female,25 - 45,Caucasian,0,0,0,2.0,-1.0,F,Burglary Unoccupied Dwelling,1,0,Driving License Suspended,2,High,1
Male,Greater than 45,Hispanic,0,0,0,0.0,-1.0,M,Poss Counterfeit Payment Inst,1,0,Possession of Cannabis,0,Low,1
Male,25 - 45,African-American,0,5,1,19.0,-1.0,M,arrest case no charge,0,0,,18,High,0
Female,Less than 25,Caucasian,0,0,2,3.0,0.0,F,Tamper With Witness/Victim/CI,1,0,Possession Of Heroin,3,Low,1
Male,Less than 25,African-American,0,0,0,0.0,-1.0,F,Shoot Into Vehicle,0,0,,0,High,0
Male,25 - 45,Hispanic,0,0,0,10.704994202290425,-1.0,M,Aggravated Battery / Pregnant,0,0,,11,High,0
Female,Less than 25,Native American,0,0,0,5.0,-1.0,F,Use of Anti-Shoplifting Device,1,0,Driving License Suspended,5,Medium,1
Male,25 - 45,Caucasian,0,0,0,0.0,0.0,M,Battery,1,1,Culpable Negligence,0,Low,1
Male,25 - 45,Native American,0,0,0,14.468007859065121,-1.0,F,Battery on Law Enforc Officer,1,0,Driving License Suspended,14,High,1
Male,25 - 45,African-American,0,0,1,9.0,-1.0,F,arrest case no charge,1,1,Fraudulent Use Credit Card,9,High,1
Female,25 - 45,Native American,0,0,0,3.0,-1.0,F,Grand Theft in the 3rd Degree,0,0,,3,Low,0
Male,Less than 25,African-American,1,0,0,2.0,0.0,F,Pos Cannabis W/Intent Sel/Del,1,0,Resist/Obstruct W/O Violence,2,High,1
Male,25 - 45,Other,0,0,0,0.0,-1.0,F,Fail Register Vehicle,0,0,,0,Low,0
Male,25 - 45,Other,0,0,0,8.0,-1.0,F,Felony Driving While Lic Suspd,1,0,Possession Of Heroin,8,Medium,1
Male,25 - 45,Other,0,0,0,4.0,-1.0,M,Battery,0,0,,4,Medium,0
Male,Less than 25,African-American,0,0,0,0.0,-1.0,F,Grand Theft in the 3rd Degree,1,1,Robbery / No Weapon,0,Medium,1
Male,Less than 25,Asian,0,0,0,15.24422015890759,-1.0,F,Possession of Cocaine,0,0,,15,Medium,0
Male,25 - 45,African-American,0,0,0,16.92780921667587,-1.0,F,Possession of Cocaine,1,0,Possession Of Heroin,16,High,1
Male,Greater than 45,African-American,0,0,0,1.0,-1.0,M,arrest case no charge,0,0,,1,Low,0
Male,Less than 25,Hispanic,0,0,0,0.0,-1.0,F,Aggravated Battery / Pregnant,1,0,Possession Of Heroin,0,Low,1
Male,25 - 45,Other,0,0,0,5.0,-1.0,F,Poss Pyrrolidinovalerophenone,1,0,Possession Of Heroin,5,Low,1
Male,25 - 45,Hispanic,0,0,0,5.0,-1.0,F,Crim Use of Personal ID Info,1,0,Resist/Obstruct W/O Violence,5,Medium,1
Male,Less than 25,Hispanic,0,0,1,0.0,0.0,F,Possession of Cocaine,1,1,Tampering With Physical Evidence,0,High,1
Male,Less than 25,Hispanic,0,0,0,0.0,-1.0,F,"Poss3,4 Methylenedioxymethcath",1,0,Possession Of Heroin,0,Medium,1
Male,25 - 45,Hispanic,0,0,0,8.0,-1.0,F,Possession of Cocaine,1,0,Driving License Suspended,8,High,1
Male,Less than 25,Asian,0,0,0,0.0,0.0,F,"Poss3,4 Methylenedioxymethcath",0,0,,0,Low,0
Male,Greater than 45,Other,0,0,0,1.0,-1.0,F,arrest case no charge,0,0,,1,Low,0
Male,25 - 45,Asian,0,0,0,1.0,-10.0,F,arrest case no charge,0,0,,1,Medium,0
Male,Less than 25,Native American,0,0,1,5.0,-22.0,F,arrest case no charge,1,1,Battery,5,Medium,1
Male,Less than 25,Native American,0,0,2,1.0,-1.0,M,Battery,0,0,,1,Medium,0
Male,Less than 25,Other,0,0,0,3.0,-1.0,F,arrest case no charge,1,0,Resist/Obstruct W/O Violence,3,High,1
Male,Less than 25,African-American,1,0,1,1.0,-1.0,F,arrest case no charge,1,0,Burglary Unoccupied Dwelling,1,High,1
Male,25 - 45,African-American,0,0,0,0.0,0.0,F,Grand Theft in the 3rd Degree,0,0,,0,Low,0
Male,Less than 25,African-American,0,0,0,0.0,0.0,M,Criminal Mischief Damage <$200,1,0,Unlaw Use False Name/Identity,0,High,1
Male,Less than 25,Native American,0,0,0,2.0,0.0,F,Agg Fleeing and Eluding,0,0,,2,Low,0
Male,25 - 45,Hispanic,0,0,0,0.0,-1.0,F,arrest case no charge,0,0,,0,Low,0
Female,25 - 45,African-American,0,0,0,1.0,-1.0,F,arrest case no charge,0,0,,1,Low,0
Female,Less than 25,African-American,0,0,0,0.0,0.0,F,Unauth C/P/S Sounds>1000/Audio,1,0,Possession of Cannabis,0,Medium,1
Male,Greater than 45,African-American,0,0,0,6.0,-1.0,M,Battery,1,0,,6,Low,1
Male,Greater than 45,Hispanic,0,0,0,8.0,-1.0,M,Battery,1,0,Possession Of Heroin,8,Low,1
Male,25 - 45,Native American,0,0,0,0.0,-1.0,M,Assault,0,0,,0,Low,0
Male,25 - 45,Other,0,0,0,2.0,-1.0,F,Pos Cannabis W/Intent Sel/Del,0,0,,2,Medium,0
Female,25 - 45,Native American,0,0,0,1.0,-27.014571824806364,M,Petit Theft $100- $300,0,0,,1,Low,0
Male,Greater than 45,Asian,0,0,0,1.0,-1.0,M,Battery,1,1,Grand Theft (Motor Vehicle),1,Low,1
Female,Less than 25,Asian,0,0,0,4.0,-1.0,F,Obtain Control Substance By Fraud,1,0,,4,Low,1
Male,25 - 45,Hispanic,0,0,0,1.0,0.0,M,Battery,0,0,,1,Low,0
Male,25 - 45,Hispanic,0,0,0,12.893455617992954,0.0,F,Burglary Dwelling Occupied,1,0,Possession Of Heroin,12,High,1
Male,25 - 45,Caucasian,0,0,0,0.0,0.0,M,Possess Cannabis/20 Grams Or Less,1,0,Possession of Cannabis,0,Low,1
Male,Greater than 45,Caucasian,0,0,0,4.0,-26.0,M,Susp Drivers Lic 1st Offense,1,0,,4,Low,0
Male,25 - 45,African-American,0,1,0,6.0,0.0,F,Aggravated Battery / Pregnant,1,0,Possession Of Heroin,6,Medium,1
Male,Less than 25,African-American,0,0,0,0.0,-1.0,M,Battery,0,0,,0,Medium,0
Female,Greater than 45,Hispanic,0,0,0,2.0,-1.0,M,Viol Injunction Protect Dom Vi,1,0,Possession Of Heroin,2,Low,1
Male,Greater than 45,Hispanic,0,0,0,7.0,-1.0,F,Aggrav Battery w/Deadly Weapon,0,0,,7,Low,0
Female,25 - 45,African-American,0,0,0,3.0,-1.0,F,Pos Cannabis W/Intent Sel/Del,1,0,Resist/Obstruct W/O Violence,3,Low,1
Male,Greater than 45,African-American,0,0,0,1.0,0.0,M,Battery,1,1,Battery,1,Low,1
Female,Greater than 45,Caucasian,0,0,0,2.0,-3.0,F,arrest case no charge,0,0,,2,Low,0
Male,25 - 45,African-American,0,0,0,2.0,0.0,M,Battery,0,0,,2,Low,0
Male,Less than 25,Native American,0,2,0,3.0,-1.0,F,Fleeing or Eluding a LEO,1,0,Carrying Concealed Firearm,3,High,1
Male,25 - 45,Other,0,0,0,4.0,-4.0,F,Carry Open/Uncov Bev In Pub,1,0,Driving License Suspended,4,Medium,1
Male,Less than 25,Hispanic,1,0,1,1.0,-1.0,F,arrest case no charge,1,0,Unlaw LicTag/Sticker Attach,1,Medium,1
Female,Less than 25,Asian,0,0,0,0.0,-1.0,F,"Poss3,4 Methylenedioxymethcath",0,0,,0,Medium,1
Male,25 - 45,African-American,0,0,0,5.0,-1.0,M,Driving License Suspended,0,0,,5,Medium,0
Male,Greater than 45,Asian,0,0,0,1.0,-1.0,F,Possession of Cocaine,1,0,,1,Low,1
Female,Greater than 45,Caucasian,0,0,0,0.0,-3.0,M,Battery,0,0,,0,Low,0
Male,25 - 45,Other,0,0,0,0.0,-1.0,M,Battery,0,0,,0,Low,0
Male,25 - 45,Hispanic,0,0,0,2.0,-1.0,M,Battery,0,0,,2,Low,0
Female,Less than 25,Hispanic,0,0,0,2.0,0.0,M,Assault,0,0,,2,Medium,0
Female,Less than 25,Asian,0,1,0,3.0,-1.0,M,Battery,1,0,Possession Of Heroin,3,Medium,1
Male,25 - 45,Hispanic,0,0,0,1.0,-14.740276276991565,M,Possess Cannabis/20 Grams Or Less,0,0,,1,High,0
Male,25 - 45,Other,0,0,0,1.0,-1.0,F,Poss Pyrrolidinovalerophenone,1,0,,1,Medium,1
Male,25 - 45,Caucasian,0,0,0,2.0,-21.845254074031985,F,Possession Of Heroin,0,0,,2,Low,0
Male,25 - 45,African-American,0,0,0,3.0,-4.0,M,arrest case no charge,0,0,,3,Low,0
Male,25 - 45,Caucasian,0,0,0,4.0,-1.0,M,Battery,1,1,Viol Injunction Protect Dom Vi,4,Medium,1
Male,Less than 25,Asian,0,0,0,3.0,0.0,F,Criminal Mischief,1,0,,3,Medium,1
Male,25 - 45,Caucasian,0,0,0,7.0,-1.0,F,Felony Battery (Dom Strang),1,1,Battery,7,High,1
Male,Less than 25,African-American,0,1,1,4.0,-1.0,F,arrest case no charge,1,0,Unlaw Use False Name/Identity,4,High,1
Female,Less than 25,Caucasian,0,0,0,0.0,0.0,M,Possession of Cocaine,0,0,,0,Low,0
Male,Less than 25,Asian,0,0,1,1.0,-23.0,F,Possession of Morphine,0,0,,1,Low,0
Male,Less than 25,African-American,0,0,0,3.0,0.0,F,Tampering With Physical Evidence,0,0,,3,Medium,0
Male,Greater than 45,Other,0,0,0,1.0,-2.0,F,False Motor Veh Insurance Card,1,0,Driving License Suspended,1,Low,1
Male,25 - 45,Other,0,0,0,0.0,-1.0,M,Petit Theft,1,0,Unlaw Use False Name/Identity,0,Medium,1
Male,25 - 45,Asian,0,0,0,6.0,0.0,M,arrest case no charge,1,0,Driving License Suspended,6,High,1
Male,25 - 45,Hispanic,0,0,0,2.0,0.0,F,Agg Assault W/int Com Fel Dome,1,0,Driving License Suspended,2,Low,1
Male,25 - 45,Caucasian,0,0,0,0.0,-1.0,M,DUI Property Damage/Injury,0,0,,0,Low,0
Male,25 - 45,Hispanic,0,0,0,4.0,0.0,F,Possession Of Heroin,1,0,Resist/Obstruct W/O Violence,4,High,1
Male,Less than 25,Asian,0,0,0,0.0,-1.0,F,Burglary Conveyance Unoccup,0,0,,0,Medium,0
Female,Less than 25,Other,0,0,0,5.0,-1.0,F,Assault Law Enforcement Officer,0,0,,5,Medium,0
Male,Less than 25,Hispanic,0,0,1,2.0,-1.0,F,Attempt Armed Burglary Dwell,1,1,Throw Deadly Missile Into Veh,2,Medium,1
Female,Greater than 45,Caucasian,0,0,0,0.0,0.0,M,Battery,0,0,,0,Low,0
Male,Less than 25,African-American,0,0,0,0.0,-1.0,F,Burglary Unoccupied Dwelling,1,1,Viol Pretrial Release Dom Viol,0,Medium,1
Male,Less than 25,Hispanic,0,0,0,0.0,0.0,M,Battery,1,0,Unlaw Use False Name/Identity,0,Low,1
Male,Less than 25,African-American,0,0,0,1.0,-1.0,M,Battery,1,1,Battery,1,Low,1
Male,25 - 45,Caucasian,0,0,0,0.0,0.0,M,DUI Property Damage/Injury,0,0,,0,Low,0
Female,Greater than 45,Caucasian,0,0,0,0.0,-3.0,M,Battery,0,0,,0,Low,0
Male,25 - 45,Hispanic,0,0,0,3.0,22.594969541835546,M,Crim Use of Personal ID Info,1,0,Resist/Obstruct W/O Violence,3,Low,1
Male,Greater than 45,Caucasian,0,0,0,0.0,-1.0,F,Aggrav Battery w/Deadly Weapon,0,0,,0,Low,0
Male,25 - 45,Asian,0,0,0,1.0,-1.0,F,DWLS Susp/Cancel Revoked,0,0,,1,Low,0
Female,25 - 45,African-American,0,0,0,4.0,-1.0,F,Felony Battery,1,1,Resist/Obstruct W/O Violence,4,High,1
Female,25 - 45,African-American,0,0,0,1.0,-23.0,M,Battery,0,0,,1,Low,0
Female,Less than 25,Native American,0,0,0,0.0,-1.0,M,Battery,1,1,Grand Theft In The 3Rd Degree,0,Low,0
Male,25 - 45,Native American,0,0,0,0.0,0.0,M,DUI Property Damage/Injury,0,0,,0,Low,0
Female,25 - 45,Other,0,0,0,0.0,-1.0,M,Battery,0,0,,0,Low,0
Female,25 - 45,Caucasian,0,0,0,0.0,-1.0,M,Battery,0,0,,0,High,0
Male,25 - 45,Asian,0,0,0,2.0,-1.0,F,Grand Theft in the 3rd Degree,1,1,Battery,2,Medium,1
Male,25 - 45,Native American,0,0,0,0.0,-1.0,M,Disorderly Conduct,1,0,Driving License Suspended,0,Low,1
Male,Greater than 45,Hispanic,0,0,0,4.0,-1.0,F,Lewd Act Presence Child 16-,1,1,Throw Deadly Missile Into Veh,4,Low,1
Male,25 - 45,Other,0,0,0,4.0,-1.0,F,Child Abuse,0,0,,4,Medium,0
Male,Less than 25,Hispanic,0,0,0,2.0,-1.0,F,arrest case no charge,0,0,,2,Medium,0
Male,25 - 45,African-American,0,0,0,1.0,0.0,F,Introduce Contraband Into Jail,0,0,,1,High,0
Male,25 - 45,Caucasian,0,0,0,2.0,-1.0,M,Battery,0,0,,2,Low,0
Female,25 - 45,Caucasian,0,0,0,8.0,-1.0,F,Poss Pyrrolidinovalerophenone,1,0,Resist/Obstruct W/O Violence,8,Medium,1
Female,Less than 25,Native American,0,0,0,2.0,0.0,M,False Motor Veh Insurance Card,0,0,,2,Medium,0
Male,Less than 25,African-American,0,0,0,0.0,-1.0,F,Possession of Cocaine,1,0,Resist/Obstruct W/O Violence,0,Medium,0
Female,25 - 45,African-American,0,0,0,5.0,-1.0,F,Alcoholic Beverage Violation-FL,0,0,Resist/Obstruct W/O Violence,5,High,1
Male,Greater than 45,Caucasian,0,0,0,7.0,0.0,F,Felony DUI (level 3),0,0,,7,High,0
Male,25 - 45,Hispanic,0,0,0,0.0,0.0,M,Battery,0,0,,0,Low,0
Male,25 - 45,African-American,0,0,0,0.0,-1.0,M,Battery,1,1,Aggravated Battery / Pregnant,0,Low,1
Male,Greater than 45,Native American,0,0,0,0.0,-1.0,M,Battery,0,0,,0,Low,0
Male,Greater than 45,Hispanic,0,0,0,0.0,-1.0,F,Grand Theft in the 3rd Degree,0,0,,0,Low,0
Female,25 - 45,Caucasian,0,0,0,1.0,-30.0,M,Battery,0,0,,1,Medium,1
Male,Less than 25,Asian,0,0,0,3.0,-1.0,F,Introduce Contraband Into Jail,0,0,,3,High,0
Male,25 - 45,Other,0,0,0,2.0,-1.0,M,arrest case no charge,1,0,,2,Low,1
Male,25 - 45,Caucasian,0,0,0,3.0,-1.0,F,Possession of Cocaine,1,0,Driving License Suspended,3,Low,1
Male,25 - 45,Other,0,0,0,2.0,0.0,F,Driving While License Revoked,1,0,Driving License Suspended,2,Medium,1
Male,Greater than 45,Caucasian,0,0,0,0.0,0.0,M,Burglary With Assault/battery,0,0,,0,Low,0
Male,25 - 45,Hispanic,0,0,0,1.0,-1.0,M,Battery,0,0,,1,Low,0
Male,25 - 45,Hispanic,0,0,0,1.0,-1.0,F,Grand Theft in the 3rd Degree,1,0,,1,Low,1
Male,Less than 25,Asian,0,0,0,0.0,-1.0,F,Burglary Unoccupied Dwelling,1,1,Grand Theft (Motor Vehicle),0,High,1
Male,25 - 45,Caucasian,0,0,0,1.0,0.0,F,arrest case no charge,1,1,Tampering With Physical Evidence,1,Low,1
Male,Less than 25,African-American,0,0,0,0.0,-1.0,F,Burglary Unoccupied Dwelling,0,0,,0,Low,0
Female,Greater than 45,Asian,0,0,0,0.0,-1.0,M,Battery,0,0,,0,Low,0
Male,25 - 45,Hispanic,0,0,0,1.0,-1.0,M,Battery,0,0,,1,Low,0
Male,Less than 25,Native American,0,0,0,0.0,-2.0,F,Grand Theft in the 3rd Degree,1,1,Felony Petit Theft,0,Low,0
Male,Greater than 45,Other,0,0,0,2.0,-1.0,F,Grand Theft in the 3rd Degree,0,0,,2,Low,0
Male,Greater than 45,Asian,0,0,0,1.0,-23.0,M,Agg Fleeing and Eluding,0,0,,1,Low,0
Male,25 - 45,Other,0,0,0,4.0,-1.0,M,Reckless Driving,1,1,Viol Pretrial Release Dom Viol,4,High,1
Male,Greater than 45,Hispanic,0,0,0,3.0,-2.0,F,Driving While License Revoked,0,0,,3,Low,0
Male,25 - 45,Native American,0,0,0,7.0,-1.0,M,Exposes Culpable Negligence,0,0,,7,Low,0
Male,25 - 45,African-American,0,0,1,5.0,-1.0,F,Attempt Armed Burglary Dwell,1,0,,5,High,1
Male,25 - 45,Other,3,0,0,16.0,-1.0,F,Driving While License Revoked,1,0,DUI- Enhanced,16,High,1
Male,Greater than 45,Asian,0,0,0,0.0,-1.0,F,Aggravated Assault W/dead Weap,0,0,,0,Low,0
Male,25 - 45,Hispanic,0,0,0,7.0,0.0,F,arrest case no charge,0,0,,7,Medium,0
Male,Greater than 45,Other,0,0,0,1.0,-18.410809480810663,M,Battery,1,1,Tampering With Physical Evidence,1,Medium,1
Male,Greater than 45,Caucasian,0,0,0,0.0,0.0,F,Felony Battery (Dom Strang),0,0,,0,Low,0
Male,Greater than 45,African-American,0,0,0,17.0,-1.0,F,Possession of Cocaine,1,0,Resist/Obstruct W/O Violence,16,High,1
Male,25 - 45,Caucasian,0,0,0,0.0,-1.0,M,DUI Property Damage/Injury,0,0,,0,Low,0
Female,25 - 45,Asian,0,0,0,1.0,-1.0,F,Possession of Cocaine,0,0,,1,Low,0
Male,Greater than 45,Asian,0,0,0,0.0,0.0,M,Carrying Concealed Firearm,0,0,,0,Low,0
Male,Greater than 45,Caucasian,0,0,0,0.0,0.0,M,Battery,0,0,,0,Low,0
Female,Less than 25,African-American,0,0,0,1.0,-1.0,F,Possess Controlled Substance,0,0,,1,Low,0
Female,25 - 45,Hispanic,0,0,0,4.0,0.0,F,"Poss3,4 Methylenedioxymethcath",0,0,,4,Low,0
Male,Less than 25,African-American,0,0,0,3.0,0.0,M,Battery,1,0,Driving License Suspended,3,Medium,1
Male,25 - 45,Asian,0,0,1,3.0,-1.0,M,Battery,0,0,,3,Medium,0
Male,25 - 45,African-American,0,0,0,0.0,-3.0,F,Carrying Concealed Firearm,0,0,,0,Low,0
Male,Greater than 45,African-American,0,0,0,0.0,-1.0,F,Felony Battery (Dom Strang),0,0,,0,Low,0
Male,25 - 45,Hispanic,0,0,0,0.0,-1.0,F,Tamper With Witness/Victim/CI,1,1,Battery,0,Low,1
Male,25 - 45,Native American,0,0,0,4.0,-1.0,F,Tampering With Physical Evidence,1,0,Possession Of Heroin,4,High,1
Male,25 - 45,Other,1,0,0,11.0,-1.0,F,arrest case no charge,1,0,,11,High,1
Male,25 - 45,Other,0,0,0,0.0,-1.0,F,Child Abuse,0,0,,0,Low,0
Male,Less than 25,Native American,0,0,0,0.0,0.0,M,Possess Cannabis/20 Grams Or Less,0,0,,0,Medium,0
Male,Less than 25,African-American,0,0,0,0.0,-3.0,F,Battery on Law Enforc Officer,0,0,,0,Low,0
Female,Less than 25,Other,0,0,0,0.0,-1.0,M,Tampering With Physical Evidence,0,0,,0,Medium,0
Male,25 - 45,Hispanic,0,0,0,0.0,-1.0,M,Shoot Into Vehicle,0,0,,0,Low,0
Female,25 - 45,Native American,2,0,0,4.0,-1.0,M,Battery,1,1,Felony Petit Theft,4,Medium,1
Male,Less than 25,Caucasian,0,1,0,1.0,-1.0,M,Battery,0,0,,1,Low,0
Male,25 - 45,Other,0,0,0,0.0,-1.0,M,Battery,0,0,,0,Low,0
Male,Greater than 45,Asian,0,0,0,3.0,-1.0,F,arrest case no charge,0,0,,3,Low,0
Male,Less than 25,Native American,0,2,0,3.0,-1.0,F,Grand Theft in the 3rd Degree,1,0,Possession of Cannabis,3,Low,1
Male,25 - 45,Asian,0,0,0,1.0,-1.0,F,Reckless Driving,1,0,Resist/Obstruct W/O Violence,1,Low,1
Male,25 - 45,Asian,0,0,0,3.0,-1.0,M,Battery,1,0,Possession Of Heroin,3,Low,1
Male,Less than 25,Native American,0,0,0,0.0,0.0,F,"Poss3,4 Methylenedioxymethcath",0,0,,0,Medium,0
Male,25 - 45,Native American,0,0,0,7.0,-23.505114681419773,F,Resist Officer w/Violence,1,1,Battery,7,Low,1
Male,Less than 25,Other,0,0,0,1.0,-1.0,F,False Ownership Info/Pawn Item,1,0,,1,Medium,1
Male,25 - 45,Caucasian,0,0,0,1.0,-4.0,M,arrest case no charge,1,0,Driving License Suspended,1,Low,1
Male,Less than 25,Other,0,0,0,1.0,-1.0,M,Lve/Scen/Acc/Veh/Prop/Damage,1,0,Driving License Suspended,1,Medium,1
Male,Greater than 45,Hispanic,0,0,0,1.0,-1.0,F,arrest case no charge,0,0,,1,Low,0
Female,Less than 25,Caucasian,0,0,1,2.0,-2.0,F,Possession of Hydrocodone,0,0,,2,High,0
Male,25 - 45,Hispanic,0,0,0,3.0,0.0,F,Driving While License Revoked,0,0,,3,Low,0
Male,25 - 45,African-American,0,0,0,1.0,0.0,F,"Poss 3,4 MDMA (Ecstasy)",1,0,Resist/Obstruct W/O Violence,1,Low,1
Male,Greater than 45,Other,0,0,0,1.0,-1.0,F,arrest case no charge,0,0,,1,Low,0
Male,25 - 45,Caucasian,0,0,0,2.0,-1.0,F,arrest case no charge,0,0,,2,Low,0
Male,25 - 45,Hispanic,0,0,0,0.0,-1.0,M,Battery,0,0,,0,Low,0
Male,Greater than 45,Native American,0,0,0,11.0,20.34670329665593,F,Possession of Cocaine,1,0,Driving License Suspended,11,High,1
Male,25 - 45,Hispanic,0,0,0,0.0,0.0,M,Viol Pretrial Release Dom Viol,0,0,,0,Low,0
Male,Less than 25,African-American,0,0,0,1.0,-1.0,F,Uttering a Forged Instrument,0,0,,1,High,0
Male,Less than 25,Other,0,0,0,7.0,-1.0,F,Aggravated Battery / Pregnant,1,0,Resist/Obstruct W/O Violence,7,High,1
Male,25 - 45,African-American,0,0,0,0.0,0.0,M,Battery,0,0,,0,Low,0
Male,25 - 45,Hispanic,0,0,1,7.0,-1.0,M,Battery,1,1,Aggrav Battery w/Deadly Weapon,7,Medium,1
Female,25 - 45,Caucasian,0,0,0,2.0,0.0,M,Battery,1,1,Viol Injunction Protect Dom Vi,2,Low,1
Male,Less than 25,African-American,0,0,0,0.0,0.0,F,Resist Officer w/Violence,1,0,,0,Medium,1
Male,25 - 45,Caucasian,0,0,0,2.0,-29.0,F,arrest case no charge,0,0,,2,Medium,0
Male,25 - 45,African-American,0,0,0,0.0,-1.0,F,Aggravated Assault w/Firearm,0,0,,0,Low,0
Male,Greater than 45,Hispanic,0,0,0,1.0,-8.0,F,Child Abuse,0,0,,1,Low,0
Male,25 - 45,Other,0,0,0,1.0,-1.0,M,Reckless Driving,1,1,Battery,1,Low,1
Male,25 - 45,African-American,0,0,0,8.0,-1.0,F,Tampering With Physical Evidence,0,0,,9,Medium,0
Male,Less than 25,African-American,0,0,0,6.0,-1.0,F,arrest case no charge,0,0,,6,High,0
Female,25 - 45,Caucasian,0,0,0,0.0,-1.0,F,Aggrav Battery w/Deadly Weapon,0,0,,0,Medium,0
Male,Greater than 45,Other,0,0,0,0.0,-1.0,M,Viol Injunct Domestic Violence,0,0,,0,Low,0
Male,25 - 45,African-American,0,0,0,2.0,-1.0,F,Driving While License Revoked,0,0,,2,Low,1
Male,25 - 45,African-American,0,0,0,1.0,0.0,M,Opert With Susp DL 2nd Offens,1,0,,1,Low,1
Male,25 - 45,African-American,0,0,0,4.0,-1.0,F,Burglary Unoccupied Dwelling,1,0,Driving License Suspended,4,Low,0
Male,Less than 25,African-American,0,0,0,3.0,-1.0,M,arrest case no charge,0,0,,3,High,0
Male,25 - 45,African-American,0,0,0,8.0,-1.0,M,Battery,1,1,Aggrav Battery w/Deadly Weapon,8,High,1
Male,25 - 45,Hispanic,2,0,1,15.0,-1.0,F,Possession of Cocaine,1,0,Petit Theft $100- $300,15,High,1
Female,Less than 25,Asian,0,0,0,0.0,0.0,F,Robbery / No Weapon,0,0,,0,Medium,0
Male,Greater than 45,Asian,0,0,0,0.0,-1.0,M,Battery,0,0,,0,Low,0
Female,Less than 25,Caucasian,0,0,0,0.0,-1.0,F,Possession of Cocaine,0,0,,0,Low,0
Male,Less than 25,Caucasian,0,0,0,0.0,0.0,F,Possession of Cocaine,1,1,Battery,0,Medium,0
Male,Less than 25,Hispanic,0,0,0,3.0,-1.0,F,Burglary Conveyance Unoccup,1,0,Possession Of Heroin,3,Medium,1
Male,Less than 25,African-American,0,0,0,1.0,-1.0,F,Possession Burglary Tools,1,0,Driving License Suspended,1,Medium,1
Female,Less than 25,Asian,0,0,0,0.0,-1.0,F,Aggrav Battery w/Deadly Weapon,0,0,Possession of Cocaine,0,Medium,0
Male,25 - 45,African-American,0,0,0,8.0,0.0,F,arrest case no charge,0,0,,8,Medium,0
Male,Greater than 45,Other,0,0,0,0.0,-1.0,M,Fabricating Physical Evidence,0,0,,0,Low,0
Female,25 - 45,African-American,0,0,0,5.0,0.0,M,Susp Drivers Lic 1st Offense,1,0,Resist/Obstruct W/O Violence,5,High,1
Male,25 - 45,African-American,0,0,0,2.0,-4.0,M,Disorderly Conduct,0,0,,2,Low,0
Male,Greater than 45,Caucasian,0,0,0,1.0,-1.0,F,arrest case no charge,0,0,,1,Low,0
Female,25 - 45,Caucasian,0,0,0,0.0,-3.0,F,Child Abuse,0,0,,0,Low,0
Male,Greater than 45,Caucasian,0,0,0,2.0,-1.0,F,arrest case no charge,1,0,Possession Of Heroin,2,Medium,1
Female,25 - 45,Hispanic,0,0,0,1.0,-5.936303161473333,M,Battery,0,0,,1,Low,0
Male,Less than 25,Other,0,0,0,0.0,-1.0,F,Grand Theft (Motor Vehicle),0,0,,0,High,0
Male,Greater than 45,African-American,0,0,0,4.0,-1.0,F,Felony Driving While Lic Suspd,1,0,Possession Of Heroin,4,Low,1
Male,25 - 45,Native American,0,0,0,0.0,-1.0,F,Purchase Cannabis,1,0,Possession of Cannabis,0,Low,1
Female,Greater than 45,Caucasian,0,0,0,0.0,0.0,M,Burglary Conveyance Occupied,0,0,,0,Low,0
Female,25 - 45,Hispanic,0,0,0,2.0,-8.0,F,arrest case no charge,0,0,,2,Low,0
Male,Greater than 45,African-American,0,0,0,0.0,0.0,M,Burglary With Assault/battery,0,0,,0,Low,0
Male,Less than 25,African-American,0,0,0,2.0,-1.0,F,"Poss3,4 Methylenedioxymethcath",1,0,Resist/Obstruct W/O Violence,2,High,1
Female,Greater than 45,Other,0,0,0,0.0,-1.0,F,Tampering With Physical Evidence,1,1,Battery,0,Medium,1
Male,25 - 45,African-American,0,0,0,4.0,-1.0,F,Aggravated Assault w/Firearm,1,0,,4,Medium,1
Male,Greater than 45,Native American,0,0,0,17.124078662148346,-1.0,M,Unlaw Use False Name/Identity,1,0,,17,Medium,1
Male,25 - 45,Hispanic,0,0,0,1.0,0.0,M,Susp Drivers Lic 1st Offense,0,0,,1,Low,0
Male,Less than 25,Native American,0,0,0,1.0,-1.0,F,Pos Cannabis W/Intent Sel/Del,0,0,,1,Low,0
Male,Less than 25,Asian,0,0,0,0.0,-1.0,F,Burglary Structure Unoccup,0,0,,0,Low,0
Male,25 - 45,African-American,0,0,0,4.0,-1.0,M,Battery,1,1,Battery,4,Low,1
Male,Less than 25,African-American,0,0,0,0.0,-2.0,M,Possess Drug Paraphernalia,1,0,Possession Of Heroin,0,Low,1
Male,25 - 45,Caucasian,0,0,0,0.0,0.0,F,Possession of Cocaine,1,0,Resist/Obstruct W/O Violence,0,Medium,1
Male,25 - 45,Native American,1,0,0,14.101503308624505,-1.0,F,arrest case no charge,0,0,,15,High,0
Female,25 - 45,Hispanic,0,0,0,2.0,-1.0,M,Battery,0,0,,2,Low,0
Male,25 - 45,Other,0,0,0,1.0,-1.0,M,Possess Cannabis/20 Grams Or Less,1,0,Driving License Suspended,1,Low,1
Male,25 - 45,Native American,0,0,0,11.0,-1.0,F,arrest case no charge,1,0,Possession Of Heroin,11,Medium,1
Female,25 - 45,African-American,0,0,0,3.0,-23.100915049471592,M,arrest case no charge,1,0,,3,High,0
Male,25 - 45,African-American,0,0,0,0.0,-1.0,F,Possession of Cocaine,1,1,Stalking (Aggravated),0,Low,1
Male,Less than 25,Other,0,0,0,3.0,-1.0,M,Lewd Act Presence Child 16-,1,1,Robbery W/Firearm,3,High,1
Male,25 - 45,African-American,0,0,0,3.0,-1.0,M,Battery,1,1,Poss Pyrrolidinovalerophenone,3,Medium,1
Male,Greater than 45,Asian,0,0,0,6.0,-1.0,F,Felony Battery,0,0,,7,Low,0
Male,Greater than 45,Asian,0,0,0,2.0,-1.0,F,arrest case no charge,0,0,,2,High,0
Male,25 - 45,Hispanic,0,0,0,7.0,-1.0,F,arrest case no charge,1,0,,7,High,1
Female,Greater than 45,Other,0,0,0,7.0,-1.0,F,Possession of Cocaine,0,0,,7,Low,0
Male,25 - 45,Native American,0,0,0,2.0,-1.0,M,Criminal Mischief,1,0,Resist/Obstruct W/O Violence,2,Medium,1
Male,25 - 45,African-American,0,0,0,2.0,-1.0,M,arrest case no charge,0,0,,2,Medium,0
Male,25 - 45,Native American,0,0,0,0.0,-1.0,F,Grand Theft in the 3rd Degree,0,0,,0,Low,0
Male,25 - 45,Other,0,0,0,1.0,-12.736495581406249,F,arrest case no charge,0,0,,1,Low,0
Male,25 - 45,African-American,0,0,0,2.0,-1.0,F,Aggravated Battery / Pregnant,1,0,Possession Of Heroin,2,Medium,1
Male,25 - 45,African-American,0,0,0,4.0,-1.0,M,Battery,1,1,Battery,4,Medium,1
Male,Greater than 45,Caucasian,0,0,0,1.0,0.0,M,Sel/Pur/Mfr/Del Control Substa,1,0,Resist/Obstruct W/O Violence,1,Low,1
Male,25 - 45,Other,0,0,0,0.0,-1.0,F,Burglary Dwelling Occupied,0,0,,0,Low,0
Male,25 - 45,Native American,0,0,0,6.0,-1.0,F,Resist Officer w/Violence,1,0,Driving License Suspended,6,High,1
Male,25 - 45,Asian,1,2,0,9.0,-1.0,F,Tampering With Physical Evidence,1,0,Driving License Suspended,8,High,1
Male,25 - 45,Native American,0,0,0,4.0,-1.0,F,Tampering With Physical Evidence,1,1,Tampering With Physical Evidence,4,High,1
Male,25 - 45,Caucasian,0,0,0,3.0,-1.0,M,Battery,1,0,,3,Medium,1
Male,25 - 45,Caucasian,0,0,0,2.0,-1.0,F,Possession of Cocaine,0,0,,2,Low,0
Male,Less than 25,African-American,0,0,0,0.0,0.0,M,Battery,1,0,Possession Of Heroin,0,Medium,1
Female,Greater than 45,Caucasian,0,0,0,1.0,-4.0,M,Leave Acc/Attend Veh/More $50,0,0,,1,Low,0
Male,Less than 25,African-American,0,0,0,2.0,-1.0,M,Petit Theft $100- $300,0,0,,2,Low,0
Male,25 - 45,Native American,0,0,0,5.0,-1.0,F,Grand Theft in the 3rd Degree,0,0,,5,High,0
Male,Less than 25,Other,0,0,0,0.0,-1.0,M,Battery,0,0,,0,Medium,0
Male,25 - 45,Asian,0,0,0,0.0,-2.0,M,Delivery of Heroin,0,0,,0,Medium,0
Male,Less than 25,Native American,0,0,0,0.0,-1.0,F,Grand Theft in the 3rd Degree,1,0,Resist/Obstruct W/O Violence,0,Medium,1
Male,25 - 45,African-American,0,0,0,0.0,0.0,F,Crim Use of Personal ID Info,0,0,,0,Low,0
Male,Greater than 45,Hispanic,0,0,0,2.0,-1.0,F,arrest case no charge,0,0,,2,Low,0
Male,25 - 45,African-American,0,0,0,10.0,-1.0,F,Possession of Cocaine,1,0,Possession Of Heroin,11,Medium,1
Male,25 - 45,Caucasian,0,0,0,0.0,0.0,F,Grand Theft (Motor Vehicle),1,0,Resist/Obstruct W/O Violence,0,Low,1
Male,Greater than 45,Other,0,0,0,1.0,0.0,F,Possession of Cocaine,0,0,,1,Medium,0
Male,Less than 25,African-American,0,0,0,0.0,-1.0,M,Battery,0,0,,0,High,0
Male,Greater than 45,Hispanic,0,0,0,4.0,-1.0,F,Driving While License Revoked,0,0,,4,Low,0
Male,25 - 45,Caucasian,0,0,0,0.0,0.0,F,Felony Battery (Dom Strang),0,0,,0,Low,0
Male,25 - 45,Asian,0,0,0,0.0,-1.0,F,Felony Battery (Dom Strang),0,0,,0,Low,0
Male,Less than 25,Other,0,0,0,1.0,-1.0,F,Fleeing or Eluding a LEO,0,0,,1,Medium,0
Male,Less than 25,Native American,0,0,1,4.0,-11.422936378642415,M,Possess Cannabis/20 Grams Or Less,1,0,Possession Of Heroin,4,High,1
Male,25 - 45,African-American,0,1,0,3.0,-1.0,M,Battery,1,0,Possession of Cannabis,3,High,1
Male,Greater than 45,Hispanic,0,0,0,0.0,-1.0,F,Felony Driving While Lic Suspd,0,0,,0,Low,0
Male,25 - 45,Asian,0,0,0,1.0,0.0,M,Driving License Suspended,1,0,Driving License Suspended,1,Low,1
Male,Less than 25,Caucasian,0,0,0,0.0,-1.0,F,Possession of Cocaine,0,0,,0,Medium,0
Female,25 - 45,Caucasian,0,0,0,0.0,0.0,F,Possession of Cocaine,0,0,,0,Low,0
Male,Greater than 45,Caucasian,0,0,0,2.0,-1.0,F,arrest case no charge,0,0,,2,Low,0
Male,25 - 45,Hispanic,0,0,0,2.0,-1.0,F,Aggrav Battery w/Deadly Weapon,1,1,Carrying A Concealed Weapon,2,High,1
Male,Less than 25,Other,0,0,0,2.0,-1.0,F,False Motor Veh Insurance Card,1,0,Resist/Obstruct W/O Violence,2,Low,1
Male,Less than 25,African-American,0,0,0,0.0,-1.0,F,Possession of Cocaine,1,1,Stalking (Aggravated),0,Medium,1
Male,Less than 25,African-American,4,0,0,5.0,-1.0,F,Burglary Conveyance Unoccup,1,0,DUI- Enhanced,5,High,1
Female,25 - 45,Caucasian,0,0,0,9.0,21.892369475485005,F,Possession of Cocaine,1,1,Battery,9,High,1
Male,25 - 45,Other,0,0,1,8.0,-1.0,F,Aggravated Battery / Pregnant,0,0,,8,Low,0
Male,25 - 45,Native American,0,0,0,4.0,0.0,F,Aggrav Battery w/Deadly Weapon,1,0,,4,Low,0
Male,25 - 45,African-American,0,0,0,3.0,0.0,M,Carrying Concealed Firearm,0,0,,3,Low,0
Male,Less than 25,African-American,0,0,0,1.0,-1.0,M,Assault Law Enforcement Officer,1,0,Resist/Obstruct W/O Violence,1,High,1
Male,Greater than 45,Caucasian,0,0,0,0.0,-4.0,M,Possession of Codeine,1,0,Possession Of Heroin,0,Low,1
Male,Greater than 45,Asian,0,0,0,1.0,-1.0,F,Possession of Cocaine,0,0,,1,Low,0
Male,Less than 25,Asian,0,0,0,1.0,0.0,F,Pos Cannabis W/Intent Sel/Del,1,0,,1,High,1
Male,25 - 45,Asian,0,0,0,2.0,0.0,M,Resist/Obstruct W/O Violence,1,0,Resist/Obstruct W/O Violence,2,Low,1
Male,Less than 25,Other,0,0,0,1.0,0.0,F,Burglary Unoccupied Dwelling,1,0,Possession Of Heroin,1,Medium,1
Male,25 - 45,African-American,0,0,0,7.0,-1.0,F,Burglary Structure Unoccup,1,0,,7,High,1
Male,Greater than 45,Other,0,0,0,0.0,-1.0,F,Grand Theft in the 3rd Degree,1,0,Resist/Obstruct W/O Violence,0,Low,1
Male,25 - 45,African-American,0,0,0,8.251919097980457,-1.0,M,Petit Theft,1,1,Aggravated Battery / Pregnant,9,Low,1
Male,25 - 45,Hispanic,0,0,0,0.0,-1.0,F,Burglary Unoccupied Dwelling,0,0,,0,Low,0
Male,25 - 45,Hispanic,0,0,0,1.0,0.0,F,Burglary Dwelling Occupied,1,0,,1,Low,1
Female,Less than 25,Other,0,0,0,0.0,-1.0,M,Battery,0,0,,0,Low,0
Male,25 - 45,African-American,0,0,0,4.0,0.0,F,Battery on a Person Over 65,1,0,,4,Medium,1
Male,25 - 45,Hispanic,0,0,0,0.0,-1.0,M,Battery,0,0,,0,High,0
Male,25 - 45,Other,0,0,0,3.0,0.0,M,Susp Drivers Lic 1st Offense,0,0,,3,Low,0
Male,25 - 45,Hispanic,0,0,0,2.0,0.0,M,Poss Of RX Without RX,0,0,,2,Low,0
Male,25 - 45,Other,0,0,0,2.0,-1.0,F,Unauth C/P/S Sounds>1000/Audio,0,0,,2,Low,0
Male,25 - 45,Hispanic,0,0,0,6.0,-1.0,F,Possession of Oxycodone,0,0,,6,Low,0
Female,25 - 45,Native American,0,0,0,1.0,-23.0,M,DUI Property Damage/Injury,0,0,,1,Low,0
Male,25 - 45,African-American,1,0,0,10.995601108610366,-1.0,F,arrest case no charge,1,1,Viol Pretrial Release Dom Viol,9,High,1
Male,Greater than 45,Hispanic,0,0,0,7.0,-1.0,F,arrest case no charge,1,0,Driving License Suspended,7,Medium,1
Male,25 - 45,Asian,0,0,0,6.0,-1.0,F,arrest case no charge,0,0,,6,Medium,0
Male,25 - 45,Asian,1,0,0,2.0,-1.0,F,Possession of Cocaine,0,0,,2,High,0
Male,Less than 25,Caucasian,0,0,1,0.0,-1.0,M,Battery,1,1,Battery,0,Low,1
Male,25 - 45,Native American,0,0,0,0.0,-1.0,M,Battery,0,0,,0,Low,0
Male,25 - 45,Native American,0,1,0,10.0,0.0,F,Driving While License Revoked,1,1,Grand Theft (Motor Vehicle),9,High,1
Female,25 - 45,Caucasian,0,0,0,4.0,-1.0,F,arrest case no charge,0,0,,4,Medium,0
Male,Less than 25,African-American,0,0,0,0.0,-2.0,F,Burglary Conveyance Armed,0,0,,0,Low,0
Male,25 - 45,Other,0,0,0,3.0,-1.0,M,Susp Drivers Lic 1st Offense,0,0,,3,Low,0
Male,Less than 25,African-American,0,1,0,4.0,-1.0,M,Battery,1,1,Robbery / No Weapon,4,Medium,1
Female,25 - 45,African-American,0,0,0,1.0,-1.0,F,Voyeurism,1,1,Resist/Obstruct W/O Violence,1,Low,1
Male,Less than 25,African-American,0,0,0,14.0,-1.0,F,Reckless Driving,1,0,,13,Medium,1
Female,25 - 45,Native American,0,0,0,0.0,-1.0,M,Possess Cannabis/20 Grams Or Less,0,0,,0,Low,0
Male,Greater than 45,Hispanic,0,0,0,0.0,0.0,M,Battery,0,0,,0,Medium,0
Male,25 - 45,Asian,0,0,0,3.0,-1.0,F,Possession of Cocaine,0,0,,3,Low,0
Male,25 - 45,Native American,3,0,0,12.0,-1.0,M,arrest case no charge,0,0,,12,High,0
Male,25 - 45,Caucasian,0,0,0,0.0,-1.0,F,Burglary Unoccupied Dwelling,1,0,Unlaw Use False Name/Identity,0,High,1
Male,Less than 25,African-American,0,0,0,2.0,-1.0,F,Burglary Dwelling Occupied,1,0,Driving License Suspended,2,High,1
Male,25 - 45,Caucasian,0,0,0,6.0,-1.0,M,Battery,0,0,,6,Medium,1
Male,Greater than 45,African-American,0,0,0,7.0,-1.0,M,Disorderly Conduct,1,0,Driving License Suspended,7,Low,1
Male,Greater than 45,Native American,0,0,0,8.0,-1.0,F,arrest case no charge,1,1,Robbery / No Weapon,8,Medium,1
Male,Greater than 45,Other,0,0,2,3.0,0.0,F,Possession of Cocaine,0,0,,3,Low,0
Female,Less than 25,Caucasian,0,0,0,0.0,-2.0,F,Introduce Contraband Into Jail,0,0,Driving License Suspended,0,Low,0
Female,25 - 45,Hispanic,0,0,0,1.0,-1.0,F,Grand Theft in the 3rd Degree,0,0,,1,Low,0
Male,25 - 45,Caucasian,0,0,0,1.0,-20.0,F,arrest case no charge,1,0,,1,Low,1
Male,Less than 25,Asian,0,0,0,0.0,-3.0,M,Battery on Law Enforc Officer,0,0,,0,Low,0
Male,25 - 45,Caucasian,0,0,0,1.0,-1.0,M,Battery,0,0,,1,Low,0
Male,25 - 45,Hispanic,0,0,0,0.0,-4.0,M,Battery,1,0,Possession of Cocaine,0,Low,1
Male,Less than 25,African-American,0,0,0,0.0,-1.0,F,Pos Cannabis W/Intent Sel/Del,1,0,,0,Low,1
Male,Less than 25,African-American,0,1,0,1.0,-1.0,F,Possession of Cocaine,0,0,,1,Medium,0
Male,Less than 25,African-American,0,0,0,1.0,0.0,F,Robbery Sudd Snatch No Weapon,1,0,Driving License Suspended,1,High,1
Male,Greater than 45,Caucasian,0,0,0,3.0,-13.66067086142861,F,Driving While License Revoked,1,0,Driving License Suspended,3,Low,1
Female,25 - 45,Asian,0,0,0,1.0,-10.0,F,Child Abuse,0,0,,1,Low,0
Male,Greater than 45,African-American,0,0,0,1.0,-1.0,M,Battery,0,0,,1,Low,0
Male,Greater than 45,Native American,0,0,0,18.12591357264461,-1.0,F,Possession of Cocaine,0,0,,18,Medium,0
Male,Greater than 45,Caucasian,0,0,0,1.0,0.0,F,Corrupt Public Servant,0,0,,1,Low,0
Male,Greater than 45,Other,0,0,0,3.0,-1.0,M,Battery,0,0,,3,Low,0
Male,25 - 45,Native American,0,0,0,3.0,-1.0,M,Battery,1,0,Driving License Suspended,3,Low,1
Male,Less than 25,Hispanic,0,0,0,0.0,-1.0,M,Possess Cannabis/20 Grams Or Less,0,0,,0,Medium,0
Female,25 - 45,Other,0,0,0,0.0,-1.0,F,Burglary With Assault/battery,0,0,,0,Low,0
Male,25 - 45,African-American,0,0,0,0.0,-1.0,M,Battery,0,0,Possession of Cocaine,0,Low,0
Male,Greater than 45,Other,0,0,0,1.0,0.0,F,Felony Battery (Dom Strang),0,0,,1,Low,0
Female,Greater than 45,Hispanic,0,0,0,0.0,0.0,F,Aggravated Battery / Pregnant,0,0,,0,Low,0
Female,25 - 45,Caucasian,0,0,0,1.0,-2.0,M,Fabricating Physical Evidence,1,0,,1,Medium,1
Male,Greater than 45,Caucasian,0,0,0,11.0,-1.0,F,Driving While License Revoked,0,0,,10,Low,0
Male,25 - 45,Asian,0,0,0,0.0,-1.0,F,Grand Theft in the 3rd Degree,0,0,,0,High,0
Male,Less than 25,Hispanic,0,2,1,3.0,-1.0,M,Battery,1,0,Unlaw LicTag/Sticker Attach,3,Low,1
Male,25 - 45,Hispanic,0,0,0,0.0,-1.0,M,Battery,0,0,,0,Low,0
Male,Greater than 45,Other,0,0,0,0.0,-1.0,F,Sex Battery Deft 18+/Vict 11-,0,0,,0,Medium,0
Female,Greater than 45,Asian,0,0,0,0.0,-1.0,M,Battery,0,0,,0,Low,0
Female,25 - 45,Other,0,0,0,0.0,-1.0,M,Battery,1,0,Possession of Cannabis,0,Low,1
Male,Less than 25,Hispanic,0,0,0,1.0,-1.0,F,Grand Theft in the 3rd Degree,0,0,,1,Medium,0
Male,25 - 45,Caucasian,0,0,0,2.0,-1.0,F,Possession Of Alprazolam,1,0,Driving License Suspended,2,Medium,1
Female,25 - 45,African-American,0,0,0,0.0,0.0,F,Possession Burglary Tools,0,0,,0,Low,0
Male,Greater than 45,African-American,0,0,0,7.0,-1.0,M,Possess Cannabis/20 Grams Or Less,0,0,,7,Medium,0
Female,25 - 45,Other,0,0,0,0.0,-2.0,F,Neglect Child / Bodily Harm,1,1,Aggrav Battery w/Deadly Weapon,0,Low,1
Female,25 - 45,Caucasian,0,0,0,1.0,-1.0,F,Aggravated Battery / Pregnant,1,0,Driving License Suspended,1,High,1
Male,25 - 45,African-American,0,0,0,5.0,-1.0,M,Aggravated Battery,0,0,,5,Medium,0
Male,25 - 45,Asian,0,0,0,0.0,-1.0,F,Grand Theft in the 3rd Degree,0,0,,0,Low,0
Female,Greater than 45,Asian,0,0,0,0.0,-2.0,M,DUI Property Damage/Injury,0,0,,0,Low,0
Male,Less than 25,Other,0,0,0,0.0,-1.0,F,Burglary Unoccupied Dwelling,0,0,,0,Medium,0
Male,25 - 45,Other,0,0,0,3.0,0.0,M,Criminal Mischief Damage <$200,1,0,Possession Of Heroin,3,Low,1
Male,25 - 45,Asian,0,0,0,1.0,0.0,M,Battery,0,0,,1,Low,0
Male,Greater than 45,Native American,0,0,0,0.0,-1.0,F,Operating W/O Valid License,0,0,,0,Low,0
Male,25 - 45,Asian,0,0,0,0.0,-1.0,F,DWLS Canceled Disqul 1st Off,0,0,,0,Medium,1
Male,Less than 25,Native American,0,1,2,2.0,-2.0,F,Sexual Battery / Vict 12 Yrs +,1,0,Obstruct Fire Equipment,2,Medium,1
Male,25 - 45,Caucasian,0,0,0,1.0,-1.0,M,Battery,1,1,Battery,1,Low,1
Male,Less than 25,African-American,2,0,0,7.0,-1.0,M,Viol Prot Injunc Repeat Viol,1,0,DUI- Enhanced,6,High,0
Female,25 - 45,Hispanic,0,0,0,1.0,-7.0,M,DUI - Enhanced,0,0,,1,Low,0
Female,Less than 25,African-American,0,0,0,0.0,-1.0,F,Battery on Law Enforc Officer,1,0,Unlaw Use False Name/Identity,0,High,1
Male,Greater than 45,Native American,0,0,0,6.0,-1.0,F,Carrying Concealed Firearm,1,0,Resist/Obstruct W/O Violence,6,High,1
Male,Less than 25,Caucasian,0,0,0,1.0,0.0,F,Aggravated Battery / Pregnant,0,0,,1,High,0
Male,Greater than 45,Caucasian,0,0,0,0.0,-4.0,M,Petit Theft,0,0,,0,Low,0
Male,Less than 25,Caucasian,0,0,1,3.0,-1.0,F,"Poss3,4 Methylenedioxymethcath",0,0,,3,Medium,0
Female,25 - 45,Hispanic,0,0,0,0.0,-1.0,F,Grand Theft in the 3rd Degree,0,0,,0,Low,0
Male,25 - 45,Other,0,1,0,5.0,0.0,M,Battery,0,0,,5,Low,0
Male,25 - 45,Other,0,0,0,0.0,-1.0,M,Battery,1,0,Possession Of Heroin,0,Medium,1
Male,Less than 25,Asian,0,0,0,6.0,-1.0,M,Uttering a Forged Instrument,1,0,,6,High,1
Female,25 - 45,Caucasian,0,0,0,0.0,-2.0,M,DWLS Susp/Cancel Revoked,0,0,,0,Low,0
Male,Less than 25,Other,0,0,0,1.0,-1.0,M,Resist/Obstruct W/O Violence,1,0,,1,Medium,1
Male,25 - 45,Native American,0,0,0,0.0,-1.0,F,Possession of Cocaine,1,1,Battery,0,High,1
Male,25 - 45,Other,0,0,0,2.0,0.0,F,Aggravated Assault W/Dead Weap,0,0,,2,Low,0
Male,Less than 25,Native American,0,0,0,0.0,-1.0,F,Possession Burglary Tools,1,0,Possession of Cocaine,0,Low,1
Male,25 - 45,Asian,2,0,0,6.0,-1.0,F,Felony Battery (Dom Strang),0,0,,6,Medium,0
Male,25 - 45,Native American,1,0,0,9.0,-1.0,M,Viol Prot Injunc Repeat Viol,1,0,,9,Low,1
Male,25 - 45,Caucasian,0,0,0,3.0,-24.0,F,arrest case no charge,1,0,Resist/Obstruct W/O Violence,3,Medium,1
Male,Greater than 45,Hispanic,0,0,0,1.0,-2.0,M,Battery,0,0,,1,Low,0
Male,25 - 45,African-American,0,0,0,0.0,-1.0,M,Battery,1,1,Battery,0,Medium,1
Male,25 - 45,African-American,0,2,1,13.0,0.0,F,arrest case no charge,1,0,Carrying Concealed Firearm,12,Low,1
Male,Less than 25,Native American,0,0,0,0.0,0.0,F,Grand Theft in the 3rd Degree,1,1,Robbery / No Weapon,0,High,1
Male,Less than 25,African-American,0,0,0,0.0,0.0,M,Battery,1,0,Possession of Cannabis,0,Low,1
Female,25 - 45,Other,0,0,0,1.0,-1.0,F,Felony Driving While Lic Suspd,0,0,,1,Medium,0
Male,25 - 45,Native American,0,0,0,0.0,-1.0,M,Battery,1,1,Battery,0,Low,0
Male,25 - 45,Hispanic,0,0,0,2.0,-1.0,F,Lewd Act Presence Child 16-,1,1,Throw Deadly Missile Into Veh,2,Low,1
Male,25 - 45,African-American,0,1,1,12.6192161493835,0.0,F,Driving While License Revoked,1,0,Resist/Obstruct W/O Violence,12,High,1
Male,25 - 45,African-American,0,3,0,18.50957542174499,-1.0,F,Possession of Cocaine,1,0,Carrying Concealed Firearm,18,High,1
Male,Less than 25,Other,0,0,0,13.0,-1.0,F,Deliver Cannabis,0,1,Resist/Obstruct W/O Violence,13,High,1
Male,Greater than 45,Other,0,0,0,0.0,-1.0,M,Battery,0,0,,0,Low,0
Male,25 - 45,Caucasian,0,0,0,1.0,0.0,M,Expired DL More Than 6 Months,1,1,Battery,1,High,1
Female,25 - 45,Caucasian,0,0,0,0.0,0.0,F,Resist Officer w/Violence,1,0,Driving License Suspended,0,Low,1
Male,25 - 45,Native American,0,0,0,1.0,-1.0,F,Possession of Cocaine,1,0,,1,High,0
Male,25 - 45,Hispanic,0,0,0,1.0,0.0,F,"Poss3,4 Methylenedioxymethcath",0,0,,1,Medium,0
Male,25 - 45,African-American,0,0,0,0.0,-1.0,F,Pos Cannabis W/Intent Sel/Del,0,0,,0,Low,0
Male,25 - 45,Asian,0,0,0,2.0,-1.0,F,Burglary Conveyance Armed,0,0,,2,Medium,0
Male,25 - 45,Asian,0,0,0,1.0,0.0,M,Possess Cannabis/20 Grams Or Less,1,0,,1,Low,1
Male,25 - 45,Asian,0,0,0,4.0,-1.0,F,Felony Driving While Lic Suspd,1,0,Driving License Suspended,4,Low,1
Male,Less than 25,Other,0,0,1,1.0,-2.0,M,Possess Cannabis/20 Grams Or Less,1,0,Resist/Obstruct W/O Violence,1,Medium,1
Male,Greater than 45,Caucasian,0,0,0,0.0,-1.0,M,Battery,1,0,,0,Low,0
Male,Less than 25,Asian,0,0,0,0.0,0.0,F,Aggravated Assault W/dead Weap,0,0,,0,Low,0
Male,Less than 25,Caucasian,0,0,0,2.0,-1.0,F,Aggravated Assault W/Dead Weap,0,0,,2,Low,1
Female,25 - 45,Other,0,0,0,0.0,-1.0,M,Battery,1,1,Battery,0,Low,1
Male,25 - 45,Hispanic,3,0,1,15.0,-1.0,M,Battery,1,0,Driving License Suspended,15,High,1
Male,Greater than 45,Hispanic,0,0,0,2.0,0.0,M,Battery,0,0,,2,Low,0
Male,25 - 45,Native American,0,0,0,0.0,-1.0,M,Robbery / Weapon,0,0,,0,Low,0
Male,25 - 45,Other,1,1,0,5.0,-1.0,F,Aggrav Stalking After Injunctn,0,0,,5,High,0
Male,Less than 25,Hispanic,0,0,0,2.0,-1.0,F,Neglect Child / No Bodily Harm,1,0,,2,Low,1
Male,25 - 45,Caucasian,0,0,0,9.713711033017317,-1.0,F,arrest case no charge,1,0,Resist/Obstruct W/O Violence,9,Medium,1
Male,25 - 45,African-American,0,0,0,13.950105634424402,-1.0,F,Fleeing or Eluding a LEO,1,1,Resist/Obstruct W/O Violence,13,Medium,1
Male,25 - 45,Native American,0,0,0,0.0,-1.0,M,DUI Property Damage/Injury,0,0,,0,Low,0
Male,25 - 45,African-American,1,0,0,17.0,0.0,F,,1,0,Resist/Obstruct W/O Violence,16,High,1
Male,Greater than 45,African-American,0,0,0,1.0,-1.0,M,DWLS Susp/Cancel Revoked,0,0,,1,Low,0
Male,25 - 45,African-American,0,0,0,2.0,-1.0,F,Unauth C/P/S Sounds>1000/Audio,1,0,Resist/Obstruct W/O Violence,2,Medium,1
Male,Greater than 45,Other,0,0,0,19.0,-1.0,F,Felony Petit Theft,1,0,Driving License Suspended,19,Low,1
Male,Greater than 45,African-American,0,0,0,1.0,-4.0,M,Petit Theft,1,0,Driving License Suspended,1,High,1
Male,25 - 45,Other,0,0,0,7.0,0.0,F,arrest case no charge,0,0,,7,Low,0
Male,25 - 45,Native American,0,0,0,0.0,0.0,F,"Deliver 3,4 Methylenediox",0,0,,0,Medium,0
Male,25 - 45,Caucasian,0,0,0,0.0,-1.0,F,Possession of Oxycodone,1,1,Battery,0,Low,1
Male,Greater than 45,Asian,0,0,0,2.0,-20.5393684539427,F,Aggravated Assault W/Dead Weap,1,0,,2,Medium,0
Male,Greater than 45,Caucasian,0,0,0,0.0,-1.0,F,Grand Theft in the 3rd Degree,1,0,Driving License Suspended,0,Medium,1
Male,Less than 25,Hispanic,0,0,0,1.0,-1.0,F,Grand Theft in the 3rd Degree,1,0,Driving License Suspended,1,Medium,1
Male,Less than 25,Hispanic,0,0,0,3.0,-1.0,F,Aggrav Battery w/Deadly Weapon,0,0,,3,Medium,0
Male,25 - 45,Asian,0,0,0,20.153544232974237,0.0,F,Driving While License Revoked,1,0,Driving License Suspended,20,Medium,1
Male,25 - 45,Hispanic,0,0,0,10.617061324034196,0.0,F,Battery,0,0,,10,Medium,0
Male,Less than 25,Hispanic,0,0,0,1.0,-5.129897911752849,M,Exposes Culpable Negligence,0,0,,1,Low,0
Male,Less than 25,Caucasian,0,0,0,0.0,0.0,M,Battery,1,0,Possession of Cocaine,0,Low,1
Male,25 - 45,Hispanic,0,0,0,5.0,-1.0,F,Driving While License Revoked,0,0,Driving License Suspended,5,Low,0
Male,Greater than 45,African-American,0,0,0,0.0,-1.0,F,Neglect Child / Bodily Harm,1,0,Possession of Cocaine,0,Low,1
Female,25 - 45,Caucasian,0,0,0,0.0,-1.0,M,Battery,0,0,,0,High,0
Male,25 - 45,Hispanic,0,0,0,3.0,-1.0,F,arrest case no charge,0,0,,3,Medium,0
Female,25 - 45,African-American,0,0,0,0.0,-1.0,M,Battery,0,0,,0,Low,0
Male,25 - 45,Native American,0,0,0,9.0,-1.0,F,DUI - Enhanced,0,0,,9,Medium,0
Female,Greater than 45,Caucasian,0,0,0,1.0,-11.284356538931725,F,Aggravated Assault W/Dead Weap,0,0,,1,Low,0
Male,25 - 45,Hispanic,0,0,0,0.0,-1.0,F,Aggrav Battery w/Deadly Weapon,0,0,,0,Low,0
Male,Less than 25,Hispanic,1,0,0,1.0,-12.0,F,arrest case no charge,1,1,Battery,1,High,0
Male,Greater than 45,Asian,0,0,0,12.0,-13.0,F,Possession Of Heroin,0,0,,12,Low,0
Male,25 - 45,Caucasian,0,0,0,5.0,-1.0,F,Pos Cannabis W/Intent Sel/Del,0,0,,5,Low,0
Female,25 - 45,Caucasian,0,0,0,0.0,-1.0,F,Grand Theft in the 3rd Degree,0,0,,0,High,0
Female,Less than 25,Hispanic,0,0,1,1.0,-1.0,M,Viol Pretrial Release Dom Viol,0,0,,1,High,0
Male,25 - 45,Hispanic,0,0,0,0.0,-1.0,F,Possession of Hydromorphone,0,0,,0,Low,0
Male,Less than 25,African-American,0,0,0,1.0,-1.0,F,Battery,1,1,Battery,1,Low,1
Female,25 - 45,Caucasian,0,0,1,3.0,-1.0,M,Battery,0,0,,3,Low,0
Male,Less than 25,African-American,0,0,0,0.0,-1.0,F,Grand Theft in the 3rd Degree,1,0,Possession of Cocaine,0,Low,1
Male,Less than 25,Asian,0,0,0,0.0,0.0,F,Possession of Cocaine,0,0,,0,High,0
Male,Less than 25,Caucasian,0,1,2,3.0,0.0,M,DUI Level 0.15 Or Minor In Veh,0,0,,3,Medium,0
Male,Greater than 45,Caucasian,0,0,1,2.0,-1.0,M,Possess Cannabis/20 Grams Or Less,1,0,,2,Low,0
Female,Greater than 45,African-American,0,0,0,3.0,-1.0,M,Tampering With Physical Evidence,0,0,,3,Low,0
Male,25 - 45,African-American,1,5,1,14.0,-1.0,F,Fail Sex Offend Report Bylaw,1,1,Petit Theft,14,High,1
Male,Less than 25,Caucasian,0,0,0,2.0,-1.0,M,Possess Cannabis/20 Grams Or Less,1,0,Possession Of Heroin,2,Medium,1
Male,Greater than 45,Hispanic,0,0,0,1.0,-1.0,F,Driving While License Revoked,0,0,,1,High,0
Male,25 - 45,African-American,0,0,0,0.0,-1.0,F,Pos Cannabis W/Intent Sel/Del,0,0,,0,Low,0
Male,Less than 25,African-American,0,0,0,0.0,-1.0,F,Felony Battery (Dom Strang),0,0,,0,Medium,0
Male,Greater than 45,Hispanic,0,0,0,1.0,-1.0,M,Expired DL More Than 6 Months,0,0,,1,Low,0
Female,Greater than 45,Native American,0,0,0,0.0,-1.0,F,Burglary Conveyance Unoccup,0,0,,0,Low,0
Female,25 - 45,Hispanic,0,0,0,4.0,0.0,F,Grand Theft (Motor Vehicle),1,0,Resist/Obstruct W/O Violence,4,Low,1
Female,25 - 45,Caucasian,0,0,0,0.0,-1.0,M,Battery,0,0,,0,Medium,0
Female,25 - 45,Native American,0,0,0,2.0,15.581794918227715,F,Crim Use of Personal ID Info,1,1,Resist/Obstruct W/O Violence,2,High,1
Female,25 - 45,Hispanic,0,0,0,0.0,-1.0,F,Aggrav Battery w/Deadly Weapon,1,1,Battery,0,Low,1
Male,Greater than 45,Asian,0,0,0,2.0,0.0,F,Fel Drive License Perm Revoke,0,0,,2,Medium,0
Male,25 - 45,Caucasian,0,0,0,11.0,-26.0,F,arrest case no charge,0,0,,11,Low,0
Male,25 - 45,Other,0,0,0,1.0,-1.0,F,Burglary Unoccupied Dwelling,0,0,,1,Medium,0
Male,Less than 25,Caucasian,0,0,0,3.0,-1.0,F,Pos Cannabis W/Intent Sel/Del,1,0,Driving License Suspended,3,High,0
Male,Less than 25,African-American,0,0,0,1.0,0.0,M,Leave Acc/Attend Veh/More $50,0,0,,1,Low,0
Male,25 - 45,Hispanic,0,0,0,8.0,-1.0,F,Carrying Concealed Firearm,1,1,Fraudulent Use Credit Card,8,High,1
Male,Less than 25,African-American,0,0,0,1.0,-1.0,F,Possession of Cocaine,0,0,,1,High,0
Male,Less than 25,African-American,0,1,0,3.0,-1.0,F,Aggrav Stalking After Injunctn,1,0,Resist/Obstruct W/O Violence,4,High,1
Male,25 - 45,Hispanic,0,0,0,0.0,-1.0,F,Possession of Cannabis,1,1,Threat Public Servant,0,High,1
Female,25 - 45,Hispanic,0,0,0,2.0,-1.0,M,Disorderly Conduct,0,0,,2,Low,0
Male,25 - 45,Native American,0,0,0,4.0,-1.0,F,arrest case no charge,1,0,Resist/Obstruct W/O Violence,4,Medium,1
Male,Greater than 45,Caucasian,0,0,0,1.0,-1.0,M,Susp Drivers Lic 1st Offense,0,0,,1,Low,0
Male,25 - 45,Caucasian,0,0,0,2.0,0.0,F,arrest case no charge,0,0,,2,Low,0
Male,Greater than 45,Other,0,0,0,14.559776713681206,0.0,M,Poss Wep Conv Felon,1,0,Possession Of Heroin,14,Low,1
Male,Greater than 45,African-American,0,0,0,1.0,0.0,M,Possess Cannabis/20 Grams Or Less,0,0,,1,Medium,0
Male,25 - 45,African-American,0,0,0,16.007915350502362,-1.0,M,Battery,1,0,,17,Low,1
Male,25 - 45,African-American,0,0,0,2.0,-4.0,F,arrest case no charge,1,0,,2,Low,1
Male,25 - 45,Asian,0,0,1,1.0,-1.0,M,arrest case no charge,1,0,Driving License Suspended,1,Medium,1
Male,Less than 25,African-American,0,0,0,1.0,-1.0,M,Battery,0,0,,1,Medium,0
Male,25 - 45,Hispanic,0,0,0,0.0,-1.0,M,Battery,0,0,,0,Low,0
Male,Greater than 45,Hispanic,0,0,0,19.062578531397584,0.0,F,Driving While License Revoked,1,0,,19,Low,1
Male,Greater than 45,Asian,0,0,0,9.0,-1.0,F,arrest case no charge,1,0,,9,Medium,1
Male,25 - 45,Caucasian,0,0,0,2.0,-1.0,M,Battery,0,0,,2,High,0
Male,25 - 45,Native American,0,0,0,3.0,-1.0,M,Battery,1,1,Robbery W/Firearm,3,Medium,1
Male,25 - 45,Other,0,0,0,5.0,-1.0,F,Grand Theft in the 3rd Degree,0,0,,5,Medium,0
Male,Less than 25,Native American,0,0,0,2.0,-1.0,F,Throw Deadly Missile Into Veh,1,0,,2,High,0
Female,Greater than 45,Hispanic,0,0,0,0.0,-3.0,M,Battery,0,0,,0,Low,0
Female,25 - 45,Hispanic,0,0,0,1.0,-1.0,M,Battery,1,0,,1,Low,1
Male,25 - 45,Other,0,0,0,1.0,-1.0,F,Aggrav Battery w/Deadly Weapon,0,0,,1,Low,0
Male,Greater than 45,Native American,0,0,0,18.412857244939875,-1.0,F,Felony Battery w/Prior Convict,0,0,,18,Medium,0
Male,Less than 25,Asian,0,0,0,10.0,-1.0,M,Battery,1,1,Aggrav Battery w/Deadly Weapon,10,Medium,1
Male,25 - 45,Native American,0,0,0,6.0,-1.0,F,Felony Petit Theft,1,1,Resist/Obstruct W/O Violence,6,Medium,1
Male,Less than 25,Native American,0,0,0,1.0,-1.0,F,arrest case no charge,1,1,Battery,1,Low,1
Male,Greater than 45,Hispanic,0,0,0,4.0,-1.0,M,Carrying Concealed Firearm,1,0,Resist/Obstruct W/O Violence,4,Medium,1
Male,25 - 45,Hispanic,0,0,0,0.0,-1.0,M,Battery,1,0,Unlaw Use False Name/Identity,0,Low,1
Female,25 - 45,African-American,0,0,0,0.0,-1.0,M,Battery,0,0,,0,Low,0
Male,25 - 45,Hispanic,0,0,0,4.0,0.0,F,Felony Battery w/Prior Convict,1,0,Resist/Obstruct W/O Violence,4,High,1
Male,25 - 45,Asian,0,0,0,10.0,0.0,F,Driving While License Revoked,0,0,,9,Low,0
Female,25 - 45,Caucasian,0,0,0,0.0,0.0,M,Battery,0,0,,0,Low,0
Female,25 - 45,Hispanic,0,0,0,2.0,0.0,M,Battery,1,0,Driving License Suspended,2,Low,0
Male,Less than 25,Hispanic,0,0,1,3.0,-1.0,F,arrest case no charge,1,0,Resist/Obstruct W/O Violence,3,Medium,1
Male,25 - 45,African-American,1,0,0,5.0,-1.0,F,arrest case no charge,1,1,Battery,5,Medium,1
Male,Greater than 45,Native American,0,0,0,1.0,-1.0,M,Battery,1,1,Battery,1,Medium,1
Female,Less than 25,Caucasian,0,1,2,1.0,-1.0,F,Reckless Driving,0,0,,1,High,0
Male,25 - 45,Other,0,0,0,7.0,-1.0,F,Possession of Cocaine,1,0,Resist/Obstruct W/O Violence,7,Low,0
Male,Greater than 45,Caucasian,0,0,0,1.0,-1.0,F,Grand Theft in the 3rd Degree,1,1,Culpable Negligence,1,Low,1
Male,Greater than 45,Asian,0,0,0,3.0,-2.0,M,Battery,0,0,,3,High,0
Male,25 - 45,Hispanic,0,0,0,0.0,0.0,F,Aggravated Battery,0,0,,0,Low,0
Male,Less than 25,Hispanic,0,0,0,0.0,0.0,M,Battery,0,0,,0,Low,0
Male,25 - 45,Other,0,0,0,12.0,0.0,M,Leave Acc/Attend Veh/More $50,1,0,Possession Of Heroin,12,Medium,1
Male,Less than 25,Asian,0,0,1,0.0,-1.0,M,Battery,1,0,Driving License Suspended,0,Medium,1
Female,Less than 25,Asian,0,0,0,5.0,-1.0,F,Failure To Return Hired Vehicle,1,0,,6,Low,1
Male,Less than 25,Other,0,0,0,0.0,-1.0,M,Battery,0,0,,0,Low,0
Male,Greater than 45,Caucasian,0,0,0,7.285432531060482,-15.0,F,arrest case no charge,0,0,,8,Low,0
Male,25 - 45,Native American,0,0,0,2.0,0.0,F,Introduce Contraband Into Jail,0,0,,2,High,0
Female,Less than 25,African-American,1,0,0,1.0,0.0,F,arrest case no charge,0,0,,1,High,0
Female,Less than 25,African-American,0,0,0,4.0,-1.0,F,Possession Burglary Tools,1,0,Driving License Suspended,4,Medium,1
Female,Greater than 45,Caucasian,0,0,0,0.0,-1.0,M,Disorderly Conduct,0,0,,0,Low,0
Female,25 - 45,Caucasian,0,0,0,5.0,-1.0,M,arrest case no charge,1,0,Possession Of Heroin,5,Low,1
Male,25 - 45,Other,0,0,0,7.0,-1.0,F,Grand Theft in the 3rd Degree,1,0,,7,High,1
Female,25 - 45,Hispanic,0,0,0,0.0,-1.0,F,Aggrav Battery w/Deadly Weapon,0,0,,0,Low,0
Male,Less than 25,African-American,0,0,0,0.0,-1.0,F,Fleeing or Eluding a LEO,1,1,Throw Deadly Missile Into Veh,0,High,1
Male,Less than 25,African-American,0,0,0,5.0,-1.0,F,Shoot Into Vehicle,1,0,,5,High,1
Male,Greater than 45,Hispanic,0,0,0,7.0,-1.0,F,Aggravated Assault W/dead Weap,1,1,Battery,7,Medium,0
Female,25 - 45,Asian,0,0,0,1.0,-1.0,F,Grand Theft in the 3rd Degree,1,0,Possession Of Heroin,1,Medium,0
Male,25 - 45,Caucasian,0,0,0,0.0,-1.0,F,Fleeing or Eluding a LEO,1,0,Driving License Suspended,0,Low,1
Female,25 - 45,Other,0,0,0,1.0,-24.0,M,arrest case no charge,0,0,,1,Medium,0
Male,25 - 45,Hispanic,6,0,0,8.0,-1.0,M,Battery,1,1,Robbery W/Firearm,8,High,1
Female,25 - 45,Hispanic,0,0,0,0.0,-2.0,F,Agg Battery Grt/Bod/Harm,0,0,,0,Low,0
Female,25 - 45,Native American,0,0,0,5.0,0.0,M,Battery,0,0,,5,Medium,0
Male,25 - 45,African-American,0,0,0,7.0,-1.0,F,arrest case no charge,1,0,,7,Medium,1
Male,Less than 25,Asian,2,1,0,3.0,0.0,M,Battery,1,0,Possession Of Heroin,3,Medium,1
Male,Less than 25,Hispanic,0,0,3,1.0,-24.0,F,Grand Theft in the 3rd Degree,1,0,Driving License Suspended,1,Low,1
Male,25 - 45,Hispanic,0,0,0,1.0,-1.0,F,Possession of Oxycodone,0,0,,1,Low,0
Male,25 - 45,Hispanic,0,0,0,1.0,-1.0,M,Susp Drivers Lic 1st Offense,1,0,Resist/Obstruct W/O Violence,1,Medium,1
Male,25 - 45,Caucasian,0,0,0,0.0,0.0,M,DUI Property Damage/Injury,0,0,,0,Low,0
Male,Less than 25,African-American,0,0,0,0.0,0.0,F,"Deliver 3,4 Methylenediox",0,0,,0,Low,0
Female,Greater than 45,Asian,0,0,0,5.0,-1.0,F,arrest case no charge,0,0,,5,Low,0
Male,25 - 45,Hispanic,0,0,0,0.0,-1.0,M,Viol Injunct Domestic Violence,1,0,Driving License Suspended,0,Medium,1
Male,25 - 45,Asian,0,0,0,10.0,-7.0,M,arrest case no charge,1,0,Driving License Suspended,10,Medium,1
Male,Less than 25,Hispanic,0,0,0,0.0,-1.0,F,Robbery Sudd Snatch No Weapon,0,0,,0,Low,0
Male,25 - 45,Caucasian,0,0,0,0.0,-1.0,M,Battery,0,0,,0,Low,0
Male,25 - 45,Hispanic,0,0,0,0.0,0.0,M,Battery,1,0,Resist/Obstruct W/O Violence,0,Low,1
Male,25 - 45,Native American,0,0,0,1.0,-1.0,M,Battery,0,0,,1,Low,0
Male,25 - 45,Caucasian,0,0,1,3.0,-4.0,M,Petit Theft $100- $300,1,0,Possession Of Heroin,3,Low,0
Male,25 - 45,Native American,0,0,0,1.0,0.0,F,Agg Battery Grt/Bod/Harm,0,0,,1,Low,0
Male,25 - 45,Hispanic,0,0,0,5.0,-1.0,M,Viol Pretrial Release Dom Viol,1,1,Battery,5,Medium,1
Female,25 - 45,African-American,0,0,1,8.0,-1.0,F,Poss Cocaine/Intent To Del/Sel,1,0,Driving License Suspended,8,Medium,1
Male,Less than 25,Asian,0,0,0,0.0,-1.0,F,Grand Theft in the 3rd Degree,1,0,,0,Low,1
Male,Less than 25,Other,0,0,0,0.0,-1.0,M,Felony Battery (Dom Strang),1,0,Driving License Suspended,0,Low,1
Female,25 - 45,Asian,0,0,0,1.0,-1.0,F,Aggrav Battery w/Deadly Weapon,0,0,,1,Low,0
Male,25 - 45,African-American,0,0,0,9.0,-1.0,F,Grand Theft in the 3rd Degree,1,1,Throw Deadly Missile Into Veh,8,Medium,1
Male,Greater than 45,Asian,0,0,0,27.659328917389352,-1.0,F,Corrupt Public Servant,1,0,Resist/Obstruct W/O Violence,27,Medium,1
Female,25 - 45,Other,0,0,0,3.0,0.0,M,Fail Register Vehicle,1,0,Possession Of Heroin,3,Low,1
Male,Less than 25,Asian,0,0,0,1.0,-1.0,F,Grand Theft (Motor Vehicle),1,0,Resist/Obstruct W/O Violence,1,High,1
Female,Less than 25,Asian,0,0,0,2.0,-1.0,F,Aggravated Assault W/Dead Weap,1,0,Possession Of Heroin,2,Medium,1
Male,Less than 25,Asian,0,1,0,2.0,-1.0,F,Aggravated Assault w/Firearm,1,1,Battery,2,Medium,1
Female,25 - 45,Hispanic,0,0,0,2.0,-8.0,M,arrest case no charge,0,0,,2,Low,0
Male,Less than 25,Asian,0,0,1,2.0,-1.0,F,Possession of Cocaine,1,0,,2,Medium,1
Male,25 - 45,Other,0,0,0,2.0,-26.0,M,Possess Cannabis/20 Grams Or Less,0,0,,2,Medium,0
Male,25 - 45,African-American,0,3,0,17.0,-1.0,M,Battery,0,0,,17,High,0
Male,Greater than 45,Asian,0,0,0,4.0,-27.0,M,False Motor Veh Insurance Card,0,0,,4,Low,0
Male,25 - 45,Hispanic,0,0,0,1.0,-1.0,F,Robbery Sudd Snatch No Weapon,0,0,,1,Low,0
Male,Less than 25,African-American,0,0,0,0.0,-1.0,F,Possession Burglary Tools,1,1,Child Neglect/Delinquency,0,Medium,1
Male,25 - 45,Native American,0,0,0,1.0,-22.0,F,Possession of Cocaine,0,0,,1,Low,0
Male,25 - 45,Other,0,0,0,0.0,-1.0,F,Pos Cannabis W/Intent Sel/Del,0,0,,0,Low,0
Male,25 - 45,Caucasian,0,0,0,16.15376617240539,-1.0,F,Poss Pyrrolidinovalerophenone,1,0,Resist/Obstruct W/O Violence,16,Low,1
Male,Greater than 45,African-American,0,0,0,16.529198354920947,-1.0,F,Felony Petit Theft,1,0,,16,Medium,1
Male,25 - 45,Hispanic,0,0,0,8.11102854857755,-1.0,F,arrest case no charge,0,0,,9,Low,1
Male,Greater than 45,African-American,0,0,0,22.0,-1.0,F,Felony Petit Theft,1,0,Resist/Obstruct W/O Violence,22,Medium,1
Male,Less than 25,Hispanic,0,0,1,2.0,-1.0,F,Shoot Into Vehicle,1,0,Possession Of Heroin,2,High,1
Male,Greater than 45,Caucasian,0,0,0,7.0,-1.0,F,Possession of Cocaine,1,0,Driving License Suspended,7,Medium,1
Male,Less than 25,African-American,0,0,0,0.0,-1.0,M,arrest case no charge,0,0,,0,Low,0
Male,Less than 25,Other,0,0,0,0.0,-1.0,F,Shoot Into Vehicle,1,0,Driving License Suspended,0,High,1
Male,Less than 25,African-American,0,0,0,0.0,-1.0,M,Battery,1,0,Resist/Obstruct W/O Violence,0,Low,1
Male,25 - 45,Other,0,0,0,0.0,-1.0,F,Neglect Child / No Bodily Harm,0,0,,0,Low,0
Male,25 - 45,African-American,1,4,0,8.0,0.0,M,Battery,0,0,,8,Medium,0
Male,Less than 25,African-American,0,0,0,0.0,0.0,F,"Poss3,4 Methylenedioxymethcath",0,0,,0,Low,0
Male,Less than 25,Other,0,0,0,3.0,-1.0,M,Battery,1,0,Driving License Suspended,3,High,1
Female,Less than 25,African-American,0,0,0,0.0,-1.0,M,Battery,1,0,Possession of Cocaine,0,Medium,0
Male,25 - 45,Native American,0,0,0,1.0,-2.0,F,Possession of Cocaine,0,0,,1,Low,0
Female,Less than 25,Hispanic,0,0,0,0.0,-1.0,M,Battery,1,0,Driving License Suspended,0,Medium,1
Male,25 - 45,Native American,0,0,0,3.0,-21.178806257359078,F,arrest case no charge,0,0,,3,Low,0
Male,25 - 45,Asian,0,0,0,11.0,-1.0,F,Felony Battery w/Prior Convict,0,0,,10,High,0
Female,Less than 25,Caucasian,0,0,0,1.0,-1.0,F,Pos Cannabis W/Intent Sel/Del,0,0,,1,Low,0
Male,25 - 45,Asian,0,0,0,4.0,0.0,F,Tamper With Witness/Victim/CI,1,1,Viol Pretrial Release Dom Viol,4,Low,1
Male,Greater than 45,Other,0,0,0,1.0,-1.0,M,Battery,1,0,,1,Low,1
Male,Less than 25,African-American,0,0,1,1.0,0.0,F,Pos Cannabis W/Intent Sel/Del,1,0,Driving License Suspended,1,Medium,1
Male,25 - 45,Native American,0,0,0,3.0,-1.0,F,arrest case no charge,1,0,Resist/Obstruct W/O Violence,3,Low,1
Male,25 - 45,African-American,0,0,0,0.0,-1.0,M,Disorderly Conduct,1,1,False Imprisonment,0,Low,0
Male,25 - 45,Native American,0,0,0,0.0,-1.0,M,Battery,1,1,Battery,0,Low,1
Female,Greater than 45,Other,0,0,0,2.0,-1.0,F,Grand Theft in the 3rd Degree,0,0,,2,Low,0
Male,Less than 25,Hispanic,0,0,1,1.0,-4.0,F,arrest case no charge,1,0,Susp Drivers Lic 1st Offense,1,Medium,1
Male,Less than 25,Native American,0,0,0,0.0,-1.0,F,Grand Theft in the 3rd Degree,0,0,,0,Medium,0
Male,Less than 25,Asian,0,0,0,0.0,0.0,F,Pos Cannabis W/Intent Sel/Del,1,0,Possession of Cannabis,0,Low,1
Male,Greater than 45,Caucasian,0,0,0,1.0,-26.0,F,Aggrav Battery w/Deadly Weapon,0,0,,1,Low,0
Male,25 - 45,Other,0,0,0,6.0,-1.0,F,Crim Use of Personal ID Info,1,0,,7,Low,1
Female,Greater than 45,Native American,0,0,0,0.0,-1.0,M,Battery,0,0,,0,Low,0
Female,25 - 45,Caucasian,0,0,0,1.0,-1.0,F,arrest case no charge,1,1,Battery,1,Medium,1
Male,Less than 25,Other,0,0,0,1.0,0.0,F,Tampering With Physical Evidence,1,0,Driving License Suspended,1,Low,1
Male,Less than 25,Other,0,0,0,0.0,-1.0,F,Grand Theft in the 3rd Degree,0,0,,0,Low,0
Male,Greater than 45,Other,0,0,0,3.0,-27.0,M,Battery,1,0,Driving License Suspended,3,Low,1
Female,Greater than 45,Asian,0,0,0,1.0,-1.0,M,arrest case no charge,0,0,,1,Low,0
Male,25 - 45,Native American,0,0,0,6.0,-1.0,F,Grand Theft in the 3rd Degree,1,1,Aggrav Battery w/Deadly Weapon,6,Medium,1
Male,Less than 25,Hispanic,0,0,0,0.0,0.0,F,Felony Battery,1,0,,0,Medium,1
Female,25 - 45,Other,0,0,0,0.0,-1.0,M,Battery,0,0,,0,Low,0
Male,25 - 45,Other,0,0,0,10.0,-20.45511044431415,F,Possession of Cocaine,0,0,,9,Medium,1
Male,Less than 25,Caucasian,0,0,1,1.0,-1.0,F,Burglary Conveyance Unoccup,1,0,Possess Drug Paraphernalia,1,Low,1
Male,Less than 25,Native American,1,0,0,2.0,-1.0,F,arrest case no charge,0,0,,2,Low,0
Male,Greater than 45,Caucasian,0,0,0,1.0,0.0,M,Battery,0,0,,1,Low,0
Male,Less than 25,African-American,0,0,1,3.0,-1.0,F,Grand Theft (Motor Vehicle),1,0,Possession Of Heroin,3,Medium,0
Male,Less than 25,Caucasian,0,0,0,0.0,-1.0,F,Possession Of Alprazolam,1,0,Unlaw Use False Name/Identity,0,High,1
Male,Less than 25,African-American,0,0,0,1.0,-1.0,F,Burglary Unoccupied Dwelling,1,0,,1,Medium,1
Male,25 - 45,African-American,0,0,0,1.0,0.0,F,Burglary Conveyance Unoccup,0,0,,1,Medium,0
Male,25 - 45,Native American,0,0,0,22.0,-1.0,F,arrest case no charge,1,0,Driving License Suspended,22,High,1
Male,Greater than 45,African-American,0,0,0,12.50649542536888,-1.0,F,Felony Petit Theft,1,0,Driving License Suspended,12,Medium,1
Male,Greater than 45,Hispanic,0,0,0,0.0,0.0,M,Possess Cannabis/20 Grams Or Less,0,0,,0,Medium,0
Male,Less than 25,Caucasian,0,0,0,1.0,-1.0,F,Aggrav Stalking After Injunctn,0,0,,1,Low,0
Male,25 - 45,Other,0,0,0,2.0,-1.0,M,Possess Cannabis/20 Grams Or Less,1,0,Driving License Suspended,2,Low,1
Male,25 - 45,Asian,0,0,0,1.0,-1.0,M,Battery,0,0,,1,Medium,0
Male,25 - 45,Caucasian,0,0,0,0.0,-1.0,F,Aggrav Battery w/Deadly Weapon,0,0,,0,Low,0
Male,25 - 45,Hispanic,0,0,0,3.0,-1.0,M,False Motor Veh Insurance Card,1,0,,3,Low,1
Female,Greater than 45,Other,0,0,0,0.0,0.0,M,Battery,0,0,,0,Low,0
Male,25 - 45,Asian,0,0,0,2.0,-1.0,F,Felony Petit Theft,1,0,Resist/Obstruct W/O Violence,2,High,1
Male,Greater than 45,Caucasian,0,0,0,6.0,7.828548587359997,M,Viol Injunct Domestic Violence,1,0,,6,Low,1
Male,25 - 45,African-American,0,0,0,2.0,-1.0,M,Resist/Obstruct W/O Violence,1,0,,2,Low,1
Female,Less than 25,Native American,0,0,0,4.0,-1.0,F,arrest case no charge,1,0,Driving License Suspended,4,High,1
Female,25 - 45,Asian,0,0,0,2.0,-1.0,F,Criminal Mischief,1,0,Possession Of Heroin,2,Medium,1
Female,25 - 45,Caucasian,0,0,0,8.0,-10.0,M,arrest case no charge,0,0,,8,Low,0
Male,25 - 45,Native American,0,0,0,1.0,0.0,F,Reckless Driving,0,0,,1,Low,0
Male,25 - 45,Other,0,0,0,2.0,0.0,F,Possession of Cocaine,1,0,Resist/Obstruct W/O Violence,2,Medium,1
Male,25 - 45,African-American,0,0,0,9.0,0.0,M,Opert With Susp DL 2nd Offens,0,0,,8,High,0
Male,Greater than 45,Native American,0,0,0,0.0,-8.0,M,Neglect Child / No Bodily Harm,1,0,Possession of Cannabis,0,Low,1
Male,Greater than 45,Native American,0,0,0,0.0,0.0,M,Battery,0,0,,0,Low,0
Female,Greater than 45,Native American,0,0,0,0.0,-3.0,M,DUI Property Damage/Injury,0,0,,0,Low,0
Male,Less than 25,Hispanic,0,0,0,2.0,-1.0,F,Sel/Pur/Mfr/Del Control Substa,0,0,,2,Medium,0
Male,Greater than 45,Other,0,0,0,19.0,-1.0,F,Felony Driving While Lic Suspd,0,0,,18,Low,0
Male,25 - 45,Native American,0,0,0,1.0,0.0,F,Grand Theft (Motor Vehicle),0,0,,1,High,0
Male,Less than 25,Hispanic,0,0,0,0.0,-1.0,F,Burglary Unoccupied Dwelling,0,0,,0,Low,0
Male,25 - 45,Native American,0,0,0,1.0,-1.0,F,arrest case no charge,0,0,,1,Medium,0
Male,25 - 45,African-American,1,0,0,7.0,-1.0,F,Grand Theft in the 3rd Degree,0,1,Felony Petit Theft,7,High,1
Male,25 - 45,African-American,0,0,0,0.0,-1.0,F,Felony Battery w/Prior Convict,1,1,False Imprisonment,0,Low,1
Female,25 - 45,Asian,0,0,0,0.0,-1.0,M,Exposes Culpable Negligence,0,0,,0,Low,0
Male,25 - 45,African-American,0,0,0,0.0,-1.0,M,DWLS Canceled Disqul 1st Off,0,0,,0,Medium,0
Male,Less than 25,Hispanic,0,0,0,0.0,-1.0,M,Burglary Unoccupied Dwelling,0,0,,0,Low,0
Male,Less than 25,Hispanic,0,0,0,0.0,-1.0,M,Leave Acc/Attend Veh/More $50,0,0,,0,Low,0
Male,25 - 45,Caucasian,0,0,0,4.0,-18.0,M,Possess Cannabis/20 Grams Or Less,1,1,Aggravated Battery / Pregnant,4,Medium,1
Male,25 - 45,Native American,0,1,0,9.0,-1.0,F,Driving While License Revoked,1,0,Carrying Concealed Firearm,8,Low,1
Female,25 - 45,Native American,0,0,0,5.0,-1.0,F,Uttering a Forged Instrument,1,0,Resist/Obstruct W/O Violence,5,Medium,1
Male,25 - 45,Other,0,0,0,2.0,-1.0,F,Felony Driving While Lic Suspd,1,0,Resist/Obstruct W/O Violence,2,Low,1
Male,25 - 45,Other,0,0,0,0.0,-1.0,F,arrest case no charge,1,1,Viol Pretrial Release Dom Viol,0,Low,1
Male,Greater than 45,Hispanic,0,0,0,0.0,-1.0,F,Uttering a Forged Instrument,0,0,,0,Low,0
Male,25 - 45,Caucasian,0,0,0,0.0,-1.0,F,Fleeing Or Attmp Eluding A Leo,0,0,,0,Low,0
Male,25 - 45,Other,0,0,0,0.0,-1.0,F,Felony Battery (Dom Strang),0,0,,0,Low,0
Male,Greater than 45,Caucasian,0,0,0,1.0,0.0,F,Felony Battery (Dom Strang),0,0,,1,Low,0
Male,Greater than 45,Caucasian,0,0,0,1.0,-1.0,F,Felony Driving While Lic Suspd,0,0,,1,Low,0
Female,25 - 45,Asian,0,0,0,0.0,-1.0,M,Battery,0,0,,0,Low,0
Male,25 - 45,Asian,0,0,2,11.0,0.0,F,Felony Battery (Dom Strang),1,1,Drivg While Lic Suspd/Revk/Can,11,High,1
Male,Less than 25,Asian,0,0,0,0.0,-1.0,F,"Poss3,4 Methylenedioxymethcath",0,0,,0,Low,0
Male,25 - 45,African-American,0,0,1,5.0,-1.0,M,Burglary With Assault/battery,1,0,Resist/Obstruct W/O Violence,5,Medium,1
Male,25 - 45,Asian,0,0,0,0.0,-1.0,M,Battery,0,0,,0,Low,0
Male,Greater than 45,Caucasian,0,0,0,0.0,-1.0,M,Battery,0,0,,0,Low,0
Male,25 - 45,Native American,0,0,0,4.0,-1.0,F,"Poss3,4 Methylenedioxymethcath",1,0,Resist/Obstruct W/O Violence,4,High,1
Female,Less than 25,Asian,0,0,1,0.0,0.0,F,Possession Burglary Tools,0,0,,0,Low,0
Male,Less than 25,African-American,0,0,0,1.0,-1.0,F,arrest case no charge,1,0,Possession Of Heroin,1,Low,1
Male,Greater than 45,Other,0,0,0,2.0,-10.0,F,Battery on Law Enforc Officer,0,0,,2,Low,0
Male,Greater than 45,African-American,0,0,0,3.0,0.0,F,Aggravated Assault W/dead Weap,0,0,,3,Low,0
Male,Greater than 45,Asian,0,0,0,14.0,-1.0,F,Felony Driving While Lic Suspd,1,0,Resist/Obstruct W/O Violence,14,Low,1
Male,Greater than 45,Native American,2,0,0,12.930127017007475,-1.0,F,Driving While License Revoked,0,0,,12,Low,0
Male,25 - 45,Other,0,0,0,0.0,-1.0,M,Delivery of Heroin,1,0,Possession of Cocaine,0,Medium,1
Male,Less than 25,African-American,0,0,0,1.0,0.0,F,Fraudulent Use of Credit Card,1,1,Stalking (Aggravated),1,High,1
Male,25 - 45,Other,0,0,0,5.0,-1.0,M,Petit Theft,1,1,Robbery W/Firearm,5,Low,1
Male,Greater than 45,Other,0,0,0,0.0,0.0,M,Battery,1,1,Battery,0,Low,1
Male,Less than 25,Native American,0,0,0,0.0,-1.0,F,Deliver Cocaine,0,0,,0,Medium,0
Male,25 - 45,African-American,0,0,0,0.0,-1.0,F,Grand Theft in the 3rd Degree,0,0,,0,High,0
Male,Less than 25,African-American,0,0,1,0.0,0.0,F,Grand Theft in the 3rd Degree,1,0,Driving License Suspended,0,High,1
Male,Greater than 45,Other,0,0,0,10.105505650604947,-13.0,F,Possession of Cocaine,1,0,Resist/Obstruct W/O Violence,10,Low,1
Male,25 - 45,Native American,0,0,0,24.510187133616533,-1.0,F,Sex Battery Deft 18+/Vict 11-,1,1,Battery,24,High,1
Male,Greater than 45,Native American,0,0,0,1.0,-1.0,F,arrest case no charge,0,0,,1,Low,0
Male,25 - 45,Hispanic,0,0,0,0.0,0.0,M,Assault,0,0,,0,Low,0
Female,Less than 25,Native American,0,0,0,0.0,-2.0,F,Deliver Cocaine,0,0,,0,Low,0
Male,25 - 45,Asian,0,0,0,13.964332220429355,26.74368630803466,F,arrest case no charge,1,0,Driving License Suspended,13,Medium,1
Female,Greater than 45,Asian,0,0,0,0.0,0.0,M,DUI Property Damage/Injury,0,0,,0,Low,0
Male,Greater than 45,African-American,0,0,0,0.0,-1.0,F,arrest case no charge,0,0,,0,Low,0
Male,Less than 25,Caucasian,0,0,1,1.0,-1.0,F,Burglary Conveyance Unoccup,1,0,,1,Medium,1
Male,25 - 45,African-American,0,0,0,22.0,0.0,F,"Poss3,4 Methylenedioxymethcath",1,1,Aggravated Battery / Pregnant,22,High,1
Male,Greater than 45,Native American,0,0,0,1.0,-1.0,F,Possession of Cocaine,1,0,,1,Low,1
Female,25 - 45,Caucasian,0,0,0,0.0,0.0,F,Possession Of Alprazolam,0,0,,0,Medium,0
Male,25 - 45,African-American,0,0,0,2.0,0.0,M,Battery,1,1,Felony Petit Theft,2,High,1
Male,Less than 25,Hispanic,0,0,0,0.0,0.0,F,Aggravated Assault w/Firearm,0,0,,0,Medium,0
Male,25 - 45,Caucasian,0,0,0,5.0,-1.0,F,Battery on Law Enforc Officer,0,0,,5,Low,0
Female,Less than 25,Asian,0,0,0,0.0,0.0,M,arrest case no charge,1,0,,0,Medium,0
Male,Less than 25,Caucasian,0,0,2,1.0,-1.0,F,Possession Of Alprazolam,1,0,Possession Of Heroin,1,Medium,1
Male,Greater than 45,Asian,0,0,0,9.0,0.0,F,Possession of Cocaine,1,0,Resist/Obstruct W/O Violence,9,Low,1
Male,Less than 25,Native American,0,0,0,1.0,-1.0,M,Battery,1,1,Battery,1,Medium,0
Male,Greater than 45,Asian,0,0,0,7.0,-2.0,M,arrest case no charge,1,0,Possession Of Heroin,7,Medium,0
Male,Less than 25,Caucasian,0,2,1,3.0,-1.0,F,Unl/Disturb Education/Instui,1,0,Possess Drug Paraphernalia,3,High,1
Male,Greater than 45,Hispanic,0,0,0,4.0,-4.0,F,Possession of Cocaine,0,0,,4,Medium,0
Male,25 - 45,Other,0,0,1,6.0,0.0,M,Battery,1,0,Driving License Suspended,6,High,1
Male,Less than 25,Asian,0,0,0,0.0,-1.0,M,Battery,1,1,Battery,0,Medium,1
Male,Less than 25,Other,0,0,0,1.0,-1.0,F,Possession of Cocaine,1,1,Throw Deadly Missile Into Veh,1,High,1
Male,25 - 45,Native American,0,0,0,0.0,-1.0,M,Battery,0,0,,0,Medium,0
Male,Greater than 45,Asian,0,0,0,11.0,-1.0,F,Possession of Cocaine,0,0,,10,Medium,1
Male,25 - 45,Asian,0,0,0,9.0,0.0,F,Deliver Cocaine,1,0,,9,High,1
Male,Greater than 45,Native American,0,0,0,5.0,-1.0,F,Felony Petit Theft,1,0,Driving License Suspended,5,Low,1
Male,25 - 45,Caucasian,0,0,0,4.0,0.0,M,Battery,0,0,,4,Low,0
Male,Greater than 45,Native American,0,0,0,6.0,0.0,F,Possession Of Alprazolam,1,1,Battery,6,High,1
Male,25 - 45,Native American,0,0,0,3.0,-20.15273736934126,F,arrest case no charge,1,0,Driving License Suspended,3,High,1
Male,25 - 45,Asian,0,0,0,8.0,-1.0,M,Petit Theft,1,0,Possession Of Heroin,8,Medium,1
Male,25 - 45,African-American,0,1,0,5.0,-1.0,M,arrest case no charge,0,0,,5,Medium,0
Male,25 - 45,African-American,0,0,0,2.0,0.0,M,Resist/Obstruct W/O Violence,1,0,,2,Low,0
Female,Less than 25,African-American,0,0,1,10.0,-1.0,M,Petit Theft,1,0,Petit Theft $100- $300,10,High,1
Male,25 - 45,Caucasian,0,0,0,0.0,-4.0,F,Cruelty Toward Child,1,1,Viol Pretrial Release Dom Viol,0,Low,1
Male,Greater than 45,Other,0,0,0,1.0,-2.0,F,Agg Assault W/int Com Fel Dome,0,0,,1,Low,0
Male,Greater than 45,Other,0,0,0,0.0,-1.0,F,Child Abuse,0,0,,0,Low,0
Female,Less than 25,Caucasian,0,0,0,0.0,0.0,M,Battery,0,0,,0,Medium,0
Male,25 - 45,Hispanic,0,0,0,4.0,-1.0,F,Felony Driving While Lic Suspd,1,0,,4,Low,1
Female,25 - 45,Other,0,0,0,2.0,-25.0,M,arrest case no charge,1,0,Driving License Suspended,2,Medium,1
Male,25 - 45,Hispanic,0,0,0,1.0,-1.0,F,Aggravated Battery / Pregnant,0,0,,1,Low,0
Male,Less than 25,Hispanic,0,0,0,2.0,-25.0,F,Burglary Dwelling Occupied,0,0,,2,Low,0
Male,Less than 25,Hispanic,0,0,0,1.0,-1.0,M,Burglary Unoccupied Dwelling,0,0,,1,Medium,0
Male,25 - 45,Native American,0,0,0,0.0,0.0,M,Battery,0,0,,0,Low,0
Male,Less than 25,Other,0,0,0,0.0,-1.0,F,Deliver Cocaine,0,0,,0,Low,0
Male,Less than 25,Other,0,0,0,0.0,-1.0,M,Battery,0,0,Driving License Suspended,0,High,1
Male,25 - 45,Caucasian,0,0,0,2.0,0.0,M,Possess Controlled Substance,0,0,,2,Medium,0
Female,Less than 25,Hispanic,0,0,0,2.0,-2.0,F,Carry Open/Uncov Bev In Pub,1,0,,2,Low,1
Female,25 - 45,African-American,0,0,0,22.0,0.0,F,Poss Pyrrolidinovalerophenone,1,0,,22,High,1
Male,Less than 25,Asian,0,0,3,2.0,-1.0,M,Assault,1,1,Aggravated Battery / Pregnant,2,High,1
Male,Greater than 45,Caucasian,0,0,0,0.0,-1.0,F,Grand Theft in the 3rd Degree,1,0,Possession Of Heroin,0,Low,1
Male,25 - 45,Caucasian,0,0,0,4.0,0.0,F,Resist Officer w/Violence,0,0,,4,Medium,0
Male,Less than 25,African-American,0,0,0,1.0,-1.0,F,Grand Theft in the 3rd Degree,1,0,Possession Of Heroin,1,Medium,1
Male,Less than 25,Asian,0,0,0,0.0,0.0,M,Battery,0,0,,0,Low,0
Male,Less than 25,African-American,0,0,0,3.0,-1.0,M,arrest case no charge,0,0,,3,Medium,0
Female,Less than 25,African-American,0,0,0,0.0,-1.0,F,Possession Burglary Tools,1,0,Possession of Cannabis,0,Medium,1
Male,Greater than 45,Asian,0,0,0,3.0,-1.0,F,Grand Theft in the 3rd Degree,1,0,Resist/Obstruct W/O Violence,3,High,1
Male,25 - 45,Caucasian,0,0,0,1.0,-1.0,F,Possession of Cocaine,1,0,Resist/Obstruct W/O Violence,1,Low,1
Male,25 - 45,Native American,0,0,0,1.0,0.0,F,arrest case no charge,0,0,,1,Low,0
Male,25 - 45,Other,0,1,0,14.741202415301053,-1.0,F,Possession of Cocaine,0,0,,14,Medium,0
Male,Less than 25,African-American,0,0,0,0.0,0.0,F,Tamper With Witness/Victim/CI,1,0,Driving License Suspended,0,Low,1
Male,25 - 45,African-American,0,0,0,3.0,-1.0,M,Battery,1,1,Viol Injunction Protect Dom Vi,3,Low,1
Male,25 - 45,Asian,0,0,0,5.0,-1.0,M,Battery,1,0,,5,Low,1
Male,25 - 45,Caucasian,0,0,0,12.0,-1.0,F,arrest case no charge,0,0,,11,Medium,0
Male,25 - 45,Caucasian,0,0,0,1.0,-1.0,M,Battery,1,1,Grand Theft (Motor Vehicle),1,Low,1
Female,Less than 25,Hispanic,0,0,0,0.0,-2.0,M,Battery,0,0,,0,Low,0
Male,25 - 45,Hispanic,0,0,0,22.29439949022845,-1.0,F,Battery on Law Enforc Officer,1,0,Driving License Suspended,22,High,1
Male,Greater than 45,Caucasian,0,0,0,2.0,-15.0,F,arrest case no charge,0,0,,2,Low,0
Male,Greater than 45,African-American,0,0,0,1.0,-22.225804085835208,F,Possession of Cocaine,0,0,,1,Medium,0
Male,25 - 45,Asian,0,0,0,0.0,0.0,M,Battery,0,0,,0,Low,0
Female,25 - 45,Caucasian,0,0,0,2.0,0.0,M,Battery,0,0,,2,Medium,0
Male,Greater than 45,African-American,0,0,0,8.0,-1.0,F,Driving While License Revoked,0,0,Possession Of Heroin,8,Low,1
Female,25 - 45,Native American,0,0,0,2.0,-1.0,F,Battery on Law Enforc Officer,1,0,Resist/Obstruct W/O Violence,2,High,1
Female,Greater than 45,Native American,0,0,0,1.0,-1.0,F,arrest case no charge,0,0,,1,Low,0
Female,25 - 45,Other,0,0,0,5.0,-1.0,F,arrest case no charge,1,0,Resist/Obstruct W/O Violence,5,Low,1
Male,25 - 45,Other,0,0,0,0.0,-1.0,M,Susp Drivers Lic 1st Offense,1,0,Unlaw Use False Name/Identity,0,Low,1
Female,Less than 25,Hispanic,0,0,0,0.0,-3.0,F,Possession of Cocaine,0,0,,0,High,0
Male,Less than 25,Hispanic,0,1,0,2.0,-1.0,F,Burglary Unoccupied Dwelling,0,0,,2,High,0
Male,Greater than 45,Asian,0,0,0,1.0,-1.0,F,Felony Battery (Dom Strang),1,0,Possession Of Heroin,1,Low,1
Male,25 - 45,African-American,0,0,0,2.0,0.0,F,Possession of Cocaine,1,1,Battery,2,High,1
Female,25 - 45,African-American,2,0,1,8.0,-1.0,F,Possession of Cocaine,1,0,Resist/Obstruct W/O Violence,8,Medium,1
Male,25 - 45,Hispanic,0,0,0,7.0,-1.0,M,Battery,0,0,,6,Low,0
Male,Greater than 45,Other,0,0,0,2.0,0.0,M,Battery,1,0,Possession Of Heroin,2,Low,1
Male,Greater than 45,African-American,0,0,0,0.0,-1.0,M,Battery,1,1,Viol Pretrial Release Dom Viol,0,Medium,1
Male,25 - 45,Caucasian,0,0,0,3.0,-1.0,M,Battery,1,0,Resist/Obstruct W/O Violence,3,Low,1
Male,Less than 25,African-American,0,0,0,1.0,0.0,F,Grand Theft (Motor Vehicle),1,0,Driving License Suspended,1,Medium,0
Male,25 - 45,African-American,0,0,0,2.0,-1.0,M,Battery,0,0,,2,Low,0
Female,25 - 45,Caucasian,0,0,0,5.0,-1.0,F,Poss Pyrrolidinovalerophenone,1,1,Grand Theft (Motor Vehicle),5,High,1
Male,25 - 45,Other,0,0,0,8.0,-1.0,F,Felony Battery w/Prior Convict,1,1,Robbery W/Firearm,8,Medium,1
Female,25 - 45,Other,0,0,0,0.0,-1.0,M,Battery,0,0,,0,Low,0
Female,25 - 45,Hispanic,0,0,0,9.0,-20.0,F,arrest case no charge,1,0,Possession Of Heroin,9,Low,0
Male,25 - 45,African-American,0,0,0,3.0,-1.0,F,Felony Battery (Dom Strang),0,0,,3,Medium,0
Male,25 - 45,Caucasian,0,0,1,1.0,-1.0,F,Possession of Cocaine,0,0,,1,Low,0
Male,Greater than 45,Hispanic,0,0,0,0.0,-1.0,M,Battery,0,0,,0,Low,0
Female,Less than 25,African-American,0,0,0,0.0,-1.0,M,Battery,1,0,Resist/Obstruct W/O Violence,0,Low,1
Male,Less than 25,Other,0,3,0,11.0,-1.0,M,Battery,0,0,,11,High,0
Male,25 - 45,African-American,0,0,0,0.0,-1.0,M,Battery,1,1,Aggravated Battery / Pregnant,0,Low,1
Female,25 - 45,Hispanic,0,0,0,0.0,-1.0,F,Grand Theft in the 3rd Degree,0,0,,0,Low,0
Male,Less than 25,Asian,0,0,0,0.0,-2.0,M,Battery,1,0,Resist/Obstruct W/O Violence,0,High,1
Male,Less than 25,African-American,0,0,0,0.0,-1.0,F,Purchase Cannabis,0,0,,0,Medium,0
Male,25 - 45,Native American,0,0,0,0.0,0.0,M,Possess Cannabis/20 Grams Or Less,1,0,Unlaw Use False Name/Identity,0,Low,1
Male,25 - 45,Caucasian,0,0,0,0.0,-1.0,F,Possession of Cocaine,1,0,,0,Medium,0
Male,25 - 45,African-American,0,3,3,15.0,-1.0,F,Attempt Armed Burglary Dwell,1,0,Poss Meth/Diox/Meth/Amp (MDMA),14,Medium,1
Female,25 - 45,Caucasian,0,0,0,6.0,-1.0,F,Possession of Cocaine,0,0,,6,Medium,0
Male,25 - 45,Other,0,0,0,8.0,0.0,F,Driving While License Revoked,1,0,Driving License Suspended,8,Low,1
Male,Greater than 45,Asian,0,0,0,5.0,-1.0,M,Battery,0,0,,5,Low,0
Male,25 - 45,Asian,0,0,0,4.0,-1.0,M,Susp Drivers Lic 1st Offense,0,0,,4,High,0
Female,Less than 25,Native American,0,0,0,0.0,0.0,F,Possession Of Alprazolam,1,1,Aggrav Battery w/Deadly Weapon,0,Medium,1
Male,25 - 45,African-American,0,0,0,4.0,0.0,F,arrest case no charge,0,0,,4,Low,0
Male,25 - 45,Native American,1,0,0,4.0,-1.0,F,Aggravated Assault W/Dead Weap,1,1,Poss Pyrrolidinovalerophenone,4,Medium,1
Female,Less than 25,Caucasian,0,0,1,0.0,0.0,F,Burglary Unoccupied Dwelling,0,0,,0,Medium,0
Male,25 - 45,Hispanic,0,0,0,1.0,-1.0,M,Battery,0,0,,1,Low,0
Male,25 - 45,African-American,0,0,0,6.0,-1.0,F,Possession of Cocaine,1,0,,6,Medium,1
Male,Less than 25,Native American,0,0,1,0.0,-1.0,F,Grand Theft in the 3rd Degree,0,0,,0,Low,0
Female,25 - 45,Other,0,1,0,4.0,-1.0,F,Possession of Cocaine,0,0,,4,High,0
Male,Greater than 45,Native American,0,0,0,3.0,-4.0,M,Carry Open/Uncov Bev In Pub,0,0,,3,Low,0
Male,Greater than 45,Hispanic,0,0,0,0.0,0.0,M,DUI Property Damage/Injury,0,0,,0,Low,0
Male,25 - 45,Native American,0,0,0,6.0,-1.0,F,Possession of Cocaine,1,0,Possession Of Heroin,6,High,1
Female,Greater than 45,Native American,0,0,0,1.0,-1.0,F,Aggrav Battery w/Deadly Weapon,0,0,,1,Medium,0
Male,25 - 45,Other,0,0,0,7.0,-1.0,F,Driving While License Revoked,0,0,Driving License Suspended,7,Low,0
Male,25 - 45,Asian,0,0,0,2.0,1.6530114152428546,F,Burglary Conveyance Assault/Bat,1,1,Robbery W/Firearm,2,Low,1
Male,25 - 45,Other,0,0,0,5.289517490164076,-1.0,M,Battery,1,0,Driving License Suspended,6,Low,1
Male,Greater than 45,Hispanic,0,0,0,0.0,-3.0,F,Resist Officer w/Violence,0,0,,0,Medium,0
Female,25 - 45,African-American,0,0,0,5.0,-1.0,M,Driving While License Revoked,0,0,,5,High,0
Female,25 - 45,African-American,0,0,0,9.0,-1.0,F,Driving While License Revoked,0,0,,9,Medium,0
Male,Greater than 45,Caucasian,0,0,0,11.0,-1.0,M,arrest case no charge,0,0,,11,Medium,0
Male,Less than 25,Native American,0,0,1,1.0,-1.0,M,Aggravated Battery / Pregnant,1,0,,1,High,1
Female,25 - 45,Caucasian,0,0,0,1.0,-25.344959009545633,M,Aggravated Battery,0,0,,1,Low,0
Male,Less than 25,African-American,0,0,0,3.0,-1.0,F,Possession of Hydrocodone,1,0,Driving License Suspended,3,Medium,1
Male,25 - 45,Hispanic,0,0,0,14.45133501921008,-1.0,F,"Poss 3,4 MDMA (Ecstasy)",1,0,Possession Of Heroin,14,High,1
Male,25 - 45,Hispanic,0,0,0,0.0,-8.0,M,Operating W/O Valid License,0,0,,0,Low,0
Male,Less than 25,Caucasian,0,0,0,1.0,-1.0,F,arrest case no charge,1,0,Resist/Obstruct W/O Violence,1,High,1
Male,25 - 45,Native American,0,0,0,0.0,-1.0,M,Battery,0,0,,0,Medium,0
Female,25 - 45,African-American,0,0,0,0.0,-1.0,M,Battery,0,0,,0,Low,0
Female,25 - 45,Other,0,0,1,1.0,0.0,F,Fail Register Vehicle,0,0,,1,Low,0
Male,25 - 45,Native American,0,0,0,1.0,0.0,F,Burglary Dwelling Occupied,0,0,,1,Medium,0
Male,Less than 25,Caucasian,0,0,1,1.0,-21.098729630805263,M,Criminal Mischief Damage <$200,0,0,,1,Medium,0
Male,25 - 45,Asian,0,0,0,0.0,0.0,M,Battery,0,0,,0,Low,0
Male,25 - 45,Hispanic,0,0,0,7.886157663282865,-28.27307863754113,F,Possession of Oxycodone,1,0,Possession Of Heroin,8,High,1
Male,25 - 45,Other,0,0,0,5.0,-1.0,F,arrest case no charge,0,0,,6,Low,0
Male,25 - 45,Other,2,0,0,19.0,-17.273236861146394,M,Battery,1,1,Aggravated Battery / Pregnant,19,High,1
Male,Less than 25,African-American,0,0,0,1.0,-1.0,F,Battery on Law Enforc Officer,1,0,Driving License Suspended,1,Low,1
Male,Greater than 45,Asian,0,0,0,2.0,0.0,M,DUI Property Damage/Injury,0,0,,2,Low,0
Male,Less than 25,African-American,0,0,1,3.0,25.488416291032856,F,Poss Pyrrolidinovalerophenone,1,0,Resist/Obstruct W/O Violence,3,High,1
Male,25 - 45,Native American,0,0,0,15.063336809874581,-1.0,F,Fleeing or Eluding a LEO,1,0,,15,High,1
Male,25 - 45,African-American,0,0,0,11.0,-1.0,M,arrest case no charge,1,0,Driving License Suspended,10,High,1
Female,25 - 45,Other,0,0,0,4.0,0.0,F,Felony Battery (Dom Strang),1,0,,4,Medium,0
Male,Less than 25,Caucasian,0,0,0,0.0,-4.0,M,Disorderly Conduct,0,0,,0,Low,0
Male,25 - 45,Asian,0,0,0,0.0,-1.0,M,Susp Drivers Lic 1st Offense,0,0,,0,Medium,0
Male,Greater than 45,Caucasian,0,0,0,1.0,-2.0,F,Possession Of Alprazolam,1,1,Aggrav Battery w/Deadly Weapon,1,Low,1
Male,25 - 45,Native American,0,0,0,0.0,-1.0,F,arrest case no charge,0,0,,0,Low,0
Female,Greater than 45,African-American,0,0,0,7.0,-1.0,F,Fraudulent Use of Credit Card,0,0,,7,Medium,0
Male,25 - 45,Asian,0,0,0,1.0,-1.0,F,Viol Injunct Domestic Violence,0,0,,1,Medium,0
Male,25 - 45,Other,0,0,1,7.0,0.0,M,Battery,1,1,Viol Pretrial Release Dom Viol,7,Medium,1
Male,Greater than 45,Native American,0,0,0,3.0,-1.0,F,Agg Battery Grt/Bod/Harm,0,0,,3,Low,0
Male,25 - 45,Hispanic,0,0,0,1.0,0.0,M,Reckless Driving,0,0,,1,Low,0
Male,Less than 25,Native American,0,0,0,1.0,0.0,F,Poss of Firearm by Convic Felo,1,0,,1,Medium,1
Male,Greater than 45,Hispanic,0,0,0,0.0,0.0,M,Unl/Disturb Education/Instui,0,0,,0,Low,1
Male,Less than 25,Hispanic,0,0,0,1.0,0.0,F,arrest case no charge,0,0,,1,Medium,0
Male,Greater than 45,African-American,0,0,0,3.0,-1.0,F,Grand Theft in the 3rd Degree,0,0,,3,Low,0
Male,25 - 45,Hispanic,0,0,1,8.0,0.0,F,Battery on Law Enforc Officer,1,0,Possession Of Heroin,8,Medium,1
Male,Less than 25,Hispanic,0,0,0,0.0,-1.0,F,Crimin Mischief Damage $1000+,0,0,,0,Medium,0
Male,25 - 45,Caucasian,0,0,0,9.0,-1.0,M,Possess Cannabis/20 Grams Or Less,1,1,Grand Theft (Motor Vehicle),9,Medium,1
Female,25 - 45,African-American,0,0,0,0.0,-1.0,M,Battery,0,0,,0,Low,0
Female,Greater than 45,Other,0,0,0,2.0,-1.0,F,Lewd Act Presence Child 16-,0,1,Viol Injunction Protect Dom Vi,2,Low,1
Male,Less than 25,African-American,0,0,0,3.0,0.0,F,arrest case no charge,1,0,Driving License Suspended,3,Medium,1
Male,Less than 25,African-American,0,0,0,0.0,0.0,F,Burglary Conveyance Assault/Bat,1,0,Possession of Cocaine,0,Medium,1
Male,25 - 45,Caucasian,0,0,0,4.0,-1.0,F,Possession Of Carisoprodol,1,0,,4,Medium,1
Male,25 - 45,Asian,0,0,0,7.0,-1.0,F,Tampering With Physical Evidence,0,0,,7,Medium,0
Female,25 - 45,Caucasian,0,0,0,1.0,-5.9333492027405335,M,Possess Cannabis/20 Grams Or Less,0,0,,1,Low,0
Male,25 - 45,Native American,0,1,1,23.445141192201415,-1.0,M,Battery,1,0,Resist/Obstruct W/O Violence,23,High,1
Male,Greater than 45,African-American,0,0,0,3.0,-1.0,M,Battery,1,0,Driving License Suspended,3,Low,1
Male,Less than 25,African-American,0,0,0,0.0,-1.0,F,Felony Battery (Dom Strang),0,0,,0,Low,0
Female,25 - 45,African-American,0,0,0,12.0,-1.0,F,Aggravated Battery / Pregnant,1,0,Possession Of Heroin,12,High,1
Female,25 - 45,Asian,0,0,0,1.0,-3.0,F,Grand Theft in the 3rd Degree,0,0,,1,Low,0
Male,Greater than 45,Caucasian,0,0,0,0.0,-1.0,M,Battery,0,0,,0,Low,0
Female,Less than 25,African-American,0,0,0,2.0,-1.0,F,Carrying Concealed Firearm,0,0,,2,Low,0
Male,Less than 25,Hispanic,0,0,0,5.0,-1.0,F,Exposes Culpable Negligence,1,0,,5,Medium,1
Male,25 - 45,Native American,8,0,0,13.971077276429307,-1.0,F,Aggrav Battery w/Deadly Weapon,1,0,DUI- Enhanced,13,Medium,1
Male,25 - 45,Caucasian,0,0,0,0.0,-1.0,M,Battery,0,0,,0,Low,0
Female,25 - 45,Asian,0,0,0,3.0,-1.0,F,Possession of Cocaine,1,0,Driving License Suspended,3,High,1
Male,25 - 45,Caucasian,0,1,1,4.0,0.0,F,Misuse Of 911 Or E911 System,1,1,Viol Pretrial Release Dom Viol,4,High,1
Female,Greater than 45,Caucasian,0,0,0,0.0,-1.0,M,Possess Controlled Substance,0,0,,0,Low,0
Male,25 - 45,Other,0,0,0,1.0,-1.0,F,Grand Theft in the 3rd Degree,0,0,,1,Low,0
Male,25 - 45,Hispanic,0,0,0,2.0,-1.0,M,Battery,0,0,,2,Low,0
Female,25 - 45,Other,0,0,0,1.0,-1.0,M,Battery,0,0,,1,Low,0
Male,25 - 45,African-American,0,0,0,2.0,-1.0,M,Battery,1,0,Possession Of Heroin,2,Medium,1
Male,Less than 25,Other,0,0,0,0.0,-1.0,F,Burglary Dwelling Occupied,0,0,,0,Low,0
Male,Less than 25,Native American,0,0,1,0.0,-1.0,M,Battery,1,0,Resist/Obstruct W/O Violence,0,Medium,1
Male,Less than 25,Other,0,0,0,0.0,0.0,F,Felon in Pos of Firearm or Amm,0,0,Possession of Cannabis,0,High,1
Male,25 - 45,Other,0,0,0,0.0,0.0,M,Susp Drivers Lic 1st Offense,1,0,,0,Low,0
Male,Less than 25,Hispanic,0,0,2,0.0,-3.0,F,Grand Theft in the 3rd Degree,0,0,,0,High,0
Male,25 - 45,Other,0,0,0,4.0,-2.0,F,Possession of Cocaine,0,0,,4,High,0
Male,25 - 45,Other,0,0,0,2.0,-1.0,F,arrest case no charge,1,0,Driving License Suspended,2,High,1
Male,25 - 45,Native American,0,0,0,0.0,-1.0,M,Fail To Obey Police Officer,0,0,,0,Low,0
Male,25 - 45,African-American,0,0,0,1.0,-1.0,M,Leave Acc/Attend Veh/More $50,1,1,Aggravated Battery / Pregnant,1,Low,1
Female,Greater than 45,Hispanic,0,0,0,1.0,16.20009474985273,F,arrest case no charge,1,0,Driving License Suspended,1,Low,1
Male,Greater than 45,Other,0,0,0,3.0,-1.0,M,DUI - Enhanced,0,0,,3,Low,0
Male,25 - 45,Other,0,0,0,1.0,-1.0,M,Battery,1,1,Battery,1,Low,1
Male,25 - 45,Caucasian,0,0,0,8.0,-1.0,F,Agg Fleeing and Eluding,0,0,,8,Low,0
Male,25 - 45,Other,0,0,0,1.0,0.0,M,Reckless Driving,0,0,,1,Low,0
Male,25 - 45,Hispanic,0,0,0,0.0,-1.0,M,Battery,0,0,,0,Low,0
Male,Greater than 45,Hispanic,0,0,0,1.0,-4.0,F,Sexual Battery / Vict 12 Yrs +,0,0,,1,Low,0
Male,Less than 25,African-American,0,0,0,2.0,-1.0,M,Obstruct Fire Equipment,1,0,Driving License Suspended,2,Medium,1
Male,25 - 45,Hispanic,0,0,1,2.0,0.0,M,Battery,0,0,,2,Low,0
Male,25 - 45,Other,0,0,0,8.0,-1.0,F,Possession Of Buprenorphine,0,0,,7,Low,0
Female,25 - 45,Hispanic,0,0,0,0.0,0.0,F,Battery on Law Enforc Officer,0,0,,0,Low,0
Male,25 - 45,Caucasian,0,1,0,4.0,-3.0,M,Petit Theft $100- $300,1,0,Driving License Suspended,4,Medium,1
Male,25 - 45,Caucasian,0,0,0,2.0,-1.0,F,Felony Petit Theft,1,0,Possession Of Heroin,2,Low,1
Male,Less than 25,African-American,0,0,0,0.0,-1.0,F,Battery,1,0,Possession of Cocaine,0,Low,1
Female,25 - 45,Asian,0,0,0,1.0,-1.0,M,Battery,0,0,,1,Low,0
Male,25 - 45,Native American,0,0,0,7.0,-1.0,M,Robbery / No Weapon,1,0,Driving License Suspended,7,Medium,1
Male,25 - 45,Other,0,0,0,2.0,0.0,M,Susp Drivers Lic 1st Offense,1,0,Driving License Suspended,2,Low,1
Female,25 - 45,Native American,0,0,0,0.0,0.0,F,Possession of Cocaine,0,0,,0,Medium,0
Male,Less than 25,Caucasian,0,0,0,1.0,-9.589395058299498,M,Criminal Mischief Damage <$200,0,0,,1,Low,0
Female,25 - 45,Hispanic,0,0,0,0.0,-3.0,M,Disorderly Conduct,0,0,,0,Low,0
Male,25 - 45,African-American,0,0,0,1.0,-9.137756494497829,F,Resist Officer w/Violence,1,0,,1,Low,1
Male,25 - 45,Caucasian,0,0,0,1.0,-4.0,F,Pos Cannabis W/Intent Sel/Del,0,0,,1,Medium,0
Male,25 - 45,Hispanic,0,0,0,1.0,-27.0,F,arrest case no charge,0,0,,1,Low,0
Male,Less than 25,African-American,0,0,0,1.0,-1.0,F,Felony Petit Theft,1,0,Possession Of Heroin,1,High,1
Male,Greater than 45,Other,0,0,0,3.0,-1.0,F,arrest case no charge,1,0,Driving License Suspended,3,Low,1
Male,25 - 45,African-American,0,0,0,4.710640243128867,-1.0,F,Deliver Cocaine,1,1,Culpable Negligence,5,Low,1
Male,Greater than 45,Caucasian,0,0,0,0.0,0.0,M,DUI Property Damage/Injury,0,0,,0,Low,0
Male,Less than 25,Other,0,0,0,0.0,-1.0,M,Aggravated Battery,1,0,Possession Of Heroin,0,Low,1
Female,25 - 45,Other,0,0,0,0.0,-2.0,F,Grand Theft (Motor Vehicle),0,0,,0,Low,0
Male,25 - 45,Other,0,0,0,0.0,-1.0,M,Battery,0,0,,0,Low,0
Male,25 - 45,Native American,1,1,0,6.0,-1.0,F,Att Burgl Conv Occp,1,0,Driving License Suspended,6,High,1
Male,25 - 45,African-American,0,1,0,13.997775538203177,-1.0,F,Driving While License Revoked,1,0,Possession Of Heroin,13,Medium,0
Female,25 - 45,Caucasian,0,0,0,0.0,0.0,F,,0,0,,0,Medium,0
Male,Greater than 45,Other,0,0,0,0.0,0.0,M,Possess Drug Paraphernalia,0,0,Driving License Suspended,0,Low,0
Male,25 - 45,Caucasian,0,0,0,2.0,0.0,M,Corrupt Public Servant,1,1,Aggravated Battery / Pregnant,2,Low,1
Male,25 - 45,Asian,0,0,0,7.0,-1.0,M,Battery,1,1,Aggrav Battery w/Deadly Weapon,7,High,1
Male,25 - 45,African-American,0,0,2,3.0,0.0,M,Throw Deadly Missile Into Veh,0,0,,3,Medium,0
Female,Greater than 45,Asian,0,0,0,3.0,-9.0,F,arrest case no charge,1,0,Possession Of Heroin,3,Low,0
Male,Greater than 45,Caucasian,0,0,0,4.0,-1.0,M,Viol Prot Injunc Repeat Viol,1,0,,4,Low,1
Male,Less than 25,Other,0,0,0,0.0,-4.0,M,Sexual Battery / Vict 12 Yrs +,0,0,,0,Low,0
Male,Greater than 45,Caucasian,0,0,0,4.0,-12.0,F,Aggravated Assault w/Firearm,0,0,,4,Low,0
Male,25 - 45,Caucasian,0,0,0,2.0,-1.0,F,arrest case no charge,1,0,Possession Of Heroin,2,Low,1
Male,Greater than 45,Hispanic,0,0,0,0.0,-3.0,F,Possession of Morphine,1,0,,0,Medium,1
Male,25 - 45,African-American,0,0,0,9.0,0.0,F,Burglary Conveyance Occupied,1,1,Resist/Obstruct W/O Violence,9,High,1
Male,25 - 45,Caucasian,0,0,2,8.0,-1.0,F,Felony Petit Theft,1,0,Petit Theft $100- $300,7,High,1
Male,Greater than 45,African-American,0,0,0,11.0,-1.0,F,Grand Theft (Motor Vehicle),0,0,,10,High,0
Male,25 - 45,African-American,0,0,0,1.0,-1.0,M,arrest case no charge,0,0,,1,Low,0
Male,25 - 45,Native American,0,0,0,11.0,-1.0,M,arrest case no charge,1,0,Driving License Suspended,11,High,1
Male,Less than 25,Native American,0,0,0,2.0,-17.512350491722813,F,Aggravated Assault W/Dead Weap,1,1,Culpable Negligence,2,Low,1
Female,25 - 45,African-American,0,0,0,6.0,-1.0,F,arrest case no charge,0,0,,6,Medium,0
Male,Greater than 45,African-American,0,0,0,11.0,-1.0,F,Possession Burglary Tools,1,1,Grand Theft (Motor Vehicle),11,Medium,1
Female,25 - 45,Asian,0,1,0,1.0,-1.0,F,Uttering a Forged Instrument,0,0,,1,Low,0
Male,25 - 45,African-American,0,0,0,1.0,-1.0,M,Felony Battery (Dom Strang),1,0,Driving License Suspended,1,Medium,1
Male,25 - 45,Native American,0,0,0,1.0,0.0,F,Possession of Cocaine,0,0,,1,Medium,0
Male,Greater than 45,Asian,0,0,0,0.0,-1.0,M,Battery,0,0,,0,Medium,0
Female,25 - 45,Hispanic,0,0,0,4.0,-2.0,F,Aggravated Assault W/Dead Weap,1,0,Driving License Suspended,4,Low,1
Male,25 - 45,African-American,0,0,0,2.0,0.0,M,Disorderly Conduct,0,0,,2,Low,0
Female,25 - 45,Asian,0,0,0,7.0,-1.0,F,arrest case no charge,1,0,Resist/Obstruct W/O Violence,7,Medium,1
Male,Greater than 45,Asian,0,0,0,6.0,-1.0,F,Possession of Cocaine,1,0,Possession Of Heroin,6,Medium,1
Male,Less than 25,African-American,0,0,0,2.0,0.0,F,Felony Battery (Dom Strang),1,0,Driving License Suspended,2,Medium,0
Male,Less than 25,Asian,4,1,0,10.0,0.0,F,Possession of Cocaine,1,1,Resist Officer w/Violence,9,High,1
Male,Less than 25,Hispanic,0,1,0,1.0,0.0,M,Assault,1,1,Robbery / No Weapon,1,High,0
Male,25 - 45,Caucasian,0,0,0,1.0,-23.0,F,arrest case no charge,0,0,,1,Low,0
Male,Less than 25,African-American,0,0,1,0.0,-1.0,F,Burglary Unoccupied Dwelling,0,0,,0,Low,0
Male,25 - 45,African-American,0,0,0,10.0,0.0,F,Robbery / No Weapon,1,0,Resist/Obstruct W/O Violence,11,Medium,1
Male,25 - 45,Other,0,0,0,1.0,-1.0,F,arrest case no charge,0,0,,1,Low,0
Male,Greater than 45,Native American,0,0,0,3.0,-1.0,F,arrest case no charge,0,0,,3,Low,0
Female,25 - 45,Asian,0,0,0,1.0,-1.0,M,Resist/Obstruct W/O Violence,0,0,,1,Low,1
Male,Greater than 45,Caucasian,0,0,0,1.0,-1.0,F,arrest case no charge,0,0,,1,Low,0
Male,Less than 25,Hispanic,0,0,0,0.0,-1.0,M,Possess Drug Paraphernalia,0,0,,0,Low,0
Male,Greater than 45,Other,0,0,0,5.0,-1.0,M,Possess Cannabis/20 Grams Or Less,1,0,Driving License Suspended,5,Low,1
Male,25 - 45,African-American,0,0,0,9.0,-1.0,M,Battery,1,1,Robbery / No Weapon,9,High,1
Male,Greater than 45,African-American,0,0,0,10.0,-3.0,F,Possession of Cocaine,1,0,,9,Low,1
Male,25 - 45,African-American,0,0,0,19.0,-1.0,F,Driving While License Revoked,0,0,,19,Medium,0
Male,25 - 45,Caucasian,0,0,0,4.0,-1.0,F,arrest case no charge,0,0,,4,Low,0
Male,25 - 45,Hispanic,0,0,0,2.0,0.0,M,Battery,1,1,Battery,2,Medium,1
Male,25 - 45,Other,0,0,0,6.0,-1.0,F,Burglary Unoccupied Dwelling,0,0,,5,Medium,0
Male,Greater than 45,Caucasian,0,0,0,20.0,-1.0,F,Grand Theft in the 3rd Degree,1,0,Resist/Obstruct W/O Violence,20,Medium,1
Male,25 - 45,African-American,1,0,0,5.0,-1.0,F,Poss Pyrrolidinobutiophenone,1,1,Carrying A Concealed Weapon,5,High,1
Male,Less than 25,Native American,0,0,0,0.0,-1.0,F,Falsely Impersonating Officer,1,1,Criminal Mischief>$200<$1000,0,Low,1
Male,25 - 45,African-American,0,0,0,5.0,-1.0,F,Driving While License Revoked,0,0,,5,Low,0
Male,25 - 45,Caucasian,0,0,0,2.0,0.0,F,Pos Cannabis W/Intent Sel/Del,0,0,,2,Medium,0
Male,Less than 25,Caucasian,0,1,0,4.0,-1.0,M,Reckless Driving,1,1,Battery,4,High,1
Male,25 - 45,Hispanic,0,0,0,1.0,-1.0,F,Deliver Cocaine,0,0,,1,Low,0
Male,25 - 45,Hispanic,0,0,0,2.0,-1.0,F,Poss Cocaine/Intent To Del/Sel,1,0,Driving License Suspended,2,Medium,1
Male,Greater than 45,African-American,0,0,0,0.0,-1.0,F,Possession of Cocaine,1,1,Threat Public Servant,0,Low,1
Male,25 - 45,African-American,0,0,0,3.0,-1.0,M,Battery,1,0,,3,Low,1
Male,25 - 45,Asian,0,0,0,8.0,-1.0,F,arrest case no charge,0,0,,8,Low,0
Female,Greater than 45,Caucasian,0,0,0,14.0,-10.020716389739569,F,Felony Petit Theft,0,0,,14,Medium,0
Male,25 - 45,Hispanic,1,0,0,2.0,11.206685403264771,M,arrest case no charge,1,0,Driving License Suspended,2,Medium,1
Male,Greater than 45,Asian,0,0,0,2.0,0.0,F,arrest case no charge,0,0,,2,Low,0
Male,Less than 25,African-American,0,0,0,1.0,-1.0,F,arrest case no charge,1,0,Possession Of Heroin,1,Medium,1
Male,25 - 45,Other,0,0,0,2.0,-1.0,F,Grand Theft in the 3rd Degree,1,0,,2,Low,1
Male,Greater than 45,Native American,0,0,0,0.0,-1.0,F,Defrauding Innkeeper,0,0,,0,Low,0
Male,Less than 25,Native American,0,0,0,1.0,-1.0,F,Grand Theft in the 3rd Degree,1,0,,1,Medium,1
Male,Greater than 45,Native American,0,0,0,3.0,-1.0,F,Pos Cannabis W/Intent Sel/Del,1,0,Driving License Suspended,3,Low,1
Male,25 - 45,Caucasian,0,0,0,4.0,-1.0,F,Grand Theft in the 3rd Degree,1,0,Possession Of Heroin,4,Medium,1
Female,25 - 45,Other,0,3,2,13.647352255155788,0.0,F,Poss Similitude of Drivers Lic,1,1,Resist Officer w/Violence,13,High,1
Male,Less than 25,African-American,0,0,0,0.0,-4.0,F,Felony/Driving Under Influence,0,0,,0,Low,0
Male,Less than 25,Caucasian,0,0,0,0.0,0.0,F,Burglary Conveyance Unoccup,1,0,Possession Of Heroin,0,Low,1
Male,25 - 45,Other,0,0,0,4.0,-1.0,M,arrest case no charge,1,0,Possession Of Heroin,4,Low,1
Male,Greater than 45,Caucasian,0,0,0,1.0,-14.318381628586538,F,arrest case no charge,1,0,,1,Low,1
Male,25 - 45,Asian,0,0,0,12.0,-1.0,F,Possession of Oxycodone,1,0,Driving License Suspended,11,High,1
Male,Greater than 45,Hispanic,0,0,0,1.0,-1.0,F,Aggravated Assault w/Firearm,0,0,,1,Low,0
Male,Less than 25,African-American,0,0,0,2.0,-1.0,F,Grand Theft in the 3rd Degree,1,0,Driving License Suspended,2,Medium,1
Male,Greater than 45,Caucasian,0,0,0,2.0,-1.0,F,Possession of Cocaine,0,0,,2,Low,0
Female,Greater than 45,African-American,0,0,0,0.0,-1.0,M,Battery,0,0,,0,Medium,0
Male,Less than 25,Native American,0,0,0,5.0,-1.0,F,Felony Driving While Lic Suspd,1,0,Driving License Suspended,5,Medium,1
Male,25 - 45,African-American,0,0,0,7.0,0.0,F,Grand Theft (Motor Vehicle),1,1,Tampering With Physical Evidence,7,High,1
Male,Greater than 45,Asian,0,0,0,1.0,-1.0,F,arrest case no charge,1,0,Driving License Suspended,1,Low,1
Male,Greater than 45,Native American,0,0,0,1.0,-1.0,M,Battery,1,1,Battery,1,Low,1
Male,25 - 45,Asian,0,0,0,0.0,-1.0,M,Battery,0,0,,0,Low,0
Male,25 - 45,Asian,0,0,0,1.0,-1.0,F,Felony Driving While Lic Suspd,1,0,Possession Of Heroin,1,Low,1
Male,25 - 45,Asian,0,0,0,3.0,-1.0,F,arrest case no charge,0,0,,3,Low,0
Male,25 - 45,Asian,0,0,0,0.0,0.0,F,Driving While License Revoked,1,0,Unlaw Use False Name/Identity,0,High,1
Female,Less than 25,African-American,0,0,0,9.0,-12.674587602792322,M,arrest case no charge,1,1,Felony Petit Theft,9,High,1
Male,Greater than 45,Caucasian,0,0,0,0.0,-1.0,M,Battery,1,1,Criminal Mischief>$200<$1000,0,Low,1
Female,25 - 45,Caucasian,0,0,0,7.0,-18.879204305913674,M,arrest case no charge,0,0,,7,Medium,0
Male,Less than 25,Hispanic,0,0,0,5.0,-2.0,F,Grand Theft in the 3rd Degree,1,0,Driving License Suspended,5,Medium,0
Female,Greater than 45,African-American,0,0,0,10.0,-1.0,F,Possession of Cocaine,0,0,,10,High,0
Male,Greater than 45,African-American,0,0,0,12.0,-1.0,F,Shoot Into Vehicle,1,0,Driving License Suspended,12,High,1
Female,Greater than 45,African-American,0,0,0,4.0,-1.0,F,arrest case no charge,0,0,,4,Medium,0
Male,25 - 45,Hispanic,0,2,0,8.0,-1.0,M,Battery,1,1,Throw Deadly Missile Into Veh,8,High,1
Male,25 - 45,African-American,0,0,0,5.0,0.0,M,Battery,1,0,,5,Medium,1
Male,25 - 45,Caucasian,0,0,0,0.0,0.0,F,Tampering With Physical Evidence,0,0,,0,Medium,0
Male,25 - 45,Other,0,0,0,2.0,-1.0,F,Grand Theft in the 3rd Degree,1,0,Resist/Obstruct W/O Violence,2,Low,0
Male,Greater than 45,African-American,0,0,0,6.0,-22.0,F,arrest case no charge,1,0,,6,Medium,1
Male,Greater than 45,African-American,1,0,0,9.673487109514243,-1.0,F,Felony Driving While Lic Suspd,1,0,DUI- Enhanced,10,Medium,1
Male,25 - 45,Asian,0,0,0,2.0,-13.096064504749219,F,Burglary With Assault/battery,0,0,,2,Low,0
Male,25 - 45,Native American,0,1,1,7.0,-1.0,F,Possess Countrfeit Credit Card,1,0,Poss Meth/Diox/Meth/Amp (MDMA),7,Medium,1
Male,25 - 45,Caucasian,0,0,0,1.0,-1.0,M,Battery,0,0,,1,Low,0
Male,Less than 25,Caucasian,0,0,0,0.0,-1.0,F,False Ownership Info/Pawn Item,1,0,Driving License Suspended,0,Medium,1
Male,25 - 45,Other,0,0,0,5.0,-1.0,F,arrest case no charge,1,0,Driving License Suspended,5,Medium,1
Male,25 - 45,Hispanic,0,0,0,0.0,0.0,F,Aggravated Assault W/dead Weap,0,0,,0,Low,0
Male,Less than 25,Hispanic,0,0,0,0.0,-1.0,F,Grand Theft in the 3rd Degree,1,0,Unlaw Use False Name/Identity,0,Low,1
Male,Less than 25,Caucasian,0,0,2,0.0,-3.0,F,Possession Of Alprazolam,0,0,,0,Medium,0
Male,25 - 45,African-American,0,0,0,0.0,-1.0,F,Aggravated Battery / Pregnant,0,0,,0,Medium,0
Female,25 - 45,Caucasian,0,0,0,0.0,0.0,M,Battery,0,0,,0,Low,0
Male,25 - 45,Caucasian,0,0,0,2.0,-1.0,M,Pos Cannabis W/Intent Sel/Del,0,0,,2,Medium,0
Male,25 - 45,Native American,0,0,1,6.187682294419613,-1.0,F,Tampering With Physical Evidence,1,0,Driving License Suspended,7,High,1
Male,Greater than 45,Native American,0,0,0,0.0,0.0,M,Battery,0,0,Driving License Suspended,0,Low,1
Male,Greater than 45,Other,0,0,0,22.0,-1.0,F,Felony Petit Theft,1,0,Possession Of Heroin,22,Low,1
Male,Greater than 45,Caucasian,0,0,0,0.0,-1.0,F,Possession of Cocaine,0,0,,0,Low,0
Male,Greater than 45,Other,0,0,0,1.0,-2.0,M,DUI Property Damage/Injury,0,0,,1,Low,0
Male,Less than 25,Other,0,0,0,3.0,0.0,M,Battery,1,0,Possession Of Heroin,3,High,1
Female,Greater than 45,Caucasian,0,0,0,0.0,0.0,M,Cruelty Toward Child,0,0,,0,Low,0
Female,Less than 25,Hispanic,0,0,0,0.0,-1.0,F,Grand Theft in the 3rd Degree,1,0,Possession of Cocaine,0,High,1
Male,25 - 45,Asian,0,0,0,1.0,0.0,F,Pos Cannabis W/Intent Sel/Del,1,0,Resist/Obstruct W/O Violence,1,Low,1
Male,25 - 45,Native American,0,0,0,11.0,-1.0,M,Viol Prot Injunc Repeat Viol,1,0,,11,Medium,1
Male,Greater than 45,Asian,0,0,0,1.0,-21.0,M,arrest case no charge,0,0,,1,Low,0
Male,Greater than 45,Native American,0,0,0,2.0,-1.0,F,arrest case no charge,1,1,Carrying A Concealed Weapon,2,Low,1
Male,25 - 45,Other,0,0,0,5.0,0.0,F,Poss Contr Subst W/o Prescript,1,0,Driving License Suspended,5,Medium,1
Male,Less than 25,Caucasian,0,2,0,3.0,0.0,F,arrest case no charge,1,1,Battery Upon Detainee,3,Medium,1
Male,25 - 45,Hispanic,0,0,0,0.0,-1.0,M,Battery,0,0,,0,Low,0
Female,25 - 45,Asian,0,0,0,3.0,9.168762664702392,M,Viol Injunct Domestic Violence,1,1,Aggravated Battery / Pregnant,3,Low,1
Female,25 - 45,Hispanic,0,0,0,6.0,-1.0,F,Grand Theft in the 3rd Degree,1,0,Driving License Suspended,6,Medium,1
Male,Greater than 45,Native American,0,0,1,9.0,-23.0,M,Viol Injunct Domestic Violence,1,1,Grand Theft (Motor Vehicle),9,Medium,1
Male,Greater than 45,African-American,0,0,0,3.0,-1.0,M,Sexual Battery / Vict 12 Yrs +,0,0,,3,Low,0
Male,25 - 45,Native American,0,0,0,3.0,0.0,F,arrest case no charge,0,0,,3,Medium,0
Male,Greater than 45,Caucasian,0,0,0,0.0,-1.0,F,Uttering a Forged Instrument,0,0,,0,Low,0
Female,25 - 45,Other,0,0,0,0.0,-5.0,F,arrest case no charge,0,0,,0,Low,0
Male,25 - 45,Caucasian,0,0,0,5.0,-2.0,F,Possession of Cocaine,1,0,Driving License Suspended,6,Medium,1
Male,25 - 45,Other,0,0,0,1.0,-1.0,M,Battery,0,0,,1,Low,0
Female,Less than 25,Caucasian,0,0,0,1.0,-1.0,F,"Poss3,4 Methylenedioxymethcath",0,0,,1,Medium,0
Male,25 - 45,Hispanic,0,0,0,2.0,-1.0,F,Possession of Cocaine,1,0,,2,Low,1
Female,25 - 45,Asian,0,2,0,22.0,-1.0,F,Possession of Cocaine,1,1,Felony Petit Theft,22,High,1
Female,Less than 25,Asian,0,0,0,0.0,-1.0,F,Uttering a Forged Instrument,0,0,,0,Medium,0
Male,Greater than 45,Hispanic,0,0,0,37.999231883258666,-1.0,F,Felony Battery w/Prior Convict,1,1,Resist/Obstruct W/O Violence,37,High,1
Male,Greater than 45,Asian,0,0,0,0.0,-1.0,M,Battery,1,0,Driving License Suspended,0,Low,1
Male,25 - 45,Native American,0,0,0,1.0,-1.0,F,Burglary Conveyance Armed,0,0,,1,Low,0
Female,Greater than 45,Caucasian,0,0,0,6.0,0.0,M,Possession Of Carisoprodol,0,0,Driving License Suspended,5,Medium,0
Male,25 - 45,Native American,0,0,0,2.0,-1.0,F,Felony Driving While Lic Suspd,0,0,,2,Low,0
Male,Greater than 45,Caucasian,0,0,0,0.0,-1.0,F,Leave Acc/Attend Veh/More $50,0,0,,0,Low,0
Male,Less than 25,Asian,0,0,0,1.0,-1.0,F,Pos Cannabis W/Intent Sel/Del,0,0,Driving License Suspended,1,High,1
Male,25 - 45,Caucasian,0,0,1,5.0,-1.0,F,"Poss3,4 Methylenedioxymethcath",1,0,,5,Medium,1
Male,25 - 45,Caucasian,0,0,0,4.0,-1.0,F,Driving While License Revoked,0,0,,4,Low,0
Male,Greater than 45,Hispanic,0,0,0,11.391743671766902,-1.0,F,Driving While License Revoked,0,0,,11,Low,0
Male,25 - 45,Asian,1,0,1,11.648186759202776,-1.0,M,Disorderly Intoxication,0,0,Possession Of Heroin,12,High,1
Female,25 - 45,Native American,0,0,0,0.0,0.0,M,Battery,0,0,,0,Low,0
Male,Greater than 45,Asian,0,0,0,11.0,-1.0,M,Burglary Conveyance Armed,1,0,Driving License Suspended,11,Medium,1
Male,25 - 45,Hispanic,0,0,1,1.0,-1.0,F,Crimin Mischief Damage $1000+,0,0,,1,Low,0
Male,25 - 45,Caucasian,0,0,0,0.0,0.0,F,Grand Theft (Motor Vehicle),1,0,Resist/Obstruct W/O Violence,0,Medium,1
Male,25 - 45,Hispanic,0,0,0,0.0,-1.0,M,Viol Injunct Domestic Violence,0,0,,0,Low,0
Male,Greater than 45,Asian,0,0,0,1.0,0.0,M,Battery,0,0,,1,Low,0
Female,25 - 45,Hispanic,0,0,0,0.0,0.0,F,Tampering With Physical Evidence,0,0,,0,Low,0
Male,Greater than 45,Caucasian,0,0,0,1.0,-1.0,M,Defrauding Innkeeper,1,0,Driving License Suspended,1,Low,1
Male,Greater than 45,Other,0,0,0,2.0,-1.0,M,Viol Injunct Domestic Violence,0,0,,2,Low,0
Female,25 - 45,African-American,0,0,0,1.0,-1.0,F,Grand Theft in the 3rd Degree,1,0,Possession Of Heroin,1,Medium,1
Female,25 - 45,Asian,0,0,0,0.0,-1.0,F,Grand Theft in the 3rd Degree,1,0,Possession of Cocaine,0,Medium,1
Male,Less than 25,Other,0,0,0,2.0,-1.0,F,Pos Cannabis W/Intent Sel/Del,1,0,Resist/Obstruct W/O Violence,2,Medium,1
Female,25 - 45,Other,0,0,0,0.0,-1.0,M,Battery,0,0,,0,Low,0
Female,Less than 25,African-American,0,0,0,0.0,-1.0,F,Grand Theft in the 3rd Degree,1,0,Possession Of Heroin,0,Low,1
Male,Less than 25,Other,0,0,0,0.0,-7.076063750937202,M,Petit Theft $100- $300,0,0,,0,Medium,0
Male,25 - 45,Asian,0,0,0,1.0,-1.0,F,arrest case no charge,1,0,Possession Of Heroin,1,High,1
Male,Less than 25,Hispanic,0,0,1,0.0,-1.0,F,arrest case no charge,1,0,Unlaw Use False Name/Identity,0,Low,1
Male,25 - 45,African-American,0,0,0,4.0,-1.0,F,arrest case no charge,0,0,,4,Low,0
Male,Less than 25,Hispanic,0,1,0,2.0,-1.0,F,Aggravated Battery / Pregnant,1,0,Possession Of Heroin,2,Medium,1
Female,Greater than 45,Native American,0,0,0,4.0,-1.0,F,Aggrav Battery w/Deadly Weapon,0,0,,4,Low,0
Male,Less than 25,Asian,0,0,0,0.0,-1.0,M,Battery,1,0,Possession of Cocaine,0,High,1
Male,25 - 45,Asian,0,0,0,0.0,-3.0,F,Resist Officer w/Violence,1,0,,0,Low,1
Female,Less than 25,Other,0,0,0,0.0,-1.0,M,Battery,0,0,Driving License Suspended,0,Medium,0
Male,Greater than 45,Caucasian,0,0,0,2.0,-1.0,F,Felony Driving While Lic Suspd,0,0,,2,Low,0
Male,25 - 45,Hispanic,0,0,0,8.0,-1.0,F,Driving While License Revoked,1,0,Possession Of Heroin,8,Low,1
Male,Less than 25,African-American,0,0,0,0.0,0.0,M,"Poss3,4 Methylenedioxymethcath",0,0,,0,Low,0
Male,25 - 45,Caucasian,0,1,0,6.0,-15.408750280440588,F,arrest case no charge,0,0,,6,Low,0
Female,25 - 45,Hispanic,0,0,0,1.0,0.0,M,Battery,0,0,,1,Low,0
Female,25 - 45,Asian,0,0,0,11.0,-3.0,F,Possession of Cocaine,1,0,Possession Of Heroin,10,High,1
Male,25 - 45,Native American,0,0,0,0.0,-1.0,M,Battery,0,0,,0,High,0
Female,Greater than 45,Caucasian,0,0,0,0.0,-1.0,M,Exposes Culpable Negligence,0,0,,0,Low,0
Male,Greater than 45,Caucasian,0,0,0,0.0,0.0,F,Child Abuse,0,0,,0,Low,0
Male,Greater than 45,Native American,0,0,0,0.0,-1.0,F,Grand Theft in the 3rd Degree,0,0,,0,Low,0
Male,Greater than 45,Hispanic,0,0,0,3.0,-1.0,F,arrest case no charge,0,0,,3,Low,0
Male,25 - 45,Caucasian,0,0,0,0.0,-1.0,F,Grand Theft in the 3rd Degree,1,0,Possession of Cocaine,0,Low,1
Male,25 - 45,Asian,0,0,0,8.0,-1.0,F,Felony Battery (Dom Strang),1,1,Robbery W/Firearm,8,Medium,1
Male,25 - 45,Other,0,2,1,17.606334484848226,0.0,F,Felony Petit Theft,1,0,Susp Drivers Lic 1st Offense,17,High,1
Male,25 - 45,Other,0,0,0,4.0,0.0,M,Battery,0,0,,4,Low,0
Male,Greater than 45,Asian,0,0,0,1.0,-1.0,M,arrest case no charge,0,0,,1,Low,0
Male,Greater than 45,Hispanic,1,0,1,9.0,-1.0,F,Corrupt Public Servant,1,0,Resist/Obstruct W/O Violence,9,High,1
Male,Less than 25,Native American,0,0,1,9.0,-1.0,F,arrest case no charge,1,0,Petit Theft $100- $300,10,Medium,0
Male,Less than 25,Native American,0,0,0,1.0,-1.0,F,Robbery / Weapon,1,1,Carrying A Concealed Weapon,1,High,1
Male,Greater than 45,Caucasian,0,0,0,1.0,-22.545665972981435,F,Resist Officer w/Violence,0,0,,1,Low,0
Female,Less than 25,African-American,0,0,0,0.0,-1.0,F,Carrying Concealed Firearm,1,0,,0,Low,1
Male,25 - 45,Other,0,0,0,0.0,-1.0,M,Fabricating Physical Evidence,1,0,Unlaw Use False Name/Identity,0,Low,1
Male,25 - 45,Caucasian,0,0,0,8.0,0.0,M,Criminal Mischief Damage <$200,0,0,,8,High,0
Male,Less than 25,Caucasian,0,0,0,1.0,-1.0,M,Assault,1,0,,1,Medium,1
Male,Greater than 45,Asian,0,0,0,9.0,0.0,F,Grand Theft in the 3rd Degree,0,0,,9,High,0
Male,25 - 45,Asian,0,0,0,7.0,-1.0,F,Driving While License Revoked,1,0,Resist/Obstruct W/O Violence,7,Low,1
Male,25 - 45,African-American,0,1,0,7.0,-1.0,F,Resist Officer w/Violence,1,1,Poss Pyrrolidinovalerophenone,7,High,1
Male,Greater than 45,African-American,0,0,0,0.0,0.0,M,Battery,0,0,,0,Low,0
Male,25 - 45,African-American,0,0,0,6.0,-1.0,M,arrest case no charge,1,0,Driving License Suspended,6,High,1
Female,Less than 25,Native American,0,0,0,0.0,-1.0,F,Burglary Unoccupied Dwelling,0,0,,0,Medium,0
Male,Greater than 45,Caucasian,0,0,0,0.0,0.0,F,Battery on Law Enforc Officer,0,0,,0,Low,0
Male,Less than 25,Other,0,0,0,3.0,-1.0,F,Burglary Unoccupied Dwelling,0,0,,3,Medium,0
Female,Less than 25,Caucasian,0,0,0,2.0,-1.0,M,Battery,0,0,,2,Medium,0
Male,Less than 25,African-American,0,0,0,0.0,0.0,M,Battery,0,0,,0,Low,0
Male,25 - 45,Native American,0,0,0,1.0,-1.0,M,Battery,0,0,,1,Low,0
Male,25 - 45,Asian,0,0,0,1.0,-1.0,F,Resist Officer w/Violence,0,0,,1,Low,0
Male,Less than 25,Native American,0,0,0,3.0,-1.0,F,Burglary Unoccupied Dwelling,0,0,,3,Low,0
Male,25 - 45,Caucasian,0,0,0,0.0,0.0,M,Battery,0,0,,0,Low,0
Male,Less than 25,Caucasian,0,0,0,3.0,-1.0,F,Grand Theft in the 3rd Degree,1,0,,3,Medium,1
Male,Greater than 45,Native American,0,0,0,16.766199417051023,-2.0,F,Possession of Cocaine,1,0,,16,High,1
Male,Greater than 45,Hispanic,0,0,0,3.0,0.0,M,Battery,0,0,,3,Low,0
Female,Greater than 45,Native American,0,0,0,0.0,-1.0,M,Battery,0,0,,0,Low,0
Male,Less than 25,Hispanic,0,0,0,3.0,0.0,M,Battery,0,0,,3,Medium,0
Male,Greater than 45,Hispanic,0,0,0,5.0,-1.0,F,Felony Driving While Lic Suspd,1,1,Battery,5,Low,1
Female,Less than 25,Caucasian,0,0,0,0.0,-1.0,M,Battery,0,0,,0,Medium,0
Male,25 - 45,Hispanic,1,0,0,2.0,-1.0,M,Criminal Mischief,1,0,Possession Of Heroin,2,Low,1
Male,25 - 45,Other,0,0,1,1.0,-1.0,F,Uttering a Forged Instrument,0,0,,1,Low,0
Male,25 - 45,Hispanic,0,0,0,3.0,-1.0,F,Felony Driving While Lic Suspd,0,0,,3,Low,0
Male,Less than 25,African-American,0,0,1,0.0,-1.0,F,Pos Cannabis W/Intent Sel/Del,1,0,Resist/Obstruct W/O Violence,0,Medium,1
Male,25 - 45,Other,0,0,0,7.0,-1.0,F,Agg Battery Grt/Bod/Harm,0,0,,7,Medium,0
Male,Greater than 45,Hispanic,0,0,0,1.0,0.0,M,Exposes Culpable Negligence,0,0,,1,High,0
Male,Less than 25,Asian,0,0,3,4.0,0.0,F,Poss Pyrrolidinovalerophenone,1,1,Retail Theft,4,Medium,1
Male,25 - 45,Asian,0,0,0,7.0,0.0,F,Burglary Conveyance Unoccup,1,0,Resist/Obstruct W/O Violence,7,High,1
Male,Greater than 45,Asian,0,0,0,2.0,-1.0,M,arrest case no charge,1,1,Battery,2,High,0
Female,25 - 45,Native American,0,0,0,0.0,-2.0,M,Susp Drivers Lic 1st Offense,0,0,,0,Low,0
Male,25 - 45,African-American,0,0,0,4.0,0.0,F,Robbery / No Weapon,0,0,,4,Low,0
Male,25 - 45,Asian,0,0,0,4.0,-1.0,M,Battery,1,0,Driving License Suspended,4,Low,1
Male,25 - 45,Asian,0,0,1,4.0,-1.0,F,Burglary Unoccupied Dwelling,1,1,Felony Petit Theft,4,High,1
Male,25 - 45,African-American,0,0,0,2.0,-1.0,F,Grand Theft in the 3rd Degree,1,0,Resist/Obstruct W/O Violence,2,Low,1
Male,Less than 25,Other,0,1,0,9.0,-1.0,F,Obstruct Fire Equipment,1,1,Resist/Obstruct W/O Violence,9,High,0
Male,25 - 45,Caucasian,1,0,0,2.0,-1.0,M,Possess Cannabis/20 Grams Or Less,1,0,Possession Of Heroin,2,Medium,1
Male,25 - 45,Asian,0,0,0,5.0,-1.0,M,Battery,1,0,,5,Medium,1
Male,Less than 25,African-American,0,0,1,5.0,0.0,F,Attempt Armed Burglary Dwell,1,0,,5,Medium,1
Male,Greater than 45,African-American,0,0,0,1.0,-1.0,F,Felony Petit Theft,1,0,,1,Medium,1
Male,Less than 25,Asian,0,0,0,0.0,-1.0,F,Burglary Unoccupied Dwelling,0,0,,0,Medium,0
Male,Less than 25,African-American,0,0,1,0.0,-1.0,F,Uttering a Forged Instrument,1,0,Resist/Obstruct W/O Violence,0,High,1
Male,25 - 45,Native American,0,0,0,5.0,-1.0,M,Driving License Suspended,0,0,,5,Low,0
Male,25 - 45,Native American,0,0,0,1.0,0.0,M,Possession Of Carisoprodol,1,0,,1,Low,1
Male,25 - 45,Caucasian,0,0,0,0.0,0.0,F,Possession of Cocaine,0,0,,0,Medium,0
Male,Greater than 45,Other,0,0,0,0.0,-2.0,F,Aggravated Assault w/Firearm,0,0,,0,Low,0
Female,25 - 45,Caucasian,0,0,0,1.0,-1.0,M,Battery,1,0,Possession Of Heroin,1,Medium,1
Male,25 - 45,Caucasian,0,0,0,1.0,-16.282625028557632,M,Assault,1,0,,1,Low,1
Male,Less than 25,Caucasian,0,0,0,3.0,-8.0,M,arrest case no charge,0,0,,3,Medium,0
Male,Greater than 45,African-American,0,0,0,1.0,-12.260478242363629,F,arrest case no charge,0,0,,1,Low,0
Male,25 - 45,Native American,0,0,0,0.0,0.0,F,Aggravated Battery,1,0,,0,Low,0
Male,Less than 25,African-American,0,0,0,0.0,-1.0,F,"Deliver 3,4 Methylenediox",0,0,,0,Low,0
Male,25 - 45,Native American,0,0,0,0.0,0.0,F,Tampering With Physical Evidence,1,1,False Imprisonment,0,High,1
Male,25 - 45,Hispanic,0,0,0,7.0,-1.0,F,Driving While License Revoked,0,0,,7,Medium,0
Male,Greater than 45,Other,0,0,0,0.0,-1.0,F,Manufacture Cannabis,0,0,,0,Low,0
Female,Less than 25,African-American,0,0,1,0.0,-1.0,F,Grand Theft in the 3rd Degree,1,0,,0,Medium,1
Female,25 - 45,Asian,0,0,0,2.0,-2.0,M,Petit Theft,1,0,Possession Of Heroin,2,Low,1
Male,Less than 25,Caucasian,0,1,2,4.0,-1.0,M,Attempt Armed Burglary Dwell,1,0,Resist/Obstruct W/O Violence,4,High,1
Male,25 - 45,Asian,0,0,0,6.0,-1.0,F,Uttering a Forged Instrument,1,0,Possession Of Heroin,5,Low,1
Male,Less than 25,Native American,0,0,0,0.0,0.0,M,Possess Cannabis/20 Grams Or Less,0,0,,0,Low,0
Male,25 - 45,African-American,0,0,0,2.0,-1.0,F,Felony Driving While Lic Suspd,0,0,,2,Low,0
Female,25 - 45,Native American,0,0,0,2.0,0.0,F,Failure To Return Hired Vehicle,0,0,,2,Low,0
Male,25 - 45,Asian,0,0,0,5.0,-1.0,F,Driving While License Revoked,1,0,,5,Medium,1
Male,Less than 25,Asian,0,0,0,0.0,-1.0,F,Aggravated Battery,1,1,Aggravated Battery / Pregnant,0,High,1
Female,Less than 25,Hispanic,0,0,0,0.0,-1.0,M,Battery,0,0,,0,Low,0
Male,25 - 45,Hispanic,0,0,0,6.0,-1.0,F,Driving While License Revoked,1,0,Possession Of Heroin,6,Medium,1
Male,Greater than 45,Hispanic,0,0,0,1.0,-17.392158768532113,F,Aggrav Stalking After Injunctn,0,0,,1,Low,0
Female,25 - 45,Caucasian,0,0,0,0.0,-1.0,M,Burglary Unoccupied Dwelling,0,0,,0,Low,0
Female,25 - 45,African-American,0,0,0,1.0,-1.0,F,Battery on Law Enforc Officer,0,0,,1,Low,0
Male,Greater than 45,African-American,0,0,0,8.0,-1.0,F,Felony Battery w/Prior Convict,1,1,Grand Theft (Motor Vehicle),8,Medium,1
Male,25 - 45,African-American,0,0,0,0.0,-1.0,F,Aggravated Assault W/Dead Weap,1,1,Grand Theft (Motor Vehicle),0,High,1
Male,25 - 45,Hispanic,0,0,0,0.0,-1.0,M,Battery,0,0,,0,Low,0
Male,25 - 45,Native American,0,0,0,0.0,0.0,M,Battery,0,0,,0,Low,0
Male,Less than 25,Asian,0,0,0,1.0,-1.0,F,arrest case no charge,0,0,,1,Medium,0
Female,25 - 45,Other,0,0,0,0.0,-1.0,M,Battery,1,0,Driving License Suspended,0,High,1
Male,25 - 45,Other,0,0,0,0.0,0.0,F,Aggravated Battery,0,0,,0,Low,0
Female,25 - 45,Caucasian,0,0,0,0.0,-1.0,F,Poss Contr Subst W/o Prescript,1,0,Resist/Obstruct W/O Violence,0,Low,1
Female,Greater than 45,Asian,0,0,0,0.0,-1.0,M,Battery,0,0,,0,Medium,0
Male,25 - 45,Asian,0,0,0,2.0,-1.0,F,Felony Battery (Dom Strang),0,0,,2,Low,0
Male,25 - 45,Other,0,0,0,1.0,-1.0,M,Battery,1,0,Driving License Suspended,1,Low,1
Male,Greater than 45,Hispanic,0,0,0,0.0,-1.0,M,Battery,0,0,,0,Low,0
Male,25 - 45,Native American,0,0,0,7.0,0.0,F,arrest case no charge,0,0,,7,Low,0
Female,25 - 45,African-American,0,0,0,4.0,-1.0,F,arrest case no charge,0,0,,4,Medium,0
Male,25 - 45,Hispanic,0,0,0,3.0,-1.0,M,Battery,0,0,,3,Low,0
Male,Greater than 45,African-American,0,0,0,8.0,-1.0,M,Possession of Cocaine,1,0,,8,Medium,1
Female,25 - 45,Asian,0,0,0,0.0,0.0,M,Burglary Structure Unoccup,0,0,,0,Medium,0
Male,Less than 25,African-American,0,0,0,0.0,-1.0,F,Grand Theft (Motor Vehicle),0,0,,0,Medium,0
Male,Greater than 45,Caucasian,0,0,0,1.0,-1.0,F,arrest case no charge,1,0,Driving License Suspended,1,Low,1
Male,Less than 25,Caucasian,0,0,1,5.652186686921579,-1.0,M,Petit Theft,1,0,Possession Of Heroin,6,Medium,1
Male,25 - 45,Caucasian,0,0,0,1.0,0.0,M,Battery,0,0,Possession Of Heroin,1,Medium,0
Male,25 - 45,Hispanic,0,0,0,4.0,-1.0,F,Grand Theft in the 3rd Degree,1,0,Resist/Obstruct W/O Violence,4,Low,1
Female,Less than 25,Hispanic,0,0,0,0.0,-1.0,M,Battery,0,0,,0,Medium,0
Male,Greater than 45,Native American,0,0,0,3.0,-1.0,F,Possession of Cocaine,1,0,Driving License Suspended,3,Medium,1
Male,25 - 45,Other,0,0,0,12.0,-1.0,F,Possession of Cocaine,1,1,Felony Petit Theft,11,High,1
Female,Greater than 45,Caucasian,0,0,0,7.0,-9.892327292746018,M,arrest case no charge,1,0,Driving License Suspended,7,Low,1
Female,25 - 45,Hispanic,0,0,0,0.0,0.0,F,Possession of Cocaine,0,0,,0,Low,0
Female,Less than 25,Hispanic,0,0,0,0.0,-1.0,F,Obstruct Fire Equipment,1,0,Unlaw Use False Name/Identity,0,Low,1
Male,Greater than 45,Caucasian,0,0,0,0.0,0.0,F,Possession of Cocaine,0,0,,0,Low,0
Male,25 - 45,Other,0,0,0,2.0,0.0,F,Felony Driving While Lic Suspd,1,0,Resist/Obstruct W/O Violence,2,Low,1
Male,25 - 45,African-American,0,0,0,10.0,0.0,M,Burglary Conveyance Assault/Bat,1,1,Tampering With Physical Evidence,10,High,1
Male,Less than 25,Caucasian,0,0,0,0.0,-1.0,F,Grand Theft in the 3rd Degree,1,0,Possession of Cannabis,0,Low,1
Male,25 - 45,African-American,0,0,0,0.0,0.0,M,Battery,1,1,Robbery W/Firearm,0,Low,1
Male,25 - 45,Native American,0,0,0,14.0,-1.0,F,Throw Deadly Missile Into Veh,1,0,,13,Medium,1
Male,25 - 45,Caucasian,0,0,0,0.0,-1.0,M,DUI Property Damage/Injury,0,0,,0,Low,0
Male,25 - 45,Asian,0,0,0,2.0,-29.0,M,Battery,0,0,,2,Medium,0
Female,25 - 45,Caucasian,0,0,0,0.0,-1.0,M,Battery,0,0,,0,Medium,0
Male,25 - 45,Hispanic,0,0,0,1.0,-1.0,M,Possession of Cocaine,0,0,,1,Medium,0
Male,Less than 25,Asian,0,1,0,8.0,-1.0,F,Burglary Unoccupied Dwelling,1,1,Throw Deadly Missile Into Veh,8,Low,1
Male,25 - 45,Hispanic,0,0,0,1.0,-1.0,F,"Deliver 3,4 Methylenediox",0,0,,1,Low,0
Male,25 - 45,Hispanic,0,0,1,11.0,0.0,F,Reckless Driving,1,0,Susp Drivers Lic 1st Offense,11,Medium,1
Male,25 - 45,Asian,0,0,1,6.078738076952625,-1.0,F,Grand Theft in the 3rd Degree,0,0,Driving License Suspended,7,High,0
Male,25 - 45,Caucasian,0,0,0,6.0,-1.0,F,arrest case no charge,1,1,Battery,6,Medium,1
Male,25 - 45,Hispanic,0,0,0,0.0,0.0,M,Criminal Mischief Damage <$200,0,0,,0,Low,0
Female,Greater than 45,Caucasian,0,0,0,0.0,0.0,M,Viol Injunct Domestic Violence,0,0,,0,Low,0
Male,25 - 45,Caucasian,0,0,0,0.0,-1.0,M,Battery,0,0,,0,Low,0
Male,Greater than 45,Hispanic,0,0,0,0.0,0.0,M,Battery,0,0,,0,Low,0
Male,25 - 45,African-American,0,0,0,1.0,-1.0,F,arrest case no charge,1,0,,1,Low,1
Male,Less than 25,African-American,0,0,0,1.0,-1.0,F,Tampering With Physical Evidence,1,0,Resist/Obstruct W/O Violence,1,High,1
Female,Less than 25,African-American,0,0,0,0.0,-1.0,M,Battery,0,0,,0,Medium,0
Male,25 - 45,Hispanic,0,0,0,1.0,-15.0,F,Resist Officer w/Violence,0,0,,1,Low,0
Male,25 - 45,Caucasian,1,0,0,1.0,-1.0,M,,0,0,,1,Low,0
Male,Less than 25,African-American,0,0,0,0.0,-1.0,F,Aggravated Battery,1,0,,0,High,0
Male,25 - 45,Other,0,0,0,1.0,0.0,M,Trespass Struct/Conveyance,1,0,Driving License Suspended,1,Low,1
Male,25 - 45,Hispanic,0,0,0,6.0,-24.0,F,arrest case no charge,1,1,Aggrav Battery w/Deadly Weapon,6,Medium,1
Male,Greater than 45,African-American,0,0,0,3.0,0.0,F,Possession of Cocaine,0,0,,3,Low,0
Male,Less than 25,Hispanic,0,1,2,1.0,0.0,M,Battery,1,0,Unlaw Use False Name/Identity,1,Medium,1
Male,Less than 25,Native American,0,0,0,0.0,-1.0,F,Aggrav Battery w/Deadly Weapon,1,0,Driving License Suspended,0,Medium,1
Male,25 - 45,Caucasian,0,0,0,5.0,-1.0,F,Susp Drivers Lic 1st Offense,1,0,Resist/Obstruct W/O Violence,6,Low,1
Male,Greater than 45,Hispanic,0,0,0,2.0,-10.0,F,Sexual Battery / Vict 12 Yrs +,0,0,,2,Low,0
Male,Greater than 45,Hispanic,0,0,0,0.0,-1.0,F,Possess Drug Paraphernalia,1,0,Driving License Suspended,0,Low,1
Male,Less than 25,African-American,0,0,0,0.0,-1.0,M,Battery,1,0,Possession Of Heroin,0,Low,1
Male,Less than 25,Caucasian,0,0,0,0.0,-1.0,F,Criminal Mischief,0,0,,0,Low,0
Male,25 - 45,Asian,0,1,0,10.0,-1.0,F,Burglary Conveyance Unoccup,1,0,Carrying Concealed Firearm,10,High,1
Male,25 - 45,African-American,0,0,0,1.0,-1.0,M,Battery,0,0,,1,Medium,0
Male,25 - 45,Hispanic,0,0,0,0.0,-8.0,F,Grand Theft in the 3rd Degree,1,0,,0,Low,0
Female,25 - 45,Native American,0,0,0,2.0,-18.0,M,Viol Prot Injunc Repeat Viol,0,0,,2,Low,0
Female,25 - 45,Caucasian,0,0,0,0.0,-1.0,M,Burglary Unoccupied Dwelling,0,0,Driving License Suspended,0,Low,0
Male,Less than 25,African-American,0,0,0,0.0,0.0,F,Carrying Concealed Firearm,0,0,,0,Low,0
Male,Less than 25,Caucasian,0,0,0,0.0,0.0,F,Battery on Law Enforc Officer,0,0,,0,Low,0
Male,25 - 45,Other,0,0,0,2.0,-1.0,F,Pos Cannabis W/Intent Sel/Del,0,0,,2,Low,0
Male,25 - 45,Native American,0,0,0,4.0,-1.0,F,Deliver Cannabis,1,0,Resist/Obstruct W/O Violence,4,Medium,1
Male,25 - 45,Asian,0,0,0,0.0,-1.0,M,Battery,1,1,Resist/Obstruct W/O Violence,0,Low,1
